date,contract,net_pct_oi,open_interest
2006-06-13,crude,0.01788740328028037,1697172.0
2006-06-20,crude,0.01817523394436611,1560200.0
2006-06-27,crude,0.036611699484254655,1591677.0
2006-07-03,crude,0.05088679307590792,1635218.0
2006-07-11,crude,0.05151513903846799,1700141.0
2006-07-18,crude,0.057388702403165466,1706416.0
2006-07-25,crude,0.04659730438087329,1676127.0
2006-08-01,crude,0.05396229968944276,1762638.0
2006-08-08,crude,0.05778393555452966,1849874.0
2006-08-15,crude,0.04599323338451834,1883364.0
2006-08-22,crude,0.036078762403528114,1741440.0
2006-08-29,crude,0.029501786914829624,1808704.0
2006-09-05,crude,0.02303045990035367,1862186.0
2006-09-12,crude,0.01596147367169385,2018360.0
2006-09-19,crude,0.012394660426549747,1928169.0
2006-09-26,crude,0.015528393623036155,1968523.0
2006-10-03,crude,0.006186094865784617,2054608.0
2006-10-10,crude,0.007552373511618872,2108079.0
2006-10-17,crude,0.01493210049705451,2003402.0
2006-10-24,crude,0.011244272330999215,1989902.0
2006-10-31,crude,0.01067924857092789,2042934.0
2006-11-07,crude,0.019163781780540325,2048030.0
2006-11-14,crude,0.01914267940960244,1874398.0
2006-11-21,crude,0.01907970390698658,1854012.0
2006-11-28,crude,0.022135337325988092,1887299.0
2006-12-05,crude,0.027722024181548965,1937593.0
2006-12-12,crude,0.023374131077717217,1951987.0
2006-12-19,crude,0.02792622084458294,1825990.0
2006-12-26,crude,0.02125963583378421,1866730.0
2007-01-03,crude,0.010508443971851755,1993730.0
2007-01-09,crude,0.007865371353460365,2160610.0
2007-01-16,crude,0.01765220463792227,2397151.0
2007-01-23,crude,0.01705891123270392,2273709.0
2007-01-30,crude,0.017636456437172283,2345199.0
2007-02-06,crude,0.010973544377794024,2362409.0
2007-02-13,crude,0.01951029204285722,2412009.0
2007-02-20,crude,0.02054232238228815,2208465.0
2007-02-27,crude,0.022179895561242557,2267549.0
2007-03-06,crude,0.023148653522533858,2290198.0
2007-03-13,crude,0.02768581170308296,2347484.0
2007-03-20,crude,0.017635592218122192,2257707.0
2007-03-27,crude,0.019616350084113283,2314141.0
2007-04-03,crude,0.029584038062007247,2402816.0
2007-04-10,crude,0.03234793192489255,2366210.0
2007-04-17,crude,0.03095752816064733,2267526.0
2007-04-24,crude,0.02503667013418875,2297510.0
2007-05-01,crude,0.025939411723810542,2344579.0
2007-05-08,crude,0.019972427415859275,2401661.0
2007-05-15,crude,0.013856218022814839,2445689.0
2007-05-22,crude,0.03000843121279859,2183553.0
2007-05-29,crude,0.020897278687924962,2241823.0
2007-06-05,crude,0.027522370878620597,2289919.0
2007-06-12,crude,0.028552818651733043,2301384.0
2007-06-19,crude,0.04511969965754753,2268344.0
2007-06-26,crude,0.03735861664682415,2316574.0
2007-07-03,crude,0.04536375669506563,2440230.0
2007-07-10,crude,0.05032256383677082,2533297.0
2007-07-17,crude,0.0569559765037391,2453667.0
2007-07-24,crude,0.05904586194983876,2440171.0
2007-07-31,crude,0.06235917180747213,2566070.0
2007-08-07,crude,0.047989796814799014,2549792.0
2007-08-14,crude,0.03731983304428384,2573377.0
2007-08-21,crude,0.029571803594139807,2392617.0
2007-08-28,crude,0.027972755660162885,2392864.0
2007-09-04,crude,0.04029903894790086,2471250.0
2007-09-11,crude,0.03970390753434889,2577303.0
2007-09-18,crude,0.054567302445808055,2428359.0
2007-09-25,crude,0.05268055078527492,2402025.0
2007-10-02,crude,0.05435198157170477,2471851.0
2007-10-09,crude,0.053776424436595915,2506061.0
2007-10-16,crude,0.050532800657693396,2666288.0
2007-10-23,crude,0.05312131784527985,2523149.0
2007-10-30,crude,0.052813214994720324,2668726.0
2007-11-06,crude,0.05366890658629412,2837453.0
2007-11-13,crude,0.050239499116158076,2494790.0
2007-11-20,crude,0.05276076459001376,2506389.0
2007-11-27,crude,0.04852654353645344,2532820.0
2007-12-04,crude,0.04210619488265703,2575868.0
2007-12-11,crude,0.04379335586606773,2591489.0
2007-12-18,crude,0.04101311491756461,2426931.0
2007-12-24,crude,0.04619086169355918,2427255.0
2007-12-31,crude,0.048424633046774954,2508971.0
2008-01-08,crude,0.04640838910636705,2628361.0
2008-01-15,crude,0.03999844391422262,2699080.0
2008-01-22,crude,0.03408582067451402,2532490.0
2008-01-29,crude,0.03252317518170936,2598793.0
2008-02-05,crude,0.02664448782448041,2677627.0
2008-02-12,crude,0.03839280943264463,2713555.0
2008-02-19,crude,0.05006985431049005,2588244.0
2008-02-26,crude,0.05574449280134894,2699603.0
2008-03-04,crude,0.051049421485494254,2821364.0
2008-03-11,crude,0.05057569478274381,2953909.0
2008-03-18,crude,0.04800890543653894,2799189.0
2008-03-25,crude,0.0401277563503889,2805340.0
2008-04-01,crude,0.034162902617065276,2874785.0
2008-04-08,crude,0.04269663074021534,2943792.0
2008-04-15,crude,0.044745989202702216,3011309.0
2008-04-22,crude,0.05329221653764919,2796262.0
2008-04-29,crude,0.04542151488472174,2900894.0
2008-05-06,crude,0.04780836338387798,3035996.0
2008-05-13,crude,0.047057673080995545,3149667.0
2008-05-20,crude,0.044439155614213494,2773140.0
2008-05-27,crude,0.037125905478226084,2792309.0
2008-06-03,crude,0.03418982179642693,2887877.0
2008-06-10,crude,0.03343230249330501,3036973.0
2008-06-17,crude,0.032858176241766075,2811842.0
2008-06-24,crude,0.03369472800492944,2802753.0
2008-07-01,crude,0.03195105417808629,2873708.0
2008-07-08,crude,0.025613147134765667,2920180.0
2008-07-15,crude,0.02814839970008036,2974130.0
2008-07-22,crude,0.025431236531577174,2732781.0
2008-07-29,crude,0.02838190599624864,2784591.0
2008-08-05,crude,0.024012694834028105,2863527.0
2008-08-12,crude,0.019564372079395265,2921484.0
2008-08-19,crude,0.02211789926552382,2714860.0
2008-08-26,crude,0.024001348550253748,2740721.0
2008-09-02,crude,0.019482800902519592,2846254.0
2008-09-09,crude,0.01390945985099757,2961294.0
2008-09-16,crude,0.013991869860854657,3232663.0
2008-09-23,crude,0.014803664228386424,2776137.0
2008-09-30,crude,0.015847708758211176,2840032.0
2008-10-07,crude,0.009336076613203579,2980374.0
2008-10-14,crude,0.011095605652867525,3102850.0
2008-10-21,crude,0.012738366792888004,2996852.0
2008-10-28,crude,0.014341634336454879,3220414.0
2008-11-04,crude,0.013523721620132658,3198306.0
2008-11-11,crude,0.01732080565937721,3329695.0
2008-11-18,crude,0.018120496605787045,2810519.0
2008-11-25,crude,0.017325572008388825,2911015.0
2008-12-02,crude,0.018403202195669974,3013932.0
2008-12-09,crude,0.02470256302094617,3143439.0
2008-12-16,crude,0.026204545957550406,2936895.0
2008-12-22,crude,0.028998707310458807,2972098.0
2008-12-30,crude,0.02730004115017559,3015783.0
2009-01-06,crude,0.027864451127286246,3045278.0
2009-01-13,crude,0.023393237264091826,3103803.0
2009-01-20,crude,0.027735117257170722,3018664.0
2009-01-27,crude,0.029686578015679,3036928.0
2009-02-03,crude,0.030840589358896383,3040117.0
2009-02-10,crude,0.02504322688623264,3031678.0
2009-02-17,crude,0.023517829567662803,2867484.0
2009-02-24,crude,0.02001036342801909,2838829.0
2009-03-03,crude,0.012369108501872245,2897056.0
2009-03-10,crude,0.017526029036367026,2913381.0
2009-03-17,crude,0.026211531002006627,2799722.0
2009-03-24,crude,0.02898698380320621,2787527.0
2009-03-31,crude,0.022965942224080747,2793136.0
2009-04-07,crude,0.027866480328583958,2789911.0
2009-04-14,crude,0.02466885626503921,2801427.0
2009-04-21,crude,0.01687189526170604,2684405.0
2009-04-28,crude,0.018643303926592462,2655967.0
2009-05-05,crude,0.021380280012532463,2703379.0
2009-05-12,crude,0.02416017087601154,2757555.0
2009-05-19,crude,0.034625186148903794,2348926.0
2009-05-26,crude,0.03732777069401922,2367701.0
2009-06-02,crude,0.03431037879975471,2532499.0
2009-06-09,crude,0.036668545767612734,2607630.0
2009-06-16,crude,0.02801158117600531,2639801.0
2009-06-23,crude,0.03443804420195067,2466226.0
2009-06-30,crude,0.03656477272816899,2535774.0
2009-07-07,crude,0.026422920287911905,2591765.0
2009-07-14,crude,0.022924070987839478,2733764.0
2009-07-21,crude,0.022329586883765486,2622216.0
2009-07-28,crude,0.025205447791377997,2682555.0
2009-08-04,crude,0.039283750675637726,2795507.0
2009-08-11,crude,0.03729945210411671,2788486.0
2009-08-18,crude,0.036242678944010995,2697869.0
2009-08-25,crude,0.04249703753648888,2733367.0
2009-09-01,crude,0.03013587073147597,2772709.0
2009-09-08,crude,0.0336888514840294,2778011.0
2009-09-15,crude,0.03930260509084503,2815564.0
2009-09-22,crude,0.04419448839491242,2695585.0
2009-09-29,crude,0.028860588923591887,2790345.0
2009-10-06,crude,0.03780089437540764,2903926.0
2009-10-13,crude,0.045936255060742406,2963498.0
2009-10-20,crude,0.05640032618013404,2919859.0
2009-10-27,crude,0.06148123505788695,2933822.0
2009-11-03,crude,0.062333808114035466,2905903.0
2009-11-09,crude,0.05389996802882219,2908870.0
2009-11-17,crude,0.059865125240847784,2491200.0
2009-11-24,crude,0.047557571300688266,2453132.0
2009-12-01,crude,0.050456941597114745,2508198.0
2009-12-08,crude,0.03940496529160349,2549095.0
2009-12-15,crude,0.03574975485389292,2549500.0
2009-12-22,crude,0.04505309090909091,2406250.0
2009-12-29,crude,0.05485658502971662,2438030.0
2010-01-05,crude,0.062269588048285994,2514518.0
2010-01-12,crude,0.06792792388856636,2587154.0
2010-01-19,crude,0.06823192326649649,2540116.0
2010-01-26,crude,0.04865103388958051,2585721.0
2010-02-02,crude,0.043946095792910596,2645582.0
2010-02-09,crude,0.03156613814271963,2642832.0
2010-02-16,crude,0.04398633861611221,2616426.0
2010-02-23,crude,0.051249526408720596,2517994.0
2010-03-02,crude,0.05560570129254566,2580257.0
2010-03-09,crude,0.060562226322342136,2649787.0
2010-03-16,crude,0.06485618036147937,2675782.0
2010-03-23,crude,0.0616892458357455,2582395.0
2010-03-30,crude,0.06737211553036929,2572830.0
2010-04-06,crude,0.070639103618799,2719825.0
2010-04-13,crude,0.06505230269091003,2783222.0
2010-04-20,crude,0.06374184643959667,2724270.0
2010-04-27,crude,0.054471328853477934,2779554.0
2010-05-04,crude,0.055493006705019624,2865316.0
2010-05-11,crude,0.04447801150087116,2942038.0
2010-05-18,crude,0.03316294332954689,2693820.0
2010-05-25,crude,0.02684890960211273,2764954.0
2010-06-01,crude,0.024687471394546162,2785745.0
2010-06-08,crude,0.02675574461046678,2781085.0
2010-06-15,crude,0.03570509572944268,2743670.0
2010-06-22,crude,0.034051633468242234,2571859.0
2010-06-29,crude,0.02829737803366809,2590346.0
2010-07-06,crude,0.019096700324019614,2644593.0
2010-07-13,crude,0.03218408588316935,2624123.0
2010-07-20,crude,0.03849004671825392,2485110.0
2010-07-27,crude,0.04324120942200875,2540817.0
2010-08-03,crude,0.05267347972331038,2578774.0
2010-08-10,crude,0.04998550895638139,2618859.0
2010-08-17,crude,0.04505311272115211,2540446.0
2010-08-24,crude,0.03181914634037533,2577819.0
2010-08-31,crude,0.029623152246703133,2656537.0
2010-09-07,crude,0.03158206999972863,2690039.0
2010-09-14,crude,0.045573285458877406,2690370.0
2010-09-21,crude,0.040501423338020016,2625167.0
2010-09-28,crude,0.04411622084148599,2649955.0
2010-10-05,crude,0.06056193890193666,2782936.0
2010-10-12,crude,0.06327797304301279,2824648.0
2010-10-19,crude,0.05923967049854201,2762355.0
2010-10-26,crude,0.06572350656209652,2720853.0
2010-11-02,crude,0.06993138994617393,2775978.0
2010-11-09,crude,0.07310860379941475,2857598.0
2010-11-16,crude,0.07422365494406921,2403506.0
2010-11-23,crude,0.05897899398531845,2369369.0
2010-11-30,crude,0.068717023328066,2389568.0
2010-12-07,crude,0.08305568719427465,2489980.0
2010-12-14,crude,0.08302913379349058,2479732.0
2010-12-21,crude,0.08639492694026088,2401391.0
2010-12-28,crude,0.08805808167380381,2464805.0
2011-01-04,crude,0.07309056134586973,2564052.0
2011-01-11,crude,0.0795054771374708,2638422.0
2011-01-18,crude,0.08144802681049769,2585256.0
2011-01-25,crude,0.06539508190114988,2630366.0
2011-02-01,crude,0.07277835040400181,2774740.0
2011-02-08,crude,0.07282138192338,2779170.0
2011-02-15,crude,0.06607503195205569,2803419.0
2011-02-22,crude,0.08725893093554928,2756990.0
2011-03-01,crude,0.10385702791688119,2940658.0
2011-03-08,crude,0.10051552460264804,3100337.0
2011-03-15,crude,0.0903512053740831,2998986.0
2011-03-22,crude,0.09956413008613256,2880676.0
2011-03-29,crude,0.10141300279239408,2879966.0
2011-04-05,crude,0.10188102995291669,2996603.0
2011-04-12,crude,0.09267603918619366,3038315.0
2011-04-19,crude,0.10046598535613209,2885713.0
2011-04-26,crude,0.10169013009547359,2961133.0
2011-05-03,crude,0.09660924160448221,3041355.0
2011-05-10,crude,0.0827442781697262,3090401.0
2011-05-17,crude,0.08022990803244176,2761626.0
2011-05-24,crude,0.08309146478635733,2716007.0
2011-05-31,crude,0.08261664340277164,2716656.0
2011-06-07,crude,0.07016439072851575,2721808.0
2011-06-14,crude,0.06957434341387915,2793731.0
2011-06-21,crude,0.06214752792222708,2694717.0
2011-06-28,crude,0.05669941071086773,2701051.0
2011-07-05,crude,0.06129552829433232,2699887.0
2011-07-12,crude,0.06183106498939958,2730553.0
2011-07-19,crude,0.06945217045414713,2624612.0
2011-07-26,crude,0.07217969302052689,2652034.0
2011-08-02,crude,0.05927229243823422,2703641.0
2011-08-09,crude,0.047493372133088296,3009641.0
2011-08-16,crude,0.04902348934177169,2912257.0
2011-08-23,crude,0.05293451158629791,2705135.0
2011-08-30,crude,0.05901700285048432,2738482.0
2011-09-06,crude,0.05606504591529281,2779575.0
2011-09-13,crude,0.06564012160899403,2735324.0
2011-09-20,crude,0.06497877404875789,2572794.0
2011-09-27,crude,0.058869372294207724,2630468.0
2011-10-04,crude,0.052352637438018566,2794587.0
2011-10-11,crude,0.057730289832098804,2731547.0
2011-10-18,crude,0.06436773493013852,2662483.0
2011-10-25,crude,0.07513164604494417,2625791.0
2011-11-01,crude,0.07441541670106101,2556137.0
2011-11-08,crude,0.07831373874046828,2604460.0
2011-11-15,crude,0.09594732188966602,2252017.0
2011-11-22,crude,0.08521638108912256,2225957.0
2011-11-29,crude,0.08679647687307104,2243121.0
2011-12-06,crude,0.08825216870448854,2297224.0
2011-12-13,crude,0.0866189037161667,2320348.0
2011-12-20,crude,0.08103226776738506,2207528.0
2011-12-27,crude,0.08584682221439181,2241970.0
2012-01-03,crude,0.08635087406188852,2319687.0
2012-01-10,crude,0.08583704870236968,2349475.0
2012-01-17,crude,0.08543531863874336,2270314.0
2012-01-24,crude,0.09087860212529902,2245237.0
2012-01-31,crude,0.08673088814818486,2320615.0
2012-02-07,crude,0.08460808878812956,2431316.0
2012-02-14,crude,0.0953939949123529,2451821.0
2012-02-21,crude,0.1088879822896635,2380079.0
2012-02-28,crude,0.1088434067659826,2499297.0
2012-03-06,crude,0.0975765449226291,2584822.0
2012-03-13,crude,0.09961089434166207,2594154.0
2012-03-20,crude,0.09834525742181749,2519969.0
2012-03-27,crude,0.09512686038047276,2537317.0
2012-04-03,crude,0.08549820786267698,2534404.0
2012-04-10,crude,0.07575295061231598,2532271.0
2012-04-17,crude,0.08029273830611909,2482217.0
2012-04-24,crude,0.08027794397962419,2446824.0
2012-05-01,crude,0.0865734151161719,2539082.0
2012-05-08,crude,0.05793173315671028,2554593.0
2012-05-15,crude,0.05495476109157745,2532665.0
2012-05-22,crude,0.05997366879164138,2280184.0
2012-05-29,crude,0.05920508512486541,2306964.0
2012-06-05,crude,0.054465776977239234,2442800.0
2012-06-12,crude,0.05244745830280784,2488357.0
2012-06-19,crude,0.05225574274933752,2350268.0
2012-06-26,crude,0.05108794160295281,2427520.0
2012-07-03,crude,0.055129077279769116,2448998.0
2012-07-10,crude,0.05266986269207094,2431979.0
2012-07-17,crude,0.057544527706200325,2314121.0
2012-07-24,crude,0.06073677391492118,2315500.0
2012-07-31,crude,0.059013241955842344,2322089.0
2012-08-07,crude,0.06794950257960819,2413351.0
2012-08-14,crude,0.06265865640892654,2429385.0
2012-08-21,crude,0.07527803763692224,2384839.0
2012-08-28,crude,0.07795703171040816,2468937.0
2012-09-04,crude,0.07744709071426086,2500081.0
2012-09-11,crude,0.07865878804713244,2584886.0
2012-09-18,crude,0.08360706118533216,2567331.0
2012-09-25,crude,0.07032261561108107,2527807.0
2012-10-02,crude,0.0657735472956659,2526426.0
2012-10-09,crude,0.06371682256453444,2526868.0
2012-10-16,crude,0.0651213540140897,2553356.0
2012-10-23,crude,0.05490246815049642,2519741.0
2012-10-30,crude,0.04816368195811203,2550947.0
2012-11-06,crude,0.04786067190969203,2555522.0
2012-11-13,crude,0.04579424661159386,2184139.0
2012-11-20,crude,0.05066009203379184,2168334.0
2012-11-27,crude,0.05310236439448412,2186268.0
2012-12-04,crude,0.0580970817350992,2229544.0
2012-12-11,crude,0.045491894421615116,2239322.0
2012-12-18,crude,0.05654321771925088,2140858.0
2012-12-24,crude,0.06309956969270115,2136845.0
2012-12-31,crude,0.06971002252775975,2150236.0
2013-01-08,crude,0.07741334607081185,2171021.0
2013-01-15,crude,0.08113020780764361,2209399.0
2013-01-22,crude,0.09480277488605646,2171909.0
2013-01-29,crude,0.0953276774442533,2293185.0
2013-02-05,crude,0.0901171974522293,2355000.0
2013-02-12,crude,0.09149526156194579,2421262.0
2013-02-19,crude,0.08856616328967212,2348538.0
2013-02-26,crude,0.07339104836216712,2387362.0
2013-03-05,crude,0.06854499940866443,2443621.0
2013-03-12,crude,0.06813495736667598,2450196.0
2013-03-19,crude,0.07398560126507528,2328399.0
2013-03-26,crude,0.0826301525841711,2409883.0
2013-04-02,crude,0.0827395695415589,2482609.0
2013-04-09,crude,0.07813149794155161,2512815.0
2013-04-16,crude,0.07145461629333277,2561514.0
2013-04-23,crude,0.07395181747675626,2466579.0
2013-04-30,crude,0.07629279674567141,2542337.0
2013-05-07,crude,0.07956357395401017,2570699.0
2013-05-14,crude,0.0804571869635354,2549679.0
2013-05-21,crude,0.09493303320940115,2441658.0
2013-05-28,crude,0.08875979635895956,2450783.0
2013-06-04,crude,0.08639484873662089,2455320.0
2013-06-11,crude,0.09189602791305301,2527563.0
2013-06-18,crude,0.1023398864828413,2562432.0
2013-06-25,crude,0.0928009093285309,2502066.0
2013-07-02,crude,0.1050278880049908,2510219.0
2013-07-09,crude,0.10546943246552634,2672983.0
2013-07-16,crude,0.10881609767397964,2797224.0
2013-07-23,crude,0.12389710681524203,2696544.0
2013-07-30,crude,0.12057254173176175,2644209.0
2013-08-06,crude,0.11441306374735019,2716709.0
2013-08-13,crude,0.1100275330730038,2806443.0
2013-08-20,crude,0.11715965935848971,2584183.0
2013-08-27,crude,0.11896939129926522,2668947.0
2013-09-03,crude,0.1136011679009898,2693379.0
2013-09-10,crude,0.10619191045345495,2731451.0
2013-09-17,crude,0.10556705105945044,2661427.0
2013-09-24,crude,0.10477692559946282,2625559.0
2013-10-01,crude,0.09765716768801544,2605052.0
2013-10-08,crude,0.09615420310277492,2639895.0
2013-10-15,crude,0.09511103662890084,2589731.0
2013-10-22,crude,0.10089847061582215,2494795.0
2013-10-29,crude,0.09833248015865019,2480930.0
2013-11-05,crude,0.09493351000668615,2463303.0
2013-11-12,crude,0.09133905264713543,2449478.0
2013-11-19,crude,0.1126080482571941,2102070.0
2013-11-26,crude,0.10751640804727322,2128224.0
2013-12-03,crude,0.11437669221498799,2156567.0
2013-12-10,crude,0.11450812842941173,2202455.0
2013-12-17,crude,0.11958111856171683,2114966.0
2013-12-24,crude,0.1260365974774059,2094352.0
2013-12-31,crude,0.1274135131288894,2122114.0
2014-01-07,crude,0.1140285199317057,2167677.0
2014-01-14,crude,0.1045069242285903,2198151.0
2014-01-21,crude,0.10849773310940572,2124496.0
2014-01-28,crude,0.12166519424305741,2139330.0
2014-02-04,crude,0.1298902247286216,2124340.0
2014-02-11,crude,0.1365673170424762,2240807.0
2014-02-18,crude,0.15239001837733884,2177682.0
2014-02-25,crude,0.15396275217751226,2202169.0
2014-03-04,crude,0.15140063580847088,2288425.0
2014-03-11,crude,0.14260188736322005,2300776.0
2014-03-18,crude,0.14111303419162471,2142396.0
2014-03-25,crude,0.1378215862848725,2128861.0
2014-04-01,crude,0.13744412868147798,2189406.0
2014-04-08,crude,0.1480006527021197,2236855.0
2014-04-15,crude,0.14922150507562085,2288390.0
2014-04-22,crude,0.15301876387027802,2181373.0
2014-04-29,crude,0.14880215326246982,2222488.0
2014-05-06,crude,0.13590134116956373,2204121.0
2014-05-13,crude,0.14159747450112478,2197744.0
2014-05-20,crude,0.15666298694108427,2068089.0
2014-05-27,crude,0.1625591261657102,2141184.0
2014-06-03,crude,0.15799430307563903,2170996.0
2014-06-10,crude,0.15418612532451154,2216023.0
2014-06-17,crude,0.15640371872296516,2278309.0
2014-06-24,crude,0.14896866585584836,2317823.0
2014-07-01,crude,0.14013626174547636,2355907.0
2014-07-08,crude,0.1309020563466419,2325143.0
2014-07-15,crude,0.11145584438251951,2326114.0
2014-07-22,crude,0.1265014070823067,2198521.0
2014-07-29,crude,0.12650317399586125,2187621.0
2014-08-05,crude,0.10758670096002905,2197121.0
2014-08-12,crude,0.09956137556989325,2197780.0
2014-08-19,crude,0.08995957307256573,2096375.0
2014-08-26,crude,0.09079273363388164,2089958.0
2014-09-02,crude,0.08148226940296038,2115270.0
2014-09-09,crude,0.08754620392450119,2131583.0
2014-09-16,crude,0.09642593170429596,2111963.0
2014-09-23,crude,0.09523376990020745,2036725.0
2014-09-30,crude,0.09748002476320906,2070814.0
2014-10-07,crude,0.08953332811620775,2146776.0
2014-10-14,crude,0.07470627411596807,2364875.0
2014-10-21,crude,0.08570551468783111,2179253.0
2014-10-28,crude,0.08124141056593324,2246219.0
2014-11-04,crude,0.07073091618327879,2373870.0
2014-11-11,crude,0.07632984329983838,2390808.0
2014-11-18,crude,0.08437782733999515,2074609.0
2014-11-25,crude,0.07893717485902944,2052379.0
2014-12-02,crude,0.08337037447349203,2211505.0
2014-12-09,crude,0.08367313459279625,2285895.0
2014-12-16,crude,0.09602434182642203,2267373.0
2014-12-23,crude,0.09056122058244967,2285073.0
2014-12-30,crude,0.08506887409646213,2343842.0
2015-01-06,crude,0.07975509691447231,2500091.0
2015-01-13,crude,0.08335590566649899,2687656.0
2015-01-20,crude,0.08676763879062478,2497521.0
2015-01-27,crude,0.0828755527750524,2610239.0
2015-02-03,crude,0.07624621064470102,2727047.0
2015-02-10,crude,0.07417433459362992,2746179.0
2015-02-17,crude,0.08394933290627776,2491479.0
2015-02-24,crude,0.08000172157952552,2532558.0
2015-03-03,crude,0.06457736431914919,2544390.0
2015-03-10,crude,0.06268131386804222,2557030.0
2015-03-17,crude,0.05358706398480489,2617684.0
2015-03-24,crude,0.05183070615146148,2603804.0
2015-03-31,crude,0.06202244648629194,2633998.0
2015-04-07,crude,0.08060281222293744,2634784.0
2015-04-14,crude,0.08673107060561477,2669816.0
2015-04-21,crude,0.10362774956388397,2582455.0
2015-04-28,crude,0.09984833076812091,2585231.0
2015-05-05,crude,0.10065086783002895,2664289.0
2015-05-12,crude,0.09922528135086203,2646251.0
2015-05-19,crude,0.10714525609838013,2277777.0
2015-05-26,crude,0.10741352104455264,2282087.0
2015-06-02,crude,0.10357323555749376,2361865.0
2015-06-09,crude,0.10020494532167736,2350383.0
2015-06-16,crude,0.09994778199826501,2374660.0
2015-06-23,crude,0.09981253701328857,2347130.0
2015-06-30,crude,0.09073385653311304,2382264.0
2015-07-07,crude,0.07028700479757378,2471666.0
2015-07-14,crude,0.0585630189483919,2513617.0
2015-07-21,crude,0.04446966466855609,2392260.0
2015-07-28,crude,0.03983076163704982,2483834.0
2015-08-04,crude,0.04343259124056516,2583774.0
2015-08-11,crude,0.03838528438389902,2598600.0
2015-08-18,crude,0.03803592494454808,2455731.0
2015-08-25,crude,0.038756899870062624,2558925.0
2015-09-01,crude,0.04427927372555187,2619781.0
2015-09-08,crude,0.050617666825668,2624716.0
2015-09-15,crude,0.05640625274529681,2618114.0
2015-09-22,crude,0.06954525355861477,2435709.0
2015-09-29,crude,0.0625728730817203,2459756.0
2015-10-06,crude,0.06824065693966296,2534662.0
2015-10-13,crude,0.07366933791642519,2501950.0
2015-10-20,crude,0.06988036900936234,2406985.0
2015-10-27,crude,0.05730505359938732,2500495.0
2015-11-03,crude,0.06835956434743498,2516868.0
2015-11-10,crude,0.05791854841772975,2500995.0
2015-11-17,crude,0.054544847192993386,2215278.0
2015-11-24,crude,0.043412437723452324,2223349.0
2015-12-01,crude,0.040216228191636665,2256875.0
2015-12-08,crude,0.033792826299565,2381393.0
2015-12-15,crude,0.0403968385889921,2370334.0
2015-12-22,crude,0.03852867388278681,2256060.0
2015-12-29,crude,0.044825980630864404,2248629.0
2016-01-05,crude,0.03294518870235336,2335212.0
2016-01-12,crude,0.0274903918607474,2537432.0
2016-01-19,crude,0.03414869308551152,2400004.0
2016-01-26,crude,0.04392291375904206,2514223.0
2016-02-02,crude,0.0394186587297691,2668381.0
2016-02-09,crude,0.04066468263461594,2717026.0
2016-02-16,crude,0.03578553501159166,2715315.0
2016-02-23,crude,0.045304226028559276,2440258.0
2016-03-01,crude,0.054794764397482126,2471769.0
2016-03-08,crude,0.06867553401960846,2547472.0
2016-03-15,crude,0.08094614921007154,2527001.0
2016-03-22,crude,0.09689920888039359,2433766.0
2016-03-29,crude,0.09035721221164951,2446025.0
2016-04-05,crude,0.0775464686382975,2511694.0
2016-04-12,crude,0.081846839409312,2634555.0
2016-04-19,crude,0.10041543981225402,2449693.0
2016-04-26,crude,0.09978406814650682,2496621.0
2016-05-03,crude,0.0923253700302138,2564723.0
2016-05-10,crude,0.08451641586787208,2561881.0
2016-05-17,crude,0.1028489195691768,2401542.0
2016-05-24,crude,0.10153693770827563,2382660.0
2016-05-31,crude,0.09808301983963845,2454329.0
2016-06-07,crude,0.09195494200358416,2538950.0
2016-06-14,crude,0.07450785996075564,2570051.0
2016-06-21,crude,0.08657298947106676,2461218.0
2016-06-28,crude,0.0730272508087006,2457028.0
2016-07-05,crude,0.06790498854221752,2496120.0
2016-07-12,crude,0.07240934638236134,2492344.0
2016-07-19,crude,0.06606721746556946,2373401.0
2016-07-26,crude,0.04926228747884851,2447227.0
2016-08-02,crude,0.033477719503161446,2593277.0
2016-08-09,crude,0.039053744783558664,2623436.0
2016-08-16,crude,0.059566149930027186,2683185.0
2016-08-23,crude,0.09712073787283852,2513387.0
2016-08-30,crude,0.08691929708327417,2535720.0
2016-09-06,crude,0.06847838154284949,2621163.0
2016-09-13,crude,0.07803616285721392,2613455.0
2016-09-20,crude,0.05857955493409815,2517380.0
2016-09-27,crude,0.07062298948548343,2569305.0
2016-10-04,crude,0.09522888338434597,2672540.0
2016-10-11,crude,0.10400777903719967,2768466.0
2016-10-18,crude,0.1122270594387203,2596994.0
2016-10-25,crude,0.10246867165047045,2617278.0
2016-11-01,crude,0.08819474370990052,2654648.0
2016-11-08,crude,0.05655005468237574,2819007.0
2016-11-15,crude,0.05588811495114268,2922285.0
2016-11-22,crude,0.0715602633142885,2631684.0
2016-11-29,crude,0.07040599452200062,2685652.0
2016-12-06,crude,0.09419211590904263,2871631.0
2016-12-13,crude,0.10268185581061985,2952284.0
2016-12-20,crude,0.1125174340721031,2720965.0
2016-12-27,crude,0.11155767497268203,2760088.0
2017-01-03,crude,0.10754543168222265,2831064.0
2017-01-10,crude,0.10662907280400766,2868908.0
2017-01-17,crude,0.12298081483806406,2841988.0
2017-01-24,crude,0.13064654965948827,2839256.0
2017-01-31,crude,0.13154783998493141,2888128.0
2017-02-07,crude,0.12351796282160425,2909593.0
2017-02-14,crude,0.13396179080177403,2913801.0
2017-02-21,crude,0.15162941215500156,2727947.0
2017-02-28,crude,0.1398542749896838,2765071.0
2017-03-07,crude,0.13397350053117374,2803226.0
2017-03-14,crude,0.09458857471532434,3052948.0
2017-03-21,crude,0.09046191723982787,2880516.0
2017-03-28,crude,0.08331037273145564,2936189.0
2017-04-04,crude,0.08990373300985093,2970177.0
2017-04-11,crude,0.10269379893231048,3011175.0
2017-04-18,crude,0.11354360082136908,2847928.0
2017-04-25,crude,0.08755036131264014,2917418.0
2017-05-02,crude,0.06847556370698026,2966080.0
2017-05-09,crude,0.054155009708918504,3117237.0
2017-05-16,crude,0.05076873587125602,3177034.0
2017-05-23,crude,0.06722027226676086,2873285.0
2017-05-30,crude,0.0726679430088533,2836230.0
2017-06-06,crude,0.07649830513047849,2890783.0
2017-06-13,crude,0.06776077322322181,2882169.0
2017-06-20,crude,0.049110885294945235,2743628.0
2017-06-27,crude,0.047268592421515016,2826528.0
2017-07-03,crude,0.051734589353613476,2898467.0
2017-07-11,crude,0.06251961896256501,2857567.0
2017-07-18,crude,0.07734001569138646,2786242.0
2017-07-25,crude,0.08404196090039043,2837880.0
2017-08-01,crude,0.0950277381027703,2971364.0
2017-08-08,crude,0.09400072486626888,2979860.0
2017-08-15,crude,0.0897007013193904,3059519.0
2017-08-22,crude,0.08712041899241252,2903728.0
2017-08-29,crude,0.05004904570679331,2943173.0
2017-09-05,crude,0.05590370559168606,3040675.0
2017-09-12,crude,0.05166350254667486,3056142.0
2017-09-19,crude,0.06813628172277904,3056991.0
2017-09-26,crude,0.07973495572250659,3157812.0
2017-10-03,crude,0.07794968410310794,3198512.0
2017-10-10,crude,0.0751524900245912,3174306.0
2017-10-17,crude,0.0697936840120003,3138923.0
2017-10-24,crude,0.07584095607948516,3096981.0
2017-10-31,crude,0.08510282910533458,3304755.0
2017-11-07,crude,0.09023157960486809,3522115.0
2017-11-14,crude,0.099263651902805,3523062.0
2017-11-21,crude,0.10888231279915007,3157905.0
2017-11-28,crude,0.12482853094030688,3176229.0
2017-12-05,crude,0.12076888372697063,3249438.0
2017-12-12,crude,0.11938889832361828,3273956.0
2017-12-19,crude,0.12577460593443748,3051713.0
2017-12-26,crude,0.1319641865856975,3121847.0
2018-01-02,crude,0.12484786979922594,3174912.0
2018-01-09,crude,0.1304102126118118,3356869.0
2018-01-16,crude,0.13842896394833304,3484083.0
2018-01-23,crude,0.14654817431786157,3385310.0
2018-01-30,crude,0.14301161307065158,3468075.0
2018-02-06,crude,0.13734622728686935,3442337.0
2018-02-13,crude,0.13066959027530906,3448706.0
2018-02-20,crude,0.13969251739515595,3181058.0
2018-02-27,crude,0.14369150121798077,3241841.0
2018-03-06,crude,0.13749108357732118,3244014.0
2018-03-13,crude,0.133057046227169,3201018.0
2018-03-20,crude,0.1451317267678286,3159950.0
2018-03-27,crude,0.1388569119449907,3370484.0
2018-04-03,crude,0.12539320595672113,3383405.0
2018-04-10,crude,0.12378684299832984,3373945.0
2018-04-17,crude,0.12791563734606454,3458592.0
2018-04-24,crude,0.12396951581483028,3493746.0
2018-05-01,crude,0.11748879906783963,3558186.0
2018-05-08,crude,0.1123680125753393,3654136.0
2018-05-15,crude,0.1017810757041049,3785409.0
2018-05-22,crude,0.10756070376017997,3509832.0
2018-05-29,crude,0.09410565165047326,3445436.0
2018-06-05,crude,0.09275787250815867,3379228.0
2018-06-12,crude,0.09318876090238373,3380912.0
2018-06-19,crude,0.09759925370233606,3215875.0
2018-06-26,crude,0.11995981233477689,3257716.0
2018-07-03,crude,0.1287599938317003,3372080.0
2018-07-10,crude,0.12626045725618357,3436848.0
2018-07-17,crude,0.12482679346260495,3217979.0
2018-07-24,crude,0.12366908466832212,3170938.0
2018-07-31,crude,0.12110766841341389,3193555.0
2018-08-07,crude,0.11827539431171416,3200894.0
2018-08-14,crude,0.10769165253736052,3170125.0
2018-08-21,crude,0.11156859227466935,2937583.0
2018-08-28,crude,0.11718568450308084,2999351.0
2018-09-04,crude,0.11696196885500254,3120758.0
2018-09-11,crude,0.11167310545369184,3101257.0
2018-09-18,crude,0.11130208618737862,2992828.0
2018-09-25,crude,0.10818789357982604,3070057.0
2018-10-02,crude,0.10025282967270757,3188708.0
2018-10-09,crude,0.08861702391916329,3180337.0
2018-10-16,crude,0.07729730762008129,3141830.0
2018-10-23,crude,0.07009002862786695,2943286.0
2018-10-30,crude,0.06695053544458178,2930462.0
2018-11-06,crude,0.053914956909339076,2973034.0
2018-11-13,crude,0.04816131174803405,3155728.0
2018-11-20,crude,0.05380450169245261,2808055.0
2018-11-27,crude,0.05345692580003662,2899961.0
2018-12-04,crude,0.043194260559219794,2970603.0
2018-12-11,crude,0.039985165311553515,2992985.0
2018-12-18,crude,0.03461038280561487,2910485.0
2018-12-24,crude,0.03913187863364355,3005248.0
2018-12-31,crude,0.03764979707295117,3012659.0
2019-01-08,crude,0.026829838287619607,3038110.0
2019-01-15,crude,0.035985664271847885,3013450.0
2019-01-22,crude,0.0454772761009792,2849577.0
2019-01-29,crude,0.05461847136257625,2853888.0
2019-02-05,crude,0.05090624835485757,2887288.0
2019-02-12,crude,0.046844360895772076,2899175.0
2019-02-19,crude,0.04443542199066762,2728994.0
2019-02-26,crude,0.04787750079752085,2742875.0
2019-03-05,crude,0.054120105497782844,2800438.0
2019-03-12,crude,0.056954806609514845,2767949.0
2019-03-19,crude,0.07918824930030494,2681168.0
2019-03-26,crude,0.08801033933517749,2706557.0
2019-04-02,crude,0.08828523103887252,2772910.0
2019-04-09,crude,0.09667314478148029,2850109.0
2019-04-16,crude,0.10674493159852792,2841971.0
2019-04-23,crude,0.10649565683675173,2952111.0
2019-04-30,crude,0.10212957047646322,2950595.0
2019-05-07,crude,0.09207315276865873,2953217.0
2019-05-14,crude,0.08669129840125805,2987474.0
2019-05-21,crude,0.08700428490831223,2717211.0
2019-05-28,crude,0.07280859358678335,2752285.0
2019-06-04,crude,0.06519853924438501,2812517.0
2019-06-11,crude,0.04615212341278077,2804118.0
2019-06-18,crude,0.055208974120205506,2657865.0
2019-06-25,crude,0.05426111625553938,2680354.0
2019-07-02,crude,0.059531317851899336,2708104.0
2019-07-09,crude,0.059370934987881,2671425.0
2019-07-16,crude,0.07187103216959842,2777809.0
2019-07-23,crude,0.06368878240125797,2682419.0
2019-07-30,crude,0.06244372765820885,2692264.0
2019-08-06,crude,0.06504420490637018,2724132.0
2019-08-13,crude,0.07338581512831419,2732122.0
2019-08-20,crude,0.08130290936920102,2544091.0
2019-08-27,crude,0.07154497942076997,2550144.0
2019-09-03,crude,0.0636836310275171,2642029.0
2019-09-10,crude,0.07486011732431495,2687252.0
2019-09-17,crude,0.07960900158800206,2680727.0
2019-09-24,crude,0.07481214733962567,2648086.0
2019-10-01,crude,0.05045910380342774,2682291.0
2019-10-08,crude,0.03481067578758351,2725457.0
2019-10-15,crude,0.03125063201902269,2768904.0
2019-10-22,crude,0.03538010924347574,2652790.0
2019-10-29,crude,0.03975414147575121,2633059.0
2019-11-05,crude,0.04329330668855345,2690208.0
2019-11-12,crude,0.05542591297305923,2763581.0
2019-11-19,crude,0.0528297185705472,2528520.0
2019-11-26,crude,0.07530675021578029,2629990.0
2019-12-03,crude,0.05758695741290658,2610157.0
2019-12-10,crude,0.08403183589834144,2718315.0
2019-12-17,crude,0.10413203160324418,2614162.0
2019-12-24,crude,0.10844237700544188,2580541.0
2019-12-31,crude,0.10801273815030332,2626755.0
2020-01-07,crude,0.10269997350872645,2808472.0
2020-01-14,crude,0.08230413973850062,2743410.0
2020-01-21,crude,0.08856574296332434,2621657.0
2020-01-28,crude,0.06493307310828375,2705863.0
2020-02-04,crude,0.04563169403575153,2879709.0
2020-02-11,crude,0.04321220302261267,2828414.0
2020-02-18,crude,0.03656363943236343,2612869.0
2020-02-25,crude,0.0455122276710525,2702109.0
2020-03-03,crude,0.03426716658469544,2818062.0
2020-03-10,crude,0.03666216194925328,3110073.0
2020-03-17,crude,0.0415117293534433,2964102.0
2020-03-24,crude,0.04290169056204425,3027573.0
2020-03-31,crude,0.038414264041028684,3291746.0
2020-04-07,crude,0.04204708599723734,3312025.0
2020-04-14,crude,0.04662422663896971,3383284.0
2020-04-21,crude,0.06280875215018471,3339248.0
2020-04-28,crude,0.08493368350362163,3335520.0
2020-05-05,crude,0.09305084156609006,3222088.0
2020-05-12,crude,0.10132184693071172,3206574.0
2020-05-19,crude,0.12587759177437993,2768229.0
2020-05-26,crude,0.1312215312072776,2764211.0
2020-06-02,crude,0.1368804437423094,2776927.0
2020-06-09,crude,0.13562660955348796,2811727.0
2020-06-16,crude,0.12721153639046245,2785620.0
2020-06-23,crude,0.13950171462115338,2616613.0
2020-06-30,crude,0.14115585485217877,2616505.0
2020-07-07,crude,0.13823541105125195,2590711.0
2020-07-14,crude,0.13488227616297305,2646278.0
2020-07-21,crude,0.1443402495871869,2511427.0
2020-07-28,crude,0.13575267133007332,2553784.0
2020-08-04,crude,0.13584216149291584,2603978.0
2020-08-11,crude,0.12952070904117122,2633077.0
2020-08-18,crude,0.1330024965884201,2514231.0
2020-08-25,crude,0.12891908562161924,2535668.0
2020-09-01,crude,0.1277526325025296,2558687.0
2020-09-08,crude,0.10458360482945515,2576771.0
2020-09-15,crude,0.11215925590663596,2633648.0
2020-09-22,crude,0.12935656970053086,2508539.0
2020-09-29,crude,0.11844451568404589,2573475.0
2020-10-06,crude,0.11502156386126977,2633341.0
2020-10-13,crude,0.11412222145837533,2574687.0
2020-10-20,crude,0.1331112808865966,2496107.0
2020-10-27,crude,0.11866648753400098,2508383.0
2020-11-03,crude,0.10339969929007536,2551961.0
2020-11-10,crude,0.11177964073330979,2598738.0
2020-11-17,crude,0.12142607956105385,2422165.0
2020-11-24,crude,0.1311905573333096,2470658.0
2020-12-01,crude,0.13097025765406484,2526566.0
2020-12-08,crude,0.12903467218349732,2552190.0
2020-12-15,crude,0.12573268122438158,2629213.0
2020-12-21,crude,0.13234680133885923,2543658.0
2020-12-29,crude,0.1311183818477579,2545669.0
2021-01-05,crude,0.1259808811273495,2632582.0
2021-01-12,crude,0.1270906894629251,2755072.0
2021-01-19,crude,0.13290857910423393,2670407.0
2021-01-26,crude,0.12298366765869136,2786557.0
2021-02-02,crude,0.12143036910874264,2904537.0
2021-02-09,crude,0.12549127652777625,3027063.0
2021-02-16,crude,0.1240297155719815,3143537.0
2021-02-23,crude,0.12740648086671513,3036384.0
2021-03-02,crude,0.12413870656426962,3085766.0
2021-03-09,crude,0.12322610619092211,3170497.0
2021-03-16,crude,0.1214193451519414,3236873.0
2021-03-23,crude,0.12823391516284308,2934021.0
2021-03-30,crude,0.12870972550982482,2964842.0
2021-04-06,crude,0.12103812069680144,2979615.0
2021-04-13,crude,0.12538439054895456,2942320.0
2021-04-20,crude,0.12248351863284215,2975633.0
2021-04-27,crude,0.1239260274683975,3004034.0
2021-05-04,crude,0.12294822969849163,3126812.0
2021-05-11,crude,0.11404344394560911,3158691.0
2021-05-18,crude,0.1151213025164054,3021413.0
2021-05-25,crude,0.12122066564593315,3018091.0
2021-06-01,crude,0.12198728997875494,3133433.0
2021-06-08,crude,0.1283531787514851,3195028.0
2021-06-15,crude,0.13210081272173874,3213523.0
2021-06-22,crude,0.1394441766367185,3024558.0
2021-06-29,crude,0.13329321459057625,3057590.0
2021-07-06,crude,0.11956012159718789,3127046.0
2021-07-13,crude,0.12015048297539298,3175110.0
2021-07-20,crude,0.11010728186148941,2877094.0
2021-07-27,crude,0.10738879433776381,2991327.0
2021-08-03,crude,0.10197839818973337,2988731.0
2021-08-10,crude,0.09950131944514289,2883409.0
2021-08-17,crude,0.10421547453619735,2687835.0
2021-08-24,crude,0.10340495341726687,2639390.0
2021-08-31,crude,0.1018750333620885,2678939.0
2021-09-07,crude,0.09982776258108024,2716599.0
2021-09-14,crude,0.10618506045183758,2788170.0
2021-09-21,crude,0.10491521680269499,2725658.0
2021-09-28,crude,0.10247761454729501,2908362.0
2021-10-05,crude,0.10304536894412043,3068134.0
2021-10-12,crude,0.10508901701444293,3107889.0
2021-10-19,crude,0.11440276279723324,3031710.0
2021-10-26,crude,0.11346349546953609,3003997.0
2021-11-02,crude,0.10865265909562352,2979246.0
2021-11-09,crude,0.11584091611290234,2958238.0
2021-11-16,crude,0.11911100525500568,2577923.0
2021-11-23,crude,0.11709566010308836,2585937.0
2021-11-30,crude,0.09872538485238193,2609572.0
2021-12-07,crude,0.10052394876859477,2587085.0
2021-12-14,crude,0.09557353511306275,2566495.0
2021-12-21,crude,0.10236836994408725,2445775.0
2021-12-28,crude,0.10894198810554684,2449377.0
2022-01-04,crude,0.10700823881930477,2489313.0
2022-01-11,crude,0.10893570573211958,2642164.0
2022-01-18,crude,0.11350050467576359,2745327.0
2022-01-25,crude,0.10561412117775429,2816309.0
2022-02-01,crude,0.10636725672855019,2856819.0
2022-02-08,crude,0.09907057669205857,2989273.0
2022-02-15,crude,0.09790781482321514,2976075.0
2022-02-22,crude,0.09677033106069677,2814499.0
2022-03-01,crude,0.09723217779439926,2887830.0
2022-03-08,crude,0.0943228989301865,2942382.0
2022-03-15,crude,0.09253865329523142,2796010.0
2022-03-22,crude,0.09721078578199646,2714277.0
2022-03-29,crude,0.09595944750801529,2687677.0
2022-04-05,crude,0.09252232359072339,2735783.0
2022-04-12,crude,0.09422335759137432,2704945.0
2022-04-19,crude,0.09241247455353813,2600558.0
2022-04-26,crude,0.09681119918907398,2606403.0
2022-05-03,crude,0.09672875998294965,2629859.0
2022-05-10,crude,0.09521926263131987,2614513.0
2022-05-17,crude,0.1171048384941608,2432265.0
2022-05-24,crude,0.11417629656103566,2417472.0
2022-05-31,crude,0.11122343302099202,2546253.0
2022-06-07,crude,0.10920443934010969,2608676.0
2022-06-14,crude,0.10520690815873276,2528199.0
2022-06-21,crude,0.09922586592389597,2358377.0
2022-06-28,crude,0.10304212508739974,2361277.0
2022-07-05,crude,0.08677686664162122,2315790.0
2022-07-12,crude,0.0935282365008139,2301861.0
2022-07-19,crude,0.10078299157238078,2258645.0
2022-07-26,crude,0.09578626129606432,2245583.0
2022-08-02,crude,0.08502302803659037,2263328.0
2022-08-09,crude,0.07494422388633132,2225415.0
2022-08-16,crude,0.0691380715272094,2218792.0
2022-08-23,crude,0.08734397759343726,2100099.0
2022-08-30,crude,0.08330917519035089,2073145.0
2022-09-06,crude,0.08404411367859428,2075184.0
2022-09-13,crude,0.08802827971423045,2099314.0
2022-09-20,crude,0.09429259274298298,2044063.0
2022-09-27,crude,0.08205682293037005,2067616.0
2022-10-04,crude,0.08975965150534805,2109645.0
2022-10-11,crude,0.0973242432821571,2144029.0
2022-10-18,crude,0.08577917259276259,2052363.0
2022-10-25,crude,0.08864155929706122,2052412.0
2022-11-01,crude,0.09396178218235164,2107708.0
2022-11-08,crude,0.1023096482892008,2089842.0
2022-11-15,crude,0.09081342141067021,2112386.0
2022-11-22,crude,0.09272059573930412,1851951.0
2022-11-29,crude,0.08936545234551324,1852942.0
2022-12-06,crude,0.09076240056128689,1887092.0
2022-12-13,crude,0.09128567954050801,1924212.0
2022-12-20,crude,0.10341457904114089,1823563.0
2022-12-27,crude,0.10473364630493238,1865771.0
2023-01-03,crude,0.0871557386244239,1898739.0
2023-01-10,crude,0.07795409250875071,2003551.0
2023-01-17,crude,0.08894186963966846,2046865.0
2023-01-24,crude,0.08954000020903467,2104914.0
2023-01-31,crude,0.08482171797909802,2175009.0
2023-02-07,crude,0.07715130253437488,2263280.0
2023-02-14,crude,0.08305467639895914,2302712.0
2023-02-21,crude,0.07559859470876099,2173215.0
2023-02-28,crude,0.07917284041995161,2175203.0
2023-03-07,crude,0.08020866925749601,2195436.0
2023-03-14,crude,0.055030583890412904,2252820.0
2023-03-21,crude,0.031246699577765068,2281905.0
2023-03-28,crude,0.04940240086352585,2292925.0
2023-04-04,crude,0.07300118224391301,2416591.0
2023-04-11,crude,0.08108867737456242,2447851.0
2023-04-18,crude,0.08806961629122699,2412194.0
2023-04-25,crude,0.08280086648276584,2329879.0
2023-05-02,crude,0.06454101237419296,2433290.0
2023-05-09,crude,0.07031360871483859,2445117.0
2023-05-16,crude,0.06625194362676415,2419446.0
2023-05-23,crude,0.06169842512083957,2320432.0
2023-05-30,crude,0.04632464699394074,2403429.0
2023-06-06,crude,0.048812309020369524,2446596.0
2023-06-13,crude,0.043881442971260065,2375127.0
2023-06-20,crude,0.04707209788175559,2268860.0
2023-06-27,crude,0.0310740107247316,2302342.0
2023-07-03,crude,0.04238704071223634,2249815.0
2023-07-11,crude,0.05629291582384551,2277569.0
2023-07-18,crude,0.07918483284979032,2188361.0
2023-07-25,crude,0.08668159008899455,2216203.0
2023-08-01,crude,0.09134234786808426,2254803.0
2023-08-08,crude,0.09351336102214244,2247358.0
2023-08-15,crude,0.07978996347384851,2241134.0
2023-08-22,crude,0.07811779898667642,2072191.0
2023-08-29,crude,0.08802736955085866,2131712.0
2023-09-05,crude,0.10947040575142801,2274496.0
2023-09-12,crude,0.11570323250918171,2414038.0
2023-09-19,crude,0.13046009967216138,2256598.0
2023-09-26,crude,0.13526046710853384,2325284.0
2023-10-03,crude,0.12937436138015293,2370346.0
2023-10-10,crude,0.11291273436358415,2381556.0
2023-10-17,crude,0.09886074175992637,2234173.0
2023-10-24,crude,0.09726546009178685,2202930.0
2023-10-31,crude,0.06817300486886578,2251243.0
2023-11-07,crude,0.05833310023560801,2323775.0
2023-11-14,crude,0.054527316739766914,2279518.0
2023-11-21,crude,0.05136107209513577,2035491.0
2023-11-28,crude,0.047806969683979156,2052776.0
2023-12-05,crude,0.04094044435383146,2138521.0
2023-12-12,crude,0.03390516557076551,2159258.0
2023-12-19,crude,0.05384028440553796,2037935.0
2023-12-26,crude,0.06209704178638546,2016183.0
2024-01-02,crude,0.04384929351734362,2037205.0
2024-01-09,crude,0.05396956444668922,2059105.0
2024-01-16,crude,0.04325816092362123,2084231.0
2024-01-23,crude,0.064006092364599,2095738.0
2024-01-30,crude,0.06667361978710137,2253185.0
2024-02-06,crude,0.04181240665595852,2271168.0
2024-02-13,crude,0.05203795605987663,2222570.0
2024-02-20,crude,0.06392902091620319,2098421.0
2024-02-27,crude,0.08247520976353928,2118576.0
2024-03-05,crude,0.08765125511489576,2098772.0
2024-03-12,crude,0.07802817121344546,2177329.0
2024-03-19,crude,0.09913897620015558,2218754.0
2024-03-26,crude,0.09553550480184113,2276002.0
2024-04-02,crude,0.09809083545450854,2339505.0
2024-04-09,crude,0.10000575300783626,2381363.0
2024-04-16,crude,0.08259075496513842,2468763.0
2024-04-23,crude,0.08112846265704454,2214340.0
2024-04-30,crude,0.07693692240726772,2244553.0
2024-05-07,crude,0.05133175652592766,2291973.0
2024-05-14,crude,0.05741202198268712,2242492.0
2024-05-21,crude,0.08016303778856734,2149195.0
2024-05-28,crude,0.0904297849167416,2227463.0
2024-06-04,crude,0.06764742451154529,2252000.0
2024-06-11,crude,0.08884184091855094,2169417.0
2024-06-18,crude,0.09246488647572824,2062026.0
2024-06-25,crude,0.11297841290951896,2087266.0
2024-07-02,crude,0.1141886167590881,2181312.0
2024-07-09,crude,0.11485734380239034,2201026.0
2024-07-16,crude,0.11612042202696665,2269618.0
2024-07-23,crude,0.10741145649767993,2227295.0
2024-07-30,crude,0.09474424013301579,2236727.0
2024-08-06,crude,0.08006457561436994,2351352.0
2024-08-13,crude,0.08722562210283533,2301388.0
2024-08-20,crude,0.08201338688577434,2177803.0
2024-08-27,crude,0.08496748698910159,2195275.0
2024-09-03,crude,0.05623471332086455,2220479.0
2024-09-10,crude,0.04410434467101898,2381262.0
2024-09-17,crude,0.05890089970599288,2261850.0
2024-09-24,crude,0.07221088532450483,2242432.0
2024-10-01,crude,0.06104444609642291,2313724.0
2024-10-08,crude,0.05891809195209925,2330235.0
2024-10-15,crude,0.05642734597845322,2297698.0
2024-10-22,crude,0.05169815110257248,2200717.0
2024-10-29,crude,0.041972711299988266,2283436.0
2024-11-05,crude,0.06246182490820626,2305168.0
2024-11-12,crude,0.05426536955792997,2320854.0
2024-11-19,crude,0.04981604385094438,2170626.0
2024-11-26,crude,0.05175196856783415,2156517.0
2024-12-03,crude,0.05325779399643405,2186234.0
2024-12-10,crude,0.04735834646110377,2195727.0
2024-12-17,crude,0.07365043945555667,2188731.0
2024-12-24,crude,0.08287536907508741,2206868.0
2024-12-31,crude,0.08850128969294464,2250148.0
2025-01-07,crude,0.10403194408433968,2368138.0
2025-01-14,crude,0.09674705575960606,2384486.0
2025-01-21,crude,0.10920679720217624,2297357.0
2025-01-28,crude,0.08612622823683995,2226871.0
2025-02-04,crude,0.0632815067968859,2220870.0
2025-02-11,crude,0.05427916266652931,2252006.0
2025-02-18,crude,0.04863203859688591,2124731.0
2025-02-25,crude,0.031031423575396008,2177728.0
2025-03-04,crude,0.04584132598869533,2266143.0
2025-03-11,crude,0.05004775119745477,2313031.0
2025-03-18,crude,0.0436334291029678,2211905.0
2025-03-25,crude,0.04127731177035282,2225048.0
2025-04-01,crude,0.04092103686923925,2312307.0
2025-04-08,crude,0.025826372919544247,2689615.0
2025-04-15,crude,0.04246293338261929,2618731.0
2025-04-22,crude,0.0600419757111419,2453800.0
2025-04-29,crude,0.0606711354410466,2538802.0
2025-05-06,crude,0.054295696495136554,2651002.0
2025-05-13,crude,0.05393619027446322,2582459.0
2025-05-20,crude,0.054205482465641525,2377361.0
2025-05-27,crude,0.04877521946057719,2472198.0
2025-06-03,crude,0.06389582830508633,2552248.0
2025-06-10,crude,0.06955706654582887,2575353.0
2025-06-17,crude,0.06758834214604184,2607787.0
2025-06-24,crude,0.06267684625682961,2625515.0
2025-07-01,crude,0.06793636334854176,2621571.0
2025-07-08,crude,0.0563456048404278,2628528.0
2025-07-15,crude,0.035619761840607625,2698109.0
2025-07-22,crude,0.03402994420050503,2529772.0
2025-07-29,crude,0.03388198700264761,2592528.0
2025-08-05,crude,0.030334668054622874,2598545.0
2025-08-12,crude,0.01916702947226473,2570247.0
2025-08-19,crude,0.012369847008252121,2399868.0
2025-08-26,crude,0.010156930338761404,2385071.0
2025-09-02,crude,0.011081064727598783,2462489.0
2025-09-09,crude,0.005188443344018758,2439460.0
2025-09-16,crude,0.01586055884579618,2452877.0
2025-09-23,crude,0.012471556285689812,2358166.0
2025-09-30,crude,0.007443830175731235,2469965.0
2025-10-07,crude,-0.006287773888906499,2492297.0
2025-10-14,crude,-0.009665195471209585,2595395.0
2025-10-21,crude,-0.012150065357994516,2468711.0
2025-10-28,crude,0.001932174365476464,2375562.0
2025-11-04,crude,0.009400190568518346,2409632.0
2025-11-10,crude,0.0013293116566577892,2390711.0
2025-11-18,crude,-0.0014811702716950636,2242146.0
2025-11-25,crude,-0.01233615337525883,2314741.0
2025-12-02,crude,-0.012599883785608857,2335339.0
2025-12-09,crude,0.004654827938151654,2308356.0
2025-12-16,crude,0.00477457143582827,2322931.0
2025-12-23,crude,0.007792106974081298,2267166.0
2025-12-30,crude,0.008585251886612478,2295914.0
2026-01-06,crude,0.009478971418256465,2382115.0
2026-01-13,crude,0.016776571291449067,2533712.0
2026-01-20,crude,0.021914107068011078,2438338.0
2026-01-27,crude,0.024366703982707225,2585126.0
2026-02-03,crude,0.029894139258033837,2688721.0
2026-02-10,crude,0.032204517378104404,2680183.0
2026-02-17,crude,0.03151617076526799,2577058.0
2026-02-24,crude,0.03603773231724303,2724561.0
2026-03-03,crude,0.03752756478394851,2889103.0
2026-03-10,crude,0.043461860360944446,3138821.0
2026-03-17,crude,0.049094451560977845,3011766.0
2026-03-24,crude,0.050466250091881534,2952171.0
2026-03-31,crude,0.04300491218696775,3039583.0
2026-04-07,crude,0.0440576030193832,3128586.0
2026-04-14,crude,0.04674764800116154,3085567.0
2026-04-21,crude,0.05113075190205784,2804594.0
2026-04-28,crude,0.04682512448306999,2893767.0
2026-05-05,crude,0.043846427849904834,3009504.0
2026-05-12,crude,0.04273157882240589,3032488.0
2026-05-19,crude,0.04994511486289513,2778530.0
2026-05-26,crude,0.042215610243162234,2742161.0
2026-06-02,crude,0.0450032613683405,2761111.0
2026-06-09,crude,0.044736806750516785,2754041.0
2026-06-16,crude,0.04512045709508997,2612673.0
2026-06-23,crude,0.03958166839327117,2533875.0
2026-06-30,crude,0.03648504281823236,2568532.0
2026-07-07,crude,0.0291676105517236,2560340.0
2026-07-14,crude,0.032958370803514575,2620973.0
2026-07-21,crude,0.03445597580528775,2522204.0
2026-07-28,crude,0.04272802587975383,2534800.0
2026-08-04,crude,0.03891212406286474,2596877.0
2026-08-11,crude,0.03976442315802711,2608236.0
2026-08-18,crude,0.04248608640396229,2448684.0
2026-08-25,crude,0.04212130281073186,2482663.0
2026-09-01,crude,0.04678781848114723,2556627.0
2026-09-08,crude,0.05347670135346841,2605602.0
2026-09-15,crude,0.05018985230529176,2725013.0
2026-09-22,crude,0.05861226858845586,2432733.0
2026-09-29,crude,0.04927510087252479,2494485.0
2006-06-13,es,-0.08018534701160988,2042655.0
2006-06-20,es,-0.17947324899340789,1293970.0
2006-06-27,es,-0.1878793944316349,1298945.0
2006-07-03,es,-0.16372326606025084,1332529.0
2006-07-11,es,-0.18267420802701206,1344585.0
2006-07-18,es,-0.21601843512364188,1403408.0
2006-07-25,es,-0.19511742237966545,1378698.0
2006-08-01,es,-0.2087063374279051,1386714.0
2006-08-08,es,-0.22405506863110322,1465662.0
2006-08-15,es,-0.19301297552246352,1503215.0
2006-08-22,es,-0.20235358574875015,1547766.0
2006-08-29,es,-0.17284494584312649,1581886.0
2006-09-05,es,-0.18793745381850704,1672748.0
2006-09-12,es,-0.1571910572319937,1998218.0
2006-09-19,es,-0.16282001923451536,1303906.0
2006-09-26,es,-0.1138594831672617,1428199.0
2006-10-03,es,-0.08738491169541367,1453775.0
2006-10-10,es,-0.0782663103730277,1499138.0
2006-10-17,es,-0.0588170709861423,1557473.0
2006-10-24,es,-0.047667316987782114,1610999.0
2006-10-31,es,-0.008773972145927691,1649310.0
2006-11-07,es,-0.01747823541158473,1697597.0
2006-11-14,es,-0.0028570343684090013,1738166.0
2006-11-21,es,0.01113868386668974,1785579.0
2006-11-28,es,0.015314573197700132,1808800.0
2006-12-05,es,-0.017150534976193548,1961863.0
2006-12-12,es,-0.02134240577881468,2361730.0
2006-12-19,es,-0.001611364204192072,1504936.0
2006-12-26,es,-0.011433224624498022,1489606.0
2007-01-03,es,0.01376810830604519,1518364.0
2007-01-09,es,0.029417500175126707,1584567.0
2007-01-16,es,0.03503573433682837,1647575.0
2007-01-23,es,-0.007336183790836168,1664762.0
2007-01-30,es,-0.062154053307761005,1669513.0
2007-02-06,es,-0.03722033336673991,1726207.0
2007-02-13,es,-0.0454595928439235,1783100.0
2007-02-20,es,-0.040442588351327906,1869638.0
2007-02-27,es,-0.08100190288982079,2006422.0
2007-03-06,es,-0.11672689755862638,2101358.0
2007-03-13,es,-0.13685289234405548,2700111.0
2007-03-20,es,-0.2544157840994041,1696188.0
2007-03-27,es,-0.2681420146884026,1741510.0
2007-04-03,es,-0.25738994658821485,1873931.0
2007-04-10,es,-0.24230980168770783,1887175.0
2007-04-17,es,-0.2319539664979087,1945192.0
2007-04-24,es,-0.2230272450581331,2035415.0
2007-05-01,es,-0.17463283789897313,1993806.0
2007-05-08,es,-0.18041789225389038,2008221.0
2007-05-15,es,-0.1745651505517894,2010006.0
2007-05-22,es,-0.19241791738220415,2160963.0
2007-05-29,es,-0.21610414232590647,2200527.0
2007-06-05,es,-0.20866661621860752,2405114.0
2007-06-12,es,-0.1839967457831822,2861518.0
2007-06-19,es,-0.15567655625528895,1577585.0
2007-06-26,es,-0.15716725585290794,1642944.0
2007-07-03,es,-0.20384227902049726,1619924.0
2007-07-10,es,-0.21877302873986734,1682680.0
2007-07-17,es,-0.22736333987641968,1702051.0
2007-07-24,es,-0.23478256004252285,1787275.0
2007-07-31,es,-0.21715165712433998,1981173.0
2007-08-07,es,-0.19455866059337684,2111980.0
2007-08-14,es,-0.1842128702162944,2121969.0
2007-08-21,es,-0.17464102329278988,2085581.0
2007-08-28,es,-0.17287845554589115,2115440.0
2007-09-04,es,-0.183042366524718,2086435.0
2007-09-11,es,-0.18102323141698573,2264864.0
2007-09-18,es,-0.1487941518142511,2851893.0
2007-09-25,es,-0.20646388507224472,1747463.0
2007-10-02,es,-0.1996290423107202,1865981.0
2007-10-09,es,-0.1920877196759309,1950942.0
2007-10-16,es,-0.18462912189551697,2000172.0
2007-10-23,es,-0.21240947547729044,1977779.0
2007-10-30,es,-0.214804247915468,2026594.0
2007-11-06,es,-0.2340629248769652,2036619.0
2007-11-13,es,-0.2032579816024556,2055383.0
2007-11-20,es,-0.1867571674357278,2149374.0
2007-11-27,es,-0.17574464028718434,2150535.0
2007-12-04,es,-0.1999989833693082,2164011.0
2007-12-11,es,-0.18561551662986886,2342983.0
2007-12-18,es,-0.12021655190271702,2757399.0
2007-12-24,es,-0.1259284995927395,1747039.0
2007-12-31,es,-0.12361097669599203,1725583.0
2008-01-08,es,-0.128658925711717,1993208.0
2008-01-15,es,-0.09005509962473926,2139579.0
2008-01-22,es,-0.028676530063757057,2509683.0
2008-01-29,es,-0.06839788758182189,2389489.0
2008-02-05,es,-0.08419399339308571,2490724.0
2008-02-12,es,-0.11027242110232809,2473964.0
2008-02-19,es,-0.13930646731392787,2371943.0
2008-02-26,es,-0.14740801867190004,2358196.0
2008-03-04,es,-0.11988590976431425,2402309.0
2008-03-11,es,-0.11874061525816185,2494075.0
2008-03-18,es,-0.05547694213800733,3089662.0
2008-03-25,es,-0.2067163831699766,2083681.0
2008-04-01,es,-0.2027087550918763,2112188.0
2008-04-08,es,-0.20833053374257393,2098521.0
2008-04-15,es,-0.18442878080103522,2040110.0
2008-04-22,es,-0.1965728551085447,2042108.0
2008-04-29,es,-0.2036558001427662,2070518.0
2008-05-06,es,-0.16167043980963336,2117598.0
2008-05-13,es,-0.18626726231962742,2129204.0
2008-05-20,es,-0.19320813833406286,2225222.0
2008-05-27,es,-0.18338858159831076,2290268.0
2008-06-03,es,-0.16927183004869167,2348861.0
2008-06-10,es,-0.15635608335218806,2452965.0
2008-06-17,es,-0.12909858969952523,2862936.0
2008-06-24,es,-0.20728038074875105,1945640.0
2008-07-01,es,-0.17523705161778713,2128123.0
2008-07-08,es,-0.1707219644469658,2305626.0
2008-07-15,es,-0.11756748652268653,2551139.0
2008-07-22,es,-0.1777285748074952,2435264.0
2008-07-29,es,-0.15701161307332867,2488058.0
2008-08-05,es,-0.1431454483970619,2492891.0
2008-08-12,es,-0.14026991403267278,2464192.0
2008-08-19,es,-0.15101989140028474,2480117.0
2008-08-26,es,-0.14440758797833875,2444920.0
2008-09-02,es,-0.13716101644959766,2459817.0
2008-09-09,es,-0.11479155542141635,2584380.0
2008-09-16,es,-0.02610526959400399,3205598.0
2008-09-23,es,-0.09997030576240286,2266433.0
2008-09-30,es,-0.07053262695841667,2565210.0
2008-10-07,es,-0.02066820778089917,2894010.0
2008-10-14,es,-0.03098923183764201,3189495.0
2008-10-21,es,-0.0200641051085619,3023160.0
2008-10-28,es,0.0020009046035175033,3062115.0
2008-11-04,es,0.019328633730314786,2896273.0
2008-11-11,es,0.0006457935669101292,3042768.0
2008-11-18,es,0.024532316287373828,3199331.0
2008-11-25,es,0.05303415871891896,3253752.0
2008-12-02,es,0.05482545412412303,3227862.0
2008-12-09,es,0.0773199396815524,3147959.0
2008-12-16,es,0.08108492129072309,3814544.0
2008-12-22,es,0.07987021342846565,2276969.0
2008-12-30,es,0.07297839177841553,2307779.0
2009-01-06,es,0.02507505222241253,2411321.0
2009-01-13,es,0.05332898164294626,2438899.0
2009-01-20,es,0.05530016973454515,2565182.0
2009-01-27,es,0.07470817833368187,2620436.0
2009-02-03,es,0.08404506398956746,2681609.0
2009-02-10,es,0.029293885937689456,2746341.0
2009-02-17,es,0.0470496665630846,3047503.0
2009-02-24,es,0.05160081430644395,3099079.0
2009-03-03,es,0.05761271569837476,3306527.0
2009-03-10,es,0.05795205609633771,3582979.0
2009-03-17,es,0.02325029203154704,3929370.0
2009-03-24,es,-0.10149628441099966,2428148.0
2009-03-31,es,-0.07047102956491375,2439953.0
2009-04-07,es,-0.08486730028724317,2412590.0
2009-04-14,es,-0.09597561810165316,2454936.0
2009-04-21,es,-0.07888013150936303,2511152.0
2009-04-28,es,-0.09858286769432069,2616834.0
2009-05-05,es,-0.1345039980409067,2629788.0
2009-05-12,es,-0.12522942715026533,2645720.0
2009-05-19,es,-0.11947365594683229,2700135.0
2009-05-26,es,-0.12391448760307024,2736726.0
2009-06-02,es,-0.12491768634071908,2757744.0
2009-06-09,es,-0.129296192078973,2815342.0
2009-06-16,es,-0.0956906434403812,3243222.0
2009-06-23,es,-0.07562870504930948,2303107.0
2009-06-30,es,-0.0929886442102896,2330177.0
2009-07-07,es,-0.12134124018363816,2411917.0
2009-07-14,es,-0.11202170093348988,2401740.0
2009-07-21,es,-0.12006074820603987,2420483.0
2009-07-28,es,-0.08003118585740539,2503699.0
2009-08-04,es,-0.08470471287106945,2547131.0
2009-08-11,es,-0.0929117526729532,2595818.0
2009-08-18,es,-0.09305624782863543,2622199.0
2009-08-25,es,-0.11118965050305864,2651182.0
2009-09-01,es,-0.09524826469599314,2673739.0
2009-09-08,es,-0.09752312653665468,2688470.0
2009-09-15,es,-0.08883593553424451,3084056.0
2009-09-22,es,-0.1092684361598479,2284722.0
2009-09-29,es,-0.10558498471536373,2338950.0
2009-10-06,es,-0.10346022465653677,2334675.0
2009-10-13,es,-0.12325877005007031,2323932.0
2009-10-20,es,-0.1403596109209967,2392419.0
2009-10-27,es,-0.12266635929604038,2472585.0
2009-11-03,es,-0.07180648634600033,2531749.0
2009-11-09,es,-0.08550729957506031,2560834.0
2009-11-17,es,-0.07028562200587117,2606977.0
2009-11-24,es,-0.05271364994887411,2639563.0
2009-12-01,es,-0.04609818324126616,2657480.0
2009-12-08,es,-0.05729858307449913,2770435.0
2009-12-15,es,-0.02823778633985433,3378983.0
2009-12-22,es,-0.1161522208877489,2375469.0
2009-12-29,es,-0.12523519897093552,2400627.0
2010-01-05,es,-0.10294790365248217,2406829.0
2010-01-12,es,-0.13477133372675704,2445201.0
2010-01-19,es,-0.1266034695881704,2479545.0
2010-01-26,es,-0.13647349967186018,2633024.0
2010-02-02,es,-0.12028498158553284,2710912.0
2010-02-09,es,-0.07553206272665262,2835286.0
2010-02-16,es,-0.08293213511943301,2827987.0
2010-02-23,es,-0.08556925028107701,2847974.0
2010-03-02,es,-0.08835798559426863,2870663.0
2010-03-09,es,-0.08984758797608569,2971944.0
2010-03-16,es,-0.07246448489156648,3578829.0
2010-03-23,es,-0.20826959828721067,2348917.0
2010-03-30,es,-0.21525756271314078,2419469.0
2010-04-06,es,-0.20402651567371305,2408236.0
2010-04-13,es,-0.21203467685824234,2426056.0
2010-04-20,es,-0.18903813125253147,2496089.0
2010-04-27,es,-0.18813414099627032,2575827.0
2010-05-04,es,-0.18837028537587444,2566615.0
2010-05-11,es,-0.15635730821833865,2659978.0
2010-05-18,es,-0.13647584618250494,2641156.0
2010-05-25,es,-0.102880923205601,2735512.0
2010-06-01,es,-0.13410391547307046,2820119.0
2010-06-08,es,-0.10817312900182575,3046422.0
2010-06-15,es,-0.1078680588226367,3426436.0
2010-06-22,es,-0.19750848117457315,2607245.0
2010-06-29,es,-0.1553740537614289,2752345.0
2010-07-06,es,-0.16364386365075026,2875146.0
2010-07-13,es,-0.2113202542901056,2812693.0
2010-07-20,es,-0.1735103652945162,2814633.0
2010-07-27,es,-0.17617914196746287,2780454.0
2010-08-03,es,-0.17800331185894658,2745286.0
2010-08-10,es,-0.17265108450616198,2752036.0
2010-08-17,es,-0.14225366811416038,2826725.0
2010-08-24,es,-0.1292573527935733,2939121.0
2010-08-31,es,-0.1195962330156055,3042646.0
2010-09-07,es,-0.13283601276822576,3025949.0
2010-09-14,es,-0.12133124553119594,3460098.0
2010-09-21,es,-0.1716930844709915,2480461.0
2010-09-28,es,-0.15888964743271813,2570715.0
2010-10-05,es,-0.1565734826184323,2643979.0
2010-10-12,es,-0.15711276042025255,2687051.0
2010-10-19,es,-0.15678858256547992,2689641.0
2010-10-26,es,-0.12774726140883375,2696003.0
2010-11-02,es,-0.11255479467978209,2709889.0
2010-11-09,es,-0.13089107073389225,2801910.0
2010-11-16,es,-0.13757270110621095,2859310.0
2010-11-23,es,-0.1378939912684755,2836389.0
2010-11-30,es,-0.11554850919082253,2882495.0
2010-12-07,es,-0.12919532807084555,2979326.0
2010-12-14,es,-0.10560232085365329,3391166.0
2010-12-21,es,-0.10491457219591618,2435858.0
2010-12-28,es,-0.11441387453684063,2479708.0
2011-01-04,es,-0.10566846579862417,2499724.0
2011-01-11,es,-0.09060362949730302,2533574.0
2011-01-18,es,-0.11408981114522353,2575471.0
2011-01-25,es,-0.10960896587225986,2649692.0
2011-02-01,es,-0.10705858934573316,2707779.0
2011-02-08,es,-0.12484216677059794,2775873.0
2011-02-15,es,-0.13292502951073684,2837103.0
2011-02-22,es,-0.1095317619075041,2899999.0
2011-03-01,es,-0.11268449586698961,2970595.0
2011-03-08,es,-0.08081509013598333,3037799.0
2011-03-15,es,-0.03971974573310876,3595592.0
2011-03-22,es,-0.19736880486599193,2571151.0
2011-03-29,es,-0.19877878278171082,2655711.0
2011-04-05,es,-0.19399769652693083,2682037.0
2011-04-12,es,-0.20072161448719922,2695345.0
2011-04-19,es,-0.1856684295328577,2708468.0
2011-04-26,es,-0.1715204639599906,2745754.0
2011-05-03,es,-0.14828492932431295,2816881.0
2011-05-10,es,-0.1615994640483627,2707707.0
2011-05-17,es,-0.16061344083970025,2725544.0
2011-05-24,es,-0.15226646426153634,2803618.0
2011-05-31,es,-0.15587780412412128,2866938.0
2011-06-07,es,-0.13087527678808508,3009071.0
2011-06-14,es,-0.10612170184292163,3425322.0
2011-06-21,es,-0.1893112169612789,2537969.0
2011-06-28,es,-0.1624266720287518,2516434.0
2011-07-05,es,-0.1601096949310197,2494190.0
2011-07-12,es,-0.1204302555016835,2601431.0
2011-07-19,es,-0.12798752857585846,2599222.0
2011-07-26,es,-0.14752618077888835,2581474.0
2011-08-02,es,-0.08874318518199703,2811337.0
2011-08-09,es,-0.016330851758118766,3386290.0
2011-08-16,es,-0.08752665294727013,3229005.0
2011-08-23,es,-0.06909150873870326,3438382.0
2011-08-30,es,-0.10671154626191368,3569848.0
2011-09-06,es,-0.07913618779626207,3762716.0
2011-09-13,es,-0.061778631664171274,4089537.0
2011-09-20,es,-0.20195360329143258,2920552.0
2011-09-27,es,-0.10778579498137761,2976793.0
2011-10-04,es,-0.09868196490393165,3143543.0
2011-10-11,es,-0.1264142085545092,3011932.0
2011-10-18,es,-0.14518456720479417,3003811.0
2011-10-25,es,-0.1257490491157867,3004309.0
2011-11-01,es,-0.09214835660379411,2848461.0
2011-11-08,es,-0.11439044337206909,2891815.0
2011-11-15,es,-0.09108550354269034,2962579.0
2011-11-22,es,-0.10268385558854641,3035521.0
2011-11-29,es,-0.10737516433925258,3015865.0
2011-12-06,es,-0.06427440717200564,3017064.0
2011-12-13,es,-0.05548509344743498,3406086.0
2011-12-20,es,-0.11424553392251147,2561308.0
2011-12-27,es,-0.13525450478058348,2610560.0
2012-01-03,es,-0.12435194946778241,2671088.0
2012-01-10,es,-0.10563595717143193,2592195.0
2012-01-17,es,-0.11390680577435623,2624154.0
2012-01-24,es,-0.1212103596483187,2683566.0
2012-01-31,es,-0.09780538038376266,2730177.0
2012-02-07,es,-0.10745763968326143,2724897.0
2012-02-14,es,-0.12969720053323178,2756775.0
2012-02-21,es,-0.13098517274205082,2802676.0
2012-02-28,es,-0.1314467412632814,2827921.0
2012-03-06,es,-0.13933199098171328,2970409.0
2012-03-13,es,-0.12071892086536883,3318585.0
2012-03-20,es,-0.14359122819714845,2694315.0
2012-03-27,es,-0.14992685013535836,2732746.0
2012-04-03,es,-0.11840553608285238,2753427.0
2012-04-10,es,-0.12983103928100717,2775438.0
2012-04-17,es,-0.12508018715030111,2804377.0
2012-04-24,es,-0.12283528347408652,2819711.0
2012-05-01,es,-0.11013835330464032,2858768.0
2012-05-08,es,-0.14328712979014335,2867529.0
2012-05-15,es,-0.11892149611751407,2967815.0
2012-05-22,es,-0.15781647309749555,3000650.0
2012-05-29,es,-0.16005148044091885,3040378.0
2012-06-05,es,-0.14383180282587776,3166379.0
2012-06-12,es,-0.15946854441480737,3420267.0
2012-06-19,es,-0.18939238062075625,2590421.0
2012-06-26,es,-0.1679695577537246,2741979.0
2012-07-03,es,-0.15368512111360277,2730453.0
2012-07-10,es,-0.1789064179337759,2795931.0
2012-07-17,es,-0.18070232158358476,2808514.0
2012-07-24,es,-0.17899607047344868,2860141.0
2012-07-31,es,-0.1559068223859323,2756499.0
2012-08-07,es,-0.1568330822585851,2831826.0
2012-08-14,es,-0.17956384203601972,2922565.0
2012-08-21,es,-0.17416790322586026,2998239.0
2012-08-28,es,-0.17791356646074788,3056383.0
2012-09-04,es,-0.18073892459936608,3099775.0
2012-09-11,es,-0.16959846593282443,3193602.0
2012-09-18,es,-0.13453051914319974,3584406.0
2012-09-25,es,-0.10343369755672352,2831321.0
2012-10-02,es,-0.10573932431134704,2926111.0
2012-10-09,es,-0.11294557004814106,2902097.0
2012-10-16,es,-0.09810861660581392,2927011.0
2012-10-23,es,-0.10479481314884564,2989251.0
2012-10-30,es,-0.1058854268730812,3015873.0
2012-11-06,es,-0.09145609468672103,2996323.0
2012-11-13,es,-0.05803825999657986,3075902.0
2012-11-20,es,-0.09027603242016223,3123365.0
2012-11-27,es,-0.09074405389183329,3117207.0
2012-12-04,es,-0.06723986358589162,3156565.0
2012-12-11,es,-0.04338193880242762,3226043.0
2012-12-18,es,-0.03968615306325589,3395668.0
2012-12-24,es,-0.12493446809803899,2763921.0
2012-12-31,es,-0.1107646816511774,2765033.0
2013-01-08,es,-0.1277899617099097,2799680.0
2013-01-15,es,-0.14527968511070502,2843412.0
2013-01-22,es,-0.1431067208487378,2946116.0
2013-01-29,es,-0.15274456619916957,2989252.0
2013-02-05,es,-0.13572281250843338,3001463.0
2013-02-12,es,-0.1400602868191091,3087242.0
2013-02-19,es,-0.12253548156687007,3147268.0
2013-02-26,es,-0.11847546888140126,3236746.0
2013-03-05,es,-0.09299174301480542,3275893.0
2013-03-12,es,-0.08652721415347221,3796609.0
2013-03-19,es,-0.11300897394844944,2845013.0
2013-03-26,es,-0.12580293682528218,2929558.0
2013-04-02,es,-0.13000372340761215,3010683.0
2013-04-09,es,-0.10887936156479887,3041311.0
2013-04-16,es,-0.10839978568190249,3032875.0
2013-04-23,es,-0.11201649572234666,3028179.0
2013-04-30,es,-0.08815349020380034,3087728.0
2013-05-07,es,-0.09951843994732026,3189841.0
2013-05-14,es,-0.1161157297530266,3287763.0
2013-05-21,es,-0.12993816958992893,3340104.0
2013-05-28,es,-0.13563882041741157,3384621.0
2013-06-04,es,-0.12516400370996042,3307852.0
2013-06-11,es,-0.11852421567389483,3397407.0
2013-06-18,es,-0.12748594891187978,3746507.0
2013-06-25,es,-0.08753394762722025,2729204.0
2013-07-02,es,-0.08716388977335439,2707222.0
2013-07-09,es,-0.10668192545662553,2723676.0
2013-07-16,es,-0.11199135369983848,2784081.0
2013-07-23,es,-0.11553947439046021,2813229.0
2013-07-30,es,-0.10302033977062315,2840740.0
2013-08-06,es,-0.11489836320968942,2844836.0
2013-08-13,es,-0.1171554153816523,2876427.0
2013-08-20,es,-0.10275557479175919,2929661.0
2013-08-27,es,-0.09933222621625219,2996973.0
2013-09-03,es,-0.10495969077228912,2986537.0
2013-09-10,es,-0.11291272887781885,3044856.0
2013-09-17,es,-0.09021564735403169,3337625.0
2013-09-24,es,-0.10926874329055421,2624099.0
2013-10-01,es,-0.09484030420424598,2623895.0
2013-10-08,es,-0.07244591039355562,2732549.0
2013-10-15,es,-0.06827894418150128,2690273.0
2013-10-22,es,-0.05643472441114877,2732821.0
2013-10-29,es,-0.061201384155953144,2771653.0
2013-11-05,es,-0.05164372649807186,2813333.0
2013-11-12,es,-0.0460830099603273,2811253.0
2013-11-19,es,-0.04927198711304804,2882916.0
2013-11-26,es,-0.04591323764133515,2864468.0
2013-12-03,es,-0.035875063543540905,2917291.0
2013-12-10,es,-0.047914650121069075,2947491.0
2013-12-17,es,-0.01134320382945564,3368625.0
2013-12-24,es,-0.09818510529676394,2750132.0
2013-12-31,es,-0.09378625378401671,2789364.0
2014-01-07,es,-0.0899994015115596,2790363.0
2014-01-14,es,-0.09942294449752574,2885511.0
2014-01-21,es,-0.12123969682152952,2871444.0
2014-01-28,es,-0.10843078909548576,2912005.0
2014-02-04,es,-0.10563445610751894,2985967.0
2014-02-11,es,-0.1452948944305389,3078305.0
2014-02-18,es,-0.14675140939359727,3163772.0
2014-02-25,es,-0.13485791861329469,3190988.0
2014-03-04,es,-0.13635315768348188,3301075.0
2014-03-11,es,-0.14149834066248224,3368513.0
2014-03-18,es,-0.10447619958657751,3878357.0
2014-03-25,es,-0.15294000887498657,2801131.0
2014-04-01,es,-0.1338373641878188,2801019.0
2014-04-08,es,-0.1448458916328029,2760817.0
2014-04-15,es,-0.1337086789292538,2808434.0
2014-04-22,es,-0.12288309587729733,2793289.0
2014-04-29,es,-0.1177010104735703,2852227.0
2014-05-06,es,-0.1347063370915152,2851024.0
2014-05-13,es,-0.13268568630299682,2952843.0
2014-05-20,es,-0.14811424954911614,2964178.0
2014-05-27,es,-0.13303505866776932,3042386.0
2014-06-03,es,-0.13495040529251787,3090854.0
2014-06-10,es,-0.1413889917631171,3215901.0
2014-06-17,es,-0.12905810016693925,3542606.0
2014-06-24,es,-0.20126283962600117,2864180.0
2014-07-01,es,-0.18092933559726343,2941198.0
2014-07-08,es,-0.18847290858876972,2931095.0
2014-07-15,es,-0.1594984878732026,2937915.0
2014-07-22,es,-0.14791354674076998,2959472.0
2014-07-29,es,-0.1646833887776414,2972352.0
2014-08-05,es,-0.1411090879512932,2932157.0
2014-08-12,es,-0.15641306966570961,2959433.0
2014-08-19,es,-0.15606290962682107,3004564.0
2014-08-26,es,-0.14364640519011587,3027601.0
2014-09-02,es,-0.14194307450881113,3081045.0
2014-09-09,es,-0.13192018851243853,3245197.0
2014-09-16,es,-0.1276756551970901,3658403.0
2014-09-23,es,-0.16376564301975124,2799012.0
2014-09-30,es,-0.1544154334358967,2799895.0
2014-10-07,es,-0.13699648743582815,2775750.0
2014-10-14,es,-0.12100780519941358,2829396.0
2014-10-21,es,-0.1919500037988349,2829815.0
2014-10-28,es,-0.17029611798365255,2882162.0
2014-11-04,es,-0.10850966453319111,2879808.0
2014-11-11,es,-0.09677971585627443,2920705.0
2014-11-18,es,-0.08674556353869531,3024708.0
2014-11-25,es,-0.08614702960383701,3086154.0
2014-12-02,es,-0.06582358382201413,3111438.0
2014-12-09,es,-0.046066047751422375,3105541.0
2014-12-16,es,-0.004879568830836254,3295783.0
2014-12-23,es,-0.06787717533050712,2739124.0
2014-12-30,es,-0.06895398195464882,2750182.0
2015-01-06,es,-0.03824942045230543,2749558.0
2015-01-13,es,-0.0643545153039704,2714557.0
2015-01-20,es,-0.06926945256771161,2707586.0
2015-01-27,es,-0.07333170238287784,2701901.0
2015-02-03,es,-0.09181662123696753,2734995.0
2015-02-10,es,-0.09345273810056867,2791625.0
2015-02-17,es,-0.0944167325870576,2811472.0
2015-02-24,es,-0.09856478327964205,2886254.0
2015-03-03,es,-0.09573702571586074,2982284.0
2015-03-10,es,-0.10916548867081212,3181958.0
2015-03-17,es,-0.09675490459553883,3423320.0
2015-03-24,es,-0.14070622118283593,2631895.0
2015-03-31,es,-0.13159821019677326,2663980.0
2015-04-07,es,-0.12868442635377156,2671481.0
2015-04-14,es,-0.11778560695797954,2691356.0
2015-04-21,es,-0.10135226402365256,2716999.0
2015-04-28,es,-0.1036348461737704,2745013.0
2015-05-05,es,-0.12683059394647658,2745079.0
2015-05-12,es,-0.10921113342348565,2756816.0
2015-05-19,es,-0.09897216547727902,2770193.0
2015-05-26,es,-0.12074949125080778,2782314.0
2015-06-02,es,-0.10468233411249395,2849220.0
2015-06-09,es,-0.11976243975768801,2971541.0
2015-06-16,es,-0.10746216073978931,3213131.0
2015-06-23,es,-0.1824721296478576,2575407.0
2015-06-30,es,-0.1605516414194476,2641281.0
2015-07-07,es,-0.16741345832835533,2686827.0
2015-07-14,es,-0.1542556648757747,2630905.0
2015-07-21,es,-0.14066786930099895,2651956.0
2015-07-28,es,-0.11776069625957139,2705198.0
2015-08-04,es,-0.1289426639605409,2711872.0
2015-08-11,es,-0.13632836292350328,2779583.0
2015-08-18,es,-0.12508685488272128,2843824.0
2015-08-25,es,-0.08131865338884645,3147605.0
2015-09-01,es,-0.11946644528359997,3220963.0
2015-09-08,es,-0.1429859665712907,3282448.0
2015-09-15,es,-0.14860162046006775,3538131.0
2015-09-22,es,-0.16685674482916357,2885655.0
2015-09-29,es,-0.1573920621718599,2916818.0
2015-10-06,es,-0.20625275665785103,2931539.0
2015-10-13,es,-0.21316948737451236,2935847.0
2015-10-20,es,-0.21195520256975217,2978653.0
2015-10-27,es,-0.19316817808712078,2845888.0
2015-11-03,es,-0.1844057869879127,2860279.0
2015-11-10,es,-0.18426819471159678,2926441.0
2015-11-17,es,-0.17320243026211915,2875410.0
2015-11-24,es,-0.1295873588568469,2876955.0
2015-12-01,es,-0.11703219910582124,2906354.0
2015-12-08,es,-0.09682016287835397,2933232.0
2015-12-15,es,-0.06810809710767388,3144839.0
2015-12-22,es,-0.10543054573657636,2550333.0
2015-12-29,es,-0.11445635078642236,2506414.0
2016-01-05,es,-0.11790911860149945,2573728.0
2016-01-12,es,-0.09689753081563647,2745684.0
2016-01-19,es,-0.14143582891528986,2863447.0
2016-01-26,es,-0.12169304687041911,2899270.0
2016-02-02,es,-0.1469656641693714,2989501.0
2016-02-09,es,-0.12375456630494848,3067305.0
2016-02-16,es,-0.12466437333194069,3102033.0
2016-02-23,es,-0.12122493650770556,3092895.0
2016-03-01,es,-0.11808451838186389,3149871.0
2016-03-08,es,-0.1258385087092422,3271582.0
2016-03-15,es,-0.10835860901044768,3396546.0
2016-03-22,es,-0.12534215567023868,2820719.0
2016-03-29,es,-0.1254865967621638,2849125.0
2016-04-05,es,-0.10940964665835132,2867791.0
2016-04-12,es,-0.1094568951913007,2857883.0
2016-04-19,es,-0.10268510078695231,2874380.0
2016-04-26,es,-0.07757827401202413,2868896.0
2016-05-03,es,-0.08001798013010701,2811993.0
2016-05-10,es,-0.09027917862280628,2865334.0
2016-05-17,es,-0.11148565797003009,2850259.0
2016-05-24,es,-0.10881535844968268,2973946.0
2016-05-31,es,-0.11564445648520241,2989845.0
2016-06-07,es,-0.14078777891578667,3123389.0
2016-06-14,es,-0.09155716847122246,3341912.0
2016-06-21,es,-0.1274444378925447,2781212.0
2016-06-28,es,-0.14000884480418585,2950885.0
2016-07-05,es,-0.15256166389142814,3003946.0
2016-07-12,es,-0.1209219910706828,2969096.0
2016-07-19,es,-0.10715674939579534,2966710.0
2016-07-26,es,-0.10590666477728969,2963940.0
2016-08-02,es,-0.11165084334246503,2943229.0
2016-08-09,es,-0.11279176215474512,2920958.0
2016-08-16,es,-0.09892504540566072,2942915.0
2016-08-23,es,-0.0855766711728161,3004043.0
2016-08-30,es,-0.07731193371736964,3052142.0
2016-09-06,es,-0.0831487909698328,3151038.0
2016-09-13,es,-0.07722961242365667,3514714.0
2016-09-20,es,-0.12869035212183497,2898741.0
2016-09-27,es,-0.14542478566941036,2887362.0
2016-10-04,es,-0.1484272068229694,2925178.0
2016-10-11,es,-0.15422499865864434,2944782.0
2016-10-18,es,-0.13138691581933196,2946199.0
2016-10-25,es,-0.132884112305257,3000750.0
2016-11-01,es,-0.10039963518557456,2986724.0
2016-11-08,es,-0.06767375456292633,2930959.0
2016-11-15,es,-0.07932578045823124,2913769.0
2016-11-22,es,-0.08438765069693784,3036641.0
2016-11-29,es,-0.09762010546946374,3081271.0
2016-12-06,es,-0.08209143996283003,3051926.0
2016-12-13,es,-0.09313050969470243,3389480.0
2016-12-20,es,-0.0811769846838957,2757555.0
2016-12-27,es,-0.0623833817627685,2754179.0
2017-01-03,es,-0.035759219312638375,2812086.0
2017-01-10,es,-0.06782442998790161,2831782.0
2017-01-17,es,-0.09477865152669271,2810749.0
2017-01-24,es,-0.0903975554778012,2869436.0
2017-01-31,es,-0.07616343239586319,2839486.0
2017-02-07,es,-0.08299587157169529,2890204.0
2017-02-14,es,-0.07154645016044145,3018235.0
2017-02-21,es,-0.0545815510392108,3056454.0
2017-02-28,es,-0.058570012166601286,3117551.0
2017-03-07,es,-0.024046961296046606,3231427.0
2017-03-14,es,-0.03294166666901913,3542383.0
2017-03-21,es,-0.08958712231098813,2867968.0
2017-03-28,es,-0.07830138154439713,2884815.0
2017-04-04,es,-0.06750993334312327,2853269.0
2017-04-11,es,-0.06332590322892495,2886007.0
2017-04-18,es,-0.06770062986342043,2916029.0
2017-04-25,es,-0.06872704090610086,2955256.0
2017-05-02,es,-0.07093746630126391,2958197.0
2017-05-09,es,-0.06404595645959883,3038006.0
2017-05-16,es,-0.07275670258865345,3065532.0
2017-05-23,es,-0.06253937355413143,3069954.0
2017-05-30,es,-0.05944400934373816,3086131.0
2017-06-06,es,-0.05778722654088399,3142563.0
2017-06-13,es,-0.05128718322943983,3472466.0
2017-06-20,es,-0.09695748306664524,2824898.0
2017-06-27,es,-0.07890732049236499,2876159.0
2017-07-03,es,-0.046074657535927564,2852197.0
2017-07-11,es,-0.04335601796631369,2844657.0
2017-07-18,es,-0.0495974913686872,2914099.0
2017-07-25,es,-0.05260192079082982,2995537.0
2017-08-01,es,-0.07883627697008165,3059594.0
2017-08-08,es,-0.08762374186469808,3113437.0
2017-08-15,es,-0.04874684895849786,3165620.0
2017-08-22,es,-0.03438845197330175,3230474.0
2017-08-29,es,-0.022017580501570457,3301271.0
2017-09-05,es,-0.036711292793251714,3327423.0
2017-09-12,es,-0.03932124562497055,3693118.0
2017-09-19,es,-0.09525784830990591,3090538.0
2017-09-26,es,-0.0928458412003788,3060234.0
2017-10-03,es,-0.07089889426543936,3013291.0
2017-10-10,es,-0.06137735572459401,3069650.0
2017-10-17,es,-0.06018171469144913,3081534.0
2017-10-24,es,-0.051810839897395385,3162041.0
2017-10-31,es,-0.03777557137680989,3187695.0
2017-11-07,es,-0.047923454638650005,3244403.0
2017-11-14,es,-0.036004092376921516,3263629.0
2017-11-21,es,-0.03250220745910945,3329620.0
2017-11-28,es,-0.03475338473740152,3387929.0
2017-12-05,es,-0.0195372403829405,3513444.0
2017-12-12,es,-0.04171740347300837,3830224.0
2017-12-19,es,-0.05155021430732286,2988232.0
2017-12-26,es,-0.048879727959598995,3061310.0
2018-01-02,es,-0.05015609150157566,3051095.0
2018-01-09,es,-0.07904660447635717,3241341.0
2018-01-16,es,-0.0555289852869604,3322427.0
2018-01-23,es,-0.03628679587144756,3417469.0
2018-01-30,es,-0.008220343849244619,3395965.0
2018-02-06,es,0.020321627620078102,3428810.0
2018-02-13,es,-0.005709945767335496,3341713.0
2018-02-20,es,-0.03518321328093044,3327297.0
2018-02-27,es,-0.03812717523713349,3331246.0
2018-03-06,es,-0.01600859541302941,3320841.0
2018-03-13,es,-0.02224304225702404,3763469.0
2018-03-20,es,-0.040225001804177644,2757489.0
2018-03-27,es,0.006730784100543882,2974542.0
2018-04-03,es,-0.0013382714512464597,3052445.0
2018-04-10,es,-0.01225612492739849,3030240.0
2018-04-17,es,-0.0198697273090886,3007691.0
2018-04-24,es,-0.006056302965108841,3040799.0
2018-05-01,es,0.027906787256579482,2994612.0
2018-05-08,es,-0.0016029951120691615,2989404.0
2018-05-15,es,-0.0064140787047612564,3055622.0
2018-05-22,es,-0.006845032604526275,3128400.0
2018-05-29,es,-0.02038789183247375,3209503.0
2018-06-05,es,-0.026411383151324994,3242617.0
2018-06-12,es,-0.02856638627181161,3411142.0
2018-06-19,es,-0.036727542689670385,2679161.0
2018-06-26,es,-0.034884396010745,2687018.0
2018-07-03,es,-0.03417870138561092,2677808.0
2018-07-10,es,-0.04562751337218747,2720946.0
2018-07-17,es,-0.05405290572445613,2777242.0
2018-07-24,es,-0.054256296809117754,2779106.0
2018-07-31,es,-0.03418479189410678,2762632.0
2018-08-07,es,-0.05037961893254477,2830470.0
2018-08-14,es,-0.045010189366883176,2819606.0
2018-08-21,es,-0.0586881867524925,2828985.0
2018-08-28,es,-0.05969363686202882,2876521.0
2018-09-04,es,-0.07882789159566393,2893316.0
2018-09-11,es,-0.07608552258490735,2918387.0
2018-09-18,es,-0.07108734534681807,3299237.0
2018-09-25,es,-0.09067094471334745,2732088.0
2018-10-02,es,-0.07815439245943526,2783452.0
2018-10-09,es,-0.058699673835939305,2840595.0
2018-10-16,es,-0.008503461693903203,2875182.0
2018-10-23,es,-0.02132232820179119,2919850.0
2018-10-30,es,-0.009710895224199264,2988190.0
2018-11-06,es,-0.036806231478023935,2940426.0
2018-11-13,es,-0.044810471808380846,2967052.0
2018-11-20,es,-0.024880321900395425,3049639.0
2018-11-27,es,-0.01606071250215215,3037661.0
2018-12-04,es,-0.036454345890036405,3072144.0
2018-12-11,es,-0.005399364120255781,3135184.0
2018-12-18,es,0.014835435255467766,3220465.0
2018-12-24,es,0.053073715768971935,2808490.0
2018-12-31,es,0.004013159750104272,2694884.0
2019-01-08,es,-0.021391629617060648,2628458.0
2019-01-15,es,-0.04309527306691373,2655210.0
2019-01-22,es,-0.053219986828455766,2676983.0
2019-01-29,es,-0.03873386475626618,2694025.0
2019-02-05,es,-0.06987342821819498,2653040.0
2019-02-12,es,-0.0674468249156773,2645788.0
2019-02-19,es,-0.07468914558792196,2628240.0
2019-02-26,es,-0.08093185978167895,2699419.0
2019-03-05,es,-0.07323148487309854,2623571.0
2019-03-12,es,-0.059826222359121245,2879657.0
2019-03-19,es,-0.08135311021636636,2498540.0
2019-03-26,es,-0.056931418581378686,2504206.0
2019-04-02,es,-0.07038634555533885,2527763.0
2019-04-09,es,-0.07362122880267892,2558637.0
2019-04-16,es,-0.07171593146145804,2621649.0
2019-04-23,es,-0.04948452071235287,2682940.0
2019-04-30,es,-0.03249177502563554,2638914.0
2019-05-07,es,-0.024595482970422383,2642843.0
2019-05-14,es,-0.04187267204369989,2660327.0
2019-05-21,es,-0.046585842902419815,2653510.0
2019-05-28,es,-0.037050775620669024,2695841.0
2019-06-04,es,-0.02525636226441789,2714128.0
2019-06-11,es,-0.06977956366939679,2730040.0
2019-06-18,es,-0.0720402556027251,3066008.0
2019-06-25,es,-0.10052274713976384,2467541.0
2019-07-02,es,-0.09793259179118022,2545506.0
2019-07-09,es,-0.10648231490205338,2566398.0
2019-07-16,es,-0.10259097371165929,2641285.0
2019-07-23,es,-0.08098329580546523,2639816.0
2019-07-30,es,-0.08317101343270529,2641389.0
2019-08-06,es,-0.06623878748009566,2602448.0
2019-08-13,es,-0.09841101247176359,2555212.0
2019-08-20,es,-0.08106356288754545,2576472.0
2019-08-27,es,-0.09167896311526777,2601022.0
2019-09-03,es,-0.10502099175144056,2619124.0
2019-09-10,es,-0.10498877976362507,2733454.0
2019-09-17,es,-0.08146248588903304,2967550.0
2019-09-24,es,-0.07849987591775466,2478195.0
2019-10-01,es,-0.06677608713378388,2477294.0
2019-10-08,es,-0.05199144173798552,2491160.0
2019-10-15,es,-0.078294154740081,2527826.0
2019-10-22,es,-0.08456686319214256,2533853.0
2019-10-29,es,-0.08786098995348944,2626285.0
2019-11-05,es,-0.10411856753920444,2677630.0
2019-11-12,es,-0.10349336181990196,2750302.0
2019-11-19,es,-0.10405188439180575,2794058.0
2019-11-26,es,-0.10342896331009258,2887170.0
2019-12-03,es,-0.07891237288334747,2893602.0
2019-12-10,es,-0.07806784767759448,2963845.0
2019-12-17,es,-0.05525702416885382,3199738.0
2019-12-24,es,-0.07717011731657435,2716155.0
2019-12-31,es,-0.06959971826471059,2720284.0
2020-01-07,es,-0.07022925667897975,2709583.0
2020-01-14,es,-0.08729442301559526,2703002.0
2020-01-21,es,-0.09294005936687118,2772927.0
2020-01-28,es,-0.08348010736236036,2741743.0
2020-02-04,es,-0.08136668689570085,2697443.0
2020-02-11,es,-0.10205780152141083,2779131.0
2020-02-18,es,-0.08518789707633481,2839347.0
2020-02-25,es,-0.04349598070174205,2843780.0
2020-03-03,es,-0.042759845746733305,3065867.0
2020-03-10,es,-0.05422289407851994,3438566.0
2020-03-17,es,-0.016671775544315048,4554164.0
2020-03-24,es,-0.0010379014752597841,3320161.0
2020-03-31,es,-0.036463881510701346,3439568.0
2020-04-07,es,-0.05012997756646956,3447518.0
2020-04-14,es,-0.08216330863901314,3434258.0
2020-04-21,es,-0.07128832983877843,3389559.0
2020-04-28,es,-0.09906606818582715,3327759.0
2020-05-05,es,-0.09306340765657013,3245239.0
2020-05-12,es,-0.10153956846045001,3249482.0
2020-05-19,es,-0.11215810304230298,3213651.0
2020-05-26,es,-0.13038192325068274,3202921.0
2020-06-02,es,-0.12205682993966946,3215453.0
2020-06-09,es,-0.12746425741797962,3277813.0
2020-06-16,es,-0.12952742033677958,3493739.0
2020-06-23,es,-0.13509926550097934,2603271.0
2020-06-30,es,-0.10287296022769762,2647722.0
2020-07-07,es,-0.1106050894834505,2618026.0
2020-07-14,es,-0.12091173837258234,2625841.0
2020-07-21,es,-0.11994961290650893,2633214.0
2020-07-28,es,-0.09997321646798121,2647149.0
2020-08-04,es,-0.13030050089710124,2676398.0
2020-08-11,es,-0.13485602548988748,2694088.0
2020-08-18,es,-0.12675421080207674,2729290.0
2020-08-25,es,-0.13491517276789128,2746170.0
2020-09-01,es,-0.12277725182022935,2789621.0
2020-09-08,es,-0.09114879217735448,2706399.0
2020-09-15,es,-0.0876447828652462,2908148.0
2020-09-22,es,-0.06566244135043517,2472951.0
2020-09-29,es,-0.06579321865605386,2473492.0
2020-10-06,es,-0.07015132118294638,2476190.0
2020-10-13,es,-0.098824210104672,2471530.0
2020-10-20,es,-0.0782751132946021,2435244.0
2020-10-27,es,-0.06428784224188801,2436946.0
2020-11-03,es,-0.06709475098932279,2410740.0
2020-11-10,es,-0.06512751032005794,2460742.0
2020-11-17,es,-0.05786811842909837,2534850.0
2020-11-24,es,-0.06659106483647999,2549321.0
2020-12-01,es,-0.05865358864360592,2617521.0
2020-12-08,es,-0.062480640768910904,2715113.0
2020-12-15,es,-0.04332666948688382,2999769.0
2020-12-21,es,-0.060223134210506124,2475909.0
2020-12-29,es,-0.06819867101790585,2498905.0
2021-01-05,es,-0.07089070601688675,2553480.0
2021-01-12,es,-0.0736615991379745,2578114.0
2021-01-19,es,-0.07736559114964445,2599308.0
2021-01-26,es,-0.09015112873738444,2617305.0
2021-02-02,es,-0.07215155408677923,2640747.0
2021-02-09,es,-0.08810724718680758,2619444.0
2021-02-16,es,-0.10935915745392681,2636295.0
2021-02-23,es,-0.07942922390781754,2652739.0
2021-03-02,es,-0.05012805302663727,2767213.0
2021-03-09,es,-0.03664954613442652,2779898.0
2021-03-16,es,-0.04685780238747743,3063652.0
2021-03-23,es,-0.07932889900889069,2540184.0
2021-03-30,es,-0.0776413596478915,2564664.0
2021-04-06,es,-0.09772555320035287,2611712.0
2021-04-13,es,-0.1017180087167627,2643642.0
2021-04-20,es,-0.09222767500114436,2687111.0
2021-04-27,es,-0.09107923357797401,2713231.0
2021-05-04,es,-0.09519201876667577,2705647.0
2021-05-11,es,-0.08455115844656684,2655280.0
2021-05-18,es,-0.0777191254828318,2619960.0
2021-05-25,es,-0.06678461181364423,2735735.0
2021-06-01,es,-0.07493123817535097,2767524.0
2021-06-08,es,-0.0665882855921334,2816156.0
2021-06-15,es,-0.07533507523916992,3117658.0
2021-06-22,es,-0.06678851305285262,2563884.0
2021-06-29,es,-0.07364608586275878,2571895.0
2021-07-06,es,-0.06917614811591627,2610712.0
2021-07-13,es,-0.07496045596062766,2632508.0
2021-07-20,es,-0.06630529423604477,2667977.0
2021-07-27,es,-0.0759658588668651,2666461.0
2021-08-03,es,-0.07565456139797963,2697035.0
2021-08-10,es,-0.0756658698897689,2696698.0
2021-08-17,es,-0.06416036963064548,2716225.0
2021-08-24,es,-0.06480156129378707,2744903.0
2021-08-31,es,-0.07040155615392235,2776075.0
2021-09-07,es,-0.05648590389930523,2827555.0
2021-09-14,es,-0.04417312604345354,3051765.0
2021-09-21,es,-0.051298293929392086,2453181.0
2021-09-28,es,-0.017794198196937054,2457374.0
2021-10-05,es,-0.017314685234350542,2437353.0
2021-10-12,es,-0.009032679015114663,2403163.0
2021-10-19,es,-0.03951626318252802,2386587.0
2021-10-26,es,-0.029472659945400978,2404805.0
2021-11-02,es,-0.015567464701917942,2431931.0
2021-11-09,es,-0.015167749335057289,2437804.0
2021-11-16,es,-0.01762275682778971,2454894.0
2021-11-23,es,-0.001031638684536457,2455317.0
2021-11-30,es,0.023149590116596314,2510714.0
2021-12-07,es,0.006725705670138559,2514383.0
2021-12-14,es,0.016223213763866186,2754633.0
2021-12-21,es,-0.004626185225118175,2262123.0
2021-12-28,es,-0.04251455076639573,2287852.0
2022-01-04,es,-0.04303984259714708,2297290.0
2022-01-11,es,-0.025295664175941205,2283672.0
2022-01-18,es,-0.005623420442237213,2309982.0
2022-01-25,es,0.045042219856006475,2378857.0
2022-02-01,es,0.02137901171163006,2283969.0
2022-02-08,es,0.026253065705312904,2229911.0
2022-02-15,es,0.013446900204954228,2270263.0
2022-02-22,es,0.030923714232161625,2374165.0
2022-03-01,es,-0.009987886870406268,2387492.0
2022-03-08,es,0.006545562940173916,2435543.0
2022-03-15,es,-0.018166619494888993,2582759.0
2022-03-22,es,-0.12799860964243281,2111687.0
2022-03-29,es,-0.1332082418849753,2120049.0
2022-04-05,es,-0.1172107237378066,2122357.0
2022-04-12,es,-0.04671327841362432,2156967.0
2022-04-19,es,-0.0539573660700844,2158797.0
2022-04-26,es,-0.003066118658792095,2191696.0
2022-05-03,es,-0.0378059414834421,2208674.0
2022-05-10,es,-0.003825008090343048,2261956.0
2022-05-17,es,-0.043302966241864846,2252109.0
2022-05-24,es,-0.06470288939253487,2262171.0
2022-05-31,es,-0.08999113899915372,2260467.0
2022-06-07,es,-0.10202697338825625,2267420.0
2022-06-14,es,-0.06627187547915743,2654399.0
2022-06-21,es,-0.09055510069831883,2262004.0
2022-06-28,es,-0.11809339412505765,2248771.0
2022-07-05,es,-0.1376971914148415,2309241.0
2022-07-12,es,-0.15944045081507435,2317580.0
2022-07-19,es,-0.18223120695716516,2335319.0
2022-07-26,es,-0.1955994083064408,2322824.0
2022-08-02,es,-0.2189659686713565,2310665.0
2022-08-09,es,-0.21901479872035515,2299388.0
2022-08-16,es,-0.25516276365769,2346224.0
2022-08-23,es,-0.22051496906253515,2329538.0
2022-08-30,es,-0.21065103029975282,2329953.0
2022-09-06,es,-0.19555414403553573,2314290.0
2022-09-13,es,-0.20182278761112943,2603046.0
2022-09-20,es,-0.16190679030855357,2141022.0
2022-09-27,es,-0.12840271491997324,2233878.0
2022-10-04,es,-0.15056660261753826,2261285.0
2022-10-11,es,-0.1523337931349367,2277794.0
2022-10-18,es,-0.17687580834438232,2336566.0
2022-10-25,es,-0.18876808771525735,2361824.0
2022-11-01,es,-0.16942360437384,2336711.0
2022-11-08,es,-0.16909088164837133,2318895.0
2022-11-15,es,-0.20109758486099263,2343509.0
2022-11-22,es,-0.1892241448527979,2304077.0
2022-11-29,es,-0.1811774068740611,2314527.0
2022-12-06,es,-0.1885599934606553,2287691.0
2022-12-13,es,-0.1923710407970482,2477140.0
2022-12-20,es,-0.10996719928610507,1986847.0
2022-12-27,es,-0.1258210073879193,1961310.0
2023-01-03,es,-0.1373518395859564,2010996.0
2023-01-10,es,-0.15513641377450965,2032566.0
2023-01-17,es,-0.18781826351148959,2056472.0
2023-01-24,es,-0.18532214141511935,2024437.0
2023-01-31,es,-0.19222778096059073,2061419.0
2023-02-07,es,-0.19109087490733462,2053086.0
2023-02-14,es,-0.19909340779744425,2076347.0
2023-02-21,es,-0.17103754857829842,2074486.0
2023-02-28,es,-0.1414555175450593,2113159.0
2023-03-07,es,-0.14260004715988278,2133169.0
2023-03-14,es,-0.09889085937034493,2550984.0
2023-03-21,es,-0.21484314834074375,2149005.0
2023-03-28,es,-0.21025873948293183,2142232.0
2023-04-04,es,-0.25492630812538974,2219512.0
2023-04-11,es,-0.23612422497263694,2248469.0
2023-04-18,es,-0.2402190033801207,2278321.0
2023-04-25,es,-0.20966866361196118,2265794.0
2023-05-02,es,-0.205547620731725,2276183.0
2023-05-09,es,-0.2235388081222545,2296259.0
2023-05-16,es,-0.21735092342793516,2306298.0
2023-05-23,es,-0.21706407883530823,2385936.0
2023-05-30,es,-0.21271948898231344,2494943.0
2023-06-06,es,-0.23043101600171503,2500232.0
2023-06-13,es,-0.18523505675728846,2907468.0
2023-06-20,es,-0.17106773719936236,2223815.0
2023-06-27,es,-0.1443102645769722,2187114.0
2023-07-03,es,-0.13235616036877365,2211004.0
2023-07-11,es,-0.13900028376086787,2209607.0
2023-07-18,es,-0.16887660988381958,2280677.0
2023-07-25,es,-0.17978916456156632,2243361.0
2023-08-01,es,-0.17062793381417812,2241749.0
2023-08-08,es,-0.14742074682147843,2221709.0
2023-08-15,es,-0.13334270234819945,2220084.0
2023-08-22,es,-0.14865071905801652,2232226.0
2023-08-29,es,-0.15599195968198584,2267572.0
2023-09-05,es,-0.14841888135413162,2259160.0
2023-09-12,es,-0.09924433489249113,2520164.0
2023-09-19,es,-0.15267218508007355,2097946.0
2023-09-26,es,-0.1326747902367462,2137648.0
2023-10-03,es,-0.12299570540038185,2138034.0
2023-10-10,es,-0.1373349148717652,2073930.0
2023-10-17,es,-0.1233836658352344,2112419.0
2023-10-24,es,-0.09073354422521325,2158452.0
2023-10-31,es,-0.10629243997647479,2174689.0
2023-11-07,es,-0.1252762349129708,2177947.0
2023-11-14,es,-0.1327156426264958,2192899.0
2023-11-21,es,-0.13884655662360829,2240214.0
2023-11-28,es,-0.1397626380875602,2279894.0
2023-12-05,es,-0.15270653301071552,2314400.0
2023-12-12,es,-0.13716431737824356,2670454.0
2023-12-19,es,-0.14262664507933623,2156203.0
2023-12-26,es,-0.16470693583716148,2155313.0
2024-01-02,es,-0.1754899908383475,2221215.0
2024-01-09,es,-0.141452514067626,2209328.0
2024-01-16,es,-0.13471868337169499,2217057.0
2024-01-23,es,-0.17286176447797572,2271312.0
2024-01-30,es,-0.18603047699067327,2308955.0
2024-02-06,es,-0.17893866287104687,2297385.0
2024-02-13,es,-0.16223721271468908,2338964.0
2024-02-20,es,-0.17962653570692133,2322953.0
2024-02-27,es,-0.1852312377897404,2344340.0
2024-03-05,es,-0.17111557948720968,2377697.0
2024-03-12,es,-0.18444267137207052,2678339.0
2024-03-19,es,-0.20664528303868387,2094749.0
2024-03-26,es,-0.2162690065793463,2110848.0
2024-04-02,es,-0.17636373731465588,2089222.0
2024-04-09,es,-0.16299391425267587,2091937.0
2024-04-16,es,-0.09565622259609755,2100522.0
2024-04-23,es,-0.09977416593725971,2067890.0
2024-04-30,es,-0.09764211416186988,2006204.0
2024-05-07,es,-0.12814042516525315,2030975.0
2024-05-14,es,-0.1405393405497197,2081097.0
2024-05-21,es,-0.15551524275428602,2148201.0
2024-05-28,es,-0.15580087634666848,2179731.0
2024-06-04,es,-0.15991288993743594,2160026.0
2024-06-11,es,-0.16218642105188835,2266096.0
2024-06-18,es,-0.14309270724575146,2595590.0
2024-06-25,es,-0.14613375976681106,1976080.0
2024-07-02,es,-0.13563541254517483,2037086.0
2024-07-09,es,-0.15876370702365958,2048220.0
2024-07-16,es,-0.16853675609698915,2090007.0
2024-07-23,es,-0.13426010278514428,2047183.0
2024-07-30,es,-0.11935118915260201,2046205.0
2024-08-06,es,-0.10354204737406915,2025834.0
2024-08-13,es,-0.1359827408450926,2033008.0
2024-08-20,es,-0.17118240291451484,2050976.0
2024-08-27,es,-0.16142458172421384,2098974.0
2024-09-03,es,-0.12685263986793185,2106791.0
2024-09-10,es,-0.11663964098894969,2156591.0
2024-09-17,es,-0.13620351491941424,2579860.0
2024-09-24,es,-0.1561334329081852,2046032.0
2024-10-01,es,-0.14412568010665514,2081475.0
2024-10-08,es,-0.15316819933485654,2132773.0
2024-10-15,es,-0.14448893641613736,2185413.0
2024-10-22,es,-0.13547486927707042,2186686.0
2024-10-29,es,-0.13339694506869929,2168363.0
2024-11-05,es,-0.08846686983257267,2140451.0
2024-11-12,es,-0.12272106640134284,2235256.0
2024-11-19,es,-0.11132887276036349,2259351.0
2024-11-26,es,-0.13418556080404928,2272398.0
2024-12-03,es,-0.1576737709621464,2279466.0
2024-12-10,es,-0.12761360933076546,2324611.0
2024-12-17,es,-0.09867682067164352,2596020.0
2024-12-24,es,-0.15922533757674381,2083230.0
2024-12-31,es,-0.15767970046360524,2058648.0
2025-01-07,es,-0.16358222919412216,2069259.0
2025-01-14,es,-0.14547549276206037,2044090.0
2025-01-21,es,-0.19036626631684547,2036469.0
2025-01-28,es,-0.19510066922631222,2033094.0
2025-02-04,es,-0.15655185695193166,2071863.0
2025-02-11,es,-0.17073365014450156,2096517.0
2025-02-18,es,-0.16767948363074958,2120653.0
2025-02-25,es,-0.15798694044587544,2126872.0
2025-03-04,es,-0.13204373885803578,2180944.0
2025-03-11,es,-0.0847927494734186,2282648.0
2025-03-18,es,-0.07361377643749936,2560662.0
2025-03-25,es,-0.11309898855111791,2074351.0
2025-04-01,es,-0.12367041553214159,2111750.0
2025-04-08,es,-0.11451679139506911,2332802.0
2025-04-15,es,-0.10608559114316461,2181908.0
2025-04-22,es,-0.1139693237318388,2209656.0
2025-04-29,es,-0.11708864318367974,2134084.0
2025-05-06,es,-0.12065650818409,2133652.0
2025-05-13,es,-0.13578077887378934,2125890.0
2025-05-20,es,-0.14125302554611224,2113668.0
2025-05-27,es,-0.12241035979179667,2112166.0
2025-06-03,es,-0.1346923670181961,2123862.0
2025-06-10,es,-0.14131108781879115,2223909.0
2025-06-17,es,-0.13259862881640522,2450146.0
2025-06-24,es,-0.14542460792047296,1886352.0
2025-07-01,es,-0.16228381109214277,1887354.0
2025-07-08,es,-0.18305770371017868,1899046.0
2025-07-15,es,-0.17811731122979516,1935859.0
2025-07-22,es,-0.1780393032394161,1917043.0
2025-07-29,es,-0.1881771288475234,1941931.0
2025-08-05,es,-0.1703433336580532,1909338.0
2025-08-12,es,-0.19653460591902766,1967857.0
2025-08-19,es,-0.18502166277977397,1974585.0
2025-08-26,es,-0.20836419577232065,2018365.0
2025-09-02,es,-0.19135128532819132,1997661.0
2025-09-09,es,-0.20470204278979814,2035158.0
2025-09-16,es,-0.19499412742482344,2435899.0
2025-09-23,es,-0.2311687938914708,1950977.0
2025-09-30,es,-0.22498201830554515,1942253.0
2025-10-07,es,-0.23579775748402046,1951558.0
2025-10-14,es,-0.21593449203959672,1929048.0
2025-10-21,es,-0.23425800406258765,1882544.0
2025-10-28,es,-0.23252997563394748,1929734.0
2025-11-04,es,-0.2072384648692088,1956133.0
2025-11-10,es,-0.2135174247659275,1981117.0
2025-11-18,es,-0.1761662379989398,2037320.0
2025-11-25,es,-0.18491792703101265,2070962.0
2025-12-02,es,-0.2136135606420976,2074887.0
2025-12-09,es,-0.21018004877089588,2141031.0
2025-12-16,es,-0.15779302951409654,2466313.0
2025-12-23,es,-0.1941688640132453,1911017.0
2025-12-30,es,-0.18943555237684578,1936495.0
2026-01-06,es,-0.21377600663680993,1945513.0
2026-01-13,es,-0.23357674937714437,1909351.0
2026-01-20,es,-0.21489586955280734,1926910.0
2026-01-27,es,-0.2250386173945077,1897461.0
2026-02-03,es,-0.23237260925207262,1928476.0
2026-02-10,es,-0.2189732283594786,1934958.0
2026-02-17,es,-0.23614992192625972,1966090.0
2026-02-24,es,-0.23566376296601818,2017196.0
2026-03-03,es,-0.197182264757249,2060733.0
2026-03-10,es,-0.17528196241836613,1996720.0
2026-03-17,es,-0.14609902177881878,2330659.0
2026-03-24,es,-0.18310247347191133,1879423.0
2026-03-31,es,-0.11983556571646843,1947769.0
2026-04-07,es,-0.12673488536045494,1929090.0
2026-04-14,es,-0.21456850066051547,1959076.0
2026-04-21,es,-0.21001244322745638,1963317.0
2026-04-28,es,-0.2079101683577959,1959933.0
2026-05-05,es,-0.20419482966365396,1987685.0
2026-05-12,es,-0.21030634233832904,2056229.0
2026-05-19,es,-0.19413346173909554,2068443.0
2026-05-26,es,-0.21865466576806403,2093621.0
2026-06-02,es,-0.23298193632978492,2149231.0
2026-06-09,es,-0.20497157724073198,2203164.0
2026-06-16,es,-0.19982014946199883,2579920.0
2026-06-23,es,-0.18859600839084278,1980254.0
2026-06-30,es,-0.18324270384771604,1967167.0
2026-07-07,es,-0.18372684089852134,1969636.0
2026-07-14,es,-0.188,1941500.0
2026-07-21,es,-0.16646876271272956,1939493.0
2026-07-28,es,-0.14990667241817207,1984408.0
2026-08-04,es,-0.15594833652240772,2116079.0
2026-08-11,es,-0.13231668133989713,2119506.0
2026-08-18,es,-0.13578831456727072,2072358.0
2026-08-25,es,-0.15408357852614474,2045669.0
2026-09-01,es,-0.15514281498880755,2046914.0
2026-09-08,es,-0.16463851385920508,2071836.0
2026-09-15,es,-0.1198204469288814,2446519.0
2026-09-22,es,-0.1986477687867631,1890653.0
2026-09-29,es,-0.19646852560390143,1895922.0
2006-06-13,gold,0.1890193843241632,382474.0
2006-06-20,gold,0.16313630435506724,390281.0
2006-06-27,gold,0.15288001436299342,384321.0
2006-07-03,gold,0.15805054114868097,392868.0
2006-07-11,gold,0.17936197916666666,427008.0
2006-07-18,gold,0.1874034708772341,443519.0
2006-07-25,gold,0.17737903347031658,432413.0
2006-08-01,gold,0.1899069712044074,394609.0
2006-08-08,gold,0.19937751148550878,402899.0
2006-08-15,gold,0.1796961524899305,402702.0
2006-08-22,gold,0.1635305331384635,393425.0
2006-08-29,gold,0.1328639122291703,390836.0
2006-09-05,gold,0.1502561589945819,420442.0
2006-09-12,gold,0.11653354138029251,403755.0
2006-09-19,gold,0.09786777860538938,430959.0
2006-09-26,gold,0.09328393047563355,406994.0
2006-10-03,gold,0.0829543422470748,413818.0
2006-10-10,gold,0.058077050744300814,430807.0
2006-10-17,gold,0.06265808554887303,426984.0
2006-10-24,gold,0.03645830915160435,430766.0
2006-10-31,gold,0.061474978912516735,427979.0
2006-11-07,gold,0.10822798700728646,455640.0
2006-11-14,gold,0.11342191937354014,476072.0
2006-11-21,gold,0.10863938351544584,474432.0
2006-11-28,gold,0.1127536136104004,423676.0
2006-12-05,gold,0.13225457584742598,415169.0
2006-12-12,gold,0.12544236510594917,411990.0
2006-12-19,gold,0.09761803538960025,416337.0
2006-12-26,gold,0.09235451363513981,415984.0
2007-01-03,gold,0.10982167542162012,434040.0
2007-01-09,gold,0.05909856475918079,426897.0
2007-01-16,gold,0.08373569193811037,421266.0
2007-01-23,gold,0.12930300210973228,457878.0
2007-01-30,gold,0.17113599804906415,426462.0
2007-02-06,gold,0.18717079716320895,449381.0
2007-02-13,gold,0.20592407625557896,482168.0
2007-02-20,gold,0.19857859024313268,494298.0
2007-02-27,gold,0.21722913865558038,533271.0
2007-03-06,gold,0.14066013351890153,487871.0
2007-03-13,gold,0.13738315490840314,494886.0
2007-03-20,gold,0.1407854300018606,467591.0
2007-03-27,gold,0.15744523176717612,437206.0
2007-04-03,gold,0.1620541519598737,430640.0
2007-04-10,gold,0.1830969208505242,463667.0
2007-04-17,gold,0.22201785622129327,484425.0
2007-04-24,gold,0.20655014215303358,504386.0
2007-05-01,gold,0.21729731968155042,482965.0
2007-05-08,gold,0.22764877408021397,505498.0
2007-05-15,gold,0.1781301873609131,495194.0
2007-05-22,gold,0.1350661636980121,503146.0
2007-05-29,gold,0.1282281367569214,485884.0
2007-06-05,gold,0.16878324924587057,451514.0
2007-06-12,gold,0.08293302665066823,481714.0
2007-06-19,gold,0.09837526379634091,481432.0
2007-06-26,gold,0.04504464856414157,477171.0
2007-07-03,gold,0.07221458973115673,445464.0
2007-07-10,gold,0.08166959692648304,460710.0
2007-07-17,gold,0.09532141697590653,458921.0
2007-07-24,gold,0.20021838153209312,490884.0
2007-07-31,gold,0.13396973936351558,425305.0
2007-08-07,gold,0.1536482666859296,429149.0
2007-08-14,gold,0.15906275299393163,428617.0
2007-08-21,gold,0.1046489130720375,418657.0
2007-08-28,gold,0.13044811413320773,407664.0
2007-09-04,gold,0.1860616250644674,432389.0
2007-09-11,gold,0.22327028287628592,499547.0
2007-09-18,gold,0.2501817708692092,522636.0
2007-09-25,gold,0.27379945476787704,550958.0
2007-10-02,gold,0.28634705203386257,559674.0
2007-10-09,gold,0.3056737954135532,582150.0
2007-10-16,gold,0.3049597478806862,623197.0
2007-10-23,gold,0.2819775788623116,637345.0
2007-10-30,gold,0.28519748951987367,673656.0
2007-11-06,gold,0.26317403464010597,733716.0
2007-11-13,gold,0.2527996849830762,716152.0
2007-11-20,gold,0.2472882133613681,673449.0
2007-11-27,gold,0.2515709945057326,623013.0
2007-12-04,gold,0.2505962781387301,589490.0
2007-12-11,gold,0.2578545535823823,595037.0
2007-12-18,gold,0.24842640666206772,605938.0
2007-12-24,gold,0.2540397371813009,636180.0
2007-12-31,gold,0.26561513631978273,671656.0
2008-01-08,gold,0.26179478789393784,712073.0
2008-01-15,gold,0.2499119618051692,763873.0
2008-01-22,gold,0.258937604702747,729446.0
2008-01-29,gold,0.28951277987476004,644842.0
2008-02-05,gold,0.30147891827321033,616126.0
2008-02-12,gold,0.3009838101778679,608654.0
2008-02-19,gold,0.30573346086654074,632515.0
2008-02-26,gold,0.2965728173814301,646391.0
2008-03-04,gold,0.2791723321769816,652339.0
2008-03-11,gold,0.2786921119359247,653481.0
2008-03-18,gold,0.25730070567953206,677503.0
2008-03-25,gold,0.26049503133782076,621294.0
2008-04-01,gold,0.2663866581968845,527365.0
2008-04-08,gold,0.2634083884067718,541247.0
2008-04-15,gold,0.26865562456620534,560461.0
2008-04-22,gold,0.27011227448683706,560056.0
2008-04-29,gold,0.24871367111777296,555068.0
2008-05-06,gold,0.2308596034235288,564330.0
2008-05-13,gold,0.21875285165764666,569844.0
2008-05-20,gold,0.26182616229867145,595544.0
2008-05-27,gold,0.29058122324588986,526321.0
2008-06-03,gold,0.2805024883608926,498320.0
2008-06-10,gold,0.23856692558146034,500937.0
2008-06-17,gold,0.24633829565398369,499699.0
2008-06-24,gold,0.23943491539096864,520630.0
2008-07-01,gold,0.2858909718640464,570018.0
2008-07-08,gold,0.28254202832185055,576516.0
2008-07-15,gold,0.27087791965167746,650891.0
2008-07-22,gold,0.2702959805600924,627575.0
2008-07-29,gold,0.27011595284393003,557468.0
2008-08-05,gold,0.25690726394109076,521480.0
2008-08-12,gold,0.1835242102375641,495782.0
2008-08-19,gold,0.14302942785081074,508294.0
2008-08-26,gold,0.13145931035582387,501737.0
2008-09-02,gold,0.10248032345333537,505297.0
2008-09-09,gold,0.07901773648486754,521693.0
2008-09-16,gold,0.08086488817190712,538058.0
2008-09-23,gold,0.14064767560545607,538850.0
2008-09-30,gold,0.16147552690102626,490130.0
2008-10-07,gold,0.15360667628338345,490812.0
2008-10-14,gold,0.15434787112814669,482650.0
2008-10-21,gold,0.12405075856592161,483544.0
2008-10-28,gold,0.1060197290477596,481118.0
2008-11-04,gold,0.10973166695346076,470721.0
2008-11-11,gold,0.09104046242774566,460180.0
2008-11-18,gold,0.10007177549681413,454194.0
2008-11-25,gold,0.1644777576980967,397306.0
2008-12-02,gold,0.1776603867670204,385038.0
2008-12-09,gold,0.17171872796686738,382946.0
2008-12-16,gold,0.19722105323564856,418216.0
2008-12-22,gold,0.22745364003736018,426122.0
2008-12-30,gold,0.23389393718177795,431499.0
2009-01-06,gold,0.23815876068896902,451283.0
2009-01-13,gold,0.22589661354402213,444004.0
2009-01-20,gold,0.22106011005677262,470121.0
2009-01-27,gold,0.23943965472586717,482631.0
2009-02-03,gold,0.2664337865316045,482938.0
2009-02-10,gold,0.2686297690278582,497376.0
2009-02-17,gold,0.25278188416794545,533721.0
2009-02-24,gold,0.2567429740204609,544159.0
2009-03-03,gold,0.2752663862062612,521048.0
2009-03-10,gold,0.2620747375432629,520943.0
2009-03-17,gold,0.256575827153988,531340.0
2009-03-24,gold,0.2439673801427437,550217.0
2009-03-31,gold,0.2732033959105584,501780.0
2009-04-07,gold,0.2472320032542235,472002.0
2009-04-14,gold,0.2548195237582157,464050.0
2009-04-21,gold,0.24864851032250224,468927.0
2009-04-28,gold,0.24740127835621684,470135.0
2009-05-05,gold,0.2619663661808542,472679.0
2009-05-12,gold,0.2736093823248897,494888.0
2009-05-19,gold,0.27512246215879915,507912.0
2009-05-26,gold,0.29693724739663135,518847.0
2009-06-02,gold,0.31292859873041096,533716.0
2009-06-09,gold,0.3296532775138385,522637.0
2009-06-16,gold,0.31175470851483733,503662.0
2009-06-23,gold,0.29848756335487414,495029.0
2009-06-30,gold,0.2943321240039139,496694.0
2009-07-07,gold,0.3024541793308417,489899.0
2009-07-14,gold,0.2785334085929487,494289.0
2009-07-21,gold,0.30323055314025815,523285.0
2009-07-28,gold,0.30937307119320134,497393.0
2009-08-04,gold,0.341180071966408,519409.0
2009-08-11,gold,0.3305823135131706,504419.0
2009-08-18,gold,0.29411025409728064,493315.0
2009-08-25,gold,0.3082208730985539,501066.0
2009-09-01,gold,0.30762895475399993,506321.0
2009-09-08,gold,0.329372481595316,602564.0
2009-09-15,gold,0.3437422640308378,622094.0
2009-09-22,gold,0.34091013973383577,628409.0
2009-09-29,gold,0.35040175831207604,575097.0
2009-10-06,gold,0.3470815110658946,634969.0
2009-10-13,gold,0.355863845884622,671445.0
2009-10-20,gold,0.35182911604666867,676857.0
2009-10-27,gold,0.3374777866102751,651634.0
2009-11-03,gold,0.3385795953049908,687283.0
2009-11-09,gold,0.3142878066046372,737391.0
2009-11-17,gold,0.29685361279390343,773681.0
2009-11-24,gold,0.3300690106550606,693661.0
2009-12-01,gold,0.31353059409611583,717426.0
2009-12-08,gold,0.3061297056071403,694650.0
2009-12-15,gold,0.3053126625440675,692120.0
2009-12-22,gold,0.2932061632171482,688212.0
2009-12-29,gold,0.2948889986819853,669947.0
2010-01-05,gold,0.2813795536738114,691557.0
2010-01-12,gold,0.2740758603961122,709092.0
2010-01-19,gold,0.27158437026111887,722085.0
2010-01-26,gold,0.27040394194533773,651455.0
2010-02-02,gold,0.28360069598337406,638521.0
2010-02-09,gold,0.24612948989452474,632281.0
2010-02-16,gold,0.26117606940737487,609964.0
2010-02-23,gold,0.2660426004521836,630275.0
2010-03-02,gold,0.27348901704573964,657701.0
2010-03-09,gold,0.26674961988115375,666239.0
2010-03-16,gold,0.2560684211149669,675464.0
2010-03-23,gold,0.23567993529794665,665203.0
2010-03-30,gold,0.24750259266499455,603626.0
2010-04-06,gold,0.2752331372778947,648116.0
2010-04-13,gold,0.2890205286172802,696345.0
2010-04-20,gold,0.2899404726995484,682040.0
2010-04-27,gold,0.3001785106258699,701919.0
2010-05-04,gold,0.29134319991945645,735006.0
2010-05-11,gold,0.2741718849369886,828659.0
2010-05-18,gold,0.2756197862715218,836014.0
2010-05-25,gold,0.2717069559339492,776675.0
2010-06-01,gold,0.2826998323085523,751380.0
2010-06-08,gold,0.2770729278343182,787244.0
2010-06-15,gold,0.27808524851483757,782911.0
2010-06-22,gold,0.2758875820254271,825811.0
2010-06-29,gold,0.2712980607555207,820732.0
2010-07-06,gold,0.23962317599728664,787211.0
2010-07-13,gold,0.24050183773193412,777861.0
2010-07-20,gold,0.1963924479578596,777591.0
2010-07-27,gold,0.21222302105857885,727447.0
2010-08-03,gold,0.22789280540662624,695147.0
2010-08-10,gold,0.22888761036175215,703935.0
2010-08-17,gold,0.24510267967598617,743672.0
2010-08-24,gold,0.2652574348224813,763300.0
2010-08-31,gold,0.27683868944373685,781195.0
2010-09-07,gold,0.27377170557954084,799564.0
2010-09-14,gold,0.2764745434626922,822441.0
2010-09-21,gold,0.26820558004348927,831929.0
2010-09-28,gold,0.27620741128403975,840745.0
2010-10-05,gold,0.2577600095197993,873968.0
2010-10-12,gold,0.2580572993488506,889504.0
2010-10-19,gold,0.23976527168911363,909477.0
2010-10-26,gold,0.23874510385791073,862669.0
2010-11-02,gold,0.22798674192643018,897868.0
2010-11-09,gold,0.2051398244539702,979800.0
2010-11-16,gold,0.18719700427682318,924518.0
2010-11-23,gold,0.21778133780192807,813977.0
2010-11-30,gold,0.22698908634644172,804955.0
2010-12-07,gold,0.22159387621945556,829161.0
2010-12-14,gold,0.21227347470319902,818562.0
2010-12-21,gold,0.20136320471811275,800320.0
2010-12-28,gold,0.2115905732924891,803377.0
2011-01-04,gold,0.19919397869442126,796505.0
2011-01-11,gold,0.18121307071953283,795947.0
2011-01-18,gold,0.16768607851279346,801933.0
2011-01-25,gold,0.17626228367211277,735631.0
2011-02-01,gold,0.19461538221616445,641234.0
2011-02-08,gold,0.22329770066723215,653146.0
2011-02-15,gold,0.24064350688363842,664111.0
2011-02-22,gold,0.25179435808897593,725747.0
2011-03-01,gold,0.27120811180435855,741438.0
2011-03-08,gold,0.2688629591241822,740976.0
2011-03-15,gold,0.25007376787256175,735415.0
2011-03-22,gold,0.2552134759923814,741348.0
2011-03-29,gold,0.29630995157935736,672647.0
2011-04-05,gold,0.30502085812257207,710994.0
2011-04-12,gold,0.2928048203667152,720941.0
2011-04-19,gold,0.2929929692557153,780145.0
2011-04-26,gold,0.2887683730625306,763754.0
2011-05-03,gold,0.270818081423484,805910.0
2011-05-10,gold,0.25198689612821695,788164.0
2011-05-17,gold,0.23985390240494342,772908.0
2011-05-24,gold,0.23877941816799658,831374.0
2011-05-31,gold,0.2888757267502773,715858.0
2011-06-07,gold,0.29618163761515015,730025.0
2011-06-14,gold,0.28350504709088103,718929.0
2011-06-21,gold,0.3017936992682368,750516.0
2011-06-28,gold,0.2576698099401703,703831.0
2011-07-05,gold,0.2531513816528575,702311.0
2011-07-12,gold,0.28655592241023525,775360.0
2011-07-19,gold,0.27901599384644926,854141.0
2011-07-26,gold,0.29465206055338844,791632.0
2011-08-02,gold,0.3101214673896432,817915.0
2011-08-09,gold,0.24114013497069237,906419.0
2011-08-16,gold,0.2293961209060602,952078.0
2011-08-23,gold,0.19449109063187817,1034978.0
2011-08-30,gold,0.20457394041375093,955019.0
2011-09-06,gold,0.1963225006201935,1007750.0
2011-09-13,gold,0.18836378311400973,986214.0
2011-09-20,gold,0.16608171383582646,965320.0
2011-09-27,gold,0.15699781176313699,824865.0
2011-10-04,gold,0.1581925750224082,804393.0
2011-10-11,gold,0.16317415928808632,806727.0
2011-10-18,gold,0.16061529637144198,794999.0
2011-10-25,gold,0.17150289531413665,809584.0
2011-11-01,gold,0.1886527674051418,785989.0
2011-11-08,gold,0.19766323121656115,845013.0
2011-11-15,gold,0.20479190530736924,838080.0
2011-11-22,gold,0.21991486653140788,678699.0
2011-11-29,gold,0.22617479546592953,646836.0
2011-12-06,gold,0.2307632491377654,655854.0
2011-12-13,gold,0.20631226953116052,654915.0
2011-12-20,gold,0.1757625313189204,666530.0
2011-12-27,gold,0.17930248914194533,624191.0
2012-01-03,gold,0.17207128431888125,642722.0
2012-01-10,gold,0.17148962982736038,644348.0
2012-01-17,gold,0.175235338881998,667548.0
2012-01-24,gold,0.19121193634152037,663855.0
2012-01-31,gold,0.24136871795802994,660852.0
2012-02-07,gold,0.2515188705964372,688505.0
2012-02-14,gold,0.2423768266835236,672325.0
2012-02-21,gold,0.250558445500335,714931.0
2012-02-28,gold,0.2678594914585483,737521.0
2012-03-06,gold,0.2159441018685465,676087.0
2012-03-13,gold,0.20272754684723454,683178.0
2012-03-20,gold,0.16770069561947734,675513.0
2012-03-27,gold,0.20819324479365298,626687.0
2012-04-03,gold,0.1896506903391038,623172.0
2012-04-10,gold,0.17089971613209298,640791.0
2012-04-17,gold,0.17532148127327665,640395.0
2012-04-24,gold,0.16762761742891016,641899.0
2012-05-01,gold,0.17890879830310952,648716.0
2012-05-08,gold,0.1385494976910414,667617.0
2012-05-15,gold,0.11241402976964983,699370.0
2012-05-22,gold,0.10620356392776542,728017.0
2012-05-29,gold,0.1147091808881821,674096.0
2012-06-05,gold,0.13978642753974127,704117.0
2012-06-12,gold,0.14336956740601817,695294.0
2012-06-19,gold,0.14909768586987185,701862.0
2012-06-26,gold,0.12825627786904484,656194.0
2012-07-03,gold,0.16157037125462576,670160.0
2012-07-10,gold,0.13214937113457184,673276.0
2012-07-17,gold,0.13643348053308912,681387.0
2012-07-24,gold,0.10540971508004018,674786.0
2012-07-31,gold,0.14930979143191506,644298.0
2012-08-07,gold,0.1373396486122287,622617.0
2012-08-14,gold,0.13242079136818358,619661.0
2012-08-21,gold,0.17087720870025935,647383.0
2012-08-28,gold,0.19648441696408322,670216.0
2012-09-04,gold,0.20402195587686106,709605.0
2012-09-11,gold,0.2168648526985099,764181.0
2012-09-18,gold,0.22059792613766321,808829.0
2012-09-25,gold,0.2500757326308857,759250.0
2012-10-02,gold,0.25756718044855426,759596.0
2012-10-09,gold,0.26101202509057336,759329.0
2012-10-16,gold,0.2520433658267226,731636.0
2012-10-23,gold,0.22548239008243295,718402.0
2012-10-30,gold,0.2172531974797104,689762.0
2012-11-06,gold,0.1858283863541918,700259.0
2012-11-13,gold,0.19515733778891672,718200.0
2012-11-20,gold,0.204838787477863,725595.0
2012-11-27,gold,0.2591147116806308,649280.0
2012-12-04,gold,0.20658628668060589,610268.0
2012-12-11,gold,0.20775474813146308,625088.0
2012-12-18,gold,0.1775467433997009,633191.0
2012-12-24,gold,0.1615647633404825,630843.0
2012-12-31,gold,0.177682986040526,595223.0
2013-01-08,gold,0.1497186527840534,615254.0
2013-01-15,gold,0.1557294268146225,638659.0
2013-01-22,gold,0.16305183724545902,659275.0
2013-01-29,gold,0.13723624811904364,598100.0
2013-02-05,gold,0.14231592872251947,610796.0
2013-02-12,gold,0.1117292668651551,628752.0
2013-02-19,gold,0.06353071521971827,666103.0
2013-02-26,gold,0.08433222976096529,642459.0
2013-03-05,gold,0.0594174151752717,666993.0
2013-03-12,gold,0.06333828465349801,681973.0
2013-03-19,gold,0.09983742797689571,703073.0
2013-03-26,gold,0.09488714732552891,633658.0
2013-04-02,gold,0.07289621979530202,647002.0
2013-04-09,gold,0.08577384420800203,653859.0
2013-04-16,gold,0.07620031678463594,808120.0
2013-04-23,gold,0.055984284432372126,824660.0
2013-04-30,gold,0.07304745910572152,749677.0
2013-05-07,gold,0.0630922907266116,780761.0
2013-05-14,gold,0.04857108177667904,807394.0
2013-05-21,gold,0.042121738268270835,847211.0
2013-05-28,gold,0.06950710881296264,691958.0
2013-06-04,gold,0.08654324055666004,659936.0
2013-06-11,gold,0.08081000303891284,677874.0
2013-06-18,gold,0.056507149893154175,689311.0
2013-06-25,gold,0.04490392227419935,694750.0
2013-07-02,gold,0.04415230685859703,776879.0
2013-07-09,gold,0.044133631258941784,808703.0
2013-07-16,gold,0.06742409250340246,823667.0
2013-07-23,gold,0.08436034135675827,830568.0
2013-07-30,gold,0.09050159407237143,723932.0
2013-08-06,gold,0.06517836213332683,738021.0
2013-08-13,gold,0.07733758887729059,731908.0
2013-08-20,gold,0.09800420308672547,747070.0
2013-08-27,gold,0.13538906620791133,723116.0
2013-09-03,gold,0.1371181602182077,739479.0
2013-09-10,gold,0.11772084874224473,721444.0
2013-09-17,gold,0.09492637462022951,738604.0
2013-09-24,gold,0.10783930635362639,729363.0
2013-10-01,gold,0.10579203332525923,689447.0
2013-10-08,gold,0.12312941197001824,687618.0
2013-10-15,gold,0.087332548365605,715953.0
2013-10-22,gold,0.11090134153158189,715600.0
2013-10-29,gold,0.14479590516311772,695510.0
2013-11-05,gold,0.12602724369569154,695794.0
2013-11-12,gold,0.07656749636878758,724276.0
2013-11-19,gold,0.06110763890326061,724803.0
2013-11-26,gold,0.049873724475764054,636307.0
2013-12-03,gold,0.04176676504907681,641036.0
2013-12-10,gold,0.05310730695829721,629838.0
2013-12-17,gold,0.04953879147525802,656536.0
2013-12-24,gold,0.04299983070932792,667491.0
2013-12-31,gold,0.054255105904363124,628586.0
2014-01-07,gold,0.06384390151004182,630115.0
2014-01-14,gold,0.06510551043219637,664721.0
2014-01-21,gold,0.06531387661879824,663764.0
2014-01-28,gold,0.09978028339495046,608056.0
2014-02-04,gold,0.09864391188333026,602247.0
2014-02-11,gold,0.11225995849244294,617237.0
2014-02-18,gold,0.1384042917475174,657075.0
2014-02-25,gold,0.17858923425697434,637838.0
2014-03-04,gold,0.18006316776920922,656664.0
2014-03-11,gold,0.17976935296945995,684249.0
2014-03-18,gold,0.1944282142756819,711980.0
2014-03-25,gold,0.17769915696448,675535.0
2014-04-01,gold,0.17494218160404515,607938.0
2014-04-08,gold,0.16025773489427825,614585.0
2014-04-15,gold,0.14352362709365332,628029.0
2014-04-22,gold,0.14326977528480903,632178.0
2014-04-29,gold,0.14468245262443424,621734.0
2014-05-06,gold,0.15796438643436023,651381.0
2014-05-13,gold,0.14697546435733194,641801.0
2014-05-20,gold,0.14181767957535368,637142.0
2014-05-27,gold,0.11209559914182364,610131.0
2014-06-03,gold,0.08448192284721154,604437.0
2014-06-10,gold,0.08561706731491654,598946.0
2014-06-17,gold,0.11067608972856328,601503.0
2014-06-24,gold,0.17887885523539285,639293.0
2014-07-01,gold,0.21659914865615168,632177.0
2014-07-08,gold,0.22595316552441333,638504.0
2014-07-15,gold,0.20635881173751647,639522.0
2014-07-22,gold,0.21157540676817477,643364.0
2014-07-29,gold,0.2121855676553088,575402.0
2014-08-05,gold,0.18491002351537025,563036.0
2014-08-12,gold,0.2299403257149736,581490.0
2014-08-19,gold,0.20352933189193706,574443.0
2014-08-26,gold,0.16785831942568974,552454.0
2014-09-02,gold,0.13031263696900033,568103.0
2014-09-09,gold,0.11881702351503691,600722.0
2014-09-16,gold,0.08912221433095956,625164.0
2014-09-23,gold,0.0686665518733799,644637.0
2014-09-30,gold,0.06186413591325941,610095.0
2014-10-07,gold,0.06016046017304908,619593.0
2014-10-14,gold,0.08107581307373604,641301.0
2014-10-21,gold,0.11249097731888509,669147.0
2014-10-28,gold,0.10956585438081062,641605.0
2014-11-04,gold,0.0651871135698015,691425.0
2014-11-11,gold,0.052584990169123706,735438.0
2014-11-18,gold,0.07982892383775032,755453.0
2014-11-25,gold,0.11127034823647217,595199.0
2014-12-02,gold,0.13738024138360086,578664.0
2014-12-09,gold,0.17474335635227506,598203.0
2014-12-16,gold,0.17422337768775895,595431.0
2014-12-23,gold,0.1631775622307366,570538.0
2014-12-30,gold,0.17281619562334566,569339.0
2015-01-06,gold,0.17873452060988168,597165.0
2015-01-13,gold,0.18874300200870933,607853.0
2015-01-20,gold,0.20798118447605102,700698.0
2015-01-27,gold,0.25546251003535797,656429.0
2015-02-03,gold,0.2534216252661351,639243.0
2015-02-10,gold,0.2198646976376247,609302.0
2015-02-17,gold,0.18284420632628606,602502.0
2015-02-24,gold,0.17461586466292228,592890.0
2015-03-03,gold,0.14685892587936553,598983.0
2015-03-10,gold,0.10293040525329519,630766.0
2015-03-17,gold,0.05257729180763726,667988.0
2015-03-24,gold,0.047449440779266334,667089.0
2015-03-31,gold,0.07976724366765861,572616.0
2015-04-07,gold,0.11278303164571159,579573.0
2015-04-14,gold,0.09826560013101397,586197.0
2015-04-21,gold,0.09865248394488446,592646.0
2015-04-28,gold,0.10236257681032722,592531.0
2015-05-05,gold,0.05293596388563785,598100.0
2015-05-12,gold,0.06011534163473819,601344.0
2015-05-19,gold,0.13792181587297545,628414.0
2015-05-26,gold,0.1287310407073905,567268.0
2015-06-02,gold,0.12318109988487748,559404.0
2015-06-09,gold,0.07811170793484432,572475.0
2015-06-16,gold,0.07282505353282638,587957.0
2015-06-23,gold,0.07907356324508309,602869.0
2015-06-30,gold,0.03536541795568786,607373.0
2015-07-07,gold,0.012128937621005129,624457.0
2015-07-14,gold,0.00727960077682595,636436.0
2015-07-21,gold,-0.016485416690884994,688184.0
2015-07-28,gold,-0.01797087937439649,630687.0
2015-08-04,gold,-0.016184165838564007,635992.0
2015-08-11,gold,-0.004406140841960843,634115.0
2015-08-18,gold,0.020050833985252488,636582.0
2015-08-25,gold,0.06691859454475373,661565.0
2015-09-01,gold,0.07297185845273242,608673.0
2015-09-08,gold,0.045868494963319476,616676.0
2015-09-15,gold,0.01127396086132667,609014.0
2015-09-22,gold,0.035174729755125055,611945.0
2015-09-29,gold,0.06973787265243547,600090.0
2015-10-06,gold,0.07958963938490637,625986.0
2015-10-13,gold,0.12870603240337225,641353.0
2015-10-20,gold,0.17750484187577692,686201.0
2015-10-27,gold,0.185012521258536,652091.0
2015-11-03,gold,0.11406654554432255,631868.0
2015-11-10,gold,0.0336664008381417,639510.0
2015-11-17,gold,-0.013692829125252295,656475.0
2015-11-24,gold,-0.02737154703871799,535410.0
2015-12-01,gold,-0.0334735134227875,536215.0
2015-12-08,gold,-0.025976971227863153,542365.0
2015-12-15,gold,-0.03952714115132892,553569.0
2015-12-22,gold,-0.026559019052201965,561090.0
2015-12-29,gold,-0.04493281282408368,539984.0
2016-01-05,gold,-0.024567174765854575,552648.0
2016-01-12,gold,0.0016355157132806777,551508.0
2016-01-19,gold,0.003410002556620324,567155.0
2016-01-26,gold,0.044974946866991154,530273.0
2016-02-02,gold,0.06631504673888962,537133.0
2016-02-09,gold,0.11324904476406449,643820.0
2016-02-16,gold,0.13468321470971145,697444.0
2016-02-23,gold,0.16837380549109596,733879.0
2016-03-01,gold,0.17456841901321168,701954.0
2016-03-08,gold,0.1880569754315648,788410.0
2016-03-15,gold,0.19274930183276284,761637.0
2016-03-22,gold,0.20643511427954644,782861.0
2016-03-29,gold,0.23914817977651898,689723.0
2016-04-05,gold,0.23861019179073237,685591.0
2016-04-12,gold,0.2477473600404534,743572.0
2016-04-19,gold,0.2557291879173637,735270.0
2016-04-26,gold,0.26156969953593323,703778.0
2016-05-03,gold,0.28598882670622855,816948.0
2016-05-10,gold,0.27561450281551797,819565.0
2016-05-17,gold,0.26849467907567,847879.0
2016-05-24,gold,0.21827559562137797,776500.0
2016-05-31,gold,0.22910526346752322,679932.0
2016-06-07,gold,0.26606141765746955,701199.0
2016-06-14,gold,0.3031151918773958,794622.0
2016-06-21,gold,0.31512720492627755,815220.0
2016-06-28,gold,0.31967697505227916,854547.0
2016-07-05,gold,0.30321742025141213,946255.0
2016-07-12,gold,0.2981263415624983,910785.0
2016-07-19,gold,0.29715637733864964,890097.0
2016-07-26,gold,0.32185851904744006,798270.0
2016-08-02,gold,0.31598067390705553,845903.0
2016-08-09,gold,0.31057222720064503,823554.0
2016-08-16,gold,0.3027625971062371,837871.0
2016-08-23,gold,0.318355606074078,832258.0
2016-08-30,gold,0.3054969752012684,779556.0
2016-09-06,gold,0.3355963519050013,831338.0
2016-09-13,gold,0.308715457482124,806108.0
2016-09-20,gold,0.27627376991516395,793177.0
2016-09-27,gold,0.3303938859494415,792666.0
2016-10-04,gold,0.2692633761597921,761990.0
2016-10-11,gold,0.21029139065602556,731252.0
2016-10-18,gold,0.18850485682228,728151.0
2016-10-25,gold,0.2061021339683557,736562.0
2016-11-01,gold,0.23340336390237568,739201.0
2016-11-08,gold,0.23574778753373335,748147.0
2016-11-15,gold,0.18537743926918077,712406.0
2016-11-22,gold,0.1911973669062252,634083.0
2016-11-29,gold,0.17207794369253915,600844.0
2016-12-06,gold,0.13288126452109372,608167.0
2016-12-13,gold,0.11042928070720895,623974.0
2016-12-20,gold,0.08321820486024818,647827.0
2016-12-27,gold,0.06903841325633944,597450.0
2017-01-03,gold,0.05604212240079523,616679.0
2017-01-10,gold,0.08419581458626438,646101.0
2017-01-17,gold,0.08695109726145245,689307.0
2017-01-24,gold,0.08483686257562661,703456.0
2017-01-31,gold,0.12457971826213826,578481.0
2017-02-07,gold,0.12164550007871208,622522.0
2017-02-14,gold,0.10826710834355242,627910.0
2017-02-21,gold,0.12657753764447652,651490.0
2017-02-28,gold,0.1854105704741435,656489.0
2017-03-07,gold,0.14553759924110202,645146.0
2017-03-14,gold,0.07738726553607395,643969.0
2017-03-21,gold,0.09733451759873468,677776.0
2017-03-28,gold,0.153648036745358,645306.0
2017-04-04,gold,0.1840685673524888,628054.0
2017-04-11,gold,0.20599437211526894,681606.0
2017-04-18,gold,0.22242528147460555,725021.0
2017-04-25,gold,0.24743146198952973,667987.0
2017-05-02,gold,0.22609251953511753,656510.0
2017-05-09,gold,0.15672275036506425,637559.0
2017-05-16,gold,0.1092150970273276,640232.0
2017-05-23,gold,0.1686651825327085,697601.0
2017-05-30,gold,0.2103045589537519,625626.0
2017-06-06,gold,0.2397208851629657,728589.0
2017-06-13,gold,0.22711850998936461,682626.0
2017-06-20,gold,0.16204830210502677,650158.0
2017-06-27,gold,0.12093663955264224,634481.0
2017-07-03,gold,0.058098957091730095,650201.0
2017-07-11,gold,0.03999191307440414,677637.0
2017-07-18,gold,0.041992624335031786,686311.0
2017-07-25,gold,0.11139577204299798,673706.0
2017-08-01,gold,0.1880754182840931,652786.0
2017-08-08,gold,0.21728106227272798,637727.0
2017-08-15,gold,0.25857998988937364,694319.0
2017-08-22,gold,0.2647915247722384,741455.0
2017-08-29,gold,0.29348054439744964,790158.0
2017-09-05,gold,0.2901315651816083,860258.0
2017-09-12,gold,0.30984439597452795,855055.0
2017-09-19,gold,0.2943970532389742,824227.0
2017-09-26,gold,0.26796655048251544,764017.0
2017-10-03,gold,0.2523964265530583,736096.0
2017-10-10,gold,0.24298011391164848,743032.0
2017-10-17,gold,0.23436012325228553,746761.0
2017-10-24,gold,0.2330733796670438,742440.0
2017-10-31,gold,0.22958311505693568,725380.0
2017-11-07,gold,0.23716098776768438,731832.0
2017-11-14,gold,0.24434428232219535,740799.0
2017-11-21,gold,0.2408022662334748,735317.0
2017-11-28,gold,0.30592817869930633,667490.0
2017-12-05,gold,0.2179275957220184,642172.0
2017-12-12,gold,0.1270594069413385,633192.0
2017-12-19,gold,0.1382599845347484,629799.0
2017-12-26,gold,0.176447453752753,622956.0
2018-01-02,gold,0.2208257566880621,691269.0
2018-01-09,gold,0.2649236959825346,747536.0
2018-01-16,gold,0.25070861225081803,813562.0
2018-01-23,gold,0.25804891538055785,820887.0
2018-01-30,gold,0.27589642714801815,777810.0
2018-02-06,gold,0.2518527874369631,760071.0
2018-02-13,gold,0.24079585057904038,746321.0
2018-02-20,gold,0.24196196408249943,774163.0
2018-02-27,gold,0.2169468292132419,726602.0
2018-03-06,gold,0.223804814627838,723005.0
2018-03-13,gold,0.1989455784635767,732155.0
2018-03-20,gold,0.1612942941074457,755377.0
2018-03-27,gold,0.23335007506777702,740664.0
2018-04-03,gold,0.19634064530096526,702091.0
2018-04-10,gold,0.19053159489496857,725402.0
2018-04-17,gold,0.1924927376533404,745971.0
2018-04-24,gold,0.1562816439479348,731775.0
2018-05-01,gold,0.07268301481064107,715229.0
2018-05-08,gold,0.07521949322865891,699566.0
2018-05-15,gold,0.042315142248144734,740326.0
2018-05-22,gold,0.03766998156665631,730741.0
2018-05-29,gold,0.09128284937845375,670827.0
2018-06-05,gold,0.08954777341171681,648436.0
2018-06-12,gold,0.0990868091414226,651671.0
2018-06-19,gold,0.03402549669353322,691070.0
2018-06-26,gold,0.006298544383221135,664598.0
2018-07-03,gold,0.006007456470090819,714279.0
2018-07-10,gold,0.004487756621872464,719736.0
2018-07-17,gold,-0.02883774327574896,768264.0
2018-07-24,gold,-0.036146839547485654,751269.0
2018-07-31,gold,-0.0621303698909577,661303.0
2018-08-07,gold,-0.09243659426905386,684599.0
2018-08-14,gold,-0.10426727656674831,741105.0
2018-08-21,gold,-0.10172986996846307,772428.0
2018-08-28,gold,-0.09647616745705642,719898.0
2018-09-04,gold,-0.11003425760548122,717213.0
2018-09-11,gold,-0.10010707988664108,713486.0
2018-09-18,gold,-0.10373380335897278,717124.0
2018-09-25,gold,-0.11395533937652001,678450.0
2018-10-02,gold,-0.10594437659453328,690249.0
2018-10-09,gold,-0.1460422464722537,705337.0
2018-10-16,gold,-0.050511166736047663,739876.0
2018-10-23,gold,-0.035442667706708265,758944.0
2018-10-30,gold,-0.06328890911184389,720853.0
2018-11-06,gold,-0.050234380653478454,746222.0
2018-11-13,gold,-0.09009620653573831,786537.0
2018-11-20,gold,-0.05545864261634242,781916.0
2018-11-27,gold,-0.08226758075089723,629993.0
2018-12-04,gold,-0.0025556378466882984,602198.0
2018-12-11,gold,0.016627444365693488,616571.0
2018-12-18,gold,0.037819815187959974,649633.0
2018-12-24,gold,0.07950040204596726,716336.0
2018-12-31,gold,0.10312695461256653,705063.0
2019-01-08,gold,0.07069230279313005,706555.0
2019-01-15,gold,0.057750491405188134,758539.0
2019-01-22,gold,0.044416395731732734,767712.0
2019-01-29,gold,0.07627050306221887,731659.0
2019-02-05,gold,0.08962385515129717,742347.0
2019-02-12,gold,0.08764974891786659,735815.0
2019-02-19,gold,0.13156184535846674,826311.0
2019-02-26,gold,0.14038202011114193,742474.0
2019-03-05,gold,0.06843941213472865,699480.0
2019-03-12,gold,0.05401861569376951,773326.0
2019-03-19,gold,0.07451702525495621,774937.0
2019-03-26,gold,0.10717563570738446,744171.0
2019-04-02,gold,0.05945199947164575,658649.0
2019-04-09,gold,0.08224205017123616,677719.0
2019-04-16,gold,-0.005888645403844756,674009.0
2019-04-23,gold,-0.03316908239831124,673157.0
2019-04-30,gold,0.016371591212030925,637690.0
2019-05-07,gold,0.029640128173527236,665348.0
2019-05-14,gold,0.08900139735515097,740685.0
2019-05-21,gold,0.03366025209979606,724237.0
2019-05-28,gold,0.04947691903369639,669686.0
2019-06-04,gold,0.16375286600498,720079.0
2019-06-11,gold,0.20492013347699195,764776.0
2019-06-18,gold,0.22085025970260821,858867.0
2019-06-25,gold,0.2262884551150488,1014917.0
2019-07-02,gold,0.23382260690153997,1031393.0
2019-07-09,gold,0.21497122061423743,1010098.0
2019-07-16,gold,0.21169640751134838,1038695.0
2019-07-23,gold,0.1998967051326705,1088147.0
2019-07-30,gold,0.23976641518819433,964960.0
2019-08-06,gold,0.25626914723776373,1112432.0
2019-08-13,gold,0.23489902826802866,1183351.0
2019-08-20,gold,0.2396084772771588,1189816.0
2019-08-27,gold,0.23685533566526207,1215303.0
2019-09-03,gold,0.23883695671820082,1217186.0
2019-09-10,gold,0.22013496293584373,1125346.0
2019-09-17,gold,0.22247538462845443,1177110.0
2019-09-24,gold,0.2340690684312982,1247777.0
2019-10-01,gold,0.22397246510281302,1050013.0
2019-10-08,gold,0.2315551816352787,1078067.0
2019-10-15,gold,0.20765737331891956,1058248.0
2019-10-22,gold,0.21218507519877383,1064778.0
2019-10-29,gold,0.22531240092483046,1034568.0
2019-11-05,gold,0.2152004631099326,1071020.0
2019-11-12,gold,0.18414820698379078,1087776.0
2019-11-19,gold,0.20418044829807408,1105336.0
2019-11-26,gold,0.2220348243342756,926134.0
2019-12-03,gold,0.23064941350151338,983549.0
2019-12-10,gold,0.20474008541983568,964413.0
2019-12-17,gold,0.21843815345502438,1003799.0
2019-12-24,gold,0.2265333870480411,1072332.0
2019-12-31,gold,0.23928395750952652,1099823.0
2020-01-07,gold,0.227466147638897,1197110.0
2020-01-14,gold,0.22411910644536256,1170516.0
2020-01-21,gold,0.21785743404136929,1189723.0
2020-01-28,gold,0.24100805904666575,1068985.0
2020-02-04,gold,0.21087934111734852,1002910.0
2020-02-11,gold,0.22635173142016915,1013330.0
2020-02-18,gold,0.249116889628296,1140854.0
2020-02-25,gold,0.23309868486705526,1222538.0
2020-03-03,gold,0.21906607711129827,1226461.0
2020-03-10,gold,0.2089584578057656,1236887.0
2020-03-17,gold,0.1528501247123348,1161072.0
2020-03-24,gold,0.15919385827148289,1254370.0
2020-03-31,gold,0.1793787388200591,992626.0
2020-04-07,gold,0.17928876665841043,1053747.0
2020-04-14,gold,0.17377982608452125,1142624.0
2020-04-21,gold,0.1682982188810232,1067082.0
2020-04-28,gold,0.17979735227551338,1023747.0
2020-05-05,gold,0.17022963007730954,1009319.0
2020-05-12,gold,0.158887913905814,1013123.0
2020-05-19,gold,0.1595154431997172,1086271.0
2020-05-26,gold,0.16489040709101277,903115.0
2020-06-02,gold,0.15615927404370053,874543.0
2020-06-09,gold,0.14534077247927005,875907.0
2020-06-16,gold,0.15708272123004763,910794.0
2020-06-23,gold,0.1748453739591234,1004682.0
2020-06-30,gold,0.18178522195347335,990185.0
2020-07-07,gold,0.1800119394459859,1008422.0
2020-07-14,gold,0.17440313150039585,1016765.0
2020-07-21,gold,0.17108915123048118,1076205.0
2020-07-28,gold,0.1548407361301262,1127029.0
2020-08-04,gold,0.15271707026342732,1135911.0
2020-08-11,gold,0.1375966931847344,1091080.0
2020-08-18,gold,0.13801348189969637,1125064.0
2020-08-25,gold,0.12840673875713557,1077350.0
2020-09-01,gold,0.14644148197565723,1031272.0
2020-09-08,gold,0.15175178613488263,1018960.0
2020-09-15,gold,0.15695960867190653,1052825.0
2020-09-22,gold,0.12752518128384177,1027946.0
2020-09-29,gold,0.141411028816693,911902.0
2020-10-06,gold,0.14420490218956247,908492.0
2020-10-13,gold,0.1322894263847978,905764.0
2020-10-20,gold,0.1444670315239232,936622.0
2020-10-27,gold,0.14839951469009624,886856.0
2020-11-03,gold,0.13824292920705095,882150.0
2020-11-10,gold,0.12707376570427292,873170.0
2020-11-17,gold,0.1399194492844697,875225.0
2020-11-24,gold,0.1392370883900591,751804.0
2020-12-01,gold,0.14422441846289055,746427.0
2020-12-08,gold,0.1628926533340188,778040.0
2020-12-15,gold,0.16518681534531085,773839.0
2020-12-21,gold,0.17157817858027208,799618.0
2020-12-29,gold,0.18313941429536804,747305.0
2021-01-05,gold,0.18775841172593732,810238.0
2021-01-12,gold,0.1395091800141537,754574.0
2021-01-19,gold,0.14272936122779115,735630.0
2021-01-26,gold,0.16510996772453707,700842.0
2021-02-02,gold,0.15223641873825047,695241.0
2021-02-09,gold,0.15349177808068212,689620.0
2021-02-16,gold,0.12173916843150906,686558.0
2021-02-23,gold,0.13186272804606933,632438.0
2021-03-02,gold,0.08962780048147678,645514.0
2021-03-09,gold,0.06197110598662539,676057.0
2021-03-16,gold,0.08086237840951896,676965.0
2021-03-23,gold,0.08178540712369732,684841.0
2021-03-30,gold,0.07907875437210876,638136.0
2021-04-06,gold,0.12212827523749269,633809.0
2021-04-13,gold,0.10278783800512305,630094.0
2021-04-20,gold,0.10545730120613934,657138.0
2021-04-27,gold,0.09938390602009584,635455.0
2021-05-04,gold,0.1035052133710211,638934.0
2021-05-11,gold,0.13566103263330148,704587.0
2021-05-18,gold,0.14221266711278857,751663.0
2021-05-25,gold,0.18130087805268316,699958.0
2021-06-01,gold,0.19000333631846036,683388.0
2021-06-08,gold,0.1871028827308563,679113.0
2021-06-15,gold,0.17296848812202748,661687.0
2021-06-22,gold,0.11994532119858704,634981.0
2021-06-29,gold,0.11926934450873516,608002.0
2021-07-06,gold,0.14867509016037037,625552.0
2021-07-13,gold,0.15604464868779708,659997.0
2021-07-20,gold,0.1649864526585994,659539.0
2021-07-27,gold,0.16626597275909968,636396.0
2021-08-03,gold,0.16966563802373302,628660.0
2021-08-10,gold,0.0812080034767271,628177.0
2021-08-17,gold,0.12174735178460554,637788.0
2021-08-24,gold,0.14368434163917293,658332.0
2021-08-31,gold,0.1545103616416091,639860.0
2021-09-07,gold,0.13122757632688453,636604.0
2021-09-14,gold,0.13780092461195942,634212.0
2021-09-21,gold,0.09878653934364705,623506.0
2021-09-28,gold,0.06923467601564079,608409.0
2021-10-05,gold,0.11112676356262173,610483.0
2021-10-12,gold,0.11365719374158563,614277.0
2021-10-19,gold,0.1123021610721719,616916.0
2021-10-26,gold,0.1502860230183963,673722.0
2021-11-02,gold,0.146849699136912,673396.0
2021-11-09,gold,0.1887047225510907,775386.0
2021-11-16,gold,0.19595670491997147,837139.0
2021-11-23,gold,0.1668979050783891,711387.0
2021-11-30,gold,0.15318264848177132,685404.0
2021-12-07,gold,0.14261986254316517,655042.0
2021-12-14,gold,0.11547845773769914,653715.0
2021-12-21,gold,0.129934703168993,651027.0
2021-12-28,gold,0.1519542576711263,650426.0
2022-01-04,gold,0.14600958100408307,650245.0
2022-01-11,gold,0.12561837657918365,699412.0
2022-01-18,gold,0.12142883818202188,696202.0
2022-01-25,gold,0.1627106835734201,723419.0
2022-02-01,gold,0.0981456084908473,637298.0
2022-02-08,gold,0.1311835401274299,647101.0
2022-02-15,gold,0.17522847368560515,717041.0
2022-02-22,gold,0.1990306986635016,808830.0
2022-03-01,gold,0.2060121129529183,815986.0
2022-03-08,gold,0.1907401557022615,921117.0
2022-03-15,gold,0.17359185594915852,849700.0
2022-03-22,gold,0.162802508766345,823034.0
2022-03-29,gold,0.17061073256178322,762707.0
2022-04-05,gold,0.16451662654480348,745645.0
2022-04-12,gold,0.18186503940551665,795447.0
2022-04-19,gold,0.16092340341144687,776562.0
2022-04-26,gold,0.13645245302384554,728774.0
2022-05-03,gold,0.11332965297098162,731812.0
2022-05-10,gold,0.09959469859836073,741917.0
2022-05-17,gold,0.07502409421560095,727353.0
2022-05-24,gold,0.10797017246135712,717726.0
2022-05-31,gold,0.09775272310934398,641087.0
2022-06-07,gold,0.11210358108661804,622353.0
2022-06-14,gold,0.0770527153693434,643209.0
2022-06-21,gold,0.09662010928688432,639784.0
2022-06-28,gold,0.07493584892320991,622359.0
2022-07-05,gold,0.04177719039589054,641642.0
2022-07-12,gold,0.003958872672109396,694137.0
2022-07-19,gold,-0.014348508912282358,677492.0
2022-07-26,gold,-0.01682075791373781,622683.0
2022-08-02,gold,0.04545832267441387,613727.0
2022-08-09,gold,0.08621663814388546,612376.0
2022-08-16,gold,0.07723984009435302,598603.0
2022-08-23,gold,0.05063346089372416,598932.0
2022-08-30,gold,0.03564929324063531,581386.0
2022-09-06,gold,0.0020461243848596882,594783.0
2022-09-13,gold,-0.017073968096687327,593418.0
2022-09-20,gold,-0.05327580076925563,618780.0
2022-09-27,gold,-0.0706142240642333,584868.0
2022-10-04,gold,0.00839644973430785,588463.0
2022-10-11,gold,0.0022457396230291023,574421.0
2022-10-18,gold,-0.035430704664564834,582348.0
2022-10-25,gold,-0.05458999836892321,606961.0
2022-11-01,gold,-0.06487267581850067,599297.0
2022-11-08,gold,-0.012735961620112252,645338.0
2022-11-15,gold,0.05953014365816723,684124.0
2022-11-22,gold,0.055915745365171736,570841.0
2022-11-29,gold,0.050058621256639575,559524.0
2022-12-06,gold,0.06643648726213078,566225.0
2022-12-13,gold,0.09323696505880685,606562.0
2022-12-20,gold,0.09633066077770545,606785.0
2022-12-27,gold,0.1161629580045339,579634.0
2023-01-03,gold,0.11996941649103669,606863.0
2023-01-10,gold,0.12435581177505294,664014.0
2023-01-17,gold,0.13229592386221284,705668.0
2023-01-24,gold,0.14537921218103583,733468.0
2023-01-31,gold,0.16850418918878088,661942.0
2023-02-07,gold,0.12703510106218419,620608.0
2023-02-14,gold,0.09470817865965626,605576.0
2023-02-21,gold,0.087481259495328,599637.0
2023-02-28,gold,0.06935889771005102,575384.0
2023-03-07,gold,0.03918113922096075,615245.0
2023-03-14,gold,0.1261648470050592,676591.0
2023-03-21,gold,0.14876949248258872,718931.0
2023-03-28,gold,0.18309239763452614,711739.0
2023-04-04,gold,0.19380253224116176,748112.0
2023-04-11,gold,0.18682832025228607,736307.0
2023-04-18,gold,0.17931529134577626,748698.0
2023-04-25,gold,0.18911281390051746,704204.0
2023-05-02,gold,0.19862349200889007,744202.0
2023-05-09,gold,0.18462890629918682,794166.0
2023-05-16,gold,0.17133455799664843,769191.0
2023-05-23,gold,0.1624797575052942,722490.0
2023-05-30,gold,0.16875076276039466,639126.0
2023-06-06,gold,0.18259242376988222,625245.0
2023-06-13,gold,0.15094144273125973,618147.0
2023-06-20,gold,0.15221405775467134,621664.0
2023-06-27,gold,0.14637490541796372,590757.0
2023-07-03,gold,0.16271837526018046,609673.0
2023-07-11,gold,0.1532898535489955,656397.0
2023-07-18,gold,0.20103307038161775,676043.0
2023-07-25,gold,0.1763173654964332,659555.0
2023-08-01,gold,0.16664485824526087,596100.0
2023-08-08,gold,0.12947887758248536,583740.0
2023-08-15,gold,0.0782505767070866,594756.0
2023-08-22,gold,0.04282435763463548,600009.0
2023-08-29,gold,0.09733759068784628,597241.0
2023-09-05,gold,0.11303728492415904,586886.0
2023-09-12,gold,0.0849795896077655,585976.0
2023-09-19,gold,0.11173353900840026,596410.0
2023-09-26,gold,0.06211682368399957,573822.0
2023-10-03,gold,-0.004944929225288934,607491.0
2023-10-10,gold,-0.023728530718081692,623216.0
2023-10-17,gold,0.06224012106994673,672669.0
2023-10-24,gold,0.12244231106790349,740610.0
2023-10-31,gold,0.14594063455075185,728673.0
2023-11-07,gold,0.14612660899509838,720170.0
2023-11-14,gold,0.12823440352180995,722583.0
2023-11-21,gold,0.1503885567834802,763981.0
2023-11-28,gold,0.20100103834065924,718454.0
2023-12-05,gold,0.18876027736785428,702028.0
2023-12-12,gold,0.1688462687042295,659677.0
2023-12-19,gold,0.18762932992678485,702177.0
2023-12-26,gold,0.19773845588106537,685284.0
2024-01-02,gold,0.196204491204641,700881.0
2024-01-09,gold,0.159762868901495,665286.0
2024-01-16,gold,0.15053049306761562,668529.0
2024-01-23,gold,0.11922620844628556,642602.0
2024-01-30,gold,0.124009317583493,580408.0
2024-02-06,gold,0.14346760422945506,575677.0
2024-02-13,gold,0.08052983074851089,576184.0
2024-02-20,gold,0.1134365194090893,567260.0
2024-02-27,gold,0.12328280650386471,551918.0
2024-03-05,gold,0.18561951540078292,706068.0
2024-03-12,gold,0.2055822618944851,776137.0
2024-03-19,gold,0.19954810307203738,789118.0
2024-03-26,gold,0.21802870093766719,723391.0
2024-04-02,gold,0.22336486784582682,797856.0
2024-04-09,gold,0.20690133085710524,865833.0
2024-04-16,gold,0.18704135314752657,924186.0
2024-04-23,gold,0.1961569683344079,898041.0
2024-04-30,gold,0.19873533464999946,841013.0
2024-05-07,gold,0.18938601511772485,861373.0
2024-05-14,gold,0.19759177102744477,875249.0
2024-05-21,gold,0.20826256036728216,931382.0
2024-05-28,gold,0.23160434414026962,773824.0
2024-06-04,gold,0.24542778548676603,736514.0
2024-06-11,gold,0.24329979691786546,729754.0
2024-06-18,gold,0.25499233810805755,743289.0
2024-06-25,gold,0.25970355747897317,711234.0
2024-07-02,gold,0.24822838997248564,719261.0
2024-07-09,gold,0.2396754175177971,799427.0
2024-07-16,gold,0.23122082969578941,953024.0
2024-07-23,gold,0.21853958940406104,908046.0
2024-07-30,gold,0.2315583415868284,815816.0
2024-08-06,gold,0.23298412219877399,796080.0
2024-08-13,gold,0.2537155528862812,865820.0
2024-08-20,gold,0.2556612881279791,926026.0
2024-08-27,gold,0.2817162447985192,840626.0
2024-09-03,gold,0.2803204156743884,808325.0
2024-09-10,gold,0.2741295794267086,827014.0
2024-09-17,gold,0.279898512026768,902570.0
2024-09-24,gold,0.25632795848718415,994199.0
2024-10-01,gold,0.27201340837302196,915249.0
2024-10-08,gold,0.25832395321279594,875966.0
2024-10-15,gold,0.26010073094049446,904588.0
2024-10-22,gold,0.2462558960164951,983079.0
2024-10-29,gold,0.25081993228946253,945200.0
2024-11-05,gold,0.2394125325384118,926213.0
2024-11-12,gold,0.2264743750100407,871454.0
2024-11-19,gold,0.22370267633611116,850790.0
2024-11-26,gold,0.27838786162567913,711924.0
2024-12-03,gold,0.28381404407215804,709609.0
2024-12-10,gold,0.29019890557125383,758752.0
2024-12-17,gold,0.28485446982543083,715934.0
2024-12-24,gold,0.26663811104567114,691049.0
2024-12-31,gold,0.2769305988086688,658591.0
2025-01-07,gold,0.2816846129894205,690485.0
2025-01-14,gold,0.2807139450736284,756977.0
2025-01-21,gold,0.27730244280499566,845135.0
2025-01-28,gold,0.2863596906810654,805253.0
2025-02-04,gold,0.2749958791110347,837198.0
2025-02-11,gold,0.24848935458957244,867510.0
2025-02-18,gold,0.23183724259215255,871137.0
2025-02-25,gold,0.251416796132706,773047.0
2025-03-04,gold,0.24139130158839295,756299.0
2025-03-11,gold,0.23374568506422677,779270.0
2025-03-18,gold,0.2300567909493088,870033.0
2025-03-25,gold,0.23310734791350612,826602.0
2025-04-01,gold,0.20735885332678752,851437.0
2025-04-08,gold,0.17849500345478359,775736.0
2025-04-15,gold,0.1547231472807423,884929.0
2025-04-22,gold,0.12842771510176396,978932.0
2025-04-29,gold,0.13432096990718737,862598.0
2025-05-06,gold,0.12439922684551864,902795.0
2025-05-13,gold,0.13319542152000924,832416.0
2025-05-20,gold,0.1377535081474496,861067.0
2025-05-27,gold,0.1636869316571422,716227.0
2025-06-03,gold,0.18363639689483557,710687.0
2025-06-10,gold,0.18627820870171471,697081.0
2025-06-17,gold,0.18403435372591911,742394.0
2025-06-24,gold,0.18668040116170936,698970.0
2025-07-01,gold,0.20440061605634224,668770.0
2025-07-08,gold,0.2023703574746403,666313.0
2025-07-15,gold,0.21168437137598672,678633.0
2025-07-22,gold,0.22525875331722345,758541.0
2025-07-29,gold,0.2203006104124834,648414.0
2025-08-05,gold,0.24124250827444316,670740.0
2025-08-12,gold,0.2324592209859312,663454.0
2025-08-19,gold,0.2201194090107996,644005.0
2025-08-26,gold,0.23389579997536641,633282.0
2025-09-02,gold,0.2207975606120437,764782.0
2025-09-09,gold,0.20366585567636103,817108.0
2025-09-16,gold,0.1920061927061025,835822.0
2025-09-23,gold,0.17654463758018002,898447.0
2025-09-30,gold,0.18170235136917787,821734.0
2025-10-07,gold,0.15771406634195972,849176.0
2025-10-14,gold,0.11969689356319378,915454.0
2025-10-21,gold,0.09948623147874198,926098.0
2025-10-28,gold,0.13066717134982955,808428.0
2025-11-04,gold,0.1280681577434097,792984.0
2025-11-10,gold,0.1240251370989609,837169.0
2025-11-18,gold,0.11417973284646879,846779.0
2025-11-25,gold,0.1612894070549925,669455.0
2025-12-02,gold,0.18019058619693906,664896.0
2025-12-09,gold,0.18224341428036683,683904.0
2025-12-16,gold,0.1762431164271514,761051.0
2025-12-23,gold,0.17859475490469778,770129.0
2025-12-30,gold,0.17073315148424117,743107.0
2026-01-06,gold,0.16089272049007433,772291.0
2026-01-13,gold,0.16178672985781992,844000.0
2026-01-20,gold,0.15967093298759114,871555.0
2026-01-27,gold,0.15297076042547242,793753.0
2026-02-03,gold,0.1275908920219848,732325.0
2026-02-10,gold,0.12812398437801245,726156.0
2026-02-17,gold,0.13269264241489917,723906.0
2026-02-24,gold,0.14281447565478844,699768.0
2026-03-03,gold,0.14410409844029515,699876.0
2026-03-10,gold,0.1440223592754648,709862.0
2026-03-17,gold,0.15544626962707278,681393.0
2026-03-24,gold,0.13402685882359738,692212.0
2026-03-31,gold,0.1679353533329636,558977.0
2026-04-07,gold,0.16733001869253952,550487.0
2026-04-14,gold,0.1749034359634021,565169.0
2026-04-21,gold,0.17148326252392734,556894.0
2026-04-28,gold,0.17557947130972307,521553.0
2026-05-05,gold,0.181530094670267,526987.0
2026-05-12,gold,0.18461400158145697,545067.0
2026-05-19,gold,0.17369381836383177,543416.0
2026-05-26,gold,0.2129761868142009,455126.0
2026-06-02,gold,0.2560799466409071,434790.0
2026-06-09,gold,0.22568586426190534,459311.0
2026-06-16,gold,0.23556237026838148,479355.0
2026-06-23,gold,0.22718043767564722,497446.0
2026-06-30,gold,0.23356813378627228,500141.0
2026-07-07,gold,0.22676817734884952,506482.0
2026-07-14,gold,0.22817009297471202,522185.0
2026-07-21,gold,0.23608948728773896,523471.0
2026-07-28,gold,0.24380202128263107,493548.0
2026-08-04,gold,0.2711340290633857,488312.0
2026-08-11,gold,0.25127837260997016,564585.0
2026-08-18,gold,0.2597322615727185,561817.0
2026-08-25,gold,0.23459980898987895,644992.0
2026-09-01,gold,0.24322797732352666,578926.0
2026-09-08,gold,0.23949995194486015,582664.0
2026-09-15,gold,0.23735223931256863,577454.0
2026-09-22,gold,0.22988984598041978,571291.0
2026-09-29,gold,0.22956112933639863,541982.0
2006-06-13,nq,-0.23611907129071877,598465.0
2006-06-20,nq,-0.40874127562972445,331256.0
2006-06-27,nq,-0.3955175658364603,352844.0
2006-07-03,nq,-0.3025674887134916,325610.0
2006-07-11,nq,-0.2583965377869735,342671.0
2006-07-18,nq,-0.28410582367720405,426672.0
2006-07-25,nq,-0.2714045673260521,418976.0
2006-08-01,nq,-0.27055434536775824,420045.0
2006-08-08,nq,-0.23081246372622563,435921.0
2006-08-15,nq,-0.18046910094333568,436324.0
2006-08-22,nq,-0.13777543479522547,413528.0
2006-08-29,nq,-0.14708845707007256,401969.0
2006-09-05,nq,-0.12580418933332035,410662.0
2006-09-12,nq,-0.10220928679949333,554206.0
2006-09-19,nq,-0.009097714355765493,383393.0
2006-09-26,nq,-0.060764469722315154,430416.0
2006-10-03,nq,-0.011150785175004412,430732.0
2006-10-10,nq,-0.008005698313169794,463295.0
2006-10-17,nq,0.11230902467071091,486123.0
2006-10-24,nq,0.08362493767899173,431235.0
2006-10-31,nq,0.08839419535488968,430345.0
2006-11-07,nq,0.10123313414556895,473590.0
2006-11-14,nq,0.12577908745478805,492403.0
2006-11-21,nq,0.1561681652240096,542633.0
2006-11-28,nq,0.1329030692519041,511004.0
2006-12-05,nq,0.15093963917254646,532332.0
2006-12-12,nq,0.09175574152246004,607635.0
2006-12-19,nq,0.2620136307111941,311209.0
2006-12-26,nq,0.2236622737995444,320899.0
2007-01-03,nq,0.18783816522652022,359107.0
2007-01-09,nq,0.2656799396726353,338155.0
2007-01-16,nq,0.2580987546485621,377805.0
2007-01-23,nq,0.2732794100463498,385115.0
2007-01-30,nq,0.11917408769722196,330592.0
2007-02-06,nq,-0.014721499653962723,335224.0
2007-02-13,nq,-0.01754567034781711,358493.0
2007-02-20,nq,0.06311198925846279,366428.0
2007-02-27,nq,-0.06345709951856493,379075.0
2007-03-06,nq,-0.10748030059827812,438592.0
2007-03-13,nq,-0.14844438509814395,599120.0
2007-03-20,nq,-0.30783012004365223,329880.0
2007-03-27,nq,-0.23517681628121662,331474.0
2007-04-03,nq,-0.19458349634054753,350189.0
2007-04-10,nq,-0.22791812455340546,379259.0
2007-04-17,nq,-0.1776199477258716,392546.0
2007-04-24,nq,-0.07091489282524562,429952.0
2007-05-01,nq,0.07232822725700826,459779.0
2007-05-08,nq,0.06967626491329504,473906.0
2007-05-15,nq,0.04816608845541227,458310.0
2007-05-22,nq,0.05138434397811956,472751.0
2007-05-29,nq,-0.025192539056668392,455492.0
2007-06-05,nq,-0.04369990885375743,477255.0
2007-06-12,nq,-0.0809104697084972,605929.0
2007-06-19,nq,0.08995027494372333,357164.0
2007-06-26,nq,0.018013107837315308,368787.0
2007-07-03,nq,0.05166737938416148,395201.0
2007-07-10,nq,0.011018010646787276,395988.0
2007-07-17,nq,-0.024041301476767918,416450.0
2007-07-24,nq,0.029998599357511736,442654.0
2007-07-31,nq,-0.002588578259497749,450054.0
2007-08-07,nq,-0.07801271927194052,450183.0
2007-08-14,nq,-0.16802684963922543,429354.0
2007-08-21,nq,-0.23664091093940626,418030.0
2007-08-28,nq,-0.21610330514089723,410512.0
2007-09-04,nq,-0.168217648346836,438432.0
2007-09-11,nq,-0.11234231267246651,488863.0
2007-09-18,nq,-0.07154733107001192,573788.0
2007-09-25,nq,-0.053167146327904,325577.0
2007-10-02,nq,0.018441138782104852,376929.0
2007-10-09,nq,0.027451558965279826,406680.0
2007-10-16,nq,0.08782246457699013,421054.0
2007-10-23,nq,0.07417707084928382,429715.0
2007-10-30,nq,0.07283961461646571,432608.0
2007-11-06,nq,0.06787666495615895,448210.0
2007-11-13,nq,-0.011987578915185712,438287.0
2007-11-20,nq,-0.06733449134842454,432349.0
2007-11-27,nq,-0.07400874676435133,428044.0
2007-12-04,nq,-0.09451462033141335,417364.0
2007-12-11,nq,-0.14681515380366783,443585.0
2007-12-18,nq,-0.0985051048552479,545657.0
2007-12-24,nq,-0.2710929093277454,282512.0
2007-12-31,nq,-0.2670509498831619,283298.0
2008-01-08,nq,-0.22708091412974513,334132.0
2008-01-15,nq,-0.18526719728703142,358574.0
2008-01-22,nq,-0.053303912055191485,376145.0
2008-01-29,nq,-0.11512519710391401,363387.0
2008-02-05,nq,-0.08839157504030523,385806.0
2008-02-12,nq,-0.19469644274195919,408292.0
2008-02-19,nq,-0.20080764498065867,441283.0
2008-02-26,nq,-0.16626454811777122,414057.0
2008-03-04,nq,-0.17525193489541824,451704.0
2008-03-11,nq,-0.09450756631573223,441298.0
2008-03-18,nq,-0.13838999247917974,579724.0
2008-03-25,nq,-0.3050062764484361,309092.0
2008-04-01,nq,-0.332380936989932,309395.0
2008-04-08,nq,-0.3198766317785265,312236.0
2008-04-15,nq,-0.29569104522885836,313185.0
2008-04-22,nq,-0.21973666951899715,320206.0
2008-04-29,nq,-0.1201748318641374,339755.0
2008-05-06,nq,-0.09241018758050375,369548.0
2008-05-13,nq,-0.04944309468967911,380316.0
2008-05-20,nq,-0.11954326362122102,372819.0
2008-05-27,nq,0.012792887029288703,382400.0
2008-06-03,nq,-0.08590919581564357,372626.0
2008-06-10,nq,-0.044139533102735266,391735.0
2008-06-17,nq,-0.05036644744627974,473192.0
2008-06-24,nq,0.03877136803671944,269503.0
2008-07-01,nq,0.09834841371365807,298622.0
2008-07-08,nq,0.08315891055860931,306726.0
2008-07-15,nq,0.07798242287334906,303235.0
2008-07-22,nq,-0.055964966848463756,324721.0
2008-07-29,nq,-0.019058467606116836,326574.0
2008-08-05,nq,0.009939172394572506,308577.0
2008-08-12,nq,-0.024189091908393297,334779.0
2008-08-19,nq,0.04147543521891679,342299.0
2008-08-26,nq,0.01762923030103533,322022.0
2008-09-02,nq,-0.011181757707956251,323205.0
2008-09-09,nq,-0.027747698211871112,356462.0
2008-09-16,nq,0.0148931274877482,434630.0
2008-09-23,nq,-0.05899542215901452,282666.0
2008-09-30,nq,-0.012531846715520186,304584.0
2008-10-07,nq,0.17850100688034906,381376.0
2008-10-14,nq,-0.011259634532641333,387668.0
2008-10-21,nq,0.0019470060791766104,407292.0
2008-10-28,nq,0.08025383974166232,409077.0
2008-11-04,nq,-0.0016704800282302586,351396.0
2008-11-11,nq,0.06286106078212167,363166.0
2008-11-18,nq,0.06466138971846813,363973.0
2008-11-25,nq,0.061450455157998955,363610.0
2008-12-02,nq,0.07981443726459103,347268.0
2008-12-09,nq,0.04953279299289411,350273.0
2008-12-16,nq,0.052144900624259305,397431.0
2008-12-22,nq,-0.12188485060753833,222702.0
2008-12-30,nq,-0.058692060179146015,229980.0
2009-01-06,nq,-0.057279764431718616,221422.0
2009-01-13,nq,-0.07035442709600014,246708.0
2009-01-20,nq,-0.0659268150843237,268252.0
2009-01-27,nq,-0.03717990014495088,248360.0
2009-02-03,nq,-0.052583273377797654,257135.0
2009-02-10,nq,-0.03604188804073158,266329.0
2009-02-17,nq,-0.0888912931025739,295777.0
2009-02-24,nq,-0.06599829565391749,299235.0
2009-03-03,nq,-0.059591593477543406,312091.0
2009-03-10,nq,-0.1173830349138662,330184.0
2009-03-17,nq,-0.0954678234269022,398815.0
2009-03-24,nq,-0.09857378110990225,236219.0
2009-03-31,nq,0.0671754458730817,241100.0
2009-04-07,nq,-0.008457393216526825,239199.0
2009-04-14,nq,-0.011459916781116405,245377.0
2009-04-21,nq,0.10086465090378219,265772.0
2009-04-28,nq,0.07789452230782949,274769.0
2009-05-05,nq,-0.0001516952829822587,283463.0
2009-05-12,nq,0.006913173746682061,286699.0
2009-05-19,nq,0.14330910762938104,291426.0
2009-05-26,nq,0.11270878433397549,302106.0
2009-06-02,nq,0.06985968670788745,282867.0
2009-06-09,nq,0.019862688218564042,281986.0
2009-06-16,nq,0.06118477226864684,389999.0
2009-06-23,nq,0.06041086868772705,235355.0
2009-06-30,nq,0.04664881582497873,240885.0
2009-07-07,nq,-0.058767783979094754,247976.0
2009-07-14,nq,-0.07505079797202659,253455.0
2009-07-21,nq,-0.12061105791903054,279908.0
2009-07-28,nq,-0.05855123396889507,305032.0
2009-08-04,nq,0.007511704394014694,315907.0
2009-08-11,nq,0.009862941988292961,336208.0
2009-08-18,nq,-0.03231963119477526,325375.0
2009-08-25,nq,-0.11394466198543864,332249.0
2009-09-01,nq,-0.18050728324895862,347853.0
2009-09-08,nq,-0.1421401930671347,364640.0
2009-09-15,nq,-0.16630282540449168,414100.0
2009-09-22,nq,-0.15963076709524057,288165.0
2009-09-29,nq,-0.09622508210494157,314232.0
2009-10-06,nq,-0.09719742115770867,332087.0
2009-10-13,nq,-0.21326154051536989,314609.0
2009-10-20,nq,-0.2803309365467032,322237.0
2009-10-27,nq,-0.20198315965903357,326953.0
2009-11-03,nq,-0.1747005485987636,316078.0
2009-11-09,nq,-0.19132012742312557,301986.0
2009-11-17,nq,-0.14035295403219933,329448.0
2009-11-24,nq,-0.13557737656491373,354093.0
2009-12-01,nq,-0.12942439897937044,364089.0
2009-12-08,nq,-0.17692248290379506,349639.0
2009-12-15,nq,-0.10160422984566475,443515.0
2009-12-22,nq,0.14256930250150934,274954.0
2009-12-29,nq,0.12111814940099139,294737.0
2010-01-05,nq,0.09614086971682062,309733.0
2010-01-12,nq,-0.023773328168285084,307193.0
2010-01-19,nq,0.023442181826727613,340412.0
2010-01-26,nq,0.057335278372146456,361261.0
2010-02-02,nq,0.08028271509687908,410873.0
2010-02-09,nq,0.03028357521189183,386282.0
2010-02-16,nq,0.05145967218394738,397418.0
2010-02-23,nq,0.08758202194994484,413304.0
2010-03-02,nq,0.13594576016378768,404426.0
2010-03-09,nq,0.056421079218284396,411761.0
2010-03-16,nq,0.032359076402507014,416112.0
2010-03-23,nq,0.18779372119314722,287475.0
2010-03-30,nq,0.16177113652823896,292716.0
2010-04-06,nq,0.17893217413284465,300667.0
2010-04-13,nq,0.14718951452157086,308541.0
2010-04-20,nq,0.08892028844279867,328384.0
2010-04-27,nq,0.06732311064196675,372309.0
2010-05-04,nq,0.04254332719637464,373149.0
2010-05-11,nq,0.015543402160065192,348508.0
2010-05-18,nq,0.00012790288682629333,344011.0
2010-05-25,nq,0.05209595002436654,350891.0
2010-06-01,nq,-0.045514990328820115,347424.0
2010-06-08,nq,-0.06443858982019664,368180.0
2010-06-15,nq,-0.0368226480114287,458495.0
2010-06-22,nq,0.08925861001911993,289227.0
2010-06-29,nq,0.06742051841288482,298025.0
2010-07-06,nq,-0.03888857946931996,305231.0
2010-07-13,nq,-0.10786795605285808,316016.0
2010-07-20,nq,-0.017373169198732802,315026.0
2010-07-27,nq,-0.016944914364743217,323932.0
2010-08-03,nq,0.0695894444172894,347797.0
2010-08-10,nq,0.07082481310693678,362373.0
2010-08-17,nq,0.04714977682880796,347043.0
2010-08-24,nq,-0.04164953714860861,352705.0
2010-08-31,nq,-0.052841330478709266,357315.0
2010-09-07,nq,-0.06946999236184814,349561.0
2010-09-14,nq,-0.05223295955010502,472288.0
2010-09-21,nq,0.06984814991403349,346065.0
2010-09-28,nq,0.1789431865254223,412807.0
2010-10-05,nq,0.19940505960276422,459878.0
2010-10-12,nq,0.15722576232622076,443019.0
2010-10-19,nq,0.13231346047028328,432080.0
2010-10-26,nq,0.14947036325501878,453896.0
2010-11-02,nq,0.13735144849010258,442944.0
2010-11-09,nq,0.10828306605855524,435008.0
2010-11-16,nq,0.14445227616558934,465344.0
2010-11-23,nq,0.11952521853157427,413327.0
2010-11-30,nq,0.16393744387535542,402007.0
2010-12-07,nq,0.15207970800230727,412606.0
2010-12-14,nq,0.08871870601270866,520747.0
2010-12-21,nq,0.2856260586709838,333555.0
2010-12-28,nq,0.2576246438636272,323261.0
2011-01-04,nq,0.2023263657573232,358757.0
2011-01-11,nq,0.18801684954194187,354431.0
2011-01-18,nq,0.18786636028042852,375996.0
2011-01-25,nq,0.21800965175427156,383350.0
2011-02-01,nq,0.24217854217854218,366300.0
2011-02-08,nq,0.14512154075223485,350582.0
2011-02-15,nq,0.15375672304714175,354378.0
2011-02-22,nq,0.18775865532712785,373325.0
2011-03-01,nq,0.15721623024010167,360389.0
2011-03-08,nq,0.18814017802653354,363766.0
2011-03-15,nq,0.13483222150357366,428273.0
2011-03-22,nq,0.06362981399004454,274824.0
2011-03-29,nq,0.12215719541719885,314742.0
2011-04-05,nq,0.11998160649534484,360997.0
2011-04-12,nq,0.0791709807561855,336108.0
2011-04-19,nq,0.07827094666050294,315826.0
2011-04-26,nq,0.11201902421537425,365429.0
2011-05-03,nq,0.13614946094780114,412576.0
2011-05-10,nq,0.16046501728916854,399383.0
2011-05-17,nq,0.1195706997626942,362823.0
2011-05-24,nq,0.12820386378140047,344740.0
2011-05-31,nq,0.15159780430029154,351232.0
2011-06-07,nq,0.08926826261897006,340737.0
2011-06-14,nq,0.035667100415301856,401154.0
2011-06-21,nq,-0.0483414493567528,270658.0
2011-06-28,nq,-0.06659200358382798,267870.0
2011-07-05,nq,-0.00357078177910358,292653.0
2011-07-12,nq,0.1439678667965318,356267.0
2011-07-19,nq,0.1726617320869534,363827.0
2011-07-26,nq,0.13265941883795038,364339.0
2011-08-02,nq,0.14364044384902802,353814.0
2011-08-09,nq,0.18584883918391112,329768.0
2011-08-16,nq,0.005836768727514446,342998.0
2011-08-23,nq,0.020197227494200824,360396.0
2011-08-30,nq,-0.031374463257440637,372851.0
2011-09-06,nq,-0.0012425713078063015,392734.0
2011-09-13,nq,-0.0017876816702476583,473798.0
2011-09-20,nq,0.026696350788887813,309930.0
2011-09-27,nq,0.04052295426835047,316586.0
2011-10-04,nq,0.05773912397093531,322866.0
2011-10-11,nq,0.07180481931740272,299005.0
2011-10-18,nq,0.09595679525807624,324594.0
2011-10-25,nq,0.1326293827738576,337429.0
2011-11-01,nq,0.15990345274188325,339730.0
2011-11-08,nq,0.14266339242171966,346543.0
2011-11-15,nq,0.15515515515515516,346653.0
2011-11-22,nq,0.11660964890376067,320368.0
2011-11-29,nq,0.11799027881600443,295643.0
2011-12-06,nq,0.11131771568584772,321602.0
2011-12-13,nq,0.11116926290182282,412713.0
2011-12-20,nq,0.08438971953483827,255825.0
2011-12-27,nq,0.083189118027369,255983.0
2012-01-03,nq,0.11676755310707565,264654.0
2012-01-10,nq,0.12108015689429749,298290.0
2012-01-17,nq,0.15863340035337842,328260.0
2012-01-24,nq,0.182807868786101,375509.0
2012-01-31,nq,0.23622358337279856,382193.0
2012-02-07,nq,0.2738392081057589,385405.0
2012-02-14,nq,0.24235964016332948,437643.0
2012-02-21,nq,0.33256057870095046,462415.0
2012-02-28,nq,0.33469712585401534,481256.0
2012-03-06,nq,0.3320112618845969,480559.0
2012-03-13,nq,0.3259566110533401,587569.0
2012-03-20,nq,0.3170538441162687,441701.0
2012-03-27,nq,0.30124818097935613,435674.0
2012-04-03,nq,0.3284412615908999,447118.0
2012-04-10,nq,0.30722772211103716,449201.0
2012-04-17,nq,0.3172411129688863,440192.0
2012-04-24,nq,0.27878586894093954,416133.0
2012-05-01,nq,0.22397303899437987,409777.0
2012-05-08,nq,0.16607611532857544,417971.0
2012-05-15,nq,0.19669218354383522,405222.0
2012-05-22,nq,0.1758491788508214,395117.0
2012-05-29,nq,0.14531481759574674,379569.0
2012-06-05,nq,0.1250600660203911,382912.0
2012-06-12,nq,0.0893351516186269,462707.0
2012-06-19,nq,0.13435500985296348,329850.0
2012-06-26,nq,0.12384056967192579,339283.0
2012-07-03,nq,0.1848669427210673,353795.0
2012-07-10,nq,0.1536951487917832,348944.0
2012-07-17,nq,0.14964355152300712,339460.0
2012-07-24,nq,0.1599065245628265,352606.0
2012-07-31,nq,0.19645483606601863,368502.0
2012-08-07,nq,0.2355774861618214,392754.0
2012-08-14,nq,0.23973870812731882,409963.0
2012-08-21,nq,0.3010373382641585,439683.0
2012-08-28,nq,0.3192925660775005,460255.0
2012-09-04,nq,0.3343072094325616,460702.0
2012-09-11,nq,0.3255495303260722,464897.0
2012-09-18,nq,0.22852650419015438,597830.0
2012-09-25,nq,0.3077635610634828,410237.0
2012-10-02,nq,0.28478185524233324,412593.0
2012-10-09,nq,0.23860809645128286,398792.0
2012-10-16,nq,0.2479748252035442,389596.0
2012-10-23,nq,0.17896573013865935,370909.0
2012-10-30,nq,0.18541961827907755,371266.0
2012-11-06,nq,0.1833869390446271,360969.0
2012-11-13,nq,0.17094182290084767,362170.0
2012-11-20,nq,0.06511154059358473,400482.0
2012-11-27,nq,0.06037379856716388,399627.0
2012-12-04,nq,0.15691485252537737,388338.0
2012-12-11,nq,0.2174363021756288,402918.0
2012-12-18,nq,0.16756338820161537,469488.0
2012-12-24,nq,0.104067290660157,294127.0
2012-12-31,nq,0.06399482410488297,281304.0
2013-01-08,nq,0.14497217574683088,300637.0
2013-01-15,nq,0.1382043675798644,309462.0
2013-01-22,nq,0.17719026058322515,315830.0
2013-01-29,nq,0.1886181668423029,330228.0
2013-02-05,nq,0.20014179664692636,335692.0
2013-02-12,nq,0.15670151778722285,334566.0
2013-02-19,nq,0.17655482345378576,348464.0
2013-02-26,nq,0.14615950372866643,331754.0
2013-03-05,nq,0.18324493473189524,354078.0
2013-03-12,nq,0.1611091157559087,456616.0
2013-03-19,nq,0.2637497979159624,340205.0
2013-03-26,nq,0.30793146807374533,348334.0
2013-04-02,nq,0.31112923642411117,377618.0
2013-04-09,nq,0.27630493997759464,351702.0
2013-04-16,nq,0.2730910945783884,368562.0
2013-04-23,nq,0.25170925912311753,353662.0
2013-04-30,nq,0.32748032,390625.0
2013-05-07,nq,0.3043925715696556,409077.0
2013-05-14,nq,0.2965741580506681,413475.0
2013-05-21,nq,0.2981174923803263,418325.0
2013-05-28,nq,0.3042951819661981,436070.0
2013-06-04,nq,0.28077881851751946,430036.0
2013-06-11,nq,0.24259784968336137,389245.0
2013-06-18,nq,0.21760860198120285,457197.0
2013-06-25,nq,0.21273526285803768,300143.0
2013-07-02,nq,0.20959612382934442,307520.0
2013-07-09,nq,0.23486730475378023,320019.0
2013-07-16,nq,0.26174774863227024,366666.0
2013-07-23,nq,0.3032605870015673,396217.0
2013-07-30,nq,0.3227087338970262,398917.0
2013-08-06,nq,0.3283791342142806,405851.0
2013-08-13,nq,0.3015985527584462,419004.0
2013-08-20,nq,0.2978181189755812,387693.0
2013-08-27,nq,0.3019749277597932,368216.0
2013-09-03,nq,0.30295096554497464,350631.0
2013-09-10,nq,0.28561942046461747,359909.0
2013-09-17,nq,0.2515107075848088,463690.0
2013-09-24,nq,0.3368039409068378,391382.0
2013-10-01,nq,0.35074936982265453,401871.0
2013-10-08,nq,0.3147841080689394,378129.0
2013-10-15,nq,0.32082801652356335,369896.0
2013-10-22,nq,0.2985411913331845,367286.0
2013-10-29,nq,0.28988393393279266,394689.0
2013-11-05,nq,0.31317610137657215,420610.0
2013-11-12,nq,0.2893967806486527,397285.0
2013-11-19,nq,0.3076868896748454,397534.0
2013-11-26,nq,0.3138179854224852,411044.0
2013-12-03,nq,0.29640928593569016,429079.0
2013-12-10,nq,0.2921237138721157,423461.0
2013-12-17,nq,0.253353397303356,517013.0
2013-12-24,nq,0.2285797887904663,413523.0
2013-12-31,nq,0.21645136153389716,419637.0
2014-01-07,nq,0.15506705339754176,432342.0
2014-01-14,nq,0.1528248063453778,431180.0
2014-01-21,nq,0.2384607031227868,423596.0
2014-01-28,nq,0.23731274304307434,428422.0
2014-02-04,nq,0.21442812621149035,397238.0
2014-02-11,nq,0.17026092996790412,405971.0
2014-02-18,nq,0.195676634438886,436373.0
2014-02-25,nq,0.22957087769884144,460568.0
2014-03-04,nq,0.22625527812509208,475074.0
2014-03-11,nq,0.20368219417189135,467493.0
2014-03-18,nq,0.17816453548414315,545159.0
2014-03-25,nq,0.18252752765968683,378710.0
2014-04-01,nq,0.18613295951651085,366668.0
2014-04-08,nq,0.059585478292209296,371802.0
2014-04-15,nq,0.07644731249054999,350529.0
2014-04-22,nq,0.022467400986863107,328921.0
2014-04-29,nq,0.04204091458836072,348922.0
2014-05-06,nq,0.04799871144398808,347676.0
2014-05-13,nq,0.009989374183693799,361384.0
2014-05-20,nq,-0.02840844879415953,353944.0
2014-05-27,nq,0.040664732290750405,350156.0
2014-06-03,nq,0.061923058137831104,368538.0
2014-06-10,nq,0.08243734476689676,364774.0
2014-06-17,nq,0.08559413121288963,479145.0
2014-06-24,nq,0.1309779500169256,342676.0
2014-07-01,nq,0.09121480433074595,358922.0
2014-07-08,nq,0.08700747155572916,360969.0
2014-07-15,nq,0.07559515833668319,358224.0
2014-07-22,nq,0.11352139220137986,362936.0
2014-07-29,nq,0.10666381030165892,373435.0
2014-08-05,nq,0.1153476547463105,361091.0
2014-08-12,nq,0.12883786578070003,344332.0
2014-08-19,nq,0.06890219605373518,358871.0
2014-08-26,nq,0.09660197676935287,360386.0
2014-09-02,nq,0.09069630089300051,367413.0
2014-09-09,nq,0.10604718554361792,365790.0
2014-09-16,nq,0.08256094389142411,507516.0
2014-09-23,nq,0.18496551432095237,377838.0
2014-09-30,nq,0.21207224410021502,378107.0
2014-10-07,nq,0.24197551930167888,375071.0
2014-10-14,nq,0.1804954110872509,365555.0
2014-10-21,nq,0.09391276344066044,322938.0
2014-10-28,nq,0.09517578774320075,327867.0
2014-11-04,nq,0.14048224282586655,340285.0
2014-11-11,nq,0.17602242962647066,347041.0
2014-11-18,nq,0.1545515281284055,365218.0
2014-11-25,nq,0.1591460889477146,369453.0
2014-12-02,nq,0.13890547576395654,381828.0
2014-12-09,nq,0.1466575556727629,384883.0
2014-12-16,nq,0.1364937779723247,447764.0
2014-12-23,nq,0.07046654360324982,340204.0
2014-12-30,nq,0.07211597355219795,334697.0
2015-01-06,nq,0.0892617469637495,336023.0
2015-01-13,nq,0.10614652063197554,316911.0
2015-01-20,nq,0.09484755299659775,305680.0
2015-01-27,nq,0.09903718910959063,301513.0
2015-02-03,nq,0.11028795126009752,301683.0
2015-02-10,nq,0.12111590001779948,314616.0
2015-02-17,nq,0.14603851798060485,330495.0
2015-02-24,nq,0.1727450176139818,343761.0
2015-03-03,nq,0.18811100734279815,350139.0
2015-03-10,nq,0.21332845237346207,349658.0
2015-03-17,nq,0.16784808624857267,404598.0
2015-03-24,nq,0.20529983303614363,334803.0
2015-03-31,nq,0.1698339148813767,319836.0
2015-04-07,nq,0.17040451293340672,319792.0
2015-04-14,nq,0.1887338598205185,330619.0
2015-04-21,nq,0.18994453605156647,333550.0
2015-04-28,nq,0.21339873746344928,365930.0
2015-05-05,nq,0.1846027846027846,341880.0
2015-05-12,nq,0.14744041423981694,309386.0
2015-05-19,nq,0.13134281547460364,318845.0
2015-05-26,nq,0.11116937432677029,316571.0
2015-06-02,nq,0.12793411616741845,330764.0
2015-06-09,nq,0.09529460760215057,319357.0
2015-06-16,nq,0.09602181453552025,390932.0
2015-06-23,nq,0.1851146634816501,346623.0
2015-06-30,nq,0.11915465601625859,310974.0
2015-07-07,nq,0.10827003677898499,296093.0
2015-07-14,nq,0.15343142576126895,303999.0
2015-07-21,nq,0.18563645167931384,344873.0
2015-07-28,nq,0.21788931824531219,361523.0
2015-08-04,nq,0.1763734847991483,353171.0
2015-08-11,nq,0.1469880497284557,344511.0
2015-08-18,nq,0.15564863577911284,350713.0
2015-08-25,nq,-0.024712098202986584,316080.0
2015-09-01,nq,-0.09869848156182212,295040.0
2015-09-08,nq,-0.10878162285930423,296107.0
2015-09-15,nq,-0.03705546883452081,323515.0
2015-09-22,nq,-0.009380863039399626,266500.0
2015-09-29,nq,0.008583690987124463,260494.0
2015-10-06,nq,-0.012118027051702047,260686.0
2015-10-13,nq,-0.004701837855574157,268193.0
2015-10-20,nq,0.05248903299637612,288365.0
2015-10-27,nq,0.13459676772908613,324354.0
2015-11-03,nq,0.1274792426987272,341687.0
2015-11-10,nq,0.17059087894682035,364914.0
2015-11-17,nq,0.17508684154099063,349775.0
2015-11-24,nq,0.1100377170509536,337248.0
2015-12-01,nq,0.10454681855429752,346572.0
2015-12-08,nq,0.07736993808269874,337224.0
2015-12-15,nq,0.1127823062146306,385220.0
2015-12-22,nq,0.1486559759475053,307993.0
2015-12-29,nq,0.16937703673236942,316070.0
2016-01-05,nq,0.1523027589424881,302181.0
2016-01-12,nq,0.1711200962951633,300742.0
2016-01-19,nq,0.1262493462461,277245.0
2016-01-26,nq,0.047085118410091636,268896.0
2016-02-02,nq,0.0029033091083483973,271070.0
2016-02-09,nq,0.017682644720792968,285308.0
2016-02-16,nq,-0.05610329683373394,269592.0
2016-02-23,nq,-0.04869814744482424,260667.0
2016-03-01,nq,-0.02918019574870392,258086.0
2016-03-08,nq,-0.048534917234070135,262306.0
2016-03-15,nq,-0.0793542642282138,277389.0
2016-03-22,nq,-0.10431084641693118,211397.0
2016-03-29,nq,-0.06261957020617198,220059.0
2016-04-05,nq,-0.016413104650840952,216778.0
2016-04-12,nq,0.011137048058589782,224476.0
2016-04-19,nq,0.09290539105314584,235390.0
2016-04-26,nq,0.06918901758826097,226799.0
2016-05-03,nq,-0.0828999617857677,240748.0
2016-05-10,nq,-0.14628610168327918,233057.0
2016-05-17,nq,-0.12795888727516477,223775.0
2016-05-24,nq,-0.0826507885594503,221353.0
2016-05-31,nq,0.0346020164385452,231894.0
2016-06-07,nq,0.0720976778141431,243822.0
2016-06-14,nq,0.1404908103447077,287606.0
2016-06-21,nq,0.18401370358665733,218337.0
2016-06-28,nq,0.16069418022285203,206056.0
2016-07-05,nq,0.1088871897129892,200097.0
2016-07-12,nq,0.12880071255173858,229036.0
2016-07-19,nq,0.22047334649947256,252162.0
2016-07-26,nq,0.23167125448133355,273914.0
2016-08-02,nq,0.2353265778827532,284511.0
2016-08-09,nq,0.22810275135458485,289203.0
2016-08-16,nq,0.21979844281910413,296690.0
2016-08-23,nq,0.23569098308276998,297330.0
2016-08-30,nq,0.21231735305576563,305439.0
2016-09-06,nq,0.23293270164265464,309012.0
2016-09-13,nq,0.13330699524981257,321461.0
2016-09-20,nq,0.18268083248435454,274840.0
2016-09-27,nq,0.23784513098658844,297206.0
2016-10-04,nq,0.2392740054753777,295870.0
2016-10-11,nq,0.2612112899538774,297468.0
2016-10-18,nq,0.24399719136146783,304774.0
2016-10-25,nq,0.3106486706945775,316293.0
2016-11-01,nq,0.3745114333290151,316487.0
2016-11-08,nq,0.3615480540668849,299111.0
2016-11-15,nq,0.1085501596843885,255504.0
2016-11-22,nq,0.123298987174064,250586.0
2016-11-29,nq,0.10384121214020464,255284.0
2016-12-06,nq,0.028856934909613077,254185.0
2016-12-13,nq,0.09272909698996655,299000.0
2016-12-20,nq,0.13253978265962624,221956.0
2016-12-27,nq,0.1810419739662479,224401.0
2017-01-03,nq,0.14374866629213973,229623.0
2017-01-10,nq,0.10262205334149724,222116.0
2017-01-17,nq,0.11965000399336215,225374.0
2017-01-24,nq,0.13424053125223742,223472.0
2017-01-31,nq,0.14803185399690214,237584.0
2017-02-07,nq,0.08580245581475647,231695.0
2017-02-14,nq,0.0758175589463933,228852.0
2017-02-21,nq,0.08110769598042433,234577.0
2017-02-28,nq,0.11027798327335649,239259.0
2017-03-07,nq,0.07747567013829605,234280.0
2017-03-14,nq,0.011106077319046118,304608.0
2017-03-21,nq,0.07404582711745085,238636.0
2017-03-28,nq,0.10043513120750998,239468.0
2017-04-04,nq,0.13775259460553324,242137.0
2017-04-11,nq,0.15032346204845903,248870.0
2017-04-18,nq,0.1994634709902289,255345.0
2017-04-25,nq,0.22140728856291542,274869.0
2017-05-02,nq,0.1817662293892892,272977.0
2017-05-09,nq,0.18519302388617215,269319.0
2017-05-16,nq,0.12617378065720605,269961.0
2017-05-23,nq,0.12128019422002968,270209.0
2017-05-30,nq,0.14708476557253874,275501.0
2017-06-06,nq,0.16426000771648863,316206.0
2017-06-13,nq,0.09666134951532121,448235.0
2017-06-20,nq,0.1566914641770809,284706.0
2017-06-27,nq,0.13688514841787872,285882.0
2017-07-03,nq,0.08974495017782631,292139.0
2017-07-11,nq,0.07340894882557827,279925.0
2017-07-18,nq,0.10832269305924928,283514.0
2017-07-25,nq,0.15511948038523163,290215.0
2017-08-01,nq,0.11580561541798012,292801.0
2017-08-08,nq,0.09523174124507129,299774.0
2017-08-15,nq,0.08284907743466677,302526.0
2017-08-22,nq,0.004834404619239569,293728.0
2017-08-29,nq,-0.021839570427715938,290894.0
2017-09-05,nq,-0.020731702984157212,281453.0
2017-09-12,nq,0.0036979891659818537,357762.0
2017-09-19,nq,0.08167052136713376,264612.0
2017-09-26,nq,0.026795187924979452,267660.0
2017-10-03,nq,0.011125523477745246,269830.0
2017-10-10,nq,0.04171746958913432,282136.0
2017-10-17,nq,0.05855210476611117,278487.0
2017-10-24,nq,0.06862099567719218,279448.0
2017-10-31,nq,0.09558618052389287,271964.0
2017-11-07,nq,0.10069278200943053,275700.0
2017-11-14,nq,0.07615681233933162,286304.0
2017-11-21,nq,0.07730844293593551,294625.0
2017-11-28,nq,0.059843220065658814,294553.0
2017-12-05,nq,0.01794393997653485,304281.0
2017-12-12,nq,0.010261042013650086,362049.0
2017-12-19,nq,-0.0823211288843459,275883.0
2017-12-26,nq,-0.11911225429708545,287695.0
2018-01-02,nq,-0.06442096597145994,276944.0
2018-01-09,nq,-0.04355555898357507,259301.0
2018-01-16,nq,-0.01707851886444815,274087.0
2018-01-23,nq,-0.04260298162270284,255968.0
2018-01-30,nq,-0.0003426740899885262,259722.0
2018-02-06,nq,0.03435294692203131,245714.0
2018-02-13,nq,-0.11899855669744552,230028.0
2018-02-20,nq,-0.1533451287813236,232293.0
2018-02-27,nq,-0.09037133696863901,231434.0
2018-03-06,nq,-0.01907028241865384,242052.0
2018-03-13,nq,0.005253315198911934,294100.0
2018-03-20,nq,-0.013926903185142335,231638.0
2018-03-27,nq,-0.05657150655487415,234482.0
2018-04-03,nq,-0.11669799683939641,253749.0
2018-04-10,nq,-0.11394546622100012,242932.0
2018-04-17,nq,-0.05407265934896216,238235.0
2018-04-24,nq,-0.17077875011773186,244199.0
2018-05-01,nq,-0.09972915134086806,239248.0
2018-05-08,nq,-0.0923792343496056,235042.0
2018-05-15,nq,-0.09972694101442621,248298.0
2018-05-22,nq,-0.16476122861992426,245088.0
2018-05-29,nq,-0.10582406430944943,251285.0
2018-06-05,nq,-0.02041916467403651,259707.0
2018-06-12,nq,-0.04812517948227057,292508.0
2018-06-19,nq,-0.08676334573905502,225971.0
2018-06-26,nq,-0.13337664709054697,235491.0
2018-07-03,nq,-0.08421756410415145,242301.0
2018-07-10,nq,-0.09451077909533694,243295.0
2018-07-17,nq,-0.03652558560369961,248675.0
2018-07-24,nq,-0.023365754448680952,239453.0
2018-07-31,nq,-0.02098844779807018,239608.0
2018-08-07,nq,-0.04466224711395588,244972.0
2018-08-14,nq,-0.029561564494132306,237572.0
2018-08-21,nq,-0.03142147133874815,239836.0
2018-08-28,nq,0.003195640610217117,246273.0
2018-09-04,nq,-0.05175696533387411,266283.0
2018-09-11,nq,-0.09036494190743881,263631.0
2018-09-18,nq,-0.0928776406880786,308395.0
2018-09-25,nq,-0.08285276061205742,247101.0
2018-10-02,nq,-0.025828556634723127,247207.0
2018-10-09,nq,-0.09980624066524038,247730.0
2018-10-16,nq,-0.023233274036965835,250718.0
2018-10-23,nq,-0.017514615169897663,254359.0
2018-10-30,nq,0.012571244436388537,248265.0
2018-11-06,nq,-0.05007130732842059,243313.0
2018-11-13,nq,-0.06797955465831265,248663.0
2018-11-20,nq,-0.0004602237935701276,256397.0
2018-11-27,nq,0.03837494288206705,240730.0
2018-12-04,nq,-0.06263291909880336,243099.0
2018-12-11,nq,-0.02576140129398769,253480.0
2018-12-18,nq,0.022855211135117657,272148.0
2018-12-24,nq,0.10804503877271746,208265.0
2018-12-31,nq,-0.013270323399791166,203989.0
2019-01-08,nq,-0.06577338768989484,205311.0
2019-01-15,nq,-0.10276539829490242,208903.0
2019-01-22,nq,-0.09423405212227311,206783.0
2019-01-29,nq,-0.02768081862105708,217732.0
2019-02-05,nq,-0.10232620742789778,215458.0
2019-02-12,nq,-0.05442173706780276,215006.0
2019-02-19,nq,-0.0615430435783232,221601.0
2019-02-26,nq,-0.058050849355314016,223287.0
2019-03-05,nq,-0.07549318777667942,232670.0
2019-03-12,nq,-0.09632830043787353,257837.0
2019-03-19,nq,-0.11572689876592757,199340.0
2019-03-26,nq,-0.09014894847746147,193624.0
2019-04-02,nq,-0.13308164708635858,196541.0
2019-04-09,nq,-0.12664971967823938,201019.0
2019-04-16,nq,-0.12894430971889395,209067.0
2019-04-23,nq,-0.06335930919250828,217253.0
2019-04-30,nq,-0.056505035349746525,219945.0
2019-05-07,nq,-0.06585057592324853,208882.0
2019-05-14,nq,-0.16182666543472235,216460.0
2019-05-21,nq,-0.14427131496208617,216280.0
2019-05-28,nq,-0.15026395426282782,223713.0
2019-06-04,nq,-0.14950610632183908,222720.0
2019-06-11,nq,-0.1436834135894253,219921.0
2019-06-18,nq,-0.1119840132415575,247705.0
2019-06-25,nq,-0.04704640572281937,216956.0
2019-07-02,nq,-0.03276908580420818,209069.0
2019-07-09,nq,-0.017147085469801683,210823.0
2019-07-16,nq,-0.035567360953645814,216097.0
2019-07-23,nq,-0.054099053978853645,224625.0
2019-07-30,nq,-0.07458252452709482,228217.0
2019-08-06,nq,-0.11797574604104141,204915.0
2019-08-13,nq,-0.13986154464258121,194142.0
2019-08-20,nq,-0.18859246589629136,191768.0
2019-08-27,nq,-0.17185704148635278,200114.0
2019-09-03,nq,-0.15480843237407915,200086.0
2019-09-10,nq,-0.09351066538695081,204212.0
2019-09-17,nq,-0.049455433650997034,249740.0
2019-09-24,nq,-0.06274084659734884,202930.0
2019-10-01,nq,-0.04351215638422019,206517.0
2019-10-08,nq,-0.03910518115298898,202812.0
2019-10-15,nq,-0.01788355394226687,214331.0
2019-10-22,nq,-0.052102268056304066,218954.0
2019-10-29,nq,-0.006652792169907436,229678.0
2019-11-05,nq,-0.05173880652939595,226851.0
2019-11-12,nq,-0.055487744389764206,231853.0
2019-11-19,nq,-0.08555238360986499,232945.0
2019-11-26,nq,-0.13492438352746167,224422.0
2019-12-03,nq,-0.12770369667346843,210730.0
2019-12-10,nq,-0.12664610357600598,213003.0
2019-12-17,nq,-0.0590391748846467,276325.0
2019-12-24,nq,-0.02038428377879049,211094.0
2019-12-31,nq,0.004217150977696162,216734.0
2020-01-07,nq,0.017423640799090773,210289.0
2020-01-14,nq,-0.021299757725678763,215871.0
2020-01-21,nq,-0.009436441166301717,216925.0
2020-01-28,nq,-0.019270691862946724,206168.0
2020-02-04,nq,-0.05563368589649683,204786.0
2020-02-11,nq,-0.04860726847552555,207829.0
2020-02-18,nq,-0.033827602594073566,208321.0
2020-02-25,nq,0.010374304148324133,214665.0
2020-03-03,nq,-0.04933523332549356,216843.0
2020-03-10,nq,-0.05685462258923137,220158.0
2020-03-17,nq,0.05313041100883988,296271.0
2020-03-24,nq,0.041104800980711016,199855.0
2020-03-31,nq,-0.03811944091486658,186519.0
2020-04-07,nq,-0.037024110117960154,183367.0
2020-04-14,nq,-0.1069816845287939,177937.0
2020-04-21,nq,-0.10014281410735604,179254.0
2020-04-28,nq,-0.09728694752711127,181751.0
2020-05-05,nq,-0.07178667244790114,184505.0
2020-05-12,nq,-0.09796300441586456,196564.0
2020-05-19,nq,-0.13442770202759302,198166.0
2020-05-26,nq,-0.1558461347987162,210002.0
2020-06-02,nq,-0.1392001296880811,209734.0
2020-06-09,nq,-0.18116833276306907,216274.0
2020-06-16,nq,-0.174743821315641,228649.0
2020-06-23,nq,-0.08103592771731093,182561.0
2020-06-30,nq,-0.0608972542392094,194081.0
2020-07-07,nq,-0.09528783494483262,212535.0
2020-07-14,nq,-0.10454893565564777,223283.0
2020-07-21,nq,-0.17623074395935248,222203.0
2020-07-28,nq,-0.18312925785935766,220915.0
2020-08-04,nq,-0.1809674229762957,228566.0
2020-08-11,nq,-0.2136278359418539,235063.0
2020-08-18,nq,-0.2540792540792541,229944.0
2020-08-25,nq,-0.24571139188792382,234983.0
2020-09-01,nq,-0.21269192487803287,245148.0
2020-09-08,nq,-0.09320063954577895,250803.0
2020-09-15,nq,-0.021474664431456753,348364.0
2020-09-22,nq,0.05476225614953451,332017.0
2020-09-29,nq,-0.0132331383619501,275596.0
2020-10-06,nq,-0.02768628694567967,277502.0
2020-10-13,nq,-0.11323498857261584,226211.0
2020-10-20,nq,-0.12886384617833382,219891.0
2020-10-27,nq,-0.1440380189391943,227676.0
2020-11-03,nq,-0.15083761297122739,222955.0
2020-11-10,nq,-0.08399832003359933,238100.0
2020-11-17,nq,-0.13277813421225884,238473.0
2020-11-24,nq,-0.18717695686287197,247258.0
2020-12-01,nq,-0.19447888927286403,245965.0
2020-12-08,nq,-0.24200125149791213,244507.0
2020-12-15,nq,-0.23662346294449985,276828.0
2020-12-21,nq,-0.20785967485637452,212706.0
2020-12-29,nq,-0.2611498153416295,216887.0
2021-01-05,nq,-0.25840433141087743,220898.0
2021-01-12,nq,-0.3039145202743135,232289.0
2021-01-19,nq,-0.26739728824808234,235051.0
2021-01-26,nq,-0.23590983327515846,232059.0
2021-02-02,nq,-0.23354719424705622,234732.0
2021-02-09,nq,-0.230505350468486,234372.0
2021-02-16,nq,-0.22226187896478905,235353.0
2021-02-23,nq,-0.2159703419835881,240070.0
2021-03-02,nq,-0.20260146875614715,244016.0
2021-03-09,nq,-0.1306049036003913,253528.0
2021-03-16,nq,-0.1510460982574742,257385.0
2021-03-23,nq,-0.17155070183111865,221777.0
2021-03-30,nq,-0.17424740134095307,222230.0
2021-04-06,nq,-0.1309812291460846,214588.0
2021-04-13,nq,-0.09508077386118655,214302.0
2021-04-20,nq,-0.04712025084347954,218144.0
2021-04-27,nq,-0.09163342956411587,217879.0
2021-05-04,nq,-0.12177963243972349,237240.0
2021-05-11,nq,-0.1261629645262843,227436.0
2021-05-18,nq,-0.08517964531509757,227977.0
2021-05-25,nq,-0.10999280168646203,233388.0
2021-06-01,nq,-0.09175955330511425,238373.0
2021-06-08,nq,-0.12140412756398145,238155.0
2021-06-15,nq,-0.06996611248991855,288897.0
2021-06-22,nq,-0.03424513672581993,223769.0
2021-06-29,nq,-0.0711360168470647,224134.0
2021-07-06,nq,-0.09961977852537146,228288.0
2021-07-13,nq,-0.12474922723241577,232282.0
2021-07-20,nq,-0.069176061262429,234532.0
2021-07-27,nq,-0.11919632586634402,234722.0
2021-08-03,nq,-0.1649143887053169,223043.0
2021-08-10,nq,-0.20523742388337282,233359.0
2021-08-17,nq,-0.21758449821323486,234502.0
2021-08-24,nq,-0.14466170313002205,227123.0
2021-08-31,nq,-0.13996218527480725,230598.0
2021-09-07,nq,-0.1255457071041143,234329.0
2021-09-14,nq,-0.10439000500541953,277699.0
2021-09-21,nq,-0.06415146962240556,222302.0
2021-09-28,nq,-0.1118429896491464,230609.0
2021-10-05,nq,-0.09749901177432034,225151.0
2021-10-12,nq,-0.06127528564924224,230615.0
2021-10-19,nq,-0.04308133044046089,237365.0
2021-10-26,nq,-0.023876827827787054,245510.0
2021-11-02,nq,-0.011362080230997664,255587.0
2021-11-09,nq,-0.03346557777380495,262897.0
2021-11-16,nq,-0.07186253962729536,264338.0
2021-11-23,nq,-0.02850108415434029,258727.0
2021-11-30,nq,-0.028138008944737617,258476.0
2021-12-07,nq,-0.01697633793870097,251880.0
2021-12-14,nq,0.0008564564208278337,269716.0
2021-12-21,nq,-0.03270533954919018,208070.0
2021-12-28,nq,-0.07628246730176175,211097.0
2022-01-04,nq,-0.04739938652924416,210931.0
2022-01-11,nq,-0.010480333481668498,220222.0
2022-01-18,nq,-0.008850345617234214,235810.0
2022-01-25,nq,0.056647503359400365,243347.0
2022-02-01,nq,-0.03500129526101599,239334.0
2022-02-08,nq,0.014292008709527008,233767.0
2022-02-15,nq,0.02124647693318358,235945.0
2022-02-22,nq,-0.004621426826762404,257929.0
2022-03-01,nq,0.03569811290510025,249537.0
2022-03-08,nq,0.06325576894386897,248009.0
2022-03-15,nq,0.010965765507133603,264733.0
2022-03-22,nq,-0.18537367016277584,212808.0
2022-03-29,nq,-0.2450608991581587,223320.0
2022-04-05,nq,-0.23767775872516536,232689.0
2022-04-12,nq,-0.1228066333190248,228302.0
2022-04-19,nq,-0.10349248657790298,237109.0
2022-04-26,nq,-0.047932921760339614,236977.0
2022-05-03,nq,-0.02238424149398823,226722.0
2022-05-10,nq,0.03845215087967798,249921.0
2022-05-17,nq,0.00831441205815572,243553.0
2022-05-24,nq,-0.05666342793562239,255244.0
2022-05-31,nq,-0.12113045461456591,263080.0
2022-06-07,nq,-0.13190802592687845,268293.0
2022-06-14,nq,-0.06429415053578459,302267.0
2022-06-21,nq,-0.059262796673203055,236624.0
2022-06-28,nq,-0.07655868894757,248045.0
2022-07-05,nq,-0.06135695261881911,259449.0
2022-07-12,nq,-0.11433178636041846,254260.0
2022-07-19,nq,-0.09987986957267891,256388.0
2022-07-26,nq,-0.13770877158834846,267158.0
2022-08-02,nq,-0.13912513103974078,262325.0
2022-08-09,nq,-0.20989319277853344,258784.0
2022-08-16,nq,-0.2264671615707479,267796.0
2022-08-23,nq,-0.15348759145248286,262158.0
2022-08-30,nq,-0.14445780436275085,263641.0
2022-09-06,nq,-0.12153971696994637,286754.0
2022-09-13,nq,-0.15251342195581152,314969.0
2022-09-20,nq,-0.15032282986590145,271815.0
2022-09-27,nq,-0.11354917852609783,282054.0
2022-10-04,nq,-0.07352730452546377,272171.0
2022-10-11,nq,-0.0705443608594872,281284.0
2022-10-18,nq,-0.04851524119130574,274388.0
2022-10-25,nq,-0.11812919492879718,281590.0
2022-11-01,nq,-0.11316760247250997,282466.0
2022-11-08,nq,-0.12489470947138662,273054.0
2022-11-15,nq,-0.14134143979018582,268428.0
2022-11-22,nq,-0.10821805058722973,252712.0
2022-11-29,nq,-0.11988043029361442,254245.0
2022-12-06,nq,-0.12853555749254303,250102.0
2022-12-13,nq,-0.09831492983666897,312984.0
2022-12-20,nq,-0.032981697239282584,245045.0
2022-12-27,nq,-0.06102934432831833,250781.0
2023-01-03,nq,-0.007418518912114053,244658.0
2023-01-10,nq,-0.04841005421389847,253625.0
2023-01-17,nq,-0.0653709797647401,275015.0
2023-01-24,nq,-0.10701128567620953,273887.0
2023-01-31,nq,-0.10173855894616249,278449.0
2023-02-07,nq,-0.13951365169384117,279306.0
2023-02-14,nq,-0.1659980302986415,276184.0
2023-02-21,nq,-0.12984118346459333,268297.0
2023-02-28,nq,-0.11629320082161243,268253.0
2023-03-07,nq,-0.10680572063954603,260810.0
2023-03-14,nq,-0.019669713275098626,306461.0
2023-03-21,nq,-0.14161190640183174,214876.0
2023-03-28,nq,-0.18581931532121013,220074.0
2023-04-04,nq,-0.1909718932235363,232186.0
2023-04-11,nq,-0.15248662989009137,237470.0
2023-04-18,nq,-0.12905055517242786,245059.0
2023-04-25,nq,-0.14533179355067957,247654.0
2023-05-02,nq,-0.14093261311456823,246962.0
2023-05-09,nq,-0.12023999404325693,255173.0
2023-05-16,nq,-0.11489089279508331,273355.0
2023-05-23,nq,-0.13501589897338057,275175.0
2023-05-30,nq,-0.15085639219444844,298403.0
2023-06-06,nq,-0.14040086589118983,306736.0
2023-06-13,nq,-0.13673945238398322,322087.0
2023-06-20,nq,-0.07022468506528913,247591.0
2023-06-27,nq,-0.0998729866830823,256666.0
2023-07-03,nq,-0.13472163025034378,248698.0
2023-07-11,nq,-0.1419509732514808,259491.0
2023-07-18,nq,-0.1215739874829149,264119.0
2023-07-25,nq,-0.15411149438077223,260623.0
2023-08-01,nq,-0.204900573584676,262908.0
2023-08-08,nq,-0.21149602123996908,267797.0
2023-08-15,nq,-0.1321520028411746,267495.0
2023-08-22,nq,-0.10823020271809278,263420.0
2023-08-29,nq,-0.10166636587860194,265968.0
2023-09-05,nq,-0.09908955555312868,274701.0
2023-09-12,nq,-0.0961489642985484,303321.0
2023-09-19,nq,-0.08236967306096879,236252.0
2023-09-26,nq,-0.11697051672489192,241018.0
2023-10-03,nq,-0.07818408623746685,254924.0
2023-10-10,nq,-0.07087335495540448,256528.0
2023-10-17,nq,-0.054048896746707376,256786.0
2023-10-24,nq,-0.05486554306376084,253055.0
2023-10-31,nq,-0.03305746878205672,259306.0
2023-11-07,nq,0.037759170802354455,268597.0
2023-11-14,nq,-0.017926344201879562,273787.0
2023-11-21,nq,-0.031887503868988996,284312.0
2023-11-28,nq,-0.007272045411929154,293315.0
2023-12-05,nq,-0.09345229094208378,277746.0
2023-12-12,nq,-0.1210250388452004,337236.0
2023-12-19,nq,-0.16184475915764818,276654.0
2023-12-26,nq,-0.15983168797540054,278055.0
2024-01-02,nq,-0.1280128430682618,272832.0
2024-01-09,nq,-0.1302442642547492,277732.0
2024-01-16,nq,-0.12443136107657427,273460.0
2024-01-23,nq,-0.12570147066954165,289392.0
2024-01-30,nq,-0.09050626464296628,294510.0
2024-02-06,nq,-0.11619226694543643,285062.0
2024-02-13,nq,-0.12492143837051355,295946.0
2024-02-20,nq,-0.12059345940863024,287130.0
2024-02-27,nq,-0.1656304781740866,288075.0
2024-03-05,nq,-0.19471919791590986,289047.0
2024-03-12,nq,-0.195705488201692,331912.0
2024-03-19,nq,-0.14648232971214337,250194.0
2024-03-26,nq,-0.1817160102800286,254474.0
2024-04-02,nq,-0.16580776213290985,259439.0
2024-04-09,nq,-0.16053450063356756,260430.0
2024-04-16,nq,-0.1893131741351125,255698.0
2024-04-23,nq,-0.17272911771822871,256222.0
2024-04-30,nq,-0.2026395000671528,253154.0
2024-05-07,nq,-0.20383395276447724,235162.0
2024-05-14,nq,-0.22109641166320074,248611.0
2024-05-21,nq,-0.15978122472512954,249754.0
2024-05-28,nq,-0.1786274610033934,254317.0
2024-06-04,nq,-0.14926420482201383,246536.0
2024-06-11,nq,-0.18298695358950706,258002.0
2024-06-18,nq,-0.17247593815019385,334035.0
2024-06-25,nq,-0.1639821927870236,246417.0
2024-07-02,nq,-0.16926608340804403,258776.0
2024-07-09,nq,-0.18163966431830736,264298.0
2024-07-16,nq,-0.16642177019226648,256571.0
2024-07-23,nq,-0.13272355307015207,243913.0
2024-07-30,nq,-0.12032331483444535,256592.0
2024-08-06,nq,-0.1366184644257838,249366.0
2024-08-13,nq,-0.18571586611543836,244061.0
2024-08-20,nq,-0.2282684354911354,244230.0
2024-08-27,nq,-0.19473014808422928,244523.0
2024-09-03,nq,-0.18820964307781918,254089.0
2024-09-10,nq,-0.13676066979153817,259424.0
2024-09-17,nq,-0.20382127500467376,267450.0
2024-09-24,nq,-0.20330104590201364,227746.0
2024-10-01,nq,-0.21842055803304458,234108.0
2024-10-08,nq,-0.2157160618696005,250139.0
2024-10-15,nq,-0.22778213117404877,241191.0
2024-10-22,nq,-0.1939917933118338,245897.0
2024-10-29,nq,-0.16446371541133412,257382.0
2024-11-05,nq,-0.15315743037669186,252753.0
2024-11-12,nq,-0.17482873191268303,277197.0
2024-11-19,nq,-0.14263590127639772,275071.0
2024-11-26,nq,-0.1630063339355288,275658.0
2024-12-03,nq,-0.17244151349583747,293572.0
2024-12-10,nq,-0.16185779352747037,291787.0
2024-12-17,nq,-0.16758025177995123,324728.0
2024-12-24,nq,-0.1802336452397018,246014.0
2024-12-31,nq,-0.12696111632623153,252471.0
2025-01-07,nq,-0.16204673149088797,241165.0
2025-01-14,nq,-0.1473497217178262,253879.0
2025-01-21,nq,-0.15785438805477256,254361.0
2025-01-28,nq,-0.1863693715889832,267882.0
2025-02-04,nq,-0.1881873381172774,259061.0
2025-02-11,nq,-0.19849037414281864,263509.0
2025-02-18,nq,-0.2354396742131419,289760.0
2025-02-25,nq,-0.097412220303795,286114.0
2025-03-04,nq,-0.04044810461327031,288147.0
2025-03-11,nq,0.015395071993242797,303084.0
2025-03-18,nq,0.003505606649044664,301517.0
2025-03-25,nq,-0.16008813991765877,224189.0
2025-04-01,nq,-0.12332329260512481,247658.0
2025-04-08,nq,0.022077049689075003,254563.0
2025-04-15,nq,-0.05689319728469113,235406.0
2025-04-22,nq,-0.001354901604401778,242084.0
2025-04-29,nq,-0.10675891345382665,246874.0
2025-05-06,nq,-0.14199474150916364,258249.0
2025-05-13,nq,-0.19031822524297856,283667.0
2025-05-20,nq,-0.1886150167520976,279368.0
2025-05-27,nq,-0.1736115401809241,275143.0
2025-06-03,nq,-0.18113300172542,277034.0
2025-06-10,nq,-0.14776732830602987,276888.0
2025-06-17,nq,-0.14360171788350082,311779.0
2025-06-24,nq,-0.12635692574902302,253330.0
2025-07-01,nq,-0.059097263303855035,265393.0
2025-07-08,nq,-0.041006279074927335,270422.0
2025-07-15,nq,-0.07536598922922319,271661.0
2025-07-22,nq,-0.08830801706449375,270972.0
2025-07-29,nq,-0.07625229803877032,281762.0
2025-08-05,nq,-0.05270137329869157,277507.0
2025-08-12,nq,-0.053660368408569845,303576.0
2025-08-19,nq,-0.06471163110329894,289577.0
2025-08-26,nq,-0.05943626804522516,284355.0
2025-09-02,nq,-0.06601209690278187,282221.0
2025-09-09,nq,-0.08426777115533556,296970.0
2025-09-16,nq,-0.0683055366640013,351421.0
2025-09-23,nq,-0.09495622417590419,274695.0
2025-09-30,nq,-0.0058377787683149525,278188.0
2025-10-07,nq,-0.02527671591900519,285401.0
2025-10-14,nq,-0.0182799555284582,278830.0
2025-10-21,nq,0.007052215375485616,289838.0
2025-10-28,nq,0.03734800425153583,299186.0
2025-11-04,nq,0.03119138803384932,292709.0
2025-11-10,nq,0.05939542676451849,296639.0
2025-11-18,nq,0.034657712117014426,299587.0
2025-11-25,nq,0.03259697186231816,296684.0
2025-12-02,nq,-0.009863372819269916,308211.0
2025-12-09,nq,-0.06547975770092476,325383.0
2025-12-16,nq,-0.018415972832875178,378693.0
2025-12-23,nq,-0.05700710800554183,265616.0
2025-12-30,nq,-0.09284043118692119,276539.0
2026-01-06,nq,-0.06727729505237864,274253.0
2026-01-13,nq,-0.08156971865833805,278878.0
2026-01-20,nq,-0.10112384788745049,267118.0
2026-01-27,nq,-0.0645730348712796,260759.0
2026-02-03,nq,-0.042332687307261654,268823.0
2026-02-10,nq,-0.032668393585585036,263282.0
2026-02-17,nq,-0.034130668141900924,272951.0
2026-02-24,nq,-0.061175392370260054,270599.0
2026-03-03,nq,-0.07972353434050354,273307.0
2026-03-10,nq,-0.09685501189184197,259842.0
2026-03-17,nq,-0.10454471444758642,300943.0
2026-03-24,nq,-0.1669266572278789,235906.0
2026-03-31,nq,-0.15124204107254954,245322.0
2026-04-07,nq,-0.1573295947227242,246794.0
2026-04-14,nq,-0.1908822930318182,260197.0
2026-04-21,nq,-0.14572901875794037,267620.0
2026-04-28,nq,-0.13027108706601973,275963.0
2026-05-05,nq,-0.12549668528838165,287657.0
2026-05-12,nq,-0.18085712697044679,287752.0
2026-05-19,nq,-0.15475159114009537,293186.0
2026-05-26,nq,-0.1705633849301957,302990.0
2026-06-02,nq,-0.17033260099310416,314972.0
2026-06-09,nq,-0.11226960938318148,305568.0
2026-06-16,nq,-0.08173823673720608,344441.0
2026-06-23,nq,-0.1926264603916509,265083.0
2026-06-30,nq,-0.2463293102334164,278558.0
2026-07-07,nq,-0.19296984067965456,285086.0
2026-07-14,nq,-0.22515624396868453,284971.0
2026-07-21,nq,-0.26033188917508704,286903.0
2026-07-28,nq,-0.1977671559564558,294781.0
2026-08-04,nq,-0.2579934392538139,303624.0
2026-08-11,nq,-0.31530591306931954,282662.0
2026-08-18,nq,-0.20733324158949556,297931.0
2026-08-25,nq,-0.13653567868815544,301987.0
2026-09-01,nq,-0.046951422669420935,300140.0
2026-09-08,nq,-0.10798540408130076,295151.0
2026-09-15,nq,-0.019605014365346365,325784.0
2026-09-22,nq,-0.10716293949797605,286321.0
2026-09-29,nq,-0.09137917014717949,270554.0
2006-06-13,silver,0.09676826128533948,163132.0
2006-06-20,silver,0.08427848758827967,161702.0
2006-06-27,silver,0.09014092454400542,141778.0
2006-07-03,silver,0.12573390349311478,131659.0
2006-07-11,silver,0.13288848343951856,135926.0
2006-07-18,silver,0.11604335441867347,135165.0
2006-07-25,silver,0.12003821244010501,132941.0
2006-08-01,silver,0.14017054344815194,133573.0
2006-08-08,silver,0.16188183628378933,146644.0
2006-08-15,silver,0.15900403696302357,149122.0
2006-08-22,silver,0.16278520899911336,156771.0
2006-08-29,silver,0.16335950544370698,144938.0
2006-09-05,silver,0.17026331147653542,145645.0
2006-09-12,silver,0.11635234047576884,135528.0
2006-09-19,silver,0.07246732026143791,134640.0
2006-09-26,silver,0.08614103673639918,134036.0
2006-10-03,silver,0.08501788536727393,132231.0
2006-10-10,silver,0.08671901164737841,134365.0
2006-10-17,silver,0.11081014701238553,142505.0
2006-10-24,silver,0.11470019741503243,145379.0
2006-10-31,silver,0.14244631771191812,146743.0
2006-11-07,silver,0.15439061716667987,151596.0
2006-11-14,silver,0.17926353495559116,156613.0
2006-11-21,silver,0.18841144419390485,156551.0
2006-11-28,silver,0.23050942038562638,136194.0
2006-12-05,silver,0.2595884519529785,136023.0
2006-12-12,silver,0.2639805637376105,139533.0
2006-12-19,silver,0.17522211253701875,133716.0
2006-12-26,silver,0.17090592607693395,127538.0
2007-01-03,silver,0.15489313491334436,130632.0
2007-01-09,silver,0.1717203760300205,129245.0
2007-01-16,silver,0.17186506397828616,128950.0
2007-01-23,silver,0.17700794446809584,138587.0
2007-01-30,silver,0.19482612383375741,141480.0
2007-02-06,silver,0.201827545654848,147958.0
2007-02-13,silver,0.2097836967953673,157834.0
2007-02-20,silver,0.21568138925049984,160547.0
2007-02-27,silver,0.29128040029479074,154686.0
2007-03-06,silver,0.16406094686319617,140844.0
2007-03-13,silver,0.1290308523618616,137688.0
2007-03-20,silver,0.11807745140603981,140501.0
2007-03-27,silver,0.12332121283209196,136408.0
2007-04-03,silver,0.12175527132457438,137916.0
2007-04-10,silver,0.1349697400006762,147885.0
2007-04-17,silver,0.1506625000815485,153283.0
2007-04-24,silver,0.15200903872626684,154004.0
2007-05-01,silver,0.13167343174826338,132297.0
2007-05-08,silver,0.1140251799644589,132804.0
2007-05-15,silver,0.11108249570137632,132019.0
2007-05-22,silver,0.07847708430158469,133402.0
2007-05-29,silver,0.0928176549925153,134942.0
2007-06-05,silver,0.1366950139383888,141695.0
2007-06-12,silver,0.11628212394763399,144674.0
2007-06-19,silver,0.12282603666073943,151279.0
2007-06-26,silver,0.08465715280194919,143650.0
2007-07-03,silver,0.06737573596014493,141312.0
2007-07-10,silver,0.07843803056027164,141360.0
2007-07-17,silver,0.09771097903393623,140322.0
2007-07-24,silver,0.13566788620921377,147323.0
2007-07-31,silver,0.10033160564008248,143544.0
2007-08-07,silver,0.11103536256927055,148151.0
2007-08-14,silver,0.07391671451247932,148045.0
2007-08-21,silver,0.02158757216388443,150179.0
2007-08-28,silver,0.0025100141419675845,135059.0
2007-09-04,silver,0.0012724862715394812,132025.0
2007-09-11,silver,0.009497144962239823,135725.0
2007-09-18,silver,0.03362234998460646,139669.0
2007-09-25,silver,0.10265768981830556,149867.0
2007-10-02,silver,0.11335158963398344,149720.0
2007-10-09,silver,0.1285605612374271,153803.0
2007-10-16,silver,0.12138351503712717,161068.0
2007-10-23,silver,0.1297213873771424,160043.0
2007-10-30,silver,0.13502630792914092,174092.0
2007-11-06,silver,0.1348025412257561,202422.0
2007-11-13,silver,0.12835584694511953,194623.0
2007-11-20,silver,0.11360726822217633,193720.0
2007-11-27,silver,0.10181641692793467,179254.0
2007-12-04,silver,0.09604894884753853,174713.0
2007-12-11,silver,0.10190923150765292,187510.0
2007-12-18,silver,0.07162871012934545,184158.0
2007-12-24,silver,0.10168905255539709,187916.0
2007-12-31,silver,0.11932532037859117,191024.0
2008-01-08,silver,0.14081063994192988,213535.0
2008-01-15,silver,0.14385810289743306,226925.0
2008-01-22,silver,0.16355156527288464,228778.0
2008-01-29,silver,0.16364567769477054,234250.0
2008-02-05,silver,0.1724692384790907,234465.0
2008-02-12,silver,0.18146084331137682,242449.0
2008-02-19,silver,0.1765605738208478,245791.0
2008-02-26,silver,0.20262128450227018,219587.0
2008-03-04,silver,0.18427165336538895,221282.0
2008-03-11,silver,0.1718262923477632,218459.0
2008-03-18,silver,0.17410755002644973,219284.0
2008-03-25,silver,0.12668740462495598,204456.0
2008-04-01,silver,0.12924759742102915,197288.0
2008-04-08,silver,0.12538740768556766,199725.0
2008-04-15,silver,0.12653669196583878,204091.0
2008-04-22,silver,0.13174203752965705,208635.0
2008-04-29,silver,0.14940803146175902,169857.0
2008-05-06,silver,0.1488019568740624,165979.0
2008-05-13,silver,0.14305654142334787,167647.0
2008-05-20,silver,0.16259842069777275,175014.0
2008-05-27,silver,0.16475418343693418,173422.0
2008-06-03,silver,0.1483310899355443,168643.0
2008-06-10,silver,0.13651170191222842,172835.0
2008-06-17,silver,0.13698513800424628,176625.0
2008-06-24,silver,0.12483444657856263,174415.0
2008-07-01,silver,0.1785251522205277,174418.0
2008-07-08,silver,0.18900555207307246,178672.0
2008-07-15,silver,0.17721730067743616,191900.0
2008-07-22,silver,0.1656965019566805,183474.0
2008-07-29,silver,0.1371849518161601,172672.0
2008-08-05,silver,0.11618298310647633,171841.0
2008-08-12,silver,0.08842262815190316,183064.0
2008-08-19,silver,0.05954916722221319,184503.0
2008-08-26,silver,0.06388499471211787,162636.0
2008-09-02,silver,0.060161531712855446,155016.0
2008-09-09,silver,0.045777225989240125,157065.0
2008-09-16,silver,0.027679755096289938,156143.0
2008-09-23,silver,0.029824537706158064,148066.0
2008-09-30,silver,0.02673331139268279,145848.0
2008-10-07,silver,0.021087310082152935,143878.0
2008-10-14,silver,0.020662374279341835,142578.0
2008-10-21,silver,0.012630491821582091,143304.0
2008-10-28,silver,0.017536808258588592,141816.0
2008-11-04,silver,0.037527173145873914,141684.0
2008-11-11,silver,0.05066427887218358,144066.0
2008-11-18,silver,0.04728474086310138,140447.0
2008-11-25,silver,0.06809529381058241,111109.0
2008-12-02,silver,0.08145395402494492,105753.0
2008-12-09,silver,0.09812011126253103,107134.0
2008-12-16,silver,0.10598624362103394,112675.0
2008-12-22,silver,0.11465497012689302,110802.0
2008-12-30,silver,0.10649084461696126,110263.0
2009-01-06,silver,0.10986891139462493,114045.0
2009-01-13,silver,0.10133516837062988,111896.0
2009-01-20,silver,0.10866388400318519,114279.0
2009-01-27,silver,0.12585235571506073,119815.0
2009-02-03,silver,0.1222321201323492,125728.0
2009-02-10,silver,0.13719278915312338,130692.0
2009-02-17,silver,0.1326266143928277,136971.0
2009-02-24,silver,0.14608667328452662,128944.0
2009-03-03,silver,0.1603715998695554,119591.0
2009-03-10,silver,0.153264327868302,119121.0
2009-03-17,silver,0.14416933910524243,119429.0
2009-03-24,silver,0.12551632025459433,121291.0
2009-03-31,silver,0.10975670348962388,120758.0
2009-04-07,silver,0.08205268253928846,120837.0
2009-04-14,silver,0.08229114150498464,122978.0
2009-04-21,silver,0.06066316506956417,124705.0
2009-04-28,silver,0.08910432365333847,114394.0
2009-05-05,silver,0.12108735723268273,116098.0
2009-05-12,silver,0.15209536137737154,125921.0
2009-05-19,silver,0.1901452786433222,125483.0
2009-05-26,silver,0.1868021104023939,126990.0
2009-06-02,silver,0.17811943910598618,140490.0
2009-06-09,silver,0.18135165008684667,139326.0
2009-06-16,silver,0.17257069767783764,136037.0
2009-06-23,silver,0.14318497018915943,139882.0
2009-06-30,silver,0.13787686317545983,133039.0
2009-07-07,silver,0.1325113169602994,128789.0
2009-07-14,silver,0.10410087202451096,127290.0
2009-07-21,silver,0.0897500680219225,128635.0
2009-07-28,silver,0.11517236548175938,128477.0
2009-08-04,silver,0.14378425585737517,132824.0
2009-08-11,silver,0.17955440954919458,138064.0
2009-08-18,silver,0.17055316524471725,136198.0
2009-08-25,silver,0.1780197931658679,134794.0
2009-09-01,silver,0.22134709002397734,137630.0
2009-09-08,silver,0.23334764674500005,153702.0
2009-09-15,silver,0.2645486231500575,164397.0
2009-09-22,silver,0.25907111331949845,171065.0
2009-09-29,silver,0.2526805766862276,165636.0
2009-10-06,silver,0.24158952749378282,173712.0
2009-10-13,silver,0.23527040162594443,181064.0
2009-10-20,silver,0.23492739722971917,179332.0
2009-10-27,silver,0.21872364678992456,171943.0
2009-11-03,silver,0.1929891917675939,171906.0
2009-11-09,silver,0.17183211835334478,186560.0
2009-11-17,silver,0.1959033422021358,192059.0
2009-11-24,silver,0.21924435342652776,168465.0
2009-12-01,silver,0.22007293578531928,166722.0
2009-12-08,silver,0.21561248490242196,157310.0
2009-12-15,silver,0.18078234756838807,152183.0
2009-12-22,silver,0.18249842055385912,151952.0
2009-12-29,silver,0.1756117826267582,151647.0
2010-01-05,silver,0.17920919605698346,154501.0
2010-01-12,silver,0.22329671979382992,159868.0
2010-01-19,silver,0.22663928414258472,163608.0
2010-01-26,silver,0.16411445743777356,153070.0
2010-02-02,silver,0.11666033548593478,150051.0
2010-02-09,silver,0.07668678953610789,150078.0
2010-02-16,silver,0.0860332459832182,151116.0
2010-02-23,silver,0.09464548291073414,139415.0
2010-03-02,silver,0.13965306290955765,133223.0
2010-03-09,silver,0.17581579195942657,137627.0
2010-03-16,silver,0.18339506084569077,139862.0
2010-03-23,silver,0.17168394084080588,137392.0
2010-03-30,silver,0.1832625667716751,138719.0
2010-04-06,silver,0.21152052715056874,146903.0
2010-04-13,silver,0.21481716722620453,154294.0
2010-04-20,silver,0.20215565779736816,155405.0
2010-04-27,silver,0.22382006147720165,148673.0
2010-05-04,silver,0.20870294009185691,149145.0
2010-05-11,silver,0.21816148738715405,158291.0
2010-05-18,silver,0.24641769852243628,161279.0
2010-05-25,silver,0.18594040295950054,152323.0
2010-06-01,silver,0.1928682428327503,156371.0
2010-06-08,silver,0.18578966822590717,156914.0
2010-06-15,silver,0.19528304167069516,165488.0
2010-06-22,silver,0.2053180843459614,174875.0
2010-06-29,silver,0.22295910106538,154405.0
2010-07-06,silver,0.1782491821042322,143967.0
2010-07-13,silver,0.18125222464946503,143281.0
2010-07-20,silver,0.15395354384291057,142543.0
2010-07-27,silver,0.15306959069747544,140263.0
2010-08-03,silver,0.19283715351812367,150080.0
2010-08-10,silver,0.19033985651251306,148445.0
2010-08-17,silver,0.18155054601187814,156590.0
2010-08-24,silver,0.18085982102551848,150636.0
2010-08-31,silver,0.2482995763084776,159078.0
2010-09-07,silver,0.2611681440734382,171246.0
2010-09-14,silver,0.2587849662490625,179995.0
2010-09-21,silver,0.2563592029108048,183317.0
2010-09-28,silver,0.251897535661253,193277.0
2010-10-05,silver,0.2344503058672016,201885.0
2010-10-12,silver,0.20004888780249327,204550.0
2010-10-19,silver,0.18299345902270103,207920.0
2010-10-26,silver,0.17795641665329306,205629.0
2010-11-02,silver,0.16105944271875086,216982.0
2010-11-09,silver,0.11200356795738647,237671.0
2010-11-16,silver,0.0987069690906711,213916.0
2010-11-23,silver,0.12427751909510279,185126.0
2010-11-30,silver,0.15403721719976138,174328.0
2010-12-07,silver,0.14177193304734015,185086.0
2010-12-14,silver,0.13449875531150626,179563.0
2010-12-21,silver,0.1343710169556989,181237.0
2010-12-28,silver,0.14542971565444998,184529.0
2011-01-04,silver,0.12356354534076687,184569.0
2011-01-11,silver,0.12296571039285444,184954.0
2011-01-18,silver,0.11090187602002106,183207.0
2011-01-25,silver,0.10377580342650003,174347.0
2011-02-01,silver,0.13398334418588712,175074.0
2011-02-08,silver,0.1568480616802814,189623.0
2011-02-15,silver,0.17260525488963946,203696.0
2011-02-22,silver,0.16616028057540463,213276.0
2011-03-01,silver,0.1897207197976715,185441.0
2011-03-08,silver,0.1851859697809036,188821.0
2011-03-15,silver,0.17356703780112023,190497.0
2011-03-22,silver,0.17476973834944784,196407.0
2011-03-29,silver,0.16944186234490563,197944.0
2011-04-05,silver,0.16212534704321546,211429.0
2011-04-12,silver,0.13930468593125353,219124.0
2011-04-19,silver,0.1336628786093989,233453.0
2011-04-26,silver,0.12323975630151714,209275.0
2011-05-03,silver,0.12449038299391932,201622.0
2011-05-10,silver,0.0979231811283472,196358.0
2011-05-17,silver,0.08653910742981745,193531.0
2011-05-24,silver,0.07827231321262967,194526.0
2011-05-31,silver,0.08802942856685228,187301.0
2011-06-07,silver,0.09249840898030344,186987.0
2011-06-14,silver,0.08844141205682642,183647.0
2011-06-21,silver,0.10801777588546795,187895.0
2011-06-28,silver,0.09438470728793309,159867.0
2011-07-05,silver,0.11853437421304458,158840.0
2011-07-12,silver,0.1271136489224535,162870.0
2011-07-19,silver,0.13865614509014892,178427.0
2011-07-26,silver,0.15430899967445358,178162.0
2011-08-02,silver,0.15740859956224074,178637.0
2011-08-09,silver,0.12106537530266344,175525.0
2011-08-16,silver,0.13248181193455136,176077.0
2011-08-23,silver,0.15695083817147318,189639.0
2011-08-30,silver,0.15991940802410498,165277.0
2011-09-06,silver,0.16769438031537653,168497.0
2011-09-13,silver,0.1563474943397572,168279.0
2011-09-20,silver,0.13605714149322132,167584.0
2011-09-27,silver,0.09477663799863567,156853.0
2011-10-04,silver,0.07166740901990552,159403.0
2011-10-11,silver,0.07341224531222247,157644.0
2011-10-18,silver,0.06641773803800116,160153.0
2011-10-25,silver,0.0734694372966937,164776.0
2011-11-01,silver,0.08102724534250677,163661.0
2011-11-08,silver,0.08302165912086995,167643.0
2011-11-15,silver,0.09219085017707003,166036.0
2011-11-22,silver,0.0889692842448748,140970.0
2011-11-29,silver,0.09344222552198551,131996.0
2011-12-06,silver,0.09674086961925031,128746.0
2011-12-13,silver,0.08981958860448037,132087.0
2011-12-20,silver,0.05180183402240311,139802.0
2011-12-27,silver,0.0447294947731421,138611.0
2012-01-03,silver,0.06737998640628394,142713.0
2012-01-10,silver,0.08316828851502563,139861.0
2012-01-17,silver,0.09325781288816018,140889.0
2012-01-24,silver,0.11161929425196138,143649.0
2012-01-31,silver,0.12941664936682581,144510.0
2012-02-07,silver,0.16399851201159066,153227.0
2012-02-14,silver,0.17014199650018033,149722.0
2012-02-21,silver,0.17963937515624298,156007.0
2012-02-28,silver,0.2038440945265156,164356.0
2012-03-06,silver,0.15801798610701143,152451.0
2012-03-13,silver,0.1482166945800288,153451.0
2012-03-20,silver,0.1331506777483548,152564.0
2012-03-27,silver,0.11604107190308448,146767.0
2012-04-03,silver,0.12171783739080995,154776.0
2012-04-10,silver,0.09732797011923575,153142.0
2012-04-17,silver,0.08283020735388727,161656.0
2012-04-24,silver,0.06566584655583978,163799.0
2012-05-01,silver,0.0736508954526759,143447.0
2012-05-08,silver,0.0476513774902321,150237.0
2012-05-15,silver,0.04287114316643074,156119.0
2012-05-22,silver,0.03152635052323937,159105.0
2012-05-29,silver,0.031240261268308814,157233.0
2012-06-05,silver,0.04071520494376714,160849.0
2012-06-12,silver,0.04389324433025584,166586.0
2012-06-19,silver,0.04467827466700071,167643.0
2012-06-26,silver,0.017769464577975215,162526.0
2012-07-03,silver,0.041464995814477504,158881.0
2012-07-10,silver,0.035742021374949154,162246.0
2012-07-17,silver,0.03026790637060799,159608.0
2012-07-24,silver,0.021279601061216468,162832.0
2012-07-31,silver,0.05403960009815086,158939.0
2012-08-07,silver,0.05776797387645845,161387.0
2012-08-14,silver,0.06333473078996227,166970.0
2012-08-21,silver,0.1038345976498587,168075.0
2012-08-28,silver,0.16305139309393324,156558.0
2012-09-04,silver,0.17598154734743118,159977.0
2012-09-11,silver,0.17606937659017882,167434.0
2012-09-18,silver,0.1722334317174985,179907.0
2012-09-25,silver,0.19193299711408676,177067.0
2012-10-02,silver,0.2030682385263011,186361.0
2012-10-09,silver,0.20748310284430976,186126.0
2012-10-16,silver,0.19575054207759646,185859.0
2012-10-23,silver,0.17531568886136614,185705.0
2012-10-30,silver,0.16645215693236287,180256.0
2012-11-06,silver,0.1469553116151114,186111.0
2012-11-13,silver,0.14545055037040136,191144.0
2012-11-20,silver,0.17008709325001786,195882.0
2012-11-27,silver,0.2061194738644019,181094.0
2012-12-04,silver,0.21285247265124124,173134.0
2012-12-11,silver,0.1997433164884779,174534.0
2012-12-18,silver,0.17240017400860885,174704.0
2012-12-24,silver,0.12830861127148377,180136.0
2012-12-31,silver,0.12891423652211342,176567.0
2013-01-08,silver,0.12124186025031174,173224.0
2013-01-15,silver,0.12667413239219943,176808.0
2013-01-22,silver,0.14751995518834898,178525.0
2013-01-29,silver,0.16375926612818398,180631.0
2013-02-05,silver,0.15967921874242105,185547.0
2013-02-12,silver,0.13710129603819227,187263.0
2013-02-19,silver,0.08662359539020933,194716.0
2013-02-26,silver,0.06545331985170205,178020.0
2013-03-05,silver,0.03368683031043862,181614.0
2013-03-12,silver,0.0276944380336949,181986.0
2013-03-19,silver,0.014772606241346256,187780.0
2013-03-26,silver,0.0034291171108603176,184304.0
2013-04-02,silver,-0.015368598993980374,194032.0
2013-04-09,silver,-0.002788705741745929,200810.0
2013-04-16,silver,0.034968435691983255,220027.0
2013-04-23,silver,0.024944205481674406,228069.0
2013-04-30,silver,0.03184795303584567,194361.0
2013-05-07,silver,0.025821087389408415,198365.0
2013-05-14,silver,0.0069809838592538795,202407.0
2013-05-21,silver,-0.0008726410691953036,214292.0
2013-05-28,silver,0.00031368097151478034,200841.0
2013-06-04,silver,0.0060328126149545086,203885.0
2013-06-11,silver,-0.0026128937918602365,208581.0
2013-06-18,silver,-0.00047041999096793615,212576.0
2013-06-25,silver,0.0030029106710941665,195144.0
2013-07-02,silver,0.019139315704614697,196611.0
2013-07-09,silver,0.02401796880982159,195895.0
2013-07-16,silver,0.024843634268784463,194416.0
2013-07-23,silver,0.032470167616131834,194671.0
2013-07-30,silver,0.03431276794801937,194534.0
2013-08-06,silver,0.022358119824746815,194918.0
2013-08-13,silver,0.05716530546881256,199824.0
2013-08-20,silver,0.08025639878066368,201093.0
2013-08-27,silver,0.09026681575024116,182448.0
2013-09-03,silver,0.1089431808597374,177845.0
2013-09-10,silver,0.09582424431287005,173286.0
2013-09-17,silver,0.07995657018771965,174995.0
2013-09-24,silver,0.06955460646735814,175373.0
2013-10-01,silver,0.0719282030215893,175272.0
2013-10-08,silver,0.08500721025559504,176138.0
2013-10-15,silver,0.07697877130364446,176789.0
2013-10-22,silver,0.10224526016283066,177485.0
2013-10-29,silver,0.11477595301851448,174026.0
2013-11-05,silver,0.10544049778430878,174212.0
2013-11-12,silver,0.052488396426367614,186365.0
2013-11-19,silver,0.02352376622720614,197970.0
2013-11-26,silver,0.004181020522333127,169815.0
2013-12-03,silver,-0.030931979508855758,174124.0
2013-12-10,silver,-0.0041905602117335685,172292.0
2013-12-17,silver,0.011031290735668223,174141.0
2013-12-24,silver,0.008882288012667518,173041.0
2013-12-31,silver,0.03250946467009281,171427.0
2014-01-07,silver,0.04263766209359143,170272.0
2014-01-14,silver,0.050236295166092355,174993.0
2014-01-21,silver,0.04070966701694105,179859.0
2014-01-28,silver,0.008128088210458649,183561.0
2014-02-04,silver,-0.001864794476404803,189297.0
2014-02-11,silver,0.04084728172649618,187895.0
2014-02-18,silver,0.0952631009930962,194241.0
2014-02-25,silver,0.13848412593279463,181176.0
2014-03-04,silver,0.13783309812998576,169357.0
2014-03-11,silver,0.12149889735887062,172767.0
2014-03-18,silver,0.1003057733977144,181834.0
2014-03-25,silver,0.051450053705692805,186200.0
2014-04-01,silver,0.02979466130056739,187349.0
2014-04-08,silver,0.02765847967516952,196287.0
2014-04-15,silver,0.00805227862352538,204290.0
2014-04-22,silver,0.013240749163609166,197874.0
2014-04-29,silver,0.010002793476158756,186148.0
2014-05-06,silver,0.0052305574673090155,188890.0
2014-05-13,silver,0.008919930996760214,190136.0
2014-05-20,silver,-0.010233188520757929,190361.0
2014-05-27,silver,-0.03577454419027947,195586.0
2014-06-03,silver,-0.052082923953625467,203560.0
2014-06-10,silver,-0.03019558334730592,202778.0
2014-06-17,silver,0.02471941490001974,207691.0
2014-06-24,silver,0.11817465810639873,209495.0
2014-07-01,silver,0.18110795805058605,202625.0
2014-07-08,silver,0.21307748272098945,208924.0
2014-07-15,silver,0.22338541442899357,209481.0
2014-07-22,silver,0.219493779086333,210580.0
2014-07-29,silver,0.20576044370318466,202658.0
2014-08-05,silver,0.14334610699296216,202761.0
2014-08-12,silver,0.11501913234099606,204366.0
2014-08-19,silver,0.0778472454522754,212249.0
2014-08-26,silver,0.06707084535275999,204530.0
2014-09-02,silver,0.03075442610394839,203678.0
2014-09-09,silver,0.01077573749012505,207596.0
2014-09-16,silver,-0.021010747433018732,216889.0
2014-09-23,silver,-0.02163572060123784,226200.0
2014-09-30,silver,-0.02592750715109081,234230.0
2014-10-07,silver,-0.03019614039433059,234169.0
2014-10-14,silver,-0.039205283158852786,231831.0
2014-10-21,silver,-0.037273916026877615,231717.0
2014-10-28,silver,-0.044519499117891916,231831.0
2014-11-04,silver,-0.02495303339487578,246984.0
2014-11-11,silver,-0.007939399520352969,249767.0
2014-11-18,silver,0.00295539925658816,252081.0
2014-11-25,silver,0.043132770349519116,204624.0
2014-12-02,silver,0.07272617295400932,198388.0
2014-12-09,silver,0.10110173013186301,197326.0
2014-12-16,silver,0.07387231944786789,202850.0
2014-12-23,silver,0.07647257920594057,194998.0
2014-12-30,silver,0.08763246888073432,194574.0
2015-01-06,silver,0.09893251713166294,198317.0
2015-01-13,silver,0.12523082499424468,204159.0
2015-01-20,silver,0.1577739717992633,213115.0
2015-01-27,silver,0.19011554427935112,211261.0
2015-02-03,silver,0.17356583270154158,217635.0
2015-02-10,silver,0.17079737149559684,216549.0
2015-02-17,silver,0.13931220975702438,226319.0
2015-02-24,silver,0.1407767457066482,207996.0
2015-03-03,silver,0.10044180756284919,205293.0
2015-03-10,silver,0.07310180360345135,213018.0
2015-03-17,silver,0.0519394166577416,224088.0
2015-03-24,silver,0.0891490820164144,215908.0
2015-03-31,silver,0.14215336284449523,210090.0
2015-04-07,silver,0.13782524604845703,209918.0
2015-04-14,silver,0.0930558325928881,220588.0
2015-04-21,silver,0.040034993615432536,226327.0
2015-04-28,silver,0.025565161111367946,216310.0
2015-05-05,silver,0.05212599528334929,214135.0
2015-05-12,silver,0.06319742539387457,214091.0
2015-05-19,silver,0.1902051222621393,215725.0
2015-05-26,silver,0.19625391397981495,211741.0
2015-06-02,silver,0.16710617880818956,218424.0
2015-06-09,silver,0.044521545446757474,233460.0
2015-06-16,silver,0.009569195254018637,235652.0
2015-06-23,silver,-0.020816901984021578,244705.0
2015-06-30,silver,-0.04046729137512621,225812.0
2015-07-07,silver,-0.04449240153003205,232152.0
2015-07-14,silver,-0.03190678773255445,220486.0
2015-07-21,silver,-0.050288454399748446,228979.0
2015-07-28,silver,-0.04615948816740602,226324.0
2015-08-04,silver,-0.03726363371897867,223435.0
2015-08-11,silver,0.006890695927631364,214347.0
2015-08-18,silver,0.010614406278811375,211505.0
2015-08-25,silver,0.01424585463038632,206797.0
2015-09-01,silver,0.020213535152023728,189477.0
2015-09-08,silver,0.03969957081545064,188264.0
2015-09-15,silver,0.012335402240246396,192211.0
2015-09-22,silver,0.07869767946215571,184440.0
2015-09-29,silver,0.04841075533793118,187479.0
2015-10-06,silver,0.1337864642564333,189055.0
2015-10-13,silver,0.20194469076735888,193964.0
2015-10-20,silver,0.22448928562498438,199965.0
2015-10-27,silver,0.2602779123274401,198192.0
2015-11-03,silver,0.24586719828247203,195630.0
2015-11-10,silver,0.13329290105055405,194564.0
2015-11-17,silver,0.05934859867301721,205127.0
2015-11-24,silver,0.04769773137059662,185795.0
2015-12-01,silver,0.058217422317328696,179448.0
2015-12-08,silver,0.04418392441828116,179726.0
2015-12-15,silver,0.008866690528096834,184398.0
2015-12-22,silver,0.052625943874675986,177460.0
2015-12-29,silver,0.03493512921326445,179819.0
2016-01-05,silver,0.03790892651652145,182490.0
2016-01-12,silver,0.04299947561615102,183072.0
2016-01-19,silver,0.08803815853424209,176946.0
2016-01-26,silver,0.14207624578273595,170134.0
2016-02-02,silver,0.13855314457644538,174157.0
2016-02-09,silver,0.1955825522556953,187348.0
2016-02-16,silver,0.23535930172101402,190411.0
2016-02-23,silver,0.24046460445018777,198104.0
2016-03-01,silver,0.25187061574434916,179620.0
2016-03-08,silver,0.2489617646596735,190949.0
2016-03-15,silver,0.2640827095546946,186097.0
2016-03-22,silver,0.2631726949980667,199143.0
2016-03-29,silver,0.22092095441558776,194255.0
2016-04-05,silver,0.21252188613173942,198756.0
2016-04-12,silver,0.2611457391635343,210170.0
2016-04-19,silver,0.2931920274476514,226176.0
2016-04-26,silver,0.2997268226054294,234280.0
2016-05-03,silver,0.29096089366063826,230244.0
2016-05-10,silver,0.302246518023604,237078.0
2016-05-17,silver,0.2789487054551209,240123.0
2016-05-24,silver,0.25160366674501594,233995.0
2016-05-31,silver,0.24256544218670908,221264.0
2016-06-07,silver,0.22629703336881565,216070.0
2016-06-14,silver,0.2678591052754199,227489.0
2016-06-21,silver,0.32163429852866915,233666.0
2016-06-28,silver,0.3353713028683383,232748.0
2016-07-05,silver,0.3315327036619208,242878.0
2016-07-12,silver,0.34389481234335084,248166.0
2016-07-19,silver,0.36250723959283737,252086.0
2016-07-26,silver,0.3931922827958784,245633.0
2016-08-02,silver,0.35640807397679175,259649.0
2016-08-09,silver,0.3687879878687073,241689.0
2016-08-16,silver,0.3545974297568051,237176.0
2016-08-23,silver,0.33353741697666267,236831.0
2016-08-30,silver,0.3466509603743333,213927.0
2016-09-06,silver,0.36235333527270164,226878.0
2016-09-13,silver,0.3317812939202974,220570.0
2016-09-20,silver,0.3335467000789911,220278.0
2016-09-27,silver,0.3474076221483844,224215.0
2016-10-04,silver,0.2980609144800908,222837.0
2016-10-11,silver,0.2232896979231043,213588.0
2016-10-18,silver,0.20037222859105444,215459.0
2016-10-25,silver,0.18270133346507794,222653.0
2016-11-01,silver,0.22210350947086308,220888.0
2016-11-08,silver,0.2709014347215811,212306.0
2016-11-15,silver,0.24381887769177907,199357.0
2016-11-22,silver,0.23122004921642275,185304.0
2016-11-29,silver,0.24775613592727105,172916.0
2016-12-06,silver,0.23063254345826759,176146.0
2016-12-13,silver,0.2543310396707746,180788.0
2016-12-20,silver,0.2397061099931448,180884.0
2016-12-27,silver,0.217665790762927,179624.0
2017-01-03,silver,0.23237246873962597,180740.0
2017-01-10,silver,0.25356158214430863,182082.0
2017-01-17,silver,0.26721986457883595,189926.0
2017-01-24,silver,0.2821616916696534,195310.0
2017-01-31,silver,0.3091198303287381,203688.0
2017-02-07,silver,0.30310675955563926,212440.0
2017-02-14,silver,0.32997201492537315,214400.0
2017-02-21,silver,0.33096973364555654,228042.0
2017-02-28,silver,0.39082206209975856,214558.0
2017-03-07,silver,0.397516653394813,209717.0
2017-03-14,silver,0.32707968698016865,207399.0
2017-03-21,silver,0.3078669972180693,211364.0
2017-03-28,silver,0.37244914260154366,219093.0
2017-04-04,silver,0.39564750996688963,236784.0
2017-04-11,silver,0.4116192007062635,240137.0
2017-04-18,silver,0.39020220432215275,247423.0
2017-04-25,silver,0.34926337701248533,229629.0
2017-05-02,silver,0.2645582377966644,206378.0
2017-05-09,silver,0.15479970463356102,216680.0
2017-05-16,silver,0.07776290346571471,235305.0
2017-05-23,silver,0.13072580432083,227086.0
2017-05-30,silver,0.1871363253894407,224617.0
2017-06-06,silver,0.21661601074862055,229983.0
2017-06-13,silver,0.1995004810015672,221413.0
2017-06-20,silver,0.12077534342951464,221734.0
2017-06-27,silver,0.056189580488510686,221162.0
2017-07-03,silver,0.008343796832597512,222201.0
2017-07-11,silver,-0.023380827894253907,231044.0
2017-07-18,silver,-0.027637082928374787,233563.0
2017-07-25,silver,0.038406360729409735,231420.0
2017-08-01,silver,0.10004328606844445,228711.0
2017-08-08,silver,0.12620692199157113,216874.0
2017-08-15,silver,0.1720193638923684,212354.0
2017-08-22,silver,0.2054603783880406,212586.0
2017-08-29,silver,0.2576149926540319,203513.0
2017-09-05,silver,0.2945998094444684,208863.0
2017-09-12,silver,0.3522521128939264,213333.0
2017-09-19,silver,0.31103956989048653,216503.0
2017-09-26,silver,0.2864363901489017,204363.0
2017-10-03,silver,0.2795422386614701,201415.0
2017-10-10,silver,0.2702028424762489,208832.0
2017-10-17,silver,0.2997111763428884,211894.0
2017-10-24,silver,0.3035486950986633,213656.0
2017-10-31,silver,0.2670172309426883,216413.0
2017-11-07,silver,0.2959398183519668,221197.0
2017-11-14,silver,0.3115541060500568,218312.0
2017-11-21,silver,0.29673781864077314,217094.0
2017-11-28,silver,0.2868361472938262,196994.0
2017-12-05,silver,0.1059628421391474,208139.0
2017-12-12,silver,-0.024494310998735776,221480.0
2017-12-19,silver,-0.06274411212771498,222746.0
2017-12-26,silver,-0.03288088373449091,216083.0
2018-01-02,silver,0.07598818826612481,210638.0
2018-01-09,silver,0.17763434235949707,214266.0
2018-01-16,silver,0.1520076613887188,217193.0
2018-01-23,silver,0.10709800276575004,220555.0
2018-01-30,silver,0.12076742702697742,217923.0
2018-02-06,silver,0.015378432212559788,226421.0
2018-02-13,silver,-0.036771383560374384,215820.0
2018-02-20,silver,-0.04624215962233205,225595.0
2018-02-27,silver,-0.07901466197458083,209999.0
2018-03-06,silver,-0.050209515333555825,215736.0
2018-03-13,silver,-0.07397354170950717,218835.0
2018-03-20,silver,-0.14917232516614995,235781.0
2018-03-27,silver,-0.143173734494411,236447.0
2018-04-03,silver,-0.15805247929761548,250575.0
2018-04-10,silver,-0.14643296581340925,248694.0
2018-04-17,silver,-0.060789481427304407,237903.0
2018-04-24,silver,0.02087017568804486,225058.0
2018-05-01,silver,-0.10805765792472231,215894.0
2018-05-08,silver,-0.0895519633042764,216701.0
2018-05-15,silver,-0.07289041462894093,220221.0
2018-05-22,silver,-0.001965843469713724,219753.0
2018-05-29,silver,0.0037830690147382063,228386.0
2018-06-05,silver,0.01836341170384242,233889.0
2018-06-12,silver,0.15708192093708825,255771.0
2018-06-19,silver,0.11453197949655555,245032.0
2018-06-26,silver,0.09291699677645175,238557.0
2018-07-03,silver,0.04632118223173203,229938.0
2018-07-10,silver,0.03547107878308765,232753.0
2018-07-17,silver,-0.03269364200275044,240689.0
2018-07-24,silver,-0.046115192441385365,245971.0
2018-07-31,silver,-0.026388894377245013,253061.0
2018-08-07,silver,-0.04751337202685786,263610.0
2018-08-14,silver,-0.07435687765205092,271488.0
2018-08-21,silver,-0.09037738873354824,280745.0
2018-08-28,silver,-0.13503240011106374,255709.0
2018-09-04,silver,-0.19122337854818441,248296.0
2018-09-11,silver,-0.18782416012597095,246406.0
2018-09-18,silver,-0.1851150369761709,243400.0
2018-09-25,silver,-0.18025902485261427,235267.0
2018-10-02,silver,-0.155182285880322,234028.0
2018-10-09,silver,-0.17103692596541456,235417.0
2018-10-16,silver,-0.1405396240011869,235905.0
2018-10-23,silver,-0.08981536376725671,236140.0
2018-10-30,silver,-0.10115823441281549,242956.0
2018-11-06,silver,-0.08209919410843199,247676.0
2018-11-13,silver,-0.14809477516631403,262305.0
2018-11-20,silver,-0.1221484175408013,266168.0
2018-11-27,silver,-0.13613301703319014,233955.0
2018-12-04,silver,-0.10323863080912235,214813.0
2018-12-11,silver,-0.04272795708146327,209886.0
2018-12-18,silver,0.009134688885491515,209312.0
2018-12-24,silver,0.04044977737529243,212016.0
2018-12-31,silver,0.14140044273564023,214575.0
2019-01-08,silver,0.18775520945267304,227999.0
2019-01-15,silver,0.16880086139960276,233109.0
2019-01-22,silver,0.15648611422813063,227247.0
2019-01-29,silver,0.1741483017445248,233416.0
2019-02-05,silver,0.19669019658520037,247628.0
2019-02-12,silver,0.1677317849201064,256779.0
2019-02-19,silver,0.14957104282735756,263313.0
2019-02-26,silver,0.2048575923201194,235837.0
2019-03-05,silver,0.08191140149274623,221471.0
2019-03-12,silver,0.043420447681808756,221854.0
2019-03-19,silver,0.0451053843029291,221570.0
2019-03-26,silver,0.05555605901330337,220696.0
2019-04-02,silver,-0.007737002792105561,229934.0
2019-04-09,silver,-0.010294772686590153,240219.0
2019-04-16,silver,-0.04206906188864391,257624.0
2019-04-23,silver,-0.07035710067325485,253990.0
2019-04-30,silver,-0.06367486241155028,223856.0
2019-05-07,silver,-0.06541054527087863,227685.0
2019-05-14,silver,-0.06441741589014645,232018.0
2019-05-21,silver,-0.1268278248575961,243322.0
2019-05-28,silver,-0.1595954723645,244631.0
2019-06-04,silver,-0.08071126013395859,246942.0
2019-06-11,silver,-0.03295893729123435,259262.0
2019-06-18,silver,0.01722280461838139,275681.0
2019-06-25,silver,0.08988419827216469,261136.0
2019-07-02,silver,0.08557609123082972,254300.0
2019-07-09,silver,0.06152322385352485,251401.0
2019-07-16,silver,0.10428869438691046,269406.0
2019-07-23,silver,0.18437912768767786,293748.0
2019-07-30,silver,0.22681883519551133,288014.0
2019-08-06,silver,0.17072061205500225,290170.0
2019-08-13,silver,0.12712443491461867,297079.0
2019-08-20,silver,0.15818894158152666,303226.0
2019-08-27,silver,0.19210457568211955,302403.0
2019-09-03,silver,0.21127726437455058,300392.0
2019-09-10,silver,0.21462613612988923,286829.0
2019-09-17,silver,0.1925645961745642,283105.0
2019-09-24,silver,0.17503698889641725,289276.0
2019-10-01,silver,0.17009315591496846,266113.0
2019-10-08,silver,0.1760841193569437,269712.0
2019-10-15,silver,0.15791782479626373,264435.0
2019-10-22,silver,0.1652146554500985,266986.0
2019-10-29,silver,0.18334361092743523,269194.0
2019-11-05,silver,0.15480153555897114,274558.0
2019-11-12,silver,0.12081531077798187,270032.0
2019-11-19,silver,0.15161930580432784,268541.0
2019-11-26,silver,0.20753419715727509,235619.0
2019-12-03,silver,0.1917181774359368,234417.0
2019-12-10,silver,0.1281988736541194,233676.0
2019-12-17,silver,0.15396920952593446,237541.0
2019-12-24,silver,0.20973054410029554,260191.0
2019-12-31,silver,0.22956748595745977,262951.0
2020-01-07,silver,0.21523580087356708,273133.0
2020-01-14,silver,0.21615703564519767,270359.0
2020-01-21,silver,0.214974861720954,270106.0
2020-01-28,silver,0.18635720049327834,262732.0
2020-02-04,silver,0.2196596126199935,258764.0
2020-02-11,silver,0.21921512913540528,255507.0
2020-02-18,silver,0.24624124396026636,277951.0
2020-02-25,silver,0.23175718779154023,271189.0
2020-03-03,silver,0.13105349173956118,236186.0
2020-03-10,silver,0.12487310529319758,229521.0
2020-03-17,silver,0.09800950214075634,234263.0
2020-03-24,silver,0.06750766669983627,221086.0
2020-03-31,silver,0.09274351847489833,191043.0
2020-04-07,silver,0.08366577608608132,191261.0
2020-04-14,silver,0.07489200945961685,197471.0
2020-04-21,silver,0.07010763843859422,192775.0
2020-04-28,silver,0.08042009567208507,176436.0
2020-05-05,silver,0.059142673596916426,171230.0
2020-05-12,silver,0.07802653210338843,175184.0
2020-05-19,silver,0.10371145260862519,203613.0
2020-05-26,silver,0.1350678134976311,196716.0
2020-06-02,silver,0.12801330399920854,212267.0
2020-06-09,silver,0.10935111852160623,215910.0
2020-06-16,silver,0.12771367828177324,215897.0
2020-06-23,silver,0.12881333480516613,226475.0
2020-06-30,silver,0.17637796052956334,202582.0
2020-07-07,silver,0.17883722643872965,203565.0
2020-07-14,silver,0.19679517675473907,218608.0
2020-07-21,silver,0.19690877156731068,241975.0
2020-07-28,silver,0.13447563616902067,239166.0
2020-08-04,silver,0.11790412602758162,267497.0
2020-08-11,silver,0.08674796256255954,264548.0
2020-08-18,silver,0.11777305915660856,268440.0
2020-08-25,silver,0.14655548968830925,256408.0
2020-09-01,silver,0.17171776962235114,219622.0
2020-09-08,silver,0.170794527617564,209269.0
2020-09-15,silver,0.18418831869028307,213298.0
2020-09-22,silver,0.17177241832084653,207152.0
2020-09-29,silver,0.18054083517548375,198138.0
2020-10-06,silver,0.18126039774721836,196557.0
2020-10-13,silver,0.17097934181484511,201615.0
2020-10-20,silver,0.19801026005989977,202338.0
2020-10-27,silver,0.21099499446916622,197981.0
2020-11-03,silver,0.2146789941211509,193065.0
2020-11-10,silver,0.21076367856579303,196457.0
2020-11-17,silver,0.21826919254164512,201224.0
2020-11-24,silver,0.23023145134379633,182803.0
2020-12-01,silver,0.2460800851343243,176662.0
2020-12-08,silver,0.24224050415226642,180263.0
2020-12-15,silver,0.24070139887567002,183576.0
2020-12-21,silver,0.24010811770624735,202742.0
2020-12-29,silver,0.2423903438200755,195771.0
2021-01-05,silver,0.22938748778009468,207653.0
2021-01-12,silver,0.2186718938966379,198448.0
2021-01-19,silver,0.2142374036460888,193687.0
2021-01-26,silver,0.23234600262123198,190750.0
2021-02-02,silver,0.18831575286889995,215675.0
2021-02-09,silver,0.18541131405614986,214070.0
2021-02-16,silver,0.18788445495631767,218166.0
2021-02-23,silver,0.19895227184407221,198143.0
2021-03-02,silver,0.1710293463037554,184214.0
2021-03-09,silver,0.1536194398499162,180166.0
2021-03-16,silver,0.14125605760791946,183447.0
2021-03-23,silver,0.12472013553339036,183571.0
2021-03-30,silver,0.12242733111185417,173458.0
2021-04-06,silver,0.14302957845244801,173978.0
2021-04-13,silver,0.15842328111974024,182328.0
2021-04-20,silver,0.18123538211930298,189836.0
2021-04-27,silver,0.19667950535062254,189791.0
2021-05-04,silver,0.23145720072486942,187620.0
2021-05-11,silver,0.23338197186122892,204913.0
2021-05-18,silver,0.21913014811500695,212335.0
2021-05-25,silver,0.21861093682127516,207190.0
2021-06-01,silver,0.202314806005366,210212.0
2021-06-08,silver,0.20996262831732815,211390.0
2021-06-15,silver,0.21056702080026052,221103.0
2021-06-22,silver,0.14918026239591028,200308.0
2021-06-29,silver,0.19017398090341536,174272.0
2021-07-06,silver,0.20313410495766732,175042.0
2021-07-13,silver,0.20107151554509295,172466.0
2021-07-20,silver,0.15310086562915606,171436.0
2021-07-27,silver,0.1264343125145445,167589.0
2021-08-03,silver,0.15919498896613618,162681.0
2021-08-10,silver,0.06819353582108363,174562.0
2021-08-17,silver,0.05600482107498493,174235.0
2021-08-24,silver,0.05945522745597532,171154.0
2021-08-31,silver,0.07925168549359289,156779.0
2021-09-07,silver,0.11446318224517052,156487.0
2021-09-14,silver,0.08951940074525315,157262.0
2021-09-21,silver,0.005440959543443039,165412.0
2021-09-28,silver,0.02231652932929885,157641.0
2021-10-05,silver,0.029417931595366834,157387.0
2021-10-12,silver,0.03158269177020606,157428.0
2021-10-19,silver,0.1191953946128642,164503.0
2021-10-26,silver,0.1831304129534329,159340.0
2021-11-02,silver,0.15031235284884634,159275.0
2021-11-09,silver,0.16626818151553488,165209.0
2021-11-16,silver,0.20247577007964687,177157.0
2021-11-23,silver,0.18210566722926658,164119.0
2021-11-30,silver,0.18073031351578064,152592.0
2021-12-07,silver,0.11785978249392884,151536.0
2021-12-14,silver,0.06078141177516785,157433.0
2021-12-21,silver,0.07063965694944585,157178.0
2021-12-28,silver,0.11510047473499382,153770.0
2022-01-04,silver,0.14301473948065851,153194.0
2022-01-11,silver,0.11249449789347922,159030.0
2022-01-18,silver,0.14486788185366684,164474.0
2022-01-25,silver,0.16024854876952008,171234.0
2022-02-01,silver,0.07018916443781348,164883.0
2022-02-08,silver,0.061823170731707316,164000.0
2022-02-15,silver,0.10113602494440241,174468.0
2022-02-22,silver,0.14182739350714302,183956.0
2022-03-01,silver,0.24053982535062185,177613.0
2022-03-08,silver,0.2505112162368381,196590.0
2022-03-15,silver,0.2641454933891414,183486.0
2022-03-22,silver,0.24857569866615725,177982.0
2022-03-29,silver,0.2564445062284302,165451.0
2022-04-05,silver,0.23711203439604903,165833.0
2022-04-12,silver,0.2384843320077087,179538.0
2022-04-19,silver,0.21764597337551075,189675.0
2022-04-26,silver,0.16538785177797863,160435.0
2022-05-03,silver,0.09781375584055993,156021.0
2022-05-10,silver,0.010256842409394883,166133.0
2022-05-17,silver,0.003976166737881593,168504.0
2022-05-24,silver,-0.003171179198002333,170599.0
2022-05-31,silver,0.019237365136863895,166187.0
2022-06-07,silver,0.04511171365310158,168914.0
2022-06-14,silver,0.010330258715080917,174439.0
2022-06-21,silver,0.04665738577633851,167369.0
2022-06-28,silver,0.0065959467807395694,150547.0
2022-07-05,silver,-0.05254171909877894,158141.0
2022-07-12,silver,-0.061696370947723775,161144.0
2022-07-19,silver,-0.08165254237288136,165200.0
2022-07-26,silver,-0.10740467857800699,162870.0
2022-08-02,silver,-0.05427348769861278,154698.0
2022-08-09,silver,-0.03876890520943549,160670.0
2022-08-16,silver,-0.035223399186306494,163698.0
2022-08-23,silver,-0.09546839601614548,163761.0
2022-08-30,silver,-0.13749493999817186,153162.0
2022-09-06,silver,-0.1583236919912585,155580.0
2022-09-13,silver,-0.04746783082386183,157138.0
2022-09-20,silver,-0.04571933035196474,155186.0
2022-09-27,silver,-0.055061925090725876,146871.0
2022-10-04,silver,0.045752594713431155,156472.0
2022-10-11,silver,0.0074385146816275975,150971.0
2022-10-18,silver,-0.047199344091230944,160998.0
2022-10-25,silver,-0.036351207109533344,166762.0
2022-11-01,silver,-0.02130077206085584,162811.0
2022-11-08,silver,0.07088307385048341,176248.0
2022-11-15,silver,0.09021762575635452,176174.0
2022-11-22,silver,0.08580185249366305,147153.0
2022-11-29,silver,0.10398018751105607,141325.0
2022-12-06,silver,0.09953211688249954,147259.0
2022-12-13,silver,0.13967758908138878,157749.0
2022-12-20,silver,0.18366347243057896,163315.0
2022-12-27,silver,0.1972336199461621,153052.0
2023-01-03,silver,0.18698814500887692,157149.0
2023-01-10,silver,0.15850830864356563,155260.0
2023-01-17,silver,0.17400639136235302,161155.0
2023-01-24,silver,0.1281339947332966,163290.0
2023-01-31,silver,0.1512058861117704,164319.0
2023-02-07,silver,0.03793105605214269,159869.0
2023-02-14,silver,0.03498948541893638,157876.0
2023-02-21,silver,0.03694260749475473,150612.0
2023-02-28,silver,-0.04975379133289376,142562.0
2023-03-07,silver,-0.12202887670424839,149186.0
2023-03-14,silver,-0.025369208982399354,148290.0
2023-03-21,silver,0.006008612797124546,147455.0
2023-03-28,silver,0.0762145998240985,142125.0
2023-04-04,silver,0.11622277472707651,167721.0
2023-04-11,silver,0.10710426946768103,179554.0
2023-04-18,silver,0.10972343419771706,198253.0
2023-04-25,silver,0.1420451979952138,177176.0
2023-05-02,silver,0.1559718996481707,173948.0
2023-05-09,silver,0.151469874950521,179369.0
2023-05-16,silver,0.07788212529039958,172607.0
2023-05-23,silver,0.07799625911544654,168944.0
2023-05-30,silver,0.06418975886684279,160119.0
2023-06-06,silver,0.06941133155076987,165679.0
2023-06-13,silver,0.08022955618042195,182439.0
2023-06-20,silver,0.06255673892345504,180652.0
2023-06-27,silver,0.08102367688022284,143600.0
2023-07-03,silver,0.07707153408205226,134719.0
2023-07-11,silver,0.04508617977135265,143015.0
2023-07-18,silver,0.1710050715906862,178445.0
2023-07-25,silver,0.1166133825648415,177664.0
2023-08-01,silver,0.07857214967368002,168393.0
2023-08-08,silver,-0.02308799645651853,162552.0
2023-08-15,silver,-0.04069413683160124,164348.0
2023-08-22,silver,0.00898978847556528,164520.0
2023-08-29,silver,0.11037509472088912,158360.0
2023-09-05,silver,0.09296046287367406,150365.0
2023-09-12,silver,0.008031147830097812,147426.0
2023-09-19,silver,0.015787075504569942,149236.0
2023-09-26,silver,0.040476635578727264,144429.0
2023-10-03,silver,-0.012094478294730917,152797.0
2023-10-10,silver,-0.02607956216513433,156406.0
2023-10-17,silver,0.03217072169181809,155856.0
2023-10-24,silver,0.056678436237554475,157185.0
2023-10-31,silver,0.04314498039751117,153807.0
2023-11-07,silver,0.01420331559245206,157076.0
2023-11-14,silver,0.058793217677226214,163012.0
2023-11-21,silver,0.09898373138672258,168361.0
2023-11-28,silver,0.15475585779934387,167341.0
2023-12-05,silver,0.13820432092063836,165798.0
2023-12-12,silver,0.05649424232256921,157963.0
2023-12-19,silver,0.10510220609673135,154345.0
2023-12-26,silver,0.11338853324984513,150121.0
2024-01-02,silver,0.10366384632380655,153882.0
2024-01-09,silver,0.05192325419086372,151878.0
2024-01-16,silver,0.03912967301090829,154103.0
2024-01-23,silver,-0.019472369538200297,162538.0
2024-01-30,silver,0.03176661672311547,158846.0
2024-02-06,silver,-0.028157408388365057,169902.0
2024-02-13,silver,-0.05448487693952473,176783.0
2024-02-20,silver,0.031027978986832058,172844.0
2024-02-27,silver,-0.025500249278323867,162469.0
2024-03-05,silver,0.09336748190366255,166332.0
2024-03-12,silver,0.15165097693467194,175805.0
2024-03-19,silver,0.19648887641967228,192474.0
2024-03-26,silver,0.15757626384182855,191539.0
2024-04-02,silver,0.16152865517584558,211009.0
2024-04-09,silver,0.1607664134506563,239453.0
2024-04-16,silver,0.16893566653331737,242471.0
2024-04-23,silver,0.1671897229893715,238980.0
2024-04-30,silver,0.15800657112635846,213662.0
2024-05-07,silver,0.16473918890225778,211935.0
2024-05-14,silver,0.18129113471933653,229581.0
2024-05-21,silver,0.1394444855388712,270380.0
2024-05-28,silver,0.15558555650893863,254066.0
2024-06-04,silver,0.14840223343267991,241243.0
2024-06-11,silver,0.12415586594522042,238410.0
2024-06-18,silver,0.136026021707315,236418.0
2024-06-25,silver,0.16080602864189827,205154.0
2024-07-02,silver,0.16648295026326987,195047.0
2024-07-09,silver,0.18966996102051903,209854.0
2024-07-16,silver,0.17849619336240669,216464.0
2024-07-23,silver,0.12767273501016888,202087.0
2024-07-30,silver,0.13026916022636423,191373.0
2024-08-06,silver,0.1301775147928994,191308.0
2024-08-13,silver,0.12608571354315565,192385.0
2024-08-20,silver,0.16421188763099281,194858.0
2024-08-27,silver,0.19812221336238361,178082.0
2024-09-03,silver,0.16058097823452422,165032.0
2024-09-10,silver,0.16627486604101324,162923.0
2024-09-17,silver,0.22832228020095297,185317.0
2024-09-24,silver,0.22857482939215998,201632.0
2024-10-01,silver,0.20227685983081667,189735.0
2024-10-08,silver,0.1867495135611623,186046.0
2024-10-15,silver,0.19061618188255744,186406.0
2024-10-22,silver,0.21095674406795514,224501.0
2024-10-29,silver,0.1968405299571119,209149.0
2024-11-05,silver,0.1651074324054475,200312.0
2024-11-12,silver,0.12539738792357644,191878.0
2024-11-19,silver,0.1398513782078977,185168.0
2024-11-26,silver,0.1436858738473527,161693.0
2024-12-03,silver,0.15313209357833155,162559.0
2024-12-10,silver,0.16653821939517618,184252.0
2024-12-17,silver,0.12433476564039894,177569.0
2024-12-24,silver,0.1169162280178753,176109.0
2024-12-31,silver,0.09527207243939317,176589.0
2025-01-07,silver,0.14309501857905177,178965.0
2025-01-14,silver,0.1603400190383941,179637.0
2025-01-21,silver,0.15388180644086155,192024.0
2025-01-28,silver,0.1367886527476754,192399.0
2025-02-04,silver,0.18048431810059212,207054.0
2025-02-11,silver,0.17803828747606398,196879.0
2025-02-18,silver,0.1899385864273112,207446.0
2025-02-25,silver,0.1761609064066763,187289.0
2025-03-04,silver,0.20039019931803,170682.0
2025-03-11,silver,0.23174103371476845,182294.0
2025-03-18,silver,0.2440205263313115,203446.0
2025-03-25,silver,0.2321136295688218,197343.0
2025-04-01,silver,0.2103102722175711,197085.0
2025-04-08,silver,0.11866782100535685,184810.0
2025-04-15,silver,0.13361244430189803,174602.0
2025-04-22,silver,0.14513133015797325,180347.0
2025-04-29,silver,0.17530810180121054,178269.0
2025-05-06,silver,0.18171659948214855,166457.0
2025-05-13,silver,0.17451129479286748,163084.0
2025-05-20,silver,0.18375215022073596,166262.0
2025-05-27,silver,0.19975593561007124,167169.0
2025-06-03,silver,0.24003998815165878,189056.0
2025-06-10,silver,0.23314475205703308,209282.0
2025-06-17,silver,0.22681075984369758,220598.0
2025-06-24,silver,0.2227422759827797,205107.0
2025-07-01,silver,0.2425698882426124,188086.0
2025-07-08,silver,0.23047892892443167,189193.0
2025-07-15,silver,0.21499645155764383,204315.0
2025-07-22,silver,0.21542041841959986,210124.0
2025-07-29,silver,0.22327806775150957,195420.0
2025-08-05,silver,0.1626803663641966,188228.0
2025-08-12,silver,0.15399917160795257,183488.0
2025-08-19,silver,0.156010188597442,184520.0
2025-08-26,silver,0.18900191737071562,180977.0
2025-09-02,silver,0.21163251408407108,193836.0
2025-09-09,silver,0.19864930256043425,190124.0
2025-09-16,silver,0.18755195702754152,203293.0
2025-09-23,silver,0.18577164901608026,215668.0
2025-09-30,silver,0.17584855780578765,211830.0
2025-10-07,silver,0.13506565095200657,221322.0
2025-10-14,silver,0.10326212853266264,241744.0
2025-10-21,silver,0.07868898388185404,235573.0
2025-10-28,silver,0.10836361205674097,209443.0
2025-11-04,silver,0.09521933472439069,205599.0
2025-11-10,silver,0.10833099398519078,217297.0
2025-11-18,silver,0.09715131713293854,215468.0
2025-11-25,silver,0.10795545972387603,186438.0
2025-12-02,silver,0.10134754951982224,209714.0
2025-12-09,silver,0.1280082721765707,218564.0
2025-12-16,silver,0.10805053653937662,224867.0
2025-12-23,silver,0.10631406843767681,224467.0
2025-12-30,silver,0.06949300882324613,238801.0
2026-01-06,silver,0.07510942291905043,235097.0
2026-01-13,silver,0.06341037831276553,237264.0
2026-01-20,silver,0.04641575004507975,244012.0
2026-01-27,silver,0.03193310421819933,228415.0
2026-02-03,silver,0.021378384553867244,210072.0
2026-02-10,silver,0.02281173971232829,200993.0
2026-02-17,silver,0.03100463056170727,198680.0
2026-02-24,silver,0.04725029453729523,168909.0
2026-03-03,silver,0.046776070912370016,156362.0
2026-03-10,silver,0.061267450288343364,158665.0
2026-03-17,silver,0.06005061787379105,154886.0
2026-03-24,silver,0.0699666032063486,156003.0
2026-03-31,silver,0.07451345113843823,145155.0
2026-04-07,silver,0.06958432394590736,144271.0
2026-04-14,silver,0.07484754031711614,147580.0
2026-04-21,silver,0.06132587892584571,144523.0
2026-04-28,silver,0.08905704789769008,120653.0
2026-05-05,silver,0.09305945394233223,117570.0
2026-05-12,silver,0.12209096323324312,132647.0
2026-05-19,silver,0.0932184582217079,126166.0
2026-05-26,silver,0.08477044785012082,120844.0
2026-06-02,silver,0.0857039586636327,121733.0
2026-06-09,silver,0.07758852887586153,126230.0
2026-06-16,silver,0.09315212274162056,129573.0
2026-06-23,silver,0.0869328561309324,134115.0
2026-06-30,silver,0.10037007874015748,127000.0
2026-07-07,silver,0.09845312297104272,123216.0
2026-07-14,silver,0.08364163946318462,124065.0
2026-07-21,silver,0.07876750082681072,126994.0
2026-07-28,silver,0.06909420439098736,121385.0
2026-08-04,silver,0.08604416109469756,128620.0
2026-08-11,silver,0.07644294207475277,134898.0
2026-08-18,silver,0.07781133929732777,138386.0
2026-08-25,silver,0.09605614585147768,137784.0
2026-09-01,silver,0.10156308678344614,119827.0
2026-09-08,silver,0.1180742961852407,120060.0
2026-09-15,silver,0.10425538938958767,121164.0
2026-09-22,silver,0.10622184500881374,122536.0
2026-09-29,silver,0.06426216438424423,120413.0
2006-06-13,ust10,0.02145136771360246,1912279.0
2006-06-20,ust10,0.006589187209595093,2097072.0
2006-06-27,ust10,0.012644666062695159,2194364.0
2006-07-03,ust10,0.004505118048134788,2136459.0
2006-07-11,ust10,0.01790786143943716,2112145.0
2006-07-18,ust10,0.011500558328032349,2101811.0
2006-07-25,ust10,0.05682923598286982,2023096.0
2006-08-01,ust10,0.07772622247727204,2118976.0
2006-08-08,ust10,0.09584319472764347,2197120.0
2006-08-15,ust10,0.12289207914264057,2259869.0
2006-08-22,ust10,0.14554510811929725,2314018.0
2006-08-29,ust10,0.18198554540727482,2348181.0
2006-09-05,ust10,0.19528916070120061,2270848.0
2006-09-12,ust10,0.19719892372004566,2270413.0
2006-09-19,ust10,0.19713615432601006,2318002.0
2006-09-26,ust10,0.20945951173337157,2197365.0
2006-10-03,ust10,0.2150212238672907,2241109.0
2006-10-10,ust10,0.1783029101717806,2347937.0
2006-10-17,ust10,0.16686836520663215,2434326.0
2006-10-24,ust10,0.16522542181226813,2518656.0
2006-10-31,ust10,0.1653359927476545,2413564.0
2006-11-07,ust10,0.12444684752299096,2387678.0
2006-11-14,ust10,0.13808609652116827,2371687.0
2006-11-21,ust10,0.15893897806715918,2300386.0
2006-11-28,ust10,0.12982661406535695,2560646.0
2006-12-05,ust10,0.14786756416339444,2269869.0
2006-12-12,ust10,0.14283401839550922,2248701.0
2006-12-19,ust10,0.12111310514167678,2247263.0
2006-12-26,ust10,0.1171199331180446,2143478.0
2007-01-03,ust10,0.09071396389711293,2257271.0
2007-01-09,ust10,0.09299143184784725,2296061.0
2007-01-16,ust10,0.07414903332328224,2314838.0
2007-01-23,ust10,0.06109411609253423,2399069.0
2007-01-30,ust10,0.02710751241541725,2412726.0
2007-02-06,ust10,0.05839261363876235,2368690.0
2007-02-13,ust10,0.03976131877126206,2453314.0
2007-02-20,ust10,0.06846392818383347,2333068.0
2007-02-27,ust10,0.09037665810840975,2320566.0
2007-03-06,ust10,0.11885477099439434,2164423.0
2007-03-13,ust10,0.14268181694663976,2244799.0
2007-03-20,ust10,0.16034917441427557,2307271.0
2007-03-27,ust10,0.1606880380620336,2407018.0
2007-04-03,ust10,0.17442136724114174,2525436.0
2007-04-10,ust10,0.16596010697431177,2554632.0
2007-04-17,ust10,0.16239823844850101,2591352.0
2007-04-24,ust10,0.17448766564293972,2619188.0
2007-05-01,ust10,0.15941243156968332,2681560.0
2007-05-08,ust10,0.1571755106586789,2765399.0
2007-05-15,ust10,0.15032377570339628,2930887.0
2007-05-22,ust10,0.143781012328366,2977848.0
2007-05-29,ust10,0.12299652373028755,2986247.0
2007-06-05,ust10,0.09963998613811963,2784615.0
2007-06-12,ust10,0.0928439131623054,2952773.0
2007-06-19,ust10,0.08417152225064009,2892546.0
2007-06-26,ust10,0.12216500406644379,2789907.0
2007-07-03,ust10,0.11836918280590486,2783537.0
2007-07-10,ust10,0.127701725823121,2852436.0
2007-07-17,ust10,0.1334754203407302,2871480.0
2007-07-24,ust10,0.12745760590923907,2812951.0
2007-07-31,ust10,0.16155754337042919,2945613.0
2007-08-07,ust10,0.1830632435424125,3058921.0
2007-08-14,ust10,0.19755822526335903,2920253.0
2007-08-21,ust10,0.13282390017018886,2793955.0
2007-08-28,ust10,0.13901506166633035,2542149.0
2007-09-04,ust10,0.1176693350816052,2318480.0
2007-09-11,ust10,0.11476102827089611,2304101.0
2007-09-18,ust10,0.07875636228519013,2228366.0
2007-09-25,ust10,0.059089065947201556,2271317.0
2007-10-02,ust10,0.07472489627579208,2392643.0
2007-10-09,ust10,0.04895199304659653,2451749.0
2007-10-16,ust10,0.03864257540141042,2509900.0
2007-10-23,ust10,0.04155050279573787,2562472.0
2007-10-30,ust10,0.059561737860360654,2541447.0
2007-11-06,ust10,0.07141079443543334,2680029.0
2007-11-13,ust10,0.06317566452946805,2727870.0
2007-11-20,ust10,0.09990285945159386,2534472.0
2007-11-27,ust10,0.08994984078516406,2637003.0
2007-12-04,ust10,0.1268282752541419,2544543.0
2007-12-11,ust10,0.11887795292666535,2420861.0
2007-12-18,ust10,0.10736801766358464,2254582.0
2007-12-24,ust10,0.10534297381404732,2178038.0
2007-12-31,ust10,0.09115460236389523,2123952.0
2008-01-08,ust10,0.04292167228133781,2290428.0
2008-01-15,ust10,0.0369668987928677,2454412.0
2008-01-22,ust10,0.048114929318111656,2571946.0
2008-01-29,ust10,0.007287596046137582,2539795.0
2008-02-05,ust10,-0.0004935291762722356,2575329.0
2008-02-12,ust10,0.003037352554434376,2586463.0
2008-02-19,ust10,-0.005074830534619273,2573682.0
2008-02-26,ust10,0.021800253397181866,2470430.0
2008-03-04,ust10,0.0345074692685078,2358330.0
2008-03-11,ust10,-0.0038839980459811304,2204687.0
2008-03-18,ust10,-0.04120189737711489,2190603.0
2008-03-25,ust10,-0.06579221449319676,2093120.0
2008-04-01,ust10,-0.07537620781747828,2072126.0
2008-04-08,ust10,-0.07277492720405399,2045787.0
2008-04-15,ust10,-0.07327760678799729,2094992.0
2008-04-22,ust10,-0.08414292344100857,2081506.0
2008-04-29,ust10,-0.04047092956553838,2083199.0
2008-05-06,ust10,-0.041548193627658235,2116867.0
2008-05-13,ust10,-0.028191915397319307,2116245.0
2008-05-20,ust10,0.0017409247729724424,2170111.0
2008-05-27,ust10,-0.013266970904394902,2175930.0
2008-06-03,ust10,0.006790073409329402,2158445.0
2008-06-10,ust10,-0.01814389292567079,2034624.0
2008-06-17,ust10,-0.011527115004994863,1965019.0
2008-06-24,ust10,-0.003499539091508083,1901679.0
2008-07-01,ust10,0.010330496927301928,1848701.0
2008-07-08,ust10,0.0009881589059312855,1843833.0
2008-07-15,ust10,-0.019438104677007198,1809127.0
2008-07-22,ust10,-0.037479737151879355,1779735.0
2008-07-29,ust10,-0.04746935228665484,1766445.0
2008-08-05,ust10,-0.029450751166656488,1817373.0
2008-08-12,ust10,-0.04294346183566584,1863520.0
2008-08-19,ust10,-0.045508541155513726,1904192.0
2008-08-26,ust10,0.016608970102280785,1780002.0
2008-09-02,ust10,0.03886183896378806,1798937.0
2008-09-09,ust10,0.015837271957598997,1711469.0
2008-09-16,ust10,-0.013497476513323092,1723211.0
2008-09-23,ust10,-0.009327500723231965,1596998.0
2008-09-30,ust10,-0.022687795658050347,1515264.0
2008-10-07,ust10,0.039990575626487966,1460044.0
2008-10-14,ust10,0.0006509103577256642,1418014.0
2008-10-21,ust10,0.008836558860648568,1363653.0
2008-10-28,ust10,-0.014918868997743133,1308008.0
2008-11-04,ust10,0.01584555910003339,1242935.0
2008-11-11,ust10,0.014048704107324946,1241538.0
2008-11-18,ust10,0.0008021154981104637,1226756.0
2008-11-25,ust10,0.05850248672208292,1255468.0
2008-12-02,ust10,0.028475253107413185,1120868.0
2008-12-09,ust10,0.02908599631342791,1096954.0
2008-12-16,ust10,0.025740704594252303,1101485.0
2008-12-22,ust10,0.027645515360258714,1050731.0
2008-12-30,ust10,0.03967541897172823,1034318.0
2009-01-06,ust10,0.0319153854600304,1038214.0
2009-01-13,ust10,0.022122277098936903,1026341.0
2009-01-20,ust10,-0.0008084198412888686,1042775.0
2009-01-27,ust10,0.02461502962354682,1031443.0
2009-02-03,ust10,-0.0009660849873950249,1068229.0
2009-02-10,ust10,0.008691316078365941,1054846.0
2009-02-17,ust10,0.0006582568570766831,1066453.0
2009-02-24,ust10,-0.03159031954940102,888595.0
2009-03-03,ust10,-0.0696627364076871,996372.0
2009-03-10,ust10,-0.06893720119282884,958394.0
2009-03-17,ust10,-0.09254279792215768,976975.0
2009-03-24,ust10,-0.07561228043024065,1033840.0
2009-03-31,ust10,-0.05726944881678416,1043174.0
2009-04-07,ust10,-0.0905169465309052,979463.0
2009-04-14,ust10,-0.06742337795613283,1044608.0
2009-04-21,ust10,-0.0987956996044932,1012372.0
2009-04-28,ust10,-0.07408132804743799,1036469.0
2009-05-05,ust10,-0.07754686071875977,1027353.0
2009-05-12,ust10,-0.05128782512564418,1127987.0
2009-05-19,ust10,-0.07346592754859366,1151282.0
2009-05-26,ust10,-0.09813106778157507,1216363.0
2009-06-02,ust10,-0.10672906044591375,1159731.0
2009-06-09,ust10,-0.0906613253994343,1076898.0
2009-06-16,ust10,-0.09845306138930798,1089636.0
2009-06-23,ust10,-0.09601773858277488,1031424.0
2009-06-30,ust10,-0.11888117347959537,1024645.0
2009-07-07,ust10,-0.08612271433446643,1049038.0
2009-07-14,ust10,-0.11498853526199761,1040582.0
2009-07-21,ust10,-0.0752073205604804,1059591.0
2009-07-28,ust10,-0.07446105520969286,1092598.0
2009-08-04,ust10,-0.128530383791852,1079309.0
2009-08-11,ust10,-0.09242773931201231,1155573.0
2009-08-18,ust10,-0.0693618205104876,1143064.0
2009-08-25,ust10,-0.036475042044121594,1132144.0
2009-09-01,ust10,-0.060699764475755515,1157418.0
2009-09-08,ust10,-0.04009013781541335,1123169.0
2009-09-15,ust10,-0.027774554458611822,1094455.0
2009-09-22,ust10,-0.004789825601680465,1117786.0
2009-09-29,ust10,0.01858637155410734,1153910.0
2009-10-06,ust10,-0.0014722673159080018,1237547.0
2009-10-13,ust10,-0.04702786780450159,1253023.0
2009-10-20,ust10,-0.02887615354254246,1276936.0
2009-10-27,ust10,-0.050608712908682664,1249686.0
2009-11-03,ust10,-0.047419543104885775,1247376.0
2009-11-09,ust10,-0.042995369527728845,1296628.0
2009-11-17,ust10,-0.04798848882739129,1358680.0
2009-11-24,ust10,-0.009394196464374085,1359137.0
2009-12-01,ust10,-0.0058253241873142785,1358551.0
2009-12-08,ust10,0.01664170695180905,1229982.0
2009-12-15,ust10,-0.01647539425537837,1178424.0
2009-12-22,ust10,-0.024131750326473828,1171610.0
2009-12-29,ust10,-0.0433100714416939,1159407.0
2010-01-05,ust10,-0.07741308554925071,1217404.0
2010-01-12,ust10,-0.10298937831752997,1253003.0
2010-01-19,ust10,-0.14212595806614423,1277965.0
2010-01-26,ust10,-0.1535519826773178,1332819.0
2010-02-02,ust10,-0.15894307061976956,1404635.0
2010-02-09,ust10,-0.14948904240029892,1410391.0
2010-02-16,ust10,-0.13437160044742386,1433093.0
2010-02-23,ust10,-0.09733138105588204,1404172.0
2010-03-02,ust10,-0.1026092381737561,1391249.0
2010-03-09,ust10,-0.11279834475952549,1353761.0
2010-03-16,ust10,-0.12391080871101962,1433862.0
2010-03-23,ust10,-0.17379061914501834,1490184.0
2010-03-30,ust10,-0.2333310272985734,1503302.0
2010-04-06,ust10,-0.20466938643615948,1559691.0
2010-04-13,ust10,-0.22092711618624641,1671592.0
2010-04-20,ust10,-0.23687362185741614,1671634.0
2010-04-27,ust10,-0.204413590904572,1699931.0
2010-05-04,ust10,-0.21741331635565725,1702628.0
2010-05-11,ust10,-0.21675289075761667,1803247.0
2010-05-18,ust10,-0.2343619602706295,1868089.0
2010-05-25,ust10,-0.23130207832286265,1839897.0
2010-06-01,ust10,-0.20081292425339825,1899808.0
2010-06-08,ust10,-0.22920322939743143,1807396.0
2010-06-15,ust10,-0.21042611060743427,1764800.0
2010-06-22,ust10,-0.20298669779226244,1706634.0
2010-06-29,ust10,-0.22131224208269237,1699915.0
2010-07-06,ust10,-0.17242458591062498,1722092.0
2010-07-13,ust10,-0.15487376540574388,1756650.0
2010-07-20,ust10,-0.16588496895083657,1843850.0
2010-07-27,ust10,-0.14596667090617602,1831973.0
2010-08-03,ust10,-0.19399897449569692,1807891.0
2010-08-10,ust10,-0.19346667655066582,1983003.0
2010-08-17,ust10,-0.1940466640495656,1992026.0
2010-08-24,ust10,-0.17271325071403895,2055210.0
2010-08-31,ust10,-0.12255703456158605,1951010.0
2010-09-07,ust10,-0.13322654040128265,1767283.0
2010-09-14,ust10,-0.11674327483692201,1663008.0
2010-09-21,ust10,-0.07905648961954288,1649542.0
2010-09-28,ust10,-0.11669437877514496,1653910.0
2010-10-05,ust10,-0.10730423186802628,1706764.0
2010-10-12,ust10,-0.11516674548165229,1689611.0
2010-10-19,ust10,-0.05573629515395342,1597756.0
2010-10-26,ust10,-0.05924978827809862,1514959.0
2010-11-02,ust10,-0.03436695406302081,1550472.0
2010-11-09,ust10,-0.07828204450268801,1565838.0
2010-11-16,ust10,-0.03473602015774485,1523980.0
2010-11-23,ust10,-0.0028392354852296102,1476806.0
2010-11-30,ust10,-0.056574322346812984,1353052.0
2010-12-07,ust10,-0.01010926930796105,1318394.0
2010-12-14,ust10,-0.009027690890797812,1350733.0
2010-12-21,ust10,-0.04800950586888569,1355794.0
2010-12-28,ust10,-0.04730119532300094,1334702.0
2011-01-04,ust10,-0.038611461119585,1357110.0
2011-01-11,ust10,-0.023799612154468595,1350022.0
2011-01-18,ust10,-0.05560794121349304,1326699.0
2011-01-25,ust10,-0.014800327972174888,1370848.0
2011-02-01,ust10,-0.04610936657839852,1365536.0
2011-02-08,ust10,0.0009582567690156566,1506903.0
2011-02-15,ust10,-0.052804218245575865,1562735.0
2011-02-22,ust10,-0.05591615782455933,1590703.0
2011-03-01,ust10,0.0025355645760104183,1477383.0
2011-03-08,ust10,0.03585096854162331,1547378.0
2011-03-15,ust10,-0.0061775269625657875,1598698.0
2011-03-22,ust10,0.04397216499048228,1594395.0
2011-03-29,ust10,0.07491160580972649,1568542.0
2011-04-05,ust10,0.020482467314449665,1605373.0
2011-04-12,ust10,0.04951517349776327,1654200.0
2011-04-19,ust10,0.0547033544962352,1626116.0
2011-04-26,ust10,0.0630821432207101,1660137.0
2011-05-03,ust10,0.051345454886860674,1704182.0
2011-05-10,ust10,0.024270852482863904,1751566.0
2011-05-17,ust10,-0.03222681153719642,1894013.0
2011-05-24,ust10,-0.0028944818568731466,1943353.0
2011-05-31,ust10,-0.022572696458835074,1973136.0
2011-06-07,ust10,-0.05472203090396092,1819249.0
2011-06-14,ust10,-0.04955489419723628,1830576.0
2011-06-21,ust10,-0.0345059876612016,1857069.0
2011-06-28,ust10,-0.052590363814489116,1805673.0
2011-07-05,ust10,-0.029893742246312374,1764483.0
2011-07-12,ust10,-0.025426712843953283,1814745.0
2011-07-19,ust10,-0.04225169040692439,1915663.0
2011-07-26,ust10,0.01043346495739537,1900615.0
2011-08-02,ust10,-0.048798365339005424,1863628.0
2011-08-09,ust10,-0.04624100525121748,1888324.0
2011-08-16,ust10,-0.08396283221485362,1971277.0
2011-08-23,ust10,-0.06492460441476412,1945472.0
2011-08-30,ust10,-0.0446928207366258,2011822.0
2011-09-06,ust10,-0.03481114427680419,1766216.0
2011-09-13,ust10,-0.0207900611119428,1649923.0
2011-09-20,ust10,0.0005296965094276406,1566935.0
2011-09-27,ust10,-0.01638555859098984,1555333.0
2011-10-04,ust10,-0.009677348215461169,1496381.0
2011-10-11,ust10,0.04577988189114861,1535194.0
2011-10-18,ust10,0.04852774567518391,1494341.0
2011-10-25,ust10,0.0732178852362236,1504168.0
2011-11-01,ust10,0.027658662535146927,1453541.0
2011-11-08,ust10,0.04071161126890718,1484687.0
2011-11-15,ust10,0.01582782119040671,1480368.0
2011-11-22,ust10,0.05313599266246966,1522038.0
2011-11-29,ust10,0.05575276447643762,1556443.0
2011-12-06,ust10,0.07951880019901912,1406900.0
2011-12-13,ust10,0.07654835890130007,1452990.0
2011-12-20,ust10,0.04215977896735372,1464761.0
2011-12-27,ust10,0.022770852333322943,1475878.0
2012-01-03,ust10,0.06409910547585533,1497556.0
2012-01-10,ust10,0.0900157633508742,1578979.0
2012-01-17,ust10,0.06761755112701841,1688393.0
2012-01-24,ust10,0.10863817420342366,1708405.0
2012-01-31,ust10,0.06930281629855474,1763911.0
2012-02-07,ust10,0.10955382249401328,1792717.0
2012-02-14,ust10,0.10264662694803899,1803352.0
2012-02-21,ust10,0.11225273557845533,1882600.0
2012-02-28,ust10,0.12392768794029295,1901149.0
2012-03-06,ust10,0.1592979590167595,1858467.0
2012-03-13,ust10,0.11200703872411988,1795780.0
2012-03-20,ust10,0.12714161944824406,1786732.0
2012-03-27,ust10,0.10194845651178205,1757545.0
2012-04-03,ust10,0.07643221813739613,1735420.0
2012-04-10,ust10,0.04856146641072692,1773855.0
2012-04-17,ust10,0.00923087103249002,1813480.0
2012-04-24,ust10,0.04840963401279282,1819927.0
2012-05-01,ust10,0.03186960144174345,1832781.0
2012-05-08,ust10,0.01297450521134578,1884542.0
2012-05-15,ust10,-0.03196949660907328,1906411.0
2012-05-22,ust10,-0.023717586917658524,2010955.0
2012-05-29,ust10,-0.043688651370773164,2147766.0
2012-06-05,ust10,-0.03421611485490382,1875549.0
2012-06-12,ust10,-0.06568889923563419,1804110.0
2012-06-19,ust10,-0.010948598136152482,1759586.0
2012-06-26,ust10,-0.04098653057232122,1738010.0
2012-07-03,ust10,-0.06659060486080125,1770490.0
2012-07-10,ust10,-0.07115168800328937,1797301.0
2012-07-17,ust10,-0.05020949267676586,1803643.0
2012-07-24,ust10,-0.01784327265696213,1810150.0
2012-07-31,ust10,0.03261674724609515,1757686.0
2012-08-07,ust10,0.012872178452317657,1655120.0
2012-08-14,ust10,0.03359806114387172,1647982.0
2012-08-21,ust10,0.09939633708791933,1631871.0
2012-08-28,ust10,0.10493557538511769,1604899.0
2012-09-04,ust10,0.14314091229938225,1585291.0
2012-09-11,ust10,0.1682288980984575,1570830.0
2012-09-18,ust10,0.1537060685833697,1593535.0
2012-09-25,ust10,0.16123824034679496,1606021.0
2012-10-02,ust10,0.2085303191479947,1694919.0
2012-10-09,ust10,0.19861164789485714,1671478.0
2012-10-16,ust10,0.20227746338027583,1680993.0
2012-10-23,ust10,0.19682811207856762,1694133.0
2012-10-30,ust10,0.19200153678773765,1702252.0
2012-11-06,ust10,0.17608528385073083,1694764.0
2012-11-13,ust10,0.19803298197891875,1764600.0
2012-11-20,ust10,0.2027237479806139,1857000.0
2012-11-27,ust10,0.22510894392139705,1848887.0
2012-12-04,ust10,0.2549691291638605,1701606.0
2012-12-11,ust10,0.2196130878147951,1727989.0
2012-12-18,ust10,0.23214735657248084,1698628.0
2012-12-24,ust10,0.2666539128072221,1604743.0
2012-12-31,ust10,0.2563240140373608,1617683.0
2013-01-08,ust10,0.2799073210538587,1715600.0
2013-01-15,ust10,0.2780195298323902,1785576.0
2013-01-22,ust10,0.290814941873162,1886564.0
2013-01-29,ust10,0.23920852973054724,1983650.0
2013-02-05,ust10,0.2285512396006942,2032227.0
2013-02-12,ust10,0.22048498779307213,2030814.0
2013-02-19,ust10,0.21344301383156405,2087761.0
2013-02-26,ust10,0.2539333474885127,2175882.0
2013-03-05,ust10,0.26479335728166775,2122625.0
2013-03-12,ust10,0.2571572827213521,2101426.0
2013-03-19,ust10,0.23851301065868905,2108233.0
2013-03-26,ust10,0.2555441976068675,2176645.0
2013-04-02,ust10,0.2725035237991977,2213520.0
2013-04-09,ust10,0.2494645238640497,2226990.0
2013-04-16,ust10,0.2532750204060614,2213803.0
2013-04-23,ust10,0.24989876929068736,2264629.0
2013-04-30,ust10,0.2611707780479003,2208463.0
2013-05-07,ust10,0.26883221968156806,2271506.0
2013-05-14,ust10,0.2428652859096822,2331523.0
2013-05-21,ust10,0.23981292660819845,2353301.0
2013-05-28,ust10,0.214530855273872,2493026.0
2013-06-04,ust10,0.2369735088103092,2198731.0
2013-06-11,ust10,0.23235119361627693,2160996.0
2013-06-18,ust10,0.24956641647104916,2087833.0
2013-06-25,ust10,0.24800696966180782,2102828.0
2013-07-02,ust10,0.24090282922011255,2154516.0
2013-07-09,ust10,0.2449437526156875,2226948.0
2013-07-16,ust10,0.2434770714681571,2120175.0
2013-07-23,ust10,0.23436477821365617,2211881.0
2013-07-30,ust10,0.2537725488974845,2312031.0
2013-08-06,ust10,0.2563396391494084,2343075.0
2013-08-13,ust10,0.2662677351139073,2332731.0
2013-08-20,ust10,0.2794358209252734,2307707.0
2013-08-27,ust10,0.20543126837188408,2261608.0
2013-09-03,ust10,0.17380404866128477,2151279.0
2013-09-10,ust10,0.17647094991567006,2114314.0
2013-09-17,ust10,0.15577646729588082,1968911.0
2013-09-24,ust10,0.16769029916617742,1948616.0
2013-10-01,ust10,0.15482756022822844,1951203.0
2013-10-08,ust10,0.13475322703498446,1970617.0
2013-10-15,ust10,0.14796941923971363,2079085.0
2013-10-22,ust10,0.10690899781243643,2187365.0
2013-10-29,ust10,0.14557144539424943,2156934.0
2013-11-05,ust10,0.13004709708572776,2275937.0
2013-11-12,ust10,0.1169068742187892,2292115.0
2013-11-19,ust10,0.14679653701532366,2374368.0
2013-11-26,ust10,0.14300441297146402,2477469.0
2013-12-03,ust10,0.1482498722274786,2459449.0
2013-12-10,ust10,0.17380782576644835,2292555.0
2013-12-17,ust10,0.17075085592493816,2188276.0
2013-12-24,ust10,0.18266134547914717,2163928.0
2013-12-31,ust10,0.14067809869724412,2211389.0
2014-01-07,ust10,0.1570425938387748,2214170.0
2014-01-14,ust10,0.17336177908518208,2197399.0
2014-01-21,ust10,0.204484902607363,2232869.0
2014-01-28,ust10,0.2219746378596715,2334109.0
2014-02-04,ust10,0.14811474112816267,2382511.0
2014-02-11,ust10,0.12514651803467988,2410966.0
2014-02-18,ust10,0.162408005175249,2430028.0
2014-02-25,ust10,0.1898918983859149,2513746.0
2014-03-04,ust10,0.16174424101538581,2407282.0
2014-03-11,ust10,0.18729600449613862,2412737.0
2014-03-18,ust10,0.18415783424013005,2441194.0
2014-03-25,ust10,0.19244160789380493,2490662.0
2014-04-01,ust10,0.2212611682915569,2503964.0
2014-04-08,ust10,0.20123447094491145,2572114.0
2014-04-15,ust10,0.15004442714608743,2497347.0
2014-04-22,ust10,0.16174087964760198,2493544.0
2014-04-29,ust10,0.17287825658137998,2528687.0
2014-05-06,ust10,0.18116200780222153,2618485.0
2014-05-13,ust10,0.17168176601500418,2735107.0
2014-05-20,ust10,0.14950744191984117,2796523.0
2014-05-27,ust10,0.1748382720816378,2841037.0
2014-06-03,ust10,0.1764734374206858,2580717.0
2014-06-10,ust10,0.16572381471003209,2594787.0
2014-06-17,ust10,0.14265272274734475,2601086.0
2014-06-24,ust10,0.16492457063283306,2585200.0
2014-07-01,ust10,0.12700471082075218,2603368.0
2014-07-08,ust10,0.1314853903053722,2686230.0
2014-07-15,ust10,0.1114068315093152,2625979.0
2014-07-22,ust10,0.11130162390839717,2723060.0
2014-07-29,ust10,0.11240569736922067,2764504.0
2014-08-05,ust10,0.1098475119672466,2814975.0
2014-08-12,ust10,0.08457930076292616,2844443.0
2014-08-19,ust10,0.04648594235208021,2892767.0
2014-08-26,ust10,0.04722735198687434,2854257.0
2014-09-02,ust10,0.009011134297612525,2721411.0
2014-09-09,ust10,0.010637869597149307,2757225.0
2014-09-16,ust10,-0.005511873202098257,2659350.0
2014-09-23,ust10,0.002956297812475471,2649936.0
2014-09-30,ust10,-0.03591173876220282,2731029.0
2014-10-07,ust10,-0.01200460159165452,2708628.0
2014-10-14,ust10,-0.07866655531071523,2801826.0
2014-10-21,ust10,-0.07655278571151178,2832490.0
2014-10-28,ust10,-0.03436035514613082,2726427.0
2014-11-04,ust10,-0.07006385306568426,2767604.0
2014-11-11,ust10,-0.07238918400583391,2786466.0
2014-11-18,ust10,-0.0805952961008512,2902018.0
2014-11-25,ust10,-0.07061975411633394,3032735.0
2014-12-02,ust10,-0.08782698769119689,2670284.0
2014-12-09,ust10,-0.060572009382092014,2628838.0
2014-12-16,ust10,-0.053836597822551784,2693428.0
2014-12-23,ust10,-0.018854132543209723,2585587.0
2014-12-30,ust10,-0.03691287654291152,2606841.0
2015-01-06,ust10,-0.04340101256800243,2671228.0
2015-01-13,ust10,-0.04639996979057762,2701144.0
2015-01-20,ust10,-0.034733059624479375,2693860.0
2015-01-27,ust10,-0.012248166571474631,2673543.0
2015-02-03,ust10,-0.0063387819068089326,2624479.0
2015-02-10,ust10,0.04322722854843994,2557786.0
2015-02-17,ust10,0.023205322669076715,2593586.0
2015-02-24,ust10,-0.01673842545116547,2667037.0
2015-03-03,ust10,-0.05591695443223015,2602234.0
2015-03-10,ust10,-0.06989633790975187,2616675.0
2015-03-17,ust10,-0.07217860197913303,2629131.0
2015-03-24,ust10,-0.06682215157318859,2805417.0
2015-03-31,ust10,-0.06600117138538905,2767663.0
2015-04-07,ust10,-0.08867676822539979,2798512.0
2015-04-14,ust10,-0.07486177123334609,2813452.0
2015-04-21,ust10,-0.11416936481501833,2838984.0
2015-04-28,ust10,-0.11141823873587442,2841743.0
2015-05-05,ust10,-0.12503081619520373,2851585.0
2015-05-12,ust10,-0.07737840559014894,2825685.0
2015-05-19,ust10,-0.09358654917874719,2872806.0
2015-05-26,ust10,-0.09160037020775384,3186319.0
2015-06-02,ust10,-0.10286530736146889,2819872.0
2015-06-09,ust10,-0.05028589656168072,2777578.0
2015-06-16,ust10,-0.10298048577509895,2670001.0
2015-06-23,ust10,-0.08892217870353376,2718883.0
2015-06-30,ust10,-0.10401117001163789,2718708.0
2015-07-07,ust10,-0.12680072761193345,2725079.0
2015-07-14,ust10,-0.1242845568099438,2696755.0
2015-07-21,ust10,-0.11416447397549088,2732943.0
2015-07-28,ust10,-0.09340224620807658,2798316.0
2015-08-04,ust10,-0.14410162954510783,2923638.0
2015-08-11,ust10,-0.12350373593670488,2977165.0
2015-08-18,ust10,-0.14424101969872538,2955775.0
2015-08-25,ust10,-0.12915139274076615,3025581.0
2015-09-01,ust10,-0.12959175304785642,2804430.0
2015-09-08,ust10,-0.14282426549187627,2776552.0
2015-09-15,ust10,-0.1520797114421195,2731653.0
2015-09-22,ust10,-0.12339898236687429,2644568.0
2015-09-29,ust10,-0.13131750385580682,2753639.0
2015-10-06,ust10,-0.13887649389733192,2769936.0
2015-10-13,ust10,-0.13716759050356747,2794144.0
2015-10-20,ust10,-0.11906872303965017,2775372.0
2015-10-27,ust10,-0.07238352268605174,2756760.0
2015-11-03,ust10,-0.09314016745474203,2697923.0
2015-11-10,ust10,-0.06312454591556081,2606894.0
2015-11-17,ust10,-0.09333833096636392,2654590.0
2015-11-24,ust10,-0.09685645152181688,2762356.0
2015-12-01,ust10,-0.10080990848702967,2780808.0
2015-12-08,ust10,-0.08265749230464521,2686036.0
2015-12-15,ust10,-0.08771105893738716,2595602.0
2015-12-22,ust10,-0.07821368677435932,2496673.0
2015-12-29,ust10,-0.080132541664539,2487067.0
2016-01-05,ust10,-0.09495814731592414,2534485.0
2016-01-12,ust10,-0.09192788744804943,2651078.0
2016-01-19,ust10,-0.08424853429953069,2804120.0
2016-01-26,ust10,-0.07496808674307368,2885948.0
2016-02-02,ust10,-0.09566908449533858,2984496.0
2016-02-09,ust10,-0.10371871817435756,3034110.0
2016-02-16,ust10,-0.11217736019564517,3144877.0
2016-02-23,ust10,-0.06416734083061967,3086539.0
2016-03-01,ust10,-0.09084646647075384,2909117.0
2016-03-08,ust10,-0.062080665095413975,2801162.0
2016-03-15,ust10,-0.039782755619520875,2673671.0
2016-03-22,ust10,-0.007742584633777762,2629742.0
2016-03-29,ust10,-0.03439043479997573,2653703.0
2016-04-05,ust10,-0.07973560648988874,2689476.0
2016-04-12,ust10,-0.04818140346557954,2762020.0
2016-04-19,ust10,-0.02173391642073384,2805983.0
2016-04-26,ust10,-0.0032113610951928517,2678615.0
2016-05-03,ust10,0.009042358028256712,2662801.0
2016-05-10,ust10,0.004845599357645144,2756109.0
2016-05-17,ust10,-0.023194807539526265,2780493.0
2016-05-24,ust10,-0.019767566924988537,2826448.0
2016-05-31,ust10,-0.03397751051318392,2618379.0
2016-06-07,ust10,-0.017387027918193732,2706443.0
2016-06-14,ust10,-0.03320684286490352,2746452.0
2016-06-21,ust10,-0.035892415183710266,2812962.0
2016-06-28,ust10,-0.02841939586352278,2819694.0
2016-07-05,ust10,-0.0004414874391309421,2810952.0
2016-07-12,ust10,0.009081241137709566,2877360.0
2016-07-19,ust10,-0.0037152471453235827,2795238.0
2016-07-26,ust10,-0.009172748474230153,2757952.0
2016-08-02,ust10,-0.03283959657583412,2769492.0
2016-08-09,ust10,-0.0070794881045203985,2835657.0
2016-08-16,ust10,-0.008236072649410535,2846988.0
2016-08-23,ust10,0.02696567555819823,2813651.0
2016-08-30,ust10,0.026744737593256955,2858768.0
2016-09-06,ust10,0.039374670432389215,2865497.0
2016-09-13,ust10,-0.013516718378288056,2854613.0
2016-09-20,ust10,-0.009419768596381026,2763656.0
2016-09-27,ust10,-0.016817274418248297,2819244.0
2016-10-04,ust10,-0.040874307837878696,2857712.0
2016-10-11,ust10,-0.037268386417092875,2868517.0
2016-10-18,ust10,-0.03686790634641606,2880744.0
2016-10-25,ust10,-0.03856242974254928,2917840.0
2016-11-01,ust10,-0.024750851009778085,2916829.0
2016-11-08,ust10,-0.02960777380513313,2890322.0
2016-11-15,ust10,0.03940803934739579,3017633.0
2016-11-22,ust10,0.05871160589396233,3131340.0
2016-11-29,ust10,-0.03281269840425638,3008378.0
2016-12-06,ust10,-0.015684581334258724,2973876.0
2016-12-13,ust10,-0.03147628862830811,3012331.0
2016-12-20,ust10,-0.02942153396708659,3058814.0
2016-12-27,ust10,-0.0626983730616118,3043508.0
2017-01-03,ust10,-0.04975598665870943,3096552.0
2017-01-10,ust10,-0.050457950204961466,3104486.0
2017-01-17,ust10,-0.04984644170195638,3095567.0
2017-01-24,ust10,-0.03214497330474204,3162734.0
2017-01-31,ust10,-0.0398326073099511,3175288.0
2017-02-07,ust10,-0.04353830062318424,3215261.0
2017-02-14,ust10,-0.06652804661273935,3340546.0
2017-02-21,ust10,-0.059095850603982876,3580979.0
2017-02-28,ust10,-0.10045960727262004,3255388.0
2017-03-07,ust10,-0.11235285279149136,3254479.0
2017-03-14,ust10,-0.10998164078110823,3155363.0
2017-03-21,ust10,-0.08156533886008742,3069674.0
2017-03-28,ust10,-0.060994047134460404,3034001.0
2017-04-04,ust10,-0.04502678050030784,3027576.0
2017-04-11,ust10,-0.03889530050763879,3097675.0
2017-04-18,ust10,-0.05384610031423722,3161306.0
2017-04-25,ust10,-0.040065963768227304,3188417.0
2017-05-02,ust10,-0.050300826511378606,3250046.0
2017-05-09,ust10,-0.027678136234044564,3333895.0
2017-05-16,ust10,-0.022423726837049802,3370091.0
2017-05-23,ust10,-0.01680517207421279,3538851.0
2017-05-30,ust10,-0.04043675322334741,3284784.0
2017-06-06,ust10,-0.033322861404647165,3208578.0
2017-06-13,ust10,-0.026681796800913593,3180408.0
2017-06-20,ust10,-0.03519085321281024,3224389.0
2017-06-27,ust10,-0.012233972695662596,3137084.0
2017-07-03,ust10,0.0011794564720002151,3087863.0
2017-07-11,ust10,0.01992162454195695,3136441.0
2017-07-18,ust10,-0.01032615985806592,3160904.0
2017-07-25,ust10,-0.01769865597589013,3200017.0
2017-08-01,ust10,-0.021110192957815865,3227493.0
2017-08-08,ust10,-0.006709017975882686,3322841.0
2017-08-15,ust10,-0.0067466282414942675,3374871.0
2017-08-22,ust10,0.0005121392739158554,3432660.0
2017-08-29,ust10,-0.006615869087669557,3578517.0
2017-09-05,ust10,-0.0040878894768647195,3403957.0
2017-09-12,ust10,0.004590451473580619,3304468.0
2017-09-19,ust10,0.010670936630028572,3273096.0
2017-09-26,ust10,0.007754718161805841,3212109.0
2017-10-03,ust10,-0.002426870287212387,3105646.0
2017-10-10,ust10,-0.003347253658070069,3136900.0
2017-10-17,ust10,-0.04752308890033472,3036524.0
2017-10-24,ust10,-0.02370562231633795,3171273.0
2017-10-31,ust10,-0.030062569451225617,3236084.0
2017-11-07,ust10,-0.027611812611207803,3191098.0
2017-11-14,ust10,-0.044854327038057626,3332499.0
2017-11-21,ust10,-0.07960551865269858,3602401.0
2017-11-28,ust10,-0.07643252065727331,3692041.0
2017-12-05,ust10,-0.11710394363331844,3273707.0
2017-12-12,ust10,-0.1093541972775348,3305607.0
2017-12-19,ust10,-0.11632985272601475,3277972.0
2017-12-26,ust10,-0.12571742449735068,3289719.0
2018-01-02,ust10,-0.10759807460151194,3255430.0
2018-01-09,ust10,-0.13270639056194283,3361285.0
2018-01-16,ust10,-0.07726136555288758,3373769.0
2018-01-23,ust10,-0.06145793174846233,3512126.0
2018-01-30,ust10,-0.08220755862285531,3566655.0
2018-02-06,ust10,-0.07699508554796987,3659818.0
2018-02-13,ust10,-0.08438786820674796,3681797.0
2018-02-20,ust10,-0.05968022539821959,3836765.0
2018-02-27,ust10,-0.10931036826535302,3707544.0
2018-03-06,ust10,-0.11130294176312648,3479342.0
2018-03-13,ust10,-0.09730163175660736,3392050.0
2018-03-20,ust10,-0.12275337493765875,3524954.0
2018-03-27,ust10,-0.11343794878700202,3505282.0
2018-04-03,ust10,-0.17120162450764237,3439319.0
2018-04-10,ust10,-0.15907373319894122,3465481.0
2018-04-17,ust10,-0.16518560175263772,3579519.0
2018-04-24,ust10,-0.17491243056603265,3784711.0
2018-05-01,ust10,-0.17560307118531673,3691604.0
2018-05-08,ust10,-0.169959814956937,3752640.0
2018-05-15,ust10,-0.14305353543251229,3862526.0
2018-05-22,ust10,-0.13258795194442305,4074782.0
2018-05-29,ust10,-0.1626229220799549,3992875.0
2018-06-05,ust10,-0.17332909925341705,3523788.0
2018-06-12,ust10,-0.16885643442319018,3411549.0
2018-06-19,ust10,-0.17023999916543195,3450887.0
2018-06-26,ust10,-0.16997724085346078,3468935.0
2018-07-03,ust10,-0.18008928316469794,3572006.0
2018-07-10,ust10,-0.165661818217851,3633052.0
2018-07-17,ust10,-0.18758889379919153,3688390.0
2018-07-24,ust10,-0.18993612894993583,3785283.0
2018-07-31,ust10,-0.1887145028295636,3761004.0
2018-08-07,ust10,-0.1723193720795737,3779842.0
2018-08-14,ust10,-0.1974520381425073,3965130.0
2018-08-21,ust10,-0.2078932001730463,4123752.0
2018-08-28,ust10,-0.16053203021790774,4134502.0
2018-09-04,ust10,-0.22263496855043355,3991152.0
2018-09-11,ust10,-0.2417022691131372,3868648.0
2018-09-18,ust10,-0.2536640408846329,3986241.0
2018-09-25,ust10,-0.2346673856194736,4035499.0
2018-10-02,ust10,-0.2209791981405575,3978827.0
2018-10-09,ust10,-0.18917238791935118,4126136.0
2018-10-16,ust10,-0.20157604820773672,4134772.0
2018-10-23,ust10,-0.20036867510182735,4244930.0
2018-10-30,ust10,-0.20646285616823037,4203807.0
2018-11-06,ust10,-0.22165644209222635,4259998.0
2018-11-13,ust10,-0.19183623151615903,4250537.0
2018-11-20,ust10,-0.20897682415019406,4371145.0
2018-11-27,ust10,-0.1898245908845033,4320357.0
2018-12-04,ust10,-0.194097650717846,4259897.0
2018-12-11,ust10,-0.20571264913304307,4224835.0
2018-12-18,ust10,-0.22618899692836114,4136554.0
2018-12-24,ust10,-0.21633008062374778,3976992.0
2018-12-31,ust10,-0.20012194295779417,4044514.0
2019-01-08,ust10,-0.206334954830422,4093131.0
2019-01-15,ust10,-0.23200312000618115,4076915.0
2019-01-22,ust10,-0.20868500178073063,4029245.0
2019-01-29,ust10,-0.21497472366895706,4026692.0
2019-02-05,ust10,-0.21564253815346063,4005731.0
2019-02-12,ust10,-0.23194610652636927,4117159.0
2019-02-19,ust10,-0.23728098712044549,4251234.0
2019-02-26,ust10,-0.23568950809811937,4229624.0
2019-03-05,ust10,-0.24775019086124367,3781543.0
2019-03-12,ust10,-0.24916807841239108,3834496.0
2019-03-19,ust10,-0.2473305366108746,3862855.0
2019-03-26,ust10,-0.22189873690372264,3946255.0
2019-04-02,ust10,-0.23626951819294997,3856274.0
2019-04-09,ust10,-0.2186186839907041,3923027.0
2019-04-16,ust10,-0.20654004180999946,3983736.0
2019-04-23,ust10,-0.2087263781261336,4019262.0
2019-04-30,ust10,-0.21177609096229813,4008342.0
2019-05-07,ust10,-0.22502366448504313,4015511.0
2019-05-14,ust10,-0.2357468651315031,4164768.0
2019-05-21,ust10,-0.22928651193317703,4235670.0
2019-05-28,ust10,-0.1924053310767929,4509558.0
2019-06-04,ust10,-0.23521262780159652,3934810.0
2019-06-11,ust10,-0.2250080033334519,3935860.0
2019-06-18,ust10,-0.2665008965954276,3855139.0
2019-06-25,ust10,-0.2249304842372129,3769289.0
2019-07-02,ust10,-0.22240684312366854,3756647.0
2019-07-09,ust10,-0.2353138598494753,3736397.0
2019-07-16,ust10,-0.24300758373369694,3779273.0
2019-07-23,ust10,-0.27218242500185186,3860962.0
2019-07-30,ust10,-0.29428963446178436,3924022.0
2019-08-06,ust10,-0.2541531068288719,4010311.0
2019-08-13,ust10,-0.25322906951149793,4038857.0
2019-08-20,ust10,-0.23774552420318862,4048888.0
2019-08-27,ust10,-0.22475330886239847,3906403.0
2019-09-03,ust10,-0.2538375669721479,3656744.0
2019-09-10,ust10,-0.2479166718685713,3604449.0
2019-09-17,ust10,-0.1862557579296694,3537947.0
2019-09-24,ust10,-0.20709646274394666,3589873.0
2019-10-01,ust10,-0.20489793764468497,3600495.0
2019-10-08,ust10,-0.23301139403634094,3640852.0
2019-10-15,ust10,-0.24761663690463004,3610864.0
2019-10-22,ust10,-0.23693327546498238,3668096.0
2019-10-29,ust10,-0.2572177321105483,3857860.0
2019-11-05,ust10,-0.236797068110301,3908469.0
2019-11-12,ust10,-0.2118232575774563,3924536.0
2019-11-19,ust10,-0.21979749649461308,4005264.0
2019-11-26,ust10,-0.22028577658010035,3953578.0
2019-12-03,ust10,-0.25287390329848974,3717853.0
2019-12-10,ust10,-0.2344728133798201,3653801.0
2019-12-17,ust10,-0.23026376374711602,3637763.0
2019-12-24,ust10,-0.1998489770370105,3653749.0
2019-12-31,ust10,-0.18138127481871696,3624029.0
2020-01-07,ust10,-0.183874383485195,3753965.0
2020-01-14,ust10,-0.20358574822213407,3687989.0
2020-01-21,ust10,-0.21427215423130136,3771582.0
2020-01-28,ust10,-0.1966513918357729,3891587.0
2020-02-04,ust10,-0.20056711693712675,4074292.0
2020-02-11,ust10,-0.19096560621134703,4160257.0
2020-02-18,ust10,-0.16901466636231363,4284498.0
2020-02-25,ust10,-0.1653198611591019,4207982.0
2020-03-03,ust10,-0.1909819509198315,3913108.0
2020-03-10,ust10,-0.18498932164491022,3765093.0
2020-03-17,ust10,-0.1833724921311177,3659033.0
2020-03-24,ust10,-0.2023258831154264,3414531.0
2020-03-31,ust10,-0.17172714040961898,3258687.0
2020-04-07,ust10,-0.15975329250959117,3218062.0
2020-04-14,ust10,-0.159853276368247,3235198.0
2020-04-21,ust10,-0.1569029034467949,3231814.0
2020-04-28,ust10,-0.15273941639281383,3284915.0
2020-05-05,ust10,-0.17966844202609572,3385230.0
2020-05-12,ust10,-0.1884365831006103,3422881.0
2020-05-19,ust10,-0.19385605098456504,3495960.0
2020-05-26,ust10,-0.1627394365731443,3628936.0
2020-06-02,ust10,-0.21015672106101407,3330248.0
2020-06-09,ust10,-0.16032934761139497,3306051.0
2020-06-16,ust10,-0.1719005618087597,3266592.0
2020-06-23,ust10,-0.15039005140334336,3302898.0
2020-06-30,ust10,-0.1462960939506975,3441124.0
2020-07-07,ust10,-0.13976462077223872,3428085.0
2020-07-14,ust10,-0.13504396190698933,3420575.0
2020-07-21,ust10,-0.13434988107179935,3424335.0
2020-07-28,ust10,-0.13189075648239185,3503915.0
2020-08-04,ust10,-0.11911009432124392,3480234.0
2020-08-11,ust10,-0.1338837126213238,3509822.0
2020-08-18,ust10,-0.11317869028652101,3510493.0
2020-08-25,ust10,-0.08657504856095713,3570255.0
2020-09-01,ust10,-0.0915822605488942,3363599.0
2020-09-08,ust10,-0.10858221256807012,3333511.0
2020-09-15,ust10,-0.11509107623082356,3267812.0
2020-09-22,ust10,-0.09672216371035276,3262396.0
2020-09-29,ust10,-0.09123081322131033,3287420.0
2020-10-06,ust10,-0.09559091674255128,3249451.0
2020-10-13,ust10,-0.08494390952821775,3246095.0
2020-10-20,ust10,-0.08740910930706976,3206874.0
2020-10-27,ust10,-0.08009919562118563,3153365.0
2020-11-03,ust10,-0.08050718159546165,3077241.0
2020-11-10,ust10,-0.026015717686528654,3207215.0
2020-11-17,ust10,-0.01735925075297381,3249449.0
2020-11-24,ust10,-0.04067875989274916,3471861.0
2020-12-01,ust10,-0.050231109020295796,3201303.0
2020-12-08,ust10,-0.0630335267116478,3203565.0
2020-12-15,ust10,-0.049469616309791395,3195234.0
2020-12-21,ust10,-0.04981505050867057,3153023.0
2020-12-29,ust10,-0.07231636234942844,3260742.0
2021-01-05,ust10,-0.08171873501132969,3221183.0
2021-01-12,ust10,-0.017330575391529237,3360477.0
2021-01-19,ust10,0.015920221700046627,3369237.0
2021-01-26,ust10,0.0015291220733166314,3447076.0
2021-02-02,ust10,0.034986392873428515,3570188.0
2021-02-09,ust10,0.04537037677080064,3616655.0
2021-02-16,ust10,0.056240713883874034,3604844.0
2021-02-23,ust10,0.027129472311673942,4049360.0
2021-03-02,ust10,0.09779593103611146,3556876.0
2021-03-09,ust10,0.09894968138631617,3678122.0
2021-03-16,ust10,0.09058133051371646,3805718.0
2021-03-23,ust10,0.08186376733564067,3881815.0
2021-03-30,ust10,0.0357378705779652,3932607.0
2021-04-06,ust10,0.06482674968005399,3920974.0
2021-04-13,ust10,0.062436328345324775,3896946.0
2021-04-20,ust10,0.08337006113766814,3893508.0
2021-04-27,ust10,0.06916120407700906,3994595.0
2021-05-04,ust10,0.10498503433300076,4259750.0
2021-05-11,ust10,0.1176256922363355,4294776.0
2021-05-18,ust10,0.09416342449309488,4222733.0
2021-05-25,ust10,0.11368877050310774,4502793.0
2021-06-01,ust10,0.1292403464556349,4376087.0
2021-06-08,ust10,0.12070246148765863,4421310.0
2021-06-15,ust10,0.08923999787225047,4399014.0
2021-06-22,ust10,0.0925277733721879,4268567.0
2021-06-29,ust10,0.09699815282401925,4296288.0
2021-07-06,ust10,0.10583126495675667,4271063.0
2021-07-13,ust10,0.09985050316802366,4155272.0
2021-07-20,ust10,0.10913954946242621,4150686.0
2021-07-27,ust10,0.09325504078480511,4071737.0
2021-08-03,ust10,0.09788682453620394,4097814.0
2021-08-10,ust10,0.07441082760359886,4076396.0
2021-08-17,ust10,0.0687209005319676,4067729.0
2021-08-24,ust10,0.05124853491792906,4175534.0
2021-08-31,ust10,0.06886049943024845,3946457.0
2021-09-07,ust10,0.05317278369693375,3904836.0
2021-09-14,ust10,0.07426241025029737,3942910.0
2021-09-21,ust10,0.09036367823314022,3934302.0
2021-09-28,ust10,0.10931951834634449,4055113.0
2021-10-05,ust10,0.1323745949755312,4063952.0
2021-10-12,ust10,0.14812268171751675,4102714.0
2021-10-19,ust10,0.12256806583156302,4095300.0
2021-10-26,ust10,0.08120214177845407,4000227.0
2021-11-02,ust10,0.06105302784004381,3973988.0
2021-11-09,ust10,0.055645924032627414,3883483.0
2021-11-16,ust10,0.07394965048766587,3972392.0
2021-11-23,ust10,0.08923495097803916,4124886.0
2021-11-30,ust10,0.06368184059161873,3803125.0
2021-12-07,ust10,0.051813422265348456,3788362.0
2021-12-14,ust10,0.0464730202396285,3769585.0
2021-12-21,ust10,0.029311525493073552,3798267.0
2021-12-28,ust10,0.010185675785712391,3846382.0
2022-01-04,ust10,0.019262247383482152,3875093.0
2022-01-11,ust10,0.03637780793313387,3809163.0
2022-01-18,ust10,0.0598503304724351,3890037.0
2022-01-25,ust10,0.0816879807943552,3750564.0
2022-02-01,ust10,0.09219934082661391,3932501.0
2022-02-08,ust10,0.11570238543667138,4048525.0
2022-02-15,ust10,0.11460383704618012,4123745.0
2022-02-22,ust10,0.07738872618657253,4083463.0
2022-03-01,ust10,0.06138399780703266,3772058.0
2022-03-08,ust10,0.046416380935368214,3627534.0
2022-03-15,ust10,0.08176737251312319,3561445.0
2022-03-22,ust10,0.12264569921941992,3807553.0
2022-03-29,ust10,0.059025755637971807,3669449.0
2022-04-05,ust10,0.08484820806127287,3722365.0
2022-04-12,ust10,0.09901053038146482,3728260.0
2022-04-19,ust10,0.08321127784556374,3680703.0
2022-04-26,ust10,0.08009046982625681,3647625.0
2022-05-03,ust10,0.062286253614738676,3680764.0
2022-05-10,ust10,0.08621357043025527,3722697.0
2022-05-17,ust10,0.044378488420299275,3666416.0
2022-05-24,ust10,0.008060878691475083,3662628.0
2022-05-31,ust10,-0.0123302700696783,3470808.0
2022-06-07,ust10,-0.00713295991755496,3469948.0
2022-06-14,ust10,0.025289495586298193,3509639.0
2022-06-21,ust10,0.035194479206182405,3440085.0
2022-06-28,ust10,0.031814591766215816,3403344.0
2022-07-05,ust10,0.004369279011320929,3469680.0
2022-07-12,ust10,-0.004537018597527401,3459761.0
2022-07-19,ust10,-0.022660864304104106,3431246.0
2022-07-26,ust10,-0.04583083674296247,3504780.0
2022-08-02,ust10,-0.08633599956611102,3540076.0
2022-08-09,ust10,-0.10325958059080498,3541744.0
2022-08-16,ust10,-0.10373705995907362,3520468.0
2022-08-23,ust10,-0.10900565827717142,3599859.0
2022-08-30,ust10,-0.12496667317517197,3559445.0
2022-09-06,ust10,-0.10416681354598639,3545995.0
2022-09-13,ust10,-0.10216942917957667,3639621.0
2022-09-20,ust10,-0.0723531848354832,3700929.0
2022-09-27,ust10,-0.11564247678787888,3766782.0
2022-10-04,ust10,-0.12180748755873921,3850494.0
2022-10-11,ust10,-0.12760139040254662,3873986.0
2022-10-18,ust10,-0.13006626831433682,3843164.0
2022-10-25,ust10,-0.13207398301353268,3929010.0
2022-11-01,ust10,-0.16811830357990035,3952205.0
2022-11-08,ust10,-0.16324821312057,4030770.0
2022-11-15,ust10,-0.16457507072629762,4015833.0
2022-11-22,ust10,-0.18898821159621704,4066878.0
2022-11-29,ust10,-0.20261005910889435,3897383.0
2022-12-06,ust10,-0.20260839093602823,3775431.0
2022-12-13,ust10,-0.21342672001054877,3822244.0
2022-12-20,ust10,-0.2015203276848659,3751165.0
2022-12-27,ust10,-0.2131418487699006,3780914.0
2023-01-03,ust10,-0.21308610988418605,3851091.0
2023-01-10,ust10,-0.1883678251104382,3894938.0
2023-01-17,ust10,-0.22137240247708684,4018107.0
2023-01-24,ust10,-0.22235482124469103,4124381.0
2023-01-31,ust10,-0.21624079657926232,4151853.0
2023-02-07,ust10,-0.23032621877072804,4222841.0
2023-02-14,ust10,-0.22669716966078796,4236524.0
2023-02-21,ust10,-0.1829012781060394,4335634.0
2023-02-28,ust10,-0.1971546873341119,4304483.0
2023-03-07,ust10,-0.19781954369599966,4270574.0
2023-03-14,ust10,-0.19650493550201636,4202612.0
2023-03-21,ust10,-0.21559405202027834,4155764.0
2023-03-28,ust10,-0.21466250411527169,4127917.0
2023-04-04,ust10,-0.22168045327506716,4263195.0
2023-04-11,ust10,-0.2574983749651778,4275293.0
2023-04-18,ust10,-0.2811071844033505,4393559.0
2023-04-25,ust10,-0.28176190941222157,4362222.0
2023-05-02,ust10,-0.30149046790607353,4396673.0
2023-05-09,ust10,-0.31317546847928324,4510018.0
2023-05-16,ust10,-0.3017026560909383,4718099.0
2023-05-23,ust10,-0.3015600062664617,4902288.0
2023-05-30,ust10,-0.31257628313762764,4728273.0
2023-06-06,ust10,-0.3090862672780465,4578932.0
2023-06-13,ust10,-0.2912943094611994,4619668.0
2023-06-20,ust10,-0.30135485042657245,4641767.0
2023-06-27,ust10,-0.31095651532541624,4663919.0
2023-07-03,ust10,-0.3044825805939598,4737762.0
2023-07-11,ust10,-0.2681270000922899,4800091.0
2023-07-18,ust10,-0.2616367687827454,4746657.0
2023-07-25,ust10,-0.26054655152017037,4733680.0
2023-08-01,ust10,-0.2649974452170903,4830156.0
2023-08-08,ust10,-0.2641637145138784,4872433.0
2023-08-15,ust10,-0.2703942544007912,4857422.0
2023-08-22,ust10,-0.2786069408616305,4911177.0
2023-08-29,ust10,-0.29351510514286944,4825244.0
2023-09-05,ust10,-0.2985194060670741,4718782.0
2023-09-12,ust10,-0.2952287017050941,4681032.0
2023-09-19,ust10,-0.28984064190317677,4697157.0
2023-09-26,ust10,-0.2998533044668517,4767698.0
2023-10-03,ust10,-0.2928305516206765,4782725.0
2023-10-10,ust10,-0.289657122795246,4745314.0
2023-10-17,ust10,-0.29946480330841857,4670993.0
2023-10-24,ust10,-0.29218512145615544,4626649.0
2023-10-31,ust10,-0.3069231484102435,4691536.0
2023-11-07,ust10,-0.296664069883162,4626236.0
2023-11-14,ust10,-0.30734140984905395,4743217.0
2023-11-21,ust10,-0.29355155490737356,4958141.0
2023-11-28,ust10,-0.3046108018805,4775113.0
2023-12-05,ust10,-0.2925056729781074,4536418.0
2023-12-12,ust10,-0.29624243361285657,4475716.0
2023-12-19,ust10,-0.30758324563545675,4553512.0
2023-12-26,ust10,-0.3193880976922505,4589883.0
2024-01-02,ust10,-0.33287784659373976,4620698.0
2024-01-09,ust10,-0.3240781162845434,4652295.0
2024-01-16,ust10,-0.33235638649663607,4744714.0
2024-01-23,ust10,-0.3396396784319467,4644740.0
2024-01-30,ust10,-0.35429332165927674,4733002.0
2024-02-06,ust10,-0.33900223602547797,4707907.0
2024-02-13,ust10,-0.3153271396323862,4735241.0
2024-02-20,ust10,-0.29861896261702214,4819493.0
2024-02-27,ust10,-0.29871812212183146,4532179.0
2024-03-05,ust10,-0.29063583506943796,4277776.0
2024-03-12,ust10,-0.29013156997558015,4253098.0
2024-03-19,ust10,-0.2861077677506776,4286273.0
2024-03-26,ust10,-0.29461521704831295,4328921.0
2024-04-02,ust10,-0.29948878998425205,4384695.0
2024-04-09,ust10,-0.28368435448891244,4361513.0
2024-04-16,ust10,-0.2404068627771464,4435697.0
2024-04-23,ust10,-0.2523074653414995,4487283.0
2024-04-30,ust10,-0.2794349223274123,4415393.0
2024-05-07,ust10,-0.30702583819331186,4412228.0
2024-05-14,ust10,-0.27820981804183936,4442230.0
2024-05-21,ust10,-0.27821160568223186,4560180.0
2024-05-28,ust10,-0.25620591718970004,4901854.0
2024-06-04,ust10,-0.28289852866013465,4413936.0
2024-06-11,ust10,-0.26170593771796563,4308305.0
2024-06-18,ust10,-0.2767499070128856,4344688.0
2024-06-25,ust10,-0.27872058562686614,4329856.0
2024-07-02,ust10,-0.2844622351868066,4374310.0
2024-07-09,ust10,-0.2891848722176422,4502656.0
2024-07-16,ust10,-0.3298873275726037,4556483.0
2024-07-23,ust10,-0.3338709687971526,4585511.0
2024-07-30,ust10,-0.36677819816230706,4754113.0
2024-08-06,ust10,-0.37155193631696826,4887707.0
2024-08-13,ust10,-0.39954761200669714,5028427.0
2024-08-20,ust10,-0.4135126746382325,5283780.0
2024-08-27,ust10,-0.3545131544359637,5451431.0
2024-09-03,ust10,-0.40351839531973804,4805543.0
2024-09-10,ust10,-0.4112725192376343,4778914.0
2024-09-17,ust10,-0.42544299288986587,4899345.0
2024-09-24,ust10,-0.4169915911499676,4942174.0
2024-10-01,ust10,-0.434781383817895,4969440.0
2024-10-08,ust10,-0.42135261009586966,4829995.0
2024-10-15,ust10,-0.4104138343251311,4704588.0
2024-10-22,ust10,-0.41361126916247654,4660932.0
2024-10-29,ust10,-0.4272457510938112,4602714.0
2024-11-05,ust10,-0.40111059307474684,4566389.0
2024-11-12,ust10,-0.38239527440377463,4596584.0
2024-11-19,ust10,-0.3498541181306232,4749048.0
2024-11-26,ust10,-0.35062489398103547,4875307.0
2024-12-03,ust10,-0.3757906566347378,4499899.0
2024-12-10,ust10,-0.3839699618632225,4447413.0
2024-12-17,ust10,-0.3628878892770741,4467512.0
2024-12-24,ust10,-0.3289934273571818,4475673.0
2024-12-31,ust10,-0.33296644841888334,4513677.0
2025-01-07,ust10,-0.31020015275416274,4642754.0
2025-01-14,ust10,-0.26929044834473637,4707226.0
2025-01-21,ust10,-0.28461242941421033,4750425.0
2025-01-28,ust10,-0.3195691566797914,4883910.0
2025-02-04,ust10,-0.3081111014983407,4900888.0
2025-02-11,ust10,-0.31297002516120576,4935773.0
2025-02-18,ust10,-0.26391550251218393,5239067.0
2025-02-25,ust10,-0.25544904003655905,5212386.0
2025-03-04,ust10,-0.3015514876688438,4708642.0
2025-03-11,ust10,-0.3049801692566764,4699017.0
2025-03-18,ust10,-0.32715880369600875,4868495.0
2025-03-25,ust10,-0.31605301711144174,4922788.0
2025-04-01,ust10,-0.33522250411514853,4893505.0
2025-04-08,ust10,-0.38307588950196725,4891164.0
2025-04-15,ust10,-0.3803657051925651,4760884.0
2025-04-22,ust10,-0.37564897568652056,4730339.0
2025-04-29,ust10,-0.37568795965582036,4880010.0
2025-05-06,ust10,-0.4075877098523418,4996132.0
2025-05-13,ust10,-0.37596769208515807,5157374.0
2025-05-20,ust10,-0.3722726895596654,5230886.0
2025-05-27,ust10,-0.36674081087477156,5252377.0
2025-06-03,ust10,-0.4089408823333435,4772482.0
2025-06-10,ust10,-0.41067895117579667,4731813.0
2025-06-17,ust10,-0.41795773590065793,4826555.0
2025-06-24,ust10,-0.389231603458922,4918411.0
2025-07-01,ust10,-0.4028092550696205,5050378.0
2025-07-08,ust10,-0.4182981524471423,4920617.0
2025-07-15,ust10,-0.4030571358084396,4896544.0
2025-07-22,ust10,-0.40016378403312997,4823425.0
2025-07-29,ust10,-0.4433694303586093,4958488.0
2025-08-05,ust10,-0.43812389885861586,5127634.0
2025-08-12,ust10,-0.4364037358966978,5339441.0
2025-08-19,ust10,-0.4525612638970158,5340625.0
2025-08-26,ust10,-0.44936374813734,5640455.0
2025-09-02,ust10,-0.4852540128944726,5209519.0
2025-09-09,ust10,-0.4591602185531804,5268466.0
2025-09-16,ust10,-0.4440183772796313,5412553.0
2025-09-23,ust10,-0.4274971641285907,5478034.0
2025-09-30,ust10,-0.4174086980146306,5462258.0
2025-10-07,ust10,-0.4290570409777501,5399662.0
2025-10-14,ust10,-0.43183390224592705,5419989.0
2025-10-21,ust10,-0.43350929795714743,5500348.0
2025-10-28,ust10,-0.4240234136312335,5564280.0
2025-11-04,ust10,-0.41969477813570416,5470709.0
2025-11-10,ust10,-0.41140676393236286,5558246.0
2025-11-18,ust10,-0.4085944578752253,5779841.0
2025-11-25,ust10,-0.3902676738712329,6045379.0
2025-12-02,ust10,-0.39982418433825145,5637723.0
2025-12-09,ust10,-0.4137172988709627,5513724.0
2025-12-16,ust10,-0.4175981913337568,5426319.0
2025-12-23,ust10,-0.41266085289063886,5569530.0
2025-12-30,ust10,-0.4287376826892763,5500186.0
2026-01-06,ust10,-0.421910550748722,5536100.0
2026-01-13,ust10,-0.3977559307095132,5709182.0
2026-01-20,ust10,-0.3638821301174142,5749730.0
2026-01-27,ust10,-0.3785312650515925,5690843.0
2026-02-03,ust10,-0.3801783000513729,5495119.0
2026-02-10,ust10,-0.3692082295896404,5500736.0
2026-02-17,ust10,-0.36008567600940655,5721555.0
2026-02-24,ust10,-0.33307166106040104,5968025.0
2026-03-03,ust10,-0.3516898801096099,5466660.0
2026-03-10,ust10,-0.3529120965397136,5324068.0
2026-03-17,ust10,-0.3665280564462845,5279072.0
2026-03-24,ust10,-0.35807239211141206,5163104.0
2026-03-31,ust10,-0.3795475310879763,5152796.0
2026-04-07,ust10,-0.3856408260431823,5123122.0
2026-04-14,ust10,-0.38746877072313124,5187440.0
2026-04-21,ust10,-0.3913164393085757,5213875.0
2026-04-28,ust10,-0.38995142443603725,5374513.0
2026-05-05,ust10,-0.3732238162422414,5369025.0
2026-05-12,ust10,-0.33358726719154663,5866357.0
2026-05-19,ust10,-0.3347586635827464,5833268.0
2026-05-26,ust10,-0.32072731319286424,6254472.0
2026-06-02,ust10,-0.3687753356530815,5323279.0
2026-06-09,ust10,-0.37695673162524673,5251295.0
2026-06-16,ust10,-0.3910603445523505,5324590.0
2026-06-23,ust10,-0.3677616987761934,5271748.0
2026-06-30,ust10,-0.37532016564874804,5248455.0
2026-07-07,ust10,-0.3770057359146517,5315630.0
2026-07-14,ust10,-0.3935307509497879,5284601.0
2026-07-21,ust10,-0.391602750998871,5272703.0
2026-07-28,ust10,-0.4057114756097607,5313478.0
2026-08-04,ust10,-0.4238329623296939,5265447.0
2026-08-11,ust10,-0.39636519512208523,5458890.0
2026-08-18,ust10,-0.3982699568445125,5596739.0
2026-08-25,ust10,-0.3437636853473789,6208739.0
2026-09-01,ust10,-0.39087456132072074,5276634.0
2026-09-08,ust10,-0.371032448885661,5225295.0
2026-09-15,ust10,-0.3473788518936356,5377777.0
2026-09-22,ust10,-0.35633221801548376,5407726.0
2026-09-29,ust10,-0.3587442808632558,5676556.0
