time,close
2018-08-14 08:00:00+00:00,6403.0
2018-08-15 08:00:00+00:00,6377.0
2018-08-16 08:00:00+00:00,6490.0
2018-08-17 08:00:00+00:00,6467.0
2018-08-18 08:00:00+00:00,6351.0
2018-08-19 08:00:00+00:00,6454.5
2018-08-20 08:00:00+00:00,6385.0
2018-08-21 08:00:00+00:00,6649.0
2018-08-22 08:00:00+00:00,6428.5
2018-08-23 08:00:00+00:00,6527.0
2018-08-24 08:00:00+00:00,6686.5
2018-08-25 08:00:00+00:00,6637.5
2018-08-26 08:00:00+00:00,6707.0
2018-08-27 08:00:00+00:00,6922.5
2018-08-28 08:00:00+00:00,7058.0
2018-08-29 08:00:00+00:00,6974.5
2018-08-30 08:00:00+00:00,6957.5
2018-08-31 08:00:00+00:00,7046.5
2018-09-01 08:00:00+00:00,7230.0
2018-09-02 08:00:00+00:00,7245.5
2018-09-03 08:00:00+00:00,7310.5
2018-09-04 08:00:00+00:00,7364.0
2018-09-05 08:00:00+00:00,6382.5
2018-09-06 08:00:00+00:00,6472.0
2018-09-07 08:00:00+00:00,6432.0
2018-09-08 08:00:00+00:00,6183.5
2018-09-09 08:00:00+00:00,6304.5
2018-09-10 08:00:00+00:00,6296.5
2018-09-11 08:00:00+00:00,6233.5
2018-09-12 08:00:00+00:00,6379.0
2018-09-13 08:00:00+00:00,6554.5
2018-09-14 08:00:00+00:00,6489.5
2018-09-15 08:00:00+00:00,6445.5
2018-09-16 08:00:00+00:00,6472.5
2018-09-17 08:00:00+00:00,6278.5
2018-09-18 08:00:00+00:00,6345.0
2018-09-19 08:00:00+00:00,6402.0
2018-09-20 08:00:00+00:00,6637.0
2018-09-21 08:00:00+00:00,6721.0
2018-09-22 08:00:00+00:00,6709.0
2018-09-23 08:00:00+00:00,6667.0
2018-09-24 08:00:00+00:00,6377.0
2018-09-25 08:00:00+00:00,6440.5
2018-09-26 08:00:00+00:00,6450.5
2018-09-27 08:00:00+00:00,6766.0
2018-09-28 08:00:00+00:00,6523.5
2018-09-29 08:00:00+00:00,6569.0
2018-09-30 08:00:00+00:00,6586.0
2018-10-01 08:00:00+00:00,6568.0
2018-10-02 08:00:00+00:00,6425.0
2018-10-03 08:00:00+00:00,6548.0
2018-10-04 08:00:00+00:00,6535.5
2018-10-05 08:00:00+00:00,6575.0
2018-10-06 08:00:00+00:00,6538.0
2018-10-07 08:00:00+00:00,6551.5
2018-10-08 08:00:00+00:00,6607.0
2018-10-09 08:00:00+00:00,6493.5
2018-10-10 08:00:00+00:00,6194.0
2018-10-11 08:00:00+00:00,6213.5
2018-10-12 08:00:00+00:00,6190.5
2018-10-13 08:00:00+00:00,6239.0
2018-10-14 08:00:00+00:00,6401.5
2018-10-15 08:00:00+00:00,6449.5
2018-10-16 08:00:00+00:00,6438.0
2018-10-17 08:00:00+00:00,6445.0
2018-10-18 08:00:00+00:00,6366.5
2018-10-19 08:00:00+00:00,6408.5
2018-10-20 08:00:00+00:00,6431.0
2018-10-21 08:00:00+00:00,6409.0
2018-10-22 08:00:00+00:00,6399.5
2018-10-23 08:00:00+00:00,6435.5
2018-10-24 08:00:00+00:00,6400.5
2018-10-25 08:00:00+00:00,6387.5
2018-10-26 08:00:00+00:00,6418.0
2018-10-27 08:00:00+00:00,6408.0
2018-10-28 08:00:00+00:00,6404.5
2018-10-29 08:00:00+00:00,6277.5
2018-10-30 08:00:00+00:00,6266.5
2018-10-31 08:00:00+00:00,6314.0
2018-11-01 08:00:00+00:00,6354.5
2018-11-02 08:00:00+00:00,6339.5
2018-11-03 08:00:00+00:00,6339.5
2018-11-04 08:00:00+00:00,6418.0
2018-11-05 08:00:00+00:00,6408.5
2018-11-06 08:00:00+00:00,6514.0
2018-11-07 08:00:00+00:00,6462.0
2018-11-08 08:00:00+00:00,6413.5
2018-11-09 08:00:00+00:00,6358.0
2018-11-10 08:00:00+00:00,6358.0
2018-11-11 08:00:00+00:00,6350.0
2018-11-12 08:00:00+00:00,6309.0
2018-11-13 08:00:00+00:00,6281.5
2018-11-14 08:00:00+00:00,5562.5
2018-11-15 08:00:00+00:00,5503.0
2018-11-16 08:00:00+00:00,5504.5
2018-11-17 08:00:00+00:00,5526.0
2018-11-18 08:00:00+00:00,5382.5
2018-11-19 08:00:00+00:00,4554.5
2018-11-20 08:00:00+00:00,4472.5
2018-11-21 08:00:00+00:00,4520.5
2018-11-22 08:00:00+00:00,4222.0
2018-11-23 08:00:00+00:00,4266.5
2018-11-24 08:00:00+00:00,3707.0
2018-11-25 08:00:00+00:00,3968.0
2018-11-26 08:00:00+00:00,3733.5
2018-11-27 08:00:00+00:00,4016.5
2018-11-28 08:00:00+00:00,4160.5
2018-11-29 08:00:00+00:00,4164.0
2018-11-30 08:00:00+00:00,3933.0
2018-12-01 08:00:00+00:00,4110.0
2018-12-02 08:00:00+00:00,3962.5
2018-12-03 08:00:00+00:00,3971.5
2018-12-04 08:00:00+00:00,3791.0
2018-12-05 08:00:00+00:00,3808.5
2018-12-06 08:00:00+00:00,3367.0
2018-12-07 08:00:00+00:00,3428.0
2018-12-08 08:00:00+00:00,3403.5
2018-12-09 08:00:00+00:00,3484.0
2018-12-10 08:00:00+00:00,3397.0
2018-12-11 08:00:00+00:00,3375.0
2018-12-12 08:00:00+00:00,3375.0
2018-12-13 08:00:00+00:00,3262.5
2018-12-14 08:00:00+00:00,3198.5
2018-12-15 08:00:00+00:00,3216.5
2018-12-16 08:00:00+00:00,3244.5
2018-12-17 08:00:00+00:00,3502.5
2018-12-18 08:00:00+00:00,3707.5
2018-12-19 08:00:00+00:00,3735.5
2018-12-20 08:00:00+00:00,4010.5
2018-12-21 08:00:00+00:00,3838.0
2018-12-22 08:00:00+00:00,3974.0
2018-12-23 08:00:00+00:00,4186.5
2018-12-24 08:00:00+00:00,3772.0
2018-12-25 08:00:00+00:00,3782.5
2018-12-26 08:00:00+00:00,3744.5
2018-12-27 08:00:00+00:00,3599.5
2018-12-28 08:00:00+00:00,3904.0
2018-12-29 08:00:00+00:00,3754.0
2018-12-30 08:00:00+00:00,3781.5
2018-12-31 08:00:00+00:00,3708.0
2019-01-01 08:00:00+00:00,3791.0
2019-01-02 08:00:00+00:00,3844.5
2019-01-03 08:00:00+00:00,3804.5
2019-01-04 08:00:00+00:00,3819.5
2019-01-05 08:00:00+00:00,3786.0
2019-01-06 08:00:00+00:00,4036.0
2019-01-07 08:00:00+00:00,3979.0
2019-01-08 08:00:00+00:00,4018.5
2019-01-09 08:00:00+00:00,3798.0
2019-01-10 08:00:00+00:00,3637.0
2019-01-11 08:00:00+00:00,3622.5
2019-01-12 08:00:00+00:00,3613.5
2019-01-13 08:00:00+00:00,3534.5
2019-01-14 08:00:00+00:00,3663.5
2019-01-15 08:00:00+00:00,3576.0
2019-01-16 08:00:00+00:00,3593.0
2019-01-17 08:00:00+00:00,3624.5
2019-01-18 08:00:00+00:00,3613.0
2019-01-19 08:00:00+00:00,3687.5
2019-01-20 08:00:00+00:00,3527.5
2019-01-21 08:00:00+00:00,3519.5
2019-01-22 08:00:00+00:00,3566.0
2019-01-23 08:00:00+00:00,3544.5
2019-01-24 08:00:00+00:00,3557.5
2019-01-25 08:00:00+00:00,3618.5
2019-01-26 08:00:00+00:00,3548.0
2019-01-27 08:00:00+00:00,3437.0
2019-01-28 08:00:00+00:00,3360.5
2019-01-29 08:00:00+00:00,3412.0
2019-01-30 08:00:00+00:00,3451.0
2019-01-31 08:00:00+00:00,3381.25
2019-02-01 08:00:00+00:00,3421.0
2019-02-02 08:00:00+00:00,3425.0
2019-02-03 08:00:00+00:00,3416.75
2019-02-04 08:00:00+00:00,3415.75
2019-02-05 08:00:00+00:00,3377.5
2019-02-06 08:00:00+00:00,3370.5
2019-02-07 08:00:00+00:00,3357.75
2019-02-08 08:00:00+00:00,3623.75
2019-02-09 08:00:00+00:00,3598.0
2019-02-10 08:00:00+00:00,3596.5
2019-02-11 08:00:00+00:00,3575.75
2019-02-12 08:00:00+00:00,3588.0
2019-02-13 08:00:00+00:00,3570.0
2019-02-14 08:00:00+00:00,3577.25
2019-02-15 08:00:00+00:00,3586.5
2019-02-16 08:00:00+00:00,3598.25
2019-02-17 08:00:00+00:00,3691.75
2019-02-18 08:00:00+00:00,3888.0
2019-02-19 08:00:00+00:00,3895.25
2019-02-20 08:00:00+00:00,3931.75
2019-02-21 08:00:00+00:00,3893.0
2019-02-22 08:00:00+00:00,3925.0
2019-02-23 08:00:00+00:00,4157.0
2019-02-24 08:00:00+00:00,3759.0
2019-02-25 08:00:00+00:00,3790.0
2019-02-26 08:00:00+00:00,3807.5
2019-02-27 08:00:00+00:00,3803.5
2019-02-28 08:00:00+00:00,3808.0
2019-03-01 08:00:00+00:00,3794.75
2019-03-02 08:00:00+00:00,3808.75
2019-03-03 08:00:00+00:00,3721.5
2019-03-04 08:00:00+00:00,3716.25
2019-03-05 08:00:00+00:00,3844.0
2019-03-06 08:00:00+00:00,3865.0
2019-03-07 08:00:00+00:00,3871.75
2019-03-08 08:00:00+00:00,3890.0
2019-03-09 08:00:00+00:00,3885.5
2019-03-10 08:00:00+00:00,3866.25
2019-03-11 08:00:00+00:00,3825.0
2019-03-12 08:00:00+00:00,3861.0
2019-03-13 08:00:00+00:00,3836.75
2019-03-14 08:00:00+00:00,3854.75
2019-03-15 08:00:00+00:00,4000.5
2019-03-16 08:00:00+00:00,3956.75
2019-03-17 08:00:00+00:00,3956.75
2019-03-18 08:00:00+00:00,3959.75
2019-03-19 08:00:00+00:00,3989.75
2019-03-20 08:00:00+00:00,4034.25
2019-03-21 08:00:00+00:00,3963.75
2019-03-22 08:00:00+00:00,3989.5
2019-03-23 08:00:00+00:00,3961.25
2019-03-24 08:00:00+00:00,3966.5
2019-03-25 08:00:00+00:00,3898.75
2019-03-26 08:00:00+00:00,3981.25
2019-03-27 08:00:00+00:00,4015.75
2019-03-28 08:00:00+00:00,4037.0
2019-03-29 08:00:00+00:00,4086.25
2019-03-30 08:00:00+00:00,4078.0
2019-03-31 08:00:00+00:00,4119.0
2019-04-01 08:00:00+00:00,4702.75
2019-04-02 08:00:00+00:00,4967.25
2019-04-03 08:00:00+00:00,5036.5
2019-04-04 08:00:00+00:00,4943.25
2019-04-05 08:00:00+00:00,5005.75
2019-04-06 08:00:00+00:00,5137.25
2019-04-07 08:00:00+00:00,5256.75
2019-04-08 08:00:00+00:00,5228.5
2019-04-09 08:00:00+00:00,5250.5
2019-04-10 08:00:00+00:00,5203.75
2019-04-11 08:00:00+00:00,5038.5
2019-04-12 08:00:00+00:00,5091.5
2019-04-13 08:00:00+00:00,5062.75
2019-04-14 08:00:00+00:00,5158.75
2019-04-15 08:00:00+00:00,5069.75
2019-04-16 08:00:00+00:00,5220.75
2019-04-17 08:00:00+00:00,5268.25
2019-04-18 08:00:00+00:00,5246.75
2019-04-19 08:00:00+00:00,5331.75
2019-04-20 08:00:00+00:00,5315.75
2019-04-21 08:00:00+00:00,5280.75
2019-04-22 08:00:00+00:00,5541.25
2019-04-23 08:00:00+00:00,5465.5
2019-04-24 08:00:00+00:00,5423.5
2019-04-25 08:00:00+00:00,5163.0
2019-04-26 08:00:00+00:00,5165.0
2019-04-27 08:00:00+00:00,5174.5
2019-04-28 08:00:00+00:00,5155.0
2019-04-29 08:00:00+00:00,5142.0
2019-04-30 08:00:00+00:00,5306.25
2019-05-01 08:00:00+00:00,5333.0
2019-05-02 08:00:00+00:00,5588.5
2019-05-03 08:00:00+00:00,5741.0
2019-05-04 08:00:00+00:00,5708.25
2019-05-05 08:00:00+00:00,5584.5
2019-05-06 08:00:00+00:00,5881.5
2019-05-07 08:00:00+00:00,5815.25
2019-05-08 08:00:00+00:00,6051.75
2019-05-09 08:00:00+00:00,6311.5
2019-05-10 08:00:00+00:00,6794.5
2019-05-11 08:00:00+00:00,7524.0
2019-05-12 08:00:00+00:00,7030.0
2019-05-13 08:00:00+00:00,8344.5
2019-05-14 08:00:00+00:00,7918.0
2019-05-15 08:00:00+00:00,8007.75
2019-05-16 08:00:00+00:00,7279.75
2019-05-17 08:00:00+00:00,7331.25
2019-05-18 08:00:00+00:00,7977.25
2019-05-19 08:00:00+00:00,7915.5
2019-05-20 08:00:00+00:00,7945.0
2019-05-21 08:00:00+00:00,7921.25
2019-05-22 08:00:00+00:00,7603.5
2019-05-23 08:00:00+00:00,7888.25
2019-05-24 08:00:00+00:00,8004.25
2019-05-25 08:00:00+00:00,8011.25
2019-05-26 08:00:00+00:00,8800.75
2019-05-27 08:00:00+00:00,8762.0
2019-05-28 08:00:00+00:00,8546.25
2019-05-29 08:00:00+00:00,8708.5
2019-05-30 08:00:00+00:00,8308.5
2019-05-31 08:00:00+00:00,8546.75
2019-06-01 08:00:00+00:00,8722.0
2019-06-02 08:00:00+00:00,8474.5
2019-06-03 08:00:00+00:00,7863.0
2019-06-04 08:00:00+00:00,7826.0
2019-06-05 08:00:00+00:00,7764.0
2019-06-06 08:00:00+00:00,7947.0
2019-06-07 08:00:00+00:00,7943.5
2019-06-08 08:00:00+00:00,7918.0
2019-06-09 08:00:00+00:00,7712.0
2019-06-10 08:00:00+00:00,7942.0
2019-06-11 08:00:00+00:00,8004.0
2019-06-12 08:00:00+00:00,8134.0
2019-06-13 08:00:00+00:00,8266.5
2019-06-14 08:00:00+00:00,8714.0
2019-06-15 08:00:00+00:00,9340.0
2019-06-16 08:00:00+00:00,9167.5
2019-06-17 08:00:00+00:00,9129.5
2019-06-18 08:00:00+00:00,9190.0
2019-06-19 08:00:00+00:00,9280.5
2019-06-20 08:00:00+00:00,9769.0
2019-06-21 08:00:00+00:00,10689.5
2019-06-22 08:00:00+00:00,10709.5
2019-06-23 08:00:00+00:00,10780.0
2019-06-24 08:00:00+00:00,11358.0
2019-06-25 08:00:00+00:00,12474.5
2019-06-26 08:00:00+00:00,12401.0
2019-06-27 08:00:00+00:00,11269.5
2019-06-28 08:00:00+00:00,11829.5
2019-06-29 08:00:00+00:00,11702.0
2019-06-30 08:00:00+00:00,10907.5
2019-07-01 08:00:00+00:00,9828.5
2019-07-02 08:00:00+00:00,11259.0
2019-07-03 08:00:00+00:00,11713.0
2019-07-04 08:00:00+00:00,10967.0
2019-07-05 08:00:00+00:00,11458.5
2019-07-06 08:00:00+00:00,11204.5
2019-07-07 08:00:00+00:00,11483.0
2019-07-08 08:00:00+00:00,12465.0
2019-07-09 08:00:00+00:00,12902.5
2019-07-10 08:00:00+00:00,11599.0
2019-07-11 08:00:00+00:00,11674.0
2019-07-12 08:00:00+00:00,11508.0
2019-07-13 08:00:00+00:00,11131.0
2019-07-14 08:00:00+00:00,10329.5
2019-07-15 08:00:00+00:00,10761.0
2019-07-16 08:00:00+00:00,9565.5
2019-07-17 08:00:00+00:00,9806.0
2019-07-18 08:00:00+00:00,10641.5
2019-07-19 08:00:00+00:00,10586.0
2019-07-20 08:00:00+00:00,10605.5
2019-07-21 08:00:00+00:00,10606.5
2019-07-22 08:00:00+00:00,10020.0
2019-07-23 08:00:00+00:00,9694.0
2019-07-24 08:00:00+00:00,10070.0
2019-07-25 08:00:00+00:00,9772.0
2019-07-26 08:00:00+00:00,10074.0
2019-07-27 08:00:00+00:00,9465.5
2019-07-28 08:00:00+00:00,9594.0
2019-07-29 08:00:00+00:00,9497.5
2019-07-30 08:00:00+00:00,9744.0
2019-07-31 08:00:00+00:00,9979.5
2019-08-01 08:00:00+00:00,10549.5
2019-08-02 08:00:00+00:00,10840.5
2019-08-03 08:00:00+00:00,10698.5
2019-08-04 08:00:00+00:00,11701.0
2019-08-05 08:00:00+00:00,12215.5
2019-08-06 08:00:00+00:00,11537.0
2019-08-07 08:00:00+00:00,11936.5
2019-08-08 08:00:00+00:00,11852.5
2019-08-09 08:00:00+00:00,11834.0
2019-08-10 08:00:00+00:00,11350.5
2019-08-11 08:00:00+00:00,11401.5
2019-08-12 08:00:00+00:00,11352.0
2019-08-13 08:00:00+00:00,10573.0
2019-08-14 08:00:00+00:00,9831.5
2019-08-15 08:00:00+00:00,9918.0
2019-08-16 08:00:00+00:00,10363.5
2019-08-17 08:00:00+00:00,10139.0
2019-08-18 08:00:00+00:00,10731.0
2019-08-19 08:00:00+00:00,10825.5
2019-08-20 08:00:00+00:00,10111.5
2019-08-21 08:00:00+00:00,9965.0
2019-08-22 08:00:00+00:00,10232.0
2019-08-23 08:00:00+00:00,10316.5
2019-08-24 08:00:00+00:00,10117.5
2019-08-25 08:00:00+00:00,10340.0
2019-08-26 08:00:00+00:00,10169.0
2019-08-27 08:00:00+00:00,10161.5
2019-08-28 08:00:00+00:00,9387.5
2019-08-29 08:00:00+00:00,9466.5
2019-08-30 08:00:00+00:00,9588.0
2019-08-31 08:00:00+00:00,9626.5
2019-09-01 08:00:00+00:00,9773.0
2019-09-02 08:00:00+00:00,10395.0
2019-09-03 08:00:00+00:00,10589.0
2019-09-04 08:00:00+00:00,10565.5
2019-09-05 08:00:00+00:00,10761.5
2019-09-06 08:00:00+00:00,10385.0
2019-09-07 08:00:00+00:00,10553.0
2019-09-08 08:00:00+00:00,10149.0
2019-09-09 08:00:00+00:00,10279.5
2019-09-10 08:00:00+00:00,10049.0
2019-09-11 08:00:00+00:00,10079.5
2019-09-12 08:00:00+00:00,10323.0
2019-09-13 08:00:00+00:00,10345.5
2019-09-14 08:00:00+00:00,10329.0
2019-09-15 08:00:00+00:00,10326.0
2019-09-16 08:00:00+00:00,10220.0
2019-09-17 08:00:00+00:00,10218.5
2019-09-18 08:00:00+00:00,9870.5
2019-09-19 08:00:00+00:00,10160.0
2019-09-20 08:00:00+00:00,10079.0
2019-09-21 08:00:00+00:00,10032.0
2019-09-22 08:00:00+00:00,9902.5
2019-09-23 08:00:00+00:00,9750.0
2019-09-24 08:00:00+00:00,8346.5
2019-09-25 08:00:00+00:00,8371.0
2019-09-26 08:00:00+00:00,8046.0
2019-09-27 08:00:00+00:00,8232.0
2019-09-28 08:00:00+00:00,8101.0
2019-09-29 08:00:00+00:00,7793.0
2019-09-30 08:00:00+00:00,8427.0
2019-10-01 08:00:00+00:00,8215.5
2019-10-02 08:00:00+00:00,8276.0
2019-10-03 08:00:00+00:00,8140.0
2019-10-04 08:00:00+00:00,8122.5
2019-10-05 08:00:00+00:00,7976.0
2019-10-06 08:00:00+00:00,7867.5
2019-10-07 08:00:00+00:00,8220.0
2019-10-08 08:00:00+00:00,8174.5
2019-10-09 08:00:00+00:00,8630.0
2019-10-10 08:00:00+00:00,8399.5
2019-10-11 08:00:00+00:00,8345.5
2019-10-12 08:00:00+00:00,8332.0
2019-10-13 08:00:00+00:00,8309.5
2019-10-14 08:00:00+00:00,8291.0
2019-10-15 08:00:00+00:00,8140.5
2019-10-16 08:00:00+00:00,7981.5
2019-10-17 08:00:00+00:00,7911.0
2019-10-18 08:00:00+00:00,7942.5
2019-10-19 08:00:00+00:00,7914.0
2019-10-20 08:00:00+00:00,8233.0
2019-10-21 08:00:00+00:00,8234.5
2019-10-22 08:00:00+00:00,7959.5
2019-10-23 08:00:00+00:00,7428.5
2019-10-24 08:00:00+00:00,7480.5
2019-10-25 08:00:00+00:00,9522.0
2019-10-26 08:00:00+00:00,9185.0
2019-10-27 08:00:00+00:00,9467.0
2019-10-28 08:00:00+00:00,9466.0
2019-10-29 08:00:00+00:00,9171.5
2019-10-30 08:00:00+00:00,9108.0
2019-10-31 08:00:00+00:00,9119.5
2019-11-01 08:00:00+00:00,9245.0
2019-11-02 08:00:00+00:00,9263.5
2019-11-03 08:00:00+00:00,9196.0
2019-11-04 08:00:00+00:00,9234.5
2019-11-05 08:00:00+00:00,9409.0
2019-11-06 08:00:00+00:00,9256.0
2019-11-07 08:00:00+00:00,9132.5
2019-11-08 08:00:00+00:00,8808.5
2019-11-09 08:00:00+00:00,8848.0
2019-11-10 08:00:00+00:00,8800.5
2019-11-11 08:00:00+00:00,8770.0
2019-11-12 08:00:00+00:00,8734.0
2019-11-13 08:00:00+00:00,8643.5
2019-11-14 08:00:00+00:00,8555.0
2019-11-15 08:00:00+00:00,8474.0
2019-11-16 08:00:00+00:00,8422.0
2019-11-17 08:00:00+00:00,8446.0
2019-11-18 08:00:00+00:00,8116.5
2019-11-19 08:00:00+00:00,8120.0
2019-11-20 08:00:00+00:00,8075.5
2019-11-21 08:00:00+00:00,7555.0
2019-11-22 08:00:00+00:00,7191.0
2019-11-23 08:00:00+00:00,7185.5
2019-11-24 08:00:00+00:00,6676.5
2019-11-25 08:00:00+00:00,7171.0
2019-11-26 08:00:00+00:00,7070.5
2019-11-27 08:00:00+00:00,7507.0
2019-11-28 08:00:00+00:00,7523.0
2019-11-29 08:00:00+00:00,7758.5
2019-11-30 08:00:00+00:00,7284.0
2019-12-01 08:00:00+00:00,7254.5
2019-12-02 08:00:00+00:00,7294.5
2019-12-03 08:00:00+00:00,7136.0
2019-12-04 08:00:00+00:00,7307.0
2019-12-05 08:00:00+00:00,7376.0
2019-12-06 08:00:00+00:00,7537.0
2019-12-07 08:00:00+00:00,7448.0
2019-12-08 08:00:00+00:00,7473.5
2019-12-09 08:00:00+00:00,7344.5
2019-12-10 08:00:00+00:00,7212.0
2019-12-11 08:00:00+00:00,7138.5
2019-12-12 08:00:00+00:00,7232.0
2019-12-13 08:00:00+00:00,7254.5
2019-12-14 08:00:00+00:00,7141.5
2019-12-15 08:00:00+00:00,7055.5
2019-12-16 08:00:00+00:00,6864.5
2019-12-17 08:00:00+00:00,6616.5
2019-12-18 08:00:00+00:00,7093.0
2019-12-19 08:00:00+00:00,7144.5
2019-12-20 08:00:00+00:00,7135.0
2019-12-21 08:00:00+00:00,7189.5
2019-12-22 08:00:00+00:00,7507.0
2019-12-23 08:00:00+00:00,7257.5
2019-12-24 08:00:00+00:00,7248.5
2019-12-25 08:00:00+00:00,7202.0
2019-12-26 08:00:00+00:00,7164.0
2019-12-27 08:00:00+00:00,7296.5
2019-12-28 08:00:00+00:00,7306.0
2019-12-29 08:00:00+00:00,7372.0
2019-12-30 08:00:00+00:00,7231.0
2019-12-31 08:00:00+00:00,7187.5
2020-01-01 08:00:00+00:00,7081.5
2020-01-02 08:00:00+00:00,7194.5
2020-01-03 08:00:00+00:00,7344.5
2020-01-04 08:00:00+00:00,7465.5
2020-01-05 08:00:00+00:00,7505.0
2020-01-06 08:00:00+00:00,7884.0
2020-01-07 08:00:00+00:00,8302.0
2020-01-08 08:00:00+00:00,7949.0
2020-01-09 08:00:00+00:00,7747.0
2020-01-10 08:00:00+00:00,8077.0
2020-01-11 08:00:00+00:00,8098.5
2020-01-12 08:00:00+00:00,8072.0
2020-01-13 08:00:00+00:00,8511.5
2020-01-14 08:00:00+00:00,8617.5
2020-01-15 08:00:00+00:00,8669.5
2020-01-16 08:00:00+00:00,8938.0
2020-01-17 08:00:00+00:00,8846.0
2020-01-18 08:00:00+00:00,9079.5
2020-01-19 08:00:00+00:00,8650.0
2020-01-20 08:00:00+00:00,8626.0
2020-01-21 08:00:00+00:00,8720.0
2020-01-22 08:00:00+00:00,8556.0
2020-01-23 08:00:00+00:00,8325.0
2020-01-24 08:00:00+00:00,8298.5
2020-01-25 08:00:00+00:00,8373.0
2020-01-26 08:00:00+00:00,8646.0
2020-01-27 08:00:00+00:00,9038.5
2020-01-28 08:00:00+00:00,9366.5
2020-01-29 08:00:00+00:00,9382.0
2020-01-30 08:00:00+00:00,9363.0
2020-01-31 08:00:00+00:00,9426.5
2020-02-01 08:00:00+00:00,9373.5
2020-02-02 08:00:00+00:00,9362.0
2020-02-03 08:00:00+00:00,9270.5
2020-02-04 08:00:00+00:00,9254.0
2020-02-05 08:00:00+00:00,9630.0
2020-02-06 08:00:00+00:00,9791.0
2020-02-07 08:00:00+00:00,9763.5
2020-02-08 08:00:00+00:00,10148.0
2020-02-09 08:00:00+00:00,9993.5
2020-02-10 08:00:00+00:00,9740.5
2020-02-11 08:00:00+00:00,10412.5
2020-02-12 08:00:00+00:00,10370.5
2020-02-13 08:00:00+00:00,10136.0
2020-02-14 08:00:00+00:00,10242.5
2020-02-15 08:00:00+00:00,9969.5
2020-02-16 08:00:00+00:00,9770.0
2020-02-17 08:00:00+00:00,9817.5
2020-02-18 08:00:00+00:00,10078.0
2020-02-19 08:00:00+00:00,9602.0
2020-02-20 08:00:00+00:00,9695.5
2020-02-21 08:00:00+00:00,9612.0
2020-02-22 08:00:00+00:00,9925.0
2020-02-23 08:00:00+00:00,9769.0
2020-02-24 08:00:00+00:00,9532.0
2020-02-25 08:00:00+00:00,9143.0
2020-02-26 08:00:00+00:00,8816.5
2020-02-27 08:00:00+00:00,8730.5
2020-02-28 08:00:00+00:00,8776.0
2020-02-29 08:00:00+00:00,8543.5
2020-03-01 08:00:00+00:00,8620.0
2020-03-02 08:00:00+00:00,8762.5
2020-03-03 08:00:00+00:00,8815.5
2020-03-04 08:00:00+00:00,8909.5
2020-03-05 08:00:00+00:00,9109.5
2020-03-06 08:00:00+00:00,9108.0
2020-03-07 08:00:00+00:00,8753.5
2020-03-08 08:00:00+00:00,7904.5
2020-03-09 08:00:00+00:00,7897.5
2020-03-10 08:00:00+00:00,7864.0
2020-03-11 08:00:00+00:00,7389.5
2020-03-12 08:00:00+00:00,5249.5
2020-03-13 08:00:00+00:00,5524.0
2020-03-14 08:00:00+00:00,5260.0
2020-03-15 08:00:00+00:00,4777.0
2020-03-16 08:00:00+00:00,5375.0
2020-03-17 08:00:00+00:00,5154.0
2020-03-18 08:00:00+00:00,5431.5
2020-03-19 08:00:00+00:00,6322.0
2020-03-20 08:00:00+00:00,6152.5
2020-03-21 08:00:00+00:00,6300.0
2020-03-22 08:00:00+00:00,5865.5
2020-03-23 08:00:00+00:00,6592.5
2020-03-24 08:00:00+00:00,6690.0
2020-03-25 08:00:00+00:00,6599.5
2020-03-26 08:00:00+00:00,6721.5
2020-03-27 08:00:00+00:00,6190.0
2020-03-28 08:00:00+00:00,6156.0
2020-03-29 08:00:00+00:00,6258.5
2020-03-30 08:00:00+00:00,6447.0
2020-03-31 08:00:00+00:00,6334.5
2020-04-01 08:00:00+00:00,6662.5
2020-04-02 08:00:00+00:00,6941.5
2020-04-03 08:00:00+00:00,6740.0
2020-04-04 08:00:00+00:00,6778.5
2020-04-05 08:00:00+00:00,7043.0
2020-04-06 08:00:00+00:00,7388.0
2020-04-07 08:00:00+00:00,7324.0
2020-04-08 08:00:00+00:00,7338.0
2020-04-09 08:00:00+00:00,6929.5
2020-04-10 08:00:00+00:00,6883.0
2020-04-11 08:00:00+00:00,6835.0
2020-04-12 08:00:00+00:00,6704.5
2020-04-13 08:00:00+00:00,6827.0
2020-04-14 08:00:00+00:00,6869.0
2020-04-15 08:00:00+00:00,6898.0
2020-04-16 08:00:00+00:00,7057.5
2020-04-17 08:00:00+00:00,7106.0
2020-04-18 08:00:00+00:00,7153.0
2020-04-19 08:00:00+00:00,7194.0
2020-04-20 08:00:00+00:00,6888.0
2020-04-21 08:00:00+00:00,6945.0
2020-04-22 08:00:00+00:00,7065.5
2020-04-23 08:00:00+00:00,7584.5
2020-04-24 08:00:00+00:00,7561.5
2020-04-25 08:00:00+00:00,7551.0
2020-04-26 08:00:00+00:00,7703.0
2020-04-27 08:00:00+00:00,7714.0
2020-04-28 08:00:00+00:00,7960.5
2020-04-29 08:00:00+00:00,9186.0
2020-04-30 08:00:00+00:00,8778.0
2020-05-01 08:00:00+00:00,8807.5
2020-05-02 08:00:00+00:00,8992.5
2020-05-03 08:00:00+00:00,8657.0
2020-05-04 08:00:00+00:00,9027.5
2020-05-05 08:00:00+00:00,9033.0
2020-05-06 08:00:00+00:00,9320.5
2020-05-07 08:00:00+00:00,9834.5
2020-05-08 08:00:00+00:00,9608.0
2020-05-09 08:00:00+00:00,8817.0
2020-05-10 08:00:00+00:00,8667.5
2020-05-11 08:00:00+00:00,8655.0
2020-05-12 08:00:00+00:00,8872.0
2020-05-13 08:00:00+00:00,9515.0
2020-05-14 08:00:00+00:00,9676.5
2020-05-15 08:00:00+00:00,9387.0
2020-05-16 08:00:00+00:00,9542.5
2020-05-17 08:00:00+00:00,9787.0
2020-05-18 08:00:00+00:00,9565.0
2020-05-19 08:00:00+00:00,9765.5
2020-05-20 08:00:00+00:00,9446.0
2020-05-21 08:00:00+00:00,9071.0
2020-05-22 08:00:00+00:00,9257.0
2020-05-23 08:00:00+00:00,9264.0
2020-05-24 08:00:00+00:00,8857.5
2020-05-25 08:00:00+00:00,8958.5
2020-05-26 08:00:00+00:00,8843.0
2020-05-27 08:00:00+00:00,9147.5
2020-05-28 08:00:00+00:00,9526.0
2020-05-29 08:00:00+00:00,9532.0
2020-05-30 08:00:00+00:00,9562.5
2020-05-31 08:00:00+00:00,9567.0
2020-06-01 08:00:00+00:00,10125.5
2020-06-02 08:00:00+00:00,9508.0
2020-06-03 08:00:00+00:00,9648.0
2020-06-04 08:00:00+00:00,9782.5
2020-06-05 08:00:00+00:00,9604.0
2020-06-06 08:00:00+00:00,9657.0
2020-06-07 08:00:00+00:00,9734.0
2020-06-08 08:00:00+00:00,9686.5
2020-06-09 08:00:00+00:00,9754.0
2020-06-10 08:00:00+00:00,9798.5
2020-06-11 08:00:00+00:00,9426.5
2020-06-12 08:00:00+00:00,9442.0
2020-06-13 08:00:00+00:00,9410.5
2020-06-14 08:00:00+00:00,9104.0
2020-06-15 08:00:00+00:00,9507.0
2020-06-16 08:00:00+00:00,9513.0
2020-06-17 08:00:00+00:00,9431.0
2020-06-18 08:00:00+00:00,9288.0
2020-06-19 08:00:00+00:00,9296.5
2020-06-20 08:00:00+00:00,9370.5
2020-06-21 08:00:00+00:00,9422.5
2020-06-22 08:00:00+00:00,9665.0
2020-06-23 08:00:00+00:00,9505.5
2020-06-24 08:00:00+00:00,9160.0
2020-06-25 08:00:00+00:00,9115.5
2020-06-26 08:00:00+00:00,9162.0
2020-06-27 08:00:00+00:00,9020.0
2020-06-28 08:00:00+00:00,9084.5
2020-06-29 08:00:00+00:00,9136.0
2020-06-30 08:00:00+00:00,9138.5
2020-07-01 08:00:00+00:00,9211.0
2020-07-02 08:00:00+00:00,9100.5
2020-07-03 08:00:00+00:00,9076.5
2020-07-04 08:00:00+00:00,9063.0
2020-07-05 08:00:00+00:00,9199.5
2020-07-06 08:00:00+00:00,9265.5
2020-07-07 08:00:00+00:00,9288.5
2020-07-08 08:00:00+00:00,9406.5
2020-07-09 08:00:00+00:00,9147.0
2020-07-10 08:00:00+00:00,9274.5
2020-07-11 08:00:00+00:00,9260.0
2020-07-12 08:00:00+00:00,9274.5
2020-07-13 08:00:00+00:00,9184.0
2020-07-14 08:00:00+00:00,9232.5
2020-07-15 08:00:00+00:00,9114.0
2020-07-16 08:00:00+00:00,9100.5
2020-07-17 08:00:00+00:00,9139.0
2020-07-18 08:00:00+00:00,9155.0
2020-07-19 08:00:00+00:00,9185.5
2020-07-20 08:00:00+00:00,9329.5
2020-07-21 08:00:00+00:00,9311.0
2020-07-22 08:00:00+00:00,9513.0
2020-07-23 08:00:00+00:00,9525.0
2020-07-24 08:00:00+00:00,9586.5
2020-07-25 08:00:00+00:00,9735.0
2020-07-26 08:00:00+00:00,10175.5
2020-07-27 08:00:00+00:00,10909.0
2020-07-28 08:00:00+00:00,11039.0
2020-07-29 08:00:00+00:00,10958.0
2020-07-30 08:00:00+00:00,11168.5
2020-07-31 08:00:00+00:00,11677.0
2020-08-01 08:00:00+00:00,11332.5
2020-08-02 08:00:00+00:00,11208.0
2020-08-03 08:00:00+00:00,11307.5
2020-08-04 08:00:00+00:00,11285.5
2020-08-05 08:00:00+00:00,11654.5
2020-08-06 08:00:00+00:00,11800.0
2020-08-07 08:00:00+00:00,11600.5
2020-08-08 08:00:00+00:00,11715.0
2020-08-09 08:00:00+00:00,11997.0
2020-08-10 08:00:00+00:00,11764.0
2020-08-11 08:00:00+00:00,11451.0
2020-08-12 08:00:00+00:00,11537.0
2020-08-13 08:00:00+00:00,11729.5
2020-08-14 08:00:00+00:00,11909.5
2020-08-15 08:00:00+00:00,11882.5
2020-08-16 08:00:00+00:00,11827.5
2020-08-17 08:00:00+00:00,12274.5
2020-08-18 08:00:00+00:00,11821.5
2020-08-19 08:00:00+00:00,11705.0
2020-08-20 08:00:00+00:00,11845.5
2020-08-21 08:00:00+00:00,11587.5
2020-08-22 08:00:00+00:00,11627.0
2020-08-23 08:00:00+00:00,11764.5
2020-08-24 08:00:00+00:00,11588.0
2020-08-25 08:00:00+00:00,11350.5
2020-08-26 08:00:00+00:00,11379.0
2020-08-27 08:00:00+00:00,11381.5
2020-08-28 08:00:00+00:00,11571.0
2020-08-29 08:00:00+00:00,11605.5
2020-08-30 08:00:00+00:00,11631.5
2020-08-31 08:00:00+00:00,11944.0
2020-09-01 08:00:00+00:00,11739.5
2020-09-02 08:00:00+00:00,11414.5
2020-09-03 08:00:00+00:00,10302.0
2020-09-04 08:00:00+00:00,10409.5
2020-09-05 08:00:00+00:00,10237.5
2020-09-06 08:00:00+00:00,10121.0
2020-09-07 08:00:00+00:00,10271.5
2020-09-08 08:00:00+00:00,10192.5
2020-09-09 08:00:00+00:00,10282.0
2020-09-10 08:00:00+00:00,10258.0
2020-09-11 08:00:00+00:00,10348.5
2020-09-12 08:00:00+00:00,10546.0
2020-09-13 08:00:00+00:00,10406.5
2020-09-14 08:00:00+00:00,10748.0
2020-09-15 08:00:00+00:00,10925.5
2020-09-16 08:00:00+00:00,10898.0
2020-09-17 08:00:00+00:00,10967.0
2020-09-18 08:00:00+00:00,10911.0
2020-09-19 08:00:00+00:00,10968.0
2020-09-20 08:00:00+00:00,10907.5
2020-09-21 08:00:00+00:00,10376.5
2020-09-22 08:00:00+00:00,10429.5
2020-09-23 08:00:00+00:00,10338.5
2020-09-24 08:00:00+00:00,10687.5
2020-09-25 08:00:00+00:00,10720.5
2020-09-26 08:00:00+00:00,10675.5
2020-09-27 08:00:00+00:00,10865.0
2020-09-28 08:00:00+00:00,10725.5
2020-09-29 08:00:00+00:00,10704.0
2020-09-30 08:00:00+00:00,10833.5
2020-10-01 08:00:00+00:00,10487.5
2020-10-02 08:00:00+00:00,10533.0
2020-10-03 08:00:00+00:00,10612.5
2020-10-04 08:00:00+00:00,10695.0
2020-10-05 08:00:00+00:00,10719.0
2020-10-06 08:00:00+00:00,10620.0
2020-10-07 08:00:00+00:00,10594.5
2020-10-08 08:00:00+00:00,10904.5
2020-10-09 08:00:00+00:00,11397.5
2020-10-10 08:00:00+00:00,11367.5
2020-10-11 08:00:00+00:00,11384.0
2020-10-12 08:00:00+00:00,11464.0
2020-10-13 08:00:00+00:00,11424.5
2020-10-14 08:00:00+00:00,11410.5
2020-10-15 08:00:00+00:00,11322.0
2020-10-16 08:00:00+00:00,11350.5
2020-10-17 08:00:00+00:00,11459.5
2020-10-18 08:00:00+00:00,11466.0
2020-10-19 08:00:00+00:00,11745.0
2020-10-20 08:00:00+00:00,12216.5
2020-10-21 08:00:00+00:00,12768.0
2020-10-22 08:00:00+00:00,12901.5
2020-10-23 08:00:00+00:00,12944.5
2020-10-24 08:00:00+00:00,13042.5
2020-10-25 08:00:00+00:00,13045.5
2020-10-26 08:00:00+00:00,13155.0
2020-10-27 08:00:00+00:00,13678.5
2020-10-28 08:00:00+00:00,13144.0
2020-10-29 08:00:00+00:00,13228.5
2020-10-30 08:00:00+00:00,13596.0
2020-10-31 08:00:00+00:00,13814.5
2020-11-01 08:00:00+00:00,13755.5
2020-11-02 08:00:00+00:00,13454.0
2020-11-03 08:00:00+00:00,13615.0
2020-11-04 08:00:00+00:00,14514.0
2020-11-05 08:00:00+00:00,15786.5
2020-11-06 08:00:00+00:00,15481.0
2020-11-07 08:00:00+00:00,14959.5
2020-11-08 08:00:00+00:00,15332.0
2020-11-09 08:00:00+00:00,15297.0
2020-11-10 08:00:00+00:00,15430.0
2020-11-11 08:00:00+00:00,15888.5
2020-11-12 08:00:00+00:00,16294.0
2020-11-13 08:00:00+00:00,16105.0
2020-11-14 08:00:00+00:00,16051.0
2020-11-15 08:00:00+00:00,16268.5
2020-11-16 08:00:00+00:00,16772.0
2020-11-17 08:00:00+00:00,18110.0
2020-11-18 08:00:00+00:00,17672.5
2020-11-19 08:00:00+00:00,18252.5
2020-11-20 08:00:00+00:00,18688.5
2020-11-21 08:00:00+00:00,18523.0
2020-11-22 08:00:00+00:00,18494.0
2020-11-23 08:00:00+00:00,18405.5
2020-11-24 08:00:00+00:00,19006.0
2020-11-25 08:00:00+00:00,17632.0
2020-11-26 08:00:00+00:00,17104.5
2020-11-27 08:00:00+00:00,17038.0
2020-11-28 08:00:00+00:00,17845.5
2020-11-29 08:00:00+00:00,18653.0
2020-11-30 08:00:00+00:00,19551.0
2020-12-01 08:00:00+00:00,19140.0
2020-12-02 08:00:00+00:00,19223.5
2020-12-03 08:00:00+00:00,19332.5
2020-12-04 08:00:00+00:00,18939.5
2020-12-05 08:00:00+00:00,19255.0
2020-12-06 08:00:00+00:00,19399.5
2020-12-07 08:00:00+00:00,19164.0
2020-12-08 08:00:00+00:00,17928.5
2020-12-09 08:00:00+00:00,18347.5
2020-12-10 08:00:00+00:00,17790.0
2020-12-11 08:00:00+00:00,18393.0
2020-12-12 08:00:00+00:00,19273.0
2020-12-13 08:00:00+00:00,19171.5
2020-12-14 08:00:00+00:00,19208.5
2020-12-15 08:00:00+00:00,19442.0
2020-12-16 08:00:00+00:00,22518.5
2020-12-17 08:00:00+00:00,23108.5
2020-12-18 08:00:00+00:00,22920.0
2020-12-19 08:00:00+00:00,23668.0
2020-12-20 08:00:00+00:00,24021.5
2020-12-21 08:00:00+00:00,22669.0
2020-12-22 08:00:00+00:00,23579.0
2020-12-23 08:00:00+00:00,23176.0
2020-12-24 08:00:00+00:00,23678.5
2020-12-25 08:00:00+00:00,24813.0
2020-12-26 08:00:00+00:00,27639.0
2020-12-27 08:00:00+00:00,26989.0
2020-12-28 08:00:00+00:00,26395.0
2020-12-29 08:00:00+00:00,28401.5
2020-12-30 08:00:00+00:00,29200.0
2020-12-31 08:00:00+00:00,29186.0
2021-01-01 08:00:00+00:00,29850.0
2021-01-02 08:00:00+00:00,34520.0
2021-01-03 08:00:00+00:00,32238.0
2021-01-04 08:00:00+00:00,30836.5
2021-01-05 08:00:00+00:00,34838.0
2021-01-06 08:00:00+00:00,36944.0
2021-01-07 08:00:00+00:00,38966.5
2021-01-08 08:00:00+00:00,39696.5
2021-01-09 08:00:00+00:00,41149.5
2021-01-10 08:00:00+00:00,34405.5
2021-01-11 08:00:00+00:00,36495.0
2021-01-12 08:00:00+00:00,35006.5
2021-01-13 08:00:00+00:00,38275.0
2021-01-14 08:00:00+00:00,38499.0
2021-01-15 08:00:00+00:00,36606.5
2021-01-16 08:00:00+00:00,34780.0
2021-01-17 08:00:00+00:00,36136.0
2021-01-18 08:00:00+00:00,37260.0
2021-01-19 08:00:00+00:00,35701.0
2021-01-20 08:00:00+00:00,34622.5
2021-01-21 08:00:00+00:00,30774.0
2021-01-22 08:00:00+00:00,32979.5
2021-01-23 08:00:00+00:00,32824.0
2021-01-24 08:00:00+00:00,33402.0
2021-01-25 08:00:00+00:00,31663.5
2021-01-26 08:00:00+00:00,31791.0
2021-01-27 08:00:00+00:00,31204.0
2021-01-28 08:00:00+00:00,32313.5
2021-01-29 08:00:00+00:00,34039.5
2021-01-30 08:00:00+00:00,33629.5
2021-01-31 08:00:00+00:00,33849.0
2021-02-01 08:00:00+00:00,34275.0
2021-02-02 08:00:00+00:00,36397.0
2021-02-03 08:00:00+00:00,37940.5
2021-02-04 08:00:00+00:00,37755.0
2021-02-05 08:00:00+00:00,39454.5
2021-02-06 08:00:00+00:00,39106.5
2021-02-07 08:00:00+00:00,39344.5
2021-02-08 08:00:00+00:00,47691.5
2021-02-09 08:00:00+00:00,46715.0
2021-02-10 08:00:00+00:00,44791.0
2021-02-11 08:00:00+00:00,47479.5
2021-02-12 08:00:00+00:00,47126.0
2021-02-13 08:00:00+00:00,48887.0
2021-02-14 08:00:00+00:00,47337.5
2021-02-15 08:00:00+00:00,49224.5
2021-02-16 08:00:00+00:00,51267.5
2021-02-17 08:00:00+00:00,52032.0
2021-02-18 08:00:00+00:00,51743.0
2021-02-19 08:00:00+00:00,55339.5
2021-02-20 08:00:00+00:00,56158.0
2021-02-21 08:00:00+00:00,56526.0
2021-02-22 08:00:00+00:00,49679.5
2021-02-23 08:00:00+00:00,50114.0
2021-02-24 08:00:00+00:00,50455.5
2021-02-25 08:00:00+00:00,44988.5
2021-02-26 08:00:00+00:00,47197.0
2021-02-27 08:00:00+00:00,44471.0
2021-02-28 08:00:00+00:00,46362.0
2021-03-01 08:00:00+00:00,48410.0
2021-03-02 08:00:00+00:00,49844.0
2021-03-03 08:00:00+00:00,49743.5
2021-03-04 08:00:00+00:00,47389.5
2021-03-05 08:00:00+00:00,48863.5
2021-03-06 08:00:00+00:00,50118.0
2021-03-07 08:00:00+00:00,49810.0
2021-03-08 08:00:00+00:00,53615.0
2021-03-09 08:00:00+00:00,54251.0
2021-03-10 08:00:00+00:00,55041.0
2021-03-11 08:00:00+00:00,56760.5
2021-03-12 08:00:00+00:00,57430.5
2021-03-13 08:00:00+00:00,60557.0
2021-03-14 08:00:00+00:00,57878.0
2021-03-15 08:00:00+00:00,55253.0
2021-03-16 08:00:00+00:00,55875.0
2021-03-17 08:00:00+00:00,58406.0
2021-03-18 08:00:00+00:00,57842.5
2021-03-19 08:00:00+00:00,58449.0
2021-03-20 08:00:00+00:00,57058.5
2021-03-21 08:00:00+00:00,57627.0
2021-03-22 08:00:00+00:00,54175.0
2021-03-23 08:00:00+00:00,55527.5
2021-03-24 08:00:00+00:00,52275.0
2021-03-25 08:00:00+00:00,53608.0
2021-03-26 08:00:00+00:00,55009.0
2021-03-27 08:00:00+00:00,56250.0
2021-03-28 08:00:00+00:00,55961.0
2021-03-29 08:00:00+00:00,58202.0
2021-03-30 08:00:00+00:00,58184.0
2021-03-31 08:00:00+00:00,58912.5
2021-04-01 08:00:00+00:00,59508.0
2021-04-02 08:00:00+00:00,59375.0
2021-04-03 08:00:00+00:00,57696.5
2021-04-04 08:00:00+00:00,57313.5
2021-04-05 08:00:00+00:00,58642.0
2021-04-06 08:00:00+00:00,57895.0
2021-04-07 08:00:00+00:00,57068.5
2021-04-08 08:00:00+00:00,58130.5
2021-04-09 08:00:00+00:00,60673.5
2021-04-10 08:00:00+00:00,59728.0
2021-04-11 08:00:00+00:00,60827.0
2021-04-12 08:00:00+00:00,61135.5
2021-04-13 08:00:00+00:00,64390.0
2021-04-14 08:00:00+00:00,62876.0
2021-04-15 08:00:00+00:00,61440.5
2021-04-16 08:00:00+00:00,62224.5
2021-04-17 08:00:00+00:00,56289.5
2021-04-18 08:00:00+00:00,57388.0
2021-04-19 08:00:00+00:00,54449.0
2021-04-20 08:00:00+00:00,55342.5
2021-04-21 08:00:00+00:00,54208.0
2021-04-22 08:00:00+00:00,47696.0
2021-04-23 08:00:00+00:00,49884.5
2021-04-24 08:00:00+00:00,49704.5
2021-04-25 08:00:00+00:00,52910.0
2021-04-26 08:00:00+00:00,54558.0
2021-04-27 08:00:00+00:00,54363.5
2021-04-28 08:00:00+00:00,54505.0
2021-04-29 08:00:00+00:00,54452.0
2021-04-30 08:00:00+00:00,57841.0
2021-05-01 08:00:00+00:00,56724.5
2021-05-02 08:00:00+00:00,58866.5
2021-05-03 08:00:00+00:00,56008.5
2021-05-04 08:00:00+00:00,54906.0
2021-05-05 08:00:00+00:00,56916.0
2021-05-06 08:00:00+00:00,55831.5
2021-05-07 08:00:00+00:00,58588.5
2021-05-08 08:00:00+00:00,58040.5
2021-05-09 08:00:00+00:00,58450.0
2021-05-10 08:00:00+00:00,55829.5
2021-05-11 08:00:00+00:00,57224.0
2021-05-12 08:00:00+00:00,50928.0
2021-05-13 08:00:00+00:00,50135.5
2021-05-14 08:00:00+00:00,48522.0
2021-05-15 08:00:00+00:00,49410.5
2021-05-16 08:00:00+00:00,45114.5
2021-05-17 08:00:00+00:00,45212.5
2021-05-18 08:00:00+00:00,40365.5
2021-05-19 08:00:00+00:00,40030.5
2021-05-20 08:00:00+00:00,39904.0
2021-05-21 08:00:00+00:00,36323.0
2021-05-22 08:00:00+00:00,35931.5
2021-05-23 08:00:00+00:00,36739.0
2021-05-24 08:00:00+00:00,39060.0
2021-05-25 08:00:00+00:00,40562.5
2021-05-26 08:00:00+00:00,38343.0
2021-05-27 08:00:00+00:00,37049.0
2021-05-28 08:00:00+00:00,36213.5
2021-05-29 08:00:00+00:00,36016.0
2021-05-30 08:00:00+00:00,35913.0
2021-05-31 08:00:00+00:00,36870.5
2021-06-01 08:00:00+00:00,37267.5
2021-06-02 08:00:00+00:00,38646.5
2021-06-03 08:00:00+00:00,36640.5
2021-06-04 08:00:00+00:00,37612.5
2021-06-05 08:00:00+00:00,36164.5
2021-06-06 08:00:00+00:00,36168.5
2021-06-07 08:00:00+00:00,32966.0
2021-06-08 08:00:00+00:00,34188.0
2021-06-09 08:00:00+00:00,36987.5
2021-06-10 08:00:00+00:00,37158.0
2021-06-11 08:00:00+00:00,35286.0
2021-06-12 08:00:00+00:00,35280.0
2021-06-13 08:00:00+00:00,39585.5
2021-06-14 08:00:00+00:00,40387.0
2021-06-15 08:00:00+00:00,40127.5
2021-06-16 08:00:00+00:00,39198.5
2021-06-17 08:00:00+00:00,37686.5
2021-06-18 08:00:00+00:00,35779.0
2021-06-19 08:00:00+00:00,35619.0
2021-06-20 08:00:00+00:00,33006.5
2021-06-21 08:00:00+00:00,32623.0
2021-06-22 08:00:00+00:00,33980.0
2021-06-23 08:00:00+00:00,32841.0
2021-06-24 08:00:00+00:00,34290.5
2021-06-25 08:00:00+00:00,30701.0
2021-06-26 08:00:00+00:00,33276.0
2021-06-27 08:00:00+00:00,35027.5
2021-06-28 08:00:00+00:00,34867.0
2021-06-29 08:00:00+00:00,35253.0
2021-06-30 08:00:00+00:00,33340.5
2021-07-01 08:00:00+00:00,33387.0
2021-07-02 08:00:00+00:00,34488.0
2021-07-03 08:00:00+00:00,35560.0
2021-07-04 08:00:00+00:00,34257.5
2021-07-05 08:00:00+00:00,34863.0
2021-07-06 08:00:00+00:00,34737.5
2021-07-07 08:00:00+00:00,32473.5
2021-07-08 08:00:00+00:00,32896.5
2021-07-09 08:00:00+00:00,33780.5
2021-07-10 08:00:00+00:00,33515.0
2021-07-11 08:00:00+00:00,34284.0
2021-07-12 08:00:00+00:00,33192.5
2021-07-13 08:00:00+00:00,31918.0
2021-07-14 08:00:00+00:00,32456.5
2021-07-15 08:00:00+00:00,31794.5
2021-07-16 08:00:00+00:00,31518.0
2021-07-17 08:00:00+00:00,31700.0
2021-07-18 08:00:00+00:00,31606.0
2021-07-19 08:00:00+00:00,29824.0
2021-07-20 08:00:00+00:00,30822.0
2021-07-21 08:00:00+00:00,32124.0
2021-07-22 08:00:00+00:00,32493.0
2021-07-23 08:00:00+00:00,33845.0
2021-07-24 08:00:00+00:00,34727.0
2021-07-25 08:00:00+00:00,38201.0
2021-07-26 08:00:00+00:00,37162.5
2021-07-27 08:00:00+00:00,39924.5
2021-07-28 08:00:00+00:00,39971.5
2021-07-29 08:00:00+00:00,39787.5
2021-07-30 08:00:00+00:00,41599.5
2021-07-31 08:00:00+00:00,41754.0
2021-08-01 08:00:00+00:00,40087.0
2021-08-02 08:00:00+00:00,38562.0
2021-08-03 08:00:00+00:00,37799.5
2021-08-04 08:00:00+00:00,38870.5
2021-08-05 08:00:00+00:00,40746.5
2021-08-06 08:00:00+00:00,43257.0
2021-08-07 08:00:00+00:00,44905.5
2021-08-08 08:00:00+00:00,43863.0
2021-08-09 08:00:00+00:00,45990.5
2021-08-10 08:00:00+00:00,46404.0
2021-08-11 08:00:00+00:00,45292.0
2021-08-12 08:00:00+00:00,46129.5
2021-08-13 08:00:00+00:00,47652.5
2021-08-14 08:00:00+00:00,45778.0
2021-08-15 08:00:00+00:00,47334.0
2021-08-16 08:00:00+00:00,45942.5
2021-08-17 08:00:00+00:00,44979.0
2021-08-18 08:00:00+00:00,44723.0
2021-08-19 08:00:00+00:00,46812.0
2021-08-20 08:00:00+00:00,48996.5
2021-08-21 08:00:00+00:00,49253.0
2021-08-22 08:00:00+00:00,50203.0
2021-08-23 08:00:00+00:00,49841.0
2021-08-24 08:00:00+00:00,48160.0
2021-08-25 08:00:00+00:00,46885.0
2021-08-26 08:00:00+00:00,47534.0
2021-08-27 08:00:00+00:00,48990.5
2021-08-28 08:00:00+00:00,48525.5
2021-08-29 08:00:00+00:00,47978.5
2021-08-30 08:00:00+00:00,47784.0
2021-08-31 08:00:00+00:00,47216.5
2021-09-01 08:00:00+00:00,49890.0
2021-09-02 08:00:00+00:00,49320.0
2021-09-03 08:00:00+00:00,50220.5
2021-09-04 08:00:00+00:00,49900.5
2021-09-05 08:00:00+00:00,51865.0
2021-09-06 08:00:00+00:00,52379.5
2021-09-07 08:00:00+00:00,45093.5
2021-09-08 08:00:00+00:00,46307.0
2021-09-09 08:00:00+00:00,46190.5
2021-09-10 08:00:00+00:00,45051.5
2021-09-11 08:00:00+00:00,45393.5
2021-09-12 08:00:00+00:00,44480.5
2021-09-13 08:00:00+00:00,45758.5
2021-09-14 08:00:00+00:00,47227.5
2021-09-15 08:00:00+00:00,48363.5
2021-09-16 08:00:00+00:00,47734.0
2021-09-17 08:00:00+00:00,48646.0
2021-09-18 08:00:00+00:00,48163.0
2021-09-19 08:00:00+00:00,44824.0
2021-09-20 08:00:00+00:00,43288.5
2021-09-21 08:00:00+00:00,42555.5
2021-09-22 08:00:00+00:00,44237.5
2021-09-23 08:00:00+00:00,44802.5
2021-09-24 08:00:00+00:00,42385.5
2021-09-25 08:00:00+00:00,41273.0
2021-09-26 08:00:00+00:00,43731.0
2021-09-27 08:00:00+00:00,41786.5
2021-09-28 08:00:00+00:00,42460.0
2021-09-29 08:00:00+00:00,43293.0
2021-09-30 08:00:00+00:00,44824.0
2021-10-01 08:00:00+00:00,47744.0
2021-10-02 08:00:00+00:00,47914.0
2021-10-03 08:00:00+00:00,47884.0
2021-10-04 08:00:00+00:00,49494.5
2021-10-05 08:00:00+00:00,51459.0
2021-10-06 08:00:00+00:00,54826.0
2021-10-07 08:00:00+00:00,54886.0
2021-10-08 08:00:00+00:00,54979.0
2021-10-09 08:00:00+00:00,55728.5
2021-10-10 08:00:00+00:00,56856.5
2021-10-11 08:00:00+00:00,57410.0
2021-10-12 08:00:00+00:00,54671.5
2021-10-13 08:00:00+00:00,57410.0
2021-10-14 08:00:00+00:00,59326.0
2021-10-15 08:00:00+00:00,61758.0
2021-10-16 08:00:00+00:00,60393.0
2021-10-17 08:00:00+00:00,61905.5
2021-10-18 08:00:00+00:00,62300.5
2021-10-19 08:00:00+00:00,64071.0
2021-10-20 08:00:00+00:00,65167.0
2021-10-21 08:00:00+00:00,63420.5
2021-10-22 08:00:00+00:00,60900.5
2021-10-23 08:00:00+00:00,60747.0
2021-10-24 08:00:00+00:00,62675.5
2021-10-25 08:00:00+00:00,62478.0
2021-10-26 08:00:00+00:00,59974.5
2021-10-27 08:00:00+00:00,59072.5
2021-10-28 08:00:00+00:00,60638.5
2021-10-29 08:00:00+00:00,61648.0
2021-10-30 08:00:00+00:00,61417.0
2021-10-31 08:00:00+00:00,62236.5
2021-11-01 08:00:00+00:00,61632.0
2021-11-02 08:00:00+00:00,63478.0
2021-11-03 08:00:00+00:00,61946.0
2021-11-04 08:00:00+00:00,62144.0
2021-11-05 08:00:00+00:00,60807.0
2021-11-06 08:00:00+00:00,61828.0
2021-11-07 08:00:00+00:00,66023.5
2021-11-08 08:00:00+00:00,67949.0
2021-11-09 08:00:00+00:00,66502.0
2021-11-10 08:00:00+00:00,65272.5
2021-11-11 08:00:00+00:00,64592.0
2021-11-12 08:00:00+00:00,64041.5
2021-11-13 08:00:00+00:00,64623.5
2021-11-14 08:00:00+00:00,65588.5
2021-11-15 08:00:00+00:00,60787.5
2021-11-16 08:00:00+00:00,59727.0
2021-11-17 08:00:00+00:00,59763.5
2021-11-18 08:00:00+00:00,56004.5
2021-11-19 08:00:00+00:00,58436.5
2021-11-20 08:00:00+00:00,58998.0
2021-11-21 08:00:00+00:00,57340.0
2021-11-22 08:00:00+00:00,56055.5
2021-11-23 08:00:00+00:00,56543.0
2021-11-24 08:00:00+00:00,57694.0
2021-11-25 08:00:00+00:00,57044.5
2021-11-26 08:00:00+00:00,54405.5
2021-11-27 08:00:00+00:00,54582.5
2021-11-28 08:00:00+00:00,57589.5
2021-11-29 08:00:00+00:00,56541.0
2021-11-30 08:00:00+00:00,57223.0
2021-12-01 08:00:00+00:00,56868.0
2021-12-02 08:00:00+00:00,56768.0
2021-12-03 08:00:00+00:00,47392.5
2021-12-04 08:00:00+00:00,49386.5
2021-12-05 08:00:00+00:00,48479.5
2021-12-06 08:00:00+00:00,51032.0
2021-12-07 08:00:00+00:00,50551.0
2021-12-08 08:00:00+00:00,50057.5
2021-12-09 08:00:00+00:00,47735.5
2021-12-10 08:00:00+00:00,48080.0
2021-12-11 08:00:00+00:00,49377.0
2021-12-12 08:00:00+00:00,48784.0
2021-12-13 08:00:00+00:00,47029.0
2021-12-14 08:00:00+00:00,48247.0
2021-12-15 08:00:00+00:00,48770.0
2021-12-16 08:00:00+00:00,46995.0
2021-12-17 08:00:00+00:00,46406.0
2021-12-18 08:00:00+00:00,47533.0
2021-12-19 08:00:00+00:00,46432.5
2021-12-20 08:00:00+00:00,48641.0
2021-12-21 08:00:00+00:00,49265.5
2021-12-22 08:00:00+00:00,48164.5
2021-12-23 08:00:00+00:00,51061.0
2021-12-24 08:00:00+00:00,50973.0
2021-12-25 08:00:00+00:00,49982.5
2021-12-26 08:00:00+00:00,50767.5
2021-12-27 08:00:00+00:00,49256.5
2021-12-28 08:00:00+00:00,47601.5
2021-12-29 08:00:00+00:00,46999.5
2021-12-30 08:00:00+00:00,47184.0
2021-12-31 08:00:00+00:00,47255.0
2022-01-01 08:00:00+00:00,47193.5
2022-01-02 08:00:00+00:00,47061.0
2022-01-03 08:00:00+00:00,46571.0
2022-01-04 08:00:00+00:00,46427.0
2022-01-05 08:00:00+00:00,43241.0
2022-01-06 08:00:00+00:00,41721.5
2022-01-07 08:00:00+00:00,41918.5
2022-01-08 08:00:00+00:00,41817.5
2022-01-09 08:00:00+00:00,42056.5
2022-01-10 08:00:00+00:00,42197.5
2022-01-11 08:00:00+00:00,42559.5
2022-01-12 08:00:00+00:00,43718.5
2022-01-13 08:00:00+00:00,42633.5
2022-01-14 08:00:00+00:00,43062.0
2022-01-15 08:00:00+00:00,43205.5
2022-01-16 08:00:00+00:00,42674.5
2022-01-17 08:00:00+00:00,42050.5
2022-01-18 08:00:00+00:00,41255.5
2022-01-19 08:00:00+00:00,42088.0
2022-01-20 08:00:00+00:00,39115.0
2022-01-21 08:00:00+00:00,35374.5
2022-01-22 08:00:00+00:00,35588.5
2022-01-23 08:00:00+00:00,34878.5
2022-01-24 08:00:00+00:00,36084.5
2022-01-25 08:00:00+00:00,37365.0
2022-01-26 08:00:00+00:00,36194.5
2022-01-27 08:00:00+00:00,36823.5
2022-01-28 08:00:00+00:00,37857.0
2022-01-29 08:00:00+00:00,38270.0
2022-01-30 08:00:00+00:00,37125.5
2022-01-31 08:00:00+00:00,38477.0
2022-02-01 08:00:00+00:00,38289.0
2022-02-02 08:00:00+00:00,37046.0
2022-02-03 08:00:00+00:00,37886.5
2022-02-04 08:00:00+00:00,41423.5
2022-02-05 08:00:00+00:00,41662.0
2022-02-06 08:00:00+00:00,42771.0
2022-02-07 08:00:00+00:00,44905.5
2022-02-08 08:00:00+00:00,43834.0
2022-02-09 08:00:00+00:00,44144.5
2022-02-10 08:00:00+00:00,43395.0
2022-02-11 08:00:00+00:00,42129.5
2022-02-12 08:00:00+00:00,42440.0
2022-02-13 08:00:00+00:00,42339.5
2022-02-14 08:00:00+00:00,43723.0
2022-02-15 08:00:00+00:00,44232.5
2022-02-16 08:00:00+00:00,43950.5
2022-02-17 08:00:00+00:00,40656.0
2022-02-18 08:00:00+00:00,40288.5
2022-02-19 08:00:00+00:00,38814.0
2022-02-20 08:00:00+00:00,39306.5
2022-02-21 08:00:00+00:00,36765.5
2022-02-22 08:00:00+00:00,38180.5
2022-02-23 08:00:00+00:00,35307.5
2022-02-24 08:00:00+00:00,38516.5
2022-02-25 08:00:00+00:00,39218.5
2022-02-26 08:00:00+00:00,38800.5
2022-02-27 08:00:00+00:00,38341.5
2022-02-28 08:00:00+00:00,43510.5
2022-03-01 08:00:00+00:00,44012.5
2022-03-02 08:00:00+00:00,43506.0
2022-03-03 08:00:00+00:00,41462.5
2022-03-04 08:00:00+00:00,38996.0
2022-03-05 08:00:00+00:00,39375.0
2022-03-06 08:00:00+00:00,37889.0
2022-03-07 08:00:00+00:00,38545.0
2022-03-08 08:00:00+00:00,41806.5
2022-03-09 08:00:00+00:00,39254.0
2022-03-10 08:00:00+00:00,39150.0
2022-03-11 08:00:00+00:00,39098.0
2022-03-12 08:00:00+00:00,39090.0
2022-03-13 08:00:00+00:00,39085.5
2022-03-14 08:00:00+00:00,38433.0
2022-03-15 08:00:00+00:00,39603.5
2022-03-16 08:00:00+00:00,40756.0
2022-03-17 08:00:00+00:00,40592.0
2022-03-18 08:00:00+00:00,41663.0
2022-03-19 08:00:00+00:00,41892.0
2022-03-20 08:00:00+00:00,41122.5
2022-03-21 08:00:00+00:00,42253.5
2022-03-22 08:00:00+00:00,42130.5
2022-03-23 08:00:00+00:00,43083.0
2022-03-24 08:00:00+00:00,43967.0
2022-03-25 08:00:00+00:00,44567.5
2022-03-26 08:00:00+00:00,44751.5
2022-03-27 08:00:00+00:00,47027.5
2022-03-28 08:00:00+00:00,47375.0
2022-03-29 08:00:00+00:00,47404.5
2022-03-30 08:00:00+00:00,47204.0
2022-03-31 08:00:00+00:00,45017.5
2022-04-01 08:00:00+00:00,46641.0
2022-04-02 08:00:00+00:00,46385.0
2022-04-03 08:00:00+00:00,46192.5
2022-04-04 08:00:00+00:00,46739.0
2022-04-05 08:00:00+00:00,45275.0
2022-04-06 08:00:00+00:00,43430.0
2022-04-07 08:00:00+00:00,43759.5
2022-04-08 08:00:00+00:00,42482.5
2022-04-09 08:00:00+00:00,42642.0
2022-04-10 08:00:00+00:00,42326.5
2022-04-11 08:00:00+00:00,40169.0
2022-04-12 08:00:00+00:00,40117.0
2022-04-13 08:00:00+00:00,41268.5
2022-04-14 08:00:00+00:00,40233.0
2022-04-15 08:00:00+00:00,40389.0
2022-04-16 08:00:00+00:00,40287.5
2022-04-17 08:00:00+00:00,38900.5
2022-04-18 08:00:00+00:00,40680.0
2022-04-19 08:00:00+00:00,41344.0
2022-04-20 08:00:00+00:00,41864.5
2022-04-21 08:00:00+00:00,40734.5
2022-04-22 08:00:00+00:00,39608.0
2022-04-23 08:00:00+00:00,39745.5
2022-04-24 08:00:00+00:00,38474.5
2022-04-25 08:00:00+00:00,40614.5
2022-04-26 08:00:00+00:00,39130.0
2022-04-27 08:00:00+00:00,39412.5
2022-04-28 08:00:00+00:00,39628.5
2022-04-29 08:00:00+00:00,38679.0
2022-04-30 08:00:00+00:00,37988.5
2022-05-01 08:00:00+00:00,38902.5
2022-05-02 08:00:00+00:00,38579.5
2022-05-03 08:00:00+00:00,38727.0
2022-05-04 08:00:00+00:00,39618.0
2022-05-05 08:00:00+00:00,36357.0
2022-05-06 08:00:00+00:00,35881.0
2022-05-07 08:00:00+00:00,34579.5
2022-05-08 08:00:00+00:00,33507.5
2022-05-09 08:00:00+00:00,31613.5
2022-05-10 08:00:00+00:00,30610.0
2022-05-11 08:00:00+00:00,27724.0
2022-05-12 08:00:00+00:00,30114.5
2022-05-13 08:00:00+00:00,29378.5
2022-05-14 08:00:00+00:00,29782.0
2022-05-15 08:00:00+00:00,29558.5
2022-05-16 08:00:00+00:00,30375.5
2022-05-17 08:00:00+00:00,29874.0
2022-05-18 08:00:00+00:00,29179.0
2022-05-19 08:00:00+00:00,30267.5
2022-05-20 08:00:00+00:00,29418.0
2022-05-21 08:00:00+00:00,29427.0
2022-05-22 08:00:00+00:00,30434.0
2022-05-23 08:00:00+00:00,29378.0
2022-05-24 08:00:00+00:00,29682.5
2022-05-25 08:00:00+00:00,29713.0
2022-05-26 08:00:00+00:00,28958.0
2022-05-27 08:00:00+00:00,28876.0
2022-05-28 08:00:00+00:00,28988.0
2022-05-29 08:00:00+00:00,30628.0
2022-05-30 08:00:00+00:00,31574.5
2022-05-31 08:00:00+00:00,31460.5
2022-06-01 08:00:00+00:00,29946.5
2022-06-02 08:00:00+00:00,30460.0
2022-06-03 08:00:00+00:00,29671.0
2022-06-04 08:00:00+00:00,29622.0
2022-06-05 08:00:00+00:00,31290.5
2022-06-06 08:00:00+00:00,29570.0
2022-06-07 08:00:00+00:00,30548.0
2022-06-08 08:00:00+00:00,30469.0
2022-06-09 08:00:00+00:00,30054.0
2022-06-10 08:00:00+00:00,29298.5
2022-06-11 08:00:00+00:00,27606.0
2022-06-12 08:00:00+00:00,24776.0
2022-06-13 08:00:00+00:00,22844.5
2022-06-14 08:00:00+00:00,20656.0
2022-06-15 08:00:00+00:00,21741.0
2022-06-16 08:00:00+00:00,21063.5
2022-06-17 08:00:00+00:00,19213.5
2022-06-18 08:00:00+00:00,18277.5
2022-06-19 08:00:00+00:00,20057.0
2022-06-20 08:00:00+00:00,21098.0
2022-06-21 08:00:00+00:00,20074.0
2022-06-22 08:00:00+00:00,20429.0
2022-06-23 08:00:00+00:00,20923.0
2022-06-24 08:00:00+00:00,21500.0
2022-06-25 08:00:00+00:00,21392.5
2022-06-26 08:00:00+00:00,21353.5
2022-06-27 08:00:00+00:00,20857.0
2022-06-28 08:00:00+00:00,20061.0
2022-06-29 08:00:00+00:00,19422.0
2022-06-30 08:00:00+00:00,19548.5
2022-07-01 08:00:00+00:00,19096.5
2022-07-02 08:00:00+00:00,19118.5
2022-07-03 08:00:00+00:00,19105.0
2022-07-04 08:00:00+00:00,20194.5
2022-07-05 08:00:00+00:00,20151.5
2022-07-06 08:00:00+00:00,20436.5
2022-07-07 08:00:00+00:00,21796.5
2022-07-08 08:00:00+00:00,21643.0
2022-07-09 08:00:00+00:00,21327.5
2022-07-10 08:00:00+00:00,20435.0
2022-07-11 08:00:00+00:00,19714.5
2022-07-12 08:00:00+00:00,19695.0
2022-07-13 08:00:00+00:00,19976.5
2022-07-14 08:00:00+00:00,20818.0
2022-07-15 08:00:00+00:00,20540.0
2022-07-16 08:00:00+00:00,21472.5
2022-07-17 08:00:00+00:00,22257.0
2022-07-18 08:00:00+00:00,21777.0
2022-07-19 08:00:00+00:00,23405.0
2022-07-20 08:00:00+00:00,22938.5
2022-07-21 08:00:00+00:00,23141.5
2022-07-22 08:00:00+00:00,22768.5
2022-07-23 08:00:00+00:00,22699.5
2022-07-24 08:00:00+00:00,21964.0
2022-07-25 08:00:00+00:00,21060.0
2022-07-26 08:00:00+00:00,21350.0
2022-07-27 08:00:00+00:00,22949.5
2022-07-28 08:00:00+00:00,23976.5
2022-07-29 08:00:00+00:00,23905.5
2022-07-30 08:00:00+00:00,23723.0
2022-07-31 08:00:00+00:00,23343.5
2022-08-01 08:00:00+00:00,22900.0
2022-08-02 08:00:00+00:00,22990.0
2022-08-03 08:00:00+00:00,22952.0
2022-08-04 08:00:00+00:00,23191.5
2022-08-05 08:00:00+00:00,23210.5
2022-08-06 08:00:00+00:00,23028.0
2022-08-07 08:00:00+00:00,23831.5
2022-08-08 08:00:00+00:00,23888.5
2022-08-09 08:00:00+00:00,22974.5
2022-08-10 08:00:00+00:00,24458.5
2022-08-11 08:00:00+00:00,23998.0
2022-08-12 08:00:00+00:00,24601.0
2022-08-13 08:00:00+00:00,24909.0
2022-08-14 08:00:00+00:00,24045.5
2022-08-15 08:00:00+00:00,24084.5
2022-08-16 08:00:00+00:00,23790.0
2022-08-17 08:00:00+00:00,23415.0
2022-08-18 08:00:00+00:00,21894.5
2022-08-19 08:00:00+00:00,21299.5
2022-08-20 08:00:00+00:00,21260.0
2022-08-21 08:00:00+00:00,21102.0
2022-08-22 08:00:00+00:00,21309.5
2022-08-23 08:00:00+00:00,21318.5
2022-08-24 08:00:00+00:00,21752.0
2022-08-25 08:00:00+00:00,21449.5
2022-08-26 08:00:00+00:00,20268.5
2022-08-27 08:00:00+00:00,20047.0
2022-08-28 08:00:00+00:00,19900.5
2022-08-29 08:00:00+00:00,20435.5
2022-08-30 08:00:00+00:00,20257.5
2022-08-31 08:00:00+00:00,19887.0
2022-09-01 08:00:00+00:00,20120.0
2022-09-02 08:00:00+00:00,19817.0
2022-09-03 08:00:00+00:00,19628.0
2022-09-04 08:00:00+00:00,19754.5
2022-09-05 08:00:00+00:00,19911.5
2022-09-06 08:00:00+00:00,18795.0
2022-09-07 08:00:00+00:00,19178.5
2022-09-08 08:00:00+00:00,20643.5
2022-09-09 08:00:00+00:00,21290.5
2022-09-10 08:00:00+00:00,21622.0
2022-09-11 08:00:00+00:00,22210.0
2022-09-12 08:00:00+00:00,22289.0
2022-09-13 08:00:00+00:00,20237.0
2022-09-14 08:00:00+00:00,20208.0
2022-09-15 08:00:00+00:00,19734.5
2022-09-16 08:00:00+00:00,19830.5
2022-09-17 08:00:00+00:00,20053.0
2022-09-18 08:00:00+00:00,18464.0
2022-09-19 08:00:00+00:00,19361.0
2022-09-20 08:00:00+00:00,18950.5
2022-09-21 08:00:00+00:00,18922.0
2022-09-22 08:00:00+00:00,19209.5
2022-09-23 08:00:00+00:00,18999.5
2022-09-24 08:00:00+00:00,19094.5
2022-09-25 08:00:00+00:00,18901.0
2022-09-26 08:00:00+00:00,20184.0
2022-09-27 08:00:00+00:00,18777.5
2022-09-28 08:00:00+00:00,19360.5
2022-09-29 08:00:00+00:00,19563.5
2022-09-30 08:00:00+00:00,19316.5
2022-10-01 08:00:00+00:00,19273.5
2022-10-02 08:00:00+00:00,19199.5
2022-10-03 08:00:00+00:00,19969.0
2022-10-04 08:00:00+00:00,20236.5
2022-10-05 08:00:00+00:00,20227.0
2022-10-06 08:00:00+00:00,19939.5
2022-10-07 08:00:00+00:00,19500.0
2022-10-08 08:00:00+00:00,19404.0
2022-10-09 08:00:00+00:00,19413.5
2022-10-10 08:00:00+00:00,19079.0
2022-10-11 08:00:00+00:00,19102.0
2022-10-12 08:00:00+00:00,19001.5
2022-10-13 08:00:00+00:00,19643.5
2022-10-14 08:00:00+00:00,19179.5
2022-10-15 08:00:00+00:00,19130.0
2022-10-16 08:00:00+00:00,19298.5
2022-10-17 08:00:00+00:00,19678.0
2022-10-18 08:00:00+00:00,19222.5
2022-10-19 08:00:00+00:00,19135.0
2022-10-20 08:00:00+00:00,19032.0
2022-10-21 08:00:00+00:00,19169.5
2022-10-22 08:00:00+00:00,19159.5
2022-10-23 08:00:00+00:00,19329.0
2022-10-24 08:00:00+00:00,19308.5
2022-10-25 08:00:00+00:00,20365.0
2022-10-26 08:00:00+00:00,20717.5
2022-10-27 08:00:00+00:00,20092.0
2022-10-28 08:00:00+00:00,20779.5
2022-10-29 08:00:00+00:00,20868.0
2022-10-30 08:00:00+00:00,20561.0
2022-10-31 08:00:00+00:00,20599.5
2022-11-01 08:00:00+00:00,20429.5
2022-11-02 08:00:00+00:00,20300.5
2022-11-03 08:00:00+00:00,20629.0
2022-11-04 08:00:00+00:00,21398.0
2022-11-05 08:00:00+00:00,21210.5
2022-11-06 08:00:00+00:00,20649.5
2022-11-07 08:00:00+00:00,19822.5
2022-11-08 08:00:00+00:00,18228.5
2022-11-09 08:00:00+00:00,16680.5
2022-11-10 08:00:00+00:00,17276.5
2022-11-11 08:00:00+00:00,16770.0
2022-11-12 08:00:00+00:00,16732.0
2022-11-13 08:00:00+00:00,16786.0
2022-11-14 08:00:00+00:00,16832.0
2022-11-15 08:00:00+00:00,16823.5
2022-11-16 08:00:00+00:00,16591.0
2022-11-17 08:00:00+00:00,16731.5
2022-11-18 08:00:00+00:00,16582.5
2022-11-19 08:00:00+00:00,16698.0
2022-11-20 08:00:00+00:00,16002.5
2022-11-21 08:00:00+00:00,15730.0
2022-11-22 08:00:00+00:00,16552.0
2022-11-23 08:00:00+00:00,16611.0
2022-11-24 08:00:00+00:00,16455.5
2022-11-25 08:00:00+00:00,16579.5
2022-11-26 08:00:00+00:00,16558.5
2022-11-27 08:00:00+00:00,16215.0
2022-11-28 08:00:00+00:00,16451.0
2022-11-29 08:00:00+00:00,16875.5
2022-11-30 08:00:00+00:00,17060.5
2022-12-01 08:00:00+00:00,16959.5
2022-12-02 08:00:00+00:00,16963.5
2022-12-03 08:00:00+00:00,16999.0
2022-12-04 08:00:00+00:00,17308.0
2022-12-05 08:00:00+00:00,17009.0
2022-12-06 08:00:00+00:00,16750.0
2022-12-07 08:00:00+00:00,16821.0
2022-12-08 08:00:00+00:00,17203.5
2022-12-09 08:00:00+00:00,17153.0
2022-12-10 08:00:00+00:00,17181.0
2022-12-11 08:00:00+00:00,16928.0
2022-12-12 08:00:00+00:00,17159.0
2022-12-13 08:00:00+00:00,17809.5
2022-12-14 08:00:00+00:00,17693.5
2022-12-15 08:00:00+00:00,17512.0
2022-12-16 08:00:00+00:00,16747.5
2022-12-17 08:00:00+00:00,16733.0
2022-12-18 08:00:00+00:00,16718.0
2022-12-19 08:00:00+00:00,16793.5
2022-12-20 08:00:00+00:00,16816.0
2022-12-21 08:00:00+00:00,16828.5
2022-12-22 08:00:00+00:00,16845.5
2022-12-23 08:00:00+00:00,16853.5
2022-12-24 08:00:00+00:00,16834.5
2022-12-25 08:00:00+00:00,16848.5
2022-12-26 08:00:00+00:00,16872.0
2022-12-27 08:00:00+00:00,16646.0
2022-12-28 08:00:00+00:00,16544.0
2022-12-29 08:00:00+00:00,16467.5
2022-12-30 08:00:00+00:00,16559.5
2022-12-31 08:00:00+00:00,16519.0
2023-01-01 08:00:00+00:00,16714.0
2023-01-02 08:00:00+00:00,16730.5
2023-01-03 08:00:00+00:00,16876.0
2023-01-04 08:00:00+00:00,16820.5
2023-01-05 08:00:00+00:00,16783.0
2023-01-06 08:00:00+00:00,16951.0
2023-01-07 08:00:00+00:00,16961.5
2023-01-08 08:00:00+00:00,17206.5
2023-01-09 08:00:00+00:00,17206.0
2023-01-10 08:00:00+00:00,17464.5
2023-01-11 08:00:00+00:00,18127.0
2023-01-12 08:00:00+00:00,18843.0
2023-01-13 08:00:00+00:00,20924.5
2023-01-14 08:00:00+00:00,20749.5
2023-01-15 08:00:00+00:00,21125.0
2023-01-16 08:00:00+00:00,21138.0
2023-01-17 08:00:00+00:00,21302.0
2023-01-18 08:00:00+00:00,20804.5
2023-01-19 08:00:00+00:00,20949.5
2023-01-20 08:00:00+00:00,22666.0
2023-01-21 08:00:00+00:00,22897.0
2023-01-22 08:00:00+00:00,22699.5
2023-01-23 08:00:00+00:00,23061.5
2023-01-24 08:00:00+00:00,22719.5
2023-01-25 08:00:00+00:00,22978.0
2023-01-26 08:00:00+00:00,23089.0
2023-01-27 08:00:00+00:00,23012.5
2023-01-28 08:00:00+00:00,23214.0
2023-01-29 08:00:00+00:00,23656.0
2023-01-30 08:00:00+00:00,22971.0
2023-01-31 08:00:00+00:00,23083.0
2023-02-01 08:00:00+00:00,23801.5
2023-02-02 08:00:00+00:00,23449.5
2023-02-03 08:00:00+00:00,23338.0
2023-02-04 08:00:00+00:00,23387.5
2023-02-05 08:00:00+00:00,22885.0
2023-02-06 08:00:00+00:00,22915.0
2023-02-07 08:00:00+00:00,23235.5
2023-02-08 08:00:00+00:00,22678.0
2023-02-09 08:00:00+00:00,21912.0
2023-02-10 08:00:00+00:00,21698.5
2023-02-11 08:00:00+00:00,21801.0
2023-02-12 08:00:00+00:00,21883.0
2023-02-13 08:00:00+00:00,21775.0
2023-02-14 08:00:00+00:00,22118.5
2023-02-15 08:00:00+00:00,24643.0
2023-02-16 08:00:00+00:00,23646.5
2023-02-17 08:00:00+00:00,24541.0
2023-02-18 08:00:00+00:00,24591.5
2023-02-19 08:00:00+00:00,24516.5
2023-02-20 08:00:00+00:00,25007.0
2023-02-21 08:00:00+00:00,24074.5
2023-02-22 08:00:00+00:00,24394.5
2023-02-23 08:00:00+00:00,23854.0
2023-02-24 08:00:00+00:00,23119.0
2023-02-25 08:00:00+00:00,23157.0
2023-02-26 08:00:00+00:00,23427.0
2023-02-27 08:00:00+00:00,23239.5
2023-02-28 08:00:00+00:00,23724.0
2023-03-01 08:00:00+00:00,23402.5
2023-03-02 08:00:00+00:00,22351.0
2023-03-03 08:00:00+00:00,22359.5
2023-03-04 08:00:00+00:00,22383.5
2023-03-05 08:00:00+00:00,22381.5
2023-03-06 08:00:00+00:00,22421.5
2023-03-07 08:00:00+00:00,21962.0
2023-03-08 08:00:00+00:00,21679.0
2023-03-09 08:00:00+00:00,19940.5
2023-03-10 08:00:00+00:00,19944.5
2023-03-11 08:00:00+00:00,20518.5
2023-03-12 08:00:00+00:00,22553.0
2023-03-13 08:00:00+00:00,24369.5
2023-03-14 08:00:00+00:00,25001.5
2023-03-15 08:00:00+00:00,24658.0
2023-03-16 08:00:00+00:00,26178.0
2023-03-17 08:00:00+00:00,27419.0
2023-03-18 08:00:00+00:00,27043.5
2023-03-19 08:00:00+00:00,28285.0
2023-03-20 08:00:00+00:00,27599.0
2023-03-21 08:00:00+00:00,28167.0
2023-03-22 08:00:00+00:00,27723.5
2023-03-23 08:00:00+00:00,28349.5
2023-03-24 08:00:00+00:00,27523.0
2023-03-25 08:00:00+00:00,27538.5
2023-03-26 08:00:00+00:00,27840.0
2023-03-27 08:00:00+00:00,26965.0
2023-03-28 08:00:00+00:00,28111.0
2023-03-29 08:00:00+00:00,28770.0
2023-03-30 08:00:00+00:00,27737.0
2023-03-31 08:00:00+00:00,28448.0
2023-04-01 08:00:00+00:00,28433.0
2023-04-02 08:00:00+00:00,27966.5
2023-04-03 08:00:00+00:00,28027.5
2023-04-04 08:00:00+00:00,28545.0
2023-04-05 08:00:00+00:00,27918.5
2023-04-06 08:00:00+00:00,27850.5
2023-04-07 08:00:00+00:00,28091.5
2023-04-08 08:00:00+00:00,27914.0
2023-04-09 08:00:00+00:00,28289.0
2023-04-10 08:00:00+00:00,30144.0
2023-04-11 08:00:00+00:00,30015.0
2023-04-12 08:00:00+00:00,30110.0
2023-04-13 08:00:00+00:00,30772.5
2023-04-14 08:00:00+00:00,30457.5
2023-04-15 08:00:00+00:00,30379.0
2023-04-16 08:00:00+00:00,29850.5
2023-04-17 08:00:00+00:00,29788.5
2023-04-18 08:00:00+00:00,30090.0
2023-04-19 08:00:00+00:00,28856.0
2023-04-20 08:00:00+00:00,28164.0
2023-04-21 08:00:00+00:00,27273.5
2023-04-22 08:00:00+00:00,27725.5
2023-04-23 08:00:00+00:00,27448.0
2023-04-24 08:00:00+00:00,27265.0
2023-04-25 08:00:00+00:00,28388.5
2023-04-26 08:00:00+00:00,28905.5
2023-04-27 08:00:00+00:00,29505.0
2023-04-28 08:00:00+00:00,29361.0
2023-04-29 08:00:00+00:00,29284.0
2023-04-30 08:00:00+00:00,28641.5
2023-05-01 08:00:00+00:00,28047.0
2023-05-02 08:00:00+00:00,28667.5
2023-05-03 08:00:00+00:00,29085.0
2023-05-04 08:00:00+00:00,29069.0
2023-05-05 08:00:00+00:00,29407.5
2023-05-06 08:00:00+00:00,28927.5
2023-05-07 08:00:00+00:00,28002.5
2023-05-08 08:00:00+00:00,27663.5
2023-05-09 08:00:00+00:00,27550.0
2023-05-10 08:00:00+00:00,27465.5
2023-05-11 08:00:00+00:00,26298.0
2023-05-12 08:00:00+00:00,26795.5
2023-05-13 08:00:00+00:00,26873.0
2023-05-14 08:00:00+00:00,27425.5
2023-05-15 08:00:00+00:00,27266.5
2023-05-16 08:00:00+00:00,26863.0
2023-05-17 08:00:00+00:00,27405.5
2023-05-18 08:00:00+00:00,26869.5
2023-05-19 08:00:00+00:00,26881.5
2023-05-20 08:00:00+00:00,27083.0
2023-05-21 08:00:00+00:00,26860.0
2023-05-22 08:00:00+00:00,27320.0
2023-05-23 08:00:00+00:00,26684.0
2023-05-24 08:00:00+00:00,26133.0
2023-05-25 08:00:00+00:00,26517.5
2023-05-26 08:00:00+00:00,26735.0
2023-05-27 08:00:00+00:00,27252.0
2023-05-28 08:00:00+00:00,27914.0
2023-05-29 08:00:00+00:00,27747.0
2023-05-30 08:00:00+00:00,27176.5
2023-05-31 08:00:00+00:00,26808.0
2023-06-01 08:00:00+00:00,27059.0
2023-06-02 08:00:00+00:00,27190.0
2023-06-03 08:00:00+00:00,27168.5
2023-06-04 08:00:00+00:00,26854.0
2023-06-05 08:00:00+00:00,25728.0
2023-06-06 08:00:00+00:00,26820.5
2023-06-07 08:00:00+00:00,26455.5
2023-06-08 08:00:00+00:00,26509.5
2023-06-09 08:00:00+00:00,25670.0
2023-06-10 08:00:00+00:00,25769.5
2023-06-11 08:00:00+00:00,25821.5
2023-06-12 08:00:00+00:00,26091.0
2023-06-13 08:00:00+00:00,25910.5
2023-06-14 08:00:00+00:00,24933.0
2023-06-15 08:00:00+00:00,25513.5
2023-06-16 08:00:00+00:00,26596.5
2023-06-17 08:00:00+00:00,26602.5
2023-06-18 08:00:00+00:00,26444.0
2023-06-19 08:00:00+00:00,26841.5
2023-06-20 08:00:00+00:00,28886.0
2023-06-21 08:00:00+00:00,30101.0
2023-06-22 08:00:00+00:00,29936.5
2023-06-23 08:00:00+00:00,30596.5
2023-06-24 08:00:00+00:00,30767.0
2023-06-25 08:00:00+00:00,30424.5
2023-06-26 08:00:00+00:00,30418.5
2023-06-27 08:00:00+00:00,30203.0
2023-06-28 08:00:00+00:00,30350.0
2023-06-29 08:00:00+00:00,30764.5
2023-06-30 08:00:00+00:00,30478.0
2023-07-01 08:00:00+00:00,30529.5
2023-07-02 08:00:00+00:00,30688.0
2023-07-03 08:00:00+00:00,30926.0
2023-07-04 08:00:00+00:00,30786.0
2023-07-05 08:00:00+00:00,30817.5
2023-07-06 08:00:00+00:00,30022.0
2023-07-07 08:00:00+00:00,30209.0
2023-07-08 08:00:00+00:00,30281.5
2023-07-09 08:00:00+00:00,30120.0
2023-07-10 08:00:00+00:00,30560.0
2023-07-11 08:00:00+00:00,30767.5
2023-07-12 08:00:00+00:00,30365.5
2023-07-13 08:00:00+00:00,31118.0
2023-07-14 08:00:00+00:00,30333.0
2023-07-15 08:00:00+00:00,30284.0
2023-07-16 08:00:00+00:00,30288.0
2023-07-17 08:00:00+00:00,29970.5
2023-07-18 08:00:00+00:00,30017.0
2023-07-19 08:00:00+00:00,30223.5
2023-07-20 08:00:00+00:00,29772.5
2023-07-21 08:00:00+00:00,29942.0
2023-07-22 08:00:00+00:00,29922.0
2023-07-23 08:00:00+00:00,29833.5
2023-07-24 08:00:00+00:00,29149.0
2023-07-25 08:00:00+00:00,29210.5
2023-07-26 08:00:00+00:00,29424.0
2023-07-27 08:00:00+00:00,29135.0
2023-07-28 08:00:00+00:00,29303.0
2023-07-29 08:00:00+00:00,29312.0
2023-07-30 08:00:00+00:00,29394.5
2023-07-31 08:00:00+00:00,28937.0
2023-08-01 08:00:00+00:00,29583.0
2023-08-02 08:00:00+00:00,29036.5
2023-08-03 08:00:00+00:00,29199.5
2023-08-04 08:00:00+00:00,29027.5
2023-08-05 08:00:00+00:00,29082.5
2023-08-06 08:00:00+00:00,29060.5
2023-08-07 08:00:00+00:00,29160.0
2023-08-08 08:00:00+00:00,29824.0
2023-08-09 08:00:00+00:00,29497.0
2023-08-10 08:00:00+00:00,29385.0
2023-08-11 08:00:00+00:00,29407.0
2023-08-12 08:00:00+00:00,29394.5
2023-08-13 08:00:00+00:00,29402.5
2023-08-14 08:00:00+00:00,29380.0
2023-08-15 08:00:00+00:00,29183.0
2023-08-16 08:00:00+00:00,28590.0
2023-08-17 08:00:00+00:00,26404.5
2023-08-18 08:00:00+00:00,25900.5
2023-08-19 08:00:00+00:00,26078.0
2023-08-20 08:00:00+00:00,26015.5
2023-08-21 08:00:00+00:00,26100.5
2023-08-22 08:00:00+00:00,26056.0
2023-08-23 08:00:00+00:00,26477.0
2023-08-24 08:00:00+00:00,25962.0
2023-08-25 08:00:00+00:00,26042.5
2023-08-26 08:00:00+00:00,26039.5
2023-08-27 08:00:00+00:00,25912.5
2023-08-28 08:00:00+00:00,25994.5
2023-08-29 08:00:00+00:00,27439.5
2023-08-30 08:00:00+00:00,27253.5
2023-08-31 08:00:00+00:00,25975.0
2023-09-01 08:00:00+00:00,25785.0
2023-09-02 08:00:00+00:00,25954.0
2023-09-03 08:00:00+00:00,25959.0
2023-09-04 08:00:00+00:00,25722.0
2023-09-05 08:00:00+00:00,25714.5
2023-09-06 08:00:00+00:00,25760.5
2023-09-07 08:00:00+00:00,26254.5
2023-09-08 08:00:00+00:00,25876.0
2023-09-09 08:00:00+00:00,25849.5
2023-09-10 08:00:00+00:00,25808.5
2023-09-11 08:00:00+00:00,25822.0
2023-09-12 08:00:00+00:00,25881.5
2023-09-13 08:00:00+00:00,26347.0
2023-09-14 08:00:00+00:00,26578.0
2023-09-15 08:00:00+00:00,26495.5
2023-09-16 08:00:00+00:00,26504.0
2023-09-17 08:00:00+00:00,26718.0
2023-09-18 08:00:00+00:00,26855.0
2023-09-19 08:00:00+00:00,27112.5
2023-09-20 08:00:00+00:00,26994.5
2023-09-21 08:00:00+00:00,26676.5
2023-09-22 08:00:00+00:00,26592.5
2023-09-23 08:00:00+00:00,26572.0
2023-09-24 08:00:00+00:00,26192.5
2023-09-25 08:00:00+00:00,26273.0
2023-09-26 08:00:00+00:00,26239.0
2023-09-27 08:00:00+00:00,26444.5
2023-09-28 08:00:00+00:00,27172.0
2023-09-29 08:00:00+00:00,26940.5
2023-09-30 08:00:00+00:00,27129.0
2023-10-01 08:00:00+00:00,28320.5
2023-10-02 08:00:00+00:00,27560.5
2023-10-03 08:00:00+00:00,27449.5
2023-10-04 08:00:00+00:00,27622.5
2023-10-05 08:00:00+00:00,27646.0
2023-10-06 08:00:00+00:00,27908.0
2023-10-07 08:00:00+00:00,27931.5
2023-10-08 08:00:00+00:00,27842.5
2023-10-09 08:00:00+00:00,27658.5
2023-10-10 08:00:00+00:00,27025.5
2023-10-11 08:00:00+00:00,26814.0
2023-10-12 08:00:00+00:00,26873.0
2023-10-13 08:00:00+00:00,26872.0
2023-10-14 08:00:00+00:00,26896.0
2023-10-15 08:00:00+00:00,27849.0
2023-10-16 08:00:00+00:00,28442.5
2023-10-17 08:00:00+00:00,28519.5
2023-10-18 08:00:00+00:00,28340.5
2023-10-19 08:00:00+00:00,29273.5
2023-10-20 08:00:00+00:00,29722.0
2023-10-21 08:00:00+00:00,29850.5
2023-10-22 08:00:00+00:00,30534.0
2023-10-23 08:00:00+00:00,34033.5
2023-10-24 08:00:00+00:00,33877.5
2023-10-25 08:00:00+00:00,34683.0
2023-10-26 08:00:00+00:00,33970.0
2023-10-27 08:00:00+00:00,34074.0
2023-10-28 08:00:00+00:00,34118.0
2023-10-29 08:00:00+00:00,34216.5
2023-10-30 08:00:00+00:00,34166.0
2023-10-31 08:00:00+00:00,34475.0
2023-11-01 08:00:00+00:00,35324.0
2023-11-02 08:00:00+00:00,34492.0
2023-11-03 08:00:00+00:00,34800.0
2023-11-04 08:00:00+00:00,35216.5
2023-11-05 08:00:00+00:00,34960.5
2023-11-06 08:00:00+00:00,34959.0
2023-11-07 08:00:00+00:00,35240.0
2023-11-08 08:00:00+00:00,36565.5
2023-11-09 08:00:00+00:00,36465.5
2023-11-10 08:00:00+00:00,37035.5
2023-11-11 08:00:00+00:00,37152.5
2023-11-12 08:00:00+00:00,36981.5
2023-11-13 08:00:00+00:00,36704.5
2023-11-14 08:00:00+00:00,35602.0
2023-11-15 08:00:00+00:00,37477.5
2023-11-16 08:00:00+00:00,36250.5
2023-11-17 08:00:00+00:00,36429.0
2023-11-18 08:00:00+00:00,36629.5
2023-11-19 08:00:00+00:00,37273.5
2023-11-20 08:00:00+00:00,37289.5
2023-11-21 08:00:00+00:00,36460.0
2023-11-22 08:00:00+00:00,37399.5
2023-11-23 08:00:00+00:00,37562.0
2023-11-24 08:00:00+00:00,37840.0
2023-11-25 08:00:00+00:00,37823.0
2023-11-26 08:00:00+00:00,37302.5
2023-11-27 08:00:00+00:00,37110.5
2023-11-28 08:00:00+00:00,38138.0
2023-11-29 08:00:00+00:00,37808.5
2023-11-30 08:00:00+00:00,38281.5
2023-12-01 08:00:00+00:00,38749.5
2023-12-02 08:00:00+00:00,39518.0
2023-12-03 08:00:00+00:00,41466.0
2023-12-04 08:00:00+00:00,41538.5
2023-12-05 08:00:00+00:00,43706.0
2023-12-06 08:00:00+00:00,43899.5
2023-12-07 08:00:00+00:00,43194.0
2023-12-08 08:00:00+00:00,44222.0
2023-12-09 08:00:00+00:00,43990.0
2023-12-10 08:00:00+00:00,42132.5
2023-12-11 08:00:00+00:00,41913.0
2023-12-12 08:00:00+00:00,41092.5
2023-12-13 08:00:00+00:00,42925.5
2023-12-14 08:00:00+00:00,42749.0
2023-12-15 08:00:00+00:00,42214.0
2023-12-16 08:00:00+00:00,41873.0
2023-12-17 08:00:00+00:00,41105.0
2023-12-18 08:00:00+00:00,43057.0
2023-12-19 08:00:00+00:00,42923.0
2023-12-20 08:00:00+00:00,43788.0
2023-12-21 08:00:00+00:00,43615.5
2023-12-22 08:00:00+00:00,43603.5
2023-12-23 08:00:00+00:00,43686.5
2023-12-24 08:00:00+00:00,43248.0
2023-12-25 08:00:00+00:00,42794.0
2023-12-26 08:00:00+00:00,42480.0
2023-12-27 08:00:00+00:00,43105.5
2023-12-28 08:00:00+00:00,42343.5
2023-12-29 08:00:00+00:00,41995.0
2023-12-30 08:00:00+00:00,42556.5
2023-12-31 08:00:00+00:00,42520.0
2024-01-01 08:00:00+00:00,45537.0
2024-01-02 08:00:00+00:00,45060.0
2024-01-03 08:00:00+00:00,42806.5
2024-01-04 08:00:00+00:00,43847.0
2024-01-05 08:00:00+00:00,43701.0
2024-01-06 08:00:00+00:00,44107.0
2024-01-07 08:00:00+00:00,43998.0
2024-01-08 08:00:00+00:00,46885.5
2024-01-09 08:00:00+00:00,45781.0
2024-01-10 08:00:00+00:00,46128.0
2024-01-11 08:00:00+00:00,46045.0
2024-01-12 08:00:00+00:00,43076.0
2024-01-13 08:00:00+00:00,42997.5
2024-01-14 08:00:00+00:00,42698.0
2024-01-15 08:00:00+00:00,42750.0
2024-01-16 08:00:00+00:00,42640.5
2024-01-17 08:00:00+00:00,42885.5
2024-01-18 08:00:00+00:00,41231.0
2024-01-19 08:00:00+00:00,41637.5
2024-01-20 08:00:00+00:00,41629.5
2024-01-21 08:00:00+00:00,40992.0
2024-01-22 08:00:00+00:00,39747.5
2024-01-23 08:00:00+00:00,39950.5
2024-01-24 08:00:00+00:00,40124.0
2024-01-25 08:00:00+00:00,39983.5
2024-01-26 08:00:00+00:00,41727.0
2024-01-27 08:00:00+00:00,42408.5
2024-01-28 08:00:00+00:00,42055.0
2024-01-29 08:00:00+00:00,43381.5
2024-01-30 08:00:00+00:00,43041.0
2024-01-31 08:00:00+00:00,42149.5
2024-02-01 08:00:00+00:00,43082.0
2024-02-02 08:00:00+00:00,43055.0
2024-02-03 08:00:00+00:00,42831.0
2024-02-04 08:00:00+00:00,43051.0
2024-02-05 08:00:00+00:00,42849.0
2024-02-06 08:00:00+00:00,42882.0
2024-02-07 08:00:00+00:00,44529.0
2024-02-08 08:00:00+00:00,46236.0
2024-02-09 08:00:00+00:00,47191.0
2024-02-10 08:00:00+00:00,48247.5
2024-02-11 08:00:00+00:00,48227.0
2024-02-12 08:00:00+00:00,50043.5
2024-02-13 08:00:00+00:00,49881.5
2024-02-14 08:00:00+00:00,51850.5
2024-02-15 08:00:00+00:00,51810.5
2024-02-16 08:00:00+00:00,51947.5
2024-02-17 08:00:00+00:00,51691.5
2024-02-18 08:00:00+00:00,52430.0
2024-02-19 08:00:00+00:00,51862.0
2024-02-20 08:00:00+00:00,51565.5
2024-02-21 08:00:00+00:00,51844.0
2024-02-22 08:00:00+00:00,50885.5
2024-02-23 08:00:00+00:00,51068.5
2024-02-24 08:00:00+00:00,51762.5
2024-02-25 08:00:00+00:00,51293.5
2024-02-26 08:00:00+00:00,56130.0
2024-02-27 08:00:00+00:00,58349.0
2024-02-28 08:00:00+00:00,62738.0
2024-02-29 08:00:00+00:00,61465.0
2024-03-01 08:00:00+00:00,62120.0
2024-03-02 08:00:00+00:00,61665.5
2024-03-03 08:00:00+00:00,64172.0
2024-03-04 08:00:00+00:00,66329.0
2024-03-05 08:00:00+00:00,66749.5
2024-03-06 08:00:00+00:00,66454.5
2024-03-07 08:00:00+00:00,67418.5
2024-03-08 08:00:00+00:00,68462.0
2024-03-09 08:00:00+00:00,69537.0
2024-03-10 08:00:00+00:00,71218.0
2024-03-11 08:00:00+00:00,72189.5
2024-03-12 08:00:00+00:00,72941.0
2024-03-13 08:00:00+00:00,73325.5
2024-03-14 08:00:00+00:00,68388.5
2024-03-15 08:00:00+00:00,69434.5
2024-03-16 08:00:00+00:00,65620.5
2024-03-17 08:00:00+00:00,68188.0
2024-03-18 08:00:00+00:00,64683.5
2024-03-19 08:00:00+00:00,62938.0
2024-03-20 08:00:00+00:00,67030.0
2024-03-21 08:00:00+00:00,66193.0
2024-03-22 08:00:00+00:00,64594.5
2024-03-23 08:00:00+00:00,64627.5
2024-03-24 08:00:00+00:00,66868.5
2024-03-25 08:00:00+00:00,70538.5
2024-03-26 08:00:00+00:00,69761.0
2024-03-27 08:00:00+00:00,70412.5
2024-03-28 08:00:00+00:00,69788.5
2024-03-29 08:00:00+00:00,69950.5
2024-03-30 08:00:00+00:00,70369.0
2024-03-31 08:00:00+00:00,69645.5
2024-04-01 08:00:00+00:00,66487.5
2024-04-02 08:00:00+00:00,66179.5
2024-04-03 08:00:00+00:00,66069.0
2024-04-04 08:00:00+00:00,66900.0
2024-04-05 08:00:00+00:00,68027.0
2024-04-06 08:00:00+00:00,69392.5
2024-04-07 08:00:00+00:00,70734.0
2024-04-08 08:00:00+00:00,70361.5
2024-04-09 08:00:00+00:00,69322.0
2024-04-10 08:00:00+00:00,70735.0
2024-04-11 08:00:00+00:00,70779.0
2024-04-12 08:00:00+00:00,67426.5
2024-04-13 08:00:00+00:00,64487.0
2024-04-14 08:00:00+00:00,66295.0
2024-04-15 08:00:00+00:00,63515.0
2024-04-16 08:00:00+00:00,63300.5
2024-04-17 08:00:00+00:00,61173.5
2024-04-18 08:00:00+00:00,64547.0
2024-04-19 08:00:00+00:00,63981.0
2024-04-20 08:00:00+00:00,65148.5
2024-04-21 08:00:00+00:00,66026.0
2024-04-22 08:00:00+00:00,66105.5
2024-04-23 08:00:00+00:00,66622.0
2024-04-24 08:00:00+00:00,63970.5
2024-04-25 08:00:00+00:00,64302.0
2024-04-26 08:00:00+00:00,62928.5
2024-04-27 08:00:00+00:00,63883.5
2024-04-28 08:00:00+00:00,62389.0
2024-04-29 08:00:00+00:00,63133.0
2024-04-30 08:00:00+00:00,57430.0
2024-05-01 08:00:00+00:00,57604.0
2024-05-02 08:00:00+00:00,59144.5
2024-05-03 08:00:00+00:00,63010.0
2024-05-04 08:00:00+00:00,63776.0
2024-05-05 08:00:00+00:00,64590.0
2024-05-06 08:00:00+00:00,63694.0
2024-05-07 08:00:00+00:00,62199.0
2024-05-08 08:00:00+00:00,61233.0
2024-05-09 08:00:00+00:00,63064.0
2024-05-10 08:00:00+00:00,60988.0
2024-05-11 08:00:00+00:00,60803.5
2024-05-12 08:00:00+00:00,62336.5
2024-05-13 08:00:00+00:00,62009.5
2024-05-14 08:00:00+00:00,62207.0
2024-05-15 08:00:00+00:00,66186.0
2024-05-16 08:00:00+00:00,66431.0
2024-05-17 08:00:00+00:00,66926.5
2024-05-18 08:00:00+00:00,67342.0
2024-05-19 08:00:00+00:00,66840.0
2024-05-20 08:00:00+00:00,70924.0
2024-05-21 08:00:00+00:00,69732.0
2024-05-22 08:00:00+00:00,69712.5
2024-05-23 08:00:00+00:00,67140.0
2024-05-24 08:00:00+00:00,68736.5
2024-05-25 08:00:00+00:00,69365.0
2024-05-26 08:00:00+00:00,68650.5
2024-05-27 08:00:00+00:00,67628.5
2024-05-28 08:00:00+00:00,67907.0
2024-05-29 08:00:00+00:00,67566.5
2024-05-30 08:00:00+00:00,68113.0
2024-05-31 08:00:00+00:00,67594.0
2024-06-01 08:00:00+00:00,67693.5
2024-06-02 08:00:00+00:00,68904.0
2024-06-03 08:00:00+00:00,69002.0
2024-06-04 08:00:00+00:00,71225.0
2024-06-05 08:00:00+00:00,71051.0
2024-06-06 08:00:00+00:00,71090.5
2024-06-07 08:00:00+00:00,69543.5
2024-06-08 08:00:00+00:00,69285.0
2024-06-09 08:00:00+00:00,69281.5
2024-06-10 08:00:00+00:00,67519.5
2024-06-11 08:00:00+00:00,67454.5
2024-06-12 08:00:00+00:00,67694.5
2024-06-13 08:00:00+00:00,66887.0
2024-06-14 08:00:00+00:00,66012.0
2024-06-15 08:00:00+00:00,66203.5
2024-06-16 08:00:00+00:00,66146.0
2024-06-17 08:00:00+00:00,65651.0
2024-06-18 08:00:00+00:00,65317.0
2024-06-19 08:00:00+00:00,65861.0
2024-06-20 08:00:00+00:00,64151.5
2024-06-21 08:00:00+00:00,64464.0
2024-06-22 08:00:00+00:00,64391.5
2024-06-23 08:00:00+00:00,62410.5
2024-06-24 08:00:00+00:00,60653.5
2024-06-25 08:00:00+00:00,61739.0
2024-06-26 08:00:00+00:00,60755.0
2024-06-27 08:00:00+00:00,61265.0
2024-06-28 08:00:00+00:00,60990.0
2024-06-29 08:00:00+00:00,61434.5
2024-06-30 08:00:00+00:00,63222.5
2024-07-01 08:00:00+00:00,62568.0
2024-07-02 08:00:00+00:00,60786.5
2024-07-03 08:00:00+00:00,58175.5
2024-07-04 08:00:00+00:00,54350.0
2024-07-05 08:00:00+00:00,56620.5
2024-07-06 08:00:00+00:00,57375.5
2024-07-07 08:00:00+00:00,55862.5
2024-07-08 08:00:00+00:00,57100.0
2024-07-09 08:00:00+00:00,59020.5
2024-07-10 08:00:00+00:00,58197.0
2024-07-11 08:00:00+00:00,57151.5
2024-07-12 08:00:00+00:00,58197.0
2024-07-13 08:00:00+00:00,60109.5
2024-07-14 08:00:00+00:00,62885.5
2024-07-15 08:00:00+00:00,62980.5
2024-07-16 08:00:00+00:00,65303.0
2024-07-17 08:00:00+00:00,64681.0
2024-07-18 08:00:00+00:00,63747.0
2024-07-19 08:00:00+00:00,66645.0
2024-07-20 08:00:00+00:00,66748.5
2024-07-21 08:00:00+00:00,67276.5
2024-07-22 08:00:00+00:00,66610.0
2024-07-23 08:00:00+00:00,66072.5
2024-07-24 08:00:00+00:00,64117.5
2024-07-25 08:00:00+00:00,66960.0
2024-07-26 08:00:00+00:00,68090.0
2024-07-27 08:00:00+00:00,67537.5
2024-07-28 08:00:00+00:00,69555.5
2024-07-29 08:00:00+00:00,66943.0
2024-07-30 08:00:00+00:00,66187.0
2024-07-31 08:00:00+00:00,64309.0
2024-08-01 08:00:00+00:00,64096.0
2024-08-02 08:00:00+00:00,61613.0
2024-08-03 08:00:00+00:00,60331.0
2024-08-04 08:00:00+00:00,52668.0
2024-08-05 08:00:00+00:00,56034.0
2024-08-06 08:00:00+00:00,56949.0
2024-08-07 08:00:00+00:00,57216.0
2024-08-08 08:00:00+00:00,60862.5
2024-08-09 08:00:00+00:00,60890.5
2024-08-10 08:00:00+00:00,61300.0
2024-08-11 08:00:00+00:00,58674.0
2024-08-12 08:00:00+00:00,59256.5
2024-08-13 08:00:00+00:00,60943.5
2024-08-14 08:00:00+00:00,58062.5
2024-08-15 08:00:00+00:00,58485.5
2024-08-16 08:00:00+00:00,59260.0
2024-08-17 08:00:00+00:00,59597.5
2024-08-18 08:00:00+00:00,58507.0
2024-08-19 08:00:00+00:00,60964.0
2024-08-20 08:00:00+00:00,59734.0
2024-08-21 08:00:00+00:00,61009.5
2024-08-22 08:00:00+00:00,61060.5
2024-08-23 08:00:00+00:00,64370.0
2024-08-24 08:00:00+00:00,63891.0
2024-08-25 08:00:00+00:00,63632.5
2024-08-26 08:00:00+00:00,62933.0
2024-08-27 08:00:00+00:00,58601.5
2024-08-28 08:00:00+00:00,59591.0
2024-08-29 08:00:00+00:00,59300.0
2024-08-30 08:00:00+00:00,59081.5
2024-08-31 08:00:00+00:00,58466.0
2024-09-01 08:00:00+00:00,57534.5
2024-09-02 08:00:00+00:00,59113.0
2024-09-03 08:00:00+00:00,56717.5
2024-09-04 08:00:00+00:00,57159.0
2024-09-05 08:00:00+00:00,55758.0
2024-09-06 08:00:00+00:00,54290.0
2024-09-07 08:00:00+00:00,54425.0
2024-09-08 08:00:00+00:00,54963.0
2024-09-09 08:00:00+00:00,57236.0
2024-09-10 08:00:00+00:00,56696.5
2024-09-11 08:00:00+00:00,58144.0
2024-09-12 08:00:00+00:00,58099.5
2024-09-13 08:00:00+00:00,60195.0
2024-09-14 08:00:00+00:00,60205.5
2024-09-15 08:00:00+00:00,58889.0
2024-09-16 08:00:00+00:00,58697.5
2024-09-17 08:00:00+00:00,60453.0
2024-09-18 08:00:00+00:00,62114.5
2024-09-19 08:00:00+00:00,63531.5
2024-09-20 08:00:00+00:00,63113.0
2024-09-21 08:00:00+00:00,62936.5
2024-09-22 08:00:00+00:00,63552.5
2024-09-23 08:00:00+00:00,63569.0
2024-09-24 08:00:00+00:00,63860.0
2024-09-25 08:00:00+00:00,63858.0
2024-09-26 08:00:00+00:00,65484.5
2024-09-27 08:00:00+00:00,65875.0
2024-09-28 08:00:00+00:00,65490.5
2024-09-29 08:00:00+00:00,64579.5
2024-09-30 08:00:00+00:00,64031.0
2024-10-01 08:00:00+00:00,61721.5
2024-10-02 08:00:00+00:00,60910.0
2024-10-03 08:00:00+00:00,61423.5
2024-10-04 08:00:00+00:00,62100.5
2024-10-05 08:00:00+00:00,61964.5
2024-10-06 08:00:00+00:00,63555.5
2024-10-07 08:00:00+00:00,62300.0
2024-10-08 08:00:00+00:00,62259.0
2024-10-09 08:00:00+00:00,60844.5
2024-10-10 08:00:00+00:00,60618.5
2024-10-11 08:00:00+00:00,62770.5
2024-10-12 08:00:00+00:00,62843.5
2024-10-13 08:00:00+00:00,64605.5
2024-10-14 08:00:00+00:00,65646.5
2024-10-15 08:00:00+00:00,66972.5
2024-10-16 08:00:00+00:00,67285.5
2024-10-17 08:00:00+00:00,67978.5
2024-10-18 08:00:00+00:00,68349.0
2024-10-19 08:00:00+00:00,68386.5
2024-10-20 08:00:00+00:00,68508.5
2024-10-21 08:00:00+00:00,67378.0
2024-10-22 08:00:00+00:00,66829.0
2024-10-23 08:00:00+00:00,67078.0
2024-10-24 08:00:00+00:00,67480.5
2024-10-25 08:00:00+00:00,66924.0
2024-10-26 08:00:00+00:00,67130.5
2024-10-27 08:00:00+00:00,68372.0
2024-10-28 08:00:00+00:00,70983.5
2024-10-29 08:00:00+00:00,72224.5
2024-10-30 08:00:00+00:00,72416.5
2024-10-31 08:00:00+00:00,69171.0
2024-11-01 08:00:00+00:00,69774.5
2024-11-02 08:00:00+00:00,68341.0
2024-11-03 08:00:00+00:00,68566.5
2024-11-04 08:00:00+00:00,68877.0
2024-11-05 08:00:00+00:00,73432.5
2024-11-06 08:00:00+00:00,74839.5
2024-11-07 08:00:00+00:00,76395.0
2024-11-08 08:00:00+00:00,76602.0
2024-11-09 08:00:00+00:00,78898.0
2024-11-10 08:00:00+00:00,81225.0
2024-11-11 08:00:00+00:00,89192.0
2024-11-12 08:00:00+00:00,87475.5
2024-11-13 08:00:00+00:00,90900.0
2024-11-14 08:00:00+00:00,87724.5
2024-11-15 08:00:00+00:00,91183.5
2024-11-16 08:00:00+00:00,90612.0
2024-11-17 08:00:00+00:00,91795.5
2024-11-18 08:00:00+00:00,91761.5
2024-11-19 08:00:00+00:00,92962.5
2024-11-20 08:00:00+00:00,97039.5
2024-11-21 08:00:00+00:00,99466.0
2024-11-22 08:00:00+00:00,98715.0
2024-11-23 08:00:00+00:00,98520.5
2024-11-24 08:00:00+00:00,98197.5
2024-11-25 08:00:00+00:00,93824.5
2024-11-26 08:00:00+00:00,93625.5
2024-11-27 08:00:00+00:00,95386.0
2024-11-28 08:00:00+00:00,95709.5
2024-11-29 08:00:00+00:00,96859.5
2024-11-30 08:00:00+00:00,96530.0
2024-12-01 08:00:00+00:00,96077.5
2024-12-02 08:00:00+00:00,95602.0
2024-12-03 08:00:00+00:00,96740.5
2024-12-04 08:00:00+00:00,102418.5
2024-12-05 08:00:00+00:00,98240.0
2024-12-06 08:00:00+00:00,99622.5
2024-12-07 08:00:00+00:00,99738.5
2024-12-08 08:00:00+00:00,99656.0
2024-12-09 08:00:00+00:00,97242.5
2024-12-10 08:00:00+00:00,97409.5
2024-12-11 08:00:00+00:00,100531.0
2024-12-12 08:00:00+00:00,100112.5
2024-12-13 08:00:00+00:00,101838.0
2024-12-14 08:00:00+00:00,101768.5
2024-12-15 08:00:00+00:00,104996.0
2024-12-16 08:00:00+00:00,106902.5
2024-12-17 08:00:00+00:00,104240.5
2024-12-18 08:00:00+00:00,101627.5
2024-12-19 08:00:00+00:00,97672.0
2024-12-20 08:00:00+00:00,98973.5
2024-12-21 08:00:00+00:00,96083.5
2024-12-22 08:00:00+00:00,95323.5
2024-12-23 08:00:00+00:00,94091.0
2024-12-24 08:00:00+00:00,98047.0
2024-12-25 08:00:00+00:00,97686.5
2024-12-26 08:00:00+00:00,95078.5
2024-12-27 08:00:00+00:00,94177.0
2024-12-28 08:00:00+00:00,95152.0
2024-12-29 08:00:00+00:00,93579.5
2024-12-30 08:00:00+00:00,92730.0
2024-12-31 08:00:00+00:00,93527.0
2025-01-01 08:00:00+00:00,95748.5
2025-01-02 08:00:00+00:00,96288.5
2025-01-03 08:00:00+00:00,98264.0
2025-01-04 08:00:00+00:00,98249.0
2025-01-05 08:00:00+00:00,99365.0
2025-01-06 08:00:00+00:00,101688.5
2025-01-07 08:00:00+00:00,95589.5
2025-01-08 08:00:00+00:00,93149.0
2025-01-09 08:00:00+00:00,94499.5
2025-01-10 08:00:00+00:00,94239.0
2025-01-11 08:00:00+00:00,94292.5
2025-01-12 08:00:00+00:00,93531.0
2025-01-13 08:00:00+00:00,94884.0
2025-01-14 08:00:00+00:00,97298.0
2025-01-15 08:00:00+00:00,99837.0
2025-01-16 08:00:00+00:00,101523.0
2025-01-17 08:00:00+00:00,102804.5
2025-01-18 08:00:00+00:00,105078.0
2025-01-19 08:00:00+00:00,107079.0
2025-01-20 08:00:00+00:00,101865.5
2025-01-21 08:00:00+00:00,105096.0
2025-01-22 08:00:00+00:00,102654.0
2025-01-23 08:00:00+00:00,105062.0
2025-01-24 08:00:00+00:00,104390.0
2025-01-25 08:00:00+00:00,105036.5
2025-01-26 08:00:00+00:00,99029.0
2025-01-27 08:00:00+00:00,102806.0
2025-01-28 08:00:00+00:00,102719.5
2025-01-29 08:00:00+00:00,105153.0
2025-01-30 08:00:00+00:00,104205.0
2025-01-31 08:00:00+00:00,102175.5
2025-02-01 08:00:00+00:00,99606.0
2025-02-02 08:00:00+00:00,95390.0
2025-02-03 08:00:00+00:00,98557.0
2025-02-04 08:00:00+00:00,97929.0
2025-02-05 08:00:00+00:00,98257.5
2025-02-06 08:00:00+00:00,96757.0
2025-02-07 08:00:00+00:00,96202.0
2025-02-08 08:00:00+00:00,97106.5
2025-02-09 08:00:00+00:00,97465.0
2025-02-10 08:00:00+00:00,98302.5
2025-02-11 08:00:00+00:00,96097.0
2025-02-12 08:00:00+00:00,96067.5
2025-02-13 08:00:00+00:00,96964.0
2025-02-14 08:00:00+00:00,97431.0
2025-02-15 08:00:00+00:00,97276.5
2025-02-16 08:00:00+00:00,96073.5
2025-02-17 08:00:00+00:00,95469.5
2025-02-18 08:00:00+00:00,95693.5
2025-02-19 08:00:00+00:00,96904.0
2025-02-20 08:00:00+00:00,98255.5
2025-02-21 08:00:00+00:00,96294.0
2025-02-22 08:00:00+00:00,96550.5
2025-02-23 08:00:00+00:00,95897.0
2025-02-24 08:00:00+00:00,89322.5
2025-02-25 08:00:00+00:00,88642.5
2025-02-26 08:00:00+00:00,86208.5
2025-02-27 08:00:00+00:00,79123.5
2025-02-28 08:00:00+00:00,84693.0
2025-03-01 08:00:00+00:00,86198.0
2025-03-02 08:00:00+00:00,92350.0
2025-03-03 08:00:00+00:00,83105.0
2025-03-04 08:00:00+00:00,87585.5
2025-03-05 08:00:00+00:00,91302.5
2025-03-06 08:00:00+00:00,88346.5
2025-03-07 08:00:00+00:00,86179.0
2025-03-08 08:00:00+00:00,85965.5
2025-03-09 08:00:00+00:00,82285.0
2025-03-10 08:00:00+00:00,80371.0
2025-03-11 08:00:00+00:00,82368.0
2025-03-12 08:00:00+00:00,83137.0
2025-03-13 08:00:00+00:00,82178.5
2025-03-14 08:00:00+00:00,83823.5
2025-03-15 08:00:00+00:00,84258.5
2025-03-16 08:00:00+00:00,83547.5
2025-03-17 08:00:00+00:00,83135.0
2025-03-18 08:00:00+00:00,83155.0
2025-03-19 08:00:00+00:00,85830.5
2025-03-20 08:00:00+00:00,83866.5
2025-03-21 08:00:00+00:00,84215.0
2025-03-22 08:00:00+00:00,84265.0
2025-03-23 08:00:00+00:00,86907.5
2025-03-24 08:00:00+00:00,86461.0
2025-03-25 08:00:00+00:00,88190.0
2025-03-26 08:00:00+00:00,87387.0
2025-03-27 08:00:00+00:00,85150.0
2025-03-28 08:00:00+00:00,83690.0
2025-03-29 08:00:00+00:00,83001.0
2025-03-30 08:00:00+00:00,81914.0
2025-03-31 08:00:00+00:00,83481.5
2025-04-01 08:00:00+00:00,84417.0
2025-04-02 08:00:00+00:00,83473.0
2025-04-03 08:00:00+00:00,84004.5
2025-04-04 08:00:00+00:00,83476.0
2025-04-05 08:00:00+00:00,83003.5
2025-04-06 08:00:00+00:00,75057.0
2025-04-07 08:00:00+00:00,79492.5
2025-04-08 08:00:00+00:00,77638.0
2025-04-09 08:00:00+00:00,81576.5
2025-04-10 08:00:00+00:00,81217.5
2025-04-11 08:00:00+00:00,83729.5
2025-04-12 08:00:00+00:00,84454.0
2025-04-13 08:00:00+00:00,84582.0
2025-04-14 08:00:00+00:00,85731.5
2025-04-15 08:00:00+00:00,83342.0
2025-04-16 08:00:00+00:00,84699.5
2025-04-17 08:00:00+00:00,84656.0
2025-04-18 08:00:00+00:00,85231.5
2025-04-19 08:00:00+00:00,84796.5
2025-04-20 08:00:00+00:00,87454.5
2025-04-21 08:00:00+00:00,88518.0
2025-04-22 08:00:00+00:00,94145.5
2025-04-23 08:00:00+00:00,92184.0
2025-04-24 08:00:00+00:00,93805.5
2025-04-25 08:00:00+00:00,94634.0
2025-04-26 08:00:00+00:00,94078.0
2025-04-27 08:00:00+00:00,94743.0
2025-04-28 08:00:00+00:00,94932.0
2025-04-29 08:00:00+00:00,94642.0
2025-04-30 08:00:00+00:00,95060.5
2025-05-01 08:00:00+00:00,96401.5
2025-05-02 08:00:00+00:00,96371.0
2025-05-03 08:00:00+00:00,95900.0
2025-05-04 08:00:00+00:00,94762.5
2025-05-05 08:00:00+00:00,94391.0
2025-05-06 08:00:00+00:00,96988.0
2025-05-07 08:00:00+00:00,99298.5
2025-05-08 08:00:00+00:00,103643.0
2025-05-09 08:00:00+00:00,103810.0
2025-05-10 08:00:00+00:00,103446.5
2025-05-11 08:00:00+00:00,104476.5
2025-05-12 08:00:00+00:00,102683.5
2025-05-13 08:00:00+00:00,103723.0
2025-05-14 08:00:00+00:00,101823.0
2025-05-15 08:00:00+00:00,103720.5
2025-05-16 08:00:00+00:00,103491.5
2025-05-17 08:00:00+00:00,103948.0
2025-05-18 08:00:00+00:00,103267.0
2025-05-19 08:00:00+00:00,105104.5
2025-05-20 08:00:00+00:00,106603.0
2025-05-21 08:00:00+00:00,111121.5
2025-05-22 08:00:00+00:00,110744.0
2025-05-23 08:00:00+00:00,107600.5
2025-05-24 08:00:00+00:00,107689.0
2025-05-25 08:00:00+00:00,110185.0
2025-05-26 08:00:00+00:00,109599.5
2025-05-27 08:00:00+00:00,108869.5
2025-05-28 08:00:00+00:00,107928.5
2025-05-29 08:00:00+00:00,105075.0
2025-05-30 08:00:00+00:00,103772.0
2025-05-31 08:00:00+00:00,104313.0
2025-06-01 08:00:00+00:00,105434.5
2025-06-02 08:00:00+00:00,105227.0
2025-06-03 08:00:00+00:00,105369.5
2025-06-04 08:00:00+00:00,104548.5
2025-06-05 08:00:00+00:00,103188.5
2025-06-06 08:00:00+00:00,104942.0
2025-06-07 08:00:00+00:00,105517.0
2025-06-08 08:00:00+00:00,105650.0
2025-06-09 08:00:00+00:00,109292.0
2025-06-10 08:00:00+00:00,109498.5
2025-06-11 08:00:00+00:00,107651.5
2025-06-12 08:00:00+00:00,104946.0
2025-06-13 08:00:00+00:00,105112.0
2025-06-14 08:00:00+00:00,105502.5
2025-06-15 08:00:00+00:00,107099.5
2025-06-16 08:00:00+00:00,106810.5
2025-06-17 08:00:00+00:00,104991.5
2025-06-18 08:00:00+00:00,104646.5
2025-06-19 08:00:00+00:00,105827.5
2025-06-20 08:00:00+00:00,103472.0
2025-06-21 08:00:00+00:00,102444.0
2025-06-22 08:00:00+00:00,101955.5
2025-06-23 08:00:00+00:00,105054.0
2025-06-24 08:00:00+00:00,106676.5
2025-06-25 08:00:00+00:00,107915.0
2025-06-26 08:00:00+00:00,106899.5
2025-06-27 08:00:00+00:00,107563.5
2025-06-28 08:00:00+00:00,107478.0
2025-06-29 08:00:00+00:00,107678.5
2025-06-30 08:00:00+00:00,107206.5
2025-07-01 08:00:00+00:00,107150.5
2025-07-02 08:00:00+00:00,109380.0
2025-07-03 08:00:00+00:00,108773.5
2025-07-04 08:00:00+00:00,108095.5
2025-07-05 08:00:00+00:00,108097.5
2025-07-06 08:00:00+00:00,109119.5
2025-07-07 08:00:00+00:00,108491.5
2025-07-08 08:00:00+00:00,108761.0
2025-07-09 08:00:00+00:00,111335.0
2025-07-10 08:00:00+00:00,117660.0
2025-07-11 08:00:00+00:00,117820.0
2025-07-12 08:00:00+00:00,118065.0
2025-07-13 08:00:00+00:00,122806.0
2025-07-14 08:00:00+00:00,116800.0
2025-07-15 08:00:00+00:00,118240.5
2025-07-16 08:00:00+00:00,118374.0
2025-07-17 08:00:00+00:00,119520.0
2025-07-18 08:00:00+00:00,118291.5
2025-07-19 08:00:00+00:00,118138.5
2025-07-20 08:00:00+00:00,119465.5
2025-07-21 08:00:00+00:00,118058.0
2025-07-22 08:00:00+00:00,118437.5
2025-07-23 08:00:00+00:00,118511.5
2025-07-24 08:00:00+00:00,115272.5
2025-07-25 08:00:00+00:00,117427.0
2025-07-26 08:00:00+00:00,118191.0
2025-07-27 08:00:00+00:00,118925.5
2025-07-28 08:00:00+00:00,118931.0
2025-07-29 08:00:00+00:00,118140.0
2025-07-30 08:00:00+00:00,118709.5
2025-07-31 08:00:00+00:00,115063.5
2025-08-01 08:00:00+00:00,113929.5
2025-08-02 08:00:00+00:00,113645.0
2025-08-03 08:00:00+00:00,114672.0
2025-08-04 08:00:00+00:00,113991.5
2025-08-05 08:00:00+00:00,114240.5
2025-08-06 08:00:00+00:00,114851.5
2025-08-07 08:00:00+00:00,116903.5
2025-08-08 08:00:00+00:00,116818.5
2025-08-09 08:00:00+00:00,117850.0
2025-08-10 08:00:00+00:00,121589.5
2025-08-11 08:00:00+00:00,119040.0
2025-08-12 08:00:00+00:00,119646.0
2025-08-13 08:00:00+00:00,121841.0
2025-08-14 08:00:00+00:00,119081.5
2025-08-15 08:00:00+00:00,117660.0
2025-08-16 08:00:00+00:00,118088.0
2025-08-17 08:00:00+00:00,115294.0
2025-08-18 08:00:00+00:00,114980.5
2025-08-19 08:00:00+00:00,113469.0
2025-08-20 08:00:00+00:00,113935.5
2025-08-21 08:00:00+00:00,113083.0
2025-08-22 08:00:00+00:00,115797.0
2025-08-23 08:00:00+00:00,114897.5
2025-08-24 08:00:00+00:00,111494.5
2025-08-25 08:00:00+00:00,110291.0
2025-08-26 08:00:00+00:00,110746.5
2025-08-27 08:00:00+00:00,113213.5
2025-08-28 08:00:00+00:00,109990.5
2025-08-29 08:00:00+00:00,108474.0
2025-08-30 08:00:00+00:00,108740.5
2025-08-31 08:00:00+00:00,109487.0
2025-09-01 08:00:00+00:00,110238.0
2025-09-02 08:00:00+00:00,111150.0
2025-09-03 08:00:00+00:00,110489.0
2025-09-04 08:00:00+00:00,113000.0
2025-09-05 08:00:00+00:00,110859.5
2025-09-06 08:00:00+00:00,110764.0
2025-09-07 08:00:00+00:00,111292.5
2025-09-08 08:00:00+00:00,113047.5
2025-09-09 08:00:00+00:00,112589.5
2025-09-10 08:00:00+00:00,114150.0
2025-09-11 08:00:00+00:00,115200.5
2025-09-12 08:00:00+00:00,115891.0
2025-09-13 08:00:00+00:00,115895.0
2025-09-14 08:00:00+00:00,115893.0
2025-09-15 08:00:00+00:00,115868.5
2025-09-16 08:00:00+00:00,117266.5
2025-09-17 08:00:00+00:00,117140.5
2025-09-18 08:00:00+00:00,116964.5
2025-09-19 08:00:00+00:00,116016.5
2025-09-20 08:00:00+00:00,115864.5
2025-09-21 08:00:00+00:00,112622.0
2025-09-22 08:00:00+00:00,113160.0
2025-09-23 08:00:00+00:00,112618.5
2025-09-24 08:00:00+00:00,111825.5
2025-09-25 08:00:00+00:00,109350.0
2025-09-26 08:00:00+00:00,109479.5
2025-09-27 08:00:00+00:00,109556.5
2025-09-28 08:00:00+00:00,111948.5
2025-09-29 08:00:00+00:00,113820.0
2025-09-30 08:00:00+00:00,114611.0
2025-10-01 08:00:00+00:00,118674.5
2025-10-02 08:00:00+00:00,119788.0
2025-10-03 08:00:00+00:00,122502.0
2025-10-04 08:00:00+00:00,124785.5
2025-10-05 08:00:00+00:00,123492.0
2025-10-06 08:00:00+00:00,123777.5
2025-10-07 08:00:00+00:00,121637.5
2025-10-08 08:00:00+00:00,121935.5
2025-10-09 08:00:00+00:00,120949.5
2025-10-10 08:00:00+00:00,110494.0
2025-10-11 08:00:00+00:00,111651.0
2025-10-12 08:00:00+00:00,115495.0
2025-10-13 08:00:00+00:00,111790.5
2025-10-14 08:00:00+00:00,112684.5
2025-10-15 08:00:00+00:00,110637.5
2025-10-16 08:00:00+00:00,105597.5
2025-10-17 08:00:00+00:00,106824.5
2025-10-18 08:00:00+00:00,106812.5
2025-10-19 08:00:00+00:00,111249.5
2025-10-20 08:00:00+00:00,108119.5
2025-10-21 08:00:00+00:00,108350.0
2025-10-22 08:00:00+00:00,109300.0
2025-10-23 08:00:00+00:00,111138.0
2025-10-24 08:00:00+00:00,111501.5
2025-10-25 08:00:00+00:00,111786.5
2025-10-26 08:00:00+00:00,115580.0
2025-10-27 08:00:00+00:00,114224.5
2025-10-28 08:00:00+00:00,113653.5
2025-10-29 08:00:00+00:00,111420.0
2025-10-30 08:00:00+00:00,109420.5
2025-10-31 08:00:00+00:00,110004.0
2025-11-01 08:00:00+00:00,110918.5
2025-11-02 08:00:00+00:00,107459.5
2025-11-03 08:00:00+00:00,104392.0
2025-11-04 08:00:00+00:00,102006.5
2025-11-05 08:00:00+00:00,103200.0
2025-11-06 08:00:00+00:00,101931.5
2025-11-07 08:00:00+00:00,102288.5
2025-11-08 08:00:00+00:00,101903.5
2025-11-09 08:00:00+00:00,106484.0
2025-11-10 08:00:00+00:00,104757.5
2025-11-11 08:00:00+00:00,103102.5
2025-11-12 08:00:00+00:00,103430.0
2025-11-13 08:00:00+00:00,97013.5
2025-11-14 08:00:00+00:00,96226.0
2025-11-15 08:00:00+00:00,95990.0
2025-11-16 08:00:00+00:00,95590.0
2025-11-17 08:00:00+00:00,90415.5
2025-11-18 08:00:00+00:00,91797.5
2025-11-19 08:00:00+00:00,92249.5
2025-11-20 08:00:00+00:00,83842.5
2025-11-21 08:00:00+00:00,84494.0
2025-11-22 08:00:00+00:00,85740.5
2025-11-23 08:00:00+00:00,86966.0
2025-11-24 08:00:00+00:00,87381.0
2025-11-25 08:00:00+00:00,87906.5
2025-11-26 08:00:00+00:00,91403.5
2025-11-27 08:00:00+00:00,90948.0
2025-11-28 08:00:00+00:00,90597.5
2025-11-29 08:00:00+00:00,91026.5
2025-11-30 08:00:00+00:00,86576.5
2025-12-01 08:00:00+00:00,87020.5
2025-12-02 08:00:00+00:00,93064.5
2025-12-03 08:00:00+00:00,93464.5
2025-12-04 08:00:00+00:00,92220.0
2025-12-05 08:00:00+00:00,89599.5
2025-12-06 08:00:00+00:00,89400.5
2025-12-07 08:00:00+00:00,91571.5
2025-12-08 08:00:00+00:00,90518.5
2025-12-09 08:00:00+00:00,92795.0
2025-12-10 08:00:00+00:00,90290.0
2025-12-11 08:00:00+00:00,92466.5
2025-12-12 08:00:00+00:00,90315.5
2025-12-13 08:00:00+00:00,90306.0
2025-12-14 08:00:00+00:00,89775.0
2025-12-15 08:00:00+00:00,86011.0
2025-12-16 08:00:00+00:00,87037.0
2025-12-17 08:00:00+00:00,86821.0
2025-12-18 08:00:00+00:00,87926.0
2025-12-19 08:00:00+00:00,88283.0
2025-12-20 08:00:00+00:00,88158.0
2025-12-21 08:00:00+00:00,89191.5
2025-12-22 08:00:00+00:00,87521.5
2025-12-23 08:00:00+00:00,86878.0
2025-12-24 08:00:00+00:00,87822.0
2025-12-25 08:00:00+00:00,88460.0
2025-12-26 08:00:00+00:00,87508.5
2025-12-27 08:00:00+00:00,87704.5
2025-12-28 08:00:00+00:00,89538.0
2025-12-29 08:00:00+00:00,87393.5
2025-12-30 08:00:00+00:00,88529.0
2025-12-31 08:00:00+00:00,87506.5
2026-01-01 08:00:00+00:00,88798.5
2026-01-02 08:00:00+00:00,89585.0
2026-01-03 08:00:00+00:00,91534.5
2026-01-04 08:00:00+00:00,92553.5
2026-01-05 08:00:00+00:00,93259.0
2026-01-06 08:00:00+00:00,92839.5
2026-01-07 08:00:00+00:00,90430.0
2026-01-08 08:00:00+00:00,90677.5
2026-01-09 08:00:00+00:00,90566.0
2026-01-10 08:00:00+00:00,90624.5
2026-01-11 08:00:00+00:00,91315.0
2026-01-12 08:00:00+00:00,91899.0
2026-01-13 08:00:00+00:00,95254.5
2026-01-14 08:00:00+00:00,96643.5
2026-01-15 08:00:00+00:00,95657.0
2026-01-16 08:00:00+00:00,95084.0
2026-01-17 08:00:00+00:00,95013.0
2026-01-18 08:00:00+00:00,92794.5
2026-01-19 08:00:00+00:00,91117.0
2026-01-20 08:00:00+00:00,89167.5
2026-01-21 08:00:00+00:00,89748.0
2026-01-22 08:00:00+00:00,89460.5
2026-01-23 08:00:00+00:00,89525.0
2026-01-24 08:00:00+00:00,88560.0
2026-01-25 08:00:00+00:00,87929.5
2026-01-26 08:00:00+00:00,88237.5
2026-01-27 08:00:00+00:00,89086.5
2026-01-28 08:00:00+00:00,88244.5
2026-01-29 08:00:00+00:00,82627.5
2026-01-30 08:00:00+00:00,83413.0
2026-01-31 08:00:00+00:00,78278.0
2026-02-01 08:00:00+00:00,76547.0
2026-02-02 08:00:00+00:00,78712.5
2026-02-03 08:00:00+00:00,76429.5
2026-02-04 08:00:00+00:00,70573.5
2026-02-05 08:00:00+00:00,64711.5
2026-02-06 08:00:00+00:00,68061.5
2026-02-07 08:00:00+00:00,69647.5
2026-02-08 08:00:00+00:00,70380.5
2026-02-09 08:00:00+00:00,68866.5
2026-02-10 08:00:00+00:00,66955.0
2026-02-11 08:00:00+00:00,67181.5
2026-02-12 08:00:00+00:00,66140.0
2026-02-13 08:00:00+00:00,69180.0
2026-02-14 08:00:00+00:00,70760.0
2026-02-15 08:00:00+00:00,68562.0
2026-02-16 08:00:00+00:00,68337.0
2026-02-17 08:00:00+00:00,68100.0
2026-02-18 08:00:00+00:00,67180.5
2026-02-19 08:00:00+00:00,67785.5
2026-02-20 08:00:00+00:00,67849.0
2026-02-21 08:00:00+00:00,67966.0
2026-02-22 08:00:00+00:00,65947.5
2026-02-23 08:00:00+00:00,63141.0
2026-02-24 08:00:00+00:00,65007.5
2026-02-25 08:00:00+00:00,67807.5
2026-02-26 08:00:00+00:00,67648.5
2026-02-27 08:00:00+00:00,63782.5
2026-02-28 08:00:00+00:00,67116.5
2026-03-01 08:00:00+00:00,66017.0
2026-03-02 08:00:00+00:00,68158.5
2026-03-03 08:00:00+00:00,69523.0
2026-03-04 08:00:00+00:00,72080.5
2026-03-05 08:00:00+00:00,71053.5
2026-03-06 08:00:00+00:00,67838.0
2026-03-07 08:00:00+00:00,67327.0
2026-03-08 08:00:00+00:00,67538.5
2026-03-09 08:00:00+00:00,70419.0
2026-03-10 08:00:00+00:00,69662.5
2026-03-11 08:00:00+00:00,69832.0
2026-03-12 08:00:00+00:00,71660.5
2026-03-13 08:00:00+00:00,70636.0
2026-03-14 08:00:00+00:00,71483.0
2026-03-15 08:00:00+00:00,73477.5
2026-03-16 08:00:00+00:00,74273.0
2026-03-17 08:00:00+00:00,73910.5
2026-03-18 08:00:00+00:00,70201.5
2026-03-19 08:00:00+00:00,70856.0
2026-03-20 08:00:00+00:00,70731.5
2026-03-21 08:00:00+00:00,68904.0
2026-03-22 08:00:00+00:00,68306.0
2026-03-23 08:00:00+00:00,71293.5
2026-03-24 08:00:00+00:00,70921.0
2026-03-25 08:00:00+00:00,70080.5
2026-03-26 08:00:00+00:00,68521.5
2026-03-27 08:00:00+00:00,66503.0
2026-03-28 08:00:00+00:00,66658.5
2026-03-29 08:00:00+00:00,67585.5
2026-03-30 08:00:00+00:00,67331.5
2026-03-31 08:00:00+00:00,68671.0
2026-04-01 08:00:00+00:00,66910.5
2026-04-02 08:00:00+00:00,67040.5
2026-04-03 08:00:00+00:00,67024.0
2026-04-04 08:00:00+00:00,66813.5
2026-04-05 08:00:00+00:00,69113.0
2026-04-06 08:00:00+00:00,68615.0
2026-04-07 08:00:00+00:00,71655.5
2026-04-08 08:00:00+00:00,70964.5
2026-04-09 08:00:00+00:00,71480.5
2026-04-10 08:00:00+00:00,72784.5
2026-04-11 08:00:00+00:00,71690.5
2026-04-12 08:00:00+00:00,70824.0
2026-04-13 08:00:00+00:00,74623.0
2026-04-14 08:00:00+00:00,73765.5
2026-04-15 08:00:00+00:00,74743.5
2026-04-16 08:00:00+00:00,75069.5
2026-04-17 08:00:00+00:00,77048.0
2026-04-18 08:00:00+00:00,75309.0
2026-04-19 08:00:00+00:00,74845.0
2026-04-20 08:00:00+00:00,76129.5
2026-04-21 08:00:00+00:00,78006.5
2026-04-22 08:00:00+00:00,78055.5
2026-04-23 08:00:00+00:00,77692.5
2026-04-24 08:00:00+00:00,77503.0
2026-04-25 08:00:00+00:00,78113.5
2026-04-26 08:00:00+00:00,77629.5
2026-04-27 08:00:00+00:00,76842.0
2026-04-28 08:00:00+00:00,77024.0
2026-04-29 08:00:00+00:00,76112.5
2026-04-30 08:00:00+00:00,77173.5
2026-05-01 08:00:00+00:00,78218.0
2026-05-02 08:00:00+00:00,78374.0
2026-05-03 08:00:00+00:00,79705.5
2026-05-04 08:00:00+00:00,80864.5
2026-05-05 08:00:00+00:00,81346.5
2026-05-06 08:00:00+00:00,81537.0
2026-05-07 08:00:00+00:00,79683.5
2026-05-08 08:00:00+00:00,80258.5
2026-05-09 08:00:00+00:00,80739.0
2026-05-10 08:00:00+00:00,80756.5
2026-05-11 08:00:00+00:00,80854.0
2026-05-12 08:00:00+00:00,81003.5
2026-05-13 08:00:00+00:00,79718.5
2026-05-14 08:00:00+00:00,80830.0
2026-05-15 08:00:00+00:00,78338.5
2026-05-16 08:00:00+00:00,78121.5
2026-05-17 08:00:00+00:00,77022.5
2026-05-18 08:00:00+00:00,77160.5
2026-05-19 08:00:00+00:00,77220.5
2026-05-20 08:00:00+00:00,77840.0
2026-05-21 08:00:00+00:00,77334.0
2026-05-22 08:00:00+00:00,74502.0
2026-05-23 08:00:00+00:00,76709.5
2026-05-24 08:00:00+00:00,77317.5
2026-05-25 08:00:00+00:00,76652.5
2026-05-26 08:00:00+00:00,75867.0
2026-05-27 08:00:00+00:00,73388.0
2026-05-28 08:00:00+00:00,73479.0
2026-05-29 08:00:00+00:00,73461.0
2026-05-30 08:00:00+00:00,73782.0
2026-05-31 08:00:00+00:00,72711.0
2026-06-01 08:00:00+00:00,70018.0
2026-06-02 08:00:00+00:00,67120.5
2026-06-03 08:00:00+00:00,63521.0
2026-06-04 08:00:00+00:00,63040.0
2026-06-05 08:00:00+00:00,60963.5
2026-06-06 08:00:00+00:00,62370.5
2026-06-07 08:00:00+00:00,63224.0
2026-06-08 08:00:00+00:00,63155.5
2026-06-09 08:00:00+00:00,61617.0
2026-06-10 08:00:00+00:00,62655.0
2026-06-11 08:00:00+00:00,62995.0
2026-06-12 08:00:00+00:00,63801.5
2026-06-13 08:00:00+00:00,64397.5
2026-06-14 08:00:00+00:00,65635.5
2026-06-15 08:00:00+00:00,66342.0
2026-06-16 08:00:00+00:00,65479.5
2026-06-17 08:00:00+00:00,64464.5
2026-06-18 08:00:00+00:00,62542.5
2026-06-19 08:00:00+00:00,63580.0
2026-06-20 08:00:00+00:00,64143.5
2026-06-21 08:00:00+00:00,64143.0
2026-06-22 08:00:00+00:00,62800.5
2026-06-23 08:00:00+00:00,62581.5
2026-06-24 08:00:00+00:00,61790.0
2026-06-25 08:00:00+00:00,60499.0
2026-06-26 08:00:00+00:00,60476.5
2026-06-27 08:00:00+00:00,60149.5
2026-06-28 08:00:00+00:00,59945.0
2026-06-29 08:00:00+00:00,59455.0
2026-06-30 08:00:00+00:00,58696.0
2026-07-01 08:00:00+00:00,60080.5
2026-07-02 08:00:00+00:00,61722.5
2026-07-03 08:00:00+00:00,62545.0
2026-07-04 08:00:00+00:00,62985.5
2026-07-05 08:00:00+00:00,63053.0
2026-07-06 08:00:00+00:00,63049.5
2026-07-07 08:00:00+00:00,62856.5
2026-07-08 08:00:00+00:00,62979.5
2026-07-09 08:00:00+00:00,63958.5
2026-07-10 08:00:00+00:00,64150.5
2026-07-11 08:00:00+00:00,63871.5
2026-07-12 08:00:00+00:00,62964.5
2026-07-13 08:00:00+00:00,62484.5
2026-07-14 08:00:00+00:00,64542.5
2026-07-15 08:00:00+00:00,64202.0
2026-07-16 08:00:00+00:00,62777.5
2026-07-17 08:00:00+00:00,63984.0
2026-07-18 08:00:00+00:00,64695.5
2026-07-19 08:00:00+00:00,64225.5
2026-07-20 08:00:00+00:00,66174.5
2026-07-21 08:00:00+00:00,65830.5
2026-07-22 08:00:00+00:00,65417.5
2026-07-23 08:00:00+00:00,65451.0
2026-07-24 08:00:00+00:00,63939.5
2026-07-25 08:00:00+00:00,64319.0
2026-07-26 08:00:00+00:00,65204.0
2026-07-27 08:00:00+00:00,63435.5
2026-07-28 08:00:00+00:00,64500.0
2026-07-29 08:00:00+00:00,63951.0
2026-07-30 08:00:00+00:00,63888.0
2026-07-31 08:00:00+00:00,62996.0
2026-08-01 08:00:00+00:00,63436.0
2026-08-02 08:00:00+00:00,62552.5
2026-08-03 08:00:00+00:00,63650.0
2026-08-04 08:00:00+00:00,64125.5
2026-08-05 08:00:00+00:00,64773.0
2026-08-06 08:00:00+00:00,64263.5
2026-08-07 08:00:00+00:00,64931.5
2026-08-08 08:00:00+00:00,64769.0
2026-08-09 08:00:00+00:00,65164.5
2026-08-10 08:00:00+00:00,64022.0
2026-08-11 08:00:00+00:00,63804.0
2026-08-12 08:00:00+00:00,63818.5
2026-08-13 08:00:00+00:00,62852.0
2026-08-14 08:00:00+00:00,62996.5
2026-08-15 08:00:00+00:00,62997.5
2026-08-16 08:00:00+00:00,63481.5
2026-08-17 08:00:00+00:00,64147.5
2026-08-18 08:00:00+00:00,64265.0
2026-08-19 08:00:00+00:00,69800.0
2026-08-20 08:00:00+00:00,76311.0
2026-08-21 08:00:00+00:00,77321.0
2026-08-22 08:00:00+00:00,76032.5
2026-08-23 08:00:00+00:00,77318.0
2026-08-24 08:00:00+00:00,79704.0
2026-08-25 08:00:00+00:00,78932.5
2026-08-26 08:00:00+00:00,79100.0
2026-08-27 08:00:00+00:00,79671.0
2026-08-28 08:00:00+00:00,77639.0
2026-08-29 08:00:00+00:00,78135.5
2026-08-30 08:00:00+00:00,78222.5
2026-08-31 08:00:00+00:00,78649.5
2026-09-01 08:00:00+00:00,77465.5
2026-09-02 08:00:00+00:00,77633.0
2026-09-03 08:00:00+00:00,80631.0
2026-09-04 08:00:00+00:00,79697.0
2026-09-05 08:00:00+00:00,79811.0
2026-09-06 08:00:00+00:00,79377.5
2026-09-07 08:00:00+00:00,78453.5
2026-09-08 08:00:00+00:00,79304.0
2026-09-09 08:00:00+00:00,78083.5
2026-09-10 08:00:00+00:00,77192.5
2026-09-11 08:00:00+00:00,77237.5
2026-09-12 08:00:00+00:00,77119.5
2026-09-13 08:00:00+00:00,77859.0
2026-09-14 08:00:00+00:00,76903.5
2026-09-15 08:00:00+00:00,75735.5
2026-09-16 08:00:00+00:00,76427.5
2026-09-17 08:00:00+00:00,77759.5
2026-09-18 08:00:00+00:00,81106.0
2026-09-19 08:00:00+00:00,80318.5
2026-09-20 08:00:00+00:00,81762.0
2026-09-21 08:00:00+00:00,85366.0
2026-09-22 08:00:00+00:00,86159.5
2026-09-23 08:00:00+00:00,84525.5
2026-09-24 08:00:00+00:00,83953.0
2026-09-25 08:00:00+00:00,84084.0
2026-09-26 08:00:00+00:00,84767.5
2026-09-27 08:00:00+00:00,82895.5
2026-09-28 08:00:00+00:00,83931.0
2026-09-29 08:00:00+00:00,83224.0
2026-09-30 08:00:00+00:00,83388.0
2026-10-01 08:00:00+00:00,86105.5
2026-10-02 08:00:00+00:00,84541.0
2026-10-03 08:00:00+00:00,85107.5
2026-10-04 08:00:00+00:00,86259.5
2026-10-05 08:00:00+00:00,85553.0
