origin,asset,sigma,target,up,p_raw,p_cal,mu,base_rate,mu_benchmark,refit_day,platt_a,platt_b
2011-01-31,SPY,0.038457,0.019661,1.000000,0.588638,0.610452,0.012466,0.586957,-0.000918,1260,0.049292,0.431549
2011-01-31,QQQ,0.044164,0.020357,1.000000,0.653688,0.613693,0.016297,0.608696,0.006731,1260,0.049292,0.431549
2011-01-31,IWM,0.056870,0.038615,1.000000,0.583294,0.610194,0.006386,0.608696,0.000532,1260,0.049292,0.431549
2011-01-31,EFA,0.054468,0.026413,1.000000,0.568326,0.609475,0.010091,0.500000,-0.002672,1260,0.049292,0.431549
2011-01-31,EEM,0.059569,0.002838,1.000000,0.577785,0.609928,0.009801,0.521739,0.008337,1260,0.049292,0.431549
2011-01-31,SHY,0.003532,-0.001083,0.000000,0.621675,0.612072,0.008187,0.717391,0.003460,1260,0.049292,0.431549
2011-01-31,IEF,0.025310,-0.006198,0.000000,0.589503,0.610494,0.015291,0.608696,0.007541,1260,0.049292,0.431549
2011-01-31,TLT,0.048414,0.003778,1.000000,0.594002,0.610712,0.013713,0.565217,0.007451,1260,0.049292,0.431549
2011-01-31,AGG,0.012675,0.000478,1.000000,0.606453,0.611320,0.016355,0.608696,0.004913,1260,0.049292,0.431549
2011-01-31,LQD,0.019112,0.005430,1.000000,0.590853,0.610559,0.018435,0.565217,0.005099,1260,0.049292,0.431549
2011-01-31,HYG,0.019940,0.013682,1.000000,0.473444,0.604992,0.008186,0.580645,0.004121,1260,0.049292,0.431549
2011-01-31,GLD,0.047429,0.077385,1.000000,0.534865,0.607886,0.007934,0.630435,0.014549,1260,0.049292,0.431549
2011-01-31,SLV,0.093606,0.235487,1.000000,0.275567,0.594815,-0.000895,0.571429,0.019512,1260,0.049292,0.431549
2011-01-31,DBC,0.053490,0.061689,1.000000,0.459514,0.604332,0.006181,0.488889,0.003780,1260,0.049292,0.431549
2011-01-31,VNQ,0.057955,0.006647,1.000000,0.405503,0.601733,0.001546,0.456522,-0.002568,1260,0.049292,0.431549
2011-02-28,SPY,0.037292,-0.005387,0.000000,0.600999,0.611053,0.002216,0.586957,-0.000918,1260,0.049292,0.431549
2011-02-28,QQQ,0.044105,-0.010550,0.000000,0.618694,0.611924,0.004250,0.608696,0.006731,1260,0.049292,0.431549
2011-02-28,IWM,0.056105,0.008665,1.000000,0.596964,0.610856,0.007358,0.608696,0.000532,1260,0.049292,0.431549
2011-02-28,EFA,0.052224,-0.030707,0.000000,0.519987,0.607184,-0.001188,0.500000,-0.002672,1260,0.049292,0.431549
2011-02-28,EEM,0.058378,0.040402,1.000000,0.538604,0.608063,-0.000967,0.521739,0.008337,1260,0.049292,0.431549
2011-02-28,SHY,0.003428,-0.001300,0.000000,0.582697,0.610165,0.004002,0.717391,0.003460,1260,0.049292,0.431549
2011-02-28,IEF,0.023804,-0.002405,0.000000,0.510244,0.606726,0.006785,0.608696,0.007541,1260,0.049292,0.431549
2011-02-28,TLT,0.044919,-0.005570,0.000000,0.496905,0.606098,0.006840,0.565217,0.007451,1260,0.049292,0.431549
2011-02-28,AGG,0.012064,-0.002800,0.000000,0.479835,0.605293,0.001882,0.608696,0.004913,1260,0.049292,0.431549
2011-02-28,LQD,0.017868,-0.005588,0.000000,0.468696,0.604767,0.002163,0.565217,0.005099,1260,0.049292,0.431549
2011-02-28,HYG,0.018640,-0.000555,0.000000,0.541439,0.608197,-0.000697,0.580645,0.004121,1260,0.049292,0.431549
2011-02-28,GLD,0.043027,0.003995,1.000000,0.535463,0.607914,0.018507,0.630435,0.014549,1260,0.049292,0.431549
2011-02-28,SLV,0.096925,0.092419,1.000000,0.556797,0.608925,0.055369,0.571429,0.019512,1260,0.049292,0.431549
2011-02-28,DBC,0.051059,0.012113,1.000000,0.508306,0.606634,0.013639,0.488889,0.003780,1260,0.049292,0.431549
2011-02-28,VNQ,0.054086,-0.037982,0.000000,0.429756,0.602910,0.001546,0.456522,-0.002568,1260,0.049292,0.431549
2011-03-31,SPY,0.039984,0.027378,1.000000,0.598599,0.610936,-0.001025,0.586957,-0.000918,1260,0.049292,0.431549
2011-03-31,QQQ,0.046662,0.026815,1.000000,0.553460,0.608766,-0.000510,0.608696,0.006731,1260,0.049292,0.431549
2011-03-31,IWM,0.055858,0.014376,1.000000,0.537951,0.608032,0.000841,0.608696,0.000532,1260,0.049292,0.431549
2011-03-31,EFA,0.058410,0.063083,1.000000,0.541284,0.608189,-0.010677,0.500000,-0.002672,1260,0.049292,0.431549
2011-03-31,EEM,0.058814,0.027532,1.000000,0.568247,0.609471,0.000369,0.521739,0.008337,1260,0.049292,0.431549
2011-03-31,SHY,0.003663,0.005173,1.000000,0.784023,0.621307,0.017685,0.717391,0.003460,1260,0.049292,0.431549
2011-03-31,IEF,0.022504,0.018099,1.000000,0.669704,0.614529,0.016321,0.608696,0.007541,1260,0.049292,0.431549
2011-03-31,TLT,0.042393,0.025033,1.000000,0.617205,0.611850,0.011641,0.565217,0.007451,1260,0.049292,0.431549
2011-03-31,AGG,0.010869,0.016212,1.000000,0.644464,0.613220,0.017958,0.608696,0.004913,1260,0.049292,0.431549
2011-03-31,LQD,0.016744,0.027438,1.000000,0.658812,0.613959,0.017147,0.565217,0.005099,1260,0.049292,0.431549
2011-03-31,HYG,0.018127,0.015458,1.000000,0.599088,0.610960,0.000569,0.580645,0.004121,1260,0.049292,0.431549
2011-03-31,GLD,0.040939,0.075433,1.000000,0.475882,0.605107,-0.000112,0.630435,0.014549,1260,0.049292,0.431549
2011-03-31,SLV,0.092137,0.164808,1.000000,0.302506,0.596372,0.021236,0.571429,0.019512,1260,0.049292,0.431549
2011-03-31,DBC,0.053201,0.035070,1.000000,0.455243,0.604129,-0.006449,0.488889,0.003780,1260,0.049292,0.431549
2011-03-31,VNQ,0.053036,0.059004,1.000000,0.452472,0.603997,0.002531,0.456522,-0.002568,1260,0.049292,0.431549
2011-04-29,SPY,0.036494,-0.011215,0.000000,0.479084,0.605258,0.003377,0.586957,-0.000918,1260,0.049292,0.431549
2011-04-29,QQQ,0.042878,-0.012187,0.000000,0.498360,0.606166,0.006334,0.608696,0.006731,1260,0.049292,0.431549
2011-04-29,IWM,0.051741,-0.017942,0.000000,0.481969,0.605394,0.004246,0.608696,0.000532,1260,0.049292,0.431549
2011-04-29,EFA,0.054691,-0.022061,0.000000,0.478785,0.605244,0.005286,0.500000,-0.002672,1260,0.049292,0.431549
2011-04-29,EEM,0.057148,-0.029400,0.000000,0.562899,0.609216,0.007829,0.521739,0.008337,1260,0.049292,0.431549
2011-04-29,SHY,0.003599,0.003641,1.000000,0.604180,0.611209,-0.001088,0.717391,0.003460,1260,0.049292,0.431549
2011-04-29,IEF,0.020902,0.025056,1.000000,0.537451,0.608008,0.003677,0.608696,0.007541,1260,0.049292,0.431549
2011-04-29,TLT,0.039674,0.034229,1.000000,0.566977,0.609410,0.007843,0.565217,0.007451,1260,0.049292,0.431549
2011-04-29,AGG,0.010457,0.012399,1.000000,0.534841,0.607885,-0.001802,0.608696,0.004913,1260,0.049292,0.431549
2011-04-29,LQD,0.015480,0.012695,1.000000,0.480437,0.605322,-0.001439,0.565217,0.005099,1260,0.049292,0.431549
2011-04-29,HYG,0.016698,0.001333,1.000000,0.488868,0.605719,0.001303,0.580645,0.004121,1260,0.049292,0.431549
2011-04-29,GLD,0.040671,-0.017917,0.000000,0.512276,0.606821,0.009170,0.630435,0.014549,1260,0.049292,0.431549
2011-04-29,SLV,0.099933,-0.197952,0.000000,0.393757,0.601154,0.071106,0.571429,0.019512,1260,0.049292,0.431549
2011-04-29,DBC,0.051300,-0.051724,0.000000,0.472694,0.604956,0.008208,0.488889,0.003780,1260,0.049292,0.431549
2011-04-29,VNQ,0.048949,0.013747,1.000000,0.474674,0.605050,0.008478,0.456522,-0.002568,1260,0.049292,0.431549
2011-05-31,SPY,0.034776,-0.026182,0.000000,0.461696,0.604436,-0.002595,0.586957,-0.000918,1260,0.049292,0.431549
2011-05-31,QQQ,0.041601,-0.033135,0.000000,0.464985,0.604591,-0.003754,0.608696,0.006731,1260,0.049292,0.431549
2011-05-31,IWM,0.052511,-0.031117,0.000000,0.456817,0.604204,-0.007888,0.608696,0.000532,1260,0.049292,0.431549
2011-05-31,EFA,0.054399,-0.026234,0.000000,0.382307,0.600584,-0.010189,0.500000,-0.002672,1260,0.049292,0.431549
2011-05-31,EEM,0.057960,-0.019969,0.000000,0.415844,0.602237,-0.007989,0.521739,0.008337,1260,0.049292,0.431549
2011-05-31,SHY,0.003205,0.000070,1.000000,0.508414,0.606639,0.000139,0.717391,0.003460,1260,0.049292,0.431549
2011-05-31,IEF,0.018979,-0.001618,0.000000,0.501134,0.606297,0.001863,0.608696,0.007541,1260,0.049292,0.431549
2011-05-31,TLT,0.036642,-0.021674,0.000000,0.567509,0.609436,0.009172,0.565217,0.007451,1260,0.049292,0.431549
2011-05-31,AGG,0.009341,-0.004266,0.000000,0.462785,0.604487,-0.000642,0.608696,0.004913,1260,0.049292,0.431549
2011-05-31,LQD,0.014031,-0.009413,0.000000,0.483915,0.605486,0.003339,0.565217,0.005099,1260,0.049292,0.431549
2011-05-31,HYG,0.015189,-0.012348,0.000000,0.488652,0.605709,0.004382,0.580645,0.004121,1260,0.049292,0.431549
2011-05-31,GLD,0.041628,-0.016439,0.000000,0.506218,0.606536,-0.006002,0.630435,0.014549,1260,0.049292,0.431549
2011-05-31,SLV,0.143781,-0.095479,0.000000,0.088953,0.578562,-0.056069,0.571429,0.019512,1260,0.049292,0.431549
2011-05-31,DBC,0.066114,-0.032397,0.000000,0.376423,0.600289,-0.021667,0.488889,0.003780,1260,0.049292,0.431549
2011-05-31,VNQ,0.046408,-0.035567,0.000000,0.402577,0.601589,-0.000932,0.456522,-0.002568,1260,0.049292,0.431549
2011-06-30,SPY,0.038775,-0.024172,0.000000,0.492269,0.605879,-0.003507,0.586957,-0.000918,1260,0.049292,0.431549
2011-06-30,QQQ,0.046480,0.011920,1.000000,0.487694,0.605664,-0.005566,0.608696,0.006731,1260,0.049292,0.431549
2011-06-30,IWM,0.054420,-0.040361,0.000000,0.428517,0.602851,-0.003196,0.608696,0.000532,1260,0.049292,0.431549
2011-06-30,EFA,0.058343,-0.036083,0.000000,0.435237,0.603174,-0.007029,0.500000,-0.002672,1260,0.049292,0.431549
2011-06-30,EEM,0.056594,-0.011134,0.000000,0.443033,0.603547,-0.000432,0.521739,0.008337,1260,0.049292,0.431549
2011-06-30,SHY,0.003231,0.002516,1.000000,0.775009,0.620699,0.014190,0.717391,0.003460,1260,0.049292,0.431549
2011-06-30,IEF,0.020277,0.035449,1.000000,0.748772,0.619017,0.012227,0.608696,0.007541,1260,0.049292,0.431549
2011-06-30,TLT,0.038004,0.054683,1.000000,0.715679,0.617051,0.010684,0.565217,0.007451,1260,0.049292,0.431549
2011-06-30,AGG,0.009500,0.019317,1.000000,0.725883,0.617642,0.016542,0.608696,0.004913,1260,0.049292,0.431549
2011-06-30,LQD,0.014436,0.027331,1.000000,0.695916,0.615942,0.011970,0.565217,0.005099,1260,0.049292,0.431549
2011-06-30,HYG,0.021572,0.005778,1.000000,0.593128,0.610670,-0.006726,0.580645,0.004121,1260,0.049292,0.431549
2011-06-30,GLD,0.038787,0.080274,1.000000,0.573108,0.609704,0.015515,0.630435,0.014549,1260,0.049292,0.431549
2011-06-30,SLV,0.131251,0.131501,1.000000,0.189310,0.589005,0.005164,0.571429,0.019512,1260,0.049292,0.431549
2011-06-30,DBC,0.062412,0.045580,1.000000,0.375527,0.600244,0.001941,0.488889,0.003780,1260,0.049292,0.431549
2011-06-30,VNQ,0.049654,0.000333,1.000000,0.430931,0.602967,-0.002304,0.456522,-0.002568,1260,0.049292,0.431549
2011-07-29,SPY,0.040459,-0.061625,0.000000,0.648233,0.613413,0.007832,0.586957,-0.000918,1260,0.049292,0.431549
2011-07-29,QQQ,0.048230,-0.058448,0.000000,0.643116,0.613151,0.009426,0.608696,0.006731,1260,0.049292,0.431549
2011-07-29,IWM,0.055959,-0.092300,0.000000,0.589924,0.610514,0.004726,0.608696,0.000532,1260,0.049292,0.431549
2011-07-29,EFA,0.058739,-0.098620,0.000000,0.545138,0.608372,0.001169,0.500000,-0.002672,1260,0.049292,0.431549
2011-07-29,EEM,0.055572,-0.112078,0.000000,0.594945,0.610758,0.007064,0.521739,0.008337,1260,0.049292,0.431549
2011-07-29,SHY,0.003134,0.003210,1.000000,0.633167,0.612647,0.001488,0.717391,0.003460,1260,0.049292,0.431549
2011-07-29,IEF,0.021536,0.043059,1.000000,0.597746,0.610894,0.000004,0.608696,0.007541,1260,0.049292,0.431549
2011-07-29,TLT,0.040856,0.096265,1.000000,0.631503,0.612564,0.005319,0.565217,0.007451,1260,0.049292,0.431549
2011-07-29,AGG,0.010407,0.012979,1.000000,0.604232,0.611211,-0.001195,0.608696,0.004913,1260,0.049292,0.431549
2011-07-29,LQD,0.015796,-0.004904,0.000000,0.594994,0.610760,-0.000242,0.565217,0.005099,1260,0.049292,0.431549
2011-07-29,HYG,0.020978,-0.041427,0.000000,0.611908,0.611588,0.011048,0.580645,0.004121,1260,0.049292,0.431549
2011-07-29,GLD,0.038153,0.098553,1.000000,0.531464,0.607725,0.011633,0.630435,0.014549,1260,0.049292,0.431549
2011-07-29,SLV,0.126211,0.022394,1.000000,0.404768,0.601697,0.035967,0.571429,0.019512,1260,0.049292,0.431549
2011-07-29,DBC,0.056417,-0.018824,0.000000,0.522056,0.607282,0.019455,0.488889,0.003780,1260,0.049292,0.431549
2011-07-29,VNQ,0.050217,-0.069299,0.000000,0.579370,0.610005,0.011243,0.456522,-0.002568,1260,0.049292,0.431549
2011-08-31,SPY,0.079864,-0.069421,0.000000,0.473503,0.604994,-0.030358,0.586957,-0.000918,1260,0.049292,0.431549
2011-08-31,QQQ,0.084139,-0.044908,0.000000,0.459238,0.604319,-0.029334,0.608696,0.006731,1260,0.049292,0.431549
2011-08-31,IWM,0.107168,-0.111503,0.000000,0.393935,0.601163,-0.041571,0.608696,0.000532,1260,0.049292,0.431549
2011-08-31,EFA,0.101589,-0.108083,0.000000,0.384126,0.600675,-0.040467,0.500000,-0.002672,1260,0.049292,0.431549
2011-08-31,EEM,0.098666,-0.178947,0.000000,0.432241,0.603030,-0.037329,0.521739,0.008337,1260,0.049292,0.431549
2011-08-31,SHY,0.002845,-0.001015,0.000000,0.583436,0.610200,0.005001,0.717391,0.003460,1260,0.049292,0.431549
2011-08-31,IEF,0.027371,0.022370,1.000000,0.709919,0.616724,0.008399,0.608696,0.007541,1260,0.049292,0.431549
2011-08-31,TLT,0.065383,0.132060,1.000000,0.735296,0.618199,0.006031,0.565217,0.007451,1260,0.049292,0.431549
2011-08-31,AGG,0.014067,0.007706,1.000000,0.681004,0.615131,0.000559,0.608696,0.004913,1260,0.049292,0.431549
2011-08-31,LQD,0.024398,0.003512,1.000000,0.631051,0.612541,-0.006795,0.565217,0.005099,1260,0.049292,0.431549
2011-08-31,HYG,0.042986,-0.053014,0.000000,0.544017,0.608319,-0.017591,0.580645,0.004121,1260,0.049292,0.431549
2011-08-31,GLD,0.063514,-0.110623,0.000000,0.643781,0.613185,0.013540,0.630435,0.014549,1260,0.049292,0.431549
2011-08-31,SLV,0.131435,-0.285290,0.000000,0.235717,0.592320,-0.006034,0.571429,0.019512,1260,0.049292,0.431549
2011-08-31,DBC,0.060385,-0.146220,0.000000,0.424567,0.602660,-0.015070,0.488889,0.003780,1260,0.049292,0.431549
2011-08-31,VNQ,0.100051,-0.108419,0.000000,0.397481,0.601338,-0.033061,0.456522,-0.002568,1260,0.049292,0.431549
2011-09-30,SPY,0.080970,0.109147,1.000000,0.524947,0.607418,-0.008771,0.586957,-0.000918,1260,0.049292,0.431549
2011-09-30,QQQ,0.081126,0.104020,1.000000,0.547108,0.608465,0.000132,0.608696,0.006731,1260,0.049292,0.431549
2011-09-30,IWM,0.107520,0.151011,1.000000,0.447202,0.603746,-0.020352,0.608696,0.000532,1260,0.049292,0.431549
2011-09-30,EFA,0.102272,0.096275,1.000000,0.433459,0.603088,-0.019256,0.500000,-0.002672,1260,0.049292,0.431549
2011-09-30,EEM,0.109393,0.162678,1.000000,0.463324,0.604513,-0.027061,0.521739,0.008337,1260,0.049292,0.431549
2011-09-30,SHY,0.002588,0.000342,1.000000,0.655789,0.613802,0.011991,0.717391,0.003460,1260,0.049292,0.431549
2011-09-30,IEF,0.026762,-0.012865,0.000000,0.561571,0.609152,0.010546,0.608696,0.007541,1260,0.049292,0.431549
2011-09-30,TLT,0.071818,-0.038292,0.000000,0.574677,0.609779,0.019882,0.565217,0.007451,1260,0.049292,0.431549
2011-09-30,AGG,0.013171,0.001265,1.000000,0.519932,0.607182,0.008633,0.608696,0.004913,1260,0.049292,0.431549
2011-09-30,LQD,0.022203,0.025095,1.000000,0.539732,0.608116,0.014203,0.565217,0.005099,1260,0.049292,0.431549
2011-09-30,HYG,0.041273,0.084917,1.000000,0.602890,0.611145,0.013979,0.580645,0.004121,1260,0.049292,0.431549
2011-09-30,GLD,0.075492,0.058712,1.000000,0.455047,0.604120,-0.008247,0.630435,0.014549,1260,0.049292,0.431549
2011-09-30,SLV,0.163531,0.156693,1.000000,0.153910,0.586021,-0.054887,0.571429,0.019512,1260,0.049292,0.431549
2011-09-30,DBC,0.064691,0.076505,1.000000,0.469440,0.604802,-0.004416,0.488889,0.003780,1260,0.049292,0.431549
2011-09-30,VNQ,0.099343,0.142913,1.000000,0.404374,0.601677,-0.013678,0.456522,-0.002568,1260,0.049292,0.431549
2011-10-31,SPY,0.082103,-0.004064,0.000000,0.602172,0.611110,0.009941,0.586957,-0.000918,1260,0.049292,0.431549
2011-10-31,QQQ,0.080819,-0.026919,0.000000,0.606010,0.611298,0.011353,0.608696,0.006731,1260,0.049292,0.431549
2011-10-31,IWM,0.116196,-0.003783,0.000000,0.603418,0.611171,0.007803,0.608696,0.000532,1260,0.049292,0.431549
2011-10-31,EFA,0.105370,-0.021764,0.000000,0.588446,0.610443,0.008943,0.500000,-0.002672,1260,0.049292,0.431549
2011-10-31,EEM,0.116336,-0.019603,0.000000,0.683557,0.615268,0.020501,0.521739,0.008337,1260,0.049292,0.431549
2011-10-31,SHY,0.002460,0.000450,1.000000,0.653538,0.613686,0.006914,0.717391,0.003460,1260,0.049292,0.431549
2011-10-31,IEF,0.028087,0.005798,1.000000,0.554581,0.608820,0.004488,0.608696,0.007541,1260,0.049292,0.431549
2011-10-31,TLT,0.075075,0.019891,1.000000,0.428721,0.602861,-0.006318,0.565217,0.007451,1260,0.049292,0.431549
2011-10-31,AGG,0.013181,-0.003308,0.000000,0.535080,0.607896,0.005598,0.608696,0.004913,1260,0.049292,0.431549
2011-10-31,LQD,0.020294,-0.031567,0.000000,0.421614,0.602517,-0.000151,0.565217,0.005099,1260,0.049292,0.431549
2011-10-31,HYG,0.047166,-0.024270,0.000000,0.644798,0.613237,0.010264,0.580645,0.004121,1260,0.049292,0.431549
2011-10-31,GLD,0.071260,0.016673,1.000000,0.522530,0.607304,0.024446,0.630435,0.014549,1260,0.049292,0.431549
2011-10-31,SLV,0.152196,-0.043062,0.000000,0.475316,0.605080,0.029777,0.571429,0.019512,1260,0.049292,0.431549
2011-10-31,DBC,0.063534,-0.002886,0.000000,0.584401,0.610247,0.019452,0.488889,0.003780,1260,0.049292,0.431549
2011-10-31,VNQ,0.106739,-0.038012,0.000000,0.510527,0.606739,0.004132,0.456522,-0.002568,1260,0.049292,0.431549
2011-11-30,SPY,0.083705,0.010448,1.000000,0.449483,0.603855,-0.018451,0.586957,-0.000918,1260,0.049292,0.431549
2011-11-30,QQQ,0.083211,-0.006142,0.000000,0.460414,0.604375,-0.019234,0.608696,0.006731,1260,0.049292,0.431549
2011-11-30,IWM,0.117589,0.005151,1.000000,0.405513,0.601733,-0.022737,0.608696,0.000532,1260,0.049292,0.431549
2011-11-30,EFA,0.107340,-0.021749,0.000000,0.393285,0.601131,-0.022530,0.500000,-0.002672,1260,0.049292,0.431549
2011-11-30,EEM,0.120235,-0.042648,0.000000,0.425333,0.602697,-0.021978,0.521739,0.008337,1260,0.049292,0.431549
2011-11-30,SHY,0.002119,0.000521,1.000000,0.565500,0.609340,0.010819,0.717391,0.003460,1260,0.049292,0.431549
2011-11-30,IEF,0.026363,0.019877,1.000000,0.671587,0.614629,0.019646,0.608696,0.007541,1260,0.049292,0.431549
2011-11-30,TLT,0.070281,0.034449,1.000000,0.595734,0.610796,0.020159,0.565217,0.007451,1260,0.049292,0.431549
2011-11-30,AGG,0.011630,0.013567,1.000000,0.655026,0.613762,0.023964,0.608696,0.004913,1260,0.049292,0.431549
2011-11-30,LQD,0.019421,0.034882,1.000000,0.595988,0.610809,0.014449,0.565217,0.005099,1260,0.049292,0.431549
2011-11-30,HYG,0.048752,0.045521,1.000000,0.488249,0.605690,-0.011372,0.580645,0.004121,1260,0.049292,0.431549
2011-11-30,GLD,0.068597,-0.106624,0.000000,0.467276,0.604700,0.004242,0.630435,0.014549,1260,0.049292,0.431549
2011-11-30,SLV,0.144529,-0.158125,0.000000,0.317954,0.597228,-0.012479,0.571429,0.019512,1260,0.049292,0.431549
2011-11-30,DBC,0.060341,-0.028944,0.000000,0.443968,0.603592,-0.002405,0.488889,0.003780,1260,0.049292,0.431549
2011-11-30,VNQ,0.104627,0.048503,1.000000,0.323711,0.597542,-0.024336,0.456522,-0.002568,1260,0.049292,0.431549
2011-12-30,SPY,0.075726,0.055538,1.000000,0.513021,0.606856,0.004016,0.586957,-0.000918,1260,0.049292,0.431549
2011-12-30,QQQ,0.075270,0.092961,1.000000,0.520156,0.607192,0.004944,0.608696,0.006731,1260,0.049292,0.431549
2011-12-30,IWM,0.106331,0.094508,1.000000,0.482025,0.605397,0.002577,0.608696,0.000532,1260,0.049292,0.431549
2011-12-30,EFA,0.098156,0.069251,1.000000,0.407825,0.601846,-0.005323,0.500000,-0.002672,1260,0.049292,0.431549
2011-12-30,EEM,0.110406,0.134422,1.000000,0.459237,0.604319,-0.001499,0.521739,0.008337,1260,0.049292,0.431549
2011-12-30,SHY,0.001885,0.000484,1.000000,0.587747,0.610409,0.004738,0.717391,0.003460,1260,0.049292,0.431549
2011-12-30,IEF,0.024432,0.005118,1.000000,0.536705,0.607973,0.008346,0.608696,0.007541,1260,0.049292,0.431549
2011-12-30,TLT,0.066237,-0.014716,0.000000,0.526519,0.607492,0.010157,0.565217,0.007451,1260,0.049292,0.431549
2011-12-30,AGG,0.010696,0.005483,1.000000,0.554332,0.608808,0.007935,0.608696,0.004913,1260,0.049292,0.431549
2011-12-30,LQD,0.019294,0.025515,1.000000,0.546412,0.608432,0.004751,0.565217,0.005099,1260,0.049292,0.431549
2011-12-30,HYG,0.042770,0.016526,1.000000,0.431482,0.602993,0.008187,0.580645,0.004121,1260,0.049292,0.431549
2011-12-30,GLD,0.068324,0.115600,1.000000,0.517738,0.607078,0.003721,0.630435,0.014549,1260,0.049292,0.431549
2011-12-30,SLV,0.137553,0.216407,1.000000,0.369573,0.599942,-0.007752,0.571429,0.019512,1260,0.049292,0.431549
2011-12-30,DBC,0.057913,0.040238,1.000000,0.533124,0.607804,0.007512,0.488889,0.003780,1260,0.049292,0.431549
2011-12-30,VNQ,0.093298,0.074310,1.000000,0.435310,0.603177,0.009601,0.456522,-0.002568,1260,0.049292,0.431549
2012-01-31,SPY,0.065213,0.048812,1.000000,0.580927,0.555407,0.019806,0.551724,0.000313,1512,1.358679,-0.221171
2012-01-31,QQQ,0.065654,0.072526,1.000000,0.543385,0.503802,0.010105,0.586207,0.006648,1512,1.358679,-0.221171
2012-01-31,IWM,0.091389,0.031005,1.000000,0.601374,0.583586,0.021923,0.586207,0.000810,1512,1.358679,-0.221171
2012-01-31,EFA,0.086804,0.060223,1.000000,0.573993,0.545855,0.018057,0.482759,-0.002741,1512,1.358679,-0.221171
2012-01-31,EEM,0.098150,0.062693,1.000000,0.624854,0.615864,0.020988,0.500000,0.005104,1512,1.358679,-0.221171
2012-01-31,SHY,0.001705,-0.001586,0.000000,0.723355,0.747390,0.009670,0.706897,0.002906,1512,1.358679,-0.221171
2012-01-31,IEF,0.022533,-0.014202,0.000000,0.525325,0.479157,0.003755,0.586207,0.007407,1512,1.358679,-0.221171
2012-01-31,TLT,0.060214,-0.035140,0.000000,0.444673,0.372129,0.006443,0.568966,0.009655,1512,1.358679,-0.221171
2012-01-31,AGG,0.009978,-0.002154,0.000000,0.555003,0.519732,-0.001889,0.603448,0.004694,1512,1.358679,-0.221171
2012-01-31,LQD,0.017928,0.013928,1.000000,0.523522,0.476706,0.001002,0.551724,0.004718,1512,1.358679,-0.221171
2012-01-31,HYG,0.036860,0.022774,1.000000,0.533089,0.489732,0.014726,0.581395,0.003765,1512,1.358679,-0.221171
2012-01-31,GLD,0.063160,-0.015947,0.000000,0.629210,0.621834,0.017971,0.637931,0.015347,1512,1.358679,-0.221171
2012-01-31,SLV,0.130302,0.066914,1.000000,0.731801,0.758165,0.027886,0.574074,0.018686,1512,1.358679,-0.221171
2012-01-31,DBC,0.053875,0.070068,1.000000,0.620394,0.609745,0.017736,0.508772,0.004751,1512,1.358679,-0.221171
2012-01-31,VNQ,0.080792,-0.005510,0.000000,0.483931,0.423473,0.008287,0.482759,-0.001761,1512,1.358679,-0.221171
2012-02-29,SPY,0.056454,0.027912,1.000000,0.549412,0.512059,0.014581,0.551724,0.000313,1512,1.358679,-0.221171
2012-02-29,QQQ,0.057744,0.052552,1.000000,0.548718,0.511108,0.011445,0.586207,0.006648,1512,1.358679,-0.221171
2012-02-29,IWM,0.081322,0.028189,1.000000,0.677547,0.687333,0.025050,0.586207,0.000810,1512,1.358679,-0.221171
2012-02-29,EFA,0.076473,-0.004757,0.000000,0.599950,0.581624,0.024812,0.482759,-0.002741,1512,1.358679,-0.221171
2012-02-29,EEM,0.086485,-0.038123,0.000000,0.536095,0.493835,0.015880,0.500000,0.005104,1512,1.358679,-0.221171
2012-02-29,SHY,0.001595,-0.000652,0.000000,0.722579,0.746396,0.011933,0.706897,0.002906,1512,1.358679,-0.221171
2012-02-29,IEF,0.020795,-0.011052,0.000000,0.657999,0.661040,0.015869,0.586207,0.007407,1512,1.358679,-0.221171
2012-02-29,TLT,0.055125,-0.025887,0.000000,0.562286,0.529740,0.011387,0.568966,0.009655,1512,1.358679,-0.221171
2012-02-29,AGG,0.009037,-0.004191,0.000000,0.617290,0.605482,0.011282,0.603448,0.004694,1512,1.358679,-0.221171
2012-02-29,LQD,0.016383,-0.011825,0.000000,0.491112,0.433035,0.000214,0.551724,0.004718,1512,1.358679,-0.221171
2012-02-29,HYG,0.031878,-0.007566,0.000000,0.496676,0.440475,0.002685,0.581395,0.003765,1512,1.358679,-0.221171
2012-02-29,GLD,0.065718,-0.018321,0.000000,0.713175,0.734269,0.015375,0.637931,0.015347,1512,1.358679,-0.221171
2012-02-29,SLV,0.123421,-0.065574,0.000000,0.618666,0.607373,0.017122,0.574074,0.018686,1512,1.358679,-0.221171
2012-02-29,DBC,0.048020,-0.028650,0.000000,0.582806,0.557997,0.020684,0.508772,0.004751,1512,1.358679,-0.221171
2012-02-29,VNQ,0.070875,0.043407,1.000000,0.621799,0.611673,0.024719,0.482759,-0.001761,1512,1.358679,-0.221171
2012-03-30,SPY,0.050095,-0.000497,0.000000,0.632972,0.626983,0.005313,0.551724,0.000313,1512,1.358679,-0.221171
2012-03-30,QQQ,0.051364,-0.010067,0.000000,0.652554,0.653663,0.011691,0.586207,0.006648,1512,1.358679,-0.221171
2012-03-30,IWM,0.072475,-0.015216,0.000000,0.672282,0.680284,0.016799,0.586207,0.000810,1512,1.358679,-0.221171
2012-03-30,EFA,0.069748,-0.016761,0.000000,0.581514,0.556217,0.009280,0.482759,-0.002741,1512,1.358679,-0.221171
2012-03-30,EEM,0.080188,-0.010477,0.000000,0.614037,0.601012,0.014140,0.500000,0.005104,1512,1.358679,-0.221171
2012-03-30,SHY,0.001774,0.001993,1.000000,0.737619,0.765522,0.004388,0.706897,0.002906,1512,1.358679,-0.221171
2012-03-30,IEF,0.020409,0.023227,1.000000,0.661836,0.666225,0.010839,0.586207,0.007407,1512,1.358679,-0.221171
2012-03-30,TLT,0.052576,0.042906,1.000000,0.626516,0.618143,0.009832,0.568966,0.009655,1512,1.358679,-0.221171
2012-03-30,AGG,0.009234,0.008694,1.000000,0.671236,0.678879,0.006207,0.603448,0.004694,1512,1.358679,-0.221171
2012-03-30,LQD,0.016385,0.008897,1.000000,0.639482,0.635876,0.007672,0.551724,0.004718,1512,1.358679,-0.221171
2012-03-30,HYG,0.028767,0.012136,1.000000,0.708806,0.728594,0.013109,0.581395,0.003765,1512,1.358679,-0.221171
2012-03-30,GLD,0.060010,-0.004935,0.000000,0.608850,0.593877,0.018974,0.637931,0.015347,1512,1.358679,-0.221171
2012-03-30,SLV,0.111719,-0.042065,0.000000,0.539762,0.498845,0.024924,0.574074,0.018686,1512,1.358679,-0.221171
2012-03-30,DBC,0.045720,-0.013542,0.000000,0.607916,0.592592,0.016863,0.508772,0.004751,1512,1.358679,-0.221171
2012-03-30,VNQ,0.061994,0.039748,1.000000,0.523856,0.477161,0.003720,0.482759,-0.001761,1512,1.358679,-0.221171
2012-04-30,SPY,0.047391,-0.057982,0.000000,0.600540,0.582436,-0.001783,0.551724,0.000313,1512,1.358679,-0.221171
2012-04-30,QQQ,0.051858,-0.066357,0.000000,0.605890,0.589803,-0.002771,0.586207,0.006648,1512,1.358679,-0.221171
2012-04-30,IWM,0.067903,-0.064563,0.000000,0.581711,0.556489,-0.000247,0.586207,0.000810,1512,1.358679,-0.221171
2012-04-30,EFA,0.067016,-0.115163,0.000000,0.556982,0.522450,0.000499,0.482759,-0.002741,1512,1.358679,-0.221171
2012-04-30,EEM,0.073531,-0.110848,0.000000,0.599714,0.581299,0.012820,0.500000,0.005104,1512,1.358679,-0.221171
2012-04-30,SHY,0.001670,0.000212,1.000000,0.651478,0.652204,0.005835,0.706897,0.002906,1512,1.358679,-0.221171
2012-04-30,IEF,0.019621,0.024716,1.000000,0.587163,0.564003,0.000629,0.586207,0.007407,1512,1.358679,-0.221171
2012-04-30,TLT,0.049795,0.077779,1.000000,0.568271,0.537975,0.002224,0.568966,0.009655,1512,1.358679,-0.221171
2012-04-30,AGG,0.008885,0.007792,1.000000,0.627630,0.619669,0.005047,0.603448,0.004694,1512,1.358679,-0.221171
2012-04-30,LQD,0.015524,0.000508,1.000000,0.575851,0.548414,0.002721,0.551724,0.004718,1512,1.358679,-0.221171
2012-04-30,HYG,0.025971,-0.021844,0.000000,0.576593,0.549436,0.001635,0.581395,0.003765,1512,1.358679,-0.221171
2012-04-30,GLD,0.053848,-0.061589,0.000000,0.570664,0.541270,0.013913,0.637931,0.015347,1512,1.358679,-0.221171
2012-04-30,SLV,0.101327,-0.099303,0.000000,0.637234,0.632807,0.025534,0.574074,0.018686,1512,1.358679,-0.221171
2012-04-30,DBC,0.042734,-0.103837,0.000000,0.553119,0.517145,0.006799,0.508772,0.004751,1512,1.358679,-0.221171
2012-04-30,VNQ,0.057974,-0.052237,0.000000,0.557005,0.522482,-0.001860,0.482759,-0.001761,1512,1.358679,-0.221171
2012-05-31,SPY,0.044913,0.040581,1.000000,0.631763,0.625328,0.017122,0.551724,0.000313,1512,1.358679,-0.221171
2012-05-31,QQQ,0.051266,0.036214,1.000000,0.621107,0.610724,0.014473,0.586207,0.006648,1512,1.358679,-0.221171
2012-05-31,IWM,0.063078,0.050521,1.000000,0.634446,0.628998,0.015642,0.586207,0.000810,1512,1.358679,-0.221171
2012-05-31,EFA,0.063320,0.070434,1.000000,0.574995,0.547235,0.019070,0.482759,-0.002741,1512,1.358679,-0.221171
2012-05-31,EEM,0.070255,0.050354,1.000000,0.575307,0.547665,0.015118,0.500000,0.005104,1512,1.358679,-0.221171
2012-05-31,SHY,0.001559,-0.000971,0.000000,0.624180,0.614940,0.006198,0.706897,0.002906,1512,1.358679,-0.221171
2012-05-31,IEF,0.018242,-0.004143,0.000000,0.509349,0.457513,-0.001838,0.586207,0.007407,1512,1.358679,-0.221171
2012-05-31,TLT,0.047620,-0.016782,0.000000,0.515862,0.466317,-0.003056,0.568966,0.009655,1512,1.358679,-0.221171
2012-05-31,AGG,0.008233,-0.000198,0.000000,0.502795,0.448686,-0.000931,0.603448,0.004694,1512,1.358679,-0.221171
2012-05-31,LQD,0.014969,0.008716,1.000000,0.545799,0.507108,0.001563,0.551724,0.004718,1512,1.358679,-0.221171
2012-05-31,HYG,0.026679,0.046568,1.000000,0.713018,0.734065,0.018782,0.581395,0.003765,1512,1.358679,-0.221171
2012-05-31,GLD,0.051293,0.023546,1.000000,0.665626,0.671337,0.015357,0.637931,0.015347,1512,1.358679,-0.221171
2012-05-31,SLV,0.091802,-0.011498,0.000000,0.673266,0.681602,0.031304,0.574074,0.018686,1512,1.358679,-0.221171
2012-05-31,DBC,0.042641,0.020206,1.000000,0.650807,0.651292,0.029454,0.508772,0.004751,1512,1.358679,-0.221171
2012-05-31,VNQ,0.056795,0.055171,1.000000,0.580744,0.555156,0.010395,0.482759,-0.001761,1512,1.358679,-0.221171
2012-06-29,SPY,0.049581,0.011829,1.000000,0.562361,0.529844,-0.009464,0.551724,0.000313,1512,1.358679,-0.221171
2012-06-29,QQQ,0.056901,0.009975,1.000000,0.556789,0.522185,-0.004188,0.586207,0.006648,1512,1.358679,-0.221171
2012-06-29,IWM,0.066337,-0.015208,0.000000,0.562508,0.530046,-0.009060,0.586207,0.000810,1512,1.358679,-0.221171
2012-06-29,EFA,0.066547,0.000800,1.000000,0.553483,0.517646,-0.000225,0.482759,-0.002741,1512,1.358679,-0.221171
2012-06-29,EEM,0.074719,-0.000256,0.000000,0.588254,0.565507,0.001861,0.500000,0.005104,1512,1.358679,-0.221171
2012-06-29,SHY,0.001398,0.002205,1.000000,0.729344,0.755041,0.022095,0.706897,0.002906,1512,1.358679,-0.221171
2012-06-29,IEF,0.018404,0.014011,1.000000,0.686625,0.699425,0.011287,0.586207,0.007407,1512,1.358679,-0.221171
2012-06-29,TLT,0.047314,0.038174,1.000000,0.623724,0.614314,0.008273,0.568966,0.009655,1512,1.358679,-0.221171
2012-06-29,AGG,0.008122,0.013621,1.000000,0.679663,0.690158,0.011330,0.603448,0.004694,1512,1.358679,-0.221171
2012-06-29,LQD,0.014358,0.034830,1.000000,0.560986,0.527953,-0.000093,0.551724,0.004718,1512,1.358679,-0.221171
2012-06-29,HYG,0.026725,0.010223,1.000000,0.576293,0.549022,-0.002980,0.581395,0.003765,1512,1.358679,-0.221171
2012-06-29,GLD,0.054042,0.008377,1.000000,0.670136,0.677402,0.007990,0.637931,0.015347,1512,1.358679,-0.221171
2012-06-29,SLV,0.089989,0.017636,1.000000,0.691929,0.706451,0.024979,0.574074,0.018686,1512,1.358679,-0.221171
2012-06-29,DBC,0.052206,0.058252,1.000000,0.503020,0.448989,-0.009550,0.508772,0.004751,1512,1.358679,-0.221171
2012-06-29,VNQ,0.058146,0.020021,1.000000,0.495796,0.439296,-0.007742,0.482759,-0.001761,1512,1.358679,-0.221171
2012-07-31,SPY,0.047023,0.027595,1.000000,0.563729,0.531726,0.003749,0.551724,0.000313,1512,1.358679,-0.221171
2012-07-31,QQQ,0.054246,0.055556,1.000000,0.557086,0.522593,0.004742,0.586207,0.006648,1512,1.358679,-0.221171
2012-07-31,IWM,0.061092,0.041480,1.000000,0.612396,0.598755,0.008817,0.586207,0.000810,1512,1.358679,-0.221171
2012-07-31,EFA,0.064865,0.038400,1.000000,0.533976,0.490942,-0.000257,0.482759,-0.002741,1512,1.358679,-0.221171
2012-07-31,EEM,0.072092,0.006391,1.000000,0.572801,0.544212,0.004886,0.500000,0.005104,1512,1.358679,-0.221171
2012-07-31,SHY,0.001373,-0.000639,0.000000,0.690537,0.704610,0.003680,0.706897,0.002906,1512,1.358679,-0.221171
2012-07-31,IEF,0.017017,-0.009421,0.000000,0.630464,0.623551,0.014824,0.586207,0.007407,1512,1.358679,-0.221171
2012-07-31,TLT,0.044154,-0.031964,0.000000,0.589937,0.567826,0.014085,0.568966,0.009655,1512,1.358679,-0.221171
2012-07-31,AGG,0.007660,-0.003738,0.000000,0.613643,0.600469,0.006947,0.603448,0.004694,1512,1.358679,-0.221171
2012-07-31,LQD,0.014181,-0.007734,0.000000,0.538517,0.497143,-0.002777,0.551724,0.004718,1512,1.358679,-0.221171
2012-07-31,HYG,0.024573,0.010253,1.000000,0.568062,0.537688,0.009252,0.581395,0.003765,1512,1.358679,-0.221171
2012-07-31,GLD,0.048751,0.026200,1.000000,0.641229,0.638259,0.021709,0.637931,0.015347,1512,1.358679,-0.221171
2012-07-31,SLV,0.080426,0.096976,1.000000,0.651458,0.652177,0.029387,0.574074,0.018686,1512,1.358679,-0.221171
2012-07-31,DBC,0.053371,0.044404,1.000000,0.607101,0.591471,0.009668,0.508772,0.004751,1512,1.358679,-0.221171
2012-07-31,VNQ,0.051494,-0.001048,0.000000,0.508295,0.456092,0.010225,0.482759,-0.001761,1512,1.358679,-0.221171
2012-08-31,SPY,0.041072,0.029126,1.000000,0.587948,0.565085,0.013777,0.551724,0.000313,1512,1.358679,-0.221171
2012-08-31,QQQ,0.047520,0.010355,1.000000,0.592948,0.571976,0.014969,0.586207,0.006648,1512,1.358679,-0.221171
2012-08-31,IWM,0.054061,0.038054,1.000000,0.620396,0.609748,0.016516,0.586207,0.000810,1512,1.358679,-0.221171
2012-08-31,EFA,0.058236,0.039535,1.000000,0.608256,0.593060,0.015528,0.482759,-0.002741,1512,1.358679,-0.221171
2012-08-31,EEM,0.063264,0.064155,1.000000,0.657447,0.660294,0.024982,0.500000,0.005104,1512,1.358679,-0.221171
2012-08-31,SHY,0.001320,-0.000047,0.000000,0.622697,0.612906,-0.004932,0.706897,0.002906,1512,1.358679,-0.221171
2012-08-31,IEF,0.016510,-0.002277,0.000000,0.535049,0.492406,-0.003960,0.586207,0.007407,1512,1.358679,-0.221171
2012-08-31,TLT,0.042315,-0.023047,0.000000,0.475547,0.412371,-0.005600,0.568966,0.009655,1512,1.358679,-0.221171
2012-08-31,AGG,0.007878,0.003086,1.000000,0.578084,0.551491,-0.005406,0.603448,0.004694,1512,1.358679,-0.221171
2012-08-31,LQD,0.014145,0.014032,1.000000,0.537976,0.496404,-0.008933,0.551724,0.004718,1512,1.358679,-0.221171
2012-08-31,HYG,0.021137,0.006027,1.000000,0.471224,0.406674,0.005250,0.581395,0.003765,1512,1.358679,-0.221171
2012-08-31,GLD,0.044746,0.047984,1.000000,0.606655,0.590856,0.010454,0.637931,0.015347,1512,1.358679,-0.221171
2012-08-31,SLV,0.078655,0.088016,1.000000,0.692528,0.707242,0.022832,0.574074,0.018686,1512,1.358679,-0.221171
2012-08-31,DBC,0.046970,-0.007642,0.000000,0.446711,0.374752,0.005329,0.508772,0.004751,1512,1.358679,-0.221171
2012-08-31,VNQ,0.043636,-0.018481,0.000000,0.464655,0.398054,0.011284,0.482759,-0.001761,1512,1.358679,-0.221171
2012-09-28,SPY,0.038916,-0.018198,0.000000,0.637265,0.632849,0.006833,0.551724,0.000313,1512,1.358679,-0.221171
2012-09-28,QQQ,0.045662,-0.052793,0.000000,0.647961,0.647426,0.007051,0.586207,0.006648,1512,1.358679,-0.221171
2012-09-28,IWM,0.050124,-0.021692,0.000000,0.667283,0.673568,0.010778,0.586207,0.000810,1512,1.358679,-0.221171
2012-09-28,EFA,0.055921,0.010943,1.000000,0.635221,0.630058,0.011835,0.482759,-0.002741,1512,1.358679,-0.221171
2012-09-28,EEM,0.061364,-0.004355,0.000000,0.634720,0.629373,0.008223,0.500000,0.005104,1512,1.358679,-0.221171
2012-09-28,SHY,0.001277,-0.000687,0.000000,0.632081,0.625763,-0.000962,0.706897,0.002906,1512,1.358679,-0.221171
2012-09-28,IEF,0.016394,-0.003961,0.000000,0.625208,0.616349,0.004556,0.586207,0.007407,1512,1.358679,-0.221171
2012-09-28,TLT,0.042833,-0.004840,0.000000,0.583973,0.559606,0.005476,0.568966,0.009655,1512,1.358679,-0.221171
2012-09-28,AGG,0.007743,-0.000472,0.000000,0.589917,0.567799,0.000278,0.603448,0.004694,1512,1.358679,-0.221171
2012-09-28,LQD,0.013720,0.013461,1.000000,0.545593,0.506826,-0.002664,0.551724,0.004718,1512,1.358679,-0.221171
2012-09-28,HYG,0.021359,0.008441,1.000000,0.699568,0.716515,0.011262,0.581395,0.003765,1512,1.358679,-0.221171
2012-09-28,GLD,0.043130,-0.029437,0.000000,0.662509,0.667134,0.003110,0.637931,0.015347,1512,1.358679,-0.221171
2012-09-28,SLV,0.077532,-0.066010,0.000000,0.632679,0.626582,0.002441,0.574074,0.018686,1512,1.358679,-0.221171
2012-09-28,DBC,0.046399,-0.039052,0.000000,0.507680,0.455262,-0.001875,0.508772,0.004751,1512,1.358679,-0.221171
2012-09-28,VNQ,0.040991,-0.009081,0.000000,0.656393,0.658867,0.014668,0.482759,-0.001761,1512,1.358679,-0.221171
2012-10-31,SPY,0.036620,0.005659,1.000000,0.656643,0.659205,0.011239,0.551724,0.000313,1512,1.358679,-0.221171
2012-10-31,QQQ,0.044123,0.013087,1.000000,0.684183,0.696180,0.018166,0.586207,0.006648,1512,1.358679,-0.221171
2012-10-31,IWM,0.045553,0.005513,1.000000,0.617222,0.605389,0.008346,0.586207,0.000810,1512,1.358679,-0.221171
2012-10-31,EFA,0.052083,0.027809,1.000000,0.579264,0.553116,0.007060,0.482759,-0.002741,1512,1.358679,-0.221171
2012-10-31,EEM,0.056022,0.015553,1.000000,0.650465,0.650829,0.016638,0.500000,0.005104,1512,1.358679,-0.221171
2012-10-31,SHY,0.001306,0.000238,1.000000,0.695178,0.710740,0.004931,0.706897,0.002906,1512,1.358679,-0.221171
2012-10-31,IEF,0.016374,0.009791,1.000000,0.600498,0.582379,0.004374,0.586207,0.007407,1512,1.358679,-0.221171
2012-10-31,TLT,0.042321,0.011592,1.000000,0.545225,0.506321,0.003674,0.568966,0.009655,1512,1.358679,-0.221171
2012-10-31,AGG,0.007602,0.002707,1.000000,0.615073,0.602436,0.007439,0.603448,0.004694,1512,1.358679,-0.221171
2012-10-31,LQD,0.012921,-0.007235,0.000000,0.550199,0.513139,0.005368,0.551724,0.004718,1512,1.358679,-0.221171
2012-10-31,HYG,0.019202,0.004968,1.000000,0.647024,0.646151,0.017046,0.581395,0.003765,1512,1.358679,-0.221171
2012-10-31,GLD,0.039101,-0.004675,0.000000,0.616202,0.603987,0.016620,0.637931,0.015347,1512,1.358679,-0.221171
2012-10-31,SLV,0.071240,0.034858,1.000000,0.526909,0.481312,0.015419,0.574074,0.018686,1512,1.358679,-0.221171
2012-10-31,DBC,0.044455,0.019594,1.000000,0.571964,0.543060,0.008625,0.508772,0.004751,1512,1.358679,-0.221171
2012-10-31,VNQ,0.037443,-0.002641,0.000000,0.638985,0.635198,0.013417,0.482759,-0.001761,1512,1.358679,-0.221171
2012-11-30,SPY,0.038436,0.034794,1.000000,0.563180,0.530970,-0.007020,0.551724,0.000313,1512,1.358679,-0.221171
2012-11-30,QQQ,0.045177,0.026964,1.000000,0.577325,0.550444,-0.002487,0.586207,0.006648,1512,1.358679,-0.221171
2012-11-30,IWM,0.046724,0.066664,1.000000,0.577150,0.550204,-0.008231,0.586207,0.000810,1512,1.358679,-0.221171
2012-11-30,EFA,0.049557,0.059967,1.000000,0.489870,0.431378,-0.002032,0.482759,-0.002741,1512,1.358679,-0.221171
2012-11-30,EEM,0.052380,0.088987,1.000000,0.563254,0.531072,0.009317,0.500000,0.005104,1512,1.358679,-0.221171
2012-11-30,SHY,0.001221,0.000011,1.000000,0.669052,0.675946,0.008803,0.706897,0.002906,1512,1.358679,-0.221171
2012-11-30,IEF,0.015208,-0.013919,0.000000,0.598834,0.580086,0.008902,0.586207,0.007407,1512,1.358679,-0.221171
2012-11-30,TLT,0.038864,-0.037912,0.000000,0.636179,0.631367,0.019727,0.568966,0.009655,1512,1.358679,-0.221171
2012-11-30,AGG,0.007115,-0.003620,0.000000,0.616239,0.604038,0.010431,0.603448,0.004694,1512,1.358679,-0.221171
2012-11-30,LQD,0.011897,-0.000998,0.000000,0.563585,0.531527,0.010035,0.551724,0.004718,1512,1.358679,-0.221171
2012-11-30,HYG,0.018627,0.023572,1.000000,0.549196,0.511764,-0.002378,0.581395,0.003765,1512,1.358679,-0.221171
2012-11-30,GLD,0.038748,-0.017344,0.000000,0.703148,0.721208,0.023196,0.637931,0.015347,1512,1.358679,-0.221171
2012-11-30,SLV,0.071075,-0.075402,0.000000,0.650096,0.650327,0.025091,0.574074,0.018686,1512,1.358679,-0.221171
2012-11-30,DBC,0.042990,-0.007829,0.000000,0.515669,0.466055,0.005961,0.508772,0.004751,1512,1.358679,-0.221171
2012-11-30,VNQ,0.035902,0.050154,1.000000,0.563884,0.531938,0.002894,0.482759,-0.001761,1512,1.358679,-0.221171
2012-12-31,SPY,0.037143,0.051190,1.000000,0.580405,0.554689,0.005203,0.551724,0.000313,1512,1.358679,-0.221171
2012-12-31,QQQ,0.044620,0.026716,1.000000,0.587290,0.564177,0.004138,0.586207,0.006648,1512,1.358679,-0.221171
2012-12-31,IWM,0.044194,0.062381,1.000000,0.562837,0.530498,0.000961,0.586207,0.000810,1512,1.358679,-0.221171
2012-12-31,EFA,0.044308,0.037284,1.000000,0.487135,0.427733,0.007965,0.482759,-0.002741,1512,1.358679,-0.221171
2012-12-31,EEM,0.046846,-0.002931,0.000000,0.533551,0.490363,0.010107,0.500000,0.005104,1512,1.358679,-0.221171
2012-12-31,SHY,0.001137,0.000119,1.000000,0.677488,0.687253,0.012452,0.706897,0.002906,1512,1.358679,-0.221171
2012-12-31,IEF,0.014418,-0.012931,0.000000,0.677739,0.687589,0.020939,0.586207,0.007407,1512,1.358679,-0.221171
2012-12-31,TLT,0.038135,-0.031853,0.000000,0.661603,0.665912,0.018801,0.568966,0.009655,1512,1.358679,-0.221171
2012-12-31,AGG,0.006920,-0.006212,0.000000,0.673996,0.682581,0.015216,0.603448,0.004694,1512,1.358679,-0.221171
2012-12-31,LQD,0.011773,-0.012976,0.000000,0.665393,0.671023,0.015120,0.551724,0.004718,1512,1.358679,-0.221171
2012-12-31,HYG,0.017035,0.003428,1.000000,0.560175,0.526838,0.005556,0.581395,0.003765,1512,1.358679,-0.221171
2012-12-31,GLD,0.035812,-0.005061,0.000000,0.614409,0.601523,0.016369,0.637931,0.015347,1512,1.358679,-0.221171
2012-12-31,SLV,0.068592,0.036432,1.000000,0.539511,0.498502,0.014648,0.574074,0.018686,1512,1.358679,-0.221171
2012-12-31,DBC,0.038266,0.024838,1.000000,0.502453,0.448227,0.017161,0.508772,0.004751,1512,1.358679,-0.221171
2012-12-31,VNQ,0.033707,0.037386,1.000000,0.546257,0.507735,0.003993,0.482759,-0.001761,1512,1.358679,-0.221171
2013-01-31,SPY,0.034724,0.021509,1.000000,0.624784,0.585172,0.014248,0.585714,0.002843,1764,0.619244,0.028289
2013-01-31,QQQ,0.042226,0.012113,1.000000,0.716970,0.646540,0.019713,0.600000,0.008478,1764,0.619244,0.028289
2013-01-31,IWM,0.041855,0.017303,1.000000,0.615224,0.579060,0.010034,0.600000,0.003210,1764,0.619244,0.028289
2013-01-31,EFA,0.040385,-0.010681,0.000000,0.537771,0.530469,0.008792,0.514286,0.000000,1764,0.619244,0.028289
2013-01-31,EEM,0.042786,-0.029851,0.000000,0.659720,0.607844,0.012730,0.500000,0.006041,1764,0.619244,0.028289
2013-01-31,SHY,0.001079,0.000699,1.000000,0.694854,0.631317,0.008812,0.671429,0.002423,1764,0.619244,0.028289
2013-01-31,IEF,0.013918,0.011485,1.000000,0.670613,0.615039,0.019163,0.571429,0.006875,1764,0.619244,0.028289
2013-01-31,TLT,0.036034,0.012506,1.000000,0.639021,0.594344,0.017699,0.542857,0.008751,1764,0.619244,0.028289
2013-01-31,AGG,0.006546,0.005536,1.000000,0.687085,0.626058,0.022355,0.600000,0.004520,1764,0.619244,0.028289
2013-01-31,LQD,0.011153,0.012310,1.000000,0.698918,0.634086,0.030459,0.585714,0.005737,1764,0.619244,0.028289
2013-01-31,HYG,0.016160,0.011442,1.000000,0.807128,0.713963,0.024766,0.636364,0.005744,1764,0.619244,0.028289
2013-01-31,GLD,0.033506,-0.055211,0.000000,0.665216,0.611466,0.021375,0.600000,0.012433,1764,0.619244,0.028289
2013-01-31,SLV,0.065966,-0.093298,0.000000,0.660340,0.608251,0.025628,0.560606,0.016474,1764,0.619244,0.028289
2013-01-31,DBC,0.033989,-0.057253,0.000000,0.508820,0.512532,0.005509,0.507246,0.004375,1764,0.619244,0.028289
2013-01-31,VNQ,0.030482,0.023147,1.000000,0.656748,0.605892,0.021927,0.485714,0.001286,1764,0.619244,0.028289
2013-02-28,SPY,0.035769,0.033863,1.000000,0.589859,0.562991,-0.000349,0.585714,0.002843,1764,0.619244,0.028289
2013-02-28,QQQ,0.042044,0.023227,1.000000,0.630267,0.588695,0.004542,0.600000,0.008478,1764,0.619244,0.028289
2013-02-28,IWM,0.042516,0.032515,1.000000,0.631563,0.589529,0.001579,0.600000,0.003210,1764,0.619244,0.028289
2013-02-28,EFA,0.042788,-0.000515,0.000000,0.596559,0.567217,-0.003330,0.514286,0.000000,1764,0.619244,0.028289
2013-02-28,EEM,0.040580,-0.020828,0.000000,0.649077,0.600876,0.014886,0.500000,0.006041,1764,0.619244,0.028289
2013-02-28,SHY,0.001016,0.000426,1.000000,0.699910,0.634764,0.007165,0.671429,0.002423,1764,0.619244,0.028289
2013-02-28,IEF,0.013941,0.005535,1.000000,0.528465,0.524698,0.004739,0.571429,0.006875,1764,0.619244,0.028289
2013-02-28,TLT,0.035910,0.003306,1.000000,0.542297,0.533278,0.010013,0.542857,0.008751,1764,0.619244,0.028289
2013-02-28,AGG,0.006633,0.001893,1.000000,0.526096,0.523230,0.001145,0.600000,0.004520,1764,0.619244,0.028289
2013-02-28,LQD,0.010852,-0.001906,0.000000,0.523884,0.521860,0.007363,0.585714,0.005737,1764,0.619244,0.028289
2013-02-28,HYG,0.014787,0.010530,1.000000,0.546302,0.535766,0.002619,0.636364,0.005744,1764,0.619244,0.028289
2013-02-28,GLD,0.036602,0.010915,1.000000,0.717221,0.646715,0.019146,0.600000,0.012433,1764,0.619244,0.028289
2013-02-28,SLV,0.063966,-0.016340,0.000000,0.715581,0.645572,0.030432,0.560606,0.016474,1764,0.619244,0.028289
2013-02-28,DBC,0.031331,0.006635,1.000000,0.739685,0.662619,0.030937,0.507246,0.004375,1764,0.619244,0.028289
2013-02-28,VNQ,0.031336,0.031784,1.000000,0.605231,0.572705,-0.000924,0.485714,0.001286,1764,0.619244,0.028289
2013-03-28,SPY,0.032607,0.016787,1.000000,0.513516,0.515439,0.007020,0.585714,0.002843,1764,0.619244,0.028289
2013-03-28,QQQ,0.038022,0.017979,1.000000,0.551792,0.539179,0.008918,0.600000,0.008478,1764,0.619244,0.028289
2013-03-28,IWM,0.038291,-0.009108,0.000000,0.564821,0.547298,0.010999,0.600000,0.003210,1764,0.619244,0.028289
2013-03-28,EFA,0.039541,0.048830,1.000000,0.596683,0.567296,0.014441,0.514286,0.000000,1764,0.619244,0.028289
2013-03-28,EEM,0.039323,-0.002104,0.000000,0.550301,0.538252,0.007449,0.500000,0.006041,1764,0.619244,0.028289
2013-03-28,SHY,0.000964,0.000804,1.000000,0.646976,0.599507,0.002859,0.671429,0.002423,1764,0.619244,0.028289
2013-03-28,IEF,0.013533,0.015439,1.000000,0.587228,0.561336,0.005377,0.571429,0.006875,1764,0.619244,0.028289
2013-03-28,TLT,0.034125,0.046253,1.000000,0.565692,0.547841,0.012033,0.542857,0.008751,1764,0.619244,0.028289
2013-03-28,AGG,0.006379,0.009867,1.000000,0.579819,0.556681,0.002152,0.600000,0.004520,1764,0.619244,0.028289
2013-03-28,LQD,0.010346,0.023491,1.000000,0.540828,0.532366,0.006438,0.585714,0.005737,1764,0.619244,0.028289
2013-03-28,HYG,0.013126,0.017984,1.000000,0.587524,0.561521,0.011923,0.636364,0.005744,1764,0.619244,0.028289
2013-03-28,GLD,0.032656,-0.078666,0.000000,0.683686,0.623770,0.033125,0.600000,0.012433,1764,0.619244,0.028289
2013-03-28,SLV,0.056685,-0.141503,0.000000,0.780021,0.692561,0.040196,0.560606,0.016474,1764,0.619244,0.028289
2013-03-28,DBC,0.030117,-0.030758,0.000000,0.584479,0.559607,0.011548,0.507246,0.004375,1764,0.619244,0.028289
2013-03-28,VNQ,0.028643,0.055013,1.000000,0.484882,0.497708,0.006419,0.485714,0.001286,1764,0.619244,0.028289
2013-04-30,SPY,0.035084,0.038515,1.000000,0.538176,0.530720,-0.007258,0.585714,0.002843,1764,0.619244,0.028289
2013-04-30,QQQ,0.041451,0.045391,1.000000,0.574378,0.553272,-0.008109,0.600000,0.008478,1764,0.619244,0.028289
2013-04-30,IWM,0.045488,0.050903,1.000000,0.537718,0.530436,-0.011873,0.600000,0.003210,1764,0.619244,0.028289
2013-04-30,EFA,0.041995,-0.010979,0.000000,0.564338,0.546996,-0.001796,0.514286,0.000000,1764,0.619244,0.028289
2013-04-30,EEM,0.043589,-0.030723,0.000000,0.476794,0.492692,-0.006497,0.500000,0.006041,1764,0.619244,0.028289
2013-04-30,SHY,0.000872,-0.001219,0.000000,0.633239,0.590609,0.006280,0.671429,0.002423,1764,0.619244,0.028289
2013-04-30,IEF,0.012921,-0.028382,0.000000,0.592099,0.564402,0.004526,0.571429,0.006875,1764,0.619244,0.028289
2013-04-30,TLT,0.035012,-0.064432,0.000000,0.637474,0.593343,0.005547,0.542857,0.008751,1764,0.619244,0.028289
2013-04-30,AGG,0.006359,-0.018126,0.000000,0.590347,0.563299,-0.002551,0.600000,0.004520,1764,0.619244,0.028289
2013-04-30,LQD,0.010330,-0.027331,0.000000,0.595524,0.566563,0.002549,0.585714,0.005737,1764,0.619244,0.028289
2013-04-30,HYG,0.012986,-0.012707,0.000000,0.539386,0.531471,-0.008133,0.636364,0.005744,1764,0.619244,0.028289
2013-04-30,GLD,0.066651,-0.042516,0.000000,0.499744,0.506913,-0.025283,0.600000,0.012433,1764,0.619244,0.028289
2013-04-30,SLV,0.098941,-0.063086,0.000000,0.458016,0.481022,-0.028529,0.560606,0.016474,1764,0.619244,0.028289
2013-04-30,DBC,0.037131,-0.003807,0.000000,0.558174,0.543153,-0.004437,0.507246,0.004375,1764,0.619244,0.028289
2013-04-30,VNQ,0.033223,-0.047024,0.000000,0.550074,0.538111,-0.006430,0.485714,0.001286,1764,0.619244,0.028289
2013-05-31,SPY,0.033639,-0.007563,0.000000,0.730639,0.656157,0.025264,0.585714,0.002843,1764,0.619244,0.028289
2013-05-31,QQQ,0.037506,-0.017927,0.000000,0.700518,0.635180,0.024780,0.600000,0.008478,1764,0.619244,0.028289
2013-05-31,IWM,0.045275,0.007976,1.000000,0.711613,0.642816,0.023601,0.600000,0.003210,1764,0.619244,0.028289
2013-05-31,EFA,0.040801,-0.017607,0.000000,0.739294,0.662338,0.023314,0.514286,0.000000,1764,0.619244,0.028289
2013-05-31,EEM,0.041655,-0.050307,0.000000,0.727931,0.654238,0.031284,0.500000,0.006041,1764,0.619244,0.028289
2013-05-31,SHY,0.000956,-0.000546,0.000000,0.796979,0.705810,0.019351,0.671429,0.002423,1764,0.619244,0.028289
2013-05-31,IEF,0.015767,-0.025090,0.000000,0.711578,0.642793,0.016965,0.571429,0.006875,1764,0.619244,0.028289
2013-05-31,TLT,0.039581,-0.030763,0.000000,0.624791,0.585177,0.010170,0.542857,0.008751,1764,0.619244,0.028289
2013-05-31,AGG,0.007730,-0.014293,0.000000,0.764953,0.681140,0.026284,0.600000,0.004520,1764,0.619244,0.028289
2013-05-31,LQD,0.014032,-0.030174,0.000000,0.737096,0.660761,0.020492,0.585714,0.005737,1764,0.619244,0.028289
2013-05-31,HYG,0.015513,-0.011558,0.000000,0.826221,0.729826,0.025295,0.636364,0.005744,1764,0.619244,0.028289
2013-05-31,GLD,0.066256,-0.095505,0.000000,0.626347,0.586175,0.015219,0.600000,0.012433,1764,0.619244,0.028289
2013-05-31,SLV,0.094136,-0.117071,0.000000,0.677958,0.619931,0.024209,0.560606,0.016474,1764,0.619244,0.028289
2013-05-31,DBC,0.035583,-0.022042,0.000000,0.728947,0.654957,0.030176,0.507246,0.004375,1764,0.619244,0.028289
2013-05-31,VNQ,0.038393,-0.021958,0.000000,0.758386,0.676255,0.025050,0.485714,0.001286,1764,0.619244,0.028289
2013-06-28,SPY,0.038804,0.050928,1.000000,0.579531,0.556501,-0.003245,0.585714,0.002843,1764,0.619244,0.028289
2013-06-28,QQQ,0.040061,0.061175,1.000000,0.588274,0.561994,0.001439,0.600000,0.008478,1764,0.619244,0.028289
2013-06-28,IWM,0.048043,0.071478,1.000000,0.577741,0.555378,-0.000530,0.600000,0.003210,1764,0.619244,0.028289
2013-06-28,EFA,0.048383,0.050786,1.000000,0.483476,0.496836,-0.010038,0.514286,0.000000,1764,0.619244,0.028289
2013-06-28,EEM,0.058370,0.019221,1.000000,0.454620,0.478906,-0.018026,0.500000,0.006041,1764,0.619244,0.028289
2013-06-28,SHY,0.001385,0.001626,1.000000,0.727740,0.654103,0.004067,0.671429,0.002423,1764,0.619244,0.028289
2013-06-28,IEF,0.018790,-0.004210,0.000000,0.640063,0.595018,0.010130,0.571429,0.006875,1764,0.619244,0.028289
2013-06-28,TLT,0.042273,-0.026120,0.000000,0.556838,0.542320,0.005586,0.542857,0.008751,1764,0.619244,0.028289
2013-06-28,AGG,0.010737,0.001944,1.000000,0.664429,0.610946,0.006664,0.600000,0.004520,1764,0.619244,0.028289
2013-06-28,LQD,0.020350,0.010972,1.000000,0.596730,0.567325,0.002449,0.585714,0.005737,1764,0.619244,0.028289
2013-06-28,HYG,0.023403,0.025553,1.000000,0.633707,0.590910,-0.003104,0.636364,0.005744,1764,0.619244,0.028289
2013-06-28,GLD,0.074653,0.075644,1.000000,0.601099,0.570087,0.009777,0.600000,0.012433,1764,0.619244,0.028289
2013-06-28,SLV,0.110047,0.003163,1.000000,0.494569,0.503709,-0.006967,0.560606,0.016474,1764,0.619244,0.028289
2013-06-28,DBC,0.037062,0.024672,1.000000,0.675016,0.617968,0.026135,0.507246,0.004375,1764,0.619244,0.028289
2013-06-28,VNQ,0.052989,0.025756,1.000000,0.490754,0.501346,-0.007400,0.485714,0.001286,1764,0.619244,0.028289
2013-07-31,SPY,0.034312,-0.026911,0.000000,0.601022,0.570038,0.018890,0.585714,0.002843,1764,0.619244,0.028289
2013-07-31,QQQ,0.036893,0.002508,1.000000,0.583425,0.558945,0.008046,0.600000,0.008478,1764,0.619244,0.028289
2013-07-31,IWM,0.043512,-0.016303,0.000000,0.637371,0.593276,0.019845,0.600000,0.003210,1764,0.619244,0.028289
2013-07-31,EFA,0.044104,-0.007290,0.000000,0.569651,0.550315,0.015661,0.514286,0.000000,1764,0.619244,0.028289
2013-07-31,EEM,0.059354,-0.032812,0.000000,0.622922,0.583979,0.013275,0.500000,0.006041,1764,0.619244,0.028289
2013-07-31,SHY,0.001581,-0.001091,0.000000,0.664834,0.611213,0.002881,0.671429,0.002423,1764,0.619244,0.028289
2013-07-31,IEF,0.020053,-0.012360,0.000000,0.646451,0.599165,0.015886,0.571429,0.006875,1764,0.619244,0.028289
2013-07-31,TLT,0.042988,-0.012288,0.000000,0.616061,0.579594,0.013199,0.542857,0.008751,1764,0.619244,0.028289
2013-07-31,AGG,0.012040,-0.006676,0.000000,0.600201,0.569519,0.005075,0.600000,0.004520,1764,0.619244,0.028289
2013-07-31,LQD,0.020847,-0.009983,0.000000,0.615894,0.579487,0.016797,0.585714,0.005737,1764,0.619244,0.028289
2013-07-31,HYG,0.024152,-0.011855,0.000000,0.577489,0.555221,0.003123,0.636364,0.005744,1764,0.619244,0.028289
2013-07-31,GLD,0.069515,0.061816,1.000000,0.699799,0.634688,0.031188,0.600000,0.012433,1764,0.619244,0.028289
2013-07-31,SLV,0.105424,0.201672,1.000000,0.659806,0.607900,0.021103,0.560606,0.016474,1764,0.619244,0.028289
2013-07-31,DBC,0.032749,0.031238,1.000000,0.601429,0.570296,0.022973,0.507246,0.004375,1764,0.619244,0.028289
2013-07-31,VNQ,0.050080,-0.061869,0.000000,0.716863,0.646465,0.031151,0.485714,0.001286,1764,0.619244,0.028289
2013-08-30,SPY,0.033072,0.039813,1.000000,0.650011,0.601485,0.020623,0.585714,0.002843,1764,0.619244,0.028289
2013-08-30,QQQ,0.036382,0.058954,1.000000,0.693173,0.630176,0.015357,0.600000,0.008478,1764,0.619244,0.028289
2013-08-30,IWM,0.044689,0.077277,1.000000,0.691144,0.628800,0.012903,0.600000,0.003210,1764,0.619244,0.028289
2013-08-30,EFA,0.041810,0.083995,1.000000,0.705124,0.638338,0.024329,0.514286,0.000000,1764,0.619244,0.028289
2013-08-30,EEM,0.058813,0.093372,1.000000,0.551567,0.539039,0.008525,0.500000,0.006041,1764,0.619244,0.028289
2013-08-30,SHY,0.001573,0.001969,1.000000,0.721005,0.649361,0.017440,0.671429,0.002423,1764,0.619244,0.028289
2013-08-30,IEF,0.020394,0.016194,1.000000,0.659725,0.607847,0.022419,0.571429,0.006875,1764,0.619244,0.028289
2013-08-30,TLT,0.042604,0.003464,1.000000,0.567242,0.548810,0.014783,0.542857,0.008751,1764,0.619244,0.028289
2013-08-30,AGG,0.012003,0.010460,1.000000,0.646664,0.599304,0.021780,0.600000,0.004520,1764,0.619244,0.028289
2013-08-30,LQD,0.020633,0.006404,1.000000,0.556639,0.542196,0.014066,0.585714,0.005737,1764,0.619244,0.028289
2013-08-30,HYG,0.023226,0.012181,1.000000,0.579595,0.556541,0.014755,0.636364,0.005744,1764,0.619244,0.028289
2013-08-30,GLD,0.063234,-0.074506,0.000000,0.731121,0.656499,0.033264,0.600000,0.012433,1764,0.619244,0.028289
2013-08-30,SLV,0.102028,-0.096903,0.000000,0.816318,0.721507,0.042095,0.560606,0.016474,1764,0.619244,0.028289
2013-08-30,DBC,0.031471,-0.040135,0.000000,0.660682,0.608477,0.017296,0.507246,0.004375,1764,0.619244,0.028289
2013-08-30,VNQ,0.049205,0.049839,1.000000,0.626902,0.586531,0.026989,0.485714,0.001286,1764,0.619244,0.028289
2013-09-30,SPY,0.030896,0.054521,1.000000,0.699172,0.634260,0.023480,0.585714,0.002843,1764,0.619244,0.028289
2013-09-30,QQQ,0.033430,0.052992,1.000000,0.628263,0.587406,0.015173,0.600000,0.008478,1764,0.619244,0.028289
2013-09-30,IWM,0.040629,0.044461,1.000000,0.634961,0.591719,0.011555,0.600000,0.003210,1764,0.619244,0.028289
2013-09-30,EFA,0.042039,0.042163,1.000000,0.671229,0.615449,0.012751,0.514286,0.000000,1764,0.619244,0.028289
2013-09-30,EEM,0.061715,0.058391,1.000000,0.733729,0.658354,0.022534,0.500000,0.006041,1764,0.619244,0.028289
2013-09-30,SHY,0.001922,0.000568,1.000000,0.667533,0.612998,-0.006281,0.671429,0.002423,1764,0.619244,0.028289
2013-09-30,IEF,0.020408,0.011603,1.000000,0.534520,0.528452,0.002058,0.571429,0.006875,1764,0.619244,0.028289
2013-09-30,TLT,0.040226,0.018262,1.000000,0.596311,0.567060,0.019561,0.542857,0.008751,1764,0.619244,0.028289
2013-09-30,AGG,0.012392,0.010102,1.000000,0.623127,0.584110,0.007451,0.600000,0.004520,1764,0.619244,0.028289
2013-09-30,LQD,0.021114,0.021528,1.000000,0.632937,0.590414,0.016367,0.585714,0.005737,1764,0.619244,0.028289
2013-09-30,HYG,0.021430,0.028804,1.000000,0.684165,0.624091,0.025807,0.636364,0.005744,1764,0.619244,0.028289
2013-09-30,GLD,0.066433,0.012405,1.000000,0.667437,0.612935,0.008936,0.600000,0.012433,1764,0.619244,0.028289
2013-09-30,SLV,0.109106,0.037799,1.000000,0.612092,0.577065,0.006431,0.560606,0.016474,1764,0.619244,0.028289
2013-09-30,DBC,0.033145,0.005047,1.000000,0.666193,0.612112,0.011807,0.507246,0.004375,1764,0.619244,0.028289
2013-09-30,VNQ,0.050764,0.060327,1.000000,0.664527,0.611011,0.018254,0.485714,0.001286,1764,0.619244,0.028289
2013-10-31,SPY,0.032365,0.026964,1.000000,0.649345,0.601051,0.002937,0.585714,0.002843,1764,0.619244,0.028289
2013-10-31,QQQ,0.035808,0.032492,1.000000,0.657660,0.606490,0.004096,0.600000,0.008478,1764,0.619244,0.028289
2013-10-31,IWM,0.041940,0.029124,1.000000,0.688588,0.627072,0.010489,0.600000,0.003210,1764,0.619244,0.028289
2013-10-31,EFA,0.039294,-0.001973,0.000000,0.623417,0.584296,0.013507,0.514286,0.000000,1764,0.619244,0.028289
2013-10-31,EEM,0.057225,-0.023551,0.000000,0.668250,0.613473,0.021718,0.500000,0.006041,1764,0.619244,0.028289
2013-10-31,SHY,0.001792,0.000331,1.000000,0.620272,0.582283,0.003100,0.671429,0.002423,1764,0.619244,0.028289
2013-10-31,IEF,0.018164,-0.013020,0.000000,0.662222,0.609491,0.022342,0.571429,0.006875,1764,0.619244,0.028289
2013-10-31,TLT,0.035792,-0.034600,0.000000,0.659299,0.607567,0.022104,0.542857,0.008751,1764,0.619244,0.028289
2013-10-31,AGG,0.010981,-0.006293,0.000000,0.642873,0.596840,0.017264,0.600000,0.004520,1764,0.619244,0.028289
2013-10-31,LQD,0.018942,-0.006128,0.000000,0.643484,0.597237,0.020198,0.585714,0.005737,1764,0.619244,0.028289
2013-10-31,HYG,0.018758,0.005056,1.000000,0.640674,0.595414,0.015970,0.636364,0.005744,1764,0.619244,0.028289
2013-10-31,GLD,0.063137,-0.079537,0.000000,0.712176,0.643207,0.036122,0.600000,0.012433,1764,0.619244,0.028289
2013-10-31,SLV,0.098337,-0.125119,0.000000,0.726650,0.653332,0.047669,0.560606,0.016474,1764,0.619244,0.028289
2013-10-31,DBC,0.031887,-0.010486,0.000000,0.705660,0.638707,0.026551,0.507246,0.004375,1764,0.619244,0.028289
2013-10-31,VNQ,0.049427,-0.058006,0.000000,0.663594,0.610395,0.015570,0.485714,0.001286,1764,0.619244,0.028289
2013-11-29,SPY,0.030433,0.025926,1.000000,0.506016,0.510796,0.000169,0.585714,0.002843,1764,0.619244,0.028289
2013-11-29,QQQ,0.035025,0.029271,1.000000,0.457386,0.480629,-0.004703,0.600000,0.008478,1764,0.619244,0.028289
2013-11-29,IWM,0.040885,0.020211,1.000000,0.497120,0.505289,-0.005372,0.600000,0.003210,1764,0.619244,0.028289
2013-11-29,EFA,0.036038,0.021761,1.000000,0.441913,0.470972,0.002931,0.514286,0.000000,1764,0.619244,0.028289
2013-11-29,EEM,0.054469,-0.004066,0.000000,0.457772,0.480870,0.001730,0.500000,0.006041,1764,0.619244,0.028289
2013-11-29,SHY,0.001688,-0.001775,0.000000,0.594132,0.565685,0.004238,0.671429,0.002423,1764,0.619244,0.028289
2013-11-29,IEF,0.018045,-0.020907,0.000000,0.690258,0.628201,0.017239,0.571429,0.006875,1764,0.619244,0.028289
2013-11-29,TLT,0.036730,-0.018697,0.000000,0.622957,0.584002,0.008304,0.542857,0.008751,1764,0.619244,0.028289
2013-11-29,AGG,0.010667,-0.005568,0.000000,0.606590,0.573568,0.006694,0.600000,0.004520,1764,0.619244,0.028289
2013-11-29,LQD,0.018027,0.002149,1.000000,0.577755,0.555387,0.010911,0.585714,0.005737,1764,0.619244,0.028289
2013-11-29,HYG,0.016627,0.004067,1.000000,0.526987,0.523782,0.006547,0.636364,0.005744,1764,0.619244,0.028289
2013-11-29,GLD,0.057243,-0.037945,0.000000,0.626908,0.586536,0.027476,0.600000,0.012433,1764,0.619244,0.028289
2013-11-29,SLV,0.087725,-0.027547,0.000000,0.617458,0.580485,0.033115,0.560606,0.016474,1764,0.619244,0.028289
2013-11-29,DBC,0.029876,0.005880,1.000000,0.559990,0.544284,0.021122,0.507246,0.004375,1764,0.619244,0.028289
2013-11-29,VNQ,0.045931,0.001019,1.000000,0.632006,0.589814,0.026649,0.485714,0.001286,1764,0.619244,0.028289
2013-12-31,SPY,0.029672,-0.035248,0.000000,0.454043,0.478546,-0.007061,0.585714,0.002843,1764,0.619244,0.028289
2013-12-31,QQQ,0.032754,-0.019213,0.000000,0.471193,0.489216,0.001585,0.600000,0.008478,1764,0.619244,0.028289
2013-12-31,IWM,0.039754,-0.027739,0.000000,0.503747,0.509391,-0.006362,0.600000,0.003210,1764,0.619244,0.028289
2013-12-31,EFA,0.034733,-0.052012,0.000000,0.473268,0.490504,-0.005890,0.514286,0.000000,1764,0.619244,0.028289
2013-12-31,EEM,0.053959,-0.086364,0.000000,0.468074,0.487278,0.000235,0.500000,0.006041,1764,0.619244,0.028289
2013-12-31,SHY,0.001615,0.002015,1.000000,0.750208,0.670243,0.017795,0.671429,0.002423,1764,0.619244,0.028289
2013-12-31,IEF,0.016940,0.030633,1.000000,0.726529,0.653247,0.033128,0.571429,0.006875,1764,0.619244,0.028289
2013-12-31,TLT,0.034645,0.063028,1.000000,0.704205,0.637707,0.027097,0.542857,0.008751,1764,0.619244,0.028289
2013-12-31,AGG,0.009697,0.015410,1.000000,0.681349,0.622201,0.021916,0.600000,0.004520,1764,0.619244,0.028289
2013-12-31,LQD,0.016324,0.018829,1.000000,0.644491,0.597891,0.021195,0.585714,0.005737,1764,0.619244,0.028289
2013-12-31,HYG,0.014395,0.003984,1.000000,0.529774,0.525509,0.005776,0.636364,0.005744,1764,0.619244,0.028289
2013-12-31,GLD,0.056969,0.034189,1.000000,0.725304,0.652383,0.026402,0.600000,0.012433,1764,0.619244,0.028289
2013-12-31,SLV,0.087210,-0.013896,0.000000,0.748067,0.668682,0.032179,0.560606,0.016474,1764,0.619244,0.028289
2013-12-31,DBC,0.026889,-0.030397,0.000000,0.641049,0.595657,0.028249,0.507246,0.004375,1764,0.619244,0.028289
2013-12-31,VNQ,0.043178,0.042751,1.000000,0.635483,0.592056,0.025392,0.485714,0.001286,1764,0.619244,0.028289
2014-01-31,SPY,0.032098,0.052756,1.000000,0.681547,0.522359,0.007195,0.621951,0.006505,2016,-0.575259,0.527206
2014-01-31,QQQ,0.036819,0.056995,1.000000,0.634780,0.552114,0.005261,0.646341,0.011415,2016,-0.575259,0.527206
2014-01-31,IWM,0.042778,0.068384,1.000000,0.687768,0.518222,0.006351,0.634146,0.008041,2016,-0.575259,0.527206
2014-01-31,EFA,0.038234,0.059425,1.000000,0.701548,0.508885,0.008588,0.512195,0.003341,2016,-0.575259,0.527206
2014-01-31,EEM,0.056799,0.032731,1.000000,0.583934,0.582301,0.002001,0.475610,0.005973,2016,-0.575259,0.527206
2014-01-31,SHY,0.001785,0.000131,1.000000,0.603516,0.570899,-0.003931,0.682927,0.002114,2016,-0.575259,0.527206
2014-01-31,IEF,0.016923,0.000789,1.000000,0.542876,0.605469,0.004557,0.548780,0.005264,2016,-0.575259,0.527206
2014-01-31,TLT,0.032703,-0.003271,0.000000,0.576480,0.586577,0.013293,0.524390,0.005590,2016,-0.575259,0.527206
2014-01-31,AGG,0.009553,0.002649,1.000000,0.567680,0.591582,0.001235,0.585366,0.003671,2016,-0.575259,0.527206
2014-01-31,LQD,0.015166,0.008647,1.000000,0.531571,0.611700,0.004524,0.560976,0.004717,2016,-0.575259,0.527206
2014-01-31,HYG,0.013370,0.025825,1.000000,0.710696,0.502545,0.009435,0.656716,0.006244,2016,-0.575259,0.527206
2014-01-31,GLD,0.054542,0.071530,1.000000,0.739243,0.481949,0.024146,0.560976,0.007106,2016,-0.575259,0.527206
2014-01-31,SLV,0.080957,0.104065,1.000000,0.820196,0.414389,0.035906,0.525641,0.008175,2016,-0.575259,0.527206
2014-01-31,DBC,0.025771,0.060691,1.000000,0.670324,0.529709,0.015369,0.493827,0.002741,2016,-0.575259,0.527206
2014-01-31,VNQ,0.040784,0.066399,1.000000,0.560433,0.595672,0.009987,0.512195,0.002861,2016,-0.575259,0.527206
2014-02-28,SPY,0.032906,0.008296,1.000000,0.525805,0.614857,0.001661,0.621951,0.006505,2016,-0.575259,0.527206
2014-02-28,QQQ,0.037264,-0.027336,0.000000,0.576657,0.586475,0.007893,0.646341,0.011415,2016,-0.575259,0.527206
2014-02-28,IWM,0.043542,-0.007485,0.000000,0.569108,0.590773,0.004602,0.634146,0.008041,2016,-0.575259,0.527206
2014-02-28,EFA,0.038719,-0.004592,0.000000,0.513464,0.621570,0.001546,0.512195,0.003341,2016,-0.575259,0.527206
2014-02-28,EEM,0.056993,0.038753,1.000000,0.553361,0.599637,0.010914,0.475610,0.005973,2016,-0.575259,0.527206
2014-02-28,SHY,0.001667,-0.001089,0.000000,0.665442,0.532861,0.007573,0.682927,0.002114,2016,-0.575259,0.527206
2014-02-28,IEF,0.015793,-0.005611,0.000000,0.581661,0.583608,0.008922,0.548780,0.005264,2016,-0.575259,0.527206
2014-02-28,TLT,0.031079,0.007322,1.000000,0.545504,0.604012,0.006769,0.524390,0.005590,2016,-0.575259,0.527206
2014-02-28,AGG,0.009049,-0.001480,0.000000,0.567746,0.591545,0.003604,0.585366,0.003671,2016,-0.575259,0.527206
2014-02-28,LQD,0.014543,-0.000291,0.000000,0.547634,0.602829,0.000709,0.560976,0.004717,2016,-0.575259,0.527206
2014-02-28,HYG,0.012572,-0.000815,0.000000,0.552140,0.600318,-0.001433,0.656716,0.006244,2016,-0.575259,0.527206
2014-02-28,GLD,0.049527,-0.031421,0.000000,0.696428,0.512383,0.017438,0.560976,0.007106,2016,-0.575259,0.527206
2014-02-28,SLV,0.080014,-0.064373,0.000000,0.693973,0.514048,0.016354,0.525641,0.008175,2016,-0.575259,0.527206
2014-02-28,DBC,0.025701,-0.000383,0.000000,0.590649,0.578420,0.001726,0.493827,0.002741,2016,-0.575259,0.527206
2014-02-28,VNQ,0.037769,0.004968,1.000000,0.539238,0.607480,0.007541,0.512195,0.002861,2016,-0.575259,0.527206
2014-03-31,SPY,0.031542,0.006952,1.000000,0.528970,0.613126,0.006486,0.621951,0.006505,2016,-0.575259,0.527206
2014-03-31,QQQ,0.036819,-0.003194,0.000000,0.662325,0.534861,0.015044,0.646341,0.011415,2016,-0.575259,0.527206
2014-03-31,IWM,0.044154,-0.037476,0.000000,0.633760,0.552739,0.006448,0.634146,0.008041,2016,-0.575259,0.527206
2014-03-31,EFA,0.040270,0.016667,1.000000,0.442493,0.659288,-0.005549,0.512195,0.003341,2016,-0.575259,0.527206
2014-03-31,EEM,0.055731,0.007803,1.000000,0.453009,0.653770,-0.000423,0.475610,0.005973,2016,-0.575259,0.527206
2014-03-31,SHY,0.001981,0.001079,1.000000,0.696298,0.512471,0.002398,0.682927,0.002114,2016,-0.575259,0.527206
2014-03-31,IEF,0.016327,0.007583,1.000000,0.687280,0.518549,0.010136,0.548780,0.005264,2016,-0.575259,0.527206
2014-03-31,TLT,0.031509,0.020952,1.000000,0.613207,0.565157,0.007895,0.524390,0.005590,2016,-0.575259,0.527206
2014-03-31,AGG,0.009066,0.008217,1.000000,0.656426,0.538618,0.006806,0.585366,0.003671,2016,-0.575259,0.527206
2014-03-31,LQD,0.014193,0.013292,1.000000,0.604013,0.570606,0.004768,0.560976,0.004717,2016,-0.575259,0.527206
2014-03-31,HYG,0.011899,0.004204,1.000000,0.577533,0.585975,0.003371,0.656716,0.006244,2016,-0.575259,0.527206
2014-03-31,GLD,0.048317,0.004935,1.000000,0.795674,0.436632,0.022623,0.560976,0.007106,2016,-0.575259,0.527206
2014-03-31,SLV,0.073204,-0.030462,0.000000,0.725170,0.492266,0.024947,0.525641,0.008175,2016,-0.575259,0.527206
2014-03-31,DBC,0.026261,0.011102,1.000000,0.562630,0.594435,-0.000627,0.493827,0.002741,2016,-0.575259,0.527206
2014-03-31,VNQ,0.037550,0.032852,1.000000,0.536745,0.608855,0.002521,0.512195,0.002861,2016,-0.575259,0.527206
2014-04-30,SPY,0.032922,0.023206,1.000000,0.514675,0.620914,-0.000783,0.621951,0.006505,2016,-0.575259,0.527206
2014-04-30,QQQ,0.044314,0.044857,1.000000,0.515342,0.620552,-0.003582,0.646341,0.011415,2016,-0.575259,0.527206
2014-04-30,IWM,0.047339,0.007859,1.000000,0.601687,0.571975,0.002009,0.634146,0.008041,2016,-0.575259,0.527206
2014-04-30,EFA,0.037518,0.015954,1.000000,0.425800,0.668013,0.001527,0.512195,0.003341,2016,-0.575259,0.527206
2014-04-30,EEM,0.050737,0.029518,1.000000,0.613106,0.565217,0.009384,0.475610,0.005973,2016,-0.575259,0.527206
2014-04-30,SHY,0.001908,0.001787,1.000000,0.629480,0.555354,0.004144,0.682927,0.002114,2016,-0.575259,0.527206
2014-04-30,IEF,0.015112,0.018254,1.000000,0.576741,0.586427,0.009013,0.548780,0.005264,2016,-0.575259,0.527206
2014-04-30,TLT,0.029671,0.029495,1.000000,0.611626,0.566099,0.011978,0.524390,0.005590,2016,-0.575259,0.527206
2014-04-30,AGG,0.008357,0.011790,1.000000,0.562884,0.594292,0.003258,0.585366,0.003671,2016,-0.575259,0.527206
2014-04-30,LQD,0.013008,0.015144,1.000000,0.557444,0.597351,0.004202,0.560976,0.004717,2016,-0.575259,0.527206
2014-04-30,HYG,0.010833,0.012064,1.000000,0.586618,0.580753,0.007461,0.656716,0.006244,2016,-0.575259,0.527206
2014-04-30,GLD,0.043802,-0.030510,0.000000,0.744732,0.477832,0.022228,0.560976,0.007106,2016,-0.575259,0.527206
2014-04-30,SLV,0.063964,-0.020585,0.000000,0.800109,0.432744,0.032439,0.525641,0.008175,2016,-0.575259,0.527206
2014-04-30,DBC,0.025594,-0.014388,0.000000,0.634911,0.552034,0.008237,0.493827,0.002741,2016,-0.575259,0.527206
2014-04-30,VNQ,0.034238,0.023992,1.000000,0.511943,0.622393,0.007253,0.512195,0.002861,2016,-0.575259,0.527206
2014-05-30,SPY,0.030295,0.020645,1.000000,0.494620,0.631716,0.005227,0.621951,0.006505,2016,-0.575259,0.527206
2014-05-30,QQQ,0.041100,0.031238,1.000000,0.505166,0.626053,0.006946,0.646341,0.011415,2016,-0.575259,0.527206
2014-05-30,IWM,0.047432,0.052720,1.000000,0.547010,0.603176,0.003522,0.634146,0.008041,2016,-0.575259,0.527206
2014-05-30,EFA,0.032793,0.009208,1.000000,0.435560,0.662915,0.008817,0.512195,0.003341,2016,-0.575259,0.527206
2014-05-30,EEM,0.046557,0.024018,1.000000,0.653769,0.540298,0.014899,0.475610,0.005973,2016,-0.575259,0.527206
2014-05-30,SHY,0.001697,-0.000792,0.000000,0.617842,0.562386,0.006684,0.682927,0.002114,2016,-0.575259,0.527206
2014-05-30,IEF,0.014054,-0.002168,0.000000,0.577282,0.586118,0.006334,0.548780,0.005264,2016,-0.575259,0.527206
2014-05-30,TLT,0.029598,-0.002513,0.000000,0.564152,0.593577,0.005572,0.524390,0.005590,2016,-0.575259,0.527206
2014-05-30,AGG,0.007682,-0.000576,0.000000,0.527151,0.614121,0.000253,0.585366,0.003671,2016,-0.575259,0.527206
2014-05-30,LQD,0.012562,0.000067,1.000000,0.578917,0.585182,0.003851,0.560976,0.004717,2016,-0.575259,0.527206
2014-05-30,HYG,0.009453,0.006119,1.000000,0.518293,0.618950,0.003391,0.656716,0.006244,2016,-0.575259,0.527206
2014-05-30,GLD,0.041083,0.063190,1.000000,0.787676,0.443506,0.025533,0.560976,0.007106,2016,-0.575259,0.527206
2014-05-30,SLV,0.058328,0.120022,1.000000,0.811518,0.422476,0.028317,0.525641,0.008175,2016,-0.575259,0.527206
2014-05-30,DBC,0.023652,0.021129,1.000000,0.752124,0.472200,0.019311,0.493827,0.002741,2016,-0.575259,0.527206
2014-05-30,VNQ,0.031562,0.011341,1.000000,0.544009,0.604841,0.010375,0.512195,0.002861,2016,-0.575259,0.527206
2014-06-30,SPY,0.026839,0.006438,1.000000,0.540017,0.607050,0.009335,0.621951,0.006505,2016,-0.575259,0.527206
2014-06-30,QQQ,0.035588,0.032691,1.000000,0.453799,0.653355,0.007525,0.646341,0.011415,2016,-0.575259,0.527206
2014-06-30,IWM,0.043463,-0.038576,0.000000,0.544704,0.604455,0.006157,0.634146,0.008041,2016,-0.575259,0.527206
2014-06-30,EFA,0.028806,-0.009507,0.000000,0.521847,0.617017,0.008067,0.512195,0.003341,2016,-0.575259,0.527206
2014-06-30,EEM,0.040849,0.031691,1.000000,0.609590,0.567308,0.014424,0.475610,0.005973,2016,-0.575259,0.527206
2014-06-30,SHY,0.001748,-0.001242,0.000000,0.658398,0.537366,0.001084,0.682927,0.002114,2016,-0.575259,0.527206
2014-06-30,IEF,0.013527,-0.001915,0.000000,0.517128,0.619583,0.001506,0.548780,0.005264,2016,-0.575259,0.527206
2014-06-30,TLT,0.029207,0.009645,1.000000,0.498214,0.629790,0.003214,0.524390,0.005590,2016,-0.575259,0.527206
2014-06-30,AGG,0.007496,-0.001227,0.000000,0.547353,0.602985,-0.000391,0.585366,0.003671,2016,-0.575259,0.527206
2014-06-30,LQD,0.012560,-0.000420,0.000000,0.579419,0.584895,0.002797,0.560976,0.004717,2016,-0.575259,0.527206
2014-06-30,HYG,0.008838,-0.016299,0.000000,0.674756,0.526823,0.005625,0.656716,0.006244,2016,-0.575259,0.527206
2014-06-30,GLD,0.041123,-0.025070,0.000000,0.552270,0.600246,0.000987,0.560976,0.007106,2016,-0.575259,0.527206
2014-06-30,SLV,0.056968,-0.023210,0.000000,0.615305,0.563905,0.006242,0.525641,0.008175,2016,-0.575259,0.527206
2014-06-30,DBC,0.023045,-0.042513,0.000000,0.647278,0.544375,0.009985,0.493827,0.002741,2016,-0.575259,0.527206
2014-06-30,VNQ,0.030583,0.015901,1.000000,0.593634,0.576685,0.007045,0.512195,0.002861,2016,-0.575259,0.527206
2014-07-31,SPY,0.027958,0.039464,1.000000,0.830783,0.404166,0.017077,0.621951,0.006505,2016,-0.575259,0.527206
2014-07-31,QQQ,0.036235,0.050095,1.000000,0.730789,0.488186,0.012205,0.646341,0.011415,2016,-0.575259,0.527206
2014-07-31,IWM,0.043890,0.048296,1.000000,0.739594,0.481687,0.013427,0.634146,0.008041,2016,-0.575259,0.527206
2014-07-31,EFA,0.029828,0.001802,1.000000,0.739991,0.481392,0.011199,0.512195,0.003341,2016,-0.575259,0.527206
2014-07-31,EEM,0.039947,0.028298,1.000000,0.738976,0.482148,0.017651,0.475610,0.005973,2016,-0.575259,0.527206
2014-07-31,SHY,0.001767,0.001859,1.000000,0.725598,0.491956,0.007576,0.682927,0.002114,2016,-0.575259,0.527206
2014-07-31,IEF,0.013622,0.018802,1.000000,0.722380,0.494272,0.012051,0.548780,0.005264,2016,-0.575259,0.527206
2014-07-31,TLT,0.030177,0.047238,1.000000,0.678649,0.524271,0.010658,0.524390,0.005590,2016,-0.575259,0.527206
2014-07-31,AGG,0.007652,0.011497,1.000000,0.751987,0.472305,0.012495,0.585366,0.003671,2016,-0.575259,0.527206
2014-07-31,LQD,0.012376,0.020040,1.000000,0.745005,0.477626,0.016805,0.560976,0.004717,2016,-0.575259,0.527206
2014-07-31,HYG,0.010871,0.023802,1.000000,0.816534,0.417832,0.018937,0.656716,0.006244,2016,-0.575259,0.527206
2014-07-31,GLD,0.040265,0.003809,1.000000,0.787634,0.443542,0.017795,0.560976,0.007106,2016,-0.575259,0.527206
2014-07-31,SLV,0.054368,-0.044433,0.000000,0.778242,0.451403,0.021269,0.525641,0.008175,2016,-0.575259,0.527206
2014-07-31,DBC,0.022545,-0.011453,0.000000,0.705875,0.505901,0.018931,0.493827,0.002741,2016,-0.575259,0.527206
2014-07-31,VNQ,0.029092,0.030441,1.000000,0.769955,0.458163,0.022339,0.512195,0.002861,2016,-0.575259,0.527206
2014-08-29,SPY,0.026462,-0.013796,0.000000,0.515371,0.620536,0.002171,0.621951,0.006505,2016,-0.575259,0.527206
2014-08-29,QQQ,0.032545,-0.007566,0.000000,0.503585,0.626904,0.005070,0.646341,0.011415,2016,-0.575259,0.527206
2014-08-29,IWM,0.039942,-0.059279,0.000000,0.560672,0.595538,0.009089,0.634146,0.008041,2016,-0.575259,0.527206
2014-08-29,EFA,0.028016,-0.038825,0.000000,0.564557,0.593348,0.010713,0.512195,0.003341,2016,-0.575259,0.527206
2014-08-29,EEM,0.037665,-0.077674,0.000000,0.628314,0.556063,0.014994,0.475610,0.005973,2016,-0.575259,0.527206
2014-08-29,SHY,0.001829,-0.000733,0.000000,0.665079,0.533095,0.002328,0.682927,0.002114,2016,-0.575259,0.527206
2014-08-29,IEF,0.012848,-0.010495,0.000000,0.551615,0.600612,0.004181,0.548780,0.005264,2016,-0.575259,0.527206
2014-08-29,TLT,0.029263,-0.021123,0.000000,0.513423,0.621592,0.004065,0.524390,0.005590,2016,-0.575259,0.527206
2014-08-29,AGG,0.007358,-0.006149,0.000000,0.563917,0.593710,0.003231,0.585366,0.003671,2016,-0.575259,0.527206
2014-08-29,LQD,0.011540,-0.016816,0.000000,0.519721,0.618174,0.003467,0.560976,0.004717,2016,-0.575259,0.527206
2014-08-29,HYG,0.010769,-0.019827,0.000000,0.648483,0.543622,0.009910,0.656716,0.006244,2016,-0.575259,0.527206
2014-08-29,GLD,0.036023,-0.061763,0.000000,0.673888,0.527390,0.018327,0.560976,0.007106,2016,-0.575259,0.527206
2014-08-29,SLV,0.047870,-0.126136,0.000000,0.680600,0.522985,0.027566,0.525641,0.008175,2016,-0.575259,0.527206
2014-08-29,DBC,0.022356,-0.072313,0.000000,0.550090,0.601461,0.005209,0.493827,0.002741,2016,-0.575259,0.527206
2014-08-29,VNQ,0.028049,-0.060406,0.000000,0.540648,0.606701,0.005424,0.512195,0.002861,2016,-0.575259,0.527206
2014-09-30,SPY,0.026701,0.005532,1.000000,0.716660,0.498348,0.011692,0.621951,0.006505,2016,-0.575259,0.527206
2014-09-30,QQQ,0.033656,0.010325,1.000000,0.661928,0.535115,0.008350,0.646341,0.011415,2016,-0.575259,0.527206
2014-09-30,IWM,0.040744,0.041609,1.000000,0.731071,0.487980,0.011149,0.634146,0.008041,2016,-0.575259,0.527206
2014-09-30,EFA,0.028474,-0.027761,0.000000,0.690792,0.516194,0.015445,0.512195,0.003341,2016,-0.575259,0.527206
2014-09-30,EEM,0.041939,0.000482,1.000000,0.656722,0.538430,0.010629,0.475610,0.005973,2016,-0.575259,0.527206
2014-09-30,SHY,0.001956,0.002486,1.000000,0.722112,0.494464,0.007961,0.682927,0.002114,2016,-0.575259,0.527206
2014-09-30,IEF,0.012813,0.015943,1.000000,0.589402,0.579143,0.005919,0.548780,0.005264,2016,-0.575259,0.527206
2014-09-30,TLT,0.030581,0.029996,1.000000,0.543175,0.605303,0.001147,0.524390,0.005590,2016,-0.575259,0.527206
2014-09-30,AGG,0.006915,0.008988,1.000000,0.624643,0.558290,0.009978,0.585366,0.003671,2016,-0.575259,0.527206
2014-09-30,LQD,0.011804,0.011833,1.000000,0.631161,0.554329,0.007615,0.560976,0.004717,2016,-0.575259,0.527206
2014-09-30,HYG,0.012006,0.010169,1.000000,0.683744,0.520904,0.012031,0.656716,0.006244,2016,-0.575259,0.527206
2014-09-30,GLD,0.034278,0.001721,1.000000,0.765804,0.461491,0.024320,0.560976,0.007106,2016,-0.575259,0.527206
2014-09-30,SLV,0.049600,0.001835,1.000000,0.795575,0.436718,0.029044,0.525641,0.008175,2016,-0.575259,0.527206
2014-09-30,DBC,0.026268,-0.029285,0.000000,0.726169,0.491544,0.015535,0.493827,0.002741,2016,-0.575259,0.527206
2014-09-30,VNQ,0.033477,0.078914,1.000000,0.636831,0.550853,0.006212,0.512195,0.002861,2016,-0.575259,0.527206
2014-10-31,SPY,0.036296,0.026927,1.000000,0.463977,0.647995,-0.012234,0.621951,0.006505,2016,-0.575259,0.527206
2014-10-31,QQQ,0.044033,0.037771,1.000000,0.479737,0.639653,-0.008500,0.646341,0.011415,2016,-0.575259,0.527206
2014-10-31,IWM,0.049235,-0.002660,0.000000,0.487484,0.635529,-0.009095,0.634146,0.008041,2016,-0.575259,0.527206
2014-10-31,EFA,0.039124,0.002502,1.000000,0.398891,0.682029,-0.012345,0.512195,0.003341,2016,-0.575259,0.527206
2014-10-31,EEM,0.044931,-0.032503,0.000000,0.470695,0.644446,0.003930,0.475610,0.005973,2016,-0.575259,0.527206
2014-10-31,SHY,0.002348,0.000450,1.000000,0.792414,0.439455,0.009008,0.682927,0.002114,2016,-0.575259,0.527206
2014-10-31,IEF,0.013691,0.005912,1.000000,0.729994,0.488766,0.013283,0.548780,0.005264,2016,-0.575259,0.527206
2014-10-31,TLT,0.030934,0.013725,1.000000,0.690801,0.516188,0.014938,0.524390,0.005590,2016,-0.575259,0.527206
2014-10-31,AGG,0.007726,0.002301,1.000000,0.707082,0.505064,0.008485,0.585366,0.003671,2016,-0.575259,0.527206
2014-10-31,LQD,0.011585,-0.001121,0.000000,0.730206,0.488612,0.013717,0.560976,0.004717,2016,-0.575259,0.527206
2014-10-31,HYG,0.016177,-0.015424,0.000000,0.602471,0.571514,-0.003755,0.656716,0.006244,2016,-0.575259,0.527206
2014-10-31,GLD,0.036026,0.022013,1.000000,0.825949,0.408884,0.019989,0.560976,0.007106,2016,-0.575259,0.527206
2014-10-31,SLV,0.053157,0.016129,1.000000,0.838106,0.396843,0.020507,0.525641,0.008175,2016,-0.575259,0.527206
2014-10-31,DBC,0.031043,-0.086021,0.000000,0.607803,0.568367,0.002492,0.493827,0.002741,2016,-0.575259,0.527206
2014-10-31,VNQ,0.034846,0.023800,1.000000,0.505804,0.625709,-0.000163,0.512195,0.002861,2016,-0.575259,0.527206
2014-11-28,SPY,0.031618,0.007460,1.000000,0.546768,0.603310,0.011638,0.621951,0.006505,2016,-0.575259,0.527206
2014-11-28,QQQ,0.038715,-0.012275,0.000000,0.481128,0.638914,0.012655,0.646341,0.011415,2016,-0.575259,0.527206
2014-11-28,IWM,0.045136,0.035122,1.000000,0.686194,0.519273,0.014945,0.634146,0.008041,2016,-0.575259,0.527206
2014-11-28,EFA,0.036175,-0.033931,0.000000,0.548608,0.602287,0.009415,0.512195,0.003341,2016,-0.575259,0.527206
2014-11-28,EEM,0.046899,-0.040369,0.000000,0.644536,0.546085,0.010562,0.475610,0.005973,2016,-0.575259,0.527206
2014-11-28,SHY,0.002128,-0.002572,0.000000,0.550760,0.601088,0.007204,0.682927,0.002114,2016,-0.575259,0.527206
2014-11-28,IEF,0.013067,0.000161,1.000000,0.434091,0.663683,0.001454,0.548780,0.005264,2016,-0.575259,0.527206
2014-11-28,TLT,0.029370,0.030546,1.000000,0.414118,0.674103,0.002239,0.524390,0.005590,2016,-0.575259,0.527206
2014-11-28,AGG,0.007711,0.001203,1.000000,0.449231,0.655754,-0.001140,0.585366,0.003671,2016,-0.575259,0.527206
2014-11-28,LQD,0.012551,-0.000842,0.000000,0.487790,0.635366,-0.002062,0.560976,0.004717,2016,-0.575259,0.527206
2014-11-28,HYG,0.016055,-0.005374,0.000000,0.774238,0.454689,0.019372,0.656716,0.006244,2016,-0.575259,0.527206
2014-11-28,GLD,0.045512,0.027562,1.000000,0.699850,0.510049,0.002124,0.560976,0.007106,2016,-0.575259,0.527206
2014-11-28,SLV,0.071950,0.050573,1.000000,0.690788,0.516196,-0.002625,0.525641,0.008175,2016,-0.575259,0.527206
2014-11-28,DBC,0.042779,-0.089618,0.000000,0.762087,0.464439,0.008385,0.493827,0.002741,2016,-0.575259,0.527206
2014-11-28,VNQ,0.032852,0.036527,1.000000,0.455245,0.652595,0.003010,0.512195,0.002861,2016,-0.575259,0.527206
2014-12-31,SPY,0.035875,-0.017612,0.000000,0.644322,0.546218,0.004777,0.621951,0.006505,2016,-0.575259,0.527206
2014-12-31,QQQ,0.040820,-0.012300,0.000000,0.667627,0.531453,0.011113,0.646341,0.011415,2016,-0.575259,0.527206
2014-12-31,IWM,0.047873,-0.023909,0.000000,0.614033,0.564665,0.002767,0.634146,0.008041,2016,-0.575259,0.527206
2014-12-31,EFA,0.037543,0.018409,1.000000,0.636052,0.551333,0.009653,0.512195,0.003341,2016,-0.575259,0.527206
2014-12-31,EEM,0.047457,0.010944,1.000000,0.539295,0.607449,0.005450,0.475610,0.005973,2016,-0.575259,0.527206
2014-12-31,SHY,0.002565,0.005956,1.000000,0.732732,0.486764,0.006232,0.682927,0.002114,2016,-0.575259,0.527206
2014-12-31,IEF,0.015404,0.041718,1.000000,0.609972,0.567081,0.000336,0.548780,0.005264,2016,-0.575259,0.527206
2014-12-31,TLT,0.034267,0.094012,1.000000,0.557705,0.597204,-0.000966,0.524390,0.005590,2016,-0.575259,0.527206
2014-12-31,AGG,0.008624,0.020486,1.000000,0.599404,0.573314,0.001453,0.585366,0.003671,2016,-0.575259,0.527206
2014-12-31,LQD,0.012840,0.038483,1.000000,0.552458,0.600141,0.002173,0.560976,0.004717,2016,-0.575259,0.527206
2014-12-31,HYG,0.022612,0.010898,1.000000,0.656873,0.538334,0.001652,0.656716,0.006244,2016,-0.575259,0.527206
2014-12-31,GLD,0.052291,0.077831,1.000000,0.663319,0.534224,0.005550,0.560976,0.007106,2016,-0.575259,0.527206
2014-12-31,SLV,0.084939,0.093625,1.000000,0.630601,0.554671,0.000999,0.525641,0.008175,2016,-0.575259,0.527206
2014-12-31,DBC,0.045979,-0.043902,0.000000,0.687822,0.518186,0.017703,0.493827,0.002741,2016,-0.575259,0.527206
2014-12-31,VNQ,0.035268,0.065679,1.000000,0.644183,0.546305,0.007172,0.512195,0.002861,2016,-0.575259,0.527206
2015-01-30,SPY,0.039689,0.058511,1.000000,0.661873,0.599644,0.004517,0.648936,0.007452,2268,0.247047,0.238052
2015-01-30,QQQ,0.044885,0.076854,1.000000,0.631332,0.591688,0.004265,0.648936,0.012468,2268,0.247047,0.238052
2015-01-30,IWM,0.051034,0.060847,1.000000,0.670415,0.601920,0.004477,0.617021,0.007715,2268,0.247047,0.238052
2015-01-30,EFA,0.041067,0.058478,1.000000,0.576157,0.577837,0.001981,0.521277,0.002858,2268,0.247047,0.238052
2015-01-30,EEM,0.051269,0.034598,1.000000,0.629058,0.591105,0.008246,0.500000,0.005132,2268,0.247047,0.238052
2015-01-30,SHY,0.002775,-0.003956,0.000000,0.655829,0.598048,-0.001979,0.670213,0.001888,2268,0.247047,0.238052
2015-01-30,IEF,0.018365,-0.034065,0.000000,0.546076,0.570456,-0.001452,0.553191,0.005196,2268,0.247047,0.238052
2015-01-30,TLT,0.040532,-0.082207,0.000000,0.497383,0.558596,0.003035,0.542553,0.006746,2268,0.247047,0.238052
2015-01-30,AGG,0.009388,-0.015233,0.000000,0.551826,0.571862,-0.002520,0.585106,0.003690,2268,0.247047,0.238052
2015-01-30,LQD,0.014478,-0.023317,0.000000,0.509809,0.561622,-0.003941,0.574468,0.004874,2268,0.247047,0.238052
2015-01-30,HYG,0.021594,0.019216,1.000000,0.651762,0.596981,0.008634,0.658228,0.005775,2268,0.247047,0.238052
2015-01-30,GLD,0.053983,-0.064642,0.000000,0.604716,0.584940,0.005917,0.563830,0.006355,2268,0.247047,0.238052
2015-01-30,SLV,0.090303,-0.058041,0.000000,0.614333,0.587361,0.002027,0.500000,0.005878,2268,0.247047,0.238052
2015-01-30,DBC,0.048633,0.035632,1.000000,0.604698,0.584935,0.004452,0.473118,0.000366,2268,0.247047,0.238052
2015-01-30,VNQ,0.037783,-0.033044,0.000000,0.665891,0.600711,0.013502,0.563830,0.005389,2268,0.247047,0.238052
2015-02-27,SPY,0.036844,-0.007028,0.000000,0.659231,0.598945,0.013297,0.648936,0.007452,2268,0.247047,0.238052
2015-02-27,QQQ,0.041353,-0.013141,0.000000,0.644173,0.595002,0.016242,0.648936,0.012468,2268,0.247047,0.238052
2015-02-27,IWM,0.046220,0.020973,1.000000,0.636392,0.592989,0.009249,0.617021,0.007715,2268,0.247047,0.238052
2015-02-27,EFA,0.040315,0.001229,1.000000,0.560756,0.574049,0.001150,0.521277,0.002858,2268,0.247047,0.238052
2015-02-27,EEM,0.049964,-0.012764,0.000000,0.532785,0.567215,0.000124,0.500000,0.005132,2268,0.247047,0.238052
2015-02-27,SHY,0.002954,0.001665,1.000000,0.742471,0.622374,0.008589,0.670213,0.001888,2268,0.247047,0.238052
2015-02-27,IEF,0.019295,0.005955,1.000000,0.621233,0.589110,0.005585,0.553191,0.005196,2268,0.247047,0.238052
2015-02-27,TLT,0.042265,0.008756,1.000000,0.547128,0.570713,0.003653,0.542553,0.006746,2268,0.247047,0.238052
2015-02-27,AGG,0.010119,0.002036,1.000000,0.650159,0.596561,0.005048,0.585106,0.003690,2268,0.247047,0.238052
2015-02-27,LQD,0.015962,0.000140,1.000000,0.635767,0.592828,0.002285,0.574468,0.004874,2268,0.247047,0.238052
2015-02-27,HYG,0.019509,-0.008275,0.000000,0.586930,0.580503,0.004421,0.658228,0.005775,2268,0.247047,0.238052
2015-02-27,GLD,0.050273,-0.020747,0.000000,0.597650,0.583171,0.004386,0.563830,0.006355,2268,0.247047,0.238052
2015-02-27,SLV,0.085205,0.006931,1.000000,0.525133,0.565351,-0.006502,0.500000,0.005878,2268,0.247047,0.238052
2015-02-27,DBC,0.050646,-0.049532,0.000000,0.591023,0.581519,0.006892,0.473118,0.000366,2268,0.247047,0.238052
2015-02-27,VNQ,0.042886,0.026369,1.000000,0.643739,0.594889,0.005934,0.563830,0.005389,2268,0.247047,0.238052
2015-03-31,SPY,0.037902,0.009834,1.000000,0.648708,0.596182,0.005387,0.648936,0.007452,2268,0.247047,0.238052
2015-03-31,QQQ,0.041611,0.019223,1.000000,0.678314,0.604047,0.010695,0.648936,0.012468,2268,0.247047,0.238052
2015-03-31,IWM,0.044710,-0.025649,0.000000,0.610221,0.586324,0.006050,0.617021,0.007715,2268,0.247047,0.238052
2015-03-31,EFA,0.043316,0.036466,1.000000,0.635300,0.592707,0.005166,0.521277,0.002858,2268,0.247047,0.238052
2015-03-31,EEM,0.052113,0.068527,1.000000,0.493551,0.557662,-0.000671,0.500000,0.005132,2268,0.247047,0.238052
2015-03-31,SHY,0.003094,0.000318,1.000000,0.625088,0.590091,-0.001161,0.670213,0.001888,2268,0.247047,0.238052
2015-03-31,IEF,0.019918,-0.006330,0.000000,0.545633,0.570348,0.004594,0.553191,0.005196,2268,0.247047,0.238052
2015-03-31,TLT,0.043759,-0.034252,0.000000,0.546859,0.570648,0.010551,0.542553,0.006746,2268,0.247047,0.238052
2015-03-31,AGG,0.011349,-0.003227,0.000000,0.593043,0.582022,0.002172,0.585106,0.003690,2268,0.247047,0.238052
2015-03-31,LQD,0.018010,-0.011872,0.000000,0.567741,0.575764,0.003033,0.574468,0.004874,2268,0.247047,0.238052
2015-03-31,HYG,0.019117,0.008714,1.000000,0.671175,0.602124,0.003491,0.658228,0.005775,2268,0.247047,0.238052
2015-03-31,GLD,0.046933,-0.001672,0.000000,0.609936,0.586252,0.010902,0.563830,0.006355,2268,0.247047,0.238052
2015-03-31,SLV,0.078558,-0.031387,0.000000,0.595355,0.582598,0.013725,0.500000,0.005878,2268,0.247047,0.238052
2015-03-31,DBC,0.052649,0.071470,1.000000,0.641159,0.594220,0.009767,0.473118,0.000366,2268,0.247047,0.238052
2015-03-31,VNQ,0.047916,-0.058475,0.000000,0.562274,0.574421,0.007311,0.563830,0.005389,2268,0.247047,0.238052
2015-04-30,SPY,0.034347,0.014919,1.000000,0.709481,0.612690,0.018894,0.648936,0.007452,2268,0.247047,0.238052
2015-04-30,QQQ,0.040163,0.025922,1.000000,0.695056,0.608637,0.016633,0.648936,0.012468,2268,0.247047,0.238052
2015-04-30,IWM,0.042781,0.025582,1.000000,0.810407,0.644953,0.021345,0.617021,0.007715,2268,0.247047,0.238052
2015-04-30,EFA,0.039680,-0.000752,0.000000,0.659065,0.598901,0.017912,0.521277,0.002858,2268,0.247047,0.238052
2015-04-30,EEM,0.050417,-0.044776,0.000000,0.655303,0.597910,0.017041,0.500000,0.005132,2268,0.247047,0.238052
2015-04-30,SHY,0.002794,-0.000213,0.000000,0.765259,0.629482,0.014907,0.670213,0.001888,2268,0.247047,0.238052
2015-04-30,IEF,0.018115,-0.008557,0.000000,0.744337,0.622942,0.021102,0.553191,0.005196,2268,0.247047,0.238052
2015-04-30,TLT,0.042292,-0.034217,0.000000,0.700469,0.610146,0.018996,0.542553,0.006746,2268,0.247047,0.238052
2015-04-30,AGG,0.010401,-0.007126,0.000000,0.770944,0.631319,0.021036,0.585106,0.003690,2268,0.247047,0.238052
2015-04-30,LQD,0.017315,-0.016745,0.000000,0.754611,0.626112,0.021583,0.574468,0.004874,2268,0.247047,0.238052
2015-04-30,HYG,0.016771,0.005240,1.000000,0.744217,0.622905,0.016259,0.658228,0.005775,2268,0.247047,0.238052
2015-04-30,GLD,0.047302,0.004671,1.000000,0.727466,0.617891,0.010425,0.563830,0.006355,2268,0.247047,0.238052
2015-04-30,SLV,0.076760,0.036941,1.000000,0.640581,0.594070,0.007523,0.500000,0.005878,2268,0.247047,0.238052
2015-04-30,DBC,0.049843,-0.033899,0.000000,0.536864,0.568209,0.011083,0.473118,0.000366,2268,0.247047,0.238052
2015-04-30,VNQ,0.046070,0.009196,1.000000,0.721206,0.616060,0.023360,0.563830,0.005389,2268,0.247047,0.238052
2015-05-29,SPY,0.033107,-0.022359,0.000000,0.680245,0.604571,0.009104,0.648936,0.007452,2268,0.247047,0.238052
2015-05-29,QQQ,0.039592,-0.028302,0.000000,0.631264,0.591671,0.005444,0.648936,0.012468,2268,0.247047,0.238052
2015-05-29,IWM,0.039454,0.003148,1.000000,0.637427,0.593255,0.008349,0.617021,0.007715,2268,0.247047,0.238052
2015-05-29,EFA,0.040682,-0.027673,0.000000,0.668624,0.601441,0.007849,0.521277,0.002858,2268,0.247047,0.238052
2015-05-29,EEM,0.047292,-0.043519,0.000000,0.733722,0.619743,0.019370,0.500000,0.005132,2268,0.247047,0.238052
2015-05-29,SHY,0.002719,0.000318,1.000000,0.647944,0.595983,0.003636,0.670213,0.001888,2268,0.247047,0.238052
2015-05-29,IEF,0.018835,-0.013592,0.000000,0.540353,0.569060,0.002597,0.553191,0.005196,2268,0.247047,0.238052
2015-05-29,TLT,0.045511,-0.034023,0.000000,0.507927,0.561164,0.001467,0.542553,0.006746,2268,0.247047,0.238052
2015-05-29,AGG,0.010982,-0.010131,0.000000,0.590109,0.581292,0.004752,0.585106,0.003690,2268,0.247047,0.238052
2015-05-29,LQD,0.018309,-0.016967,0.000000,0.602674,0.584428,0.007784,0.574468,0.004874,2268,0.247047,0.238052
2015-05-29,HYG,0.015752,-0.023512,0.000000,0.643345,0.594786,0.004800,0.658228,0.005775,2268,0.247047,0.238052
2015-05-29,GLD,0.043673,-0.009027,0.000000,0.679427,0.604349,0.013105,0.563830,0.006355,2268,0.247047,0.238052
2015-05-29,SLV,0.073007,-0.060038,0.000000,0.673590,0.602772,0.013425,0.500000,0.005878,2268,0.247047,0.238052
2015-05-29,DBC,0.048994,-0.005082,0.000000,0.694322,0.608433,0.016702,0.473118,0.000366,2268,0.247047,0.238052
2015-05-29,VNQ,0.046061,-0.046303,0.000000,0.655858,0.598056,0.013694,0.563830,0.005389,2268,0.247047,0.238052
2015-06-30,SPY,0.032944,0.024144,1.000000,0.710749,0.613051,0.010386,0.648936,0.007452,2268,0.247047,0.238052
2015-06-30,QQQ,0.039200,0.046792,1.000000,0.715686,0.614464,0.013154,0.648936,0.012468,2268,0.247047,0.238052
2015-06-30,IWM,0.039278,-0.016428,0.000000,0.727187,0.617809,0.011615,0.617021,0.007715,2268,0.247047,0.238052
2015-06-30,EFA,0.043494,0.014333,1.000000,0.657559,0.598504,0.008668,0.521277,0.002858,2268,0.247047,0.238052
2015-06-30,EEM,0.046820,-0.073195,0.000000,0.609446,0.586129,0.012349,0.500000,0.005132,2268,0.247047,0.238052
2015-06-30,SHY,0.002700,-0.000612,0.000000,0.646848,0.595697,0.000980,0.670213,0.001888,2268,0.247047,0.238052
2015-06-30,IEF,0.020730,0.009270,1.000000,0.569286,0.576144,0.001565,0.553191,0.005196,2268,0.247047,0.238052
2015-06-30,TLT,0.048954,0.037782,1.000000,0.553981,0.572389,0.001247,0.542553,0.006746,2268,0.247047,0.238052
2015-06-30,AGG,0.011910,0.004660,1.000000,0.605046,0.585023,0.003428,0.585106,0.003690,2268,0.247047,0.238052
2015-06-30,LQD,0.019300,0.003120,1.000000,0.623465,0.589678,0.007145,0.574468,0.004874,2268,0.247047,0.238052
2015-06-30,HYG,0.015681,-0.003224,0.000000,0.720525,0.615862,0.010290,0.658228,0.005775,2268,0.247047,0.238052
2015-06-30,GLD,0.039164,-0.072083,0.000000,0.689368,0.607064,0.020133,0.563830,0.006355,2268,0.247047,0.238052
2015-06-30,SLV,0.064143,-0.062542,0.000000,0.736992,0.620721,0.030179,0.500000,0.005878,2268,0.247047,0.238052
2015-06-30,DBC,0.046499,-0.113889,0.000000,0.508348,0.561266,0.013201,0.473118,0.000366,2268,0.247047,0.238052
2015-06-30,VNQ,0.044415,0.049404,1.000000,0.700807,0.610241,0.016107,0.563830,0.005389,2268,0.247047,0.238052
2015-07-31,SPY,0.032901,-0.060950,0.000000,0.624077,0.589834,0.005580,0.648936,0.007452,2268,0.247047,0.238052
2015-07-31,QQQ,0.039794,-0.068245,0.000000,0.642561,0.594583,0.008972,0.648936,0.012468,2268,0.247047,0.238052
2015-07-31,IWM,0.038342,-0.063110,0.000000,0.633390,0.592216,0.007371,0.617021,0.007715,2268,0.247047,0.238052
2015-07-31,EFA,0.046195,-0.074251,0.000000,0.523836,0.565036,-0.000570,0.521277,0.002858,2268,0.247047,0.238052
2015-07-31,EEM,0.053910,-0.088362,0.000000,0.575952,0.577786,0.000030,0.500000,0.005132,2268,0.247047,0.238052
2015-07-31,SHY,0.002746,-0.000495,0.000000,0.709709,0.612754,0.004073,0.670213,0.001888,2268,0.247047,0.238052
2015-07-31,IEF,0.019706,0.000791,1.000000,0.519012,0.563862,0.001747,0.553191,0.005196,2268,0.247047,0.238052
2015-07-31,TLT,0.046990,-0.006896,0.000000,0.528065,0.566065,0.003144,0.542553,0.006746,2268,0.247047,0.238052
2015-07-31,AGG,0.011313,-0.003359,0.000000,0.528320,0.566127,0.001420,0.585106,0.003690,2268,0.247047,0.238052
2015-07-31,LQD,0.017729,-0.008274,0.000000,0.509507,0.561548,0.003824,0.574468,0.004874,2268,0.247047,0.238052
2015-07-31,HYG,0.015848,-0.015233,0.000000,0.676671,0.603603,0.006610,0.658228,0.005775,2268,0.247047,0.238052
2015-07-31,GLD,0.038353,0.037072,1.000000,0.677562,0.603844,0.010767,0.563830,0.006355,2268,0.247047,0.238052
2015-07-31,SLV,0.060440,-0.006392,0.000000,0.678096,0.603988,0.013028,0.500000,0.005878,2268,0.247047,0.238052
2015-07-31,DBC,0.048265,-0.002543,0.000000,0.725936,0.617441,0.025902,0.473118,0.000366,2268,0.247047,0.238052
2015-07-31,VNQ,0.040741,-0.062911,0.000000,0.553822,0.572350,0.009455,0.563830,0.005389,2268,0.247047,0.238052
2015-08-31,SPY,0.051870,-0.025516,0.000000,0.558890,0.573591,-0.012686,0.648936,0.007452,2268,0.247047,0.238052
2015-08-31,QQQ,0.061872,-0.022073,0.000000,0.546109,0.570465,-0.012873,0.648936,0.012468,2268,0.247047,0.238052
2015-08-31,IWM,0.048973,-0.049363,0.000000,0.589880,0.581235,-0.005441,0.617021,0.007715,2268,0.247047,0.238052
2015-08-31,EFA,0.052056,-0.044189,0.000000,0.558809,0.573571,-0.000939,0.521277,0.002858,2268,0.247047,0.238052
2015-08-31,EEM,0.068638,-0.031324,0.000000,0.523660,0.564993,-0.006557,0.500000,0.005132,2268,0.247047,0.238052
2015-08-31,SHY,0.002809,0.002950,1.000000,0.765595,0.629590,0.011787,0.670213,0.001888,2268,0.247047,0.238052
2015-08-31,IEF,0.018878,0.015791,1.000000,0.686188,0.606192,0.012811,0.553191,0.005196,2268,0.247047,0.238052
2015-08-31,TLT,0.046043,0.019669,1.000000,0.700849,0.610253,0.013541,0.542553,0.006746,2268,0.247047,0.238052
2015-08-31,AGG,0.010763,0.008114,1.000000,0.738332,0.621123,0.015375,0.585106,0.003690,2268,0.247047,0.238052
2015-08-31,LQD,0.016698,0.011898,1.000000,0.706401,0.611816,0.015314,0.574468,0.004874,2268,0.247047,0.238052
2015-08-31,HYG,0.016529,-0.029899,0.000000,0.663803,0.600156,0.005297,0.658228,0.005775,2268,0.247047,0.238052
2015-08-31,GLD,0.038545,-0.018011,0.000000,0.621096,0.589075,0.006814,0.563830,0.006355,2268,0.247047,0.238052
2015-08-31,SLV,0.066326,-0.008578,0.000000,0.650923,0.596761,0.001812,0.500000,0.005878,2268,0.247047,0.238052
2015-08-31,DBC,0.056396,-0.034417,0.000000,0.529191,0.566339,0.002707,0.473118,0.000366,2268,0.247047,0.238052
2015-08-31,VNQ,0.054172,0.030598,1.000000,0.622021,0.589310,-0.002315,0.563830,0.005389,2268,0.247047,0.238052
2015-09-30,SPY,0.055332,0.089757,1.000000,0.604220,0.584815,0.000145,0.648936,0.007452,2268,0.247047,0.238052
2015-09-30,QQQ,0.064504,0.118710,1.000000,0.616884,0.588007,0.004733,0.648936,0.012468,2268,0.247047,0.238052
2015-09-30,IWM,0.053056,0.061081,1.000000,0.685319,0.605954,0.005579,0.617021,0.007715,2268,0.247047,0.238052
2015-09-30,EFA,0.058369,0.068388,1.000000,0.554821,0.572594,-0.003338,0.521277,0.002858,2268,0.247047,0.238052
2015-09-30,EEM,0.072542,0.061928,1.000000,0.540159,0.569012,0.000175,0.500000,0.005132,2268,0.247047,0.238052
2015-09-30,SHY,0.002937,-0.001412,0.000000,0.666440,0.600858,0.000066,0.670213,0.001888,2268,0.247047,0.238052
2015-09-30,IEF,0.018765,-0.008319,0.000000,0.534593,0.567655,-0.001084,0.553191,0.005196,2268,0.247047,0.238052
2015-09-30,TLT,0.046452,-0.011550,0.000000,0.506411,0.560795,-0.000259,0.542553,0.006746,2268,0.247047,0.238052
2015-09-30,AGG,0.010708,-0.001966,0.000000,0.585002,0.580024,0.000873,0.585106,0.003690,2268,0.247047,0.238052
2015-09-30,LQD,0.016750,0.003145,1.000000,0.633257,0.592182,0.004448,0.574468,0.004874,2268,0.247047,0.238052
2015-09-30,HYG,0.018655,0.031101,1.000000,0.762769,0.628686,0.015002,0.658228,0.005775,2268,0.247047,0.238052
2015-09-30,GLD,0.038848,0.026764,1.000000,0.707262,0.612060,0.012476,0.563830,0.006355,2268,0.247047,0.238052
2015-09-30,SLV,0.065996,0.072819,1.000000,0.669029,0.601549,0.008314,0.500000,0.005878,2268,0.247047,0.238052
2015-09-30,DBC,0.055331,-0.006601,0.000000,0.601533,0.584142,0.010912,0.473118,0.000366,2268,0.247047,0.238052
2015-09-30,VNQ,0.053275,0.067381,1.000000,0.525026,0.565325,0.003774,0.563830,0.005389,2268,0.247047,0.238052
2015-10-30,SPY,0.050706,0.013225,1.000000,0.583550,0.579665,0.008758,0.648936,0.007452,2268,0.247047,0.238052
2015-10-30,QQQ,0.059686,0.016148,1.000000,0.592480,0.581882,0.011779,0.648936,0.012468,2268,0.247047,0.238052
2015-10-30,IWM,0.055098,0.039449,1.000000,0.644938,0.595200,0.008498,0.617021,0.007715,2268,0.247047,0.238052
2015-10-30,EFA,0.053390,0.002945,1.000000,0.624707,0.589994,0.013711,0.521277,0.002858,2268,0.247047,0.238052
2015-10-30,EEM,0.069409,-0.017780,0.000000,0.677014,0.603696,0.015464,0.500000,0.005132,2268,0.247047,0.238052
2015-10-30,SHY,0.002937,-0.001982,0.000000,0.830494,0.652635,0.017369,0.670213,0.001888,2268,0.247047,0.238052
2015-10-30,IEF,0.017947,0.001019,1.000000,0.730955,0.618920,0.013744,0.553191,0.005196,2268,0.247047,0.238052
2015-10-30,TLT,0.042603,0.004714,1.000000,0.654305,0.597648,0.014805,0.542553,0.006746,2268,0.247047,0.238052
2015-10-30,AGG,0.010537,-0.000400,0.000000,0.730073,0.618660,0.010987,0.585106,0.003690,2268,0.247047,0.238052
2015-10-30,LQD,0.016056,0.005964,1.000000,0.718293,0.615216,0.014204,0.574468,0.004874,2268,0.247047,0.238052
2015-10-30,HYG,0.018810,-0.018024,0.000000,0.681150,0.604817,0.009018,0.658228,0.005775,2268,0.247047,0.238052
2015-10-30,GLD,0.038457,-0.064227,0.000000,0.749266,0.624454,0.017558,0.563830,0.006355,2268,0.247047,0.238052
2015-10-30,SLV,0.066196,-0.087162,0.000000,0.735314,0.620218,0.013829,0.500000,0.005878,2268,0.247047,0.238052
2015-10-30,DBC,0.051547,-0.055921,0.000000,0.623116,0.589589,0.015174,0.473118,0.000366,2268,0.247047,0.238052
2015-10-30,VNQ,0.048603,0.007510,1.000000,0.676642,0.603595,0.020121,0.563830,0.005389,2268,0.247047,0.238052
2015-11-30,SPY,0.046377,-0.007353,0.000000,0.637792,0.593350,0.007901,0.648936,0.007452,2268,0.247047,0.238052
2015-11-30,QQQ,0.054224,-0.003544,0.000000,0.608776,0.585960,0.008426,0.648936,0.012468,2268,0.247047,0.238052
2015-11-30,IWM,0.051645,-0.038330,0.000000,0.598518,0.583388,0.006168,0.617021,0.007715,2268,0.247047,0.238052
2015-11-30,EFA,0.047620,-0.010013,0.000000,0.590569,0.581407,0.011033,0.521277,0.002858,2268,0.247047,0.238052
2015-11-30,EEM,0.065890,-0.035211,0.000000,0.648098,0.596023,0.014560,0.500000,0.005132,2268,0.247047,0.238052
2015-11-30,SHY,0.002693,-0.001017,0.000000,0.749207,0.624436,0.019848,0.670213,0.001888,2268,0.247047,0.238052
2015-11-30,IEF,0.015985,-0.005662,0.000000,0.531188,0.566826,0.009192,0.553191,0.005196,2268,0.247047,0.238052
2015-11-30,TLT,0.037808,-0.007437,0.000000,0.522453,0.564699,0.011987,0.542553,0.006746,2268,0.247047,0.238052
2015-11-30,AGG,0.009541,-0.004598,0.000000,0.594991,0.582508,0.009359,0.585106,0.003690,2268,0.247047,0.238052
2015-11-30,LQD,0.014430,-0.012459,0.000000,0.550585,0.571558,0.008594,0.574468,0.004874,2268,0.247047,0.238052
2015-11-30,HYG,0.018062,-0.020532,0.000000,0.708068,0.612288,0.014185,0.658228,0.005775,2268,0.247047,0.238052
2015-11-30,GLD,0.037706,-0.004906,0.000000,0.678524,0.604104,0.015954,0.563830,0.006355,2268,0.247047,0.238052
2015-11-30,SLV,0.058539,-0.017113,0.000000,0.687307,0.606498,0.024276,0.500000,0.005878,2268,0.247047,0.238052
2015-11-30,DBC,0.049995,-0.063425,0.000000,0.655164,0.597873,0.014743,0.473118,0.000366,2268,0.247047,0.238052
2015-11-30,VNQ,0.049512,0.027250,1.000000,0.569628,0.576228,0.001394,0.563830,0.005389,2268,0.247047,0.238052
2015-12-31,SPY,0.047866,-0.067249,0.000000,0.627799,0.590784,-0.000844,0.648936,0.007452,2268,0.247047,0.238052
2015-12-31,QQQ,0.054851,-0.086805,0.000000,0.637619,0.593305,0.002300,0.648936,0.012468,2268,0.247047,0.238052
2015-12-31,IWM,0.052039,-0.109572,0.000000,0.625721,0.590253,0.003897,0.617021,0.007715,2268,0.247047,0.238052
2015-12-31,EFA,0.047528,-0.078167,0.000000,0.582779,0.579474,0.002839,0.521277,0.002858,2268,0.247047,0.238052
2015-12-31,EEM,0.062749,-0.089780,0.000000,0.591176,0.581557,0.011088,0.500000,0.005132,2268,0.247047,0.238052
2015-12-31,SHY,0.002701,0.007291,1.000000,0.793029,0.638742,0.015960,0.670213,0.001888,2268,0.247047,0.238052
2015-12-31,IEF,0.016865,0.038258,1.000000,0.663520,0.600081,0.007441,0.553191,0.005196,2268,0.247047,0.238052
2015-12-31,TLT,0.039943,0.072024,1.000000,0.659148,0.598923,0.008725,0.542553,0.006746,2268,0.247047,0.238052
2015-12-31,AGG,0.009981,0.014243,1.000000,0.630521,0.591480,0.004895,0.585106,0.003690,2268,0.247047,0.238052
2015-12-31,LQD,0.015704,-0.000119,0.000000,0.667039,0.601017,0.010027,0.574468,0.004874,2268,0.247047,0.238052
2015-12-31,HYG,0.025968,-0.028842,0.000000,0.623395,0.589660,-0.005095,0.658228,0.005775,2268,0.247047,0.238052
2015-12-31,GLD,0.040931,0.065346,1.000000,0.698262,0.609529,0.010707,0.563830,0.006355,2268,0.247047,0.238052
2015-12-31,SLV,0.063225,0.032600,1.000000,0.666660,0.600916,0.006519,0.500000,0.005878,2268,0.247047,0.238052
2015-12-31,DBC,0.050435,-0.077844,0.000000,0.581635,0.579190,0.000960,0.473118,0.000366,2268,0.247047,0.238052
2015-12-31,VNQ,0.048468,-0.041515,0.000000,0.579208,0.578590,0.006515,0.563830,0.005389,2268,0.247047,0.238052
2016-01-29,SPY,0.054550,0.022662,1.000000,0.513506,0.458586,-0.013458,0.641509,0.007404,2520,0.696587,-0.203677
2016-01-29,QQQ,0.065269,0.015942,1.000000,0.517940,0.461658,-0.014159,0.632075,0.012446,2520,0.696587,-0.203677
2016-01-29,IWM,0.062537,0.019231,1.000000,0.541152,0.477826,-0.012914,0.613208,0.007481,2520,0.696587,-0.203677
2016-01-29,EFA,0.057064,-0.008111,0.000000,0.464869,0.425136,-0.014450,0.528302,0.002718,2520,0.696587,-0.203677
2016-01-29,EEM,0.072458,0.027151,1.000000,0.430666,0.401764,-0.010830,0.481132,0.002890,2520,0.696587,-0.203677
2016-01-29,SHY,0.002691,-0.000213,0.000000,0.597271,0.517705,-0.005931,0.641509,0.001674,2520,0.696587,-0.203677
2016-01-29,IEF,0.016455,0.006927,1.000000,0.519515,0.462751,-0.000848,0.556604,0.004644,2520,0.696587,-0.203677
2016-01-29,TLT,0.039282,0.012708,1.000000,0.541265,0.477905,0.003733,0.537736,0.005910,2520,0.696587,-0.203677
2016-01-29,AGG,0.009397,0.005849,1.000000,0.552118,0.485522,-0.000783,0.566038,0.003226,2520,0.696587,-0.203677
2016-01-29,LQD,0.014946,0.005009,1.000000,0.581344,0.506252,0.007254,0.566038,0.004178,2520,0.696587,-0.203677
2016-01-29,HYG,0.028129,0.031010,1.000000,0.624942,0.537923,0.000633,0.626374,0.004702,2520,0.696587,-0.203677
2016-01-29,GLD,0.041520,0.101169,1.000000,0.604548,0.522981,0.009106,0.547170,0.004914,2520,0.696587,-0.203677
2016-01-29,SLV,0.062153,0.042678,1.000000,0.574658,0.501478,0.008827,0.490196,0.004665,2520,0.696587,-0.203677
2016-01-29,DBC,0.056079,-0.001565,0.000000,0.488053,0.441032,-0.007769,0.438095,-0.002802,2520,0.696587,-0.203677
2016-01-29,VNQ,0.055310,0.024419,1.000000,0.524922,0.466505,-0.004952,0.575472,0.005646,2520,0.696587,-0.203677
2016-02-29,SPY,0.053988,0.069863,1.000000,0.578284,0.504064,0.002848,0.641509,0.007404,2520,0.696587,-0.203677
2016-02-29,QQQ,0.065264,0.070092,1.000000,0.585061,0.508914,0.004246,0.632075,0.012446,2520,0.696587,-0.203677
2016-02-29,IWM,0.061308,0.077108,1.000000,0.589840,0.512347,0.003567,0.613208,0.007481,2520,0.696587,-0.203677
2016-02-29,EFA,0.057046,0.076450,1.000000,0.557033,0.488984,0.005266,0.528302,0.002718,2520,0.696587,-0.203677
2016-02-29,EEM,0.072687,0.130607,1.000000,0.533763,0.472663,0.007248,0.481132,0.002890,2520,0.696587,-0.203677
2016-02-29,SHY,0.002862,0.000906,1.000000,0.719113,0.610915,0.004639,0.641509,0.001674,2520,0.696587,-0.203677
2016-02-29,IEF,0.016626,-0.004284,0.000000,0.575489,0.502071,0.004566,0.556604,0.004644,2520,0.696587,-0.203677
2016-02-29,TLT,0.040104,-0.007971,0.000000,0.564920,0.494560,0.005568,0.537736,0.005910,2520,0.696587,-0.203677
2016-02-29,AGG,0.009109,0.005561,1.000000,0.561268,0.491975,0.000505,0.566038,0.003226,2520,0.696587,-0.203677
2016-02-29,LQD,0.015169,0.032048,1.000000,0.545664,0.480988,0.001014,0.566038,0.004178,2520,0.696587,-0.203677
2016-02-29,HYG,0.029146,0.024090,1.000000,0.541175,0.477842,-0.003614,0.626374,0.004702,2520,0.696587,-0.203677
2016-02-29,GLD,0.052065,-0.012980,0.000000,0.538778,0.476165,-0.005102,0.547170,0.004914,2520,0.696587,-0.203677
2016-02-29,SLV,0.064609,0.020423,1.000000,0.634966,0.545360,0.010525,0.490196,0.004665,2520,0.696587,-0.203677
2016-02-29,DBC,0.057897,0.043922,1.000000,0.487802,0.440860,-0.001273,0.438095,-0.002802,2520,0.696587,-0.203677
2016-02-29,VNQ,0.055726,0.097931,1.000000,0.528134,0.468740,0.002478,0.575472,0.005646,2520,0.696587,-0.203677
2016-03-31,SPY,0.048361,0.003941,1.000000,0.576792,0.502999,0.010811,0.641509,0.007404,2520,0.696587,-0.203677
2016-03-31,QQQ,0.058768,-0.031868,0.000000,0.580309,0.505511,0.014124,0.632075,0.012446,2520,0.696587,-0.203677
2016-03-31,IWM,0.060613,0.016722,1.000000,0.588665,0.511502,0.007353,0.613208,0.007481,2520,0.696587,-0.203677
2016-03-31,EFA,0.053870,0.022218,1.000000,0.589313,0.511967,0.014702,0.528302,0.002718,2520,0.696587,-0.203677
2016-03-31,EEM,0.069921,0.004088,1.000000,0.541181,0.477847,0.017762,0.481132,0.002890,2520,0.696587,-0.203677
2016-03-31,SHY,0.003115,0.000365,1.000000,0.590073,0.512514,-0.003437,0.641509,0.001674,2520,0.696587,-0.203677
2016-03-31,IEF,0.016496,-0.001561,0.000000,0.473468,0.431024,-0.000597,0.556604,0.004644,2520,0.696587,-0.203677
2016-03-31,TLT,0.037986,-0.007365,0.000000,0.487133,0.440401,0.004974,0.537736,0.005910,2520,0.696587,-0.203677
2016-03-31,AGG,0.008984,0.002549,1.000000,0.500502,0.449602,-0.004808,0.566038,0.003226,2520,0.696587,-0.203677
2016-03-31,LQD,0.014985,0.015546,1.000000,0.511160,0.456963,-0.002118,0.566038,0.004178,2520,0.696587,-0.203677
2016-03-31,HYG,0.028641,0.031226,1.000000,0.649350,0.556149,0.004742,0.626374,0.004702,2520,0.696587,-0.203677
2016-03-31,GLD,0.052373,0.051088,1.000000,0.598030,0.518255,0.002497,0.547170,0.004914,2520,0.696587,-0.203677
2016-03-31,SLV,0.065416,0.156676,1.000000,0.577441,0.503462,0.002659,0.490196,0.004665,2520,0.696587,-0.203677
2016-03-31,DBC,0.054558,0.097066,1.000000,0.632686,0.543662,0.014668,0.438095,-0.002802,2520,0.696587,-0.203677
2016-03-31,VNQ,0.053680,-0.023508,0.000000,0.503300,0.451532,0.005697,0.575472,0.005646,2520,0.696587,-0.203677
2016-04-29,SPY,0.043213,0.017012,1.000000,0.664488,0.567668,0.011469,0.641509,0.007404,2520,0.696587,-0.203677
2016-04-29,QQQ,0.053373,0.043700,1.000000,0.758119,0.643847,0.017514,0.632075,0.012446,2520,0.696587,-0.203677
2016-04-29,IWM,0.055338,0.022404,1.000000,0.650906,0.557325,0.012663,0.613208,0.007481,2520,0.696587,-0.203677
2016-04-29,EFA,0.052317,-0.000856,0.000000,0.583436,0.507749,0.007445,0.528302,0.002718,2520,0.696587,-0.203677
2016-04-29,EEM,0.065094,-0.036930,0.000000,0.556919,0.488904,0.012475,0.481132,0.002890,2520,0.696587,-0.203677
2016-04-29,SHY,0.002821,-0.001190,0.000000,0.647870,0.555032,0.004061,0.641509,0.001674,2520,0.696587,-0.203677
2016-04-29,IEF,0.015472,-0.000992,0.000000,0.591657,0.513654,0.006917,0.556604,0.004644,2520,0.696587,-0.203677
2016-04-29,TLT,0.035597,0.008054,1.000000,0.572484,0.499930,0.007017,0.537736,0.005910,2520,0.696587,-0.203677
2016-04-29,AGG,0.008385,0.000136,1.000000,0.584635,0.508609,0.002899,0.566038,0.003226,2520,0.696587,-0.203677
2016-04-29,LQD,0.014124,-0.005125,0.000000,0.481037,0.436214,-0.001780,0.566038,0.004178,2520,0.696587,-0.203677
2016-04-29,HYG,0.025985,0.001702,1.000000,0.583579,0.507851,0.002483,0.626374,0.004702,2520,0.696587,-0.203677
2016-04-29,GLD,0.051137,-0.061383,0.000000,0.440005,0.408142,-0.002865,0.547170,0.004914,2520,0.696587,-0.203677
2016-04-29,SLV,0.068494,-0.105418,0.000000,0.463683,0.424324,-0.006281,0.490196,0.004665,2520,0.696587,-0.203677
2016-04-29,DBC,0.054621,0.008916,1.000000,0.482789,0.437417,-0.001001,0.438095,-0.002802,2520,0.696587,-0.203677
2016-04-29,VNQ,0.048847,0.022485,1.000000,0.648140,0.555236,0.013011,0.575472,0.005646,2520,0.696587,-0.203677
2016-05-31,SPY,0.039891,-0.010033,0.000000,0.559427,0.490674,-0.002363,0.641509,0.007404,2520,0.696587,-0.203677
2016-05-31,QQQ,0.049474,-0.033957,0.000000,0.553158,0.486254,-0.001097,0.632075,0.012446,2520,0.696587,-0.203677
2016-05-31,IWM,0.052805,-0.018435,0.000000,0.552989,0.486135,-0.001345,0.613208,0.007481,2520,0.696587,-0.203677
2016-05-31,EFA,0.048658,-0.038529,0.000000,0.528385,0.468915,0.004500,0.528302,0.002718,2520,0.696587,-0.203677
2016-05-31,EEM,0.060968,0.035245,1.000000,0.480362,0.435751,0.004139,0.481132,0.002890,2520,0.696587,-0.203677
2016-05-31,SHY,0.002808,0.005555,1.000000,0.721253,0.612672,0.007747,0.641509,0.001674,2520,0.696587,-0.203677
2016-05-31,IEF,0.014895,0.028594,1.000000,0.628158,0.540302,0.008288,0.556604,0.004644,2520,0.696587,-0.203677
2016-05-31,TLT,0.033723,0.065415,1.000000,0.587000,0.510305,0.006906,0.537736,0.005910,2520,0.696587,-0.203677
2016-05-31,AGG,0.007869,0.017270,1.000000,0.641377,0.550151,0.006776,0.566038,0.003226,2520,0.696587,-0.203677
2016-05-31,LQD,0.013454,0.027331,1.000000,0.615433,0.530926,0.005212,0.566038,0.004178,2520,0.696587,-0.203677
2016-05-31,HYG,0.023379,0.011080,1.000000,0.628963,0.540899,0.006333,0.626374,0.004702,2520,0.696587,-0.203677
2016-05-31,GLD,0.047575,0.084267,1.000000,0.654007,0.559674,0.017027,0.547170,0.004914,2520,0.696587,-0.203677
2016-05-31,SLV,0.066242,0.143516,1.000000,0.633443,0.544226,0.011836,0.490196,0.004665,2520,0.696587,-0.203677
2016-05-31,DBC,0.053280,0.049626,1.000000,0.507115,0.454166,0.000850,0.438095,-0.002802,2520,0.696587,-0.203677
2016-05-31,VNQ,0.048405,0.058311,1.000000,0.591927,0.513849,0.002935,0.575472,0.005646,2520,0.696587,-0.203677
2016-06-30,SPY,0.045327,0.035612,1.000000,0.589819,0.512331,-0.008382,0.641509,0.007404,2520,0.696587,-0.203677
2016-06-30,QQQ,0.053919,0.077180,1.000000,0.589959,0.512432,-0.006879,0.632075,0.012446,2520,0.696587,-0.203677
2016-06-30,IWM,0.059206,0.059623,1.000000,0.611774,0.528248,-0.005826,0.613208,0.007481,2520,0.696587,-0.203677
2016-06-30,EFA,0.075012,0.032963,1.000000,0.449956,0.414939,-0.019888,0.528302,0.002718,2520,0.696587,-0.203677
2016-06-30,EEM,0.071944,0.051804,1.000000,0.483655,0.438011,-0.005137,0.481132,0.002890,2520,0.696587,-0.203677
2016-06-30,SHY,0.003095,-0.000809,0.000000,0.635268,0.545585,-0.004007,0.641509,0.001674,2520,0.696587,-0.203677
2016-06-30,IEF,0.017460,-0.001015,0.000000,0.560502,0.491434,0.000115,0.556604,0.004644,2520,0.696587,-0.203677
2016-06-30,TLT,0.038583,0.009954,1.000000,0.535754,0.474052,0.002061,0.537736,0.005910,2520,0.696587,-0.203677
2016-06-30,AGG,0.008726,0.003101,1.000000,0.546300,0.481434,-0.004068,0.566038,0.003226,2520,0.696587,-0.203677
2016-06-30,LQD,0.013717,0.007207,1.000000,0.522246,0.464646,-0.002051,0.566038,0.004178,2520,0.696587,-0.203677
2016-06-30,HYG,0.027212,0.007448,1.000000,0.625394,0.538257,-0.005079,0.626374,0.004702,2520,0.696587,-0.203677
2016-06-30,GLD,0.054370,0.021744,1.000000,0.567889,0.496665,0.002317,0.547170,0.004914,2520,0.696587,-0.203677
2016-06-30,SLV,0.069336,0.087906,1.000000,0.494649,0.445570,0.007609,0.490196,0.004665,2520,0.696587,-0.203677
2016-06-30,DBC,0.053256,-0.085994,0.000000,0.536986,0.474913,0.005310,0.438095,-0.002802,2520,0.696587,-0.203677
2016-06-30,VNQ,0.044517,0.044886,1.000000,0.496024,0.446517,0.002909,0.575472,0.005646,2520,0.696587,-0.203677
2016-07-29,SPY,0.039892,0.005711,1.000000,0.606345,0.524288,0.009749,0.641509,0.007404,2520,0.696587,-0.203677
2016-07-29,QQQ,0.047792,0.014840,1.000000,0.594905,0.515996,0.011790,0.632075,0.012446,2520,0.696587,-0.203677
2016-07-29,IWM,0.053530,0.021723,1.000000,0.627900,0.540111,0.012430,0.613208,0.007481,2520,0.696587,-0.203677
2016-07-29,EFA,0.066392,0.008787,1.000000,0.518959,0.462365,0.010136,0.528302,0.002718,2520,0.696587,-0.203677
2016-07-29,EEM,0.065124,0.022922,1.000000,0.507947,0.454741,0.008919,0.481132,0.002890,2520,0.696587,-0.203677
2016-07-29,SHY,0.002976,-0.002336,0.000000,0.652370,0.558433,0.001538,0.641509,0.001674,2520,0.696587,-0.203677
2016-07-29,IEF,0.016551,-0.008874,0.000000,0.546592,0.481638,0.002518,0.556604,0.004644,2520,0.696587,-0.203677
2016-07-29,TLT,0.038590,-0.007728,0.000000,0.515692,0.460100,0.001636,0.537736,0.005910,2520,0.696587,-0.203677
2016-07-29,AGG,0.008713,-0.001445,0.000000,0.558853,0.490269,-0.000631,0.566038,0.003226,2520,0.696587,-0.203677
2016-07-29,LQD,0.013691,0.003501,1.000000,0.552300,0.485649,0.001352,0.566038,0.004178,2520,0.696587,-0.203677
2016-07-29,HYG,0.025149,0.023087,1.000000,0.699507,0.595056,0.012459,0.626374,0.004702,2520,0.696587,-0.203677
2016-07-29,GLD,0.051562,-0.020778,0.000000,0.562918,0.493142,0.006385,0.547170,0.004914,2520,0.696587,-0.203677
2016-07-29,SLV,0.075023,-0.074935,0.000000,0.535699,0.474014,0.007191,0.490196,0.004665,2520,0.696587,-0.203677
2016-07-29,DBC,0.053136,0.037115,1.000000,0.574086,0.501071,0.004181,0.438095,-0.002802,2520,0.696587,-0.203677
2016-07-29,VNQ,0.041734,-0.036777,0.000000,0.500549,0.449635,0.006407,0.575472,0.005646,2520,0.696587,-0.203677
2016-08-31,SPY,0.033829,0.000058,1.000000,0.692245,0.589283,0.021078,0.641509,0.007404,2520,0.696587,-0.203677
2016-08-31,QQQ,0.040370,0.022135,1.000000,0.691492,0.588687,0.022976,0.632075,0.012446,2520,0.696587,-0.203677
2016-08-31,IWM,0.046883,0.010739,1.000000,0.644862,0.552767,0.017821,0.613208,0.007481,2520,0.696587,-0.203677
2016-08-31,EFA,0.055615,0.013368,1.000000,0.609386,0.526504,0.020968,0.528302,0.002718,2520,0.696587,-0.203677
2016-08-31,EEM,0.056821,0.025185,1.000000,0.629081,0.540986,0.022430,0.481132,0.002890,2520,0.696587,-0.203677
2016-08-31,SHY,0.002869,0.001295,1.000000,0.731895,0.621490,0.011429,0.641509,0.001674,2520,0.696587,-0.203677
2016-08-31,IEF,0.015446,0.002374,1.000000,0.626583,0.539136,0.012192,0.556604,0.004644,2520,0.696587,-0.203677
2016-08-31,TLT,0.036485,-0.015084,0.000000,0.528868,0.469251,0.008789,0.537736,0.005910,2520,0.696587,-0.203677
2016-08-31,AGG,0.008586,0.000516,1.000000,0.619082,0.533605,0.008113,0.566038,0.003226,2520,0.696587,-0.203677
2016-08-31,LQD,0.014226,-0.003156,0.000000,0.595918,0.516728,0.007934,0.566038,0.004178,2520,0.696587,-0.203677
2016-08-31,HYG,0.022259,0.010785,1.000000,0.660069,0.564287,0.013853,0.626374,0.004702,2520,0.696587,-0.203677
2016-08-31,GLD,0.045189,0.006892,1.000000,0.677880,0.578011,0.017809,0.547170,0.004914,2520,0.696587,-0.203677
2016-08-31,SLV,0.069393,0.027088,1.000000,0.587977,0.511007,0.013647,0.490196,0.004665,2520,0.696587,-0.203677
2016-08-31,DBC,0.050973,0.043086,1.000000,0.626398,0.538999,0.016247,0.438095,-0.002802,2520,0.696587,-0.203677
2016-08-31,VNQ,0.038144,-0.018326,0.000000,0.631476,0.542763,0.015291,0.575472,0.005646,2520,0.696587,-0.203677
2016-09-30,SPY,0.035674,-0.017337,0.000000,0.603795,0.522434,-0.002948,0.641509,0.007404,2520,0.696587,-0.203677
2016-09-30,QQQ,0.041163,-0.014572,0.000000,0.600790,0.520253,-0.000984,0.632075,0.012446,2520,0.696587,-0.203677
2016-09-30,IWM,0.048868,-0.045971,0.000000,0.614278,0.530080,-0.000004,0.613208,0.007481,2520,0.696587,-0.203677
2016-09-30,EFA,0.053212,-0.022155,0.000000,0.553284,0.486343,-0.001921,0.528302,0.002718,2520,0.696587,-0.203677
2016-09-30,EEM,0.060777,-0.008278,0.000000,0.521769,0.464315,-0.001987,0.481132,0.002890,2520,0.696587,-0.203677
2016-09-30,SHY,0.002669,-0.000482,0.000000,0.680025,0.579683,0.010662,0.641509,0.001674,2520,0.696587,-0.203677
2016-09-30,IEF,0.014301,-0.014947,0.000000,0.555358,0.487803,0.009088,0.556604,0.004644,2520,0.696587,-0.203677
2016-09-30,TLT,0.035387,-0.043806,0.000000,0.537798,0.475480,0.007976,0.537736,0.005910,2520,0.696587,-0.203677
2016-09-30,AGG,0.008368,-0.008172,0.000000,0.596510,0.517156,0.006667,0.566038,0.003226,2520,0.696587,-0.203677
2016-09-30,LQD,0.014027,-0.015286,0.000000,0.586429,0.509895,0.006808,0.566038,0.004178,2520,0.696587,-0.203677
2016-09-30,HYG,0.021767,-0.009830,0.000000,0.624030,0.537250,0.000869,0.626374,0.004702,2520,0.696587,-0.203677
2016-09-30,GLD,0.040960,-0.029449,0.000000,0.640335,0.549370,0.014809,0.547170,0.004914,2520,0.696587,-0.203677
2016-09-30,SLV,0.069898,-0.067582,0.000000,0.586734,0.510114,0.012501,0.490196,0.004665,2520,0.696587,-0.203677
2016-09-30,DBC,0.049923,-0.003331,0.000000,0.486450,0.439931,0.000595,0.438095,-0.002802,2520,0.696587,-0.203677
2016-09-30,VNQ,0.045749,-0.057413,0.000000,0.565901,0.495255,0.002071,0.575472,0.005646,2520,0.696587,-0.203677
2016-10-31,SPY,0.031520,0.036838,1.000000,0.672019,0.573466,0.016807,0.641509,0.007404,2520,0.696587,-0.203677
2016-10-31,QQQ,0.037104,0.004359,1.000000,0.716846,0.609060,0.019411,0.632075,0.012446,2520,0.696587,-0.203677
2016-10-31,IWM,0.044656,0.110633,1.000000,0.674645,0.575499,0.016091,0.613208,0.007481,2520,0.696587,-0.203677
2016-10-31,EFA,0.045823,-0.017814,0.000000,0.587265,0.510495,0.012612,0.528302,0.002718,2520,0.696587,-0.203677
2016-10-31,EEM,0.055500,-0.044157,0.000000,0.567668,0.496509,0.011307,0.481132,0.002890,2520,0.696587,-0.203677
2016-10-31,SHY,0.002448,-0.004700,0.000000,0.615276,0.530811,0.002709,0.641509,0.001674,2520,0.696587,-0.203677
2016-10-31,IEF,0.012962,-0.042272,0.000000,0.637260,0.547071,0.016208,0.556604,0.004644,2520,0.696587,-0.203677
2016-10-31,TLT,0.033086,-0.082137,0.000000,0.613664,0.529631,0.014886,0.537736,0.005910,2520,0.696587,-0.203677
2016-10-31,AGG,0.007841,-0.025655,0.000000,0.653844,0.559551,0.013987,0.566038,0.003226,2520,0.696587,-0.203677
2016-10-31,LQD,0.013430,-0.031676,0.000000,0.683076,0.582066,0.016808,0.566038,0.004178,2520,0.696587,-0.203677
2016-10-31,HYG,0.019455,0.000187,1.000000,0.786924,0.669606,0.020508,0.626374,0.004702,2520,0.696587,-0.203677
2016-10-31,GLD,0.039973,-0.083566,0.000000,0.516403,0.460593,-0.004109,0.547170,0.004914,2520,0.696587,-0.203677
2016-10-31,SLV,0.067745,-0.077195,0.000000,0.480056,0.435541,-0.003421,0.490196,0.004665,2520,0.696587,-0.203677
2016-10-31,DBC,0.044681,0.016711,1.000000,0.678046,0.578141,0.012846,0.438095,-0.002802,2520,0.696587,-0.203677
2016-10-31,VNQ,0.047112,-0.016756,0.000000,0.598617,0.518679,0.007417,0.575472,0.005646,2520,0.696587,-0.203677
2016-11-30,SPY,0.030956,0.020272,1.000000,0.621705,0.535535,0.006035,0.641509,0.007404,2520,0.696587,-0.203677
2016-11-30,QQQ,0.038611,0.011323,1.000000,0.643568,0.551795,0.009350,0.632075,0.012446,2520,0.696587,-0.203677
2016-11-30,IWM,0.048435,0.028844,1.000000,0.647386,0.554667,0.009793,0.613208,0.007481,2520,0.696587,-0.203677
2016-11-30,EFA,0.041610,0.027063,1.000000,0.553260,0.486325,0.005525,0.528302,0.002718,2520,0.696587,-0.203677
2016-11-30,EEM,0.059673,-0.002527,0.000000,0.463986,0.424531,-0.003773,0.481132,0.002890,2520,0.696587,-0.203677
2016-11-30,SHY,0.002516,0.000723,1.000000,0.744276,0.631927,0.014633,0.641509,0.001674,2520,0.696587,-0.203677
2016-11-30,IEF,0.016090,-0.001185,0.000000,0.679499,0.579272,0.014053,0.556604,0.004644,2520,0.696587,-0.203677
2016-11-30,TLT,0.040625,-0.004626,0.000000,0.616529,0.531730,0.006534,0.537736,0.005910,2520,0.696587,-0.203677
2016-11-30,AGG,0.010265,0.002541,1.000000,0.688013,0.585943,0.011986,0.566038,0.003226,2520,0.696587,-0.203677
2016-11-30,LQD,0.015884,0.008392,1.000000,0.667192,0.569744,0.010889,0.566038,0.004178,2520,0.696587,-0.203677
2016-11-30,HYG,0.023187,0.018389,1.000000,0.636248,0.546316,0.000600,0.626374,0.004702,2520,0.696587,-0.203677
2016-11-30,GLD,0.042230,-0.019150,0.000000,0.671082,0.572742,0.013389,0.547170,0.004914,2520,0.696587,-0.203677
2016-11-30,SLV,0.071747,-0.035121,0.000000,0.586496,0.509943,0.005858,0.490196,0.004665,2520,0.696587,-0.203677
2016-11-30,DBC,0.050607,0.041420,1.000000,0.433233,0.403517,-0.015557,0.438095,-0.002802,2520,0.696587,-0.203677
2016-11-30,VNQ,0.049343,0.048171,1.000000,0.525844,0.467147,0.004241,0.575472,0.005646,2520,0.696587,-0.203677
2016-12-30,SPY,0.028667,0.018297,1.000000,0.682599,0.581694,0.013508,0.641509,0.007404,2520,0.696587,-0.203677
2016-12-30,QQQ,0.036518,0.058660,1.000000,0.704104,0.598738,0.017864,0.632075,0.012446,2520,0.696587,-0.203677
2016-12-30,IWM,0.045519,0.002225,1.000000,0.679652,0.579392,0.016563,0.613208,0.007481,2520,0.696587,-0.203677
2016-12-30,EFA,0.037942,0.037069,1.000000,0.571957,0.499556,0.003073,0.528302,0.002718,2520,0.696587,-0.203677
2016-12-30,EEM,0.056300,0.067124,1.000000,0.509031,0.455490,0.004491,0.481132,0.002890,2520,0.696587,-0.203677
2016-12-30,SHY,0.002607,0.000722,1.000000,0.608246,0.525673,-0.000562,0.641509,0.001674,2520,0.696587,-0.203677
2016-12-30,IEF,0.015757,0.000273,1.000000,0.531149,0.470840,0.003683,0.556604,0.004644,2520,0.696587,-0.203677
2016-12-30,TLT,0.037737,0.001909,1.000000,0.522887,0.465091,0.006893,0.537736,0.005910,2520,0.696587,-0.203677
2016-12-30,AGG,0.010211,0.000719,1.000000,0.521310,0.463997,0.001459,0.566038,0.003226,2520,0.696587,-0.203677
2016-12-30,LQD,0.015539,0.000218,1.000000,0.489703,0.442167,0.000815,0.566038,0.004178,2520,0.696587,-0.203677
2016-12-30,HYG,0.020772,0.012864,1.000000,0.621279,0.535222,0.006295,0.626374,0.004702,2520,0.696587,-0.203677
2016-12-30,GLD,0.039414,0.050999,1.000000,0.600543,0.520074,0.008298,0.547170,0.004914,2520,0.696587,-0.203677
2016-12-30,SLV,0.069526,0.099272,1.000000,0.594841,0.515950,0.005198,0.490196,0.004665,2520,0.696587,-0.203677
2016-12-30,DBC,0.045576,0.005051,1.000000,0.445690,0.412024,-0.004906,0.438095,-0.002802,2520,0.696587,-0.203677
2016-12-30,VNQ,0.048976,-0.013935,0.000000,0.537553,0.475309,0.000737,0.575472,0.005646,2520,0.696587,-0.203677
2017-01-31,SPY,0.026227,0.047202,1.000000,0.645076,0.551708,0.009829,0.644068,0.007412,2772,0.969526,-0.371683
2017-01-31,QQQ,0.033036,0.049851,1.000000,0.619689,0.525395,0.012348,0.627119,0.011837,2772,0.969526,-0.371683
2017-01-31,IWM,0.044207,0.026030,1.000000,0.634406,0.540582,0.008800,0.618644,0.007787,2772,0.969526,-0.371683
2017-01-31,EFA,0.034400,0.015764,1.000000,0.571976,0.477366,0.007396,0.516949,0.002256,2772,0.969526,-0.371683
2017-01-31,EEM,0.050434,0.014997,1.000000,0.506770,0.414492,0.007435,0.491525,0.003297,2772,0.969526,-0.371683
2017-01-31,SHY,0.002613,-0.001481,0.000000,0.607045,0.512490,-0.000225,0.618644,0.001544,2772,0.969526,-0.371683
2017-01-31,IEF,0.015940,-0.002646,0.000000,0.587238,0.492534,0.005654,0.533898,0.004143,2772,0.969526,-0.371683
2017-01-31,TLT,0.036935,-0.004771,0.000000,0.595875,0.501198,0.008229,0.525424,0.005281,2772,0.969526,-0.371683
2017-01-31,AGG,0.010176,-0.000125,0.000000,0.607279,0.512728,0.004986,0.576271,0.002977,2772,0.969526,-0.371683
2017-01-31,LQD,0.015296,0.005679,1.000000,0.639234,0.545605,0.007945,0.559322,0.003947,2772,0.969526,-0.371683
2017-01-31,HYG,0.018160,0.015826,1.000000,0.637325,0.543616,0.011513,0.640777,0.004944,2772,0.969526,-0.371683
2017-01-31,GLD,0.038292,0.017568,1.000000,0.523212,0.430061,0.001526,0.542373,0.005410,2772,0.969526,-0.371683
2017-01-31,SLV,0.065146,0.010222,1.000000,0.432848,0.346675,-0.000971,0.500000,0.005653,2772,0.969526,-0.371683
2017-01-31,DBC,0.042843,-0.013333,0.000000,0.537748,0.443983,0.003546,0.452991,-0.001966,2772,0.969526,-0.371683
2017-01-31,VNQ,0.044676,0.026345,1.000000,0.662063,0.569626,0.010793,0.567797,0.005758,2772,0.969526,-0.371683
2017-02-28,SPY,0.023750,0.000401,1.000000,0.570702,0.476107,0.005374,0.644068,0.007412,2772,0.969526,-0.371683
2017-02-28,QQQ,0.029339,0.019267,1.000000,0.564410,0.469911,0.009393,0.627119,0.011837,2772,0.969526,-0.371683
2017-02-28,IWM,0.041798,-0.008835,0.000000,0.662810,0.570420,0.012514,0.618644,0.007787,2772,0.969526,-0.371683
2017-02-28,EFA,0.030342,0.037454,1.000000,0.562766,0.468298,0.006848,0.516949,0.002256,2772,0.969526,-0.371683
2017-02-28,EEM,0.045370,0.049750,1.000000,0.591023,0.496323,0.010279,0.491525,0.003297,2772,0.969526,-0.371683
2017-02-28,SHY,0.002599,0.000758,1.000000,0.713684,0.625704,0.008946,0.618644,0.001544,2772,0.969526,-0.371683
2017-02-28,IEF,0.015342,0.001658,1.000000,0.568513,0.473949,0.006254,0.533898,0.004143,2772,0.969526,-0.371683
2017-02-28,TLT,0.034951,-0.001366,0.000000,0.537141,0.443398,0.004670,0.525424,0.005281,2772,0.969526,-0.371683
2017-02-28,AGG,0.009736,0.000553,1.000000,0.576241,0.481587,0.003897,0.576271,0.002977,2772,0.969526,-0.371683
2017-02-28,LQD,0.014181,-0.001344,0.000000,0.528589,0.435194,0.001996,0.559322,0.003947,2772,0.969526,-0.371683
2017-02-28,HYG,0.015803,-0.005756,0.000000,0.527657,0.434303,-0.000199,0.640777,0.004944,2772,0.969526,-0.371683
2017-02-28,GLD,0.035112,0.000839,1.000000,0.531585,0.438063,0.003507,0.542373,0.005410,2772,0.969526,-0.371683
2017-02-28,SLV,0.057928,-0.006909,0.000000,0.470235,0.380541,0.003969,0.500000,0.005653,2772,0.969526,-0.371683
2017-02-28,DBC,0.038580,-0.038168,0.000000,0.555132,0.460830,0.004672,0.452991,-0.001966,2772,0.969526,-0.371683
2017-02-28,VNQ,0.041052,-0.031798,0.000000,0.553287,0.459031,0.004940,0.567797,0.005758,2772,0.969526,-0.371683
2017-03-31,SPY,0.023528,0.012853,1.000000,0.678251,0.586942,0.009950,0.644068,0.007412,2772,0.969526,-0.371683
2017-03-31,QQQ,0.027372,0.038147,1.000000,0.574733,0.480092,0.004892,0.627119,0.011837,2772,0.969526,-0.371683
2017-03-31,IWM,0.041602,0.012147,1.000000,0.592191,0.497495,0.004871,0.618644,0.007787,2772,0.969526,-0.371683
2017-03-31,EFA,0.028606,0.033713,1.000000,0.555364,0.461056,0.003622,0.516949,0.002256,2772,0.969526,-0.371683
2017-03-31,EEM,0.044830,0.030211,1.000000,0.573957,0.479324,0.005031,0.491525,0.003297,2772,0.969526,-0.371683
2017-03-31,SHY,0.002669,0.001539,1.000000,0.648085,0.554864,0.002244,0.618644,0.001544,2772,0.969526,-0.371683
2017-03-31,IEF,0.015109,0.010993,1.000000,0.558532,0.464151,0.004609,0.533898,0.004143,2772,0.969526,-0.371683
2017-03-31,TLT,0.033326,0.012446,1.000000,0.548804,0.454672,0.006658,0.525424,0.005281,2772,0.969526,-0.371683
2017-03-31,AGG,0.009872,0.007857,1.000000,0.595962,0.501285,0.003742,0.576271,0.002977,2772,0.969526,-0.371683
2017-03-31,LQD,0.014398,0.011734,1.000000,0.583646,0.488948,0.001964,0.559322,0.003947,2772,0.969526,-0.371683
2017-03-31,HYG,0.017484,0.009019,1.000000,0.628534,0.534501,-0.004129,0.640777,0.004944,2772,0.969526,-0.371683
2017-03-31,GLD,0.033225,0.007834,1.000000,0.555190,0.460886,0.002738,0.542373,0.005410,2772,0.969526,-0.371683
2017-03-31,SLV,0.057441,-0.076522,0.000000,0.443321,0.356075,-0.004826,0.500000,0.005653,2772,0.969526,-0.371683
2017-03-31,DBC,0.036830,-0.035503,0.000000,0.458185,0.369532,-0.005221,0.452991,-0.001966,2772,0.969526,-0.371683
2017-03-31,VNQ,0.039048,0.006660,1.000000,0.548712,0.454582,-0.001207,0.567797,0.005758,2772,0.969526,-0.371683
2017-04-28,SPY,0.023033,0.014365,1.000000,0.613917,0.519488,0.006667,0.644068,0.007412,2772,0.969526,-0.371683
2017-04-28,QQQ,0.026204,0.039341,1.000000,0.543743,0.449768,0.003561,0.627119,0.011837,2772,0.969526,-0.371683
2017-04-28,IWM,0.041204,-0.018697,0.000000,0.627148,0.533070,0.010980,0.618644,0.007787,2772,0.969526,-0.371683
2017-04-28,EFA,0.029963,0.034169,1.000000,0.506424,0.414166,-0.002094,0.516949,0.002256,2772,0.969526,-0.371683
2017-04-28,EEM,0.041526,0.036445,1.000000,0.493335,0.401906,0.000944,0.491525,0.003297,2772,0.969526,-0.371683
2017-04-28,SHY,0.002766,0.000614,1.000000,0.677771,0.586425,0.003177,0.618644,0.001544,2772,0.969526,-0.371683
2017-04-28,IEF,0.014699,0.007798,1.000000,0.592366,0.497670,0.005954,0.533898,0.004143,2772,0.969526,-0.371683
2017-04-28,TLT,0.032051,0.016340,1.000000,0.610626,0.516132,0.009382,0.525424,0.005281,2772,0.969526,-0.371683
2017-04-28,AGG,0.009680,0.005861,1.000000,0.599202,0.504551,0.003197,0.576271,0.002977,2772,0.969526,-0.371683
2017-04-28,LQD,0.013950,0.012152,1.000000,0.595019,0.500336,0.003634,0.559322,0.003947,2772,0.969526,-0.371683
2017-04-28,HYG,0.015480,0.010428,1.000000,0.579517,0.484838,0.003684,0.640777,0.004944,2772,0.969526,-0.371683
2017-04-28,GLD,0.031575,-0.005217,0.000000,0.619847,0.525557,0.008064,0.542373,0.005410,2772,0.969526,-0.371683
2017-04-28,SLV,0.052972,0.010429,1.000000,0.681683,0.590644,0.018922,0.500000,0.005653,2772,0.969526,-0.371683
2017-04-28,DBC,0.034885,-0.003378,0.000000,0.647288,0.554027,0.010444,0.452991,-0.001966,2772,0.969526,-0.371683
2017-04-28,VNQ,0.036002,-0.007851,0.000000,0.720277,0.633051,0.020800,0.567797,0.005758,2772,0.969526,-0.371683
2017-05-31,SPY,0.022742,0.004502,1.000000,0.638002,0.544321,0.006393,0.644068,0.007412,2772,0.969526,-0.371683
2017-05-31,QQQ,0.028223,-0.023534,0.000000,0.586792,0.492088,0.005208,0.627119,0.011837,2772,0.969526,-0.371683
2017-05-31,IWM,0.039105,0.035358,1.000000,0.685295,0.594552,0.011193,0.618644,0.007787,2772,0.969526,-0.371683
2017-05-31,EFA,0.028617,0.002345,1.000000,0.543163,0.449207,0.007408,0.516949,0.002256,2772,0.969526,-0.371683
2017-05-31,EEM,0.041572,0.004633,1.000000,0.588069,0.493365,0.009795,0.491525,0.003297,2772,0.969526,-0.371683
2017-05-31,SHY,0.002607,-0.000781,0.000000,0.624131,0.529960,0.001755,0.618644,0.001544,2772,0.969526,-0.371683
2017-05-31,IEF,0.013760,-0.002763,0.000000,0.514474,0.421764,0.002555,0.533898,0.004143,2772,0.969526,-0.371683
2017-05-31,TLT,0.029525,0.010255,1.000000,0.524055,0.430865,0.008491,0.525424,0.005281,2772,0.969526,-0.371683
2017-05-31,AGG,0.009196,0.001095,1.000000,0.529776,0.436330,0.000166,0.576271,0.002977,2772,0.969526,-0.371683
2017-05-31,LQD,0.012917,0.005636,1.000000,0.512992,0.420363,0.001149,0.559322,0.003947,2772,0.969526,-0.371683
2017-05-31,HYG,0.013877,-0.001053,0.000000,0.576372,0.481716,0.002851,0.640777,0.004944,2772,0.969526,-0.371683
2017-05-31,GLD,0.031607,-0.019068,0.000000,0.544244,0.450253,0.003484,0.542373,0.005410,2772,0.969526,-0.371683
2017-05-31,SLV,0.051670,-0.040268,0.000000,0.508180,0.415820,0.009076,0.500000,0.005653,2772,0.969526,-0.371683
2017-05-31,DBC,0.039708,-0.029472,0.000000,0.556551,0.462214,-0.001581,0.452991,-0.001966,2772,0.969526,-0.371683
2017-05-31,VNQ,0.033501,0.022326,1.000000,0.644132,0.550720,0.013839,0.567797,0.005758,2772,0.969526,-0.371683
2017-06-30,SPY,0.022362,0.022829,1.000000,0.733958,0.648440,0.014599,0.644068,0.007412,2772,0.969526,-0.371683
2017-06-30,QQQ,0.035341,0.043011,1.000000,0.738491,0.653581,0.013366,0.627119,0.011837,2772,0.969526,-0.371683
2017-06-30,IWM,0.037921,0.010449,1.000000,0.635617,0.541840,0.007600,0.618644,0.007787,2772,0.969526,-0.371683
2017-06-30,EFA,0.027950,0.032209,1.000000,0.621222,0.526968,0.011133,0.516949,0.002256,2772,0.969526,-0.371683
2017-06-30,EEM,0.039134,0.061368,1.000000,0.600663,0.506026,0.012141,0.491525,0.003297,2772,0.969526,-0.371683
2017-06-30,SHY,0.002410,0.002227,1.000000,0.718954,0.631574,0.010584,0.618644,0.001544,2772,0.969526,-0.371683
2017-06-30,IEF,0.012999,0.006241,1.000000,0.753134,0.670341,0.021144,0.533898,0.004143,2772,0.969526,-0.371683
2017-06-30,TLT,0.028858,0.000392,1.000000,0.684782,0.593996,0.018011,0.525424,0.005281,2772,0.969526,-0.371683
2017-06-30,AGG,0.008547,0.006091,1.000000,0.729304,0.643184,0.015853,0.576271,0.002977,2772,0.969526,-0.371683
2017-06-30,LQD,0.012482,0.011309,1.000000,0.671949,0.580173,0.010593,0.559322,0.003947,2772,0.969526,-0.371683
2017-06-30,HYG,0.013516,0.011195,1.000000,0.683377,0.592476,0.004317,0.640777,0.004944,2772,0.969526,-0.371683
2017-06-30,GLD,0.029360,0.022284,1.000000,0.682269,0.591278,0.018492,0.542373,0.005410,2772,0.969526,-0.371683
2017-06-30,SLV,0.047389,0.005092,1.000000,0.634572,0.540755,0.018537,0.500000,0.005653,2772,0.969526,-0.371683
2017-06-30,DBC,0.040162,0.029066,1.000000,0.402721,0.319992,-0.011039,0.452991,-0.001966,2772,0.969526,-0.371683
2017-06-30,VNQ,0.031213,0.016941,1.000000,0.682969,0.592034,0.015295,0.567797,0.005758,2772,0.969526,-0.371683
2017-07-31,SPY,0.020647,-0.007780,0.000000,0.636340,0.542592,0.010846,0.644068,0.007412,2772,0.969526,-0.371683
2017-07-31,QQQ,0.033531,-0.001816,0.000000,0.668274,0.576242,0.018248,0.627119,0.011837,2772,0.969526,-0.371683
2017-07-31,IWM,0.035169,-0.028408,0.000000,0.679622,0.588419,0.013175,0.618644,0.007787,2772,0.969526,-0.371683
2017-07-31,EFA,0.025181,-0.006723,0.000000,0.523569,0.430402,0.007687,0.516949,0.002256,2772,0.969526,-0.371683
2017-07-31,EEM,0.037543,0.020320,1.000000,0.546060,0.452011,0.010325,0.491525,0.003297,2772,0.969526,-0.371683
2017-07-31,SHY,0.002274,0.001787,1.000000,0.654510,0.561628,0.003046,0.618644,0.001544,2772,0.969526,-0.371683
2017-07-31,IEF,0.012285,0.013826,1.000000,0.571937,0.477327,0.006802,0.533898,0.004143,2772,0.969526,-0.371683
2017-07-31,TLT,0.027673,0.031340,1.000000,0.616676,0.522308,0.011955,0.525424,0.005281,2772,0.969526,-0.371683
2017-07-31,AGG,0.008240,0.008226,1.000000,0.611581,0.517105,0.005281,0.576271,0.002977,2772,0.969526,-0.371683
2017-07-31,LQD,0.012318,0.004206,1.000000,0.603451,0.508846,0.004920,0.559322,0.003947,2772,0.969526,-0.371683
2017-07-31,HYG,0.012211,-0.004766,0.000000,0.614273,0.519851,0.004347,0.640777,0.004944,2772,0.969526,-0.371683
2017-07-31,GLD,0.028796,0.030393,1.000000,0.513833,0.421157,0.002917,0.542373,0.005410,2772,0.969526,-0.371683
2017-07-31,SLV,0.048262,0.032704,1.000000,0.474429,0.384394,0.001027,0.500000,0.005653,2772,0.969526,-0.371683
2017-07-31,DBC,0.039188,-0.015957,0.000000,0.403725,0.320872,-0.008454,0.452991,-0.001966,2772,0.969526,-0.371683
2017-07-31,VNQ,0.032413,-0.013886,0.000000,0.608017,0.513478,0.004435,0.567797,0.005758,2772,0.969526,-0.371683
2017-08-31,SPY,0.022715,0.024576,1.000000,0.619647,0.525352,-0.001545,0.644068,0.007412,2772,0.969526,-0.371683
2017-08-31,QQQ,0.035731,-0.002061,0.000000,0.558594,0.464211,0.000844,0.627119,0.011837,2772,0.969526,-0.371683
2017-08-31,IWM,0.035735,0.076098,1.000000,0.548826,0.454693,-0.003383,0.618644,0.007787,2772,0.969526,-0.371683
2017-08-31,EFA,0.024777,0.022720,1.000000,0.575009,0.480366,0.003880,0.516949,0.002256,2772,0.969526,-0.371683
2017-08-31,EEM,0.036836,-0.000223,0.000000,0.513182,0.420542,0.002795,0.491525,0.003297,2772,0.969526,-0.371683
2017-08-31,SHY,0.002314,-0.001122,0.000000,0.659464,0.566868,0.000954,0.618644,0.001544,2772,0.969526,-0.371683
2017-08-31,IEF,0.011504,-0.015537,0.000000,0.522924,0.429788,0.002401,0.533898,0.004143,2772,0.969526,-0.371683
2017-08-31,TLT,0.026012,-0.025018,0.000000,0.540796,0.446921,0.007300,0.525424,0.005281,2772,0.969526,-0.371683
2017-08-31,AGG,0.007546,-0.005106,0.000000,0.532102,0.438558,0.000727,0.576271,0.002977,2772,0.969526,-0.371683
2017-08-31,LQD,0.011450,0.000440,1.000000,0.537273,0.443525,0.001320,0.559322,0.003947,2772,0.969526,-0.371683
2017-08-31,HYG,0.012414,0.005495,1.000000,0.609394,0.514878,-0.002096,0.640777,0.004944,2772,0.969526,-0.371683
2017-08-31,GLD,0.029263,-0.040137,0.000000,0.504104,0.411985,-0.001573,0.542373,0.005410,2772,0.969526,-0.371683
2017-08-31,SLV,0.051883,-0.058859,0.000000,0.487302,0.396293,-0.001916,0.500000,0.005653,2772,0.969526,-0.371683
2017-08-31,DBC,0.040853,0.011258,1.000000,0.393576,0.311994,-0.013718,0.452991,-0.001966,2772,0.969526,-0.371683
2017-08-31,VNQ,0.032063,-0.002584,0.000000,0.566074,0.471547,0.001319,0.567797,0.005758,2772,0.969526,-0.371683
2017-09-29,SPY,0.020845,0.021972,1.000000,0.574662,0.480022,0.003586,0.644068,0.007412,2772,0.969526,-0.371683
2017-09-29,QQQ,0.033266,0.042145,1.000000,0.633963,0.540122,0.008728,0.627119,0.011837,2772,0.969526,-0.371683
2017-09-29,IWM,0.033978,0.000203,1.000000,0.509829,0.417375,0.001649,0.618644,0.007787,2772,0.969526,-0.371683
2017-09-29,EFA,0.023374,0.012558,1.000000,0.546252,0.452197,0.004265,0.516949,0.002256,2772,0.969526,-0.371683
2017-09-29,EEM,0.036106,0.023209,1.000000,0.615008,0.520602,0.009800,0.491525,0.003297,2772,0.969526,-0.371683
2017-09-29,SHY,0.002242,-0.000320,0.000000,0.755538,0.673113,0.013077,0.618644,0.001544,2772,0.969526,-0.371683
2017-09-29,IEF,0.012204,-0.001232,0.000000,0.709556,0.621125,0.013883,0.533898,0.004143,2772,0.969526,-0.371683
2017-09-29,TLT,0.027777,-0.000707,0.000000,0.691934,0.601767,0.013224,0.525424,0.005281,2772,0.969526,-0.371683
2017-09-29,AGG,0.007559,0.001619,1.000000,0.728566,0.642352,0.013785,0.576271,0.002977,2772,0.969526,-0.371683
2017-09-29,LQD,0.011603,0.003332,1.000000,0.625006,0.530861,0.005897,0.559322,0.003947,2772,0.969526,-0.371683
2017-09-29,HYG,0.010974,0.000622,1.000000,0.559108,0.464714,0.000864,0.640777,0.004944,2772,0.969526,-0.371683
2017-09-29,GLD,0.030966,-0.003701,0.000000,0.706068,0.617269,0.010277,0.542373,0.005410,2772,0.969526,-0.371683
2017-09-29,SLV,0.050461,0.010801,1.000000,0.647167,0.553900,0.009495,0.500000,0.005653,2772,0.969526,-0.371683
2017-09-29,DBC,0.037828,0.037013,1.000000,0.528634,0.435237,-0.000188,0.452991,-0.001966,2772,0.969526,-0.371683
2017-09-29,VNQ,0.030560,-0.010591,0.000000,0.658963,0.566337,0.010022,0.567797,0.005758,2772,0.969526,-0.371683
2017-10-31,SPY,0.019248,0.030566,1.000000,0.585316,0.490613,0.006470,0.644068,0.007412,2772,0.969526,-0.371683
2017-10-31,QQQ,0.033590,0.019718,1.000000,0.551242,0.457041,0.003214,0.627119,0.011837,2772,0.969526,-0.371683
2017-10-31,IWM,0.031008,0.029412,1.000000,0.635958,0.542195,0.010096,0.618644,0.007787,2772,0.969526,-0.371683
2017-10-31,EFA,0.020881,0.006893,1.000000,0.505670,0.413457,0.003974,0.516949,0.002256,2772,0.969526,-0.371683
2017-10-31,EEM,0.035059,-0.003890,0.000000,0.566958,0.472417,0.008506,0.491525,0.003297,2772,0.969526,-0.371683
2017-10-31,SHY,0.002629,-0.002161,0.000000,0.707334,0.618667,0.005283,0.618644,0.001544,2772,0.969526,-0.371683
2017-10-31,IEF,0.011375,-0.002793,0.000000,0.587645,0.492941,0.007894,0.533898,0.004143,2772,0.969526,-0.371683
2017-10-31,TLT,0.026134,0.007431,1.000000,0.563062,0.468589,0.006438,0.525424,0.005281,2772,0.969526,-0.371683
2017-10-31,AGG,0.007318,-0.001482,0.000000,0.619158,0.524850,0.005667,0.576271,0.002977,2772,0.969526,-0.371683
2017-10-31,LQD,0.010768,-0.001233,0.000000,0.634540,0.540722,0.008541,0.559322,0.003947,2772,0.969526,-0.371683
2017-10-31,HYG,0.009638,-0.003678,0.000000,0.668724,0.576722,0.009284,0.640777,0.004944,2772,0.969526,-0.371683
2017-10-31,GLD,0.028682,0.003563,1.000000,0.658261,0.565594,0.014528,0.542373,0.005410,2772,0.969526,-0.371683
2017-10-31,SLV,0.045811,-0.017733,0.000000,0.634201,0.540370,0.016690,0.500000,0.005653,2772,0.969526,-0.371683
2017-10-31,DBC,0.035130,0.009369,1.000000,0.409891,0.326295,-0.005160,0.452991,-0.001966,2772,0.969526,-0.371683
2017-10-31,VNQ,0.027282,0.026642,1.000000,0.700833,0.611506,0.016894,0.567797,0.005758,2772,0.969526,-0.371683
2017-11-30,SPY,0.019528,0.019372,1.000000,0.514091,0.421402,-0.003668,0.644068,0.007412,2772,0.969526,-0.371683
2017-11-30,QQQ,0.032712,0.023664,1.000000,0.638298,0.544629,0.008370,0.627119,0.011837,2772,0.969526,-0.371683
2017-11-30,IWM,0.030879,0.005422,1.000000,0.524188,0.430992,-0.001852,0.618644,0.007787,2772,0.969526,-0.371683
2017-11-30,EFA,0.020874,0.020984,1.000000,0.555572,0.461259,0.001636,0.516949,0.002256,2772,0.969526,-0.371683
2017-11-30,EEM,0.037361,0.057214,1.000000,0.648884,0.555703,0.011453,0.491525,0.003297,2772,0.969526,-0.371683
2017-11-30,SHY,0.002394,-0.000561,0.000000,0.746856,0.663127,0.016270,0.618644,0.001544,2772,0.969526,-0.371683
2017-11-30,IEF,0.010877,-0.001474,0.000000,0.685593,0.594875,0.015113,0.533898,0.004143,2772,0.969526,-0.371683
2017-11-30,TLT,0.026549,0.007131,1.000000,0.643908,0.550486,0.009709,0.525424,0.005281,2772,0.969526,-0.371683
2017-11-30,AGG,0.007034,0.003281,1.000000,0.688252,0.597761,0.012971,0.576271,0.002977,2772,0.969526,-0.371683
2017-11-30,LQD,0.010769,0.005460,1.000000,0.645913,0.552585,0.008811,0.559322,0.003947,2772,0.969526,-0.371683
2017-11-30,HYG,0.011211,0.003376,1.000000,0.669586,0.577644,0.000448,0.640777,0.004944,2772,0.969526,-0.371683
2017-11-30,GLD,0.028333,0.033443,1.000000,0.648830,0.555646,0.010925,0.542373,0.005410,2772,0.969526,-0.371683
2017-11-30,SLV,0.048233,0.045132,1.000000,0.674216,0.582603,0.008360,0.500000,0.005653,2772,0.969526,-0.371683
2017-11-30,DBC,0.034789,0.032797,1.000000,0.606802,0.512244,0.005879,0.452991,-0.001966,2772,0.969526,-0.371683
2017-11-30,VNQ,0.026173,-0.005205,0.000000,0.662284,0.569861,0.010123,0.567797,0.005758,2772,0.969526,-0.371683
2017-12-29,SPY,0.018490,0.056359,1.000000,0.649201,0.556036,0.009100,0.644068,0.007412,2772,0.969526,-0.371683
2017-12-29,QQQ,0.030466,0.087571,1.000000,0.690810,0.600543,0.017367,0.627119,0.011837,2772,0.969526,-0.371683
2017-12-29,IWM,0.030967,0.025580,1.000000,0.659298,0.566692,0.008713,0.618644,0.007787,2772,0.969526,-0.371683
2017-12-29,EFA,0.020038,0.050206,1.000000,0.531457,0.437939,0.001820,0.516949,0.002256,2772,0.969526,-0.371683
2017-12-29,EEM,0.035819,0.082980,1.000000,0.488049,0.396987,0.002140,0.491525,0.003297,2772,0.969526,-0.371683
2017-12-29,SHY,0.002231,-0.002862,0.000000,0.655349,0.562513,0.005982,0.618644,0.001544,2772,0.969526,-0.371683
2017-12-29,IEF,0.010681,-0.021503,0.000000,0.590084,0.495382,0.004572,0.533898,0.004143,2772,0.969526,-0.371683
2017-12-29,TLT,0.028205,-0.032555,0.000000,0.577088,0.482426,0.001061,0.525424,0.005281,2772,0.969526,-0.371683
2017-12-29,AGG,0.007084,-0.011250,0.000000,0.612585,0.518128,0.003439,0.576271,0.002977,2772,0.969526,-0.371683
2017-12-29,LQD,0.011054,-0.012258,0.000000,0.587399,0.492694,0.002068,0.559322,0.003947,2772,0.969526,-0.371683
2017-12-29,HYG,0.009764,0.000458,1.000000,0.535366,0.441692,0.002018,0.640777,0.004944,2772,0.969526,-0.371683
2017-12-29,GLD,0.027058,0.032349,1.000000,0.486164,0.395236,-0.002417,0.542373,0.005410,2772,0.969526,-0.371683
2017-12-29,SLV,0.046473,0.022514,1.000000,0.422016,0.337020,-0.003362,0.500000,0.005653,2772,0.969526,-0.371683
2017-12-29,DBC,0.034130,0.029500,1.000000,0.411592,0.327794,-0.006841,0.452991,-0.001966,2772,0.969526,-0.371683
2017-12-29,VNQ,0.028023,-0.042540,0.000000,0.618740,0.524422,0.001656,0.567797,0.005758,2772,0.969526,-0.371683
2018-01-31,SPY,0.021638,-0.045477,0.000000,0.662183,0.649285,0.011724,0.669231,0.008343,3024,0.494321,0.283201
2018-01-31,QQQ,0.032301,-0.020130,0.000000,0.624149,0.630397,0.014271,0.638462,0.013006,3024,0.494321,0.283201
2018-01-31,IWM,0.031806,-0.025646,0.000000,0.688003,0.662423,0.014923,0.630769,0.008336,3024,0.494321,0.283201
2018-01-31,EFA,0.022392,-0.059859,0.000000,0.607116,0.622068,0.010482,0.553846,0.004011,3024,0.494321,0.283201
2018-01-31,EEM,0.037972,-0.056829,0.000000,0.541242,0.590234,0.011800,0.515385,0.005311,3024,0.494321,0.283201
2018-01-31,SHY,0.002041,-0.000095,0.000000,0.726359,0.682605,0.014743,0.615385,0.001420,3024,0.494321,0.283201
2018-01-31,IEF,0.010442,-0.008755,0.000000,0.657952,0.647159,0.014825,0.530769,0.003873,3024,0.494321,0.283201
2018-01-31,TLT,0.027801,-0.031732,0.000000,0.582431,0.610090,0.006212,0.530769,0.005129,3024,0.494321,0.283201
2018-01-31,AGG,0.007002,-0.010784,0.000000,0.644671,0.640530,0.011080,0.592308,0.002916,3024,0.494321,0.283201
2018-01-31,LQD,0.011696,-0.026475,0.000000,0.637465,0.636958,0.007856,0.584615,0.004048,3024,0.494321,0.283201
2018-01-31,HYG,0.009803,-0.009701,0.000000,0.724478,0.681593,0.012828,0.643478,0.005025,3024,0.494321,0.283201
2018-01-31,GLD,0.027291,-0.017705,0.000000,0.546869,0.592944,0.002336,0.546154,0.005266,3024,0.494321,0.283201
2018-01-31,SLV,0.047015,-0.048318,0.000000,0.482743,0.561947,0.000337,0.500000,0.004584,3024,0.494321,0.283201
2018-01-31,DBC,0.031174,-0.027485,0.000000,0.468104,0.554791,0.005299,0.457364,-0.001803,3024,0.494321,0.283201
2018-01-31,VNQ,0.033440,-0.076274,0.000000,0.580148,0.608987,-0.001761,0.561538,0.005738,3024,0.494321,0.283201
2018-02-28,SPY,0.044179,-0.027411,0.000000,0.633030,0.634767,-0.003922,0.669231,0.008343,3024,0.494321,0.283201
2018-02-28,QQQ,0.052412,-0.040788,0.000000,0.597641,0.617459,-0.003304,0.638462,0.013006,3024,0.494321,0.283201
2018-02-28,IWM,0.044446,0.012176,1.000000,0.629857,0.633204,0.001929,0.630769,0.008336,3024,0.494321,0.283201
2018-02-28,EFA,0.041118,-0.008397,0.000000,0.583550,0.610632,-0.003816,0.553846,0.004011,3024,0.494321,0.283201
2018-02-28,EEM,0.059917,0.005414,1.000000,0.535135,0.587293,-0.006933,0.515385,0.005311,3024,0.494321,0.283201
2018-02-28,SHY,0.002331,0.002472,1.000000,0.725641,0.682218,0.007957,0.615385,0.001420,3024,0.494321,0.283201
2018-02-28,IEF,0.012056,0.011558,1.000000,0.600983,0.619083,0.004257,0.530769,0.003873,3024,0.494321,0.283201
2018-02-28,TLT,0.029525,0.028596,1.000000,0.537548,0.588455,0.000247,0.530769,0.005129,3024,0.494321,0.283201
2018-02-28,AGG,0.008086,0.006712,1.000000,0.620046,0.628384,0.004546,0.592308,0.002916,3024,0.494321,0.283201
2018-02-28,LQD,0.012990,0.005568,1.000000,0.614400,0.625622,0.006854,0.584615,0.004048,3024,0.494321,0.283201
2018-02-28,HYG,0.014203,-0.002318,0.000000,0.654212,0.645286,0.000241,0.643478,0.005025,3024,0.494321,0.283201
2018-02-28,GLD,0.029180,0.006320,1.000000,0.650743,0.643553,0.005825,0.546154,0.005266,3024,0.494321,0.283201
2018-02-28,SLV,0.048803,-0.003234,0.000000,0.566982,0.602632,0.001950,0.500000,0.004584,3024,0.494321,0.283201
2018-02-28,DBC,0.034355,0.022892,1.000000,0.542327,0.590757,0.001791,0.457364,-0.001803,3024,0.494321,0.283201
2018-02-28,VNQ,0.046746,0.038907,1.000000,0.610555,0.623744,-0.002366,0.561538,0.005738,3024,0.494321,0.283201
2018-03-29,SPY,0.049053,0.005168,1.000000,0.637530,0.636990,0.006791,0.669231,0.008343,3024,0.494321,0.283201
2018-03-29,QQQ,0.061741,0.005058,1.000000,0.642198,0.639303,0.006776,0.638462,0.013006,3024,0.494321,0.283201
2018-03-29,IWM,0.048020,0.009813,1.000000,0.638230,0.637337,0.007522,0.630769,0.008336,3024,0.494321,0.283201
2018-03-29,EFA,0.040569,0.015213,1.000000,0.526951,0.583351,0.006640,0.553846,0.004011,3024,0.494321,0.283201
2018-03-29,EEM,0.062613,-0.028169,0.000000,0.516107,0.578120,0.005825,0.515385,0.005311,3024,0.494321,0.283201
2018-03-29,SHY,0.002281,-0.002349,0.000000,0.547708,0.593348,-0.002478,0.615385,0.001420,3024,0.494321,0.283201
2018-03-29,IEF,0.011806,-0.012765,0.000000,0.451063,0.546398,-0.001051,0.530769,0.003873,3024,0.494321,0.283201
2018-03-29,TLT,0.028288,-0.020881,0.000000,0.439320,0.540567,-0.000820,0.530769,0.005129,3024,0.494321,0.283201
2018-03-29,AGG,0.007623,-0.009410,0.000000,0.417300,0.529507,-0.003779,0.592308,0.002916,3024,0.494321,0.283201
2018-03-29,LQD,0.012589,-0.015660,0.000000,0.426408,0.534103,-0.001947,0.584615,0.004048,3024,0.494321,0.283201
2018-03-29,HYG,0.014521,0.004795,1.000000,0.603538,0.620325,0.003560,0.643478,0.005025,3024,0.494321,0.283201
2018-03-29,GLD,0.030325,-0.009540,0.000000,0.578950,0.608408,0.004879,0.546154,0.005266,3024,0.494321,0.283201
2018-03-29,SLV,0.047932,-0.001947,0.000000,0.553959,0.596358,0.007628,0.500000,0.004584,3024,0.494321,0.283201
2018-03-29,DBC,0.033623,0.034158,1.000000,0.427472,0.534638,-0.002268,0.457364,-0.001803,3024,0.494321,0.283201
2018-03-29,VNQ,0.045121,0.008215,1.000000,0.526409,0.583089,0.006839,0.561538,0.005738,3024,0.494321,0.283201
2018-04-30,SPY,0.048323,0.030623,1.000000,0.622393,0.629535,0.011273,0.669231,0.008343,3024,0.494321,0.283201
2018-04-30,QQQ,0.062836,0.057413,1.000000,0.600424,0.618811,0.010775,0.638462,0.013006,3024,0.494321,0.283201
2018-04-30,IWM,0.047324,0.070180,1.000000,0.636290,0.636377,0.010906,0.630769,0.008336,3024,0.494321,0.283201
2018-04-30,EFA,0.036528,-0.012723,0.000000,0.544372,0.591741,0.013606,0.553846,0.004011,3024,0.494321,0.283201
2018-04-30,EEM,0.057608,-0.025789,0.000000,0.547405,0.593202,0.014082,0.515385,0.005311,3024,0.494321,0.283201
2018-04-30,SHY,0.002139,0.004004,1.000000,0.694788,0.665929,0.012113,0.615385,0.001420,3024,0.494321,0.283201
2018-04-30,IEF,0.011389,0.010354,1.000000,0.601800,0.619480,0.009806,0.530769,0.003873,3024,0.494321,0.283201
2018-04-30,TLT,0.027680,0.021727,1.000000,0.586685,0.612148,0.006618,0.530769,0.005129,3024,0.494321,0.283201
2018-04-30,AGG,0.007391,0.007469,1.000000,0.635838,0.636154,0.010693,0.592308,0.002916,3024,0.494321,0.283201
2018-04-30,LQD,0.012109,0.005649,1.000000,0.633999,0.635245,0.012487,0.584615,0.004048,3024,0.494321,0.283201
2018-04-30,HYG,0.013464,0.001441,1.000000,0.640695,0.638557,0.010048,0.643478,0.005025,3024,0.494321,0.283201
2018-04-30,GLD,0.029514,-0.009792,0.000000,0.646502,0.641440,0.012445,0.546154,0.005266,3024,0.494321,0.283201
2018-04-30,SLV,0.048911,0.011053,1.000000,0.581929,0.609847,0.007279,0.500000,0.004584,3024,0.494321,0.283201
2018-04-30,DBC,0.034022,0.029613,1.000000,0.448920,0.545337,-0.003198,0.457364,-0.001803,3024,0.494321,0.283201
2018-04-30,VNQ,0.043594,0.040347,1.000000,0.530624,0.585121,0.003841,0.561538,0.005738,3024,0.494321,0.283201
2018-05-31,SPY,0.043362,0.005751,1.000000,0.634144,0.635317,0.013844,0.669231,0.008343,3024,0.494321,0.283201
2018-05-31,QQQ,0.055132,0.011450,1.000000,0.576025,0.606995,0.014173,0.638462,0.013006,3024,0.494321,0.283201
2018-05-31,IWM,0.042675,0.006144,1.000000,0.576534,0.607241,0.010116,0.630769,0.008336,3024,0.494321,0.283201
2018-05-31,EFA,0.035644,-0.015841,0.000000,0.648763,0.642566,0.012302,0.553846,0.004011,3024,0.494321,0.283201
2018-05-31,EEM,0.054505,-0.045457,0.000000,0.567227,0.602750,0.011372,0.515385,0.005311,3024,0.494321,0.283201
2018-05-31,SHY,0.002779,0.000432,1.000000,0.651655,0.644008,-0.001427,0.615385,0.001420,3024,0.494321,0.283201
2018-05-31,IEF,0.013149,0.001974,1.000000,0.532534,0.586041,-0.001237,0.530769,0.003873,3024,0.494321,0.283201
2018-05-31,TLT,0.029719,0.006457,1.000000,0.510714,0.575515,-0.002585,0.530769,0.005129,3024,0.494321,0.283201
2018-05-31,AGG,0.008589,0.001026,1.000000,0.563354,0.600883,-0.001040,0.592308,0.002916,3024,0.494321,0.283201
2018-05-31,LQD,0.012789,-0.004872,0.000000,0.539842,0.589560,0.001585,0.584615,0.004048,3024,0.494321,0.283201
2018-05-31,HYG,0.012172,0.000988,1.000000,0.676578,0.656572,0.011470,0.643478,0.005025,3024,0.494321,0.283201
2018-05-31,GLD,0.027295,-0.036149,0.000000,0.577652,0.607781,0.010272,0.546154,0.005266,3024,0.494321,0.283201
2018-05-31,SLV,0.044710,-0.020052,0.000000,0.555197,0.596954,0.010341,0.500000,0.004584,3024,0.494321,0.283201
2018-05-31,DBC,0.033178,-0.019412,0.000000,0.516682,0.578398,0.004191,0.457364,-0.001803,3024,0.494321,0.283201
2018-05-31,VNQ,0.040979,0.042022,1.000000,0.532046,0.585805,0.000165,0.561538,0.005738,3024,0.494321,0.283201
2018-06-29,SPY,0.038547,0.037047,1.000000,0.695687,0.666395,0.015279,0.669231,0.008343,3024,0.494321,0.283201
2018-06-29,QQQ,0.050845,0.027964,1.000000,0.690104,0.663506,0.015626,0.638462,0.013006,3024,0.494321,0.283201
2018-06-29,IWM,0.039906,0.016490,1.000000,0.709973,0.673870,0.015297,0.630769,0.008336,3024,0.494321,0.283201
2018-06-29,EFA,0.034315,0.028520,1.000000,0.586704,0.612157,0.008068,0.553846,0.004011,3024,0.494321,0.283201
2018-06-29,EEM,0.053120,0.035310,1.000000,0.546392,0.592714,0.007451,0.515385,0.005311,3024,0.494321,0.283201
2018-06-29,SHY,0.002612,-0.000600,0.000000,0.605223,0.621146,0.002216,0.615385,0.001420,3024,0.494321,0.283201
2018-06-29,IEF,0.012514,-0.005278,0.000000,0.520582,0.580279,0.002753,0.530769,0.003873,3024,0.494321,0.283201
2018-06-29,TLT,0.028028,-0.014368,0.000000,0.502909,0.571740,0.000620,0.530769,0.005129,3024,0.494321,0.283201
2018-06-29,AGG,0.007953,-0.000292,0.000000,0.493937,0.567390,0.000024,0.592308,0.002916,3024,0.494321,0.283201
2018-06-29,LQD,0.012277,0.013438,1.000000,0.554255,0.596500,0.004571,0.584615,0.004048,3024,0.494321,0.283201
2018-06-29,HYG,0.011042,0.016778,1.000000,0.753576,0.697568,0.018078,0.643478,0.005025,3024,0.494321,0.283201
2018-06-29,GLD,0.025793,-0.022419,0.000000,0.657051,0.646708,0.015107,0.546154,0.005266,3024,0.494321,0.283201
2018-06-29,SLV,0.045626,-0.035644,0.000000,0.569975,0.604075,0.005122,0.500000,0.004584,3024,0.494321,0.283201
2018-06-29,DBC,0.037177,-0.024321,0.000000,0.459521,0.550574,-0.007689,0.457364,-0.001803,3024,0.494321,0.283201
2018-06-29,VNQ,0.038176,0.006016,1.000000,0.490570,0.565755,-0.002508,0.561538,0.005738,3024,0.494321,0.283201
2018-07-31,SPY,0.034934,0.036078,1.000000,0.626226,0.631417,0.006825,0.669231,0.008343,3024,0.494321,0.283201
2018-07-31,QQQ,0.048933,0.058317,1.000000,0.679600,0.658113,0.011336,0.638462,0.013006,3024,0.494321,0.283201
2018-07-31,IWM,0.038502,0.039971,1.000000,0.682516,0.659605,0.010902,0.630769,0.008336,3024,0.494321,0.283201
2018-07-31,EFA,0.032380,-0.005081,0.000000,0.483336,0.562235,0.001886,0.553846,0.004011,3024,0.494321,0.283201
2018-07-31,EEM,0.051584,-0.016941,0.000000,0.448010,0.544886,0.001682,0.515385,0.005311,3024,0.494321,0.283201
2018-07-31,SHY,0.002287,0.002505,1.000000,0.684558,0.660652,0.011925,0.615385,0.001420,3024,0.494321,0.283201
2018-07-31,IEF,0.011525,0.008073,1.000000,0.631286,0.633908,0.013040,0.530769,0.003873,3024,0.494321,0.283201
2018-07-31,TLT,0.026821,0.013288,1.000000,0.614870,0.625851,0.009089,0.530769,0.005129,3024,0.494321,0.283201
2018-07-31,AGG,0.007410,0.005302,1.000000,0.644696,0.640543,0.010765,0.592308,0.002916,3024,0.494321,0.283201
2018-07-31,LQD,0.011538,0.000719,1.000000,0.531687,0.585633,0.003670,0.584615,0.004048,3024,0.494321,0.283201
2018-07-31,HYG,0.009972,0.006612,1.000000,0.540038,0.589654,0.000087,0.643478,0.005025,3024,0.494321,0.283201
2018-07-31,GLD,0.025735,-0.015432,0.000000,0.624234,0.630438,0.008262,0.546154,0.005266,3024,0.494321,0.283201
2018-07-31,SLV,0.044254,-0.050650,0.000000,0.531316,0.585454,0.003539,0.500000,0.004584,3024,0.494321,0.283201
2018-07-31,DBC,0.041560,0.008116,1.000000,0.448114,0.544938,-0.007629,0.457364,-0.001803,3024,0.494321,0.283201
2018-07-31,VNQ,0.037204,0.028314,1.000000,0.584752,0.611213,0.002615,0.561538,0.005738,3024,0.494321,0.283201
2018-08-31,SPY,0.030976,0.008852,1.000000,0.582516,0.610131,0.005495,0.669231,0.008343,3024,0.494321,0.283201
2018-08-31,QQQ,0.043244,-0.003031,0.000000,0.536925,0.588156,0.008439,0.638462,0.013006,3024,0.494321,0.283201
2018-08-31,IWM,0.034769,-0.046546,0.000000,0.567521,0.602892,0.007915,0.630769,0.008336,3024,0.494321,0.283201
2018-08-31,EFA,0.033531,0.005643,1.000000,0.576843,0.607390,0.006483,0.553846,0.004011,3024,0.494321,0.283201
2018-08-31,EEM,0.055010,-0.018068,0.000000,0.520881,0.580424,0.003151,0.515385,0.005311,3024,0.494321,0.283201
2018-08-31,SHY,0.002148,-0.001346,0.000000,0.618908,0.627827,-0.000011,0.615385,0.001420,3024,0.494321,0.283201
2018-08-31,IEF,0.010617,-0.012011,0.000000,0.578903,0.608385,0.007895,0.530769,0.003873,3024,0.494321,0.283201
2018-08-31,TLT,0.024753,-0.029880,0.000000,0.581964,0.609864,0.011066,0.530769,0.005129,3024,0.494321,0.283201
2018-08-31,AGG,0.006809,-0.005329,0.000000,0.623721,0.630187,0.008336,0.592308,0.002916,3024,0.494321,0.283201
2018-08-31,LQD,0.010711,-0.001913,0.000000,0.655842,0.646102,0.013609,0.584615,0.004048,3024,0.494321,0.283201
2018-08-31,HYG,0.008656,0.007336,1.000000,0.570583,0.604369,0.003413,0.643478,0.005025,3024,0.494321,0.283201
2018-08-31,GLD,0.028909,0.003172,1.000000,0.582955,0.610344,0.004500,0.546154,0.005266,3024,0.494321,0.283201
2018-08-31,SLV,0.049728,0.010256,1.000000,0.580820,0.609312,0.005064,0.500000,0.004584,3024,0.494321,0.283201
2018-08-31,DBC,0.039939,0.056962,1.000000,0.408291,0.524927,-0.001845,0.457364,-0.001803,3024,0.494321,0.283201
2018-08-31,VNQ,0.034570,-0.037863,0.000000,0.582461,0.610105,0.009204,0.561538,0.005738,3024,0.494321,0.283201
2018-09-28,SPY,0.027583,-0.092392,0.000000,0.606630,0.621831,0.010595,0.669231,0.008343,3024,0.494321,0.283201
2018-09-28,QQQ,0.040555,-0.121427,0.000000,0.583475,0.610595,0.009650,0.638462,0.013006,3024,0.494321,0.283201
2018-09-28,IWM,0.031868,-0.129813,0.000000,0.692101,0.664538,0.019145,0.630769,0.008336,3024,0.494321,0.283201
2018-09-28,EFA,0.032150,-0.098985,0.000000,0.548700,0.593825,0.007145,0.553846,0.004011,3024,0.494321,0.283201
2018-09-28,EEM,0.051659,-0.114632,0.000000,0.468671,0.555069,0.003220,0.515385,0.005311,3024,0.494321,0.283201
2018-09-28,SHY,0.002010,0.002495,1.000000,0.676182,0.656370,0.004387,0.615385,0.001420,3024,0.494321,0.283201
2018-09-28,IEF,0.010272,0.001624,1.000000,0.611696,0.624301,0.008712,0.530769,0.003873,3024,0.494321,0.283201
2018-09-28,TLT,0.024091,-0.019476,0.000000,0.595042,0.616197,0.008752,0.530769,0.005129,3024,0.494321,0.283201
2018-09-28,AGG,0.006842,-0.004540,0.000000,0.635165,0.635821,0.007888,0.592308,0.002916,3024,0.494321,0.283201
2018-09-28,LQD,0.010644,-0.015518,0.000000,0.591508,0.614484,0.006031,0.584615,0.004048,3024,0.494321,0.283201
2018-09-28,HYG,0.007989,-0.022092,0.000000,0.568484,0.603356,0.000535,0.643478,0.005025,3024,0.494321,0.283201
2018-09-28,GLD,0.027166,0.031483,1.000000,0.607582,0.622294,0.011735,0.546154,0.005266,3024,0.494321,0.283201
2018-09-28,SLV,0.048246,-0.010197,0.000000,0.388434,0.514703,-0.003241,0.500000,0.004584,3024,0.494321,0.283201
2018-09-28,DBC,0.037869,-0.038397,0.000000,0.395542,0.518385,-0.003273,0.457364,-0.001803,3024,0.494321,0.283201
2018-09-28,VNQ,0.035809,-0.030987,0.000000,0.628623,0.632596,0.007479,0.561538,0.005738,3024,0.494321,0.283201
2018-10-31,SPY,0.043465,0.018549,1.000000,0.624379,0.630509,-0.004869,0.669231,0.008343,3024,0.494321,0.283201
2018-10-31,QQQ,0.065570,-0.002650,0.000000,0.560307,0.599415,-0.010847,0.638462,0.013006,3024,0.494321,0.283201
2018-10-31,IWM,0.049493,0.017263,1.000000,0.617711,0.627241,-0.002445,0.630769,0.008336,3024,0.494321,0.283201
2018-10-31,EFA,0.039653,0.004963,1.000000,0.549590,0.594254,-0.001125,0.553846,0.004011,3024,0.494321,0.283201
2018-10-31,EEM,0.062622,0.049030,1.000000,0.488594,0.564795,-0.003366,0.515385,0.005311,3024,0.494321,0.283201
2018-10-31,SHY,0.002140,0.003810,1.000000,0.670171,0.653318,0.003362,0.615385,0.001420,3024,0.494321,0.283201
2018-10-31,IEF,0.011234,0.013301,1.000000,0.574330,0.606177,0.004282,0.530769,0.003873,3024,0.494321,0.283201
2018-10-31,TLT,0.025977,0.017873,1.000000,0.624657,0.630646,0.008723,0.530769,0.005129,3024,0.494321,0.283201
2018-10-31,AGG,0.007201,0.007715,1.000000,0.623924,0.630286,0.007239,0.592308,0.002916,3024,0.494321,0.283201
2018-10-31,LQD,0.011074,-0.003585,0.000000,0.698160,0.667681,0.015657,0.584615,0.004048,3024,0.494321,0.283201
2018-10-31,HYG,0.010473,-0.003991,0.000000,0.706039,0.671800,0.007442,0.643478,0.005025,3024,0.494321,0.283201
2018-10-31,GLD,0.028674,0.003387,1.000000,0.616048,0.626427,0.008471,0.546154,0.005266,3024,0.494321,0.283201
2018-10-31,SLV,0.045064,-0.006711,0.000000,0.633300,0.634900,0.015760,0.500000,0.004584,3024,0.494321,0.283201
2018-10-31,DBC,0.041231,-0.098467,0.000000,0.578431,0.608157,0.000851,0.457364,-0.001803,3024,0.494321,0.283201
2018-10-31,VNQ,0.044430,0.046731,1.000000,0.562512,0.600477,-0.001565,0.561538,0.005738,3024,0.494321,0.283201
2018-11-30,SPY,0.046721,-0.108884,0.000000,0.564848,0.601603,0.000889,0.669231,0.008343,3024,0.494321,0.283201
2018-11-30,QQQ,0.069914,-0.112897,0.000000,0.531301,0.585446,-0.001726,0.638462,0.013006,3024,0.494321,0.283201
2018-11-30,IWM,0.053352,-0.130569,0.000000,0.566148,0.602230,0.002682,0.630769,0.008336,3024,0.494321,0.283201
2018-11-30,EFA,0.040982,-0.063964,0.000000,0.556859,0.597754,0.007469,0.553846,0.004011,3024,0.494321,0.283201
2018-11-30,EEM,0.066034,-0.049961,0.000000,0.478464,0.559860,0.004089,0.515385,0.005311,3024,0.494321,0.283201
2018-11-30,SHY,0.002172,0.009768,1.000000,0.589589,0.613554,-0.003217,0.615385,0.001420,3024,0.494321,0.283201
2018-11-30,IEF,0.010653,0.038402,1.000000,0.481000,0.561097,-0.000363,0.530769,0.003873,3024,0.494321,0.283201
2018-11-30,TLT,0.024010,0.076219,1.000000,0.486101,0.563582,0.005332,0.530769,0.005129,3024,0.494321,0.283201
2018-11-30,AGG,0.006737,0.024791,1.000000,0.509132,0.574751,0.001716,0.592308,0.002916,3024,0.494321,0.283201
2018-11-30,LQD,0.010611,0.022206,1.000000,0.649822,0.643094,0.015193,0.584615,0.004048,3024,0.494321,0.283201
2018-11-30,HYG,0.013307,-0.021733,0.000000,0.649207,0.642788,0.004056,0.643478,0.005025,3024,0.494321,0.283201
2018-11-30,GLD,0.027016,0.059633,1.000000,0.580700,0.609254,0.008138,0.546154,0.005266,3024,0.494321,0.283201
2018-11-30,SLV,0.046064,0.107357,1.000000,0.564463,0.601418,0.005620,0.500000,0.004584,3024,0.494321,0.283201
2018-11-30,DBC,0.046295,-0.029412,0.000000,0.546997,0.593005,0.000285,0.457364,-0.001803,3024,0.494321,0.283201
2018-11-30,VNQ,0.040697,-0.093220,0.000000,0.497625,0.569180,0.004859,0.561538,0.005738,3024,0.494321,0.283201
2018-12-31,SPY,0.061121,0.080066,1.000000,0.577045,0.607488,-0.005680,0.669231,0.008343,3024,0.494321,0.283201
2018-12-31,QQQ,0.082881,0.090108,1.000000,0.541185,0.590207,-0.005917,0.638462,0.013006,3024,0.494321,0.283201
2018-12-31,IWM,0.066341,0.113219,1.000000,0.563179,0.600799,-0.004470,0.630769,0.008336,3024,0.494321,0.283201
2018-12-31,EFA,0.044957,0.066349,1.000000,0.547124,0.593066,0.004570,0.553846,0.004011,3024,0.494321,0.283201
2018-12-31,EEM,0.063595,0.103430,1.000000,0.518743,0.579392,0.011015,0.515385,0.005311,3024,0.494321,0.283201
2018-12-31,SHY,0.002697,0.002511,1.000000,0.568471,0.603350,-0.006273,0.615385,0.001420,3024,0.494321,0.283201
2018-12-31,IEF,0.011599,0.006526,1.000000,0.473939,0.557649,-0.003088,0.530769,0.003873,3024,0.494321,0.283201
2018-12-31,TLT,0.026131,0.003786,1.000000,0.508526,0.574458,0.000530,0.530769,0.005129,3024,0.494321,0.283201
2018-12-31,AGG,0.007175,0.009109,1.000000,0.479801,0.560512,-0.004026,0.592308,0.002916,3024,0.494321,0.283201
2018-12-31,LQD,0.010706,0.033683,1.000000,0.541689,0.590449,0.004085,0.584615,0.004048,3024,0.494321,0.283201
2018-12-31,HYG,0.018864,0.049445,1.000000,0.661662,0.649023,0.003998,0.643478,0.005025,3024,0.494321,0.283201
2018-12-31,GLD,0.027607,0.028866,1.000000,0.498722,0.569712,0.002322,0.546154,0.005266,3024,0.494321,0.283201
2018-12-31,SLV,0.045075,0.036501,1.000000,0.467451,0.554471,0.003553,0.500000,0.004584,3024,0.494321,0.283201
2018-12-31,DBC,0.049493,0.071084,1.000000,0.551214,0.595035,0.004281,0.457364,-0.001803,3024,0.494321,0.283201
2018-12-31,VNQ,0.055059,0.118546,1.000000,0.576399,0.607176,-0.006808,0.561538,0.005738,3024,0.494321,0.283201
2019-01-31,SPY,0.058629,0.035083,1.000000,0.531010,0.546913,0.002102,0.676056,0.008008,3276,0.623929,0.110715
2019-01-31,QQQ,0.079965,0.037227,1.000000,0.503983,0.530127,0.003319,0.633803,0.012495,3276,0.623929,0.110715
2019-01-31,IWM,0.063622,0.051992,1.000000,0.545555,0.555945,0.006838,0.640845,0.007639,3276,0.623929,0.110715
2019-01-31,EFA,0.044471,0.027122,1.000000,0.481063,0.515852,0.002783,0.549296,0.003141,3276,0.623929,0.110715
2019-01-31,EEM,0.061907,-0.012761,0.000000,0.455369,0.499758,0.005810,0.507042,0.004327,3276,0.623929,0.110715
2019-01-31,SHY,0.003104,0.000429,1.000000,0.550903,0.559269,-0.005776,0.605634,0.001356,3276,0.623929,0.110715
2019-01-31,IEF,0.012688,-0.005456,0.000000,0.500663,0.528063,-0.004481,0.528169,0.003441,3276,0.623929,0.110715
2019-01-31,TLT,0.025719,-0.015221,0.000000,0.506895,0.531937,-0.003061,0.528169,0.004316,3276,0.623929,0.110715
2019-01-31,AGG,0.007418,-0.001540,0.000000,0.468430,0.507954,-0.007475,0.584507,0.002599,3276,0.623929,0.110715
2019-01-31,LQD,0.011330,-0.001538,0.000000,0.479508,0.514881,-0.006355,0.570423,0.003358,3276,0.623929,0.110715
2019-01-31,HYG,0.020548,0.013474,1.000000,0.595772,0.587278,-0.000047,0.645669,0.004579,3276,0.623929,0.110715
2019-01-31,GLD,0.027040,-0.025571,0.000000,0.466754,0.506904,-0.001510,0.542254,0.004814,3276,0.623929,0.110715
2019-01-31,SLV,0.043543,-0.059801,0.000000,0.425528,0.480875,-0.003124,0.485507,0.003549,3276,0.623929,0.110715
2019-01-31,DBC,0.046486,0.019974,1.000000,0.473777,0.511300,0.007471,0.468085,-0.001607,3276,0.623929,0.110715
2019-01-31,VNQ,0.052018,0.008392,1.000000,0.523143,0.542029,0.002815,0.563380,0.005377,3276,0.623929,0.110715
2019-02-28,SPY,0.051291,0.018101,1.000000,0.552789,0.560442,0.008512,0.676056,0.008008,3276,0.623929,0.110715
2019-02-28,QQQ,0.069466,0.039246,1.000000,0.538635,0.551648,0.010674,0.633803,0.012495,3276,0.623929,0.110715
2019-02-28,IWM,0.056418,-0.020933,0.000000,0.552366,0.560179,0.010316,0.640845,0.007639,3276,0.623929,0.110715
2019-02-28,EFA,0.040495,0.009180,1.000000,0.476881,0.513241,0.004183,0.549296,0.003141,3276,0.623929,0.110715
2019-02-28,EEM,0.056238,0.011310,1.000000,0.568050,0.569940,0.012518,0.507042,0.004327,3276,0.623929,0.110715
2019-02-28,SHY,0.002976,0.006269,1.000000,0.603650,0.592232,0.002970,0.605634,0.001356,3276,0.623929,0.110715
2019-02-28,IEF,0.012530,0.026552,1.000000,0.649048,0.621128,0.009757,0.528169,0.003441,3276,0.623929,0.110715
2019-02-28,TLT,0.025302,0.055717,1.000000,0.673023,0.636712,0.009792,0.528169,0.004316,3276,0.623929,0.110715
2019-02-28,AGG,0.007282,0.021226,1.000000,0.679052,0.640675,0.009111,0.584507,0.002599,3276,0.623929,0.110715
2019-02-28,LQD,0.010989,0.029290,1.000000,0.661185,0.628984,0.005825,0.570423,0.003358,3276,0.623929,0.110715
2019-02-28,HYG,0.018054,0.012909,1.000000,0.520169,0.540183,0.000748,0.645669,0.004579,3276,0.623929,0.110715
2019-02-28,GLD,0.027179,-0.015969,0.000000,0.634198,0.611600,0.010236,0.542254,0.004814,3276,0.623929,0.110715
2019-02-28,SLV,0.042345,-0.030759,0.000000,0.629434,0.608560,0.010116,0.485507,0.003549,3276,0.623929,0.110715
2019-02-28,DBC,0.043060,-0.003759,0.000000,0.433411,0.485887,0.001985,0.468085,-0.001607,3276,0.623929,0.110715
2019-02-28,VNQ,0.045965,0.042165,1.000000,0.598103,0.588742,0.009928,0.563380,0.005377,3276,0.623929,0.110715
2019-03-29,SPY,0.046641,0.040852,1.000000,0.532072,0.547572,-0.002165,0.676056,0.008008,3276,0.623929,0.110715
2019-03-29,QQQ,0.062338,0.054993,1.000000,0.511304,0.534677,0.000343,0.633803,0.012495,3276,0.623929,0.110715
2019-03-29,IWM,0.055693,0.033967,1.000000,0.569494,0.570841,-0.003167,0.640845,0.007639,3276,0.623929,0.110715
2019-03-29,EFA,0.037696,0.029294,1.000000,0.505113,0.530830,0.000465,0.549296,0.003141,3276,0.623929,0.110715
2019-03-29,EEM,0.054266,0.023532,1.000000,0.504042,0.530164,0.002695,0.507042,0.004327,3276,0.623929,0.110715
2019-03-29,SHY,0.003022,0.001834,1.000000,0.587552,0.582123,-0.000633,0.605634,0.001356,3276,0.623929,0.110715
2019-03-29,IEF,0.012915,-0.005185,0.000000,0.539065,0.551914,0.002992,0.528169,0.003441,3276,0.623929,0.110715
2019-03-29,TLT,0.026525,-0.019911,0.000000,0.543664,0.554771,0.002053,0.528169,0.004316,3276,0.623929,0.110715
2019-03-29,AGG,0.007831,-0.002003,0.000000,0.552703,0.560388,-0.002306,0.584507,0.002599,3276,0.623929,0.110715
2019-03-29,LQD,0.011364,0.004364,1.000000,0.523289,0.542120,-0.002519,0.570423,0.003358,3276,0.623929,0.110715
2019-03-29,HYG,0.015928,0.009862,1.000000,0.475891,0.512622,-0.003027,0.645669,0.004579,3276,0.623929,0.110715
2019-03-29,GLD,0.028862,-0.006639,0.000000,0.630948,0.609525,0.008644,0.542254,0.004814,3276,0.623929,0.110715
2019-03-29,SLV,0.044752,-0.011283,0.000000,0.584185,0.580015,0.005724,0.485507,0.003549,3276,0.623929,0.110715
2019-03-29,DBC,0.038098,0.011950,1.000000,0.476214,0.512824,0.004160,0.468085,-0.001607,3276,0.623929,0.110715
2019-03-29,VNQ,0.041908,-0.001611,0.000000,0.504825,0.530651,0.000875,0.563380,0.005377,3276,0.623929,0.110715
2019-04-30,SPY,0.040274,-0.050983,0.000000,0.532204,0.547654,0.003905,0.676056,0.008008,3276,0.623929,0.110715
2019-04-30,QQQ,0.053688,-0.067374,0.000000,0.547359,0.557066,0.011526,0.633803,0.012495,3276,0.623929,0.110715
2019-04-30,IWM,0.050127,-0.065449,0.000000,0.578752,0.576618,0.011262,0.640845,0.007639,3276,0.623929,0.110715
2019-04-30,EFA,0.033357,-0.041642,0.000000,0.496127,0.525240,0.006715,0.549296,0.003141,3276,0.623929,0.110715
2019-04-30,EEM,0.048254,-0.076485,0.000000,0.611733,0.597331,0.016953,0.507042,0.004327,3276,0.623929,0.110715
2019-04-30,SHY,0.002842,0.005073,1.000000,0.517613,0.538596,-0.004368,0.605634,0.001356,3276,0.623929,0.110715
2019-04-30,IEF,0.012699,0.023674,1.000000,0.536466,0.550300,0.003009,0.528169,0.003441,3276,0.623929,0.110715
2019-04-30,TLT,0.026075,0.055182,1.000000,0.567539,0.569622,0.004771,0.528169,0.004316,3276,0.623929,0.110715
2019-04-30,AGG,0.007726,0.014400,1.000000,0.562634,0.566567,0.002897,0.584507,0.002599,3276,0.623929,0.110715
2019-04-30,LQD,0.011363,0.014150,1.000000,0.564333,0.567625,0.004727,0.570423,0.003358,3276,0.623929,0.110715
2019-04-30,HYG,0.013973,-0.012175,0.000000,0.588052,0.582436,0.002919,0.645669,0.004579,3276,0.623929,0.110715
2019-04-30,GLD,0.026655,0.004043,1.000000,0.560468,0.565218,0.007367,0.542254,0.004814,3276,0.623929,0.110715
2019-04-30,SLV,0.040387,-0.029957,0.000000,0.583573,0.579632,0.014058,0.485507,0.003549,3276,0.623929,0.110715
2019-04-30,DBC,0.033919,-0.034183,0.000000,0.567232,0.569431,0.009144,0.468085,-0.001607,3276,0.623929,0.110715
2019-04-30,VNQ,0.041374,-0.004379,0.000000,0.645490,0.618838,0.004410,0.563380,0.005377,3276,0.623929,0.110715
2019-05-31,SPY,0.041232,0.079297,1.000000,0.729040,0.674421,0.010050,0.676056,0.008008,3276,0.623929,0.110715
2019-05-31,QQQ,0.054805,0.090420,1.000000,0.697195,0.652729,0.010886,0.633803,0.012495,3276,0.623929,0.110715
2019-05-31,IWM,0.052493,0.073977,1.000000,0.679494,0.640967,0.009849,0.640845,0.007639,3276,0.623929,0.110715
2019-05-31,EFA,0.036486,0.064112,1.000000,0.632196,0.610322,0.005593,0.549296,0.003141,3276,0.623929,0.110715
2019-05-31,EEM,0.050782,0.074701,1.000000,0.533129,0.548229,0.001017,0.507042,0.004327,3276,0.623929,0.110715
2019-05-31,SHY,0.003194,0.003969,1.000000,0.558721,0.564131,-0.006790,0.605634,0.001356,3276,0.623929,0.110715
2019-05-31,IEF,0.013269,0.010899,1.000000,0.492323,0.522872,-0.002026,0.528169,0.003441,3276,0.623929,0.110715
2019-05-31,TLT,0.026452,0.007140,1.000000,0.480888,0.515743,0.001243,0.528169,0.004316,3276,0.623929,0.110715
2019-05-31,AGG,0.007843,0.011732,1.000000,0.488519,0.520503,-0.004620,0.584507,0.002599,3276,0.623929,0.110715
2019-05-31,LQD,0.011128,0.034424,1.000000,0.473537,0.511150,-0.002105,0.570423,0.003358,3276,0.623929,0.110715
2019-05-31,HYG,0.014666,0.031855,1.000000,0.786891,0.716211,0.015024,0.645669,0.004579,3276,0.623929,0.110715
2019-05-31,GLD,0.026232,0.059110,1.000000,0.464202,0.505305,0.000080,0.542254,0.004814,3276,0.623929,0.110715
2019-05-31,SLV,0.039176,0.038828,1.000000,0.573777,0.573512,0.011662,0.485507,0.003549,3276,0.623929,0.110715
2019-05-31,DBC,0.039907,0.038995,1.000000,0.635584,0.612486,0.006245,0.468085,-0.001607,3276,0.623929,0.110715
2019-05-31,VNQ,0.039340,0.015078,1.000000,0.639240,0.614826,0.007771,0.563380,0.005377,3276,0.623929,0.110715
2019-06-28,SPY,0.038916,0.026348,1.000000,0.649724,0.621564,0.011677,0.676056,0.008008,3276,0.623929,0.110715
2019-06-28,QQQ,0.053710,0.037699,1.000000,0.631916,0.610143,0.013414,0.633803,0.012495,3276,0.623929,0.110715
2019-06-28,IWM,0.050493,0.015048,1.000000,0.597939,0.588639,0.014300,0.640845,0.007639,3276,0.623929,0.110715
2019-06-28,EFA,0.034682,-0.012932,0.000000,0.534962,0.549367,0.007743,0.549296,0.003141,3276,0.623929,0.110715
2019-06-28,EEM,0.048890,-0.014449,0.000000,0.487070,0.519599,0.006509,0.507042,0.004327,3276,0.623929,0.110715
2019-06-28,SHY,0.003483,-0.000520,0.000000,0.640776,0.615810,-0.001137,0.605634,0.001356,3276,0.623929,0.110715
2019-06-28,IEF,0.013161,-0.002167,0.000000,0.538637,0.551649,0.001292,0.528169,0.003441,3276,0.623929,0.110715
2019-06-28,TLT,0.026637,-0.005432,0.000000,0.542143,0.553826,0.001666,0.528169,0.004316,3276,0.623929,0.110715
2019-06-28,AGG,0.008142,0.001369,1.000000,0.591389,0.584528,0.000864,0.584507,0.002599,3276,0.623929,0.110715
2019-06-28,LQD,0.012853,0.001653,1.000000,0.577988,0.576141,0.002011,0.570423,0.003358,3276,0.623929,0.110715
2019-06-28,HYG,0.015236,0.003295,1.000000,0.673140,0.636789,0.006614,0.645669,0.004579,3276,0.623929,0.110715
2019-06-28,GLD,0.030824,0.013363,1.000000,0.565852,0.568571,0.001649,0.542254,0.004814,3276,0.623929,0.110715
2019-06-28,SLV,0.039560,0.081647,1.000000,0.527421,0.544685,0.001713,0.485507,0.003549,3276,0.623929,0.110715
2019-06-28,DBC,0.041313,-0.005086,0.000000,0.468780,0.508174,0.002590,0.468085,-0.001607,3276,0.623929,0.110715
2019-06-28,VNQ,0.040462,0.021053,1.000000,0.704251,0.657472,0.016832,0.563380,0.005377,3276,0.623929,0.110715
2019-07-31,SPY,0.034962,-0.016306,0.000000,0.711457,0.662352,0.018558,0.676056,0.008008,3276,0.623929,0.110715
2019-07-31,QQQ,0.048223,-0.016640,0.000000,0.699478,0.654260,0.022514,0.633803,0.012495,3276,0.623929,0.110715
2019-07-31,IWM,0.046270,-0.047585,0.000000,0.597635,0.588448,0.012261,0.640845,0.007639,3276,0.623929,0.110715
2019-07-31,EFA,0.031622,-0.023119,0.000000,0.703125,0.656713,0.017577,0.549296,0.003141,3276,0.623929,0.110715
2019-07-31,EEM,0.043010,-0.045248,0.000000,0.698013,0.653277,0.019621,0.507042,0.004327,3276,0.623929,0.110715
2019-07-31,SHY,0.003448,0.007462,1.000000,0.656307,0.625819,0.005276,0.605634,0.001356,3276,0.623929,0.110715
2019-07-31,IEF,0.012606,0.039243,1.000000,0.525892,0.543736,0.001530,0.528169,0.003441,3276,0.623929,0.110715
2019-07-31,TLT,0.026874,0.110189,1.000000,0.523900,0.542499,0.000446,0.528169,0.004316,3276,0.623929,0.110715
2019-07-31,AGG,0.007923,0.026927,1.000000,0.591701,0.584723,0.002893,0.584507,0.002599,3276,0.623929,0.110715
2019-07-31,LQD,0.013218,0.039022,1.000000,0.586656,0.581562,0.003191,0.570423,0.003358,3276,0.623929,0.110715
2019-07-31,HYG,0.013601,0.007821,1.000000,0.642552,0.616950,0.010703,0.645669,0.004579,3276,0.623929,0.110715
2019-07-31,GLD,0.036873,0.081901,1.000000,0.599893,0.589867,0.002946,0.542254,0.004814,3276,0.623929,0.110715
2019-07-31,SLV,0.044872,0.122288,1.000000,0.521379,0.540934,-0.002585,0.485507,0.003549,3276,0.623929,0.110715
2019-07-31,DBC,0.039687,-0.030868,0.000000,0.534525,0.549095,0.007809,0.468085,-0.001607,3276,0.623929,0.110715
2019-07-31,VNQ,0.038478,0.036674,1.000000,0.643867,0.617795,0.009067,0.563380,0.005377,3276,0.623929,0.110715
2019-08-30,SPY,0.046190,0.007331,1.000000,0.563361,0.567019,-0.007719,0.676056,0.008008,3276,0.623929,0.110715
2019-08-30,QQQ,0.057689,0.000948,1.000000,0.534504,0.549082,-0.005946,0.633803,0.012495,3276,0.623929,0.110715
2019-08-30,IWM,0.055520,0.000346,1.000000,0.564011,0.567424,-0.005623,0.640845,0.007639,3276,0.623929,0.110715
2019-08-30,EFA,0.037043,0.021516,1.000000,0.471389,0.509806,-0.007831,0.549296,0.003141,3276,0.623929,0.110715
2019-08-30,EEM,0.050151,0.009704,1.000000,0.428384,0.482693,-0.009076,0.507042,0.004327,3276,0.623929,0.110715
2019-08-30,SHY,0.003996,-0.000222,0.000000,0.633447,0.611120,0.001721,0.605634,0.001356,3276,0.623929,0.110715
2019-08-30,IEF,0.015643,-0.009124,0.000000,0.572422,0.572667,0.003536,0.528169,0.003441,3276,0.623929,0.110715
2019-08-30,TLT,0.036735,-0.023868,0.000000,0.589700,0.583469,0.007495,0.528169,0.004316,3276,0.623929,0.110715
2019-08-30,AGG,0.009788,-0.004317,0.000000,0.578362,0.576375,0.001243,0.584507,0.002599,3276,0.623929,0.110715
2019-08-30,LQD,0.014430,-0.006419,0.000000,0.564786,0.567907,0.004905,0.570423,0.003358,3276,0.623929,0.110715
2019-08-30,HYG,0.015400,0.002076,1.000000,0.614184,0.598880,0.000317,0.645669,0.004579,3276,0.623929,0.110715
2019-08-30,GLD,0.039264,-0.028661,0.000000,0.545319,0.555799,0.008771,0.542254,0.004814,3276,0.623929,0.110715
2019-08-30,SLV,0.051833,-0.058309,0.000000,0.458603,0.501790,-0.002688,0.485507,0.003549,3276,0.623929,0.110715
2019-08-30,DBC,0.042471,0.013486,1.000000,0.515064,0.537013,0.006487,0.468085,-0.001607,3276,0.623929,0.110715
2019-08-30,VNQ,0.039372,0.009652,1.000000,0.586606,0.581531,0.003211,0.563380,0.005377,3276,0.623929,0.110715
2019-09-30,SPY,0.040975,0.021700,1.000000,0.629572,0.608649,0.011543,0.676056,0.008008,3276,0.623929,0.110715
2019-09-30,QQQ,0.052973,0.038292,1.000000,0.640079,0.615364,0.011893,0.633803,0.012495,3276,0.623929,0.110715
2019-09-30,IWM,0.052734,0.036408,1.000000,0.647036,0.619832,0.011989,0.640845,0.007639,3276,0.623929,0.110715
2019-09-30,EFA,0.033514,0.032050,1.000000,0.535308,0.549581,0.006769,0.549296,0.003141,3276,0.623929,0.110715
2019-09-30,EEM,0.045631,0.045510,1.000000,0.579768,0.577253,0.011817,0.507042,0.004327,3276,0.623929,0.110715
2019-09-30,SHY,0.004123,0.000767,1.000000,0.638926,0.614625,0.002803,0.605634,0.001356,3276,0.623929,0.110715
2019-09-30,IEF,0.017023,-0.009252,0.000000,0.585004,0.580528,0.004118,0.528169,0.003441,3276,0.623929,0.110715
2019-09-30,TLT,0.040571,-0.038367,0.000000,0.544356,0.555201,0.001114,0.528169,0.004316,3276,0.623929,0.110715
2019-09-30,AGG,0.010804,-0.004649,0.000000,0.619826,0.602453,0.004092,0.584507,0.002599,3276,0.623929,0.110715
2019-09-30,LQD,0.016606,-0.005144,0.000000,0.600771,0.590420,0.003001,0.570423,0.003358,3276,0.623929,0.110715
2019-09-30,HYG,0.013564,0.004607,1.000000,0.640400,0.615569,0.010277,0.645669,0.004579,3276,0.623929,0.110715
2019-09-30,GLD,0.041250,0.009937,1.000000,0.662294,0.629705,0.011996,0.542254,0.004814,3276,0.623929,0.110715
2019-09-30,SLV,0.076572,0.045854,1.000000,0.573200,0.573152,-0.006202,0.485507,0.003549,3276,0.623929,0.110715
2019-09-30,DBC,0.048044,0.031915,1.000000,0.545666,0.556014,0.003087,0.468085,-0.001607,3276,0.623929,0.110715
2019-09-30,VNQ,0.036642,0.009437,1.000000,0.557075,0.563107,0.005456,0.563380,0.005377,3276,0.623929,0.110715
2019-10-31,SPY,0.039046,0.027396,1.000000,0.573146,0.573118,0.006869,0.676056,0.008008,3276,0.623929,0.110715
2019-10-31,QQQ,0.049549,0.030039,1.000000,0.559070,0.564348,0.008717,0.633803,0.012495,3276,0.623929,0.110715
2019-10-31,IWM,0.048380,0.030492,1.000000,0.558395,0.563928,0.007355,0.640845,0.007639,3276,0.623929,0.110715
2019-10-31,EFA,0.033710,0.006081,1.000000,0.493296,0.523478,0.002711,0.549296,0.003141,3276,0.623929,0.110715
2019-10-31,EEM,0.041956,-0.001174,0.000000,0.487126,0.519634,0.006680,0.507042,0.004327,3276,0.623929,0.110715
2019-10-31,SHY,0.003994,-0.000779,0.000000,0.604831,0.592976,0.000830,0.605634,0.001356,3276,0.623929,0.110715
2019-10-31,IEF,0.016836,-0.010438,0.000000,0.552605,0.560327,0.003409,0.528169,0.003441,3276,0.623929,0.110715
2019-10-31,TLT,0.039328,-0.017350,0.000000,0.537441,0.550906,0.004966,0.528169,0.004316,3276,0.623929,0.110715
2019-10-31,AGG,0.010545,-0.001446,0.000000,0.586466,0.581443,0.003620,0.584507,0.002599,3276,0.623929,0.110715
2019-10-31,LQD,0.015706,0.000389,1.000000,0.535677,0.549811,0.004170,0.570423,0.003358,3276,0.623929,0.110715
2019-10-31,HYG,0.012537,0.004995,1.000000,0.641323,0.616161,0.012548,0.645669,0.004579,3276,0.623929,0.110715
2019-10-31,GLD,0.037330,-0.032577,0.000000,0.464058,0.505215,0.007292,0.542254,0.004814,3276,0.623929,0.110715
2019-10-31,SLV,0.067679,-0.066194,0.000000,0.415114,0.474221,0.010176,0.485507,0.003549,3276,0.623929,0.110715
2019-10-31,DBC,0.041944,-0.002609,0.000000,0.465759,0.506281,0.007904,0.468085,-0.001607,3276,0.623929,0.110715
2019-10-31,VNQ,0.032919,-0.027996,0.000000,0.591094,0.584342,0.010529,0.563380,0.005377,3276,0.623929,0.110715
2019-11-29,SPY,0.034218,0.029056,1.000000,0.571457,0.572065,0.009917,0.676056,0.008008,3276,0.623929,0.110715
2019-11-29,QQQ,0.043416,0.038864,1.000000,0.562096,0.566232,0.015507,0.633803,0.012495,3276,0.623929,0.110715
2019-11-29,IWM,0.044457,0.027865,1.000000,0.541218,0.553252,0.005025,0.640845,0.007639,3276,0.623929,0.110715
2019-11-29,EFA,0.030211,0.029954,1.000000,0.559011,0.564312,0.009038,0.549296,0.003141,3276,0.623929,0.110715
2019-11-29,EEM,0.039755,0.077302,1.000000,0.640854,0.615860,0.011044,0.507042,0.004327,3276,0.623929,0.110715
2019-11-29,SHY,0.003605,0.001551,1.000000,0.603224,0.591964,0.003416,0.605634,0.001356,3276,0.623929,0.110715
2019-11-29,IEF,0.016110,-0.009280,0.000000,0.549267,0.558252,0.005887,0.528169,0.003441,3276,0.623929,0.110715
2019-11-29,TLT,0.037747,-0.031975,0.000000,0.521984,0.541310,0.004374,0.528169,0.004316,3276,0.623929,0.110715
2019-11-29,AGG,0.010038,-0.000468,0.000000,0.578663,0.576563,0.005880,0.584507,0.002599,3276,0.623929,0.110715
2019-11-29,LQD,0.015504,0.005273,1.000000,0.565163,0.568142,0.004726,0.570423,0.003358,3276,0.623929,0.110715
2019-11-29,HYG,0.011721,0.019113,1.000000,0.641721,0.616417,0.006262,0.645669,0.004579,3276,0.623929,0.110715
2019-11-29,GLD,0.034805,0.036559,1.000000,0.588200,0.582529,0.009614,0.542254,0.004814,3276,0.623929,0.110715
2019-11-29,SLV,0.062544,0.047739,1.000000,0.556974,0.563044,0.013181,0.485507,0.003549,3276,0.623929,0.110715
2019-11-29,DBC,0.041312,0.058492,1.000000,0.586134,0.581235,0.006047,0.468085,-0.001607,3276,0.623929,0.110715
2019-11-29,VNQ,0.033418,0.007690,1.000000,0.600043,0.589962,0.003354,0.563380,0.005377,3276,0.623929,0.110715
2019-12-31,SPY,0.030890,-0.000404,0.000000,0.574325,0.573854,0.004206,0.676056,0.008008,3276,0.623929,0.110715
2019-12-31,QQQ,0.038984,0.030384,1.000000,0.556430,0.562706,0.007497,0.633803,0.012495,3276,0.623929,0.110715
2019-12-31,IWM,0.039025,-0.031026,0.000000,0.561080,0.565599,0.005799,0.640845,0.007639,3276,0.623929,0.110715
2019-12-31,EFA,0.028553,-0.028226,0.000000,0.504155,0.530234,0.001913,0.549296,0.003141,3276,0.623929,0.110715
2019-12-31,EEM,0.037343,-0.061511,0.000000,0.487019,0.519568,0.003300,0.507042,0.004327,3276,0.623929,0.110715
2019-12-31,SHY,0.003332,0.005790,1.000000,0.569509,0.570850,0.000532,0.605634,0.001356,3276,0.623929,0.110715
2019-12-31,IEF,0.016219,0.034658,1.000000,0.627526,0.607345,0.008261,0.528169,0.003441,3276,0.623929,0.110715
2019-12-31,TLT,0.037709,0.076912,1.000000,0.653509,0.624009,0.009923,0.528169,0.004316,3276,0.623929,0.110715
2019-12-31,AGG,0.009794,0.020290,1.000000,0.645769,0.619017,0.007965,0.584507,0.002599,3276,0.623929,0.110715
2019-12-31,LQD,0.014939,0.024461,1.000000,0.589145,0.583121,0.006022,0.570423,0.003358,3276,0.623929,0.110715
2019-12-31,HYG,0.010574,-0.004662,0.000000,0.585837,0.581049,0.002300,0.645669,0.004579,3276,0.623929,0.110715
2019-12-31,GLD,0.031281,0.044997,1.000000,0.480924,0.515766,0.001898,0.542254,0.004814,3276,0.623929,0.110715
2019-12-31,SLV,0.058335,0.008393,1.000000,0.506722,0.531830,0.007209,0.485507,0.003549,3276,0.623929,0.110715
2019-12-31,DBC,0.037101,-0.085893,0.000000,0.450450,0.496661,0.001484,0.468085,-0.001607,3276,0.623929,0.110715
2019-12-31,VNQ,0.033311,0.012286,1.000000,0.539583,0.552236,-0.000761,0.563380,0.005377,3276,0.623929,0.110715
2020-01-31,SPY,0.032308,-0.066795,0.000000,0.780999,0.730606,0.016518,0.681818,0.008423,3528,0.674033,0.140670
2020-01-31,QQQ,0.040315,-0.043776,0.000000,0.713350,0.680309,0.015426,0.642857,0.012963,3528,0.674033,0.140670
2020-01-31,IWM,0.038135,-0.078365,0.000000,0.774252,0.725399,0.018111,0.642857,0.007634,3528,0.674033,0.140670
2020-01-31,EFA,0.031137,-0.073355,0.000000,0.730998,0.693067,0.014421,0.558442,0.003637,3528,0.674033,0.140670
2020-01-31,EEM,0.047464,-0.023510,0.000000,0.670275,0.649956,0.009523,0.506494,0.004432,3528,0.674033,0.140670
2020-01-31,SHY,0.003109,0.012360,1.000000,0.541885,0.563127,-0.005984,0.616883,0.001488,3528,0.674033,0.140670
2020-01-31,IEF,0.016014,0.040870,1.000000,0.505056,0.538499,-0.000819,0.525974,0.003846,3528,0.674033,0.140670
2020-01-31,TLT,0.037765,0.074853,1.000000,0.515201,0.545292,0.002481,0.525974,0.005201,3528,0.674033,0.140670
2020-01-31,AGG,0.009325,0.022407,1.000000,0.533498,0.557524,-0.002056,0.584416,0.003017,3528,0.674033,0.140670
2020-01-31,LQD,0.013916,0.021412,1.000000,0.519238,0.547993,-0.000824,0.584416,0.004174,3528,0.674033,0.140670
2020-01-31,HYG,0.011998,-0.009669,0.000000,0.779952,0.729795,0.013442,0.661871,0.004949,3528,0.674033,0.140670
2020-01-31,GLD,0.030232,0.030536,1.000000,0.514379,0.544742,-0.000166,0.545455,0.005397,3528,0.674033,0.140670
2020-01-31,SLV,0.057600,-0.047562,0.000000,0.558060,0.573933,0.004547,0.486667,0.004439,3528,0.674033,0.140670
2020-01-31,DBC,0.037958,-0.043210,0.000000,0.538425,0.560815,0.006873,0.470588,-0.000949,3528,0.674033,0.140670
2020-01-31,VNQ,0.033175,-0.032791,0.000000,0.651793,0.637202,0.010710,0.571429,0.005827,3528,0.674033,0.140670
2020-02-28,SPY,0.048652,-0.111629,0.000000,0.713818,0.680644,0.010787,0.681818,0.008423,3528,0.674033,0.140670
2020-02-28,QQQ,0.057486,-0.064873,0.000000,0.725668,0.689191,0.015430,0.642857,0.012963,3528,0.674033,0.140670
2020-02-28,IWM,0.051809,-0.210792,0.000000,0.675997,0.653934,0.008124,0.642857,0.007634,3528,0.674033,0.140670
2020-02-28,EFA,0.043032,-0.133515,0.000000,0.613832,0.611364,0.007855,0.558442,0.003637,3528,0.674033,0.140670
2020-02-28,EEM,0.053927,-0.163376,0.000000,0.606085,0.606137,0.008869,0.506494,0.004432,3528,0.674033,0.140670
2020-02-28,SHY,0.003848,0.012675,1.000000,0.570983,0.582574,-0.008023,0.616883,0.001488,3528,0.674033,0.140670
2020-02-28,IEF,0.017267,0.035349,1.000000,0.467359,0.513132,-0.006313,0.525974,0.003846,3528,0.674033,0.140670
2020-02-28,TLT,0.039609,0.072472,1.000000,0.449241,0.500836,-0.005504,0.525974,0.005201,3528,0.674033,0.140670
2020-02-28,AGG,0.009917,-0.002595,0.000000,0.513905,0.544425,-0.005822,0.584416,0.003017,3528,0.674033,0.140670
2020-02-28,LQD,0.014740,-0.060008,0.000000,0.521262,0.549346,-0.000765,0.584416,0.004174,3528,0.674033,0.140670
2020-02-28,HYG,0.015818,-0.093042,0.000000,0.751932,0.708505,0.013243,0.661871,0.004949,3528,0.674033,0.140670
2020-02-28,GLD,0.038881,0.030597,1.000000,0.627788,0.620816,0.004032,0.545455,0.005397,3528,0.674033,0.140670
2020-02-28,SLV,0.068594,-0.152608,0.000000,0.617615,0.613922,0.000545,0.486667,0.004439,3528,0.674033,0.140670
2020-02-28,DBC,0.042790,-0.163115,0.000000,0.612516,0.610475,0.008418,0.470588,-0.000949,3528,0.674033,0.140670
2020-02-28,VNQ,0.051090,-0.173954,0.000000,0.695131,0.667349,0.007793,0.571429,0.005827,3528,0.674033,0.140670
2020-03-31,SPY,0.147506,0.126983,1.000000,0.325235,0.413079,-0.049549,0.681818,0.008423,3528,0.674033,0.140670
2020-03-31,QQQ,0.147765,0.149737,1.000000,0.320792,0.409763,-0.041938,0.642857,0.012963,3528,0.674033,0.140670
2020-03-31,IWM,0.157708,0.138476,1.000000,0.289690,0.386069,-0.055073,0.642857,0.007634,3528,0.674033,0.140670
2020-03-31,EFA,0.134390,0.058175,1.000000,0.284620,0.382120,-0.047851,0.558442,0.003637,3528,0.674033,0.140670
2020-03-31,EEM,0.148555,0.073542,1.000000,0.257483,0.360500,-0.049735,0.506494,0.004432,3528,0.674033,0.140670
2020-03-31,SHY,0.006187,0.002726,1.000000,0.656984,0.640771,0.000012,0.616883,0.001488,3528,0.674033,0.140670
2020-03-31,IEF,0.034623,0.002753,1.000000,0.520881,0.549091,-0.006147,0.525974,0.003846,3528,0.674033,0.140670
2020-03-31,TLT,0.100686,0.012189,1.000000,0.384076,0.455700,-0.023786,0.525974,0.005201,3528,0.674033,0.140670
2020-03-31,AGG,0.043567,0.017191,1.000000,0.566374,0.579491,-0.010863,0.584416,0.003017,3528,0.674033,0.140670
2020-03-31,LQD,0.083343,0.048458,1.000000,0.409409,0.473450,-0.029667,0.584416,0.004174,3528,0.674033,0.140670
2020-03-31,HYG,0.072796,0.048836,1.000000,0.501301,0.535982,-0.024641,0.661871,0.004949,3528,0.674033,0.140670
2020-03-31,GLD,0.067805,0.072611,1.000000,0.519416,0.548112,-0.009960,0.545455,0.005397,3528,0.674033,0.140670
2020-03-31,SLV,0.123943,0.071264,1.000000,0.331801,0.417952,-0.033653,0.486667,0.004439,3528,0.674033,0.140670
2020-03-31,DBC,0.079121,-0.031111,0.000000,0.422413,0.482453,-0.017234,0.470588,-0.000949,3528,0.674033,0.140670
2020-03-31,VNQ,0.177640,0.089620,1.000000,0.206058,0.316803,-0.067942,0.571429,0.005827,3528,0.674033,0.140670
2020-04-30,SPY,0.137981,0.051880,1.000000,0.584447,0.591593,0.004955,0.681818,0.008423,3528,0.674033,0.140670
2020-04-30,QQQ,0.139617,0.069207,1.000000,0.577738,0.587097,0.008564,0.642857,0.012963,3528,0.674033,0.140670
2020-04-30,IWM,0.159212,0.076126,1.000000,0.512371,0.543398,-0.004623,0.642857,0.007634,3528,0.674033,0.140670
2020-04-30,EFA,0.125038,0.077780,1.000000,0.479188,0.521119,0.000173,0.558442,0.003637,3528,0.674033,0.140670
2020-04-30,EEM,0.136723,0.053493,1.000000,0.471382,0.515851,0.004067,0.506494,0.004432,3528,0.674033,0.140670
2020-04-30,SHY,0.005319,-0.000900,0.000000,0.385148,0.456458,-0.008126,0.616883,0.001488,3528,0.674033,0.140670
2020-04-30,IEF,0.030076,0.002879,1.000000,0.544428,0.564826,0.008317,0.525974,0.003846,3528,0.674033,0.140670
2020-04-30,TLT,0.088443,-0.024233,0.000000,0.572041,0.583283,0.013693,0.525974,0.005201,3528,0.674033,0.140670
2020-04-30,AGG,0.037461,0.006160,1.000000,0.560289,0.575423,0.006496,0.584416,0.003017,3528,0.674033,0.140670
2020-04-30,LQD,0.076466,0.024151,1.000000,0.549924,0.568497,0.003397,0.584416,0.004174,3528,0.674033,0.140670
2020-04-30,HYG,0.077613,0.037252,1.000000,0.551382,0.569471,-0.006962,0.661871,0.004949,3528,0.674033,0.140670
2020-04-30,GLD,0.065556,0.030605,1.000000,0.592641,0.597091,0.009758,0.545455,0.005397,3528,0.674033,0.140670
2020-04-30,SLV,0.112716,0.223176,1.000000,0.573126,0.584009,0.012525,0.486667,0.004439,3528,0.674033,0.140670
2020-04-30,DBC,0.079787,0.087156,1.000000,0.498666,0.534215,0.001923,0.470588,-0.000949,3528,0.674033,0.140670
2020-04-30,VNQ,0.171830,0.040862,1.000000,0.487535,0.526738,-0.006078,0.571429,0.005827,3528,0.674033,0.140670
2020-05-29,SPY,0.120967,0.004863,1.000000,0.546437,0.566167,0.005650,0.681818,0.008423,3528,0.674033,0.140670
2020-05-29,QQQ,0.121635,0.042433,1.000000,0.551862,0.569792,0.011048,0.642857,0.012963,3528,0.674033,0.140670
2020-05-29,IWM,0.148547,0.019563,1.000000,0.504813,0.538337,-0.005242,0.642857,0.007634,3528,0.674033,0.140670
2020-05-29,EFA,0.112063,0.036983,1.000000,0.450034,0.501376,0.000082,0.558442,0.003637,3528,0.674033,0.140670
2020-05-29,EEM,0.121898,0.069515,1.000000,0.446783,0.499161,0.003927,0.506494,0.004432,3528,0.674033,0.140670
2020-05-29,SHY,0.004620,0.000347,1.000000,0.576826,0.586486,0.002964,0.616883,0.001488,3528,0.674033,0.140670
2020-05-29,IEF,0.026218,0.002233,1.000000,0.454845,0.504648,0.004579,0.525974,0.003846,3528,0.674033,0.140670
2020-05-29,TLT,0.078210,0.008263,1.000000,0.560181,0.575350,0.011959,0.525974,0.005201,3528,0.674033,0.140670
2020-05-29,AGG,0.031905,0.005739,1.000000,0.457379,0.506369,0.001387,0.584416,0.003017,3528,0.674033,0.140670
2020-05-29,LQD,0.065800,0.018391,1.000000,0.466383,0.512471,0.001313,0.584416,0.004174,3528,0.674033,0.140670
2020-05-29,HYG,0.067648,-0.014848,0.000000,0.534623,0.558276,0.001912,0.661871,0.004949,3528,0.674033,0.140670
2020-05-29,GLD,0.058992,0.022835,1.000000,0.501557,0.536154,0.005219,0.545455,0.005397,3528,0.674033,0.140670
2020-05-29,SLV,0.104754,-0.000600,0.000000,0.482507,0.523355,0.004128,0.486667,0.004439,3528,0.674033,0.140670
2020-05-29,DBC,0.076282,0.039898,1.000000,0.428599,0.486713,0.003733,0.470588,-0.000949,3528,0.674033,0.140670
2020-05-29,VNQ,0.155711,0.012250,1.000000,0.489338,0.527951,0.000651,0.571429,0.005827,3528,0.674033,0.140670
2020-06-30,SPY,0.109860,0.050590,1.000000,0.564854,0.578475,-0.004726,0.681818,0.008423,3528,0.674033,0.140670
2020-06-30,QQQ,0.108625,0.054645,1.000000,0.484641,0.524791,0.000188,0.642857,0.012963,3528,0.674033,0.140670
2020-06-30,IWM,0.139779,0.038972,1.000000,0.463970,0.510838,-0.013163,0.642857,0.007634,3528,0.674033,0.140670
2020-06-30,EFA,0.102378,0.041564,1.000000,0.531285,0.556046,-0.003656,0.558442,0.003637,3528,0.674033,0.140670
2020-06-30,EEM,0.109704,0.090022,1.000000,0.502326,0.536669,-0.000847,0.506494,0.004432,3528,0.674033,0.140670
2020-06-30,SHY,0.003902,0.000821,1.000000,0.558410,0.574167,0.001753,0.616883,0.001488,3528,0.674033,0.140670
2020-06-30,IEF,0.022900,0.008295,1.000000,0.546466,0.566187,0.005853,0.525974,0.003846,3528,0.674033,0.140670
2020-06-30,TLT,0.068999,0.045024,1.000000,0.505339,0.538689,0.007814,0.525974,0.005201,3528,0.674033,0.140670
2020-06-30,AGG,0.026698,0.012908,1.000000,0.519190,0.547961,0.000758,0.584416,0.003017,3528,0.674033,0.140670
2020-06-30,LQD,0.055809,0.029585,1.000000,0.474312,0.517830,-0.001088,0.584416,0.004174,3528,0.674033,0.140670
2020-06-30,HYG,0.059887,0.048636,1.000000,0.671913,0.651094,0.005686,0.661871,0.004949,3528,0.674033,0.140670
2020-06-30,GLD,0.053388,0.097927,1.000000,0.480555,0.522040,-0.000275,0.545455,0.005397,3528,0.674033,0.140670
2020-06-30,SLV,0.097635,0.279247,1.000000,0.295534,0.390590,-0.018089,0.486667,0.004439,3528,0.674033,0.140670
2020-06-30,DBC,0.070698,0.045492,1.000000,0.419619,0.480524,-0.002411,0.470588,-0.000949,3528,0.674033,0.140670
2020-06-30,VNQ,0.142737,0.038329,1.000000,0.521089,0.549231,-0.004981,0.571429,0.005827,3528,0.674033,0.140670
2020-07-31,SPY,0.093331,0.069797,1.000000,0.542255,0.563374,0.002689,0.681818,0.008423,3528,0.674033,0.140670
2020-07-31,QQQ,0.096824,0.109447,1.000000,0.518632,0.547588,0.003983,0.642857,0.012963,3528,0.674033,0.140670
2020-07-31,IWM,0.120898,0.054764,1.000000,0.535459,0.558834,0.003424,0.642857,0.007634,3528,0.674033,0.140670
2020-07-31,EFA,0.089065,0.047220,1.000000,0.601877,0.603302,0.007608,0.558442,0.003637,3528,0.674033,0.140670
2020-07-31,EEM,0.097927,0.028875,1.000000,0.506046,0.539162,0.001860,0.506494,0.004432,3528,0.674033,0.140670
2020-07-31,SHY,0.003281,-0.000231,0.000000,0.527464,0.553492,-0.000786,0.616883,0.001488,3528,0.674033,0.140670
2020-07-31,IEF,0.019300,-0.009699,0.000000,0.471154,0.515698,0.002286,0.525974,0.003846,3528,0.674033,0.140670
2020-07-31,TLT,0.059119,-0.050466,0.000000,0.523522,0.550857,0.007244,0.525974,0.005201,3528,0.674033,0.140670
2020-07-31,AGG,0.022217,-0.008236,0.000000,0.516796,0.546359,-0.002249,0.584416,0.003017,3528,0.674033,0.140670
2020-07-31,LQD,0.046752,-0.017783,0.000000,0.517736,0.546988,0.001500,0.584416,0.004174,3528,0.674033,0.140670
2020-07-31,HYG,0.050756,-0.000224,0.000000,0.551879,0.569803,-0.000782,0.661871,0.004949,3528,0.674033,0.140670
2020-07-31,GLD,0.049412,-0.003236,0.000000,0.548761,0.567720,0.007240,0.545455,0.005397,3528,0.674033,0.140670
2020-07-31,SLV,0.120333,0.158057,1.000000,0.408747,0.472990,-0.002439,0.486667,0.004439,3528,0.674033,0.140670
2020-07-31,DBC,0.061863,0.046368,1.000000,0.405693,0.470864,0.002480,0.470588,-0.000949,3528,0.674033,0.140670
2020-07-31,VNQ,0.121688,0.004423,1.000000,0.452744,0.503220,0.002860,0.571429,0.005827,3528,0.674033,0.140670
2020-08-31,SPY,0.079257,-0.037444,0.000000,0.579672,0.588392,0.009056,0.681818,0.008423,3528,0.674033,0.140670
2020-08-31,QQQ,0.085601,-0.057786,0.000000,0.573738,0.584418,0.016493,0.642857,0.012963,3528,0.674033,0.140670
2020-08-31,IWM,0.103129,-0.032613,0.000000,0.659585,0.642563,0.016472,0.642857,0.007634,3528,0.674033,0.140670
2020-08-31,EFA,0.077268,-0.020468,0.000000,0.573833,0.584482,0.010787,0.558442,0.003637,3528,0.674033,0.140670
2020-08-31,EEM,0.085900,-0.010103,0.000000,0.538998,0.561198,0.007225,0.506494,0.004432,3528,0.674033,0.140670
2020-08-31,SHY,0.002769,-0.000011,0.000000,0.577582,0.586992,0.001102,0.616883,0.001488,3528,0.674033,0.140670
2020-08-31,IEF,0.016953,0.003278,1.000000,0.612505,0.610468,0.009773,0.525974,0.003846,3528,0.674033,0.140670
2020-08-31,TLT,0.053079,0.007735,1.000000,0.588022,0.593990,0.008091,0.525974,0.005201,3528,0.674033,0.140670
2020-08-31,AGG,0.019110,-0.000973,0.000000,0.673575,0.652249,0.009229,0.584416,0.003017,3528,0.674033,0.140670
2020-08-31,LQD,0.040318,-0.004397,0.000000,0.634508,0.625385,0.008461,0.584416,0.004174,3528,0.674033,0.140670
2020-08-31,HYG,0.042979,-0.009316,0.000000,0.622868,0.617479,0.005182,0.661871,0.004949,3528,0.674033,0.140670
2020-08-31,GLD,0.060662,-0.041714,0.000000,0.556605,0.572961,-0.002368,0.545455,0.005397,3528,0.674033,0.140670
2020-08-31,SLV,0.153542,-0.174990,0.000000,0.303774,0.396908,-0.015721,0.486667,0.004439,3528,0.674033,0.140670
2020-08-31,DBC,0.055413,-0.035450,0.000000,0.434428,0.490715,0.002514,0.470588,-0.000949,3528,0.674033,0.140670
2020-08-31,VNQ,0.104483,-0.026643,0.000000,0.564203,0.578040,0.009492,0.571429,0.005827,3528,0.674033,0.140670
2020-09-30,SPY,0.075963,-0.014661,0.000000,0.681013,0.657434,0.011845,0.681818,0.008423,3528,0.674033,0.140670
2020-09-30,QQQ,0.089758,-0.005219,0.000000,0.621147,0.616312,0.012829,0.642857,0.012963,3528,0.674033,0.140670
2020-09-30,IWM,0.095793,0.035717,1.000000,0.673016,0.651860,0.017573,0.642857,0.007634,3528,0.674033,0.140670
2020-09-30,EFA,0.069993,-0.030479,0.000000,0.636225,0.626555,0.015679,0.558442,0.003637,3528,0.674033,0.140670
2020-09-30,EEM,0.077126,0.025629,1.000000,0.565686,0.579031,0.014035,0.506494,0.004432,3528,0.674033,0.140670
2020-09-30,SHY,0.002342,-0.000347,0.000000,0.567395,0.580174,0.001488,0.616883,0.001488,3528,0.674033,0.140670
2020-09-30,IEF,0.014802,-0.010604,0.000000,0.599371,0.601615,0.008148,0.525974,0.003846,3528,0.674033,0.140670
2020-09-30,TLT,0.046858,-0.024226,0.000000,0.611913,0.610068,0.009460,0.525974,0.005201,3528,0.674033,0.140670
2020-09-30,AGG,0.016334,-0.002868,0.000000,0.684549,0.659908,0.012600,0.584416,0.003017,3528,0.674033,0.140670
2020-09-30,LQD,0.034776,0.000104,1.000000,0.652846,0.637925,0.014300,0.584416,0.004174,3528,0.674033,0.140670
2020-09-30,HYG,0.037718,0.001878,1.000000,0.692788,0.665696,0.011232,0.661871,0.004949,3528,0.674033,0.140670
2020-09-30,GLD,0.055283,-0.009711,0.000000,0.600460,0.602348,0.014508,0.545455,0.005397,3528,0.674033,0.140670
2020-09-30,SLV,0.148123,0.003235,1.000000,0.508038,0.540497,0.015607,0.486667,0.004439,3528,0.674033,0.140670
2020-09-30,DBC,0.054617,-0.031394,0.000000,0.534125,0.557943,0.011455,0.470588,-0.000949,3528,0.674033,0.140670
2020-09-30,VNQ,0.096453,-0.023556,0.000000,0.657880,0.641388,0.017135,0.571429,0.005827,3528,0.674033,0.140670
2020-10-30,SPY,0.070890,0.120904,1.000000,0.729597,0.692045,0.015976,0.681818,0.008423,3528,0.674033,0.140670
2020-10-30,QQQ,0.086532,0.126513,1.000000,0.710639,0.678368,0.019466,0.642857,0.012963,3528,0.674033,0.140670
2020-10-30,IWM,0.087166,0.193416,1.000000,0.749296,0.706541,0.020619,0.642857,0.007634,3528,0.674033,0.140670
2020-10-30,EFA,0.063889,0.169572,1.000000,0.646331,0.633457,0.015981,0.558442,0.003637,3528,0.674033,0.140670
2020-10-30,EEM,0.068601,0.111384,1.000000,0.664334,0.645841,0.019009,0.506494,0.004432,3528,0.674033,0.140670
2020-10-30,SHY,0.001978,-0.000324,0.000000,0.625046,0.618955,0.004984,0.616883,0.001488,3528,0.674033,0.140670
2020-10-30,IEF,0.013743,-0.001954,0.000000,0.647286,0.634112,0.011695,0.525974,0.003846,3528,0.674033,0.140670
2020-10-30,TLT,0.043046,0.001649,1.000000,0.610893,0.609380,0.008357,0.525974,0.005201,3528,0.674033,0.140670
2020-10-30,AGG,0.014062,0.008866,1.000000,0.694740,0.667073,0.013717,0.584416,0.003017,3528,0.674033,0.140670
2020-10-30,LQD,0.029670,0.033781,1.000000,0.691889,0.665063,0.016897,0.584416,0.004174,3528,0.674033,0.140670
2020-10-30,HYG,0.032811,0.036169,1.000000,0.730933,0.693019,0.013572,0.661871,0.004949,3528,0.674033,0.140670
2020-10-30,GLD,0.049936,-0.034166,0.000000,0.638881,0.628366,0.016271,0.545455,0.005397,3528,0.674033,0.140670
2020-10-30,SLV,0.134007,0.014097,1.000000,0.649172,0.635404,0.033385,0.486667,0.004439,3528,0.674033,0.140670
2020-10-30,DBC,0.053464,0.098814,1.000000,0.627121,0.620363,0.021746,0.470588,-0.000949,3528,0.674033,0.140670
2020-10-30,VNQ,0.085619,0.110850,1.000000,0.672289,0.651355,0.020789,0.571429,0.005827,3528,0.674033,0.140670
2020-11-30,SPY,0.065504,0.031806,1.000000,0.672488,0.651493,0.013747,0.681818,0.008423,3528,0.674033,0.140670
2020-11-30,QQQ,0.081675,0.046450,1.000000,0.620761,0.616051,0.012778,0.642857,0.012963,3528,0.674033,0.140670
2020-11-30,IWM,0.084872,0.088404,1.000000,0.664320,0.645832,0.016180,0.642857,0.007634,3528,0.674033,0.140670
2020-11-30,EFA,0.063633,0.058214,1.000000,0.627513,0.620629,0.012197,0.558442,0.003637,3528,0.674033,0.140670
2020-11-30,EEM,0.065444,0.071917,1.000000,0.606631,0.606504,0.014213,0.506494,0.004432,3528,0.674033,0.140670
2020-11-30,SHY,0.001716,0.000521,1.000000,0.550039,0.568574,-0.001936,0.616883,0.001488,3528,0.674033,0.140670
2020-11-30,IEF,0.013996,-0.003050,0.000000,0.529614,0.554929,0.001898,0.525974,0.003846,3528,0.674033,0.140670
2020-11-30,TLT,0.043100,-0.013717,0.000000,0.502484,0.536776,0.000138,0.525974,0.005201,3528,0.674033,0.140670
2020-11-30,AGG,0.013106,0.000095,1.000000,0.605541,0.605770,0.001898,0.584416,0.003017,3528,0.674033,0.140670
2020-11-30,LQD,0.027340,0.001289,1.000000,0.594643,0.598436,0.001660,0.584416,0.004174,3528,0.674033,0.140670
2020-11-30,HYG,0.029459,0.018762,1.000000,0.647973,0.634582,0.005132,0.661871,0.004949,3528,0.674033,0.140670
2020-11-30,GLD,0.053031,0.066179,1.000000,0.634187,0.625167,0.011394,0.545455,0.005397,3528,0.674033,0.140670
2020-11-30,SLV,0.124456,0.176247,1.000000,0.667217,0.647837,0.022304,0.486667,0.004439,3528,0.674033,0.140670
2020-11-30,DBC,0.050707,0.050215,1.000000,0.547760,0.567051,0.016268,0.470588,-0.000949,3528,0.674033,0.140670
2020-11-30,VNQ,0.079812,0.017543,1.000000,0.654928,0.639357,0.017718,0.571429,0.005827,3528,0.674033,0.140670
2020-12-31,SPY,0.055950,0.020515,1.000000,0.538365,0.560775,0.007327,0.681818,0.008423,3528,0.674033,0.140670
2020-12-31,QQQ,0.069954,0.044432,1.000000,0.565518,0.578919,0.012536,0.642857,0.012963,3528,0.674033,0.140670
2020-12-31,IWM,0.075287,0.089513,1.000000,0.619544,0.615227,0.017280,0.642857,0.007634,3528,0.674033,0.140670
2020-12-31,EFA,0.056213,0.014117,1.000000,0.508562,0.540848,0.007175,0.558442,0.003637,3528,0.674033,0.140670
2020-12-31,EEM,0.059202,0.073350,1.000000,0.454321,0.504292,0.005993,0.506494,0.004432,3528,0.674033,0.140670
2020-12-31,SHY,0.001523,-0.000000,0.000000,0.650849,0.636554,0.004484,0.616883,0.001488,3528,0.674033,0.140670
2020-12-31,IEF,0.012571,-0.012189,0.000000,0.453281,0.503585,0.001883,0.525974,0.003846,3528,0.674033,0.140670
2020-12-31,TLT,0.038992,-0.041431,0.000000,0.474045,0.517650,0.003971,0.525974,0.005201,3528,0.674033,0.140670
2020-12-31,AGG,0.011311,-0.008022,0.000000,0.503570,0.537503,0.000028,0.584416,0.003017,3528,0.674033,0.140670
2020-12-31,LQD,0.023484,-0.018991,0.000000,0.492361,0.529982,-0.000583,0.584416,0.004174,3528,0.674033,0.140670
2020-12-31,HYG,0.024966,0.001831,1.000000,0.543769,0.564385,0.001166,0.661871,0.004949,3528,0.674033,0.140670
2020-12-31,GLD,0.049000,-0.035041,0.000000,0.483469,0.524002,0.006338,0.545455,0.005397,3528,0.674033,0.140670
2020-12-31,SLV,0.116068,-0.001221,0.000000,0.564223,0.578053,0.020850,0.486667,0.004439,3528,0.674033,0.140670
2020-12-31,DBC,0.045524,0.061225,1.000000,0.467125,0.512974,0.007369,0.470588,-0.000949,3528,0.674033,0.140670
2020-12-31,VNQ,0.070441,0.029318,1.000000,0.531573,0.556238,0.008813,0.571429,0.005827,3528,0.674033,0.140670
2021-01-29,SPY,0.053849,0.044505,1.000000,0.743945,0.557238,0.013340,0.674699,0.009159,3780,-0.300257,0.550209
2021-01-29,QQQ,0.068456,0.012207,1.000000,0.657078,0.587818,0.013958,0.644578,0.014734,3780,-0.300257,0.550209
2021-01-29,IWM,0.073354,0.078615,1.000000,0.652715,0.589222,0.017724,0.644578,0.008480,3780,-0.300257,0.550209
2021-01-29,EFA,0.053970,0.040475,1.000000,0.692427,0.576044,0.012579,0.560241,0.004430,3780,-0.300257,0.550209
2021-01-29,EEM,0.062112,0.024761,1.000000,0.617765,0.600144,0.011354,0.518072,0.005746,3780,-0.300257,0.550209
2021-01-29,SHY,0.001379,-0.000440,0.000000,0.577505,0.612152,0.000508,0.614458,0.001588,3780,-0.300257,0.550209
2021-01-29,IEF,0.012249,-0.022958,0.000000,0.524443,0.627342,0.005127,0.536145,0.004163,3780,-0.300257,0.550209
2021-01-29,TLT,0.037634,-0.069714,0.000000,0.529450,0.625930,0.004575,0.536145,0.005839,3780,-0.300257,0.550209
2021-01-29,AGG,0.010471,-0.015523,0.000000,0.609100,0.602774,0.006150,0.584337,0.003271,3780,-0.300257,0.550209
2021-01-29,LQD,0.021695,-0.022788,0.000000,0.622147,0.598803,0.006983,0.596386,0.004616,3780,-0.300257,0.550209
2021-01-29,HYG,0.021911,0.007247,1.000000,0.733719,0.561161,0.010871,0.649007,0.004954,3780,-0.300257,0.550209
2021-01-29,GLD,0.049766,-0.059093,0.000000,0.572728,0.613545,0.003954,0.554217,0.006680,3780,-0.300257,0.550209
2021-01-29,SLV,0.116905,-0.007603,0.000000,0.413072,0.658290,-0.003659,0.500000,0.006761,3780,-0.300257,0.550209
2021-01-29,DBC,0.045766,0.096774,1.000000,0.530624,0.625599,0.003383,0.472727,-0.000964,3780,-0.300257,0.550209
2021-01-29,VNQ,0.066009,0.028837,1.000000,0.563771,0.616141,0.009512,0.578313,0.005763,3780,-0.300257,0.550209
2021-02-26,SPY,0.050622,0.043948,1.000000,0.733890,0.561096,0.010487,0.674699,0.009159,3780,-0.300257,0.550209
2021-02-26,QQQ,0.066333,0.006904,1.000000,0.706006,0.571302,0.011070,0.644578,0.014734,3780,-0.300257,0.550209
2021-02-26,IWM,0.073770,-0.016063,0.000000,0.690029,0.576867,0.016746,0.644578,0.008480,3780,-0.300257,0.550209
2021-02-26,EFA,0.049409,0.030942,1.000000,0.656226,0.588093,0.011226,0.560241,0.004430,3780,-0.300257,0.550209
2021-02-26,EEM,0.061258,-0.015448,0.000000,0.662097,0.586191,0.012758,0.518072,0.005746,3780,-0.300257,0.550209
2021-02-26,SHY,0.001716,-0.000208,0.000000,0.709804,0.569951,0.003019,0.614458,0.001588,3780,-0.300257,0.550209
2021-02-26,IEF,0.015309,-0.021609,0.000000,0.595438,0.606867,0.003753,0.536145,0.004163,3780,-0.300257,0.550209
2021-02-26,TLT,0.042721,-0.052103,0.000000,0.550323,0.620004,0.000573,0.536145,0.005839,3780,-0.300257,0.550209
2021-02-26,AGG,0.012325,-0.012419,0.000000,0.644744,0.591761,0.002745,0.584337,0.003271,3780,-0.300257,0.550209
2021-02-26,LQD,0.023822,-0.020386,0.000000,0.630418,0.596251,0.002616,0.596386,0.004616,3780,-0.300257,0.550209
2021-02-26,HYG,0.019955,0.009717,1.000000,0.786167,0.539736,0.011604,0.649007,0.004954,3780,-0.300257,0.550209
2021-02-26,GLD,0.050889,-0.009270,0.000000,0.617226,0.600308,0.006758,0.554217,0.006680,3780,-0.300257,0.550209
2021-02-26,SLV,0.121171,-0.070965,0.000000,0.464683,0.643984,-0.005243,0.500000,0.006761,3780,-0.300257,0.550209
2021-02-26,DBC,0.047736,0.003586,1.000000,0.529127,0.626022,0.006567,0.472727,-0.000964,3780,-0.300257,0.550209
2021-02-26,VNQ,0.060187,0.056557,1.000000,0.652882,0.589168,0.012728,0.578313,0.005763,3780,-0.300257,0.550209
2021-03-31,SPY,0.048938,0.052910,1.000000,0.641377,0.592825,0.007407,0.674699,0.009159,3780,-0.300257,0.550209
2021-03-31,QQQ,0.071574,0.059098,1.000000,0.531454,0.625365,0.003231,0.644578,0.014734,3780,-0.300257,0.550209
2021-03-31,IWM,0.080895,0.017878,1.000000,0.640720,0.593032,0.011054,0.644578,0.008480,3780,-0.300257,0.550209
2021-03-31,EFA,0.045132,0.029524,1.000000,0.610211,0.602438,0.009083,0.560241,0.004430,3780,-0.300257,0.550209
2021-03-31,EEM,0.065737,0.011998,1.000000,0.521286,0.628229,0.004219,0.518072,0.005746,3780,-0.300257,0.550209
2021-03-31,SHY,0.001505,0.000568,1.000000,0.601282,0.605124,0.007472,0.614458,0.001588,3780,-0.300257,0.550209
2021-03-31,IEF,0.015302,0.010012,1.000000,0.600314,0.605413,0.008787,0.536145,0.004163,3780,-0.300257,0.550209
2021-03-31,TLT,0.041801,0.024951,1.000000,0.591434,0.608055,0.008547,0.536145,0.005839,3780,-0.300257,0.550209
2021-03-31,AGG,0.011708,0.007320,1.000000,0.596815,0.606457,0.005748,0.584337,0.003271,3780,-0.300257,0.550209
2021-03-31,LQD,0.023018,0.010432,1.000000,0.509166,0.631626,0.000736,0.596386,0.004616,3780,-0.300257,0.550209
2021-03-31,HYG,0.019377,0.006376,1.000000,0.578972,0.611723,0.000496,0.649007,0.004954,3780,-0.300257,0.550209
2021-03-31,GLD,0.047595,0.035634,1.000000,0.577638,0.612113,0.008314,0.554217,0.006680,3780,-0.300257,0.550209
2021-03-31,SLV,0.107846,0.057709,1.000000,0.525785,0.626964,0.003639,0.500000,0.006761,3780,-0.300257,0.550209
2021-03-31,DBC,0.060626,0.078266,1.000000,0.546782,0.621015,0.000540,0.472727,-0.000964,3780,-0.300257,0.550209
2021-03-31,VNQ,0.055851,0.078598,1.000000,0.590805,0.608241,0.008424,0.578313,0.005763,3780,-0.300257,0.550209
2021-04-30,SPY,0.044307,0.005680,1.000000,0.674395,0.582144,0.015202,0.674699,0.009159,3780,-0.300257,0.550209
2021-04-30,QQQ,0.064348,-0.015296,0.000000,0.666014,0.584911,0.020168,0.644578,0.014734,3780,-0.300257,0.550209
2021-04-30,IWM,0.073059,0.014096,1.000000,0.663160,0.585844,0.021357,0.644578,0.008480,3780,-0.300257,0.550209
2021-04-30,EFA,0.042993,0.038535,1.000000,0.676093,0.581579,0.013134,0.560241,0.004430,3780,-0.300257,0.550209
2021-04-30,EEM,0.058572,0.037421,1.000000,0.589269,0.608696,0.015227,0.518072,0.005746,3780,-0.300257,0.550209
2021-04-30,SHY,0.001367,0.000394,1.000000,0.509034,0.631663,0.001689,0.614458,0.001588,3780,-0.300257,0.550209
2021-04-30,IEF,0.014591,0.004064,1.000000,0.534006,0.624643,0.007427,0.536145,0.004163,3780,-0.300257,0.550209
2021-04-30,TLT,0.038839,-0.000203,0.000000,0.567103,0.615177,0.011595,0.536145,0.005839,3780,-0.300257,0.550209
2021-04-30,AGG,0.010891,0.001574,1.000000,0.570357,0.614234,0.005518,0.584337,0.003271,3780,-0.300257,0.550209
2021-04-30,LQD,0.021225,0.006356,1.000000,0.579855,0.611464,0.006941,0.596386,0.004616,3780,-0.300257,0.550209
2021-04-30,HYG,0.016762,0.003395,1.000000,0.579268,0.611636,0.006118,0.649007,0.004954,3780,-0.300257,0.550209
2021-04-30,GLD,0.043300,0.073886,1.000000,0.580327,0.611326,0.011728,0.554217,0.006680,3780,-0.300257,0.550209
2021-04-30,SLV,0.095343,0.076218,1.000000,0.531182,0.625442,0.011971,0.500000,0.006761,3780,-0.300257,0.550209
2021-04-30,DBC,0.055067,0.056951,1.000000,0.490147,0.636925,0.010589,0.472727,-0.000964,3780,-0.300257,0.550209
2021-04-30,VNQ,0.049733,0.026241,1.000000,0.571511,0.613898,0.011736,0.578313,0.005763,3780,-0.300257,0.550209
2021-05-28,SPY,0.042822,0.021568,1.000000,0.621195,0.599095,0.004078,0.674699,0.009159,3780,-0.300257,0.550209
2021-05-28,QQQ,0.062188,0.064300,1.000000,0.563518,0.616214,0.006554,0.644578,0.014734,3780,-0.300257,0.550209
2021-05-28,IWM,0.070022,0.018557,1.000000,0.571189,0.613992,0.005290,0.644578,0.008480,3780,-0.300257,0.550209
2021-05-28,EFA,0.042837,-0.003130,0.000000,0.549746,0.620169,-0.000477,0.560241,0.004430,3780,-0.300257,0.550209
2021-05-28,EEM,0.056051,0.016094,1.000000,0.498036,0.634731,0.001798,0.518072,0.005746,3780,-0.300257,0.550209
2021-05-28,SHY,0.001264,-0.001946,0.000000,0.589743,0.608556,0.001789,0.614458,0.001588,3780,-0.300257,0.550209
2021-05-28,IEF,0.013453,0.008651,1.000000,0.525555,0.627028,0.007180,0.536145,0.004163,3780,-0.300257,0.550209
2021-05-28,TLT,0.035460,0.039562,1.000000,0.556910,0.618116,0.010381,0.536145,0.005839,3780,-0.300257,0.550209
2021-05-28,AGG,0.010076,0.007580,1.000000,0.591621,0.608000,0.005623,0.584337,0.003271,3780,-0.300257,0.550209
2021-05-28,LQD,0.019662,0.020973,1.000000,0.573586,0.613295,0.005651,0.596386,0.004616,3780,-0.300257,0.550209
2021-05-28,HYG,0.015098,0.013132,1.000000,0.658958,0.587210,0.006654,0.649007,0.004954,3780,-0.300257,0.550209
2021-05-28,GLD,0.040424,-0.075961,0.000000,0.565349,0.615685,0.007165,0.554217,0.006680,3780,-0.300257,0.550209
2021-05-28,SLV,0.089099,-0.077606,0.000000,0.535241,0.624294,0.005065,0.500000,0.006761,3780,-0.300257,0.550209
2021-05-28,DBC,0.054661,0.025269,1.000000,0.490451,0.636841,0.003912,0.472727,-0.000964,3780,-0.300257,0.550209
2021-05-28,VNQ,0.048351,0.031820,1.000000,0.516540,0.629562,0.000643,0.578313,0.005763,3780,-0.300257,0.550209
2021-06-30,SPY,0.038066,0.024413,1.000000,0.612779,0.601661,0.007031,0.674699,0.009159,3780,-0.300257,0.550209
2021-06-30,QQQ,0.054849,0.028609,1.000000,0.598566,0.605935,0.011210,0.644578,0.014734,3780,-0.300257,0.550209
2021-06-30,IWM,0.063287,-0.036273,0.000000,0.665367,0.585123,0.009511,0.644578,0.008480,3780,-0.300257,0.550209
2021-06-30,EFA,0.039907,0.007733,1.000000,0.675652,0.581726,0.009170,0.560241,0.004430,3780,-0.300257,0.550209
2021-06-30,EEM,0.050307,-0.064370,0.000000,0.581196,0.611072,0.007232,0.518072,0.005746,3780,-0.300257,0.550209
2021-06-30,SHY,0.001456,0.001660,1.000000,0.651799,0.589515,0.001873,0.614458,0.001588,3780,-0.300257,0.550209
2021-06-30,IEF,0.013627,0.019902,1.000000,0.562179,0.616600,0.003369,0.536145,0.004163,3780,-0.300257,0.550209
2021-06-30,TLT,0.036560,0.037166,1.000000,0.563749,0.616147,0.005536,0.536145,0.005839,3780,-0.300257,0.550209
2021-06-30,AGG,0.009836,0.011166,1.000000,0.601733,0.604989,0.002361,0.584337,0.003271,3780,-0.300257,0.550209
2021-06-30,LQD,0.018545,0.014190,1.000000,0.584541,0.610089,0.002491,0.596386,0.004616,3780,-0.300257,0.550209
2021-06-30,HYG,0.012997,0.001048,1.000000,0.601164,0.605159,0.002412,0.649007,0.004954,3780,-0.300257,0.550209
2021-06-30,GLD,0.042561,0.025297,1.000000,0.583177,0.610490,0.004096,0.554217,0.006680,3780,-0.300257,0.550209
2021-06-30,SLV,0.082287,-0.024360,0.000000,0.488583,0.637360,-0.002562,0.500000,0.006761,3780,-0.300257,0.550209
2021-06-30,DBC,0.050964,0.012987,1.000000,0.454739,0.646735,0.001297,0.472727,-0.000964,3780,-0.300257,0.550209
2021-06-30,VNQ,0.045977,0.044209,1.000000,0.696035,0.574797,0.013367,0.578313,0.005763,3780,-0.300257,0.550209
2021-07-30,SPY,0.036426,0.031288,1.000000,0.685964,0.578255,0.010460,0.674699,0.009159,3780,-0.300257,0.550209
2021-07-30,QQQ,0.048899,0.043037,1.000000,0.637186,0.594142,0.014245,0.644578,0.014734,3780,-0.300257,0.550209
2021-07-30,IWM,0.063231,0.020041,1.000000,0.599001,0.605805,0.000750,0.644578,0.008480,3780,-0.300257,0.550209
2021-07-30,EFA,0.039525,0.014971,1.000000,0.551993,0.619526,0.003116,0.560241,0.004430,3780,-0.300257,0.550209
2021-07-30,EEM,0.053050,0.001938,1.000000,0.560233,0.617161,0.000174,0.518072,0.005746,3780,-0.300257,0.550209
2021-07-30,SHY,0.001505,-0.000209,0.000000,0.570456,0.614205,-0.000271,0.614458,0.001588,3780,-0.300257,0.550209
2021-07-30,IEF,0.014620,-0.002074,0.000000,0.564862,0.615825,0.003032,0.536145,0.004163,3780,-0.300257,0.550209
2021-07-30,TLT,0.038485,0.003429,1.000000,0.560485,0.617088,0.006447,0.536145,0.005839,3780,-0.300257,0.550209
2021-07-30,AGG,0.009999,-0.000542,0.000000,0.606802,0.603467,0.002198,0.584337,0.003271,3780,-0.300257,0.550209
2021-07-30,LQD,0.017422,-0.001157,0.000000,0.576153,0.612547,0.003492,0.596386,0.004616,3780,-0.300257,0.550209
2021-07-30,HYG,0.012423,0.005859,1.000000,0.705078,0.571630,0.004521,0.649007,0.004954,3780,-0.300257,0.550209
2021-07-30,GLD,0.037918,-0.002768,0.000000,0.513181,0.630503,0.010510,0.554217,0.006680,3780,-0.300257,0.550209
2021-07-30,SLV,0.075412,-0.057977,0.000000,0.482804,0.638964,0.001753,0.500000,0.006761,3780,-0.300257,0.550209
2021-07-30,DBC,0.055295,-0.011795,0.000000,0.465477,0.643764,-0.002178,0.472727,-0.000964,3780,-0.300257,0.550209
2021-07-30,VNQ,0.044720,0.016746,1.000000,0.587820,0.609124,0.009383,0.578313,0.005763,3780,-0.300257,0.550209
2021-08-31,SPY,0.033096,-0.046605,0.000000,0.629054,0.596674,0.008637,0.674699,0.009159,3780,-0.300257,0.550209
2021-08-31,QQQ,0.044012,-0.056832,0.000000,0.580655,0.611230,0.010744,0.644578,0.014734,3780,-0.300257,0.550209
2021-08-31,IWM,0.060222,-0.028803,0.000000,0.552409,0.619407,0.000715,0.644578,0.008480,3780,-0.300257,0.550209
2021-08-31,EFA,0.035600,-0.032614,0.000000,0.583634,0.610356,0.005687,0.560241,0.004430,3780,-0.300257,0.550209
2021-08-31,EEM,0.051129,-0.038733,0.000000,0.482716,0.638988,-0.000311,0.518072,0.005746,3780,-0.300257,0.550209
2021-08-31,SHY,0.001438,-0.001008,0.000000,0.566381,0.615386,0.002359,0.614458,0.001588,3780,-0.300257,0.550209
2021-08-31,IEF,0.013913,-0.015970,0.000000,0.568108,0.614886,0.007460,0.536145,0.004163,3780,-0.300257,0.550209
2021-08-31,TLT,0.036079,-0.029070,0.000000,0.569409,0.614509,0.011099,0.536145,0.005839,3780,-0.300257,0.550209
2021-08-31,AGG,0.009415,-0.009172,0.000000,0.605332,0.603909,0.005437,0.584337,0.003271,3780,-0.300257,0.550209
2021-08-31,LQD,0.016552,-0.015074,0.000000,0.595786,0.606764,0.004864,0.596386,0.004616,3780,-0.300257,0.550209
2021-08-31,HYG,0.011325,-0.003701,0.000000,0.611134,0.602159,0.002006,0.649007,0.004954,3780,-0.300257,0.550209
2021-08-31,GLD,0.038978,-0.032235,0.000000,0.538188,0.623459,0.004729,0.554217,0.006680,3780,-0.300257,0.550209
2021-08-31,SLV,0.073234,-0.073171,0.000000,0.502755,0.633416,0.000638,0.500000,0.006761,3780,-0.300257,0.550209
2021-08-31,DBC,0.058823,0.052138,1.000000,0.448881,0.648356,-0.005046,0.472727,-0.000964,3780,-0.300257,0.550209
2021-08-31,VNQ,0.039889,-0.056815,0.000000,0.501478,0.633772,0.007093,0.578313,0.005763,3780,-0.300257,0.550209
2021-09-30,SPY,0.034915,0.070164,1.000000,0.733565,0.561220,0.009283,0.674699,0.009159,3780,-0.300257,0.550209
2021-09-30,QQQ,0.043970,0.078640,1.000000,0.716210,0.567645,0.013423,0.644578,0.014734,3780,-0.300257,0.550209
2021-09-30,IWM,0.058013,0.042514,1.000000,0.668026,0.584251,0.004572,0.644578,0.008480,3780,-0.300257,0.550209
2021-09-30,EFA,0.037404,0.031791,1.000000,0.657169,0.587788,0.005151,0.560241,0.004430,3780,-0.300257,0.550209
2021-09-30,EEM,0.049962,0.010719,1.000000,0.588606,0.608892,0.005318,0.518072,0.005746,3780,-0.300257,0.550209
2021-09-30,SHY,0.001406,-0.003355,0.000000,0.617725,0.600156,0.004105,0.614458,0.001588,3780,-0.300257,0.550209
2021-09-30,IEF,0.014347,-0.004430,0.000000,0.578195,0.611950,0.008447,0.536145,0.004163,3780,-0.300257,0.550209
2021-09-30,TLT,0.038065,0.024650,1.000000,0.604720,0.604093,0.010465,0.536145,0.005839,3780,-0.300257,0.550209
2021-09-30,AGG,0.009473,-0.000087,0.000000,0.649992,0.590093,0.008518,0.584337,0.003271,3780,-0.300257,0.550209
2021-09-30,LQD,0.017037,0.005310,1.000000,0.672518,0.582768,0.009118,0.596386,0.004616,3780,-0.300257,0.550209
2021-09-30,HYG,0.010568,-0.003107,0.000000,0.768676,0.547270,0.010883,0.649007,0.004954,3780,-0.300257,0.550209
2021-09-30,GLD,0.040310,0.014797,1.000000,0.571174,0.613996,0.004368,0.554217,0.006680,3780,-0.300257,0.550209
2021-09-30,SLV,0.076834,0.076511,1.000000,0.546613,0.621063,0.001876,0.500000,0.006761,3780,-0.300257,0.550209
2021-09-30,DBC,0.054428,0.057978,1.000000,0.458859,0.645595,0.002017,0.472727,-0.000964,3780,-0.300257,0.550209
2021-09-30,VNQ,0.041421,0.071330,1.000000,0.641289,0.592853,0.007391,0.578313,0.005763,3780,-0.300257,0.550209
2021-10-29,SPY,0.034402,-0.008035,0.000000,0.656294,0.588071,0.006318,0.674699,0.009159,3780,-0.300257,0.550209
2021-10-29,QQQ,0.043442,0.019968,1.000000,0.618494,0.599921,0.009584,0.644578,0.014734,3780,-0.300257,0.550209
2021-10-29,IWM,0.054243,-0.043324,0.000000,0.591983,0.607893,0.003590,0.644578,0.008480,3780,-0.300257,0.550209
2021-10-29,EFA,0.034918,-0.045347,0.000000,0.534513,0.624500,0.002446,0.560241,0.004430,3780,-0.300257,0.550209
2021-10-29,EEM,0.047151,-0.040848,0.000000,0.575731,0.612670,0.008021,0.518072,0.005746,3780,-0.300257,0.550209
2021-10-29,SHY,0.001660,-0.000571,0.000000,0.644998,0.591681,0.004504,0.614458,0.001588,3780,-0.300257,0.550209
2021-10-29,IEF,0.014047,0.010921,1.000000,0.521373,0.628205,0.004980,0.536145,0.004163,3780,-0.300257,0.550209
2021-10-29,TLT,0.038733,0.027715,1.000000,0.474571,0.641246,0.004916,0.536145,0.005839,3780,-0.300257,0.550209
2021-10-29,AGG,0.009488,0.002708,1.000000,0.557291,0.618007,0.002486,0.584337,0.003271,3780,-0.300257,0.550209
2021-10-29,LQD,0.017353,-0.001186,0.000000,0.540296,0.622860,0.002666,0.596386,0.004616,3780,-0.300257,0.550209
2021-10-29,HYG,0.010556,-0.011690,0.000000,0.685859,0.578290,0.005261,0.649007,0.004954,3780,-0.300257,0.550209
2021-10-29,GLD,0.037885,-0.006901,0.000000,0.566973,0.615215,0.010028,0.554217,0.006680,3780,-0.300257,0.550209
2021-10-29,SLV,0.071038,-0.046627,0.000000,0.538413,0.623395,0.010466,0.500000,0.006761,3780,-0.300257,0.550209
2021-10-29,DBC,0.051854,-0.087588,0.000000,0.531149,0.625451,0.003639,0.472727,-0.000964,3780,-0.300257,0.550209
2021-10-29,VNQ,0.040663,-0.021093,0.000000,0.596807,0.606460,0.007156,0.578313,0.005763,3780,-0.300257,0.550209
2021-11-30,SPY,0.035580,0.048891,1.000000,0.810273,0.528544,0.014511,0.674699,0.009159,3780,-0.300257,0.550209
2021-11-30,QQQ,0.044609,0.017880,1.000000,0.712907,0.568838,0.015592,0.644578,0.014734,3780,-0.300257,0.550209
2021-11-30,IWM,0.056576,0.024922,1.000000,0.720854,0.565952,0.008186,0.644578,0.008480,3780,-0.300257,0.550209
2021-11-30,EFA,0.035904,0.044838,1.000000,0.645602,0.591489,0.006088,0.560241,0.004430,3780,-0.300257,0.550209
2021-11-30,EEM,0.046825,0.020058,1.000000,0.608286,0.603019,0.007015,0.518072,0.005746,3780,-0.300257,0.550209
2021-11-30,SHY,0.002593,-0.002006,0.000000,0.652589,0.589262,0.000806,0.614458,0.001588,3780,-0.300257,0.550209
2021-11-30,IEF,0.017462,-0.004115,0.000000,0.489946,0.636981,-0.000452,0.536145,0.004163,3780,-0.300257,0.550209
2021-11-30,TLT,0.044440,-0.022055,0.000000,0.488583,0.637360,0.002675,0.536145,0.005839,3780,-0.300257,0.550209
2021-11-30,AGG,0.011403,-0.003237,0.000000,0.593977,0.607301,0.000732,0.584337,0.003271,3780,-0.300257,0.550209
2021-11-30,LQD,0.019464,0.001167,1.000000,0.599644,0.605614,0.002814,0.596386,0.004616,3780,-0.300257,0.550209
2021-11-30,HYG,0.011890,0.023076,1.000000,0.702425,0.572566,0.006038,0.649007,0.004954,3780,-0.300257,0.550209
2021-11-30,GLD,0.037880,0.025982,1.000000,0.638717,0.593661,0.009014,0.554217,0.006680,3780,-0.300257,0.550209
2021-11-30,SLV,0.067172,0.013295,1.000000,0.593029,0.607583,0.007180,0.500000,0.006761,3780,-0.300257,0.550209
2021-11-30,DBC,0.062966,0.071869,1.000000,0.585240,0.609884,-0.003252,0.472727,-0.000964,3780,-0.300257,0.550209
2021-11-30,VNQ,0.041777,0.094030,1.000000,0.758033,0.551649,0.010506,0.578313,0.005763,3780,-0.300257,0.550209
2021-12-31,SPY,0.039867,-0.046341,0.000000,0.645420,0.591547,0.006227,0.674699,0.009159,3780,-0.300257,0.550209
2021-12-31,QQQ,0.052070,-0.081262,0.000000,0.601367,0.605098,0.007371,0.644578,0.014734,3780,-0.300257,0.550209
2021-12-31,IWM,0.061291,-0.085817,0.000000,0.560701,0.617026,0.002899,0.644578,0.008480,3780,-0.300257,0.550209
2021-12-31,EFA,0.036599,-0.027199,0.000000,0.548033,0.620658,0.002686,0.560241,0.004430,3780,-0.300257,0.550209
2021-12-31,EEM,0.044938,0.005937,1.000000,0.515940,0.629730,0.004254,0.518072,0.005746,3780,-0.300257,0.550209
2021-12-31,SHY,0.002580,-0.006979,0.000000,0.590389,0.608365,0.003812,0.614458,0.001588,3780,-0.300257,0.550209
2021-12-31,IEF,0.016346,-0.022454,0.000000,0.625120,0.597889,0.009464,0.536145,0.004163,3780,-0.300257,0.550209
2021-12-31,TLT,0.042620,-0.042328,0.000000,0.589131,0.608737,0.006978,0.536145,0.005839,3780,-0.300257,0.550209
2021-12-31,AGG,0.010547,-0.020328,0.000000,0.643644,0.592109,0.007972,0.584337,0.003271,3780,-0.300257,0.550209
2021-12-31,LQD,0.018464,-0.034316,0.000000,0.642788,0.592380,0.007883,0.596386,0.004616,3780,-0.300257,0.550209
2021-12-31,HYG,0.012350,-0.022683,0.000000,0.664764,0.585321,0.004804,0.649007,0.004954,3780,-0.300257,0.550209
2021-12-31,GLD,0.034480,-0.015969,0.000000,0.453895,0.646968,0.004101,0.554217,0.006680,3780,-0.300257,0.550209
2021-12-31,SLV,0.062048,-0.026499,0.000000,0.404119,0.660788,0.003712,0.500000,0.006761,3780,-0.300257,0.550209
2021-12-31,DBC,0.058502,0.083253,1.000000,0.432439,0.652909,0.002503,0.472727,-0.000964,3780,-0.300257,0.550209
2021-12-31,VNQ,0.045372,-0.087492,0.000000,0.554334,0.618856,0.004637,0.578313,0.005763,3780,-0.300257,0.550209
2022-01-31,SPY,0.044912,-0.026717,0.000000,0.632204,0.619187,0.001494,0.685393,0.010182,4032,-0.155850,0.570520
2022-01-31,QQQ,0.063364,-0.043603,0.000000,0.559177,0.630289,0.000523,0.657303,0.015603,4032,-0.155850,0.570520
2022-01-31,IWM,0.068390,0.014908,1.000000,0.602390,0.623815,0.000580,0.646067,0.009286,4032,-0.155850,0.570520
2022-01-31,EFA,0.037044,-0.043524,0.000000,0.580882,0.627066,0.001257,0.573034,0.005172,4032,-0.155850,0.570520
2022-01-31,EEM,0.050846,-0.054259,0.000000,0.547648,0.631981,0.001761,0.528090,0.005858,4032,-0.155850,0.570520
2022-01-31,SHY,0.003016,-0.005323,0.000000,0.626256,0.620123,0.006841,0.595506,0.001455,4032,-0.155850,0.570520
2022-01-31,IEF,0.017261,-0.008461,0.000000,0.510419,0.637383,0.001657,0.528090,0.003721,4032,-0.155850,0.570520
2022-01-31,TLT,0.044028,-0.038970,0.000000,0.491122,0.640159,0.000518,0.533708,0.005171,4032,-0.155850,0.570520
2022-01-31,AGG,0.011885,-0.017817,0.000000,0.589044,0.625840,0.003312,0.578652,0.002965,4032,-0.155850,0.570520
2022-01-31,LQD,0.019542,-0.032898,0.000000,0.573939,0.628103,0.004108,0.589888,0.004187,4032,-0.155850,0.570520
2022-01-31,HYG,0.012815,-0.008983,0.000000,0.650628,0.616238,0.007108,0.656442,0.004889,4032,-0.155850,0.570520
2022-01-31,GLD,0.035782,0.069249,1.000000,0.603183,0.623694,0.005055,0.544944,0.006199,4032,-0.155850,0.570520
2022-01-31,SLV,0.065737,0.123558,1.000000,0.546510,0.632148,0.004298,0.488506,0.006451,4032,-0.155850,0.570520
2022-01-31,DBC,0.052741,0.143622,1.000000,0.472065,0.642895,0.004610,0.497175,0.001338,4032,-0.155850,0.570520
2022-01-31,VNQ,0.049979,-0.021931,0.000000,0.562017,0.629870,-0.000416,0.595506,0.007191,4032,-0.155850,0.570520
2022-02-28,SPY,0.050924,0.060357,1.000000,0.651640,0.616074,0.003828,0.685393,0.010182,4032,-0.155850,0.570520
2022-02-28,QQQ,0.072956,0.071652,1.000000,0.595488,0.624866,0.005592,0.657303,0.015603,4032,-0.155850,0.570520
2022-02-28,IWM,0.070017,0.043312,1.000000,0.573797,0.628124,0.005948,0.646067,0.009286,4032,-0.155850,0.570520
2022-02-28,EFA,0.044679,0.026359,1.000000,0.599358,0.624278,0.001250,0.573034,0.005172,4032,-0.155850,0.570520
2022-02-28,EEM,0.052812,-0.016264,0.000000,0.572719,0.628284,0.005231,0.528090,0.005858,4032,-0.155850,0.570520
2022-02-28,SHY,0.004765,-0.014728,0.000000,0.628720,0.619736,-0.000889,0.595506,0.001455,4032,-0.155850,0.570520
2022-02-28,IEF,0.019706,-0.046144,0.000000,0.471265,0.643010,-0.003242,0.528090,0.003721,4032,-0.155850,0.570520
2022-02-28,TLT,0.045044,-0.064037,0.000000,0.477696,0.642087,-0.001489,0.533708,0.005171,4032,-0.155850,0.570520
2022-02-28,AGG,0.014185,-0.030300,0.000000,0.580306,0.627152,-0.000864,0.578652,0.002965,4032,-0.155850,0.570520
2022-02-28,LQD,0.022798,-0.028938,0.000000,0.569487,0.628764,-0.000416,0.589888,0.004187,4032,-0.155850,0.570520
2022-02-28,HYG,0.016242,-0.006274,0.000000,0.611135,0.622474,-0.000682,0.656442,0.004889,4032,-0.155850,0.570520
2022-02-28,GLD,0.035492,0.004261,1.000000,0.553780,0.631082,0.003546,0.544944,0.006199,4032,-0.155850,0.570520
2022-02-28,SLV,0.063106,0.012820,1.000000,0.504829,0.638188,0.008427,0.488506,0.006451,4032,-0.155850,0.570520
2022-02-28,DBC,0.050678,0.092585,1.000000,0.422177,0.650089,0.001892,0.497175,0.001338,4032,-0.155850,0.570520
2022-02-28,VNQ,0.053287,0.083623,1.000000,0.587148,0.626126,0.003686,0.595506,0.007191,4032,-0.155850,0.570520
2022-03-31,SPY,0.056017,-0.082278,0.000000,0.615611,0.621782,0.007830,0.685393,0.010182,4032,-0.155850,0.570520
2022-03-31,QQQ,0.079387,-0.121531,0.000000,0.554071,0.631040,0.009506,0.657303,0.015603,4032,-0.155850,0.570520
2022-03-31,IWM,0.072884,-0.089541,0.000000,0.590362,0.625641,0.007032,0.646067,0.009286,4032,-0.155850,0.570520
2022-03-31,EFA,0.059508,-0.069701,0.000000,0.481826,0.641494,-0.002529,0.573034,0.005172,4032,-0.155850,0.570520
2022-03-31,EEM,0.073989,-0.062680,0.000000,0.422290,0.650073,-0.004252,0.528090,0.005858,4032,-0.155850,0.570520
2022-03-31,SHY,0.005494,-0.005041,0.000000,0.613319,0.622137,0.006963,0.595506,0.001455,4032,-0.155850,0.570520
2022-03-31,IEF,0.024379,-0.049418,0.000000,0.541397,0.632894,0.001824,0.528090,0.003721,4032,-0.155850,0.570520
2022-03-31,TLT,0.051974,-0.109939,0.000000,0.523678,0.635468,0.001089,0.533708,0.005171,4032,-0.155850,0.570520
2022-03-31,AGG,0.017685,-0.043295,0.000000,0.598621,0.624390,0.003179,0.578652,0.002965,4032,-0.155850,0.570520
2022-03-31,LQD,0.027471,-0.072523,0.000000,0.561209,0.629989,0.001695,0.589888,0.004187,4032,-0.155850,0.570520
2022-03-31,HYG,0.023467,-0.041741,0.000000,0.604857,0.623438,-0.001860,0.656442,0.004889,4032,-0.155850,0.570520
2022-03-31,GLD,0.044862,-0.038860,0.000000,0.616704,0.621613,0.005345,0.544944,0.006199,4032,-0.155850,0.570520
2022-03-31,SLV,0.067147,-0.087850,0.000000,0.591477,0.625473,0.010795,0.488506,0.006451,4032,-0.155850,0.570520
2022-03-31,DBC,0.087555,0.072525,1.000000,0.433981,0.648378,-0.003056,0.497175,0.001338,4032,-0.155850,0.570520
2022-03-31,VNQ,0.053797,-0.064040,0.000000,0.549105,0.631768,0.007994,0.595506,0.007191,4032,-0.155850,0.570520
2022-04-29,SPY,0.062594,0.002257,1.000000,0.658893,0.614890,0.003949,0.685393,0.010182,4032,-0.155850,0.570520
2022-04-29,QQQ,0.087456,-0.015866,0.000000,0.576130,0.627776,0.003749,0.657303,0.015603,4032,-0.155850,0.570520
2022-04-29,IWM,0.074024,0.001947,1.000000,0.604331,0.623519,0.004474,0.646067,0.009286,4032,-0.155850,0.570520
2022-04-29,EFA,0.057191,0.019959,1.000000,0.580466,0.627128,0.005023,0.573034,0.005172,4032,-0.155850,0.570520
2022-04-29,EEM,0.069334,0.006135,1.000000,0.543661,0.632564,0.006615,0.528090,0.005858,4032,-0.155850,0.570520
2022-04-29,SHY,0.005773,0.005961,1.000000,0.658588,0.614940,0.009159,0.595506,0.001455,4032,-0.155850,0.570520
2022-04-29,IEF,0.024860,0.006184,1.000000,0.546358,0.632170,0.007615,0.528090,0.003721,4032,-0.155850,0.570520
2022-04-29,TLT,0.051955,-0.022533,0.000000,0.542914,0.632673,0.006148,0.533708,0.005171,4032,-0.155850,0.570520
2022-04-29,AGG,0.019014,0.007605,1.000000,0.606919,0.623122,0.007963,0.578652,0.002965,4032,-0.155850,0.570520
2022-04-29,LQD,0.031020,0.018639,1.000000,0.593801,0.625121,0.006286,0.589888,0.004187,4032,-0.155850,0.570520
2022-04-29,HYG,0.025962,0.016299,1.000000,0.659772,0.614745,0.006068,0.656442,0.004889,4032,-0.155850,0.570520
2022-04-29,GLD,0.041940,-0.032615,0.000000,0.606643,0.623165,0.011488,0.544944,0.006199,4032,-0.155850,0.570520
2022-04-29,SLV,0.065604,-0.057034,0.000000,0.548545,0.631850,0.009377,0.488506,0.006451,4032,-0.155850,0.570520
2022-04-29,DBC,0.081033,0.046131,1.000000,0.438124,0.647779,0.007962,0.497175,0.001338,4032,-0.155850,0.570520
2022-04-29,VNQ,0.060243,-0.046854,0.000000,0.714939,0.605209,0.007356,0.595506,0.007191,4032,-0.155850,0.570520
2022-05-31,SPY,0.071036,-0.082460,0.000000,0.528955,0.634704,-0.002197,0.685393,0.010182,4032,-0.155850,0.570520
2022-05-31,QQQ,0.097556,-0.089079,0.000000,0.480806,0.641640,-0.000956,0.657303,0.015603,4032,-0.155850,0.570520
2022-05-31,IWM,0.083517,-0.083663,0.000000,0.514608,0.636779,-0.000719,0.646067,0.009286,4032,-0.155850,0.570520
2022-05-31,EFA,0.060991,-0.087666,0.000000,0.447462,0.646432,-0.000662,0.573034,0.005172,4032,-0.155850,0.570520
2022-05-31,EEM,0.071311,-0.051577,0.000000,0.426885,0.649406,0.002505,0.528090,0.005858,4032,-0.155850,0.570520
2022-05-31,SHY,0.005813,-0.005943,0.000000,0.538577,0.633305,0.002641,0.595506,0.001455,4032,-0.155850,0.570520
2022-05-31,IEF,0.025704,-0.008635,0.000000,0.505268,0.638125,0.005830,0.528090,0.003721,4032,-0.155850,0.570520
2022-05-31,TLT,0.055498,-0.012746,0.000000,0.535546,0.633746,0.005148,0.533708,0.005171,4032,-0.155850,0.570520
2022-05-31,AGG,0.019694,-0.015530,0.000000,0.518425,0.636228,0.003985,0.578652,0.002965,4032,-0.155850,0.570520
2022-05-31,LQD,0.031189,-0.036228,0.000000,0.475541,0.642396,0.003187,0.589888,0.004187,4032,-0.155850,0.570520
2022-05-31,HYG,0.030035,-0.070499,0.000000,0.541460,0.632885,-0.000774,0.656442,0.004889,4032,-0.155850,0.570520
2022-05-31,GLD,0.041384,-0.015660,0.000000,0.540914,0.632965,0.009734,0.544944,0.006199,4032,-0.155850,0.570520
2022-05-31,SLV,0.071405,-0.060484,0.000000,0.512643,0.637062,0.006796,0.488506,0.006451,4032,-0.155850,0.570520
2022-05-31,DBC,0.078844,-0.075000,0.000000,0.437823,0.647823,0.011731,0.497175,0.001338,4032,-0.155850,0.570520
2022-05-31,VNQ,0.067769,-0.074489,0.000000,0.465941,0.643775,-0.004236,0.595506,0.007191,4032,-0.155850,0.570520
2022-06-30,SPY,0.075684,0.088853,1.000000,0.614718,0.621921,0.002010,0.685393,0.010182,4032,-0.155850,0.570520
2022-06-30,QQQ,0.100217,0.124839,1.000000,0.588876,0.625865,0.006196,0.657303,0.015603,4032,-0.155850,0.570520
2022-06-30,IWM,0.086995,0.105220,1.000000,0.611360,0.622439,0.004787,0.646067,0.009286,4032,-0.155850,0.570520
2022-06-30,EFA,0.064563,0.053128,1.000000,0.537095,0.633521,-0.000012,0.573034,0.005172,4032,-0.155850,0.570520
2022-06-30,EEM,0.071242,-0.011970,0.000000,0.550226,0.631604,0.006027,0.528090,0.005858,4032,-0.155850,0.570520
2022-06-30,SHY,0.007042,0.004074,1.000000,0.604921,0.623428,-0.000747,0.595506,0.001455,4032,-0.155850,0.570520
2022-06-30,IEF,0.028899,0.035637,1.000000,0.489196,0.640436,-0.001739,0.528090,0.003721,4032,-0.155850,0.570520
2022-06-30,TLT,0.057767,0.048979,1.000000,0.485082,0.641026,0.000079,0.533708,0.005171,4032,-0.155850,0.570520
2022-06-30,AGG,0.022383,0.028935,1.000000,0.565351,0.629377,-0.000365,0.578652,0.002965,4032,-0.155850,0.570520
2022-06-30,LQD,0.033336,0.046509,1.000000,0.572981,0.628245,0.002466,0.589888,0.004187,4032,-0.155850,0.570520
2022-06-30,HYG,0.037608,0.067318,1.000000,0.627232,0.619970,0.000702,0.656442,0.004889,4032,-0.155850,0.570520
2022-06-30,GLD,0.041371,-0.020361,0.000000,0.638648,0.618164,0.010924,0.544944,0.006199,4032,-0.155850,0.570520
2022-06-30,SLV,0.072536,0.008047,1.000000,0.627515,0.619926,0.010952,0.488506,0.006451,4032,-0.155850,0.570520
2022-06-30,DBC,0.076388,-0.039790,0.000000,0.583651,0.626651,0.014527,0.497175,0.001338,4032,-0.155850,0.570520
2022-06-30,VNQ,0.073574,0.077379,1.000000,0.527246,0.634951,-0.001128,0.595506,0.007191,4032,-0.155850,0.570520
2022-07-29,SPY,0.071178,-0.022719,0.000000,0.569128,0.628818,0.010781,0.685393,0.010182,4032,-0.155850,0.570520
2022-07-29,QQQ,0.095267,-0.035028,0.000000,0.572888,0.628259,0.018684,0.657303,0.015603,4032,-0.155850,0.570520
2022-07-29,IWM,0.081906,-0.000053,0.000000,0.599302,0.624286,0.016913,0.646067,0.009286,4032,-0.155850,0.570520
2022-07-29,EFA,0.063185,-0.047931,0.000000,0.435379,0.648176,0.001879,0.573034,0.005172,4032,-0.155850,0.570520
2022-07-29,EEM,0.065707,-0.005005,0.000000,0.462822,0.644223,0.006397,0.528090,0.005858,4032,-0.155850,0.570520
2022-07-29,SHY,0.006979,-0.007498,0.000000,0.526724,0.635027,-0.000369,0.595506,0.001455,4032,-0.155850,0.570520
2022-07-29,IEF,0.028925,-0.034252,0.000000,0.487743,0.640644,0.002617,0.528090,0.003721,4032,-0.155850,0.570520
2022-07-29,TLT,0.054778,-0.038706,0.000000,0.515720,0.636618,0.007991,0.533708,0.005171,4032,-0.155850,0.570520
2022-07-29,AGG,0.021985,-0.026475,0.000000,0.525023,0.635273,0.002609,0.578652,0.002965,4032,-0.155850,0.570520
2022-07-29,LQD,0.032397,-0.035370,0.000000,0.521816,0.635737,0.005229,0.589888,0.004187,4032,-0.155850,0.570520
2022-07-29,HYG,0.037420,-0.030378,0.000000,0.564308,0.629531,0.004213,0.656442,0.004889,4032,-0.155850,0.570520
2022-07-29,GLD,0.040835,-0.013650,0.000000,0.487266,0.640713,0.002685,0.544944,0.006199,4032,-0.155850,0.570520
2022-07-29,SLV,0.077358,-0.075401,0.000000,0.356167,0.659887,-0.003842,0.488506,0.006451,4032,-0.155850,0.570520
2022-07-29,DBC,0.084693,0.034852,1.000000,0.372730,0.657381,-0.004134,0.497175,0.001338,4032,-0.155850,0.570520
2022-07-29,VNQ,0.068575,-0.042441,0.000000,0.505582,0.638080,0.010350,0.595506,0.007191,4032,-0.155850,0.570520
2022-08-31,SPY,0.066711,-0.092446,0.000000,0.756175,0.597276,0.015639,0.685393,0.010182,4032,-0.155850,0.570520
2022-08-31,QQQ,0.088638,-0.105355,0.000000,0.718355,0.604582,0.019259,0.657303,0.015603,4032,-0.155850,0.570520
2022-08-31,IWM,0.077293,-0.096605,0.000000,0.738948,0.600694,0.016858,0.646067,0.009286,4032,-0.155850,0.570520
2022-08-31,EFA,0.058642,-0.092220,0.000000,0.662773,0.614251,0.013820,0.573034,0.005172,4032,-0.155850,0.570520
2022-08-31,EEM,0.058724,-0.115394,0.000000,0.630809,0.619407,0.015268,0.528090,0.005858,4032,-0.155850,0.570520
2022-08-31,SHY,0.006667,-0.011924,0.000000,0.657276,0.615155,0.010174,0.595506,0.001455,4032,-0.155850,0.570520
2022-08-31,IEF,0.028254,-0.047350,0.000000,0.606380,0.623205,0.011300,0.528090,0.003721,4032,-0.155850,0.570520
2022-08-31,TLT,0.055203,-0.082351,0.000000,0.575094,0.627931,0.009888,0.533708,0.005171,4032,-0.155850,0.570520
2022-08-31,AGG,0.021984,-0.041450,0.000000,0.666482,0.613636,0.011922,0.578652,0.002965,4032,-0.155850,0.570520
2022-08-31,LQD,0.033537,-0.059798,0.000000,0.674994,0.612211,0.012399,0.589888,0.004187,4032,-0.155850,0.570520
2022-08-31,HYG,0.036874,-0.037404,0.000000,0.725258,0.603301,0.011429,0.656442,0.004889,4032,-0.155850,0.570520
2022-08-31,GLD,0.038806,-0.028882,0.000000,0.650892,0.616196,0.011430,0.544944,0.006199,4032,-0.155850,0.570520
2022-08-31,SLV,0.077116,0.055489,1.000000,0.573106,0.628227,0.005316,0.488506,0.006451,4032,-0.155850,0.570520
2022-08-31,DBC,0.078027,-0.070373,0.000000,0.509296,0.637545,0.008655,0.497175,0.001338,4032,-0.155850,0.570520
2022-08-31,VNQ,0.063864,-0.128713,0.000000,0.687562,0.610067,0.014732,0.595506,0.007191,4032,-0.155850,0.570520
2022-09-30,SPY,0.067935,0.081276,1.000000,0.654366,0.615631,0.006186,0.685393,0.010182,4032,-0.155850,0.570520
2022-09-30,QQQ,0.087260,0.039999,1.000000,0.615997,0.621723,0.010839,0.657303,0.015603,4032,-0.155850,0.570520
2022-09-30,IWM,0.078547,0.111630,1.000000,0.631881,0.619238,0.006806,0.646067,0.009286,4032,-0.155850,0.570520
2022-09-30,EFA,0.062649,0.058918,1.000000,0.571857,0.628412,0.003253,0.573034,0.005172,4032,-0.155850,0.570520
2022-09-30,EEM,0.059455,-0.019782,0.000000,0.562488,0.629800,0.007181,0.528090,0.005858,4032,-0.155850,0.570520
2022-09-30,SHY,0.007077,-0.001257,0.000000,0.627931,0.619860,0.006356,0.595506,0.001455,4032,-0.155850,0.570520
2022-09-30,IEF,0.032119,-0.014540,0.000000,0.571373,0.628484,0.005125,0.528090,0.003721,4032,-0.155850,0.570520
2022-09-30,TLT,0.060641,-0.059644,0.000000,0.585911,0.626312,0.006212,0.533708,0.005171,4032,-0.155850,0.570520
2022-09-30,AGG,0.024685,-0.012785,0.000000,0.627816,0.619878,0.006780,0.578652,0.002965,4032,-0.155850,0.570520
2022-09-30,LQD,0.037012,-0.007453,0.000000,0.618906,0.621271,0.007997,0.589888,0.004187,4032,-0.155850,0.570520
2022-09-30,HYG,0.038543,0.033658,1.000000,0.655618,0.615426,0.006319,0.656442,0.004889,4032,-0.155850,0.570520
2022-09-30,GLD,0.040352,-0.017844,0.000000,0.562819,0.629751,0.003225,0.544944,0.006199,4032,-0.155850,0.570520
2022-09-30,SLV,0.082983,0.006857,1.000000,0.475942,0.642339,0.001589,0.488506,0.006451,4032,-0.155850,0.570520
2022-09-30,DBC,0.077655,0.050606,1.000000,0.488147,0.640586,0.000935,0.497175,0.001338,4032,-0.155850,0.570520
2022-09-30,VNQ,0.069543,0.035051,1.000000,0.570306,0.628643,0.000551,0.595506,0.007191,4032,-0.155850,0.570520
2022-10-31,SPY,0.071584,0.055592,1.000000,0.575387,0.627887,0.008199,0.685393,0.010182,4032,-0.155850,0.570520
2022-10-31,QQQ,0.089460,0.055442,1.000000,0.577692,0.627543,0.015431,0.657303,0.015603,4032,-0.155850,0.570520
2022-10-31,IWM,0.081450,0.022037,1.000000,0.549843,0.631660,0.011576,0.646067,0.009286,4032,-0.155850,0.570520
2022-10-31,EFA,0.065658,0.131681,1.000000,0.509963,0.637449,0.007572,0.573034,0.005172,4032,-0.155850,0.570520
2022-10-31,EEM,0.064646,0.155894,1.000000,0.595950,0.624796,0.009451,0.528090,0.005858,4032,-0.155850,0.570520
2022-10-31,SHY,0.006928,0.006938,1.000000,0.594343,0.625039,0.005920,0.595506,0.001455,4032,-0.155850,0.570520
2022-10-31,IEF,0.031204,0.036123,1.000000,0.555373,0.630848,0.010285,0.528090,0.003721,4032,-0.155850,0.570520
2022-10-31,TLT,0.059760,0.071510,1.000000,0.593486,0.625169,0.013908,0.533708,0.005171,4032,-0.155850,0.570520
2022-10-31,AGG,0.023920,0.038084,1.000000,0.599129,0.624313,0.010214,0.578652,0.002965,4032,-0.155850,0.570520
2022-10-31,LQD,0.036487,0.066477,1.000000,0.592656,0.625295,0.012304,0.589888,0.004187,4032,-0.155850,0.570520
2022-10-31,HYG,0.039732,0.034313,1.000000,0.585768,0.626333,0.006597,0.656442,0.004889,4032,-0.155850,0.570520
2022-10-31,GLD,0.041909,0.084919,1.000000,0.605254,0.623377,0.008659,0.544944,0.006199,4032,-0.155850,0.570520
2022-10-31,SLV,0.093056,0.159478,1.000000,0.473815,0.642644,0.002220,0.488506,0.006451,4032,-0.155850,0.570520
2022-10-31,DBC,0.071706,0.014729,1.000000,0.504466,0.638241,0.004985,0.497175,0.001338,4032,-0.155850,0.570520
2022-10-31,VNQ,0.075925,0.061461,1.000000,0.482864,0.641345,0.002083,0.595506,0.007191,4032,-0.155850,0.570520
2022-11-30,SPY,0.073892,-0.057628,0.000000,0.608799,0.622834,0.007637,0.685393,0.010182,4032,-0.155850,0.570520
2022-11-30,QQQ,0.095219,-0.090137,0.000000,0.575483,0.627873,0.014031,0.657303,0.015603,4032,-0.155850,0.570520
2022-11-30,IWM,0.083627,-0.065141,0.000000,0.579843,0.627222,0.007126,0.646067,0.009286,4032,-0.155850,0.570520
2022-11-30,EFA,0.070642,-0.018129,0.000000,0.557873,0.630481,0.007239,0.573034,0.005172,4032,-0.155850,0.570520
2022-11-30,EEM,0.070791,-0.026375,0.000000,0.544368,0.632461,0.011037,0.528090,0.005858,4032,-0.155850,0.570520
2022-11-30,SHY,0.007053,0.001177,1.000000,0.559205,0.630285,-0.000475,0.595506,0.001455,4032,-0.155850,0.570520
2022-11-30,IEF,0.030967,-0.014881,0.000000,0.518505,0.636216,0.006468,0.528090,0.003721,4032,-0.155850,0.570520
2022-11-30,TLT,0.060125,-0.026200,0.000000,0.545554,0.632287,0.015261,0.533708,0.005171,4032,-0.155850,0.570520
2022-11-30,AGG,0.025081,-0.008705,0.000000,0.579488,0.627275,0.005540,0.578652,0.002965,4032,-0.155850,0.570520
2022-11-30,LQD,0.039044,-0.015512,0.000000,0.591136,0.625524,0.009799,0.589888,0.004187,4032,-0.155850,0.570520
2022-11-30,HYG,0.041015,-0.017570,0.000000,0.594510,0.625014,0.003418,0.656442,0.004889,4032,-0.155850,0.570520
2022-11-30,GLD,0.045916,0.029306,1.000000,0.586198,0.626269,0.006309,0.544944,0.006199,4032,-0.155850,0.570520
2022-11-30,SLV,0.099327,0.077827,1.000000,0.422953,0.649977,0.005532,0.488506,0.006451,4032,-0.155850,0.570520
2022-11-30,DBC,0.070268,-0.027115,0.000000,0.500427,0.638822,-0.003330,0.497175,0.001338,4032,-0.155850,0.570520
2022-11-30,VNQ,0.081846,-0.050343,0.000000,0.517332,0.636386,0.004978,0.595506,0.007191,4032,-0.155850,0.570520
2022-12-30,SPY,0.068075,0.074183,1.000000,0.675635,0.612103,0.015113,0.685393,0.010182,4032,-0.155850,0.570520
2022-12-30,QQQ,0.087671,0.130089,1.000000,0.650473,0.616263,0.022041,0.657303,0.015603,4032,-0.155850,0.570520
2022-12-30,IWM,0.077650,0.115451,1.000000,0.633592,0.618967,0.014249,0.646067,0.009286,4032,-0.155850,0.570520
2022-12-30,EFA,0.063783,0.099787,1.000000,0.607574,0.623022,0.014734,0.573034,0.005172,4032,-0.155850,0.570520
2022-12-30,EEM,0.064327,0.104749,1.000000,0.610402,0.622587,0.016286,0.528090,0.005858,4032,-0.155850,0.570520
2022-12-30,SHY,0.006714,0.009514,1.000000,0.690550,0.609550,0.009261,0.595506,0.001455,4032,-0.155850,0.570520
2022-12-30,IEF,0.029933,0.043261,1.000000,0.667930,0.613395,0.013152,0.528090,0.003721,4032,-0.155850,0.570520
2022-12-30,TLT,0.061924,0.089377,1.000000,0.667733,0.613428,0.015247,0.533708,0.005171,4032,-0.155850,0.570520
2022-12-30,AGG,0.024381,0.040589,1.000000,0.727948,0.602796,0.014514,0.578652,0.002965,4032,-0.155850,0.570520
2022-12-30,LQD,0.037406,0.062274,1.000000,0.706509,0.606735,0.016637,0.589888,0.004187,4032,-0.155850,0.570520
2022-12-30,HYG,0.038404,0.047560,1.000000,0.707005,0.606646,0.012965,0.656442,0.004889,4032,-0.155850,0.570520
2022-12-30,GLD,0.045442,0.070915,1.000000,0.478349,0.641993,0.003584,0.544944,0.006199,4032,-0.155850,0.570520
2022-12-30,SLV,0.098350,0.002725,1.000000,0.424033,0.649820,0.009550,0.488506,0.006451,4032,-0.155850,0.570520
2022-12-30,DBC,0.065397,-0.010142,0.000000,0.388617,0.655011,-0.003291,0.497175,0.001338,4032,-0.155850,0.570520
2022-12-30,VNQ,0.074681,0.110815,1.000000,0.626122,0.620144,0.014900,0.595506,0.007191,4032,-0.155850,0.570520
2023-01-31,SPY,0.063042,-0.021329,0.000000,0.625838,0.532880,0.009586,0.673684,0.009456,4284,-0.205759,0.237553
2023-01-31,QQQ,0.082128,-0.003428,0.000000,0.614123,0.535426,0.017090,0.642105,0.013660,4284,-0.205759,0.237553
2023-01-31,IWM,0.072377,-0.013631,0.000000,0.622812,0.533541,0.010094,0.642105,0.008532,4284,-0.205759,0.237553
2023-01-31,EFA,0.057677,-0.023620,0.000000,0.527855,0.553446,0.009052,0.568421,0.004669,4284,-0.205759,0.237553
2023-01-31,EEM,0.060649,-0.052466,0.000000,0.527789,0.553459,0.013219,0.515789,0.004704,4284,-0.205759,0.237553
2023-01-31,SHY,0.006620,-0.009507,0.000000,0.626958,0.532635,0.001826,0.573684,0.001133,4284,-0.205759,0.237553
2023-01-31,IEF,0.029585,-0.044388,0.000000,0.554806,0.547918,0.005231,0.510526,0.002657,4284,-0.205759,0.237553
2023-01-31,TLT,0.060491,-0.067074,0.000000,0.537550,0.551465,0.008071,0.510526,0.002882,4284,-0.205759,0.237553
2023-01-31,AGG,0.023751,-0.034236,0.000000,0.592751,0.539995,0.005125,0.557895,0.002059,4284,-0.205759,0.237553
2023-01-31,LQD,0.035406,-0.046848,0.000000,0.576129,0.543491,0.006805,0.573684,0.003003,4284,-0.205759,0.237553
2023-01-31,HYG,0.034862,-0.020441,0.000000,0.640709,0.529599,0.007422,0.640000,0.004307,4284,-0.205759,0.237553
2023-01-31,GLD,0.043282,-0.048771,0.000000,0.529297,0.553152,0.008670,0.531579,0.005811,4284,-0.205759,0.237553
2023-01-31,SLV,0.089233,-0.118644,0.000000,0.472336,0.564721,0.009627,0.494624,0.006424,4284,-0.205759,0.237553
2023-01-31,DBC,0.061462,-0.031765,0.000000,0.469883,0.565219,0.006020,0.513228,0.003502,4284,-0.205759,0.237553
2023-01-31,VNQ,0.073044,-0.059631,0.000000,0.570162,0.544736,0.007219,0.584211,0.006135,4284,-0.205759,0.237553
2023-02-28,SPY,0.058258,0.016710,1.000000,0.742215,0.504990,0.014524,0.673684,0.009456,4284,-0.205759,0.237553
2023-02-28,QQQ,0.079021,0.066917,1.000000,0.704665,0.514652,0.015908,0.642105,0.013660,4284,-0.205759,0.237553
2023-02-28,IWM,0.067819,-0.064368,0.000000,0.703058,0.515048,0.009465,0.642105,0.008532,4284,-0.205759,0.237553
2023-02-28,EFA,0.052716,0.014275,1.000000,0.675194,0.521732,0.012432,0.568421,0.004669,4284,-0.205759,0.237553
2023-02-28,EEM,0.056885,0.023280,1.000000,0.585361,0.541555,0.008191,0.515789,0.004704,4284,-0.205759,0.237553
2023-02-28,SHY,0.006596,0.015119,1.000000,0.659523,0.525356,0.006166,0.573684,0.001133,4284,-0.205759,0.237553
2023-02-28,IEF,0.028168,0.029990,1.000000,0.564703,0.545871,0.006698,0.510526,0.002657,4284,-0.205759,0.237553
2023-02-28,TLT,0.056792,0.028188,1.000000,0.577829,0.543136,0.010394,0.510526,0.002882,4284,-0.205759,0.237553
2023-02-28,AGG,0.022994,0.020335,1.000000,0.624531,0.533166,0.007522,0.557895,0.002059,4284,-0.205759,0.237553
2023-02-28,LQD,0.034153,0.027779,1.000000,0.617126,0.534776,0.008030,0.573684,0.003003,4284,-0.205759,0.237553
2023-02-28,HYG,0.034312,0.002970,1.000000,0.683808,0.519701,0.005037,0.640000,0.004307,4284,-0.205759,0.237553
2023-02-28,GLD,0.042273,0.075097,1.000000,0.595993,0.539307,0.007372,0.531579,0.005811,4284,-0.205759,0.237553
2023-02-28,SLV,0.084418,0.115505,1.000000,0.502655,0.558572,0.011408,0.494624,0.006424,4284,-0.205759,0.237553
2023-02-28,DBC,0.057706,-0.017256,0.000000,0.523206,0.554394,0.003564,0.513228,0.003502,4284,-0.205759,0.237553
2023-02-28,VNQ,0.067210,-0.054429,0.000000,0.673737,0.522073,0.012522,0.584211,0.006135,4284,-0.205759,0.237553
2023-03-31,SPY,0.056153,0.003542,1.000000,0.597504,0.538986,0.007279,0.673684,0.009456,4284,-0.205759,0.237553
2023-03-31,QQQ,0.073194,-0.004830,0.000000,0.580355,0.542606,0.016763,0.642105,0.013660,4284,-0.205759,0.237553
2023-03-31,IWM,0.069728,-0.037556,0.000000,0.592340,0.540082,0.002153,0.642105,0.008532,4284,-0.205759,0.237553
2023-03-31,EFA,0.053013,0.017478,1.000000,0.516745,0.555709,0.004800,0.568421,0.004669,4284,-0.205759,0.237553
2023-03-31,EEM,0.054020,-0.021287,0.000000,0.472973,0.564592,0.008188,0.515789,0.004704,4284,-0.205759,0.237553
2023-03-31,SHY,0.010912,0.003552,1.000000,0.696704,0.516602,0.001180,0.573684,0.001133,4284,-0.205759,0.237553
2023-03-31,IEF,0.032072,0.009252,1.000000,0.573967,0.543943,0.003497,0.510526,0.002657,4284,-0.205759,0.237553
2023-03-31,TLT,0.058164,-0.001265,0.000000,0.557283,0.547407,0.008176,0.510526,0.002882,4284,-0.205759,0.237553
2023-03-31,AGG,0.024222,0.005140,1.000000,0.607796,0.536788,0.003473,0.557895,0.002059,4284,-0.205759,0.237553
2023-03-31,LQD,0.032234,0.001743,1.000000,0.553794,0.548127,0.006073,0.573684,0.003003,4284,-0.205759,0.237553
2023-03-31,HYG,0.032492,-0.003508,0.000000,0.537008,0.551575,0.000302,0.640000,0.004307,4284,-0.205759,0.237553
2023-03-31,GLD,0.048085,0.023469,1.000000,0.572622,0.544223,0.007234,0.531579,0.005811,4284,-0.205759,0.237553
2023-03-31,SLV,0.086889,0.055606,1.000000,0.510009,0.557079,0.011222,0.494624,0.006424,4284,-0.205759,0.237553
2023-03-31,DBC,0.054841,-0.038332,0.000000,0.476714,0.563833,0.004463,0.513228,0.003502,4284,-0.205759,0.237553
2023-03-31,VNQ,0.071779,-0.021195,0.000000,0.551696,0.548560,0.007109,0.584211,0.006135,4284,-0.205759,0.237553
2023-04-28,SPY,0.051187,0.010218,1.000000,0.611857,0.535915,0.007263,0.673684,0.009456,4284,-0.205759,0.237553
2023-04-28,QQQ,0.066960,0.085007,1.000000,0.565703,0.545663,0.010762,0.642105,0.013660,4284,-0.205759,0.237553
2023-04-28,IWM,0.064430,0.001713,1.000000,0.647965,0.527975,0.009591,0.642105,0.008532,4284,-0.205759,0.237553
2023-04-28,EFA,0.047686,-0.030019,0.000000,0.569511,0.544872,0.012307,0.568421,0.004669,4284,-0.205759,0.237553
2023-04-28,EEM,0.049887,-0.014823,0.000000,0.608374,0.536664,0.012422,0.515789,0.004704,4284,-0.205759,0.237553
2023-04-28,SHY,0.010223,-0.004744,0.000000,0.584314,0.541775,0.003971,0.573684,0.001133,4284,-0.205759,0.237553
2023-04-28,IEF,0.030204,-0.018102,0.000000,0.534114,0.552168,0.006342,0.510526,0.002657,4284,-0.205759,0.237553
2023-04-28,TLT,0.054344,-0.038534,0.000000,0.570916,0.544579,0.010558,0.510526,0.002882,4284,-0.205759,0.237553
2023-04-28,AGG,0.022575,-0.014953,0.000000,0.587219,0.541163,0.006022,0.557895,0.002059,4284,-0.205759,0.237553
2023-04-28,LQD,0.029104,-0.020884,0.000000,0.581094,0.542451,0.007072,0.573684,0.003003,4284,-0.205759,0.237553
2023-04-28,HYG,0.028681,-0.009249,0.000000,0.590335,0.540506,0.003505,0.640000,0.004307,4284,-0.205759,0.237553
2023-04-28,GLD,0.045237,-0.014935,0.000000,0.624758,0.533116,0.013925,0.531579,0.005811,4284,-0.205759,0.237553
2023-04-28,SLV,0.079170,-0.073913,0.000000,0.557206,0.547423,0.015311,0.494624,0.006424,4284,-0.205759,0.237553
2023-04-28,DBC,0.050660,-0.053480,0.000000,0.595414,0.539430,0.013045,0.513228,0.003502,4284,-0.205759,0.237553
2023-04-28,VNQ,0.065748,-0.044418,0.000000,0.560117,0.546821,0.013329,0.584211,0.006135,4284,-0.205759,0.237553
2023-05-31,SPY,0.046900,0.064800,1.000000,0.618764,0.534421,0.005042,0.673684,0.009456,4284,-0.205759,0.237553
2023-05-31,QQQ,0.062852,0.063039,1.000000,0.588684,0.540854,0.012854,0.642105,0.013660,4284,-0.205759,0.237553
2023-05-31,IWM,0.060383,0.080673,1.000000,0.635118,0.530839,0.009642,0.642105,0.008532,4284,-0.205759,0.237553
2023-05-31,EFA,0.044320,0.044701,1.000000,0.677490,0.521194,0.012458,0.568421,0.004669,4284,-0.205759,0.237553
2023-05-31,EEM,0.047857,0.043989,1.000000,0.638653,0.530056,0.010279,0.515789,0.004704,4284,-0.205759,0.237553
2023-05-31,SHY,0.009407,-0.004946,0.000000,0.645138,0.528610,0.005879,0.573684,0.001133,4284,-0.205759,0.237553
2023-05-31,IEF,0.028830,-0.012553,0.000000,0.563435,0.546134,0.005031,0.510526,0.002657,4284,-0.205759,0.237553
2023-05-31,TLT,0.052257,0.002171,1.000000,0.529239,0.553163,0.004785,0.510526,0.002882,4284,-0.205759,0.237553
2023-05-31,AGG,0.021900,-0.003682,0.000000,0.610912,0.536118,0.003824,0.557895,0.002059,4284,-0.205759,0.237553
2023-05-31,LQD,0.028243,0.008101,1.000000,0.590131,0.540549,0.002832,0.573684,0.003003,4284,-0.205759,0.237553
2023-05-31,HYG,0.025870,0.017802,1.000000,0.678676,0.520915,0.006020,0.640000,0.004307,4284,-0.205759,0.237553
2023-05-31,GLD,0.042951,-0.022214,0.000000,0.599434,0.538576,0.008614,0.531579,0.005811,4284,-0.205759,0.237553
2023-05-31,SLV,0.077031,-0.033318,0.000000,0.497795,0.559558,0.002450,0.494624,0.006424,4284,-0.205759,0.237553
2023-05-31,DBC,0.052554,0.029478,1.000000,0.616349,0.534945,0.011180,0.513228,0.003502,4284,-0.205759,0.237553
2023-05-31,VNQ,0.061019,0.056295,1.000000,0.626402,0.532757,0.009510,0.584211,0.006135,4284,-0.205759,0.237553
2023-06-30,SPY,0.043038,0.029778,1.000000,0.646556,0.528292,0.010049,0.673684,0.009456,4284,-0.205759,0.237553
2023-06-30,QQQ,0.058978,0.036192,1.000000,0.625800,0.532888,0.020090,0.642105,0.013660,4284,-0.205759,0.237553
2023-06-30,IWM,0.060094,0.056229,1.000000,0.652901,0.526862,0.008805,0.642105,0.008532,4284,-0.205759,0.237553
2023-06-30,EFA,0.042973,0.014207,1.000000,0.591265,0.540309,0.005040,0.568421,0.004669,4284,-0.205759,0.237553
2023-06-30,EEM,0.046467,0.047017,1.000000,0.613856,0.535484,0.008109,0.515789,0.004704,4284,-0.205759,0.237553
2023-06-30,SHY,0.008576,0.002199,1.000000,0.643401,0.528998,0.006735,0.573684,0.001133,4284,-0.205759,0.237553
2023-06-30,IEF,0.027152,-0.012322,0.000000,0.571203,0.544519,0.007579,0.510526,0.002657,4284,-0.205759,0.237553
2023-06-30,TLT,0.048956,-0.041413,0.000000,0.513242,0.556422,0.006821,0.510526,0.002882,4284,-0.205759,0.237553
2023-06-30,AGG,0.020667,-0.006774,0.000000,0.606487,0.537069,0.006091,0.557895,0.002059,4284,-0.205759,0.237553
2023-06-30,LQD,0.026380,-0.009431,0.000000,0.520269,0.554992,0.001287,0.573684,0.003003,4284,-0.205759,0.237553
2023-06-30,HYG,0.023364,0.006150,1.000000,0.622268,0.533659,0.003004,0.640000,0.004307,4284,-0.205759,0.237553
2023-06-30,GLD,0.039770,0.012285,1.000000,0.577604,0.543183,0.006501,0.531579,0.005811,4284,-0.205759,0.237553
2023-06-30,SLV,0.075168,0.067018,1.000000,0.505777,0.557938,0.000630,0.494624,0.006424,4284,-0.205759,0.237553
2023-06-30,DBC,0.052009,0.081498,1.000000,0.518484,0.555355,0.004365,0.513228,0.003502,4284,-0.205759,0.237553
2023-06-30,VNQ,0.058213,0.018669,1.000000,0.598112,0.538857,0.009704,0.584211,0.006135,4284,-0.205759,0.237553
2023-07-31,SPY,0.038411,-0.018852,0.000000,0.634188,0.531045,0.008014,0.673684,0.009456,4284,-0.205759,0.237553
2023-07-31,QQQ,0.054559,-0.023222,0.000000,0.600736,0.538298,0.015169,0.642105,0.013660,4284,-0.205759,0.237553
2023-07-31,IWM,0.056385,-0.052740,0.000000,0.583000,0.542051,0.002663,0.642105,0.008532,4284,-0.205759,0.237553
2023-07-31,EFA,0.041210,-0.035052,0.000000,0.580560,0.542563,0.001905,0.568421,0.004669,4284,-0.205759,0.237553
2023-07-31,EEM,0.048372,-0.051490,0.000000,0.502469,0.558610,-0.002596,0.515789,0.004704,4284,-0.205759,0.237553
2023-07-31,SHY,0.007947,0.003114,1.000000,0.583440,0.541959,0.001154,0.573684,0.001133,4284,-0.205759,0.237553
2023-07-31,IEF,0.026312,-0.009194,0.000000,0.543826,0.550178,0.004538,0.510526,0.002657,4284,-0.205759,0.237553
2023-07-31,TLT,0.046041,-0.034729,0.000000,0.569248,0.544926,0.006771,0.510526,0.002882,4284,-0.205759,0.237553
2023-07-31,AGG,0.020222,-0.007340,0.000000,0.584416,0.541753,0.002816,0.557895,0.002059,4284,-0.205759,0.237553
2023-07-31,LQD,0.026668,-0.012570,0.000000,0.599604,0.538540,0.001679,0.573684,0.003003,4284,-0.205759,0.237553
2023-07-31,HYG,0.022729,0.002901,1.000000,0.672285,0.522412,0.001783,0.640000,0.004307,4284,-0.205759,0.237553
2023-07-31,GLD,0.037252,-0.013600,0.000000,0.520241,0.554998,0.003807,0.531579,0.005811,4284,-0.205759,0.237553
2023-07-31,SLV,0.076597,0.000881,1.000000,0.492726,0.560586,0.003456,0.494624,0.006424,4284,-0.205759,0.237553
2023-07-31,DBC,0.048008,-0.008914,0.000000,0.504814,0.558134,0.006478,0.513228,0.003502,4284,-0.205759,0.237553
2023-07-31,VNQ,0.053130,-0.030143,0.000000,0.634929,0.530881,0.010554,0.584211,0.006135,4284,-0.205759,0.237553
2023-08-31,SPY,0.037387,-0.047813,0.000000,0.630312,0.531899,0.005567,0.673684,0.009456,4284,-0.205759,0.237553
2023-08-31,QQQ,0.053704,-0.042877,0.000000,0.573620,0.544015,0.012577,0.642105,0.013660,4284,-0.205759,0.237553
2023-08-31,IWM,0.050806,-0.072758,0.000000,0.590332,0.540506,0.003124,0.642105,0.008532,4284,-0.205759,0.237553
2023-08-31,EFA,0.040257,-0.050608,0.000000,0.525906,0.553843,0.002345,0.568421,0.004669,4284,-0.205759,0.237553
2023-08-31,EEM,0.046733,-0.035997,0.000000,0.497634,0.559591,0.003439,0.515789,0.004704,4284,-0.205759,0.237553
2023-08-31,SHY,0.007001,-0.001792,0.000000,0.546042,0.549723,-0.000095,0.573684,0.001133,4284,-0.205759,0.237553
2023-08-31,IEF,0.025229,-0.039245,0.000000,0.487763,0.561592,0.000417,0.510526,0.002657,4284,-0.205759,0.237553
2023-08-31,TLT,0.047527,-0.094921,0.000000,0.472295,0.564729,-0.001853,0.510526,0.002882,4284,-0.205759,0.237553
2023-08-31,AGG,0.019867,-0.032678,0.000000,0.528831,0.553247,-0.000520,0.557895,0.002059,4284,-0.205759,0.237553
2023-08-31,LQD,0.026714,-0.044408,0.000000,0.520872,0.554869,-0.000004,0.573684,0.003003,4284,-0.205759,0.237553
2023-08-31,HYG,0.020959,-0.022106,0.000000,0.608295,0.536681,0.001913,0.640000,0.004307,4284,-0.205759,0.237553
2023-08-31,GLD,0.032832,-0.057605,0.000000,0.481354,0.562892,0.004184,0.531579,0.005811,4284,-0.205759,0.237553
2023-08-31,SLV,0.072876,-0.132648,0.000000,0.447260,0.569821,0.006846,0.494624,0.006424,4284,-0.205759,0.237553
2023-08-31,DBC,0.042157,0.007320,1.000000,0.430307,0.573290,0.000782,0.513228,0.003502,4284,-0.205759,0.237553
2023-08-31,VNQ,0.048441,-0.089675,0.000000,0.554192,0.548045,0.003513,0.584211,0.006135,4284,-0.205759,0.237553
2023-09-29,SPY,0.036194,-0.027814,0.000000,0.689670,0.518302,0.010151,0.673684,0.009456,4284,-0.205759,0.237553
2023-09-29,QQQ,0.050521,-0.025316,0.000000,0.659216,0.525426,0.014487,0.642105,0.013660,4284,-0.205759,0.237553
2023-09-29,IWM,0.048764,-0.077119,0.000000,0.654393,0.526524,0.007180,0.642105,0.008532,4284,-0.205759,0.237553
2023-09-29,EFA,0.038073,-0.032502,0.000000,0.605526,0.537275,0.006175,0.568421,0.004669,4284,-0.205759,0.237553
2023-09-29,EEM,0.044137,-0.027404,0.000000,0.566549,0.545487,0.005202,0.515789,0.004704,4284,-0.205759,0.237553
2023-09-29,SHY,0.006237,0.003702,1.000000,0.582627,0.542130,0.000820,0.573684,0.001133,4284,-0.205759,0.237553
2023-09-29,IEF,0.023158,-0.017197,0.000000,0.557682,0.547324,0.005841,0.510526,0.002657,4284,-0.205759,0.237553
2023-09-29,TLT,0.047515,-0.049994,0.000000,0.584673,0.541700,0.003544,0.510526,0.002882,4284,-0.205759,0.237553
2023-09-29,AGG,0.018808,-0.015067,0.000000,0.614128,0.535425,0.005835,0.557895,0.002059,4284,-0.205759,0.237553
2023-09-29,LQD,0.025222,-0.022741,0.000000,0.614520,0.535340,0.007456,0.573684,0.003003,4284,-0.205759,0.237553
2023-09-29,HYG,0.019319,-0.013023,0.000000,0.677379,0.521220,0.006344,0.640000,0.004307,4284,-0.205759,0.237553
2023-09-29,GLD,0.031175,0.079615,1.000000,0.625522,0.532949,0.008169,0.531579,0.005811,4284,-0.205759,0.237553
2023-09-29,SLV,0.067918,0.049164,1.000000,0.522291,0.554580,0.004712,0.494624,0.006424,4284,-0.205759,0.237553
2023-09-29,DBC,0.037782,-0.014423,0.000000,0.565437,0.545718,0.010027,0.513228,0.003502,4284,-0.205759,0.237553
2023-09-29,VNQ,0.049411,-0.052339,0.000000,0.634825,0.530904,0.005900,0.584211,0.006135,4284,-0.205759,0.237553
2023-10-31,SPY,0.037474,0.091344,1.000000,0.702623,0.515155,0.007652,0.673684,0.009456,4284,-0.205759,0.237553
2023-10-31,QQQ,0.051573,0.108188,1.000000,0.669135,0.523144,0.012113,0.642105,0.013660,4284,-0.205759,0.237553
2023-10-31,IWM,0.050989,0.092025,1.000000,0.701806,0.515355,0.007802,0.642105,0.008532,4284,-0.205759,0.237553
2023-10-31,EFA,0.038889,0.082188,1.000000,0.595604,0.539390,0.001676,0.568421,0.004669,4284,-0.205759,0.237553
2023-10-31,EEM,0.043328,0.077929,1.000000,0.591418,0.540277,0.005468,0.515789,0.004704,4284,-0.205759,0.237553
2023-10-31,SHY,0.006079,0.010520,1.000000,0.654033,0.526606,0.001787,0.573684,0.001133,4284,-0.205759,0.237553
2023-10-31,IEF,0.025278,0.045544,1.000000,0.576912,0.543327,0.002470,0.510526,0.002657,4284,-0.205759,0.237553
2023-10-31,TLT,0.055337,0.099239,1.000000,0.570484,0.544669,0.001027,0.510526,0.002882,4284,-0.205759,0.237553
2023-10-31,AGG,0.020846,0.045929,1.000000,0.617213,0.534758,0.002220,0.557895,0.002059,4284,-0.205759,0.237553
2023-10-31,LQD,0.027662,0.075744,1.000000,0.612351,0.535808,0.003305,0.573684,0.003003,4284,-0.205759,0.237553
2023-10-31,HYG,0.019280,0.048877,1.000000,0.638821,0.530019,0.000279,0.640000,0.004307,4284,-0.205759,0.237553
2023-10-31,GLD,0.036298,0.025314,1.000000,0.583726,0.541899,0.002687,0.531579,0.005811,4284,-0.205759,0.237553
2023-10-31,SLV,0.070137,0.102479,1.000000,0.469454,0.565306,0.002648,0.494624,0.006424,4284,-0.205759,0.237553
2023-10-31,DBC,0.043354,-0.024480,0.000000,0.523135,0.554408,0.001944,0.513228,0.003502,4284,-0.205759,0.237553
2023-10-31,VNQ,0.055076,0.120817,1.000000,0.633377,0.531224,0.004719,0.584211,0.006135,4284,-0.205759,0.237553
2023-11-30,SPY,0.036891,0.039804,1.000000,0.683945,0.519669,0.009030,0.673684,0.009456,4284,-0.205759,0.237553
2023-11-30,QQQ,0.049496,0.038002,1.000000,0.639829,0.529795,0.016184,0.642105,0.013660,4284,-0.205759,0.237553
2023-11-30,IWM,0.059436,0.114614,1.000000,0.636786,0.530470,0.006394,0.642105,0.008532,4284,-0.205759,0.237553
2023-11-30,EFA,0.039072,0.041766,1.000000,0.575711,0.543578,0.005150,0.568421,0.004669,4284,-0.205759,0.237553
2023-11-30,EEM,0.044219,0.023548,1.000000,0.566190,0.545562,0.006293,0.515789,0.004704,4284,-0.205759,0.237553
2023-11-30,SHY,0.006399,0.009802,1.000000,0.617208,0.534759,-0.000819,0.573684,0.001133,4284,-0.205759,0.237553
2023-11-30,IEF,0.026694,0.033847,1.000000,0.531309,0.552741,0.001655,0.510526,0.002657,4284,-0.205759,0.237553
2023-11-30,TLT,0.057028,0.080593,1.000000,0.522764,0.554484,0.004706,0.510526,0.002882,4284,-0.205759,0.237553
2023-11-30,AGG,0.022348,0.032066,1.000000,0.581423,0.542382,0.001343,0.557895,0.002059,4284,-0.205759,0.237553
2023-11-30,LQD,0.029683,0.041645,1.000000,0.585260,0.541576,0.003249,0.573684,0.003003,4284,-0.205759,0.237553
2023-11-30,HYG,0.020482,0.028458,1.000000,0.649978,0.527522,0.002419,0.640000,0.004307,4284,-0.205759,0.237553
2023-11-30,GLD,0.034995,0.010437,1.000000,0.489917,0.561155,-0.000531,0.531579,0.005811,4284,-0.205759,0.237553
2023-11-30,SLV,0.068939,-0.063986,0.000000,0.481114,0.562940,0.001784,0.494624,0.006424,4284,-0.205759,0.237553
2023-11-30,DBC,0.046064,-0.040811,0.000000,0.509229,0.557237,0.003098,0.513228,0.003502,4284,-0.205759,0.237553
2023-11-30,VNQ,0.061355,0.103867,1.000000,0.586840,0.541243,0.007047,0.584211,0.006135,4284,-0.205759,0.237553
2023-12-29,SPY,0.034660,0.015926,1.000000,0.625430,0.532969,0.007692,0.673684,0.009456,4284,-0.205759,0.237553
2023-12-29,QQQ,0.045635,0.018192,1.000000,0.583241,0.542001,0.011375,0.642105,0.013660,4284,-0.205759,0.237553
2023-12-29,IWM,0.062949,-0.039012,0.000000,0.603696,0.537666,0.009619,0.642105,0.008532,4284,-0.205759,0.237553
2023-12-29,EFA,0.037623,-0.004512,0.000000,0.520896,0.554864,0.001423,0.568421,0.004669,4284,-0.205759,0.237553
2023-12-29,EEM,0.043206,-0.045263,0.000000,0.475743,0.564030,-0.000192,0.515789,0.004704,4284,-0.205759,0.237553
2023-12-29,SHY,0.006648,0.003169,1.000000,0.622530,0.533602,-0.000034,0.573684,0.001133,4284,-0.205759,0.237553
2023-12-29,IEF,0.026278,0.000726,1.000000,0.520207,0.555005,0.002810,0.510526,0.002657,4284,-0.205759,0.237553
2023-12-29,TLT,0.056523,-0.022451,0.000000,0.507994,0.557488,0.003191,0.510526,0.002882,4284,-0.205759,0.237553
2023-12-29,AGG,0.022230,-0.001511,0.000000,0.568992,0.544979,0.002430,0.557895,0.002059,4284,-0.205759,0.237553
2023-12-29,LQD,0.029528,-0.004428,0.000000,0.561178,0.546601,0.003232,0.573684,0.003003,4284,-0.205759,0.237553
2023-12-29,HYG,0.020566,0.001163,1.000000,0.635815,0.530685,0.005742,0.640000,0.004307,4284,-0.205759,0.237553
2023-12-29,GLD,0.037985,-0.014228,0.000000,0.497451,0.559628,-0.000535,0.531579,0.005811,4284,-0.205759,0.237553
2023-12-29,SLV,0.071352,-0.039945,0.000000,0.477993,0.563573,0.001101,0.494624,0.006424,4284,-0.205759,0.237553
2023-12-29,DBC,0.045392,0.013158,1.000000,0.459771,0.567273,0.003182,0.513228,0.003502,4284,-0.205759,0.237553
2023-12-29,VNQ,0.061630,-0.050589,0.000000,0.541288,0.550699,0.005673,0.584211,0.006135,4284,-0.205759,0.237553
2024-01-31,SPY,0.033895,0.062065,1.000000,0.612094,0.518878,0.006345,0.668317,0.009475,4536,0.982775,-0.372717
2024-01-31,QQQ,0.045869,0.068686,1.000000,0.573402,0.479495,0.009541,0.633663,0.014332,4536,0.982775,-0.372717
2024-01-31,IWM,0.061014,0.067452,1.000000,0.599721,0.506155,0.002911,0.628713,0.007841,4536,0.982775,-0.372717
2024-01-31,EFA,0.035984,0.039861,1.000000,0.503706,0.411408,-0.002106,0.564356,0.004801,4536,0.982775,-0.372717
2024-01-31,EEM,0.042834,0.054441,1.000000,0.515752,0.422926,0.000808,0.509901,0.004757,4536,0.982775,-0.372717
2024-01-31,SHY,0.006281,-0.001920,0.000000,0.570737,0.476826,-0.002289,0.579208,0.001204,4536,0.982775,-0.372717
2024-01-31,IEF,0.024294,-0.016357,0.000000,0.456902,0.367592,-0.004611,0.500000,0.002302,4536,0.982775,-0.372717
2024-01-31,TLT,0.051624,-0.016431,0.000000,0.487519,0.396088,-0.002198,0.500000,0.002042,4536,0.982775,-0.372717
2024-01-31,AGG,0.020390,-0.010016,0.000000,0.502834,0.410578,-0.003807,0.544554,0.001880,4536,0.982775,-0.372717
2024-01-31,LQD,0.027030,-0.013350,0.000000,0.509180,0.416629,-0.002470,0.564356,0.002840,4536,0.982775,-0.372717
2024-01-31,HYG,0.019023,0.006792,1.000000,0.597472,0.503855,0.004643,0.631016,0.004246,4536,0.982775,-0.372717
2024-01-31,GLD,0.034828,0.023561,1.000000,0.566819,0.472910,0.002599,0.534653,0.006252,4536,0.982775,-0.372717
2024-01-31,SLV,0.066818,0.012434,1.000000,0.478443,0.387576,0.000902,0.505051,0.006603,4536,0.982775,-0.372717
2024-01-31,DBC,0.042355,-0.010300,0.000000,0.440108,0.352220,0.000077,0.497512,0.002758,4536,0.982775,-0.372717
2024-01-31,VNQ,0.057594,0.031947,1.000000,0.603872,0.510409,0.006408,0.569307,0.005297,4536,0.982775,-0.372717
2024-02-29,SPY,0.034468,0.030905,1.000000,0.641460,0.549579,0.004534,0.668317,0.009475,4536,0.982775,-0.372717
2024-02-29,QQQ,0.046359,0.014894,1.000000,0.594184,0.500501,0.007332,0.633663,0.014332,4536,0.982775,-0.372717
2024-02-29,IWM,0.064422,0.025126,1.000000,0.566142,0.472235,-0.003226,0.628713,0.007841,4536,0.982775,-0.372717
2024-02-29,EFA,0.034568,0.029385,1.000000,0.547276,0.453556,0.002196,0.564356,0.004801,4536,0.982775,-0.372717
2024-02-29,EEM,0.042246,0.029007,1.000000,0.538932,0.445378,0.003865,0.509901,0.004757,4536,0.982775,-0.372717
2024-02-29,SHY,0.006202,0.001343,1.000000,0.652731,0.561556,0.003449,0.579208,0.001204,4536,0.982775,-0.372717
2024-02-29,IEF,0.024065,-0.001783,0.000000,0.552278,0.458483,0.000915,0.500000,0.002302,4536,0.982775,-0.372717
2024-02-29,TLT,0.050182,-0.010958,0.000000,0.519057,0.426103,-0.000242,0.500000,0.002042,4536,0.982775,-0.372717
2024-02-29,AGG,0.020071,0.001688,1.000000,0.598929,0.505345,0.002141,0.544554,0.001880,4536,0.982775,-0.372717
2024-02-29,LQD,0.025739,0.005688,1.000000,0.595148,0.501484,0.005049,0.564356,0.002840,4536,0.982775,-0.372717
2024-02-29,HYG,0.018137,0.006781,1.000000,0.611138,0.517891,0.001571,0.631016,0.004246,4536,0.982775,-0.372717
2024-02-29,GLD,0.032279,0.097776,1.000000,0.540750,0.447156,0.000479,0.534653,0.006252,4536,0.982775,-0.372717
2024-02-29,SLV,0.065763,0.102750,1.000000,0.499925,0.407814,-0.000203,0.505051,0.006603,4536,0.982775,-0.372717
2024-02-29,DBC,0.039374,0.049568,1.000000,0.501749,0.409546,0.000994,0.497512,0.002758,4536,0.982775,-0.372717
2024-02-29,VNQ,0.055873,0.002416,1.000000,0.483427,0.392244,-0.003713,0.569307,0.005297,4536,0.982775,-0.372717
2024-03-28,SPY,0.032677,-0.024872,0.000000,0.630515,0.538052,0.010293,0.668317,0.009475,4536,0.982775,-0.372717
2024-03-28,QQQ,0.045025,-0.025360,0.000000,0.619065,0.526101,0.015804,0.633663,0.014332,4536,0.982775,-0.372717
2024-03-28,IWM,0.059755,-0.049168,0.000000,0.601677,0.508158,0.006402,0.628713,0.007841,4536,0.982775,-0.372717
2024-03-28,EFA,0.032446,-0.020035,0.000000,0.582911,0.489064,0.007403,0.564356,0.004801,4536,0.982775,-0.372717
2024-03-28,EEM,0.039047,0.011928,1.000000,0.550172,0.456406,0.003717,0.509901,0.004757,4536,0.982775,-0.372717
2024-03-28,SHY,0.005650,-0.003190,0.000000,0.599965,0.506405,0.001849,0.579208,0.001204,4536,0.982775,-0.372717
2024-03-28,IEF,0.021793,-0.026742,0.000000,0.542006,0.448385,0.004016,0.500000,0.002302,4536,0.982775,-0.372717
2024-03-28,TLT,0.045203,-0.056496,0.000000,0.576703,0.482809,0.008745,0.500000,0.002042,4536,0.982775,-0.372717
2024-03-28,AGG,0.018198,-0.020789,0.000000,0.581000,0.487136,0.003636,0.544554,0.001880,4536,0.982775,-0.372717
2024-03-28,LQD,0.023274,-0.027085,0.000000,0.578193,0.484308,0.004316,0.564356,0.002840,4536,0.982775,-0.372717
2024-03-28,HYG,0.016423,-0.006271,0.000000,0.635986,0.543802,0.005783,0.631016,0.004246,4536,0.982775,-0.372717
2024-03-28,GLD,0.034210,0.050846,1.000000,0.606724,0.513341,0.006506,0.534653,0.006252,4536,0.982775,-0.372717
2024-03-28,SLV,0.067291,0.091429,1.000000,0.569570,0.475658,0.005831,0.505051,0.006603,4536,0.982775,-0.372717
2024-03-28,DBC,0.037079,0.029168,1.000000,0.508896,0.416358,-0.001363,0.497512,0.002758,4536,0.982775,-0.372717
2024-03-28,VNQ,0.052863,-0.063598,0.000000,0.601407,0.507882,0.007075,0.569307,0.005297,4536,0.982775,-0.372717
2024-04-30,SPY,0.034643,0.041097,1.000000,0.685962,0.597517,0.016175,0.668317,0.009475,4536,0.982775,-0.372717
2024-04-30,QQQ,0.047829,0.063497,1.000000,0.637421,0.545313,0.016466,0.633663,0.014332,4536,0.982775,-0.372717
2024-04-30,IWM,0.057998,0.041603,1.000000,0.638907,0.546881,0.013179,0.628713,0.007841,4536,0.982775,-0.372717
2024-04-30,EFA,0.033376,0.040637,1.000000,0.595843,0.502192,0.010182,0.564356,0.004801,4536,0.982775,-0.372717
2024-04-30,EEM,0.039780,0.029519,1.000000,0.538361,0.444821,0.004145,0.509901,0.004757,4536,0.982775,-0.372717
2024-04-30,SHY,0.005604,0.005835,1.000000,0.627324,0.534710,0.006324,0.579208,0.001204,4536,0.982775,-0.372717
2024-04-30,IEF,0.021940,0.013285,1.000000,0.554330,0.460509,0.006590,0.500000,0.002302,4536,0.982775,-0.372717
2024-04-30,TLT,0.044268,0.021931,1.000000,0.567907,0.473996,0.009717,0.500000,0.002042,4536,0.982775,-0.372717
2024-04-30,AGG,0.018254,0.013430,1.000000,0.590651,0.496906,0.006479,0.544554,0.001880,4536,0.982775,-0.372717
2024-04-30,LQD,0.023455,0.017643,1.000000,0.601993,0.508482,0.007569,0.564356,0.002840,4536,0.982775,-0.372717
2024-04-30,HYG,0.016553,0.012782,1.000000,0.646814,0.555255,0.007924,0.631016,0.004246,4536,0.982775,-0.372717
2024-04-30,GLD,0.041034,0.022183,1.000000,0.656956,0.566073,0.012461,0.534653,0.006252,4536,0.982775,-0.372717
2024-04-30,SLV,0.077941,0.181705,1.000000,0.593946,0.500259,0.010732,0.505051,0.006603,4536,0.982775,-0.372717
2024-04-30,DBC,0.034473,0.001714,1.000000,0.601831,0.508316,0.007213,0.497512,0.002758,4536,0.982775,-0.372717
2024-04-30,VNQ,0.055000,0.026379,1.000000,0.581674,0.487816,0.009039,0.569307,0.005297,4536,0.982775,-0.372717
2024-05-31,SPY,0.032815,0.044392,1.000000,0.680410,0.591440,0.013895,0.668317,0.009475,4536,0.982775,-0.372717
2024-05-31,QQQ,0.044294,0.082190,1.000000,0.660534,0.569912,0.019518,0.633663,0.014332,4536,0.982775,-0.372717
2024-05-31,IWM,0.053803,-0.016166,0.000000,0.665735,0.575511,0.011121,0.628713,0.007841,4536,0.982775,-0.372717
2024-05-31,EFA,0.033690,-0.014131,0.000000,0.596521,0.502884,0.006914,0.564356,0.004801,4536,0.982775,-0.372717
2024-05-31,EEM,0.038816,0.031722,1.000000,0.633397,0.541077,0.013343,0.509901,0.004757,4536,0.982775,-0.372717
2024-05-31,SHY,0.005245,0.005443,1.000000,0.608354,0.515020,-0.000227,0.579208,0.001204,4536,0.982775,-0.372717
2024-05-31,IEF,0.020584,0.008430,1.000000,0.558863,0.464997,0.002888,0.500000,0.002302,4536,0.982775,-0.372717
2024-05-31,TLT,0.041275,0.008389,1.000000,0.575904,0.482006,0.005892,0.500000,0.002042,4536,0.982775,-0.372717
2024-05-31,AGG,0.017184,0.006780,1.000000,0.602280,0.508776,0.003267,0.544554,0.001880,4536,0.982775,-0.372717
2024-05-31,LQD,0.022180,0.006397,1.000000,0.603835,0.510371,0.003617,0.564356,0.002840,4536,0.982775,-0.372717
2024-05-31,HYG,0.015888,0.007347,1.000000,0.663845,0.573474,0.004557,0.631016,0.004246,4536,0.982775,-0.372717
2024-05-31,GLD,0.042690,0.001208,1.000000,0.586964,0.493165,0.009665,0.534653,0.006252,4536,0.982775,-0.372717
2024-05-31,SLV,0.093432,-0.028458,0.000000,0.434629,0.347244,0.004261,0.505051,0.006603,4536,0.982775,-0.372717
2024-05-31,DBC,0.036141,0.012462,1.000000,0.522641,0.429558,0.002940,0.497512,0.002758,4536,0.982775,-0.372717
2024-05-31,VNQ,0.053008,0.013891,1.000000,0.601419,0.507894,0.005255,0.569307,0.005297,4536,0.982775,-0.372717
2024-06-28,SPY,0.029678,-0.004079,0.000000,0.667050,0.576930,0.012344,0.668317,0.009475,4536,0.982775,-0.372717
2024-06-28,QQQ,0.042311,-0.045042,0.000000,0.644909,0.553233,0.014687,0.633663,0.014332,4536,0.982775,-0.372717
2024-06-28,IWM,0.050170,0.096998,1.000000,0.617840,0.524829,0.001382,0.628713,0.007841,4536,0.982775,-0.372717
2024-06-28,EFA,0.033425,0.011617,1.000000,0.622326,0.529494,0.007640,0.564356,0.004801,4536,0.982775,-0.372717
2024-06-28,EEM,0.037076,-0.013149,0.000000,0.505537,0.413152,0.001969,0.509901,0.004757,4536,0.982775,-0.372717
2024-06-28,SHY,0.005073,0.009707,1.000000,0.632577,0.540216,0.001579,0.579208,0.001204,4536,0.982775,-0.372717
2024-06-28,IEF,0.020812,0.021475,1.000000,0.592714,0.499004,0.005113,0.500000,0.002302,4536,0.982775,-0.372717
2024-06-28,TLT,0.043253,0.025807,1.000000,0.607095,0.513722,0.004841,0.500000,0.002042,4536,0.982775,-0.372717
2024-06-28,AGG,0.017167,0.018715,1.000000,0.636642,0.544493,0.006116,0.544554,0.001880,4536,0.982775,-0.372717
2024-06-28,LQD,0.021585,0.020479,1.000000,0.654346,0.563281,0.007681,0.564356,0.002840,4536,0.982775,-0.372717
2024-06-28,HYG,0.014460,0.019873,1.000000,0.650412,0.559083,0.006964,0.631016,0.004246,4536,0.982775,-0.372717
2024-06-28,GLD,0.045838,0.034929,1.000000,0.552505,0.458707,0.004437,0.534653,0.006252,4536,0.982775,-0.372717
2024-06-28,SLV,0.099428,-0.027851,0.000000,0.487025,0.395624,0.000327,0.505051,0.006603,4536,0.982775,-0.372717
2024-06-28,DBC,0.036296,-0.049935,0.000000,0.444651,0.356361,-0.002394,0.497512,0.002758,4536,0.982775,-0.372717
2024-06-28,VNQ,0.047410,0.083214,1.000000,0.537000,0.443492,-0.000114,0.569307,0.005297,4536,0.982775,-0.372717
2024-07-31,SPY,0.033974,0.013689,1.000000,0.699874,0.612871,0.008443,0.668317,0.009475,4536,0.982775,-0.372717
2024-07-31,QQQ,0.052357,-0.000870,0.000000,0.657649,0.566816,0.008702,0.633663,0.014332,4536,0.982775,-0.372717
2024-07-31,IWM,0.057290,-0.022559,0.000000,0.645350,0.553700,0.005258,0.628713,0.007841,4536,0.982775,-0.372717
2024-07-31,EFA,0.035235,0.030986,1.000000,0.582261,0.488408,0.002259,0.564356,0.004801,4536,0.982775,-0.372717
2024-07-31,EEM,0.039423,0.007683,1.000000,0.578911,0.485031,0.004846,0.509901,0.004757,4536,0.982775,-0.372717
2024-07-31,SHY,0.004919,0.008920,1.000000,0.621303,0.528429,-0.002093,0.579208,0.001204,4536,0.982775,-0.372717
2024-07-31,IEF,0.019869,0.017008,1.000000,0.499875,0.407766,-0.003215,0.500000,0.002302,4536,0.982775,-0.372717
2024-07-31,TLT,0.041685,0.032118,1.000000,0.491386,0.399732,-0.002686,0.500000,0.002042,4536,0.982775,-0.372717
2024-07-31,AGG,0.016425,0.017043,1.000000,0.554605,0.460780,-0.001954,0.544554,0.001880,4536,0.982775,-0.372717
2024-07-31,LQD,0.021090,0.021545,1.000000,0.569206,0.475294,-0.001385,0.564356,0.002840,4536,0.982775,-0.372717
2024-07-31,HYG,0.013430,0.015346,1.000000,0.637618,0.545521,0.001400,0.631016,0.004246,4536,0.982775,-0.372717
2024-07-31,GLD,0.046662,0.028250,1.000000,0.573755,0.479849,0.005847,0.534653,0.006252,4536,0.982775,-0.372717
2024-07-31,SLV,0.094284,0.015915,1.000000,0.536842,0.443339,0.010142,0.505051,0.006603,4536,0.982775,-0.372717
2024-07-31,DBC,0.037227,-0.009743,0.000000,0.496618,0.404677,-0.000887,0.497512,0.002758,4536,0.982775,-0.372717
2024-07-31,VNQ,0.046691,0.042141,1.000000,0.591524,0.497794,0.003622,0.569307,0.005297,4536,0.982775,-0.372717
2024-08-30,SPY,0.040504,0.011858,1.000000,0.654575,0.563525,0.002920,0.668317,0.009475,4536,0.982775,-0.372717
2024-08-30,QQQ,0.058278,0.011918,1.000000,0.584157,0.490324,0.006367,0.633663,0.014332,4536,0.982775,-0.372717
2024-08-30,IWM,0.064914,-0.006573,0.000000,0.577324,0.483434,-0.002800,0.628713,0.007841,4536,0.982775,-0.372717
2024-08-30,EFA,0.040792,0.000362,1.000000,0.588350,0.494570,0.001946,0.564356,0.004801,4536,0.982775,-0.372717
2024-08-30,EEM,0.043890,0.065022,1.000000,0.515304,0.422495,0.001336,0.509901,0.004757,4536,0.982775,-0.372717
2024-08-30,SHY,0.005690,0.008377,1.000000,0.638311,0.546252,0.000802,0.579208,0.001204,4536,0.982775,-0.372717
2024-08-30,IEF,0.020382,0.017514,1.000000,0.609057,0.515744,0.006519,0.500000,0.002302,4536,0.982775,-0.372717
2024-08-30,TLT,0.042626,0.027359,1.000000,0.612028,0.518809,0.005117,0.500000,0.002042,4536,0.982775,-0.372717
2024-08-30,AGG,0.016433,0.016008,1.000000,0.619893,0.526962,0.005735,0.544554,0.001880,4536,0.982775,-0.372717
2024-08-30,LQD,0.020278,0.024529,1.000000,0.616320,0.523252,0.006210,0.564356,0.002840,4536,0.982775,-0.372717
2024-08-30,HYG,0.013099,0.016462,1.000000,0.666451,0.576284,0.002426,0.631016,0.004246,4536,0.982775,-0.372717
2024-08-30,GLD,0.044995,0.061914,1.000000,0.569214,0.475302,0.009583,0.534653,0.006252,4536,0.982775,-0.372717
2024-08-30,SLV,0.091281,0.084630,1.000000,0.508729,0.416198,0.011473,0.505051,0.006603,4536,0.982775,-0.372717
2024-08-30,DBC,0.039736,0.024876,1.000000,0.475578,0.384901,0.001419,0.497512,0.002758,4536,0.982775,-0.372717
2024-08-30,VNQ,0.046379,0.026019,1.000000,0.547388,0.453666,-0.001480,0.569307,0.005297,4536,0.982775,-0.372717
2024-09-30,SPY,0.039568,0.013961,1.000000,0.643154,0.551372,0.004884,0.668317,0.009475,4536,0.982775,-0.372717
2024-09-30,QQQ,0.057796,0.024771,1.000000,0.603821,0.510357,0.008539,0.633663,0.014332,4536,0.982775,-0.372717
2024-09-30,IWM,0.062018,0.003848,1.000000,0.583254,0.489411,0.000801,0.628713,0.007841,4536,0.982775,-0.372717
2024-09-30,EFA,0.042566,-0.040655,0.000000,0.524120,0.430986,-0.000689,0.564356,0.004801,4536,0.982775,-0.372717
2024-09-30,EEM,0.052786,-0.014828,0.000000,0.514030,0.421273,0.001462,0.509901,0.004757,4536,0.982775,-0.372717
2024-09-30,SHY,0.005466,-0.005635,0.000000,0.628612,0.536059,0.004850,0.579208,0.001204,4536,0.982775,-0.372717
2024-09-30,IEF,0.018650,-0.031932,0.000000,0.584330,0.490498,0.007440,0.500000,0.002302,4536,0.982775,-0.372717
2024-09-30,TLT,0.039606,-0.058844,0.000000,0.588601,0.494825,0.007202,0.500000,0.002042,4536,0.982775,-0.372717
2024-09-30,AGG,0.014951,-0.023999,0.000000,0.611780,0.518554,0.006959,0.544554,0.001880,4536,0.982775,-0.372717
2024-09-30,LQD,0.018699,-0.028596,0.000000,0.605333,0.511910,0.006389,0.564356,0.002840,4536,0.982775,-0.372717
2024-09-30,HYG,0.012181,-0.005131,0.000000,0.632784,0.540434,0.002836,0.631016,0.004246,4536,0.982775,-0.372717
2024-09-30,GLD,0.043371,0.053608,1.000000,0.539239,0.445679,0.008893,0.534653,0.006252,4536,0.982775,-0.372717
2024-09-30,SLV,0.095030,0.104893,1.000000,0.490254,0.398664,0.005540,0.505051,0.006603,4536,0.982775,-0.372717
2024-09-30,DBC,0.042217,-0.004939,0.000000,0.458268,0.368850,-0.003945,0.497512,0.002758,4536,0.982775,-0.372717
2024-09-30,VNQ,0.042227,-0.021248,0.000000,0.552126,0.458332,0.007274,0.569307,0.005297,4536,0.982775,-0.372717
2024-10-31,SPY,0.037225,0.061533,1.000000,0.723778,0.639679,0.019191,0.668317,0.009475,4536,0.982775,-0.372717
2024-10-31,QQQ,0.054002,0.064979,1.000000,0.696008,0.608586,0.020878,0.633663,0.014332,4536,0.982775,-0.372717
2024-10-31,IWM,0.056959,0.110167,1.000000,0.661979,0.571465,0.012910,0.628713,0.007841,4536,0.982775,-0.372717
2024-10-31,EFA,0.039172,-0.000379,0.000000,0.597380,0.503761,0.010571,0.564356,0.004801,4536,0.982775,-0.372717
2024-10-31,EEM,0.050183,-0.022947,0.000000,0.588150,0.494367,0.010379,0.509901,0.004757,4536,0.982775,-0.372717
2024-10-31,SHY,0.005188,0.002900,1.000000,0.666661,0.576510,0.008493,0.579208,0.001204,4536,0.982775,-0.372717
2024-10-31,IEF,0.017938,0.010124,1.000000,0.546426,0.452720,0.008167,0.500000,0.002302,4536,0.982775,-0.372717
2024-10-31,TLT,0.037871,0.022323,1.000000,0.545682,0.451990,0.004223,0.500000,0.002042,4536,0.982775,-0.372717
2024-10-31,AGG,0.014428,0.011233,1.000000,0.595098,0.501432,0.008168,0.544554,0.001880,4536,0.982775,-0.372717
2024-10-31,LQD,0.018453,0.019507,1.000000,0.602567,0.509071,0.009536,0.564356,0.002840,4536,0.982775,-0.372717
2024-10-31,HYG,0.011457,0.016075,1.000000,0.722291,0.637995,0.013100,0.631016,0.004246,4536,0.982775,-0.372717
2024-10-31,GLD,0.040830,-0.039722,0.000000,0.539437,0.445872,0.008329,0.534653,0.006252,4536,0.982775,-0.372717
2024-10-31,SLV,0.095460,-0.067762,0.000000,0.482052,0.390954,0.007000,0.505051,0.006603,4536,0.982775,-0.372717
2024-10-31,DBC,0.048008,-0.027003,0.000000,0.533817,0.440391,-0.002963,0.497512,0.002758,4536,0.982775,-0.372717
2024-10-31,VNQ,0.041764,0.027403,1.000000,0.636050,0.543868,0.014529,0.569307,0.005297,4536,0.982775,-0.372717
2024-11-29,SPY,0.036542,-0.024060,0.000000,0.662241,0.571747,0.006553,0.668317,0.009475,4536,0.982775,-0.372717
2024-11-29,QQQ,0.051779,0.004540,1.000000,0.636613,0.544462,0.008857,0.633663,0.014332,4536,0.982775,-0.372717
2024-11-29,IWM,0.062955,-0.083739,0.000000,0.633979,0.541690,0.005560,0.628713,0.007841,4536,0.982775,-0.372717
2024-11-29,EFA,0.038958,-0.029502,0.000000,0.523029,0.429934,-0.001230,0.564356,0.004801,4536,0.982775,-0.372717
2024-11-29,EEM,0.048824,-0.016967,0.000000,0.526541,0.433328,0.005848,0.509901,0.004757,4536,0.982775,-0.372717
2024-11-29,SHY,0.004992,0.002504,1.000000,0.481956,0.390865,-0.005874,0.579208,0.001204,4536,0.982775,-0.372717
2024-11-29,IEF,0.019080,-0.022584,0.000000,0.435340,0.347888,-0.004822,0.500000,0.002302,4536,0.982775,-0.372717
2024-11-29,TLT,0.042970,-0.063810,0.000000,0.450367,0.361589,-0.005344,0.500000,0.002042,4536,0.982775,-0.372717
2024-11-29,AGG,0.015515,-0.016934,0.000000,0.480974,0.389945,-0.004694,0.544554,0.001880,4536,0.982775,-0.372717
2024-11-29,LQD,0.021204,-0.026758,0.000000,0.504363,0.412033,-0.003993,0.564356,0.002840,4536,0.982775,-0.372717
2024-11-29,HYG,0.011087,-0.007803,0.000000,0.633011,0.540672,0.001697,0.631016,0.004246,4536,0.982775,-0.372717
2024-11-29,GLD,0.047874,-0.014088,0.000000,0.552657,0.458857,0.001651,0.534653,0.006252,4536,0.982775,-0.372717
2024-11-29,SLV,0.091715,-0.056948,0.000000,0.476377,0.385646,-0.002038,0.505051,0.006603,4536,0.982775,-0.372717
2024-11-29,DBC,0.047240,0.017227,1.000000,0.509086,0.416540,0.000683,0.497512,0.002758,4536,0.982775,-0.372717
2024-11-29,VNQ,0.042704,-0.083722,0.000000,0.559447,0.465575,0.003197,0.569307,0.005297,4536,0.982775,-0.372717
2024-12-31,SPY,0.038152,0.019946,1.000000,0.719401,0.634728,0.012654,0.668317,0.009475,4536,0.982775,-0.372717
2024-12-31,QQQ,0.053432,0.013458,1.000000,0.701351,0.614511,0.015076,0.633663,0.014332,4536,0.982775,-0.372717
2024-12-31,IWM,0.061273,0.012989,1.000000,0.640612,0.548682,0.009806,0.628713,0.007841,4536,0.982775,-0.372717
2024-12-31,EFA,0.037040,0.035709,1.000000,0.584259,0.490427,0.007810,0.564356,0.004801,4536,0.982775,-0.372717
2024-12-31,EEM,0.046049,0.014108,1.000000,0.578456,0.484573,0.010837,0.509901,0.004757,4536,0.982775,-0.372717
2024-12-31,SHY,0.004549,0.003084,1.000000,0.582954,0.489108,-0.001126,0.579208,0.001204,4536,0.982775,-0.372717
2024-12-31,IEF,0.018207,0.006882,1.000000,0.568091,0.474180,0.006241,0.500000,0.002302,4536,0.982775,-0.372717
2024-12-31,TLT,0.041161,0.013106,1.000000,0.561438,0.467552,0.006846,0.500000,0.002042,4536,0.982775,-0.372717
2024-12-31,AGG,0.014861,0.006112,1.000000,0.606916,0.513538,0.006244,0.544554,0.001880,4536,0.982775,-0.372717
2024-12-31,LQD,0.020776,0.007390,1.000000,0.608979,0.515663,0.007321,0.564356,0.002840,4536,0.982775,-0.372717
2024-12-31,HYG,0.012436,0.012328,1.000000,0.694566,0.606991,0.007337,0.631016,0.004246,4536,0.982775,-0.372717
2024-12-31,GLD,0.045344,0.073556,1.000000,0.577351,0.483461,0.009017,0.534653,0.006252,4536,0.982775,-0.372717
2024-12-31,SLV,0.084423,0.088872,1.000000,0.521756,0.428705,0.009373,0.505051,0.006603,4536,0.982775,-0.372717
2024-12-31,DBC,0.042687,0.035547,1.000000,0.394068,0.310978,-0.006507,0.497512,0.002758,4536,0.982775,-0.372717
2024-12-31,VNQ,0.046974,0.014369,1.000000,0.583740,0.489902,0.004855,0.569307,0.005297,4536,0.982775,-0.372717
2025-01-31,SPY,0.038518,-0.041474,0.000000,0.648699,0.612021,0.008610,0.677570,0.010375,4788,1.391030,-0.397341
2025-01-31,QQQ,0.054683,-0.051198,0.000000,0.635087,0.592288,0.009663,0.640187,0.015004,4788,1.391030,-0.397341
2025-01-31,IWM,0.057207,-0.088573,0.000000,0.587154,0.523133,0.006738,0.626168,0.008927,4788,1.391030,-0.397341
2025-01-31,EFA,0.037064,0.040636,1.000000,0.565374,0.492126,0.004363,0.565421,0.005069,4788,1.391030,-0.397341
2025-01-31,EEM,0.045599,0.011002,1.000000,0.487259,0.385031,0.002942,0.518692,0.005222,4788,1.391030,-0.397341
2025-01-31,SHY,0.004314,0.008122,1.000000,0.598107,0.538850,-0.000111,0.588785,0.001345,4788,1.391030,-0.397341
2025-01-31,IEF,0.017869,0.028484,1.000000,0.470096,0.362639,0.000640,0.509346,0.002386,4788,1.391030,-0.397341
2025-01-31,TLT,0.038450,0.048826,1.000000,0.462463,0.352837,0.003116,0.504673,0.002177,4788,1.391030,-0.397341
2025-01-31,AGG,0.014603,0.022002,1.000000,0.519196,0.427886,0.002237,0.551402,0.002058,4788,1.391030,-0.397341
2025-01-31,LQD,0.020242,0.023573,1.000000,0.524740,0.435470,0.002817,0.570093,0.003074,4788,1.391030,-0.397341
2025-01-31,HYG,0.012421,0.007475,1.000000,0.645841,0.607878,0.005790,0.643216,0.004591,4788,1.391030,-0.397341
2025-01-31,GLD,0.043412,0.040610,1.000000,0.556113,0.479062,0.008144,0.551402,0.007447,4788,1.391030,-0.397341
2025-01-31,SLV,0.079034,0.017187,1.000000,0.477012,0.371605,0.008791,0.509524,0.007968,4788,1.391030,-0.397341
2025-01-31,DBC,0.041602,-0.001821,0.000000,0.561963,0.487306,0.003272,0.497653,0.002547,4788,1.391030,-0.397341
2025-01-31,VNQ,0.050320,0.029818,1.000000,0.538782,0.454843,0.003019,0.579439,0.006037,4788,1.391030,-0.397341
2025-02-28,SPY,0.038393,-0.055719,0.000000,0.704253,0.692016,0.011246,0.677570,0.010375,4788,1.391030,-0.397341
2025-02-28,QQQ,0.054735,-0.075862,0.000000,0.672938,0.647095,0.014553,0.640187,0.015004,4788,1.391030,-0.397341
2025-02-28,IWM,0.055311,-0.068541,0.000000,0.668720,0.641003,0.010902,0.626168,0.008927,4788,1.391030,-0.397341
2025-02-28,EFA,0.036517,0.001839,1.000000,0.586175,0.521732,0.002767,0.565421,0.005069,4788,1.391030,-0.397341
2025-02-28,EEM,0.045263,0.011340,1.000000,0.588501,0.525062,0.009701,0.518692,0.005222,4788,1.391030,-0.397341
2025-02-28,SHY,0.004407,0.004407,1.000000,0.590807,0.528366,-0.002572,0.588785,0.001345,4788,1.391030,-0.397341
2025-02-28,IEF,0.018500,0.003420,1.000000,0.504404,0.407856,-0.002462,0.509346,0.002386,4788,1.391030,-0.397341
2025-02-28,TLT,0.040223,-0.012047,0.000000,0.485937,0.383289,-0.003184,0.504673,0.002177,4788,1.391030,-0.397341
2025-02-28,AGG,0.015034,-0.000263,0.000000,0.553015,0.474710,-0.002033,0.551402,0.002058,4788,1.391030,-0.397341
2025-02-28,LQD,0.019943,-0.004625,0.000000,0.544240,0.462437,-0.001348,0.570093,0.003074,4788,1.391030,-0.397341
2025-02-28,HYG,0.011734,-0.010858,0.000000,0.595835,0.535584,-0.000412,0.643216,0.004591,4788,1.391030,-0.397341
2025-02-28,GLD,0.042906,0.094466,1.000000,0.610196,0.556268,0.014065,0.551402,0.007447,4788,1.391030,-0.397341
2025-02-28,SLV,0.072130,0.094666,1.000000,0.599248,0.540491,0.014973,0.509524,0.007968,4788,1.391030,-0.397341
2025-02-28,DBC,0.040512,0.022727,1.000000,0.580596,0.513759,0.006607,0.497653,0.002547,4788,1.391030,-0.397341
2025-02-28,VNQ,0.045717,-0.025878,0.000000,0.514079,0.420924,0.000493,0.579439,0.006037,4788,1.391030,-0.397341
2025-03-31,SPY,0.045613,-0.008670,0.000000,0.642780,0.603440,0.004873,0.677570,0.010375,4788,1.391030,-0.397341
2025-03-31,QQQ,0.062481,0.013968,1.000000,0.637040,0.595119,0.009073,0.640187,0.015004,4788,1.391030,-0.397341
2025-03-31,IWM,0.058689,-0.023209,0.000000,0.644348,0.605714,0.008706,0.626168,0.008927,4788,1.391030,-0.397341
2025-03-31,EFA,0.040673,0.036951,1.000000,0.668921,0.641294,0.007391,0.565421,0.005069,4788,1.391030,-0.397341
2025-03-31,EEM,0.047892,0.001373,1.000000,0.577951,0.509988,0.004718,0.518692,0.005222,4788,1.391030,-0.397341
2025-03-31,SHY,0.004296,0.008126,1.000000,0.532234,0.445779,-0.004960,0.588785,0.001345,4788,1.391030,-0.397341
2025-03-31,IEF,0.018039,0.010561,1.000000,0.488048,0.386072,-0.004117,0.509346,0.002386,4788,1.391030,-0.397341
2025-03-31,TLT,0.038227,-0.013605,0.000000,0.537636,0.453254,-0.001998,0.504673,0.002177,4788,1.391030,-0.397341
2025-03-31,AGG,0.014313,0.004310,1.000000,0.557390,0.480859,-0.001789,0.551402,0.002058,4788,1.391030,-0.397341
2025-03-31,LQD,0.018729,-0.002706,0.000000,0.601603,0.543880,0.001139,0.570093,0.003074,4788,1.391030,-0.397341
2025-03-31,HYG,0.012396,0.001172,1.000000,0.691179,0.673339,0.007558,0.643216,0.004591,4788,1.391030,-0.397341
2025-03-31,GLD,0.041920,0.054244,1.000000,0.496770,0.397638,0.003914,0.551402,0.007447,4788,1.391030,-0.397341
2025-03-31,SLV,0.069548,-0.044853,0.000000,0.487282,0.385061,0.002244,0.509524,0.007968,4788,1.391030,-0.397341
2025-03-31,DBC,0.036585,-0.085778,0.000000,0.414630,0.293790,-0.006327,0.497653,0.002547,4788,1.391030,-0.397341
2025-03-31,VNQ,0.048068,-0.024409,0.000000,0.593427,0.532125,-0.002183,0.579439,0.006037,4788,1.391030,-0.397341
2025-04-30,SPY,0.087768,0.062845,1.000000,0.562429,0.487963,-0.010926,0.677570,0.010375,4788,1.391030,-0.397341
2025-04-30,QQQ,0.102647,0.091783,1.000000,0.529686,0.442266,-0.007468,0.640187,0.015004,4788,1.391030,-0.397341
2025-04-30,IWM,0.087126,0.052397,1.000000,0.536958,0.452314,-0.005460,0.626168,0.008927,4788,1.391030,-0.397341
2025-04-30,EFA,0.070140,0.047906,1.000000,0.534661,0.449133,-0.009305,0.565421,0.005069,4788,1.391030,-0.397341
2025-04-30,EEM,0.070499,0.040219,1.000000,0.465732,0.357022,-0.011819,0.518692,0.005222,4788,1.391030,-0.397341
2025-04-30,SHY,0.004753,-0.002547,0.000000,0.569880,0.498510,-0.003081,0.588785,0.001345,4788,1.391030,-0.397341
2025-04-30,IEF,0.019854,-0.012396,0.000000,0.538087,0.453879,-0.001101,0.509346,0.002386,4788,1.391030,-0.397341
2025-04-30,TLT,0.044360,-0.032106,0.000000,0.519683,0.428551,-0.001425,0.504673,0.002177,4788,1.391030,-0.397341
2025-04-30,AGG,0.016612,-0.006069,0.000000,0.592780,0.531196,0.000253,0.551402,0.002058,4788,1.391030,-0.397341
2025-04-30,LQD,0.026231,0.002064,1.000000,0.589565,0.526586,-0.000078,0.570093,0.003074,4788,1.391030,-0.397341
2025-04-30,HYG,0.024459,0.017532,1.000000,0.618832,0.568748,-0.000096,0.643216,0.004591,4788,1.391030,-0.397341
2025-04-30,GLD,0.057697,-0.000560,0.000000,0.542444,0.459934,0.007013,0.551402,0.007447,4788,1.391030,-0.397341
2025-04-30,SLV,0.082494,0.013514,1.000000,0.439163,0.323544,-0.010036,0.509524,0.007968,4788,1.391030,-0.397341
2025-04-30,DBC,0.052524,0.015070,1.000000,0.480716,0.376438,-0.005424,0.497653,0.002547,4788,1.391030,-0.397341
2025-04-30,VNQ,0.067200,0.011208,1.000000,0.506187,0.410254,-0.010899,0.579439,0.006037,4788,1.391030,-0.397341
2025-05-30,SPY,0.078070,0.051046,1.000000,0.698641,0.684016,0.010611,0.677570,0.010375,4788,1.391030,-0.397341
2025-05-30,QQQ,0.091367,0.054891,1.000000,0.694484,0.678072,0.015926,0.640187,0.015004,4788,1.391030,-0.397341
2025-05-30,IWM,0.080767,0.066040,1.000000,0.659084,0.627065,0.009798,0.626168,0.008927,4788,1.391030,-0.397341
2025-05-30,EFA,0.061306,0.022244,1.000000,0.578335,0.510535,0.007967,0.565421,0.005069,4788,1.391030,-0.397341
2025-05-30,EEM,0.062990,0.072017,1.000000,0.586609,0.522353,0.010693,0.518692,0.005222,4788,1.391030,-0.397341
2025-05-30,SHY,0.004808,0.004804,1.000000,0.576331,0.507679,-0.001630,0.588785,0.001345,4788,1.391030,-0.397341
2025-05-30,IEF,0.019558,0.014136,1.000000,0.512271,0.418472,-0.001315,0.509346,0.002386,4788,1.391030,-0.397341
2025-05-30,TLT,0.041868,0.029186,1.000000,0.505110,0.408805,0.000845,0.504673,0.002177,4788,1.391030,-0.397341
2025-05-30,AGG,0.016134,0.013620,1.000000,0.538424,0.454347,-0.001844,0.551402,0.002058,4788,1.391030,-0.397341
2025-05-30,LQD,0.024665,0.022058,1.000000,0.507778,0.412398,-0.003117,0.570093,0.003074,4788,1.391030,-0.397341
2025-05-30,HYG,0.021997,0.017104,1.000000,0.616278,0.565054,0.001730,0.643216,0.004591,4788,1.391030,-0.397341
2025-05-30,GLD,0.063562,0.013010,1.000000,0.545065,0.463587,0.008166,0.551402,0.007447,4788,1.391030,-0.397341
2025-05-30,SLV,0.077154,0.091000,1.000000,0.500924,0.403188,0.004395,0.509524,0.007968,4788,1.391030,-0.397341
2025-05-30,DBC,0.048599,0.050287,1.000000,0.535678,0.450540,0.007771,0.497653,0.002547,4788,1.391030,-0.397341
2025-05-30,VNQ,0.061883,0.014234,1.000000,0.582590,0.516607,0.002647,0.579439,0.006037,4788,1.391030,-0.397341
2025-06-30,SPY,0.067685,0.026884,1.000000,0.619582,0.569832,0.003522,0.677570,0.010375,4788,1.391030,-0.397341
2025-06-30,QQQ,0.079411,0.029693,1.000000,0.595858,0.535617,0.005870,0.640187,0.015004,4788,1.391030,-0.397341
2025-06-30,IWM,0.072271,0.026739,1.000000,0.613182,0.560580,0.007605,0.626168,0.008927,4788,1.391030,-0.397341
2025-06-30,EFA,0.054871,-0.010292,0.000000,0.529263,0.441683,0.004382,0.565421,0.005069,4788,1.391030,-0.397341
2025-06-30,EEM,0.058043,0.012438,1.000000,0.520722,0.429969,0.003739,0.518692,0.005222,4788,1.391030,-0.397341
2025-06-30,SHY,0.004661,-0.000920,0.000000,0.597268,0.537643,-0.000158,0.588785,0.001345,4788,1.391030,-0.397341
2025-06-30,IEF,0.018866,-0.006777,0.000000,0.513634,0.420320,-0.000482,0.509346,0.002386,4788,1.391030,-0.397341
2025-06-30,TLT,0.040250,-0.011965,0.000000,0.474628,0.368505,0.000361,0.504673,0.002177,4788,1.391030,-0.397341
2025-06-30,AGG,0.015513,-0.003145,0.000000,0.561550,0.486722,-0.000452,0.551402,0.002058,4788,1.391030,-0.397341
2025-06-30,LQD,0.022765,-0.001172,0.000000,0.556894,0.480161,-0.000568,0.570093,0.003074,4788,1.391030,-0.397341
2025-06-30,HYG,0.019180,0.000735,1.000000,0.561612,0.486810,-0.001684,0.643216,0.004591,4788,1.391030,-0.397341
2025-06-30,GLD,0.059770,-0.012696,0.000000,0.623713,0.575811,0.017449,0.551402,0.007447,4788,1.391030,-0.397341
2025-06-30,SLV,0.078004,0.021335,1.000000,0.571329,0.500567,0.011862,0.509524,0.007968,4788,1.391030,-0.397341
2025-06-30,DBC,0.054858,0.038056,1.000000,0.559938,0.484449,0.004891,0.497653,0.002547,4788,1.391030,-0.397341
2025-06-30,VNQ,0.055541,0.015158,1.000000,0.620546,0.571228,0.009364,0.579439,0.006037,4788,1.391030,-0.397341
2025-07-31,SPY,0.056928,0.020520,1.000000,0.628220,0.582338,0.008091,0.677570,0.010375,4788,1.391030,-0.397341
2025-07-31,QQQ,0.066783,0.009540,1.000000,0.590496,0.527921,0.010969,0.640187,0.015004,4788,1.391030,-0.397341
2025-07-31,IWM,0.065448,0.071927,1.000000,0.714025,0.705882,0.012730,0.626168,0.008927,4788,1.391030,-0.397341
2025-07-31,EFA,0.050754,0.045247,1.000000,0.664985,0.635604,0.013477,0.565421,0.005069,4788,1.391030,-0.397341
2025-07-31,EEM,0.050210,0.026771,1.000000,0.581991,0.515751,0.012447,0.518692,0.005222,4788,1.391030,-0.397341
2025-07-31,SHY,0.004276,0.008875,1.000000,0.613151,0.560536,0.005229,0.588785,0.001345,4788,1.391030,-0.397341
2025-07-31,IEF,0.017567,0.016482,1.000000,0.528264,0.440308,0.001873,0.509346,0.002386,4788,1.391030,-0.397341
2025-07-31,TLT,0.037955,0.000127,1.000000,0.526214,0.437492,0.003065,0.504673,0.002177,4788,1.391030,-0.397341
2025-07-31,AGG,0.014257,0.011904,1.000000,0.566512,0.493737,0.001360,0.551402,0.002058,4788,1.391030,-0.397341
2025-07-31,LQD,0.020675,0.010436,1.000000,0.584271,0.519009,0.002034,0.570093,0.003074,4788,1.391030,-0.397341
2025-07-31,HYG,0.016398,0.011053,1.000000,0.633639,0.590190,0.004825,0.643216,0.004591,4788,1.391030,-0.397341
2025-07-31,GLD,0.053805,0.049875,1.000000,0.608831,0.554298,0.016751,0.551402,0.007447,4788,1.391030,-0.397341
2025-07-31,SLV,0.075377,0.086134,1.000000,0.578412,0.510644,0.013949,0.509524,0.007968,4788,1.391030,-0.397341
2025-07-31,DBC,0.048911,-0.010691,0.000000,0.500819,0.403047,0.000705,0.497653,0.002547,4788,1.391030,-0.397341
2025-07-31,VNQ,0.051788,0.034777,1.000000,0.647339,0.610049,0.010293,0.579439,0.006037,4788,1.391030,-0.397341
2025-08-29,SPY,0.050849,0.035620,1.000000,0.661460,0.630504,0.006839,0.677570,0.010375,4788,1.391030,-0.397341
2025-08-29,QQQ,0.060409,0.053762,1.000000,0.669216,0.641719,0.013247,0.640187,0.015004,4788,1.391030,-0.397341
2025-08-29,IWM,0.065335,0.031791,1.000000,0.627429,0.581192,0.004296,0.626168,0.008927,4788,1.391030,-0.397341
2025-08-29,EFA,0.046059,0.020660,1.000000,0.605450,0.549422,0.012213,0.565421,0.005069,4788,1.391030,-0.397341
2025-08-29,EEM,0.046458,0.070999,1.000000,0.552316,0.473730,0.009138,0.518692,0.005222,4788,1.391030,-0.397341
2025-08-29,SHY,0.004796,0.002877,1.000000,0.584813,0.519784,-0.001919,0.588785,0.001345,4788,1.391030,-0.397341
2025-08-29,IEF,0.016786,0.006511,1.000000,0.508293,0.413094,-0.001496,0.509346,0.002386,4788,1.391030,-0.397341
2025-08-29,TLT,0.034777,0.035910,1.000000,0.593433,0.532134,0.008756,0.504673,0.002177,4788,1.391030,-0.397341
2025-08-29,AGG,0.013611,0.011268,1.000000,0.568145,0.496050,0.000700,0.551402,0.002058,4788,1.391030,-0.397341
2025-08-29,LQD,0.019224,0.018772,1.000000,0.634140,0.590916,0.006980,0.570093,0.003074,4788,1.391030,-0.397341
2025-08-29,HYG,0.014968,0.008860,1.000000,0.639698,0.598972,0.003096,0.643216,0.004591,4788,1.391030,-0.397341
2025-08-29,GLD,0.048780,0.117584,1.000000,0.518485,0.426918,0.005983,0.551402,0.007447,4788,1.391030,-0.397341
2025-08-29,SLV,0.070365,0.170765,1.000000,0.447016,0.333308,0.003708,0.509524,0.007968,4788,1.391030,-0.397341
2025-08-29,DBC,0.043465,0.014408,1.000000,0.403035,0.280136,-0.006983,0.497653,0.002547,4788,1.391030,-0.397341
2025-08-29,VNQ,0.047879,0.000576,1.000000,0.585914,0.521358,0.000589,0.579439,0.006037,4788,1.391030,-0.397341
2025-09-30,SPY,0.044000,0.031838,1.000000,0.669073,0.641514,0.010900,0.677570,0.010375,4788,1.391030,-0.397341
2025-09-30,QQQ,0.052275,0.058964,1.000000,0.662797,0.632438,0.018341,0.640187,0.015004,4788,1.391030,-0.397341
2025-09-30,IWM,0.059020,0.020169,1.000000,0.655269,0.621541,0.010945,0.626168,0.008927,4788,1.391030,-0.397341
2025-09-30,EFA,0.041006,0.018743,1.000000,0.586468,0.522150,0.006264,0.565421,0.005069,4788,1.391030,-0.397341
2025-09-30,EEM,0.041862,0.048876,1.000000,0.572307,0.501956,0.010415,0.518692,0.005222,4788,1.391030,-0.397341
2025-09-30,SHY,0.004266,0.002854,1.000000,0.601080,0.543126,0.001222,0.588785,0.001345,4788,1.391030,-0.397341
2025-09-30,IEF,0.015452,0.008153,1.000000,0.602839,0.545660,0.005936,0.509346,0.002386,4788,1.391030,-0.397341
2025-09-30,TLT,0.033777,0.022794,1.000000,0.590819,0.528384,0.004398,0.504673,0.002177,4788,1.391030,-0.397341
2025-09-30,AGG,0.012644,0.008656,1.000000,0.627299,0.581003,0.004557,0.551402,0.002058,4788,1.391030,-0.397341
2025-09-30,LQD,0.018073,0.010949,1.000000,0.644450,0.605861,0.006174,0.570093,0.003074,4788,1.391030,-0.397341
2025-09-30,HYG,0.013160,0.001745,1.000000,0.656029,0.622641,0.004908,0.643216,0.004591,4788,1.391030,-0.397341
2025-09-30,GLD,0.047658,0.021183,1.000000,0.528673,0.440871,0.008504,0.551402,0.007447,4788,1.391030,-0.397341
2025-09-30,SLV,0.070782,0.020297,1.000000,0.500035,0.401998,0.012646,0.509524,0.007968,4788,1.391030,-0.397341
2025-09-30,DBC,0.041230,0.007989,1.000000,0.516161,0.423753,0.000734,0.497653,0.002547,4788,1.391030,-0.397341
2025-09-30,VNQ,0.044001,-0.031612,0.000000,0.609436,0.555171,0.002501,0.579439,0.006037,4788,1.391030,-0.397341
2025-10-31,SPY,0.042343,-0.000777,0.000000,0.672694,0.646742,0.011158,0.677570,0.010375,4788,1.391030,-0.397341
2025-10-31,QQQ,0.052711,-0.011239,0.000000,0.646042,0.608169,0.015040,0.640187,0.015004,4788,1.391030,-0.397341
2025-10-31,IWM,0.059245,-0.004305,0.000000,0.664687,0.635173,0.010624,0.626168,0.008927,4788,1.391030,-0.397341
2025-10-31,EFA,0.037727,0.005821,1.000000,0.601146,0.543222,0.008259,0.565421,0.005069,4788,1.391030,-0.397341
2025-10-31,EEM,0.047206,-0.018083,0.000000,0.533170,0.447072,0.006628,0.518692,0.005222,4788,1.391030,-0.397341
2025-10-31,SHY,0.004118,0.004134,1.000000,0.659124,0.627123,0.006612,0.588785,0.001345,4788,1.391030,-0.397341
2025-10-31,IEF,0.014482,0.005290,1.000000,0.592959,0.531453,0.007498,0.509346,0.002386,4788,1.391030,-0.397341
2025-10-31,TLT,0.031226,-0.009313,0.000000,0.593019,0.531539,0.006525,0.504673,0.002177,4788,1.391030,-0.397341
2025-10-31,AGG,0.011611,0.003014,1.000000,0.632505,0.588546,0.008641,0.551402,0.002058,4788,1.391030,-0.397341
2025-10-31,LQD,0.016564,0.004539,1.000000,0.668972,0.641368,0.012373,0.570093,0.003074,4788,1.391030,-0.397341
2025-10-31,HYG,0.012795,0.007526,1.000000,0.673876,0.648448,0.007484,0.643216,0.004591,4788,1.391030,-0.397341
2025-10-31,GLD,0.067268,0.051940,1.000000,0.587499,0.523627,0.010099,0.551402,0.007447,4788,1.391030,-0.397341
2025-10-31,SLV,0.091709,0.207226,1.000000,0.542192,0.459583,0.014635,0.509524,0.007968,4788,1.391030,-0.397341
2025-10-31,DBC,0.041461,0.006119,1.000000,0.516722,0.424516,-0.001495,0.497653,0.002547,4788,1.391030,-0.397341
2025-10-31,VNQ,0.044010,0.008859,1.000000,0.615785,0.564342,0.005492,0.579439,0.006037,4788,1.391030,-0.397341
2025-11-28,SPY,0.042628,0.008268,1.000000,0.666744,0.638148,0.005948,0.677570,0.010375,4788,1.391030,-0.397341
2025-11-28,QQQ,0.055421,0.001579,1.000000,0.644131,0.605399,0.008491,0.640187,0.015004,4788,1.391030,-0.397341
2025-11-28,IWM,0.062159,0.000449,1.000000,0.626760,0.580223,0.003939,0.626168,0.008927,4788,1.391030,-0.397341
2025-11-28,EFA,0.038919,0.031490,1.000000,0.574901,0.505644,0.001506,0.565421,0.005069,4788,1.391030,-0.397341
2025-11-28,EEM,0.045335,0.024768,1.000000,0.562893,0.488618,0.007462,0.518692,0.005222,4788,1.391030,-0.397341
2025-11-28,SHY,0.003776,0.003311,1.000000,0.573649,0.503864,-0.000391,0.588785,0.001345,4788,1.391030,-0.397341
2025-11-28,IEF,0.013529,-0.004309,0.000000,0.504116,0.407469,0.000413,0.509346,0.002386,4788,1.391030,-0.397341
2025-11-28,TLT,0.028954,-0.018768,0.000000,0.497640,0.398799,-0.000978,0.504673,0.002177,4788,1.391030,-0.397341
2025-11-28,AGG,0.010749,-0.000394,0.000000,0.529236,0.441647,-0.000537,0.551402,0.002058,4788,1.391030,-0.397341
2025-11-28,LQD,0.015620,-0.003141,0.000000,0.534486,0.448891,-0.001024,0.570093,0.003074,4788,1.391030,-0.397341
2025-11-28,HYG,0.011952,0.005923,1.000000,0.620450,0.571089,0.000815,0.643216,0.004591,4788,1.391030,-0.397341
2025-11-28,GLD,0.063469,0.028385,1.000000,0.471153,0.364004,0.008084,0.551402,0.007447,4788,1.391030,-0.397341
2025-11-28,SLV,0.100179,0.347003,1.000000,0.425559,0.306903,0.016647,0.509524,0.007968,4788,1.391030,-0.397341
2025-11-28,DBC,0.039786,0.014830,1.000000,0.529769,0.442381,0.000189,0.497653,0.002547,4788,1.391030,-0.397341
2025-11-28,VNQ,0.041885,-0.014298,0.000000,0.534460,0.448855,0.000406,0.579439,0.006037,4788,1.391030,-0.397341
2025-12-31,SPY,0.037881,0.019782,1.000000,0.684325,0.663499,0.014033,0.677570,0.010375,4788,1.391030,-0.397341
2025-12-31,QQQ,0.050261,0.019257,1.000000,0.672052,0.645815,0.017747,0.640187,0.015004,4788,1.391030,-0.397341
2025-12-31,IWM,0.056220,0.065080,1.000000,0.722803,0.718257,0.018276,0.626168,0.008927,4788,1.391030,-0.397341
2025-12-31,EFA,0.034706,0.055920,1.000000,0.559508,0.483842,0.008175,0.565421,0.005069,4788,1.391030,-0.397341
2025-12-31,EEM,0.040674,0.083531,1.000000,0.500490,0.402607,0.005720,0.518692,0.005222,4788,1.391030,-0.397341
2025-12-31,SHY,0.003485,0.001568,1.000000,0.594728,0.533993,0.001231,0.588785,0.001345,4788,1.391030,-0.397341
2025-12-31,IEF,0.012587,-0.004249,0.000000,0.538280,0.454147,0.006236,0.509346,0.002386,4788,1.391030,-0.397341
2025-12-31,TLT,0.027050,-0.003200,0.000000,0.550471,0.471144,0.006922,0.504673,0.002177,4788,1.391030,-0.397341
2025-12-31,AGG,0.010092,0.001348,1.000000,0.572114,0.501682,0.005489,0.551402,0.002058,4788,1.391030,-0.397341
2025-12-31,LQD,0.014746,0.002519,1.000000,0.600809,0.542736,0.007717,0.570093,0.003074,4788,1.391030,-0.397341
2025-12-31,HYG,0.010553,0.006688,1.000000,0.610818,0.557166,0.002892,0.643216,0.004591,4788,1.391030,-0.397341
2025-12-31,GLD,0.061723,0.077767,1.000000,0.566283,0.493412,0.016737,0.551402,0.007447,4788,1.391030,-0.397341
2025-12-31,SLV,0.131755,0.124496,1.000000,0.450270,0.337387,0.034070,0.509524,0.007968,4788,1.391030,-0.397341
2025-12-31,DBC,0.038618,0.052773,1.000000,0.522121,0.431882,0.001641,0.497653,0.002547,4788,1.391030,-0.397341
2025-12-31,VNQ,0.036819,0.015482,1.000000,0.578099,0.510198,0.006948,0.579439,0.006037,4788,1.391030,-0.397341
2026-01-30,SPY,0.035551,-0.016821,0.000000,0.672871,0.680924,0.011762,0.672566,0.010346,5040,1.069983,-0.013648
2026-01-30,QQQ,0.047169,-0.032627,0.000000,0.660145,0.667469,0.016159,0.646018,0.015059,5040,1.069983,-0.013648
2026-01-30,IWM,0.053522,-0.001579,0.000000,0.678162,0.686509,0.019132,0.623894,0.008513,5040,1.069983,-0.013648
2026-01-30,EFA,0.035725,-0.006452,0.000000,0.575150,0.576994,0.010143,0.579646,0.005844,5040,1.069983,-0.013648
2026-01-30,EEM,0.044951,-0.011506,0.000000,0.572692,0.574366,0.015544,0.535398,0.006158,5040,1.069983,-0.013648
2026-01-30,SHY,0.003084,0.003415,1.000000,0.480079,0.475282,-0.006092,0.601770,0.001479,5040,1.069983,-0.013648
2026-01-30,IEF,0.011689,0.017390,1.000000,0.544644,0.544367,0.005543,0.522124,0.002517,5040,1.069983,-0.013648
2026-01-30,TLT,0.026329,0.033750,1.000000,0.566850,0.568121,0.006419,0.504425,0.002093,5040,1.069983,-0.013648
2026-01-30,AGG,0.009340,0.010815,1.000000,0.590097,0.592960,0.006157,0.557522,0.002189,5040,1.069983,-0.013648
2026-01-30,LQD,0.013955,0.009890,1.000000,0.612581,0.616943,0.007646,0.575221,0.003196,5040,1.069983,-0.013648
2026-01-30,HYG,0.009367,-0.002577,0.000000,0.634038,0.639776,0.004090,0.654028,0.004647,5040,1.069983,-0.013648
2026-01-30,GLD,0.091749,0.052118,1.000000,0.552572,0.552850,0.024673,0.561947,0.009216,5040,1.069983,-0.013648
2026-01-30,SLV,0.230061,-0.010074,0.000000,0.381957,0.370849,0.035854,0.527027,0.010732,5040,1.069983,-0.013648
2026-01-30,DBC,0.046343,0.060581,1.000000,0.530805,0.529557,0.006089,0.511111,0.002896,5040,1.069983,-0.013648
2026-01-30,VNQ,0.037011,0.050881,1.000000,0.614646,0.619142,0.002917,0.584071,0.005554,5040,1.069983,-0.013648
2026-02-27,SPY,0.036002,-0.076231,0.000000,0.681666,0.690205,0.008382,0.672566,0.010346,5040,1.069983,-0.013648
2026-02-27,QQQ,0.048611,-0.079544,0.000000,0.616887,0.621530,0.007198,0.646018,0.015059,5040,1.069983,-0.013648
2026-02-27,IWM,0.054943,-0.081763,0.000000,0.669080,0.676919,0.009400,0.623894,0.008513,5040,1.069983,-0.013648
2026-02-27,EFA,0.035845,-0.107326,0.000000,0.566095,0.567314,0.005891,0.579646,0.005844,5040,1.069983,-0.013648
2026-02-27,EEM,0.047103,-0.125120,0.000000,0.517324,0.515127,0.007178,0.535398,0.006158,5040,1.069983,-0.013648
2026-02-27,SHY,0.003194,-0.005509,0.000000,0.603011,0.606741,-0.001325,0.601770,0.001479,5040,1.069983,-0.013648
2026-02-27,IEF,0.012157,-0.024942,0.000000,0.568208,0.569573,0.000893,0.522124,0.002517,5040,1.069983,-0.013648
2026-02-27,TLT,0.026074,-0.041306,0.000000,0.571666,0.573269,0.001023,0.504425,0.002093,5040,1.069983,-0.013648
2026-02-27,AGG,0.009281,-0.020221,0.000000,0.603232,0.606977,0.000940,0.557522,0.002189,5040,1.069983,-0.013648
2026-02-27,LQD,0.012694,-0.026838,0.000000,0.599111,0.602581,0.004861,0.575221,0.003196,5040,1.069983,-0.013648
2026-02-27,HYG,0.008501,-0.018873,0.000000,0.694370,0.703582,0.010928,0.654028,0.004647,5040,1.069983,-0.013648
2026-02-27,GLD,0.099201,-0.142987,0.000000,0.478552,0.473650,0.003794,0.561947,0.009216,5040,1.069983,-0.013648
2026-02-27,SLV,0.246467,-0.252618,0.000000,0.267461,0.251298,0.002960,0.527027,0.010732,5040,1.069983,-0.013648
2026-02-27,DBC,0.053094,0.165737,1.000000,0.475931,0.470848,-0.006653,0.511111,0.002896,5040,1.069983,-0.013648
2026-02-27,VNQ,0.037265,-0.077610,0.000000,0.612732,0.617103,0.003314,0.584071,0.005554,5040,1.069983,-0.013648
2026-03-31,SPY,0.042432,0.105053,1.000000,0.644297,0.650671,0.001986,0.672566,0.010346,5040,1.069983,-0.013648
2026-03-31,QQQ,0.054436,0.156901,1.000000,0.626718,0.631994,0.005579,0.646018,0.015059,5040,1.069983,-0.013648
2026-03-31,IWM,0.061756,0.120847,1.000000,0.590371,0.593253,-0.000467,0.623894,0.008513,5040,1.069983,-0.013648
2026-03-31,EFA,0.053525,0.053434,1.000000,0.535239,0.534301,-0.003170,0.579646,0.005844,5040,1.069983,-0.013648
2026-03-31,EEM,0.070322,0.126783,1.000000,0.498865,0.495374,-0.003866,0.535398,0.006158,5040,1.069983,-0.013648
2026-03-31,SHY,0.004269,0.001907,1.000000,0.626642,0.631913,0.002553,0.601770,0.001479,5040,1.069983,-0.013648
2026-03-31,IEF,0.015021,-0.001503,0.000000,0.559064,0.559794,0.001572,0.522124,0.002517,5040,1.069983,-0.013648
2026-03-31,TLT,0.030247,-0.008397,0.000000,0.550103,0.550208,-0.001597,0.504425,0.002093,5040,1.069983,-0.013648
2026-03-31,AGG,0.012192,0.001688,1.000000,0.600001,0.603530,0.001534,0.557522,0.002189,5040,1.069983,-0.013648
2026-03-31,LQD,0.018051,0.002819,1.000000,0.595349,0.598567,-0.000806,0.575221,0.003196,5040,1.069983,-0.013648
2026-03-31,HYG,0.014408,0.015207,1.000000,0.638993,0.645040,-0.000392,0.654028,0.004647,5040,1.069983,-0.013648
2026-03-31,GLD,0.103138,-0.015408,0.000000,0.551973,0.552209,0.004595,0.561947,0.009216,5040,1.069983,-0.013648
2026-03-31,SLV,0.229411,-0.021720,0.000000,0.631698,0.637289,0.031430,0.527027,0.010732,5040,1.069983,-0.013648
2026-03-31,DBC,0.065152,0.074266,1.000000,0.514884,0.512516,0.009355,0.511111,0.002896,5040,1.069983,-0.013648
2026-03-31,VNQ,0.040273,0.086020,1.000000,0.604652,0.608491,-0.001063,0.584071,0.005554,5040,1.069983,-0.013648
2026-04-30,SPY,0.041396,0.055492,1.000000,0.675455,0.683652,0.009442,0.672566,0.010346,5040,1.069983,-0.013648
2026-04-30,QQQ,0.054049,0.112319,1.000000,0.663469,0.670986,0.015351,0.646018,0.015059,5040,1.069983,-0.013648
2026-04-30,IWM,0.059163,0.039609,1.000000,0.651527,0.658340,0.012107,0.623894,0.008513,5040,1.069983,-0.013648
2026-04-30,EFA,0.054913,0.020719,1.000000,0.582923,0.585299,0.006139,0.579646,0.005844,5040,1.069983,-0.013648
2026-04-30,EEM,0.072295,0.095171,1.000000,0.556187,0.556717,0.009681,0.535398,0.006158,5040,1.069983,-0.013648
2026-04-30,SHY,0.004180,0.000193,1.000000,0.593246,0.596322,0.004403,0.601770,0.001479,5040,1.069983,-0.013648
2026-04-30,IEF,0.014155,-0.001918,0.000000,0.574749,0.576565,0.007423,0.522124,0.002517,5040,1.069983,-0.013648
2026-04-30,TLT,0.027415,0.005875,1.000000,0.621006,0.625915,0.008789,0.504425,0.002093,5040,1.069983,-0.013648
2026-04-30,AGG,0.011522,0.002438,1.000000,0.615879,0.620456,0.007925,0.557522,0.002189,5040,1.069983,-0.013648
2026-04-30,LQD,0.016875,0.008466,1.000000,0.638460,0.644475,0.008519,0.575221,0.003196,5040,1.069983,-0.013648
2026-04-30,HYG,0.013677,0.003598,1.000000,0.642975,0.649268,0.005292,0.654028,0.004647,5040,1.069983,-0.013648
2026-04-30,GLD,0.092204,-0.029269,0.000000,0.676841,0.685116,0.025275,0.561947,0.009216,5040,1.069983,-0.013648
2026-04-30,SLV,0.201681,0.015151,1.000000,0.786606,0.799350,0.060130,0.527027,0.010732,5040,1.069983,-0.013648
2026-04-30,DBC,0.064848,-0.035691,0.000000,0.463356,0.457412,0.007642,0.511111,0.002896,5040,1.069983,-0.013648
2026-04-30,VNQ,0.041541,-0.023253,0.000000,0.596790,0.600104,0.004956,0.584071,0.005554,5040,1.069983,-0.013648
2026-05-29,SPY,0.038307,-0.010293,0.000000,0.631647,0.637234,0.007406,0.672566,0.010346,5040,1.069983,-0.013648
2026-05-29,QQQ,0.052962,-0.001491,0.000000,0.613911,0.618360,0.014202,0.646018,0.015059,5040,1.069983,-0.013648
2026-05-29,IWM,0.058207,0.036961,1.000000,0.601582,0.605217,0.008588,0.623894,0.008513,5040,1.069983,-0.013648
2026-05-29,EFA,0.053512,0.006907,1.000000,0.570959,0.572514,0.007217,0.579646,0.005844,5040,1.069983,-0.013648
2026-05-29,EEM,0.075543,0.002414,1.000000,0.539295,0.538643,0.010992,0.535398,0.006158,5040,1.069983,-0.013648
2026-05-29,SHY,0.004015,0.000646,1.000000,0.539584,0.538953,-0.001290,0.601770,0.001479,5040,1.069983,-0.013648
2026-05-29,IEF,0.014574,0.002512,1.000000,0.490264,0.486173,-0.001442,0.522124,0.002517,5040,1.069983,-0.013648
2026-05-29,TLT,0.027698,0.011659,1.000000,0.487201,0.482897,-0.003316,0.504425,0.002093,5040,1.069983,-0.013648
2026-05-29,AGG,0.012033,0.002542,1.000000,0.539139,0.538476,-0.000731,0.557522,0.002189,5040,1.069983,-0.013648
2026-05-29,LQD,0.016826,0.001129,1.000000,0.540879,0.540338,-0.001163,0.575221,0.003196,5040,1.069983,-0.013648
2026-05-29,HYG,0.013260,0.000863,1.000000,0.589552,0.592379,-0.000347,0.654028,0.004647,5040,1.069983,-0.013648
2026-05-29,GLD,0.083146,-0.116849,0.000000,0.606565,0.610531,0.017201,0.561947,0.009216,5040,1.069983,-0.013648
2026-05-29,SLV,0.191092,-0.217474,0.000000,0.599250,0.602729,0.040148,0.527027,0.010732,5040,1.069983,-0.013648
2026-05-29,DBC,0.064622,-0.095658,0.000000,0.629297,0.634736,0.017322,0.511111,0.002896,5040,1.069983,-0.013648
2026-05-29,VNQ,0.039323,0.016509,1.000000,0.644379,0.650758,0.010879,0.584071,0.005554,5040,1.069983,-0.013648
2026-06-30,SPY,0.042296,-0.006803,0.000000,0.634993,0.640791,0.000912,0.672566,0.010346,5040,1.069983,-0.013648
2026-06-30,QQQ,0.067744,-0.071768,0.000000,0.567213,0.568509,0.000154,0.646018,0.015059,5040,1.069983,-0.013648
2026-06-30,IWM,0.058786,-0.026161,0.000000,0.571029,0.572589,0.002448,0.623894,0.008513,5040,1.069983,-0.013648
2026-06-30,EFA,0.052981,0.022719,1.000000,0.553792,0.554155,0.000177,0.579646,0.005844,5040,1.069983,-0.013648
2026-06-30,EEM,0.089967,-0.070458,0.000000,0.510334,0.507646,0.000061,0.535398,0.006158,5040,1.069983,-0.013648
2026-06-30,SHY,0.004372,0.001686,1.000000,0.599840,0.603359,0.003393,0.601770,0.001479,5040,1.069983,-0.013648
2026-06-30,IEF,0.014927,-0.011129,0.000000,0.501833,0.498550,0.002771,0.522124,0.002517,5040,1.069983,-0.013648
2026-06-30,TLT,0.027720,-0.038350,0.000000,0.537497,0.536719,0.004252,0.504425,0.002093,5040,1.069983,-0.013648
2026-06-30,AGG,0.012048,-0.010431,0.000000,0.565942,0.567150,0.004889,0.557522,0.002189,5040,1.069983,-0.013648
2026-06-30,LQD,0.016311,-0.020959,0.000000,0.590000,0.592857,0.005480,0.575221,0.003196,5040,1.069983,-0.013648
2026-06-30,HYG,0.012483,-0.001646,0.000000,0.627922,0.633274,0.001850,0.654028,0.004647,5040,1.069983,-0.013648
2026-06-30,GLD,0.084134,0.023834,1.000000,0.529420,0.528074,0.004850,0.561947,0.009216,5040,1.069983,-0.013648
2026-06-30,SLV,0.181681,0.000561,1.000000,0.453156,0.446523,0.000218,0.527027,0.010732,5040,1.069983,-0.013648
2026-06-30,DBC,0.062073,0.099775,1.000000,0.545944,0.545758,0.011002,0.511111,0.002896,5040,1.069983,-0.013648
2026-06-30,VNQ,0.044619,0.031733,1.000000,0.586400,0.589013,0.005779,0.584071,0.005554,5040,1.069983,-0.013648
2026-07-31,SPY,0.040187,0.026799,1.000000,0.670744,0.678677,0.006842,0.672566,0.010346,5040,1.069983,-0.013648
2026-07-31,QQQ,0.068112,0.041817,1.000000,0.641224,0.647409,0.008888,0.646018,0.015059,5040,1.069983,-0.013648
2026-07-31,IWM,0.053015,0.009375,1.000000,0.696474,0.705793,0.012326,0.623894,0.008513,5040,1.069983,-0.013648
2026-07-31,EFA,0.051077,0.017712,1.000000,0.528135,0.526699,0.000036,0.579646,0.005844,5040,1.069983,-0.013648
2026-07-31,EEM,0.090421,0.045717,1.000000,0.525775,0.524173,0.001800,0.535398,0.006158,5040,1.069983,-0.013648
2026-07-31,SHY,0.004138,0.001725,1.000000,0.585154,0.587683,0.001551,0.601770,0.001479,5040,1.069983,-0.013648
2026-07-31,IEF,0.014018,0.001166,1.000000,0.551569,0.551776,0.007406,0.522124,0.002517,5040,1.069983,-0.013648
2026-07-31,TLT,0.027269,0.007324,1.000000,0.574976,0.576808,0.006553,0.504425,0.002093,5040,1.069983,-0.013648
2026-07-31,AGG,0.011517,0.003896,1.000000,0.591096,0.594028,0.007372,0.557522,0.002189,5040,1.069983,-0.013648
2026-07-31,LQD,0.015586,0.003951,1.000000,0.583521,0.585938,0.005298,0.575221,0.003196,5040,1.069983,-0.013648
2026-07-31,HYG,0.011198,0.009027,1.000000,0.671991,0.679995,0.005212,0.654028,0.004647,5040,1.069983,-0.013648
2026-07-31,GLD,0.077597,0.099263,1.000000,0.525178,0.523533,0.007761,0.561947,0.009216,5040,1.069983,-0.013648
2026-07-31,SLV,0.161762,0.148396,1.000000,0.472636,0.467326,0.009267,0.527027,0.010732,5040,1.069983,-0.013648
2026-07-31,DBC,0.065490,0.062818,1.000000,0.524319,0.522614,0.010476,0.511111,0.002896,5040,1.069983,-0.013648
2026-07-31,VNQ,0.044041,-0.025366,0.000000,0.624954,0.630117,0.010480,0.584071,0.005554,5040,1.069983,-0.013648
2026-08-31,SPY,0.036975,,,0.727074,0.737836,0.016549,0.672566,0.010346,5040,1.069983,-0.013648
2026-08-31,QQQ,0.062958,,,0.693450,0.702615,0.020634,0.646018,0.015059,5040,1.069983,-0.013648
2026-08-31,IWM,0.049394,,,0.737410,0.748600,0.019327,0.623894,0.008513,5040,1.069983,-0.013648
2026-08-31,EFA,0.044759,,,0.637488,0.643442,0.012027,0.579646,0.005844,5040,1.069983,-0.013648
2026-08-31,EEM,0.081285,,,0.537004,0.536190,0.011931,0.535398,0.006158,5040,1.069983,-0.013648
2026-08-31,SHY,0.003988,,,0.653343,0.660264,0.009142,0.601770,0.001479,5040,1.069983,-0.013648
2026-08-31,IEF,0.013997,,,0.567219,0.568515,0.007057,0.522124,0.002517,5040,1.069983,-0.013648
2026-08-31,TLT,0.028223,,,0.495484,0.491757,0.001691,0.504425,0.002093,5040,1.069983,-0.013648
2026-08-31,AGG,0.011695,,,0.580907,0.583145,0.005591,0.557522,0.002189,5040,1.069983,-0.013648
2026-08-31,LQD,0.015909,,,0.576890,0.578853,0.004839,0.575221,0.003196,5040,1.069983,-0.013648
2026-08-31,HYG,0.010175,,,0.627638,0.632972,0.004592,0.654028,0.004647,5040,1.069983,-0.013648
2026-08-31,GLD,0.078235,,,0.550959,0.551124,0.011670,0.561947,0.009216,5040,1.069983,-0.013648
2026-08-31,SLV,0.147897,,,0.510150,0.507450,0.024724,0.527027,0.010732,5040,1.069983,-0.013648
2026-08-31,DBC,0.064036,,,0.528280,0.526854,0.004799,0.511111,0.002896,5040,1.069983,-0.013648
2026-08-31,VNQ,0.040858,,,0.661043,0.668419,0.010933,0.584071,0.005554,5040,1.069983,-0.013648
2026-09-21,SPY,0.036508,,,0.616303,0.620907,0.006933,0.672566,0.010346,5040,1.069983,-0.013648
2026-09-21,QQQ,0.060980,,,0.562479,0.563447,0.011199,0.646018,0.015059,5040,1.069983,-0.013648
2026-09-21,IWM,0.046448,,,0.660241,0.667570,0.012534,0.623894,0.008513,5040,1.069983,-0.013648
2026-09-21,EFA,0.043417,,,0.640754,0.646910,0.009825,0.579646,0.005844,5040,1.069983,-0.013648
2026-09-21,EEM,0.078361,,,0.551455,0.551655,0.009706,0.535398,0.006158,5040,1.069983,-0.013648
2026-09-21,SHY,0.004159,,,0.629308,0.634748,0.006623,0.601770,0.001479,5040,1.069983,-0.013648
2026-09-21,IEF,0.014408,,,0.533604,0.532552,0.002405,0.522124,0.002517,5040,1.069983,-0.013648
2026-09-21,TLT,0.027643,,,0.531219,0.529999,0.000941,0.504425,0.002093,5040,1.069983,-0.013648
2026-09-21,AGG,0.012032,,,0.582052,0.584369,0.002893,0.557522,0.002189,5040,1.069983,-0.013648
2026-09-21,LQD,0.016218,,,0.591347,0.594295,0.002612,0.575221,0.003196,5040,1.069983,-0.013648
2026-09-21,HYG,0.010152,,,0.675349,0.683541,0.005711,0.654028,0.004647,5040,1.069983,-0.013648
2026-09-21,GLD,0.075360,,,0.592134,0.595136,0.009832,0.561947,0.009216,5040,1.069983,-0.013648
2026-09-21,SLV,0.140518,,,0.536548,0.535703,0.019824,0.527027,0.010732,5040,1.069983,-0.013648
2026-09-21,DBC,0.062650,,,0.500548,0.497175,0.005920,0.511111,0.002896,5040,1.069983,-0.013648
2026-09-21,VNQ,0.039087,,,0.592119,0.595120,0.006779,0.584071,0.005554,5040,1.069983,-0.013648
