ticker,date,kind,ratio_change,raw_price_change,implied_distribution_yield
SPY,2006-03-17,distribution_like,0.003977,-0.003129,-0.003977
SPY,2006-06-16,distribution_like,0.004420,-0.011656,-0.004420
SPY,2006-09-15,distribution_like,0.004398,-0.002042,-0.004398
SPY,2006-12-15,distribution_like,0.005572,-0.005450,-0.005572
SPY,2007-03-16,distribution_like,0.003966,-0.006740,-0.003966
SPY,2007-06-15,distribution_like,0.004310,0.001374,-0.004310
SPY,2007-09-21,distribution_like,0.004744,-0.002036,-0.004744
SPY,2007-12-21,distribution_like,0.005307,0.009060,-0.005307
SPY,2008-03-20,distribution_like,0.004950,0.013505,-0.004950
SPY,2008-06-20,distribution_like,0.005002,-0.021128,-0.005002
SPY,2008-09-19,distribution_like,0.005788,0.033730,-0.005788
SPY,2008-12-19,distribution_like,0.008117,-0.012319,-0.008117
SPY,2009-03-20,distribution_like,0.007157,-0.028249,-0.007157
SPY,2009-06-19,distribution_like,0.005649,-0.001952,-0.005649
SPY,2009-09-18,distribution_like,0.004764,-0.004106,-0.004764
SPY,2009-12-18,distribution_like,0.005384,0.000272,-0.005384
SPY,2010-03-19,distribution_like,0.004118,-0.009142,-0.004118
SPY,2010-06-18,distribution_like,0.004758,-0.003656,-0.004758
SPY,2010-09-17,distribution_like,0.005354,-0.004954,-0.005354
SPY,2010-12-17,distribution_like,0.005259,-0.004166,-0.005259
SPY,2011-03-18,distribution_like,0.004344,-0.000704,-0.004344
SPY,2011-06-17,distribution_like,0.004957,-0.001964,-0.004957
SPY,2011-09-16,distribution_like,0.005174,0.000741,-0.005174
SPY,2011-12-16,distribution_like,0.006342,-0.004829,-0.006342
SPY,2012-03-16,distribution_like,0.004382,-0.002985,-0.004382
SPY,2012-06-15,distribution_like,0.005181,0.005020,-0.005181
SPY,2012-09-21,distribution_like,0.005338,-0.005726,-0.005338
SPY,2012-12-21,distribution_like,0.007092,-0.016056,-0.007092
SPY,2013-03-15,distribution_like,0.004448,-0.005742,-0.004448
SPY,2013-06-21,distribution_like,0.005291,-0.002070,-0.005291
SPY,2013-09-20,distribution_like,0.004874,-0.011808,-0.004874
SPY,2013-12-20,distribution_like,0.005429,0.000386,-0.005429
SPY,2014-03-21,distribution_like,0.004414,-0.008256,-0.004414
SPY,2014-06-20,distribution_like,0.004792,-0.002748,-0.004792
SPY,2014-09-19,distribution_like,0.004675,-0.005550,-0.004675
SPY,2014-12-19,distribution_like,0.005519,-0.001257,-0.005519
SPY,2015-03-20,distribution_like,0.004464,0.004344,-0.004464
SPY,2015-06-19,distribution_like,0.004864,-0.009258,-0.004864
SPY,2015-09-18,distribution_like,0.005198,-0.021429,-0.005198
SPY,2015-12-18,distribution_like,0.005951,-0.023626,-0.005951
SPY,2016-03-18,distribution_like,0.005158,-0.001222,-0.005158
SPY,2016-06-17,distribution_like,0.005200,-0.008878,-0.005200
SPY,2016-09-16,distribution_like,0.005051,-0.008872,-0.005051
SPY,2016-12-16,distribution_like,0.005894,-0.007804,-0.005894
SPY,2017-03-17,distribution_like,0.004351,-0.006080,-0.004351
SPY,2017-06-16,distribution_like,0.004876,-0.004636,-0.004876
SPY,2017-09-15,distribution_like,0.004963,-0.003599,-0.004963
SPY,2017-12-15,distribution_like,0.005112,0.003200,-0.005112
SPY,2018-03-16,distribution_like,0.004005,-0.002909,-0.004005
SPY,2018-06-15,distribution_like,0.004490,-0.005740,-0.004490
SPY,2018-09-21,distribution_like,0.004526,-0.005416,-0.004526
SPY,2018-12-21,distribution_like,0.005840,-0.026176,-0.005840
SPY,2019-03-15,distribution_like,0.004405,0.000533,-0.004405
SPY,2019-06-21,distribution_like,0.004863,-0.006287,-0.004863
SPY,2019-09-20,distribution_like,0.004618,-0.009300,-0.004618
SPY,2019-12-20,distribution_like,0.004916,-0.000530,-0.004916
SPY,2020-03-20,distribution_like,0.005880,-0.048688,-0.005880
SPY,2020-06-19,distribution_like,0.004401,-0.010071,-0.004401
SPY,2020-09-18,distribution_like,0.004003,-0.015454,-0.004003
SPY,2020-12-18,distribution_like,0.004263,-0.008220,-0.004263
SPY,2021-03-19,distribution_like,0.003276,-0.005109,-0.003276
SPY,2021-06-18,distribution_like,0.003272,-0.016707,-0.003272
SPY,2021-09-17,distribution_like,0.003204,-0.012903,-0.003204
SPY,2021-12-17,distribution_like,0.003513,-0.014107,-0.003513
SPY,2022-03-18,distribution_like,0.003106,0.007822,-0.003106
SPY,2022-06-17,distribution_like,0.004320,-0.002155,-0.004320
SPY,2022-09-16,distribution_like,0.004108,-0.011689,-0.004108
SPY,2022-12-16,distribution_like,0.004592,-0.016323,-0.004592
SPY,2023-03-17,distribution_like,0.003816,-0.015450,-0.003816
SPY,2023-06-16,distribution_like,0.003715,-0.007094,-0.003715
SPY,2023-09-15,distribution_like,0.003527,-0.015521,-0.003527
SPY,2023-12-15,distribution_like,0.004054,-0.005678,-0.004054
SPY,2024-03-15,distribution_like,0.003107,-0.009943,-0.003107
SPY,2024-06-21,distribution_like,0.003226,-0.004552,-0.003226
SPY,2024-09-20,distribution_like,0.003067,-0.004781,-0.003067
SPY,2024-12-20,distribution_like,0.003366,0.008616,-0.003366
SPY,2025-03-21,distribution_like,0.003008,-0.002670,-0.003008
SPY,2025-06-20,distribution_like,0.002956,-0.005289,-0.002956
SPY,2025-09-19,distribution_like,0.002773,0.002174,-0.002773
SPY,2025-12-19,distribution_like,0.002955,0.006091,-0.002955
SPY,2026-03-20,distribution_like,0.002731,-0.017020,-0.002731
SPY,2026-06-18,distribution_like,0.002576,0.007801,-0.002576
SPY,2026-09-18,distribution_like,0.002483,-0.001193,-0.002483
QQQ,2006-12-15,distribution_like,0.001219,0.001352,-0.001219
QQQ,2007-12-21,distribution_like,0.001042,0.018664,-0.001042
QQQ,2008-12-19,distribution_like,0.001452,0.006743,-0.001452
QQQ,2009-03-20,distribution_like,0.001654,-0.016846,-0.001654
QQQ,2009-06-19,distribution_like,0.001230,0.009492,-0.001230
QQQ,2009-12-18,distribution_like,0.001669,0.014605,-0.001669
QQQ,2010-03-19,distribution_like,0.001067,-0.007109,-0.001067
QQQ,2010-06-18,distribution_like,0.001895,-0.001063,-0.001895
QQQ,2010-06-25,distribution_like,0.001967,-0.001764,-0.001967
QQQ,2010-09-17,distribution_like,0.002342,0.001043,-0.002342
QQQ,2010-12-17,distribution_like,0.001983,-0.001099,-0.001983
QQQ,2011-03-18,distribution_like,0.001411,-0.003660,-0.001411
QQQ,2011-06-17,distribution_like,0.002243,-0.005362,-0.002243
QQQ,2011-09-16,distribution_like,0.001855,0.007298,-0.001855
QQQ,2011-12-16,distribution_like,0.002950,0.002192,-0.002950
QQQ,2012-03-16,distribution_like,0.001698,-0.002400,-0.001698
QQQ,2012-06-15,distribution_like,0.002298,0.010103,-0.002298
QQQ,2012-09-21,distribution_like,0.002852,-0.002559,-0.002852
QQQ,2012-12-21,distribution_like,0.005569,-0.015998,-0.005569
QQQ,2013-03-15,distribution_like,0.002314,-0.005083,-0.002314
QQQ,2013-06-21,distribution_like,0.003164,-0.008447,-0.003164
QQQ,2013-09-20,distribution_like,0.003002,-0.006415,-0.003002
QQQ,2013-12-20,distribution_like,0.003176,0.006985,-0.003176
QQQ,2014-02-27,distribution_like,0.004151,0.002327,-0.004151
QQQ,2014-03-21,distribution_like,0.002287,-0.014287,-0.002287
QQQ,2014-06-20,distribution_like,0.002688,-0.001507,-0.002688
QQQ,2014-09-19,distribution_like,0.002379,-0.002992,-0.002379
QQQ,2014-12-19,distribution_like,0.003726,0.000671,-0.003726
QQQ,2015-03-20,distribution_like,0.002300,0.004164,-0.002300
QQQ,2015-06-19,distribution_like,0.002300,-0.007227,-0.002300
QQQ,2015-09-18,distribution_like,0.002433,-0.016615,-0.002433
QQQ,2015-12-18,distribution_like,0.003054,-0.022169,-0.003054
QQQ,2016-03-18,distribution_like,0.002966,-0.001395,-0.002966
QQQ,2016-06-17,distribution_like,0.002663,-0.014347,-0.002663
QQQ,2016-09-16,distribution_like,0.002505,-0.002975,-0.002505
QQQ,2016-12-16,distribution_like,0.002957,-0.006645,-0.002957
QQQ,2017-03-17,distribution_like,0.002080,-0.002424,-0.002080
QQQ,2017-06-16,distribution_like,0.002724,-0.007044,-0.002724
QQQ,2017-09-18,distribution_like,0.002189,-0.003492,-0.002189
QQQ,2017-12-18,distribution_like,0.002091,0.006280,-0.002091
QQQ,2018-03-19,distribution_like,0.001622,-0.022921,-0.001622
QQQ,2018-06-18,distribution_like,0.002140,-0.002712,-0.002140
QQQ,2018-09-24,distribution_like,0.001799,0.000980,-0.001799
QQQ,2018-12-24,distribution_like,0.002861,-0.027580,-0.002861
QQQ,2019-03-18,distribution_like,0.001820,0.000561,-0.001820
QQQ,2019-06-24,distribution_like,0.002211,-0.002174,-0.002211
QQQ,2019-09-23,distribution_like,0.002017,-0.001572,-0.002017
QQQ,2019-12-23,distribution_like,0.002168,0.000472,-0.002168
QQQ,2020-03-23,distribution_like,0.002131,-0.001406,-0.002131
QQQ,2020-06-22,distribution_like,0.001739,0.010236,-0.001739
QQQ,2020-12-21,distribution_like,0.001813,-0.003677,-0.001813
QQQ,2021-03-22,distribution_like,0.001263,0.017468,-0.001263
QQQ,2021-06-21,distribution_like,0.001160,0.005049,-0.001160
QQQ,2021-09-20,distribution_like,0.001109,-0.021748,-0.001109
QQQ,2021-12-20,distribution_like,0.001277,-0.010964,-0.001277
QQQ,2022-03-21,distribution_like,0.001236,-0.004012,-0.001236
QQQ,2022-06-21,distribution_like,0.001923,0.023263,-0.001923
QQQ,2022-09-19,distribution_like,0.001797,0.005979,-0.001797
QQQ,2022-12-19,distribution_like,0.002394,-0.016408,-0.002394
QQQ,2023-03-20,distribution_like,0.001548,0.001998,-0.001548
QQQ,2023-06-20,distribution_like,0.001372,-0.002799,-0.001372
QQQ,2023-09-18,distribution_like,0.001448,-0.000405,-0.001448
QQQ,2023-12-18,distribution_like,0.001997,0.004293,-0.001997
QQQ,2024-03-18,distribution_like,0.001322,0.008204,-0.001322
QQQ,2024-06-24,distribution_like,0.001589,-0.012953,-0.001589
QQQ,2024-09-23,distribution_like,0.001405,0.001244,-0.001405
QQQ,2024-12-23,distribution_like,0.001612,0.008117,-0.001612
QQQ,2025-03-24,distribution_like,0.001491,0.020423,-0.001491
QQQ,2025-06-23,distribution_like,0.001123,0.009149,-0.001123
QQQ,2025-09-22,distribution_like,0.001159,0.004755,-0.001159
QQQ,2025-12-22,distribution_like,0.001288,0.003501,-0.001288
QQQ,2026-03-23,distribution_like,0.001261,0.010205,-0.001261
QQQ,2026-06-22,distribution_like,0.001099,-0.003605,-0.001099
QQQ,2026-09-21,distribution_like,0.001042,0.027750,-0.001042
IWM,2006-03-24,distribution_like,0.002275,0.006044,-0.002275
IWM,2006-06-22,distribution_like,0.001533,-0.005248,-0.001533
IWM,2006-09-26,distribution_like,0.003201,0.000000,-0.003201
IWM,2006-12-20,distribution_like,0.004243,0.001541,-0.004243
IWM,2007-03-23,distribution_like,0.001922,-0.000374,-0.001922
IWM,2007-06-28,distribution_like,0.001905,-0.002034,-0.001905
IWM,2007-09-25,distribution_like,0.002433,-0.006472,-0.002433
IWM,2007-12-27,distribution_like,0.003368,-0.027030,-0.003368
IWM,2008-03-24,distribution_like,0.001633,0.037196,-0.001633
IWM,2008-07-02,distribution_like,0.003733,-0.031983,-0.003733
IWM,2008-09-24,distribution_like,0.002117,-0.014791,-0.002117
IWM,2008-12-23,distribution_like,0.007617,-0.021985,-0.007617
IWM,2009-03-24,distribution_like,0.003261,-0.041955,-0.003261
IWM,2009-07-02,distribution_like,0.003502,-0.037787,-0.003502
IWM,2009-09-22,distribution_like,0.002354,0.004535,-0.002354
IWM,2009-12-23,distribution_like,0.004060,0.008790,-0.004060
IWM,2010-03-24,distribution_like,0.002490,-0.013867,-0.002490
IWM,2010-07-02,distribution_like,0.003290,-0.014173,-0.003290
IWM,2010-09-23,distribution_like,0.002513,-0.014581,-0.002513
IWM,2010-12-22,distribution_like,0.004528,-0.004798,-0.004528
IWM,2011-03-24,distribution_like,0.002087,0.004808,-0.002087
IWM,2011-07-05,distribution_like,0.003006,-0.000595,-0.003006
IWM,2011-09-23,distribution_like,0.003877,0.006334,-0.003877
IWM,2011-12-22,distribution_like,0.004878,0.001483,-0.004878
IWM,2012-03-23,distribution_like,0.003065,0.006697,-0.003065
IWM,2012-06-26,distribution_like,0.004968,-0.001049,-0.004968
IWM,2012-09-24,distribution_like,0.003898,-0.007135,-0.003898
IWM,2012-12-19,distribution_like,0.008662,-0.006378,-0.008662
IWM,2013-03-25,distribution_like,0.002812,-0.002230,-0.002812
IWM,2013-07-02,distribution_like,0.004380,-0.005072,-0.004380
IWM,2013-09-24,distribution_like,0.002662,0.000657,-0.002662
IWM,2013-12-23,distribution_like,0.003850,0.007461,-0.003850
IWM,2014-03-25,distribution_like,0.002582,-0.002814,-0.002582
IWM,2014-07-02,distribution_like,0.003839,-0.007665,-0.003839
IWM,2014-09-24,distribution_like,0.002747,0.006288,-0.002747
IWM,2014-12-24,distribution_like,0.003726,-0.000834,-0.003726
IWM,2015-03-25,distribution_like,0.003053,-0.026857,-0.003053
IWM,2015-07-02,distribution_like,0.004242,-0.011579,-0.004242
IWM,2015-09-25,distribution_like,0.002869,-0.015985,-0.002869
IWM,2015-12-24,distribution_like,0.004341,-0.002439,-0.004341
IWM,2016-03-23,distribution_like,0.003003,-0.021425,-0.003003
IWM,2016-07-06,distribution_like,0.005492,0.001759,-0.005492
IWM,2016-09-26,distribution_like,0.002764,-0.012659,-0.002764
IWM,2016-12-22,distribution_like,0.004125,-0.012695,-0.004125
IWM,2017-03-24,distribution_like,0.002880,-0.002152,-0.002880
IWM,2017-07-06,distribution_like,0.004319,-0.017303,-0.004319
IWM,2017-09-26,distribution_like,0.002421,0.000761,-0.002421
IWM,2017-12-21,distribution_like,0.003790,0.000587,-0.003790
IWM,2018-03-22,distribution_like,0.002309,-0.024181,-0.002309
IWM,2018-07-03,distribution_like,0.003621,0.000364,-0.003621
IWM,2018-09-26,distribution_like,0.002654,-0.011763,-0.002654
IWM,2018-12-17,distribution_like,0.003346,-0.025532,-0.003346
IWM,2019-03-20,distribution_like,0.002666,-0.010971,-0.002666
IWM,2019-06-17,distribution_like,0.003525,0.003361,-0.003525
IWM,2019-09-24,distribution_like,0.003515,-0.018544,-0.003515
IWM,2019-12-16,distribution_like,0.003669,0.003367,-0.003669
IWM,2020-03-25,distribution_like,0.003867,0.008529,-0.003867
IWM,2020-06-15,distribution_like,0.003382,0.019672,-0.003382
IWM,2020-09-23,distribution_like,0.003811,-0.033476,-0.003811
IWM,2020-12-14,distribution_like,0.003121,-0.001944,-0.003121
IWM,2021-03-25,distribution_like,0.001881,0.021788,-0.001881
IWM,2021-06-10,distribution_like,0.001502,-0.008905,-0.001502
IWM,2021-09-24,distribution_like,0.003029,-0.007829,-0.003029
IWM,2021-12-13,distribution_like,0.003038,-0.017598,-0.003038
IWM,2022-03-24,distribution_like,0.001966,0.009514,-0.001966
IWM,2022-06-09,distribution_like,0.002635,-0.023304,-0.002635
IWM,2022-09-26,distribution_like,0.005173,-0.018768,-0.005173
IWM,2022-12-13,distribution_like,0.004614,0.003652,-0.004614
IWM,2023-03-23,distribution_like,0.003690,-0.008098,-0.003690
IWM,2023-06-07,distribution_like,0.002769,0.015897,-0.002769
IWM,2023-09-26,distribution_like,0.004693,-0.017469,-0.004693
IWM,2023-12-20,distribution_like,0.003666,-0.023142,-0.003666
IWM,2024-03-21,distribution_like,0.002539,0.008928,-0.002539
IWM,2024-06-11,distribution_like,0.002791,-0.006191,-0.002791
IWM,2024-09-25,distribution_like,0.003412,-0.015556,-0.003412
IWM,2024-12-17,distribution_like,0.002969,-0.014375,-0.002969
IWM,2025-03-18,distribution_like,0.002244,-0.010903,-0.002244
IWM,2025-06-16,distribution_like,0.002765,0.009000,-0.002765
IWM,2025-09-16,distribution_like,0.002837,-0.004470,-0.002837
IWM,2025-12-16,distribution_like,0.003353,-0.008058,-0.003353
IWM,2026-03-17,distribution_like,0.001779,0.004540,-0.001779
IWM,2026-06-15,distribution_like,0.002378,0.005769,-0.002378
IWM,2026-09-15,distribution_like,0.002612,-0.009621,-0.002612
EFA,2006-12-21,distribution_like,0.021120,-0.021182,-0.021120
EFA,2007-12-24,distribution_like,0.025556,-0.020932,-0.025556
EFA,2008-06-25,distribution_like,0.018926,-0.008094,-0.018926
EFA,2008-12-23,distribution_like,0.012724,-0.019972,-0.012724
EFA,2009-06-23,distribution_like,0.021248,-0.007926,-0.021248
EFA,2009-12-22,distribution_like,0.009100,-0.002727,-0.009100
EFA,2010-06-23,distribution_like,0.017494,-0.010608,-0.017494
EFA,2010-12-21,distribution_like,0.009412,-0.001040,-0.009412
EFA,2011-06-22,distribution_like,0.019431,-0.028567,-0.019431
EFA,2011-12-20,distribution_like,0.012024,0.022969,-0.012024
EFA,2012-06-21,distribution_like,0.023296,-0.048346,-0.023296
EFA,2012-12-18,distribution_like,0.010951,-0.000533,-0.010951
EFA,2013-06-27,distribution_like,0.020268,-0.010002,-0.020268
EFA,2013-12-18,distribution_like,0.008666,0.007004,-0.008666
EFA,2014-06-25,distribution_like,0.024559,-0.024313,-0.024559
EFA,2014-12-17,distribution_like,0.009780,0.002152,-0.009780
EFA,2015-06-25,distribution_like,0.016885,-0.017038,-0.016885
EFA,2015-12-21,distribution_like,0.008782,-0.004113,-0.008782
EFA,2016-06-22,distribution_like,0.020558,-0.020744,-0.020558
EFA,2016-12-21,distribution_like,0.010339,-0.009959,-0.010339
EFA,2017-06-20,distribution_like,0.016190,-0.023852,-0.016190
EFA,2017-12-19,distribution_like,0.010606,-0.014124,-0.010606
EFA,2018-06-19,distribution_like,0.019869,-0.028489,-0.019869
EFA,2018-12-18,distribution_like,0.010751,-0.009837,-0.010751
EFA,2019-06-17,distribution_like,0.021573,-0.020411,-0.021573
EFA,2019-12-16,distribution_like,0.011265,-0.000574,-0.011265
EFA,2020-06-15,distribution_like,0.014195,-0.009951,-0.014195
EFA,2020-12-14,distribution_like,0.009708,-0.009005,-0.009708
EFA,2021-06-10,distribution_like,0.013674,-0.010772,-0.013674
EFA,2021-12-13,distribution_like,0.017396,-0.026306,-0.017396
EFA,2021-12-30,distribution_like,0.002065,-0.004676,-0.002065
EFA,2022-06-09,distribution_like,0.022123,-0.042190,-0.022123
EFA,2022-12-13,distribution_like,0.004009,0.010133,-0.004009
EFA,2023-06-07,distribution_like,0.018331,-0.026637,-0.018331
EFA,2023-12-20,distribution_like,0.012544,-0.022355,-0.012544
EFA,2024-06-11,distribution_like,0.017453,-0.028322,-0.017453
EFA,2024-12-17,distribution_like,0.013626,-0.015007,-0.013626
EFA,2025-06-16,distribution_like,0.017318,-0.013336,-0.017318
EFA,2025-12-16,distribution_like,0.018121,-0.022350,-0.018121
EFA,2026-06-15,distribution_like,0.015825,-0.008951,-0.015825
EEM,2006-12-20,distribution_like,0.014232,-0.003122,-0.014232
EEM,2007-12-24,distribution_like,0.012828,0.004033,-0.012828
EEM,2008-06-25,distribution_like,0.011459,0.008468,-0.011459
EEM,2008-12-23,distribution_like,0.014079,-0.022050,-0.014079
EEM,2009-06-23,distribution_like,0.008138,-0.001634,-0.008138
EEM,2009-12-22,distribution_like,0.008078,0.001985,-0.008078
EEM,2010-06-23,distribution_like,0.006622,-0.004017,-0.006622
EEM,2010-12-21,distribution_like,0.007833,0.006711,-0.007833
EEM,2011-06-22,distribution_like,0.010000,-0.019759,-0.010000
EEM,2011-12-20,distribution_like,0.009585,0.032011,-0.009585
EEM,2012-06-21,distribution_like,0.011969,-0.048016,-0.011969
EEM,2012-12-18,distribution_like,0.006061,0.000920,-0.006061
EEM,2013-06-27,distribution_like,0.013137,0.006838,-0.013137
EEM,2013-12-18,distribution_like,0.009038,0.010768,-0.009038
EEM,2014-06-25,distribution_like,0.007910,-0.005754,-0.007910
EEM,2014-12-17,distribution_like,0.014384,0.008481,-0.014384
EEM,2015-06-25,distribution_like,0.007442,-0.010798,-0.007442
EEM,2015-12-21,distribution_like,0.015584,-0.007657,-0.015584
EEM,2016-06-22,distribution_like,0.007857,-0.005276,-0.007857
EEM,2016-12-21,distribution_like,0.011434,-0.015415,-0.011434
EEM,2017-06-20,distribution_like,0.004633,-0.015614,-0.004633
EEM,2017-12-19,distribution_like,0.015154,-0.020133,-0.015154
EEM,2018-06-19,distribution_like,0.006533,-0.017457,-0.006533
EEM,2018-12-18,distribution_like,0.015022,-0.008109,-0.015022
EEM,2019-06-17,distribution_like,0.007625,-0.003650,-0.007625
EEM,2019-12-16,distribution_like,0.021361,-0.012607,-0.021361
EEM,2020-06-15,distribution_like,0.005802,-0.014798,-0.005802
EEM,2020-12-14,distribution_like,0.010338,-0.015379,-0.010338
EEM,2021-06-10,distribution_like,0.004379,0.003618,-0.004379
EEM,2021-12-13,distribution_like,0.014320,-0.029752,-0.014320
EEM,2022-06-09,distribution_like,0.008498,-0.031890,-0.008498
EEM,2022-12-13,distribution_like,0.015242,-0.007969,-0.015242
EEM,2023-06-07,distribution_like,0.007834,-0.012036,-0.007834
EEM,2023-12-20,distribution_like,0.018912,-0.036228,-0.018912
EEM,2024-06-11,distribution_like,0.006905,-0.010168,-0.006905
EEM,2024-12-17,distribution_like,0.016882,-0.018954,-0.016882
EEM,2025-06-16,distribution_like,0.009688,0.002547,-0.009688
EEM,2025-12-16,distribution_like,0.014311,-0.020340,-0.014311
EEM,2026-06-15,distribution_like,0.005198,0.027549,-0.005198
SHY,2006-02-01,distribution_like,0.003084,-0.003983,-0.003084
SHY,2006-03-01,distribution_like,0.003495,-0.003994,-0.003495
SHY,2006-04-03,distribution_like,0.003336,-0.003875,-0.003336
SHY,2006-05-01,distribution_like,0.003303,-0.003880,-0.003303
SHY,2006-06-01,distribution_like,0.003371,-0.002131,-0.003371
SHY,2006-07-03,distribution_like,0.003501,-0.003639,-0.003501
SHY,2006-08-01,distribution_like,0.003628,-0.003002,-0.003628
SHY,2006-09-01,distribution_like,0.003640,-0.002492,-0.003640
SHY,2006-10-02,distribution_like,0.003674,-0.002490,-0.003674
SHY,2006-11-01,distribution_like,0.003710,-0.002987,-0.003710
SHY,2006-12-01,distribution_like,0.003581,-0.001616,-0.003581
SHY,2006-12-27,distribution_like,0.003073,-0.003612,-0.003073
SHY,2007-02-01,distribution_like,0.003761,-0.003871,-0.003761
SHY,2007-03-01,distribution_like,0.003384,-0.001991,-0.003384
SHY,2007-04-02,distribution_like,0.003680,-0.003480,-0.003680
SHY,2007-05-01,distribution_like,0.003569,-0.003980,-0.003569
SHY,2007-06-01,distribution_like,0.003623,-0.004121,-0.003623
SHY,2007-07-02,distribution_like,0.003781,-0.003119,-0.003781
SHY,2007-08-01,distribution_like,0.003763,-0.004716,-0.003763
SHY,2007-09-04,distribution_like,0.003787,-0.003822,-0.003787
SHY,2007-10-01,distribution_like,0.003667,-0.003446,-0.003667
SHY,2007-11-01,distribution_like,0.003739,-0.000492,-0.003739
SHY,2007-12-03,distribution_like,0.003357,-0.001091,-0.003357
SHY,2007-12-27,distribution_like,0.003412,-0.001219,-0.003412
SHY,2008-02-01,distribution_like,0.002652,-0.001556,-0.002652
SHY,2008-03-03,distribution_like,0.001940,-0.001901,-0.001940
SHY,2008-04-01,distribution_like,0.002093,-0.005698,-0.002093
SHY,2008-05-01,distribution_like,0.001947,-0.003719,-0.001947
SHY,2008-06-02,distribution_like,0.002698,-0.000724,-0.002698
SHY,2008-07-01,distribution_like,0.002649,-0.002895,-0.002649
SHY,2008-08-01,distribution_like,0.003214,-0.003011,-0.003214
SHY,2008-09-02,distribution_like,0.002835,-0.001563,-0.002835
SHY,2008-10-01,distribution_like,0.003363,-0.000239,-0.003363
SHY,2008-11-03,distribution_like,0.003899,-0.002019,-0.003899
SHY,2008-12-01,distribution_like,0.003302,-0.001651,-0.003302
SHY,2008-12-29,distribution_like,0.003980,-0.001769,-0.003980
SHY,2009-02-02,distribution_like,0.001640,-0.000712,-0.001640
SHY,2009-03-02,distribution_like,0.001537,0.000714,-0.001537
SHY,2009-04-01,distribution_like,0.001674,-0.001897,-0.001674
SHY,2009-05-01,distribution_like,0.001992,-0.002737,-0.001992
SHY,2009-06-01,distribution_like,0.001564,-0.002383,-0.001564
SHY,2009-07-01,distribution_like,0.001341,-0.000358,-0.001341
SHY,2009-08-03,distribution_like,0.001340,-0.002748,-0.001340
SHY,2009-09-01,distribution_like,0.001288,-0.000477,-0.001288
SHY,2009-10-01,distribution_like,0.001239,-0.000238,-0.001239
SHY,2009-11-02,distribution_like,0.002267,-0.002142,-0.002267
SHY,2009-12-01,distribution_like,0.006937,-0.006641,-0.006937
SHY,2009-12-29,distribution_like,0.001024,-0.000361,-0.001024
SHY,2010-02-01,distribution_like,0.001005,-0.001435,-0.001005
SHY,2017-12-21,distribution_like,0.001121,-0.001192,-0.001121
SHY,2018-02-01,distribution_like,0.001030,-0.001435,-0.001030
SHY,2018-03-01,distribution_like,0.001032,0.000360,-0.001032
SHY,2018-04-02,distribution_like,0.001126,-0.000838,-0.001126
SHY,2018-05-01,distribution_like,0.001238,-0.001681,-0.001238
SHY,2018-06-01,distribution_like,0.001512,-0.002277,-0.001512
SHY,2018-07-02,distribution_like,0.001562,-0.001679,-0.001562
SHY,2018-08-01,distribution_like,0.001661,-0.001563,-0.001661
SHY,2018-09-04,distribution_like,0.001574,-0.001800,-0.001574
SHY,2018-10-01,distribution_like,0.001651,-0.001926,-0.001651
SHY,2018-11-01,distribution_like,0.001760,-0.001204,-0.001760
SHY,2018-12-03,distribution_like,0.001709,-0.002523,-0.001709
SHY,2018-12-18,distribution_like,0.001428,-0.000839,-0.001428
SHY,2019-02-01,distribution_like,0.001817,-0.002982,-0.001817
SHY,2019-03-01,distribution_like,0.001842,-0.002507,-0.001842
SHY,2019-04-01,distribution_like,0.001954,-0.002972,-0.001954
SHY,2019-05-01,distribution_like,0.001859,-0.002735,-0.001859
SHY,2019-06-03,distribution_like,0.002003,-0.000118,-0.002003
SHY,2019-07-01,distribution_like,0.001844,-0.002477,-0.001844
SHY,2019-08-01,distribution_like,0.001777,0.001064,-0.001777
SHY,2019-09-03,distribution_like,0.001719,-0.000940,-0.001719
SHY,2019-10-01,distribution_like,0.001594,-0.000472,-0.001594
SHY,2019-11-01,distribution_like,0.001650,-0.002237,-0.001650
SHY,2019-12-02,distribution_like,0.001584,-0.001887,-0.001584
SHY,2019-12-19,distribution_like,0.001621,-0.001418,-0.001621
SHY,2020-02-03,distribution_like,0.001588,-0.001880,-0.001588
SHY,2020-03-02,distribution_like,0.001460,-0.001866,-0.001460
SHY,2020-04-01,distribution_like,0.001224,-0.000577,-0.001224
SHY,2022-08-01,distribution_like,0.001061,-0.001084,-0.001061
SHY,2022-09-01,distribution_like,0.001216,-0.001944,-0.001216
SHY,2022-10-03,distribution_like,0.001331,0.000862,-0.001331
SHY,2022-11-01,distribution_like,0.001743,-0.002716,-0.001743
SHY,2022-12-01,distribution_like,0.002031,0.000123,-0.002031
SHY,2022-12-15,distribution_like,0.002225,-0.002085,-0.002225
SHY,2023-02-01,distribution_like,0.001862,-0.000122,-0.001862
SHY,2023-03-01,distribution_like,0.002005,-0.003828,-0.002005
SHY,2023-04-03,distribution_like,0.002196,-0.000974,-0.002196
SHY,2023-05-01,distribution_like,0.002329,-0.004502,-0.002329
SHY,2023-06-01,distribution_like,0.002417,-0.000857,-0.002417
SHY,2023-07-03,distribution_like,0.002547,-0.003700,-0.002547
SHY,2023-08-01,distribution_like,0.002620,-0.003452,-0.002620
SHY,2023-09-01,distribution_like,0.002542,-0.003077,-0.002542
SHY,2023-10-02,distribution_like,0.002588,-0.003582,-0.002588
SHY,2023-11-01,distribution_like,0.002846,-0.000617,-0.002846
SHY,2023-12-01,distribution_like,0.003034,-0.000123,-0.003034
SHY,2023-12-14,distribution_like,0.003184,-0.001465,-0.003184
SHY,2024-02-01,distribution_like,0.002949,-0.001458,-0.002949
SHY,2024-03-01,distribution_like,0.002945,-0.000979,-0.002945
SHY,2024-04-01,distribution_like,0.003312,-0.005380,-0.003312
SHY,2024-05-01,distribution_like,0.003239,-0.001232,-0.003239
SHY,2024-06-03,distribution_like,0.003226,-0.002087,-0.003226
SHY,2024-07-01,distribution_like,0.003318,-0.004164,-0.003318
SHY,2024-08-01,distribution_like,0.003314,-0.001579,-0.003314
SHY,2024-09-03,distribution_like,0.003490,-0.002416,-0.003490
SHY,2024-10-01,distribution_like,0.003294,-0.002646,-0.003294
SHY,2024-11-01,distribution_like,0.003448,-0.003764,-0.003448
SHY,2024-12-02,distribution_like,0.003229,-0.003280,-0.003229
SHY,2024-12-18,distribution_like,0.003422,-0.005237,-0.003422
SHY,2025-02-03,distribution_like,0.003328,-0.004010,-0.003328
SHY,2025-03-03,distribution_like,0.003071,-0.002421,-0.003071
SHY,2025-04-01,distribution_like,0.003396,-0.003022,-0.003396
SHY,2025-05-01,distribution_like,0.003126,-0.005173,-0.003126
SHY,2025-06-02,distribution_like,0.003302,-0.004114,-0.003302
SHY,2025-07-01,distribution_like,0.003196,-0.004224,-0.003196
SHY,2025-08-01,distribution_like,0.003282,0.001697,-0.003282
SHY,2025-09-02,distribution_like,0.003119,-0.003615,-0.003119
SHY,2025-10-01,distribution_like,0.003095,-0.001929,-0.003095
SHY,2025-11-03,distribution_like,0.003179,-0.003133,-0.003179
SHY,2025-12-01,distribution_like,0.003006,-0.003852,-0.003006
SHY,2025-12-19,distribution_like,0.003081,-0.003252,-0.003081
SHY,2026-02-02,distribution_like,0.003021,-0.003494,-0.003021
SHY,2026-03-02,distribution_like,0.002688,-0.004448,-0.002688
SHY,2026-04-01,distribution_like,0.003000,-0.003028,-0.003000
SHY,2026-05-01,distribution_like,0.002955,-0.002789,-0.002955
SHY,2026-06-01,distribution_like,0.002962,-0.003524,-0.002962
SHY,2026-07-01,distribution_like,0.002907,-0.003288,-0.002907
SHY,2026-08-03,distribution_like,0.003070,-0.002805,-0.003070
SHY,2026-09-01,distribution_like,0.002989,-0.003663,-0.002989
IEF,2006-02-01,distribution_like,0.003178,-0.006241,-0.003178
IEF,2006-03-01,distribution_like,0.003229,-0.005183,-0.003229
IEF,2006-04-03,distribution_like,0.003198,-0.004290,-0.003198
IEF,2006-05-01,distribution_like,0.003651,-0.009033,-0.003651
IEF,2006-06-01,distribution_like,0.003669,-0.001989,-0.003669
IEF,2006-07-03,distribution_like,0.003900,-0.004358,-0.003900
IEF,2006-08-01,distribution_like,0.003938,-0.003688,-0.003938
IEF,2006-09-01,distribution_like,0.003797,-0.002304,-0.003797
IEF,2006-10-02,distribution_like,0.003816,-0.002045,-0.003816
IEF,2006-11-01,distribution_like,0.003713,-0.000240,-0.003713
IEF,2006-12-01,distribution_like,0.003631,-0.001309,-0.003631
IEF,2006-12-27,distribution_like,0.002883,-0.005533,-0.002883
IEF,2007-02-01,distribution_like,0.003802,-0.004506,-0.003802
IEF,2007-03-01,distribution_like,0.003305,-0.002396,-0.003305
IEF,2007-04-02,distribution_like,0.003890,-0.002768,-0.003890
IEF,2007-05-01,distribution_like,0.003785,-0.003723,-0.003785
IEF,2007-06-01,distribution_like,0.004038,-0.008313,-0.004038
IEF,2007-07-02,distribution_like,0.003876,-0.002343,-0.003876
IEF,2007-08-01,distribution_like,0.003914,-0.006659,-0.003914
IEF,2007-09-04,distribution_like,0.003985,-0.005824,-0.003985
IEF,2007-10-01,distribution_like,0.003709,-0.002504,-0.003709
IEF,2007-11-01,distribution_like,0.003529,0.004617,-0.003529
IEF,2007-12-03,distribution_like,0.003380,0.000571,-0.003380
IEF,2007-12-27,distribution_like,0.003666,0.003035,-0.003666
IEF,2008-02-01,distribution_like,0.003134,0.000111,-0.003134
IEF,2008-03-03,distribution_like,0.003094,-0.005619,-0.003094
IEF,2008-04-01,distribution_like,0.003404,-0.012106,-0.003404
IEF,2008-05-01,distribution_like,0.003150,-0.003252,-0.003150
IEF,2008-06-02,distribution_like,0.003529,0.002405,-0.003529
IEF,2008-07-01,distribution_like,0.003329,-0.006023,-0.003329
IEF,2008-08-01,distribution_like,0.003453,-0.002943,-0.003453
IEF,2008-09-02,distribution_like,0.003312,0.002126,-0.003312
IEF,2008-10-01,distribution_like,0.003441,0.003597,-0.003441
IEF,2008-11-03,distribution_like,0.003654,-0.002048,-0.003654
IEF,2008-12-01,distribution_like,0.003329,0.010174,-0.003329
IEF,2008-12-29,distribution_like,0.003717,-0.001505,-0.003717
IEF,2009-02-02,distribution_like,0.002817,0.005280,-0.002817
IEF,2009-03-02,distribution_like,0.002653,0.007361,-0.002653
IEF,2009-04-01,distribution_like,0.002865,-0.000414,-0.002865
IEF,2009-05-01,distribution_like,0.002998,-0.006192,-0.002998
IEF,2009-06-01,distribution_like,0.002983,-0.019245,-0.002983
IEF,2009-07-01,distribution_like,0.002787,-0.003419,-0.002787
IEF,2009-08-03,distribution_like,0.002904,-0.013491,-0.002904
IEF,2009-09-01,distribution_like,0.002813,-0.000218,-0.002813
IEF,2009-10-01,distribution_like,0.002747,0.004763,-0.002747
IEF,2009-11-02,distribution_like,0.008440,-0.010979,-0.008440
IEF,2009-12-01,distribution_like,0.002240,-0.007737,-0.002240
IEF,2009-12-29,distribution_like,0.001850,0.000788,-0.001850
IEF,2010-02-01,distribution_like,0.003318,-0.006725,-0.003318
IEF,2010-03-01,distribution_like,0.002697,-0.001654,-0.002697
IEF,2010-04-01,distribution_like,0.002857,-0.004916,-0.002857
IEF,2010-05-03,distribution_like,0.003019,-0.005622,-0.003019
IEF,2010-06-01,distribution_like,0.002802,-0.001504,-0.002802
IEF,2010-07-01,distribution_like,0.002600,-0.003031,-0.002600
IEF,2010-08-02,distribution_like,0.002634,-0.005712,-0.002634
IEF,2010-09-01,distribution_like,0.002495,-0.009672,-0.002495
IEF,2010-10-01,distribution_like,0.002360,-0.001818,-0.002360
IEF,2010-11-01,distribution_like,0.002385,-0.004050,-0.002385
IEF,2010-12-01,distribution_like,0.002452,-0.015566,-0.002452
IEF,2010-12-28,distribution_like,0.002653,-0.013123,-0.002653
IEF,2011-02-01,distribution_like,0.002511,-0.007143,-0.002511
IEF,2011-03-01,distribution_like,0.002319,-0.001178,-0.002319
IEF,2011-04-01,distribution_like,0.002673,-0.000538,-0.002673
IEF,2011-05-02,distribution_like,0.002558,-0.002858,-0.002558
IEF,2011-06-01,distribution_like,0.002533,0.005694,-0.002533
IEF,2011-07-01,distribution_like,0.002415,-0.004903,-0.002415
IEF,2011-08-01,distribution_like,0.002418,0.001216,-0.002418
IEF,2011-09-01,distribution_like,0.002228,0.005728,-0.002228
IEF,2011-10-03,distribution_like,0.002012,0.007233,-0.002012
IEF,2011-11-01,distribution_like,0.002023,0.009951,-0.002023
IEF,2011-12-01,distribution_like,0.001929,-0.002214,-0.001929
IEF,2011-12-27,distribution_like,0.001811,-0.001244,-0.001811
IEF,2012-02-01,distribution_like,0.001797,-0.005259,-0.001797
IEF,2012-03-01,distribution_like,0.001621,-0.004852,-0.001621
IEF,2012-04-02,distribution_like,0.001717,0.000678,-0.001717
IEF,2012-05-01,distribution_like,0.001593,-0.003406,-0.001593
IEF,2012-06-01,distribution_like,0.001578,0.007001,-0.001578
IEF,2012-07-02,distribution_like,0.001484,0.003150,-0.001484
IEF,2012-08-01,distribution_like,0.001485,-0.005124,-0.001485
IEF,2012-09-04,distribution_like,0.001387,-0.003670,-0.001387
IEF,2012-10-01,distribution_like,0.001302,0.000553,-0.001302
IEF,2012-11-01,distribution_like,0.001346,-0.003337,-0.001346
IEF,2012-12-03,distribution_like,0.001261,-0.001654,-0.001261
IEF,2012-12-26,distribution_like,0.001407,0.000651,-0.001407
IEF,2013-02-01,distribution_like,0.001321,-0.004713,-0.001321
IEF,2013-03-01,distribution_like,0.001187,0.001306,-0.001187
IEF,2013-04-01,distribution_like,0.001353,0.001304,-0.001353
IEF,2013-05-01,distribution_like,0.001242,0.002022,-0.001242
IEF,2013-06-03,distribution_like,0.001350,0.000095,-0.001350
IEF,2013-07-01,distribution_like,0.001359,-0.000976,-0.001359
IEF,2013-08-01,distribution_like,0.001384,-0.010196,-0.001384
IEF,2013-09-03,distribution_like,0.001505,-0.007171,-0.001505
IEF,2013-10-01,distribution_like,0.001501,-0.003721,-0.001501
IEF,2013-11-01,distribution_like,0.001570,-0.007105,-0.001570
IEF,2013-12-02,distribution_like,0.001616,-0.005900,-0.001616
IEF,2013-12-26,distribution_like,0.001647,-0.002507,-0.001647
IEF,2014-02-03,distribution_like,0.001714,0.003715,-0.001714
IEF,2014-03-03,distribution_like,0.001622,0.003318,-0.001622
IEF,2014-04-01,distribution_like,0.001871,-0.003932,-0.001871
IEF,2014-05-01,distribution_like,0.001900,0.000977,-0.001900
IEF,2014-06-02,distribution_like,0.001686,-0.006251,-0.001686
IEF,2014-07-01,distribution_like,0.001858,-0.005117,-0.001858
IEF,2014-08-01,distribution_like,0.001903,0.003974,-0.001903
IEF,2014-09-02,distribution_like,0.001728,-0.008103,-0.001728
IEF,2014-10-01,distribution_like,0.001827,0.006562,-0.001827
IEF,2014-11-03,distribution_like,0.001726,-0.002095,-0.001726
IEF,2014-12-01,distribution_like,0.001698,-0.004144,-0.001698
IEF,2014-12-24,distribution_like,0.001483,-0.000760,-0.001483
IEF,2015-02-02,distribution_like,0.001648,-0.002895,-0.001648
IEF,2015-03-02,distribution_like,0.001582,-0.009012,-0.001582
IEF,2015-04-01,distribution_like,0.001617,0.003137,-0.001617
IEF,2015-05-01,distribution_like,0.001518,-0.006975,-0.001518
IEF,2015-06-01,distribution_like,0.001583,-0.005986,-0.001583
IEF,2015-07-01,distribution_like,0.001545,-0.006761,-0.001545
IEF,2015-08-03,distribution_like,0.001543,0.001503,-0.001543
IEF,2015-09-01,distribution_like,0.001573,0.002915,-0.001573
IEF,2015-10-01,distribution_like,0.001523,-0.000742,-0.001523
IEF,2015-11-02,distribution_like,0.001526,-0.004392,-0.001526
IEF,2015-12-01,distribution_like,0.001553,0.003759,-0.001553
IEF,2015-12-24,distribution_like,0.001551,0.000283,-0.001551
IEF,2016-02-01,distribution_like,0.001459,-0.003758,-0.001459
IEF,2016-03-01,distribution_like,0.001422,-0.009225,-0.001422
IEF,2016-04-01,distribution_like,0.001525,-0.001813,-0.001525
IEF,2016-05-02,distribution_like,0.001466,-0.004364,-0.001466
IEF,2016-06-01,distribution_like,0.001487,-0.001823,-0.001487
IEF,2016-07-01,distribution_like,0.001401,0.001239,-0.001401
IEF,2016-08-01,distribution_like,0.001400,-0.004864,-0.001400
IEF,2016-09-01,distribution_like,0.001389,0.000179,-0.001389
IEF,2016-10-03,distribution_like,0.001342,-0.003665,-0.001342
IEF,2016-11-01,distribution_like,0.001401,-0.001363,-0.001401
IEF,2016-12-01,distribution_like,0.001417,-0.005225,-0.001417
IEF,2016-12-22,distribution_like,0.001588,-0.002018,-0.001588
IEF,2017-02-01,distribution_like,0.001516,-0.003427,-0.001516
IEF,2017-03-01,distribution_like,0.001374,-0.008329,-0.001374
IEF,2017-04-03,distribution_like,0.001508,0.003409,-0.001508
IEF,2017-05-01,distribution_like,0.001503,-0.003659,-0.001503
IEF,2017-06-01,distribution_like,0.001530,-0.002050,-0.001530
IEF,2017-07-03,distribution_like,0.001493,-0.005159,-0.001493
IEF,2017-08-01,distribution_like,0.001547,0.000936,-0.001547
IEF,2017-09-01,distribution_like,0.001498,-0.004435,-0.001498
IEF,2017-10-02,distribution_like,0.001495,-0.002629,-0.001495
IEF,2017-11-01,distribution_like,0.001548,-0.000942,-0.001548
IEF,2017-12-01,distribution_like,0.001516,0.002176,-0.001516
IEF,2017-12-21,distribution_like,0.001563,-0.000856,-0.001563
IEF,2018-02-01,distribution_like,0.001629,-0.006776,-0.001629
IEF,2018-03-01,distribution_like,0.001559,0.002741,-0.001559
IEF,2018-04-02,distribution_like,0.001699,-0.000678,-0.001699
IEF,2018-05-01,distribution_like,0.001882,-0.003441,-0.001882
IEF,2018-06-01,distribution_like,0.001975,-0.005658,-0.001975
IEF,2018-07-02,distribution_like,0.001857,-0.002536,-0.001857
IEF,2018-08-01,distribution_like,0.001969,-0.004323,-0.001969
IEF,2018-09-04,distribution_like,0.002012,-0.004288,-0.002012
IEF,2018-10-01,distribution_like,0.002020,-0.004547,-0.002020
IEF,2018-11-01,distribution_like,0.002150,-0.001292,-0.002150
IEF,2018-12-03,distribution_like,0.002087,0.000098,-0.002087
IEF,2018-12-18,distribution_like,0.002075,0.000389,-0.002075
IEF,2019-02-01,distribution_like,0.002102,-0.007437,-0.002102
IEF,2019-03-01,distribution_like,0.001916,-0.005187,-0.001916
IEF,2019-04-01,distribution_like,0.002048,-0.008906,-0.002048
IEF,2019-05-01,distribution_like,0.002006,-0.002455,-0.002006
IEF,2019-06-03,distribution_like,0.001959,0.002846,-0.001959
IEF,2019-07-01,distribution_like,0.001748,-0.002999,-0.001748
IEF,2019-08-01,distribution_like,0.001769,0.009557,-0.001769
IEF,2019-09-03,distribution_like,0.001669,0.000526,-0.001669
IEF,2019-10-01,distribution_like,0.001523,0.001245,-0.001523
IEF,2019-11-01,distribution_like,0.001495,-0.003378,-0.001495
IEF,2019-12-02,distribution_like,0.001436,-0.005019,-0.001436
IEF,2019-12-19,distribution_like,0.001416,-0.000634,-0.001416
IEF,2020-02-03,distribution_like,0.001343,-0.002192,-0.001343
IEF,2020-03-02,distribution_like,0.001196,-0.001876,-0.001196
IEF,2020-04-01,distribution_like,0.001187,0.002881,-0.001187
IEF,2020-05-01,distribution_like,0.001053,0.000329,-0.001053
IEF,2020-06-01,distribution_like,0.001001,-0.001394,-0.001001
IEF,2022-04-01,distribution_like,0.001127,-0.007630,-0.001127
IEF,2022-05-02,distribution_like,0.001217,-0.008657,-0.001217
IEF,2022-06-01,distribution_like,0.001250,-0.006872,-0.001250
IEF,2022-07-01,distribution_like,0.001517,0.009189,-0.001517
IEF,2022-08-01,distribution_like,0.001753,0.004089,-0.001753
IEF,2022-09-01,distribution_like,0.001777,-0.009709,-0.001777
IEF,2022-10-03,distribution_like,0.001952,0.009897,-0.001952
IEF,2022-11-01,distribution_like,0.002155,-0.002330,-0.002155
IEF,2022-12-01,distribution_like,0.001991,0.008913,-0.001991
IEF,2022-12-15,distribution_like,0.001946,0.000000,-0.001946
IEF,2023-02-01,distribution_like,0.002141,0.005040,-0.002141
IEF,2023-03-01,distribution_like,0.002051,-0.010025,-0.002051
IEF,2023-04-03,distribution_like,0.001981,0.002724,-0.001981
IEF,2023-05-01,distribution_like,0.002402,-0.014138,-0.002402
IEF,2023-06-01,distribution_like,0.002371,0.000408,-0.002371
IEF,2023-07-03,distribution_like,0.002407,-0.006729,-0.002407
IEF,2023-08-01,distribution_like,0.002534,-0.008356,-0.002534
IEF,2023-09-01,distribution_like,0.002559,-0.008650,-0.002559
IEF,2023-10-02,distribution_like,0.002617,-0.010700,-0.002617
IEF,2023-11-01,distribution_like,0.002787,0.008706,-0.002787
IEF,2023-12-01,distribution_like,0.002673,0.006744,-0.002673
IEF,2023-12-14,distribution_like,0.002959,0.005337,-0.002959
IEF,2024-02-01,distribution_like,0.002452,0.003732,-0.002452
IEF,2024-03-01,distribution_like,0.002650,0.001910,-0.002650
IEF,2024-04-01,distribution_like,0.002924,-0.011938,-0.002924
IEF,2024-05-01,distribution_like,0.002973,0.000984,-0.002973
IEF,2024-06-03,distribution_like,0.002983,0.003556,-0.002983
IEF,2024-07-01,distribution_like,0.003053,-0.010465,-0.003053
IEF,2024-08-01,distribution_like,0.003017,0.001249,-0.003017
IEF,2024-09-03,distribution_like,0.002976,0.003606,-0.002976
IEF,2024-10-01,distribution_like,0.002923,0.000713,-0.002923
IEF,2024-11-01,distribution_like,0.003099,-0.008993,-0.003099
IEF,2024-12-02,distribution_like,0.003077,-0.003152,-0.003077
IEF,2024-12-18,distribution_like,0.003297,-0.010990,-0.003297
IEF,2025-02-03,distribution_like,0.003192,-0.002473,-0.003192
IEF,2025-03-03,distribution_like,0.002893,0.000734,-0.002893
IEF,2025-04-01,distribution_like,0.003198,0.000315,-0.003198
IEF,2025-05-01,distribution_like,0.003269,-0.007599,-0.003269
IEF,2025-06-02,distribution_like,0.003289,-0.006662,-0.003289
IEF,2025-07-01,distribution_like,0.003174,-0.005012,-0.003174
IEF,2025-08-01,distribution_like,0.003267,0.008219,-0.003267
IEF,2025-09-02,distribution_like,0.003276,-0.006240,-0.003276
IEF,2025-10-01,distribution_like,0.003057,0.000311,-0.003057
IEF,2025-11-03,distribution_like,0.003149,-0.003614,-0.003149
IEF,2025-12-01,distribution_like,0.002963,-0.008308,-0.002963
IEF,2025-12-19,distribution_like,0.003245,-0.005477,-0.003245
IEF,2026-02-02,distribution_like,0.003263,-0.005212,-0.003263
IEF,2026-03-02,distribution_like,0.002896,-0.008878,-0.002896
IEF,2026-04-01,distribution_like,0.003333,-0.004191,-0.003333
IEF,2026-05-01,distribution_like,0.003296,-0.002527,-0.003296
IEF,2026-06-01,distribution_like,0.003360,-0.005071,-0.003360
IEF,2026-07-01,distribution_like,0.003299,-0.005710,-0.003299
IEF,2026-08-03,distribution_like,0.003433,-0.001399,-0.003433
IEF,2026-09-01,distribution_like,0.003593,-0.006901,-0.003593
TLT,2006-02-01,distribution_like,0.003553,-0.006948,-0.003553
TLT,2006-03-01,distribution_like,0.003516,-0.009524,-0.003516
TLT,2006-04-03,distribution_like,0.003790,-0.003453,-0.003790
TLT,2006-05-01,distribution_like,0.003937,-0.011407,-0.003937
TLT,2006-06-01,distribution_like,0.003984,0.000478,-0.003984
TLT,2006-07-03,distribution_like,0.003893,-0.004862,-0.003893
TLT,2006-08-01,distribution_like,0.004002,-0.004079,-0.004002
TLT,2006-09-01,distribution_like,0.003990,-0.003633,-0.003990
TLT,2006-10-02,distribution_like,0.003975,-0.001230,-0.003975
TLT,2006-11-01,distribution_like,0.003857,0.001670,-0.003857
TLT,2006-12-01,distribution_like,0.003751,-0.001202,-0.003751
TLT,2006-12-27,distribution_like,0.003391,-0.010707,-0.003391
TLT,2007-02-01,distribution_like,0.004071,-0.005254,-0.004071
TLT,2007-03-01,distribution_like,0.003819,-0.004437,-0.003819
TLT,2007-04-02,distribution_like,0.003706,-0.002039,-0.003706
TLT,2007-05-01,distribution_like,0.003664,-0.002930,-0.003664
TLT,2007-06-01,distribution_like,0.003928,-0.009146,-0.003928
TLT,2007-07-02,distribution_like,0.003842,0.001409,-0.003842
TLT,2007-08-01,distribution_like,0.003906,-0.006046,-0.003906
TLT,2007-09-04,distribution_like,0.004090,-0.003600,-0.004090
TLT,2007-10-01,distribution_like,0.003904,0.001803,-0.003904
TLT,2007-11-01,distribution_like,0.004399,0.008557,-0.004399
TLT,2007-12-03,distribution_like,0.004000,0.003920,-0.004000
TLT,2007-12-27,distribution_like,0.004019,0.006855,-0.004019
TLT,2008-02-01,distribution_like,0.003476,0.002527,-0.003476
TLT,2008-03-03,distribution_like,0.003706,-0.006261,-0.003706
TLT,2008-04-01,distribution_like,0.004252,-0.020440,-0.004252
TLT,2008-05-01,distribution_like,0.003621,-0.003544,-0.003621
TLT,2008-06-02,distribution_like,0.003635,0.000222,-0.003635
TLT,2008-07-01,distribution_like,0.003607,-0.005956,-0.003607
TLT,2008-08-01,distribution_like,0.003634,-0.001418,-0.003634
TLT,2008-09-02,distribution_like,0.003637,0.005648,-0.003637
TLT,2008-10-01,distribution_like,0.003065,0.009486,-0.003065
TLT,2008-11-03,distribution_like,0.004001,-0.001293,-0.004001
TLT,2008-12-01,distribution_like,0.003368,0.034809,-0.003368
TLT,2008-12-29,distribution_like,0.003350,-0.004534,-0.003350
TLT,2009-02-02,distribution_like,0.002755,0.015807,-0.002755
TLT,2009-03-02,distribution_like,0.002776,0.013742,-0.002776
TLT,2009-04-01,distribution_like,0.002866,0.006244,-0.002866
TLT,2009-05-01,distribution_like,0.003038,-0.009890,-0.003038
TLT,2009-06-01,distribution_like,0.003249,-0.032707,-0.003249
TLT,2009-07-01,distribution_like,0.003214,-0.005181,-0.003214
TLT,2009-08-03,distribution_like,0.003365,-0.018458,-0.003365
TLT,2009-09-01,distribution_like,0.003189,-0.005590,-0.003189
TLT,2009-10-01,distribution_like,0.003121,0.010541,-0.003121
TLT,2009-11-02,distribution_like,0.003226,-0.007622,-0.003226
TLT,2009-12-01,distribution_like,0.003187,-0.014281,-0.003187
TLT,2009-12-29,distribution_like,0.003568,0.003018,-0.003568
TLT,2010-02-01,distribution_like,0.003533,-0.012566,-0.003533
TLT,2010-03-01,distribution_like,0.003174,-0.003600,-0.003174
TLT,2010-04-01,distribution_like,0.003723,-0.006145,-0.003723
TLT,2010-05-03,distribution_like,0.003486,-0.004776,-0.003486
TLT,2010-06-01,distribution_like,0.003390,0.003627,-0.003390
TLT,2010-07-01,distribution_like,0.003056,-0.001474,-0.003056
TLT,2010-08-02,distribution_like,0.003234,-0.017217,-0.003234
TLT,2010-09-01,distribution_like,0.002975,-0.023581,-0.002975
TLT,2010-10-01,distribution_like,0.003729,-0.008530,-0.003729
TLT,2010-11-01,distribution_like,0.003186,-0.007469,-0.003186
TLT,2010-12-01,distribution_like,0.003467,-0.025607,-0.003467
TLT,2010-12-28,distribution_like,0.003424,-0.022931,-0.003424
TLT,2011-02-01,distribution_like,0.003520,-0.008441,-0.003520
TLT,2011-03-01,distribution_like,0.003225,-0.000325,-0.003225
TLT,2011-04-01,distribution_like,0.004207,0.000651,-0.004207
TLT,2011-05-02,distribution_like,0.004279,-0.002663,-0.004279
TLT,2011-06-01,distribution_like,0.003653,0.009825,-0.003653
TLT,2011-07-01,distribution_like,0.003411,-0.004995,-0.003411
TLT,2011-08-01,distribution_like,0.003330,0.006740,-0.003330
TLT,2011-09-01,distribution_like,0.003017,0.018126,-0.003017
TLT,2011-10-03,distribution_like,0.002540,0.024917,-0.002540
TLT,2011-11-01,distribution_like,0.002587,0.030808,-0.002587
TLT,2011-12-01,distribution_like,0.002466,-0.007465,-0.002466
TLT,2011-12-27,distribution_like,0.003223,0.001522,-0.003223
TLT,2012-02-01,distribution_like,0.002396,-0.013819,-0.002396
TLT,2012-03-01,distribution_like,0.002279,-0.011667,-0.002279
TLT,2012-04-02,distribution_like,0.002592,0.002941,-0.002592
TLT,2012-05-01,distribution_like,0.002419,-0.007586,-0.002419
TLT,2012-06-01,distribution_like,0.002065,0.021630,-0.002065
TLT,2012-07-02,distribution_like,0.002154,0.008147,-0.002154
TLT,2012-08-01,distribution_like,0.002109,-0.007093,-0.002109
TLT,2012-09-04,distribution_like,0.002135,-0.003132,-0.002135
TLT,2012-10-01,distribution_like,0.002097,0.001610,-0.002097
TLT,2012-12-03,distribution_like,0.001968,-0.001042,-0.001968
TLT,2012-12-26,distribution_like,0.002202,0.001393,-0.002202
TLT,2013-02-01,distribution_like,0.002221,-0.015172,-0.002221
TLT,2013-03-01,distribution_like,0.002148,0.003291,-0.002148
TLT,2013-04-01,distribution_like,0.002171,0.005350,-0.002171
TLT,2013-05-01,distribution_like,0.002126,0.008129,-0.002126
TLT,2013-06-03,distribution_like,0.002409,0.002883,-0.002409
TLT,2013-07-01,distribution_like,0.002287,-0.000272,-0.002287
TLT,2013-08-01,distribution_like,0.002512,-0.021727,-0.002512
TLT,2013-09-03,distribution_like,0.002639,-0.016700,-0.002639
TLT,2013-10-01,distribution_like,0.002620,-0.005639,-0.002620
TLT,2013-11-01,distribution_like,0.002683,-0.013471,-0.002683
TLT,2013-12-02,distribution_like,0.002976,-0.010723,-0.002976
TLT,2013-12-26,distribution_like,0.003267,-0.007099,-0.003267
TLT,2014-02-03,distribution_like,0.002556,0.009605,-0.002556
TLT,2014-03-03,distribution_like,0.002429,0.004237,-0.002429
TLT,2014-04-01,distribution_like,0.002573,-0.011091,-0.002573
TLT,2014-05-01,distribution_like,0.002427,0.008281,-0.002427
TLT,2014-06-02,distribution_like,0.002583,-0.009991,-0.002583
TLT,2014-07-01,distribution_like,0.002579,-0.010923,-0.002579
TLT,2014-08-01,distribution_like,0.002639,0.005089,-0.002639
TLT,2014-09-02,distribution_like,0.002281,-0.019488,-0.002281
TLT,2014-10-01,distribution_like,0.002491,0.016857,-0.002491
TLT,2014-11-03,distribution_like,0.002438,-0.002432,-0.002438
TLT,2014-12-01,distribution_like,0.002266,-0.008082,-0.002266
TLT,2014-12-24,distribution_like,0.002117,0.003319,-0.002117
TLT,2015-02-02,distribution_like,0.002022,-0.005785,-0.002022
TLT,2015-03-02,distribution_like,0.001949,-0.020536,-0.001949
TLT,2015-04-01,distribution_like,0.002093,0.011018,-0.002093
TLT,2015-05-01,distribution_like,0.002054,-0.015482,-0.002054
TLT,2015-06-01,distribution_like,0.002156,-0.012876,-0.002156
TLT,2015-07-01,distribution_like,0.002201,-0.015665,-0.002201
TLT,2015-08-03,distribution_like,0.002184,0.008325,-0.002184
TLT,2015-09-01,distribution_like,0.002171,0.005024,-0.002171
TLT,2015-10-01,distribution_like,0.002077,0.002185,-0.002077
TLT,2015-11-02,distribution_like,0.002179,-0.006760,-0.002179
TLT,2015-12-01,distribution_like,0.002121,0.011363,-0.002121
TLT,2015-12-24,distribution_like,0.002096,0.003625,-0.002096
TLT,2016-02-01,distribution_like,0.001897,-0.004949,-0.001897
TLT,2016-03-01,distribution_like,0.001897,-0.019469,-0.001897
TLT,2016-04-01,distribution_like,0.002072,0.000536,-0.002072
TLT,2016-05-02,distribution_like,0.002013,-0.012058,-0.002013
TLT,2016-06-01,distribution_like,0.002056,0.001997,-0.002056
TLT,2016-07-01,distribution_like,0.001839,0.012023,-0.001839
TLT,2016-08-01,distribution_like,0.001825,-0.012645,-0.001825
TLT,2016-09-01,distribution_like,0.001819,-0.000715,-0.001819
TLT,2016-10-03,distribution_like,0.001800,-0.005091,-0.001800
TLT,2016-11-01,distribution_like,0.001908,-0.001829,-0.001908
TLT,2016-12-01,distribution_like,0.002025,-0.012558,-0.002025
TLT,2016-12-22,distribution_like,0.002618,-0.004395,-0.002618
TLT,2017-02-01,distribution_like,0.002161,-0.008326,-0.002161
TLT,2017-03-01,distribution_like,0.001926,-0.018646,-0.001926
TLT,2017-04-03,distribution_like,0.002117,0.007953,-0.002117
TLT,2017-05-01,distribution_like,0.002089,-0.010380,-0.002089
TLT,2017-06-01,distribution_like,0.002119,-0.002010,-0.002119
TLT,2017-07-03,distribution_like,0.002066,-0.005275,-0.002066
TLT,2017-08-01,distribution_like,0.002174,0.004837,-0.002174
TLT,2017-09-01,distribution_like,0.002059,-0.009688,-0.002059
TLT,2017-10-02,distribution_like,0.002024,-0.003847,-0.002024
TLT,2017-11-01,distribution_like,0.002117,0.002330,-0.002117
TLT,2017-12-01,distribution_like,0.002042,0.011429,-0.002042
TLT,2017-12-21,distribution_like,0.002115,0.003705,-0.002115
TLT,2018-02-01,distribution_like,0.002082,-0.016540,-0.002082
TLT,2018-03-01,distribution_like,0.002016,0.004800,-0.002016
TLT,2018-04-02,distribution_like,0.002138,-0.000164,-0.002138
TLT,2018-05-01,distribution_like,0.002204,-0.005793,-0.002204
TLT,2018-06-01,distribution_like,0.002323,-0.007589,-0.002323
TLT,2018-07-02,distribution_like,0.002265,-0.003040,-0.002265
TLT,2018-08-01,distribution_like,0.002235,-0.010359,-0.002235
TLT,2018-09-04,distribution_like,0.002253,-0.008017,-0.002253
TLT,2018-10-01,distribution_like,0.002231,-0.009551,-0.002231
TLT,2018-11-01,distribution_like,0.002427,-0.001497,-0.002427
TLT,2018-12-03,distribution_like,0.002320,0.004769,-0.002320
TLT,2018-12-18,distribution_like,0.002372,0.003608,-0.002372
TLT,2019-02-01,distribution_like,0.002259,-0.008281,-0.002259
TLT,2019-03-01,distribution_like,0.002112,-0.011331,-0.002112
TLT,2019-04-01,distribution_like,0.002203,-0.016371,-0.002203
TLT,2019-05-01,distribution_like,0.002099,0.002022,-0.002099
TLT,2019-06-03,distribution_like,0.002052,0.004627,-0.002052
TLT,2019-07-01,distribution_like,0.001962,-0.004292,-0.001962
TLT,2019-08-01,distribution_like,0.001991,0.017834,-0.001991
TLT,2019-09-03,distribution_like,0.001769,-0.000475,-0.001769
TLT,2019-10-01,distribution_like,0.001751,0.001258,-0.001751
TLT,2019-11-01,distribution_like,0.001745,-0.004815,-0.001745
TLT,2019-12-02,distribution_like,0.001719,-0.015026,-0.001719
TLT,2019-12-19,distribution_like,0.001600,0.000000,-0.001600
TLT,2020-02-03,distribution_like,0.001662,-0.002467,-0.001662
TLT,2020-03-02,distribution_like,0.001477,-0.008821,-0.001477
TLT,2020-04-01,distribution_like,0.001444,0.012548,-0.001444
TLT,2020-05-01,distribution_like,0.001297,0.007257,-0.001297
TLT,2020-06-01,distribution_like,0.001286,-0.008008,-0.001286
TLT,2020-07-01,distribution_like,0.001173,-0.003111,-0.001173
TLT,2020-08-03,distribution_like,0.001113,-0.006140,-0.001113
TLT,2020-09-01,distribution_like,0.001130,0.010297,-0.001130
TLT,2020-10-01,distribution_like,0.001036,0.000613,-0.001036
TLT,2020-11-02,distribution_like,0.001074,0.006410,-0.001074
TLT,2020-12-01,distribution_like,0.001019,-0.015748,-0.001019
TLT,2020-12-17,distribution_like,0.001044,-0.003685,-0.001044
TLT,2021-02-01,distribution_like,0.001159,0.000000,-0.001159
TLT,2021-03-01,distribution_like,0.001203,-0.014393,-0.001203
TLT,2021-04-01,distribution_like,0.001368,0.015209,-0.001368
TLT,2021-05-03,distribution_like,0.001466,-0.000866,-0.001466
TLT,2021-06-01,distribution_like,0.001439,-0.001661,-0.001439
TLT,2021-07-01,distribution_like,0.001304,-0.001247,-0.001304
TLT,2021-08-02,distribution_like,0.001219,0.007691,-0.001219
TLT,2021-09-01,distribution_like,0.001272,0.000403,-0.001272
TLT,2021-10-01,distribution_like,0.001270,0.007137,-0.001270
TLT,2021-11-01,distribution_like,0.001275,-0.008464,-0.001275
TLT,2021-12-01,distribution_like,0.001215,0.004948,-0.001215
TLT,2021-12-16,distribution_like,0.001127,-0.000737,-0.001127
TLT,2022-02-01,distribution_like,0.001393,-0.004705,-0.001393
TLT,2022-03-01,distribution_like,0.001324,0.010224,-0.001324
TLT,2022-04-01,distribution_like,0.001531,0.002271,-0.001531
TLT,2022-05-02,distribution_like,0.001703,-0.019004,-0.001703
TLT,2022-06-01,distribution_like,0.001779,-0.002917,-0.001779
TLT,2022-07-01,distribution_like,0.001980,0.008270,-0.001980
TLT,2022-08-01,distribution_like,0.001817,0.022226,-0.001817
TLT,2022-09-01,distribution_like,0.002114,-0.020379,-0.002114
TLT,2022-10-03,distribution_like,0.002388,0.013470,-0.002388
TLT,2022-11-01,distribution_like,0.002461,0.006867,-0.002461
TLT,2022-12-01,distribution_like,0.002381,0.029495,-0.002381
TLT,2022-12-15,distribution_like,0.002419,0.001479,-0.002419
TLT,2023-02-01,distribution_like,0.002573,0.009424,-0.002573
TLT,2023-03-01,distribution_like,0.002464,-0.013175,-0.002464
TLT,2023-04-03,distribution_like,0.002535,0.002162,-0.002535
TLT,2023-05-01,distribution_like,0.002524,-0.031279,-0.002524
TLT,2023-06-01,distribution_like,0.002658,0.001262,-0.002658
TLT,2023-07-03,distribution_like,0.002708,-0.008354,-0.002708
TLT,2023-08-01,distribution_like,0.002756,-0.019090,-0.002756
TLT,2023-09-01,distribution_like,0.003000,-0.018522,-0.003000
TLT,2023-10-02,distribution_like,0.003167,-0.019844,-0.003167
TLT,2023-11-01,distribution_like,0.003434,0.018186,-0.003434
TLT,2023-12-01,distribution_like,0.003167,0.015618,-0.003167
TLT,2023-12-14,distribution_like,0.003222,0.022718,-0.003222
TLT,2024-02-01,distribution_like,0.003218,0.016346,-0.003218
TLT,2024-03-01,distribution_like,0.003142,0.003079,-0.003142
TLT,2024-04-01,distribution_like,0.003309,-0.021877,-0.003309
TLT,2024-05-01,distribution_like,0.003503,0.003854,-0.003503
TLT,2024-06-03,distribution_like,0.003417,0.012714,-0.003417
TLT,2024-07-01,distribution_like,0.003181,-0.020375,-0.003181
TLT,2024-08-01,distribution_like,0.003333,0.005274,-0.003333
TLT,2024-09-03,distribution_like,0.003255,0.013058,-0.003255
TLT,2024-10-01,distribution_like,0.003232,0.003976,-0.003232
TLT,2024-11-01,distribution_like,0.003375,-0.017415,-0.003375
TLT,2024-12-02,distribution_like,0.003471,-0.001064,-0.003471
TLT,2024-12-18,distribution_like,0.003887,-0.016328,-0.003887
TLT,2025-02-03,distribution_like,0.003568,0.004558,-0.003568
TLT,2025-03-03,distribution_like,0.003147,0.001515,-0.003147
TLT,2025-04-01,distribution_like,0.003594,0.005053,-0.003594
TLT,2025-05-01,distribution_like,0.003679,-0.008718,-0.003679
TLT,2025-06-02,distribution_like,0.003723,-0.012981,-0.003723
TLT,2025-07-01,distribution_like,0.003731,-0.001246,-0.003731
TLT,2025-08-01,distribution_like,0.003823,0.010354,-0.003823
TLT,2025-09-02,distribution_like,0.003802,-0.011201,-0.003802
TLT,2025-10-01,distribution_like,0.003481,-0.000895,-0.003481
TLT,2025-11-03,distribution_like,0.003613,-0.006092,-0.003613
TLT,2025-12-01,distribution_like,0.003571,-0.015963,-0.003571
TLT,2025-12-19,distribution_like,0.003892,-0.007595,-0.003892
TLT,2026-02-02,distribution_like,0.003825,-0.006657,-0.003825
TLT,2026-03-02,distribution_like,0.003325,-0.013323,-0.003325
TLT,2026-04-01,distribution_like,0.003996,-0.004960,-0.003996
TLT,2026-05-01,distribution_like,0.003693,-0.000117,-0.003693
TLT,2026-06-01,distribution_like,0.003933,-0.003382,-0.003933
TLT,2026-07-01,distribution_like,0.003693,-0.010414,-0.003693
TLT,2026-08-03,distribution_like,0.004028,-0.000729,-0.004028
TLT,2026-09-01,distribution_like,0.003832,-0.007877,-0.003832
AGG,2006-02-01,distribution_like,0.003703,-0.006466,-0.003703
AGG,2006-03-01,distribution_like,0.003732,-0.003688,-0.003732
AGG,2006-04-03,distribution_like,0.003880,-0.004845,-0.003880
AGG,2006-05-01,distribution_like,0.003819,-0.007712,-0.003819
AGG,2006-06-01,distribution_like,0.003924,-0.004695,-0.003924
AGG,2006-07-03,distribution_like,0.003998,-0.002463,-0.003998
AGG,2006-08-01,distribution_like,0.004174,-0.001728,-0.004174
AGG,2006-09-01,distribution_like,0.003963,-0.003817,-0.003963
AGG,2006-10-02,distribution_like,0.004150,-0.003195,-0.004150
AGG,2006-11-01,distribution_like,0.004220,-0.002489,-0.004220
AGG,2006-12-01,distribution_like,0.003954,-0.002078,-0.003954
AGG,2006-12-27,distribution_like,0.003686,-0.006369,-0.003686
AGG,2007-02-01,distribution_like,0.003961,-0.003413,-0.003961
AGG,2007-03-01,distribution_like,0.003923,-0.004065,-0.003923
AGG,2007-04-02,distribution_like,0.003895,-0.002593,-0.003895
AGG,2007-05-01,distribution_like,0.003817,-0.004380,-0.003817
AGG,2007-06-01,distribution_like,0.004335,-0.005345,-0.004335
AGG,2007-07-02,distribution_like,0.004297,-0.001627,-0.004297
AGG,2007-08-01,distribution_like,0.004373,-0.006667,-0.004373
AGG,2007-09-04,distribution_like,0.004317,-0.005410,-0.004317
AGG,2007-10-01,distribution_like,0.004156,-0.007499,-0.004156
AGG,2007-11-01,distribution_like,0.004162,-0.001690,-0.004162
AGG,2007-12-03,distribution_like,0.004005,0.001274,-0.004005
AGG,2007-12-27,distribution_like,0.004088,0.001394,-0.004088
AGG,2008-02-01,distribution_like,0.004025,-0.005024,-0.004025
AGG,2008-03-03,distribution_like,0.003734,-0.003886,-0.003734
AGG,2008-04-01,distribution_like,0.004057,-0.010810,-0.004057
AGG,2008-05-01,distribution_like,0.003187,-0.004873,-0.003187
AGG,2008-06-02,distribution_like,0.003916,-0.000198,-0.003916
AGG,2008-07-01,distribution_like,0.003840,-0.007271,-0.003840
AGG,2008-08-01,distribution_like,0.004020,-0.005179,-0.004020
AGG,2008-09-02,distribution_like,0.003926,-0.000596,-0.003926
AGG,2008-10-01,distribution_like,0.003972,-0.011056,-0.003972
AGG,2008-11-03,distribution_like,0.004186,-0.020008,-0.004186
AGG,2008-12-01,distribution_like,0.004110,0.009954,-0.004110
AGG,2008-12-29,distribution_like,0.003640,0.004051,-0.003640
AGG,2009-02-02,distribution_like,0.003597,-0.005287,-0.003597
AGG,2009-03-02,distribution_like,0.003258,0.000099,-0.003258
AGG,2009-04-01,distribution_like,0.003471,-0.003942,-0.003471
AGG,2009-05-01,distribution_like,0.003247,-0.007084,-0.003247
AGG,2009-06-01,distribution_like,0.003028,-0.015388,-0.003028
AGG,2009-07-01,distribution_like,0.003358,-0.003720,-0.003358
AGG,2009-08-03,distribution_like,0.003250,-0.005335,-0.003250
AGG,2009-09-01,distribution_like,0.003202,-0.004903,-0.003202
AGG,2009-10-01,distribution_like,0.003271,-0.000953,-0.003271
AGG,2009-11-02,distribution_like,0.003100,-0.004675,-0.003100
AGG,2009-12-01,distribution_like,0.003346,-0.005764,-0.003346
AGG,2009-12-29,distribution_like,0.002934,-0.001744,-0.002934
AGG,2010-02-01,distribution_like,0.003135,-0.004491,-0.003135
AGG,2010-03-01,distribution_like,0.003100,-0.001626,-0.003100
AGG,2010-04-01,distribution_like,0.003090,-0.003455,-0.003090
AGG,2010-05-03,distribution_like,0.002984,-0.004862,-0.002984
AGG,2010-06-01,distribution_like,0.003075,-0.001419,-0.003075
AGG,2010-07-01,distribution_like,0.002937,-0.003450,-0.002937
AGG,2010-08-02,distribution_like,0.002733,-0.004080,-0.002733
AGG,2010-09-01,distribution_like,0.002743,-0.004865,-0.002743
AGG,2010-10-01,distribution_like,0.002445,-0.003590,-0.002445
AGG,2010-11-01,distribution_like,0.002549,-0.002948,-0.002549
AGG,2010-12-01,distribution_like,0.005177,-0.010338,-0.005177
AGG,2010-12-28,distribution_like,0.003268,-0.009089,-0.003268
AGG,2011-02-01,distribution_like,0.002999,-0.005111,-0.002999
AGG,2011-03-01,distribution_like,0.002705,-0.003502,-0.002705
AGG,2011-04-01,distribution_like,0.002986,-0.001617,-0.002986
AGG,2011-05-02,distribution_like,0.002979,-0.002442,-0.002979
AGG,2011-06-01,distribution_like,0.002921,0.001396,-0.002921
AGG,2011-07-01,distribution_like,0.002858,-0.002531,-0.002858
AGG,2011-08-01,distribution_like,0.002781,-0.000370,-0.002781
AGG,2011-09-01,distribution_like,0.002123,0.001096,-0.002123
AGG,2011-10-03,distribution_like,0.001993,0.002089,-0.001993
AGG,2011-11-01,distribution_like,0.002615,0.002181,-0.002615
AGG,2011-12-01,distribution_like,0.005313,-0.004937,-0.005313
AGG,2012-02-01,distribution_like,0.002483,-0.004232,-0.002483
AGG,2012-03-01,distribution_like,0.002507,-0.004514,-0.002507
AGG,2012-04-02,distribution_like,0.002217,-0.002094,-0.002217
AGG,2012-05-01,distribution_like,0.002084,-0.002441,-0.002084
AGG,2012-06-01,distribution_like,0.002138,0.000359,-0.002138
AGG,2012-07-02,distribution_like,0.002008,-0.000090,-0.002008
AGG,2012-08-01,distribution_like,0.001958,-0.003109,-0.001958
AGG,2012-09-04,distribution_like,0.001953,-0.002136,-0.001953
AGG,2012-10-01,distribution_like,0.001844,-0.002223,-0.001844
AGG,2012-11-01,distribution_like,0.002171,-0.003476,-0.002171
AGG,2012-12-03,distribution_like,0.005969,-0.005791,-0.005969
AGG,2012-12-26,distribution_like,0.002074,-0.000720,-0.002074
AGG,2013-02-01,distribution_like,0.001915,-0.004076,-0.001915
AGG,2013-03-01,distribution_like,0.001890,-0.001534,-0.001890
AGG,2013-04-01,distribution_like,0.002355,-0.001445,-0.002355
AGG,2013-05-01,distribution_like,0.001813,-0.001345,-0.001813
AGG,2013-06-03,distribution_like,0.001790,-0.001283,-0.001790
AGG,2013-07-01,distribution_like,0.001851,-0.000466,-0.001851
AGG,2013-08-01,distribution_like,0.001914,-0.007549,-0.001914
AGG,2013-09-03,distribution_like,0.001868,-0.004331,-0.001868
AGG,2013-10-01,distribution_like,0.001785,-0.002519,-0.001785
AGG,2013-11-01,distribution_like,0.001764,-0.004171,-0.001764
AGG,2013-12-02,distribution_like,0.001892,-0.005678,-0.001892
AGG,2013-12-26,distribution_like,0.001973,-0.002531,-0.001973
AGG,2014-02-03,distribution_like,0.001910,0.001481,-0.001910
AGG,2014-03-03,distribution_like,0.001851,0.000739,-0.001851
AGG,2014-04-01,distribution_like,0.001903,-0.003429,-0.001903
AGG,2014-05-01,distribution_like,0.001826,-0.000368,-0.001826
AGG,2014-06-02,distribution_like,0.001891,-0.004924,-0.001891
AGG,2014-07-01,distribution_like,0.001795,-0.003016,-0.001795
AGG,2014-08-01,distribution_like,0.001840,0.001928,-0.001840
AGG,2014-09-02,distribution_like,0.001776,-0.004819,-0.001776
AGG,2014-10-01,distribution_like,0.001735,0.003849,-0.001735
AGG,2014-11-03,distribution_like,0.001747,-0.003634,-0.001747
AGG,2014-12-01,distribution_like,0.002556,-0.004792,-0.002556
AGG,2014-12-24,distribution_like,0.003368,-0.002274,-0.003368
AGG,2015-02-02,distribution_like,0.001569,-0.001602,-0.001569
AGG,2015-03-02,distribution_like,0.001675,-0.006745,-0.001675
AGG,2015-04-01,distribution_like,0.001898,0.001346,-0.001898
AGG,2015-05-01,distribution_like,0.001861,-0.004691,-0.001861
AGG,2015-06-01,distribution_like,0.001874,-0.004629,-0.001874
AGG,2015-07-01,distribution_like,0.001989,-0.004504,-0.001989
AGG,2015-08-03,distribution_like,0.001949,-0.000913,-0.001949
AGG,2015-09-01,distribution_like,0.002042,0.000918,-0.002042
AGG,2015-10-01,distribution_like,0.001874,-0.001095,-0.001874
AGG,2015-11-02,distribution_like,0.001968,-0.003929,-0.001968
AGG,2015-12-01,distribution_like,0.003412,0.000092,-0.003412
AGG,2015-12-24,distribution_like,0.002056,-0.001571,-0.002056
AGG,2016-02-01,distribution_like,0.002090,-0.003292,-0.002090
AGG,2016-03-01,distribution_like,0.002011,-0.004996,-0.002011
AGG,2016-04-01,distribution_like,0.002007,-0.002887,-0.002007
AGG,2016-05-02,distribution_like,0.001851,-0.002525,-0.001851
AGG,2016-06-01,distribution_like,0.001973,-0.002529,-0.001973
AGG,2016-07-01,distribution_like,0.001886,0.000266,-0.001886
AGG,2016-08-01,distribution_like,0.001835,-0.004158,-0.001835
AGG,2016-09-01,distribution_like,0.001851,-0.000977,-0.001851
AGG,2016-10-03,distribution_like,0.001809,-0.002935,-0.001809
AGG,2016-11-01,distribution_like,0.001890,-0.002426,-0.001890
AGG,2016-12-01,distribution_like,0.001888,-0.005174,-0.001888
AGG,2016-12-22,distribution_like,0.002319,-0.002323,-0.002319
AGG,2017-02-01,distribution_like,0.002017,-0.003417,-0.002017
AGG,2017-03-01,distribution_like,0.002027,-0.006711,-0.002027
AGG,2017-04-03,distribution_like,0.002051,0.001659,-0.002051
AGG,2017-05-01,distribution_like,0.002192,-0.004760,-0.002192
AGG,2017-06-01,distribution_like,0.002099,-0.002551,-0.002099
AGG,2017-07-03,distribution_like,0.002058,-0.003835,-0.002058
AGG,2017-08-01,distribution_like,0.002102,0.000638,-0.002102
AGG,2017-09-01,distribution_like,0.002087,-0.004346,-0.002087
AGG,2017-10-02,distribution_like,0.002076,-0.001460,-0.002076
AGG,2017-11-01,distribution_like,0.002087,-0.001644,-0.002087
AGG,2017-12-01,distribution_like,0.002122,0.000733,-0.002122
AGG,2018-02-01,distribution_like,0.002244,-0.005365,-0.002244
AGG,2018-03-01,distribution_like,0.002206,-0.001311,-0.002206
AGG,2018-04-02,distribution_like,0.002271,-0.003263,-0.002271
AGG,2018-05-01,distribution_like,0.002269,-0.003113,-0.002269
AGG,2018-06-01,distribution_like,0.002344,-0.003569,-0.002344
AGG,2018-07-02,distribution_like,0.002158,-0.003104,-0.002158
AGG,2018-08-01,distribution_like,0.002372,-0.003394,-0.002372
AGG,2018-09-04,distribution_like,0.002185,-0.003289,-0.002185
AGG,2018-10-01,distribution_like,0.002394,-0.002654,-0.002394
AGG,2018-11-01,distribution_like,0.004929,-0.002390,-0.004929
AGG,2018-12-03,distribution_like,0.002399,-0.000763,-0.002399
AGG,2018-12-18,distribution_like,0.001990,0.000946,-0.001990
AGG,2019-02-01,distribution_like,0.002500,-0.004560,-0.002500
AGG,2019-03-01,distribution_like,0.002500,-0.004109,-0.002500
AGG,2019-04-01,distribution_like,0.002408,-0.006968,-0.002408
AGG,2019-05-01,distribution_like,0.002400,-0.001750,-0.002400
AGG,2019-06-03,distribution_like,0.002361,0.000000,-0.002361
AGG,2019-07-01,distribution_like,0.002269,-0.001527,-0.002269
AGG,2019-08-01,distribution_like,0.002341,0.005481,-0.002341
AGG,2019-09-03,distribution_like,0.002310,-0.002541,-0.002310
AGG,2019-10-01,distribution_like,0.002258,-0.000442,-0.002258
AGG,2019-11-01,distribution_like,0.002224,-0.001944,-0.002224
AGG,2019-12-02,distribution_like,0.002184,-0.003278,-0.002184
AGG,2019-12-19,distribution_like,0.001703,-0.000623,-0.001703
AGG,2020-02-03,distribution_like,0.002124,-0.002442,-0.002124
AGG,2020-03-02,distribution_like,0.002061,-0.002409,-0.002061
AGG,2020-04-01,distribution_like,0.002163,-0.005547,-0.002163
AGG,2020-05-01,distribution_like,0.002020,-0.001964,-0.002020
AGG,2020-06-01,distribution_like,0.001822,-0.002380,-0.001822
AGG,2020-07-01,distribution_like,0.001890,-0.001353,-0.001890
AGG,2020-08-03,distribution_like,0.001735,-0.001338,-0.001735
AGG,2020-09-01,distribution_like,0.001650,0.000422,-0.001650
AGG,2020-10-01,distribution_like,0.001714,-0.000339,-0.001714
AGG,2020-11-02,distribution_like,0.001641,0.000171,-0.001641
AGG,2020-12-01,distribution_like,0.001742,-0.004898,-0.001742
AGG,2020-12-17,distribution_like,0.001060,-0.001102,-0.001060
AGG,2021-02-01,distribution_like,0.001640,-0.000682,-0.001640
AGG,2021-03-01,distribution_like,0.001650,-0.002168,-0.001650
AGG,2021-04-01,distribution_like,0.001513,0.001845,-0.001513
AGG,2021-05-03,distribution_like,0.001513,-0.000873,-0.001513
AGG,2021-06-01,distribution_like,0.001460,-0.001921,-0.001460
AGG,2021-07-01,distribution_like,0.001355,-0.001908,-0.001355
AGG,2021-08-02,distribution_like,0.001436,0.000687,-0.001436
AGG,2021-09-01,distribution_like,0.001441,-0.001120,-0.001441
AGG,2021-10-01,distribution_like,0.001570,0.001480,-0.001570
AGG,2021-11-01,distribution_like,0.001573,-0.002181,-0.001573
AGG,2021-12-01,distribution_like,0.001414,-0.001220,-0.001414
AGG,2021-12-16,distribution_like,0.001024,0.000350,-0.001024
AGG,2022-02-01,distribution_like,0.001442,-0.001789,-0.001442
AGG,2022-03-01,distribution_like,0.001461,0.004168,-0.001461
AGG,2022-04-01,distribution_like,0.001496,-0.003268,-0.001496
AGG,2022-05-02,distribution_like,0.001763,-0.007194,-0.001763
AGG,2022-06-01,distribution_like,0.001801,-0.005895,-0.001801
AGG,2022-07-01,distribution_like,0.001832,0.006491,-0.001832
AGG,2022-08-01,distribution_like,0.001926,0.001537,-0.001926
AGG,2022-09-01,distribution_like,0.002030,-0.006355,-0.002030
AGG,2022-10-03,distribution_like,0.002195,0.005917,-0.002195
AGG,2022-11-01,distribution_like,0.002281,-0.000422,-0.002281
AGG,2022-12-01,distribution_like,0.002305,0.006003,-0.002305
AGG,2022-12-15,distribution_like,0.002272,-0.000803,-0.002272
AGG,2023-02-01,distribution_like,0.002451,0.004590,-0.002451
AGG,2023-03-01,distribution_like,0.002411,-0.008118,-0.002411
AGG,2023-04-03,distribution_like,0.002535,0.001807,-0.002535
AGG,2023-05-01,distribution_like,0.002497,-0.012705,-0.002497
AGG,2023-06-01,distribution_like,0.002625,0.000406,-0.002625
AGG,2023-07-03,distribution_like,0.002610,-0.003777,-0.002610
AGG,2023-08-01,distribution_like,0.002720,-0.009316,-0.002720
AGG,2023-09-01,distribution_like,0.002694,-0.007851,-0.002694
AGG,2023-10-02,distribution_like,0.002740,-0.009677,-0.002740
AGG,2023-11-01,distribution_like,0.003010,0.008017,-0.003010
AGG,2023-12-01,distribution_like,0.002855,0.005921,-0.002855
AGG,2023-12-14,distribution_like,0.002874,0.005182,-0.002874
AGG,2024-02-01,distribution_like,0.002966,0.002725,-0.002966
AGG,2024-03-01,distribution_like,0.002946,0.001849,-0.002946
AGG,2024-04-01,distribution_like,0.002970,-0.010210,-0.002970
AGG,2024-05-01,distribution_like,0.003107,0.000420,-0.003107
AGG,2024-06-03,distribution_like,0.003139,0.002901,-0.003139
AGG,2024-07-01,distribution_like,0.003111,-0.008448,-0.003111
AGG,2024-08-01,distribution_like,0.003077,0.001110,-0.003077
AGG,2024-09-03,distribution_like,0.003122,0.001097,-0.003122
AGG,2024-10-01,distribution_like,0.003041,-0.000395,-0.003041
AGG,2024-11-01,distribution_like,0.003160,-0.007112,-0.003160
AGG,2024-12-02,distribution_like,0.003155,-0.003024,-0.003155
AGG,2024-12-18,distribution_like,0.003235,-0.010815,-0.003235
AGG,2025-02-03,distribution_like,0.003317,-0.002361,-0.003317
AGG,2025-03-03,distribution_like,0.003072,-0.000907,-0.003072
AGG,2025-04-01,distribution_like,0.003296,0.000404,-0.003296
AGG,2025-05-01,distribution_like,0.003253,-0.005958,-0.003253
AGG,2025-06-02,distribution_like,0.003303,-0.005912,-0.003303
AGG,2025-07-01,distribution_like,0.003226,-0.004133,-0.003226
AGG,2025-08-01,distribution_like,0.003358,0.005273,-0.003358
AGG,2025-09-02,distribution_like,0.003299,-0.005932,-0.003299
AGG,2025-10-01,distribution_like,0.003252,-0.000698,-0.003252
AGG,2025-11-03,distribution_like,0.003263,-0.004476,-0.003263
AGG,2025-12-01,distribution_like,0.003244,-0.007538,-0.003244
AGG,2025-12-19,distribution_like,0.003340,-0.004785,-0.003340
AGG,2026-02-02,distribution_like,0.003256,-0.004394,-0.003256
AGG,2026-03-02,distribution_like,0.003126,-0.007101,-0.003126
AGG,2026-04-01,distribution_like,0.003406,-0.002720,-0.003406
AGG,2026-05-01,distribution_like,0.003341,-0.002018,-0.003341
AGG,2026-06-01,distribution_like,0.003353,-0.003836,-0.003353
AGG,2026-07-01,distribution_like,0.003355,-0.004849,-0.003355
AGG,2026-08-03,distribution_like,0.003483,-0.001130,-0.003483
AGG,2026-09-01,distribution_like,0.003472,-0.006570,-0.003472
LQD,2006-02-01,distribution_like,0.003830,-0.003544,-0.003830
LQD,2006-03-01,distribution_like,0.004079,-0.007904,-0.004079
LQD,2006-04-03,distribution_like,0.004177,-0.003324,-0.004177
LQD,2006-05-01,distribution_like,0.004435,-0.009460,-0.004435
LQD,2006-06-01,distribution_like,0.004162,-0.002404,-0.004162
LQD,2006-07-03,distribution_like,0.004397,-0.005606,-0.004397
LQD,2006-08-01,distribution_like,0.004382,-0.002966,-0.004382
LQD,2006-09-01,distribution_like,0.004477,-0.005640,-0.004477
LQD,2006-10-02,distribution_like,0.004466,-0.002808,-0.004466
LQD,2006-11-01,distribution_like,0.004329,-0.001024,-0.004329
LQD,2006-12-01,distribution_like,0.004136,-0.002949,-0.004136
LQD,2006-12-27,distribution_like,0.003980,-0.007148,-0.003980
LQD,2007-02-01,distribution_like,0.004298,-0.004683,-0.004298
LQD,2007-03-01,distribution_like,0.004176,-0.003965,-0.004176
LQD,2007-04-02,distribution_like,0.004608,-0.004009,-0.004608
LQD,2007-05-01,distribution_like,0.004476,-0.005013,-0.004476
LQD,2007-06-01,distribution_like,0.004705,-0.008496,-0.004705
LQD,2007-07-02,distribution_like,0.004534,-0.006980,-0.004534
LQD,2007-08-01,distribution_like,0.004789,-0.001550,-0.004789
LQD,2007-09-04,distribution_like,0.004661,-0.006843,-0.004661
LQD,2007-10-01,distribution_like,0.004601,-0.010996,-0.004601
LQD,2007-11-01,distribution_like,0.004510,0.003113,-0.004510
LQD,2007-12-03,distribution_like,0.004306,-0.003939,-0.004306
LQD,2007-12-27,distribution_like,0.004483,0.001440,-0.004483
LQD,2008-02-01,distribution_like,0.004615,-0.000372,-0.004615
LQD,2008-03-03,distribution_like,0.004233,-0.004234,-0.004233
LQD,2008-04-01,distribution_like,0.004900,-0.006464,-0.004900
LQD,2008-05-01,distribution_like,0.004387,0.001510,-0.004387
LQD,2008-06-02,distribution_like,0.004605,-0.001163,-0.004605
LQD,2008-07-01,distribution_like,0.004299,-0.004734,-0.004299
LQD,2008-08-01,distribution_like,0.004618,-0.008189,-0.004618
LQD,2008-09-02,distribution_like,0.004543,-0.000594,-0.004543
LQD,2008-10-01,distribution_like,0.004531,0.004678,-0.004531
LQD,2008-11-03,distribution_like,0.004987,0.003195,-0.004987
LQD,2008-12-01,distribution_like,0.005039,0.010539,-0.005039
LQD,2008-12-29,distribution_like,0.004209,-0.001092,-0.004209
LQD,2009-02-02,distribution_like,0.004944,-0.009718,-0.004944
LQD,2009-03-02,distribution_like,0.005146,-0.004992,-0.005146
LQD,2009-04-01,distribution_like,0.005545,-0.007012,-0.005545
LQD,2009-05-01,distribution_like,0.004889,-0.002391,-0.004889
LQD,2009-06-01,distribution_like,0.005007,-0.005309,-0.005007
LQD,2009-07-01,distribution_like,0.004458,-0.005784,-0.004458
LQD,2009-08-03,distribution_like,0.004732,-0.013977,-0.004732
LQD,2009-09-01,distribution_like,0.004713,-0.009684,-0.004713
LQD,2009-10-01,distribution_like,0.004444,-0.014623,-0.004444
LQD,2009-11-02,distribution_like,0.004601,-0.006056,-0.004601
LQD,2009-12-01,distribution_like,0.004269,-0.009231,-0.004269
LQD,2009-12-29,distribution_like,0.004190,-0.001151,-0.004190
LQD,2010-02-01,distribution_like,0.004305,-0.008724,-0.004305
LQD,2010-03-01,distribution_like,0.004235,-0.002938,-0.004235
LQD,2010-04-01,distribution_like,0.004453,-0.002269,-0.004453
LQD,2010-05-03,distribution_like,0.004230,-0.003914,-0.004230
LQD,2010-06-01,distribution_like,0.004219,-0.005026,-0.004219
LQD,2010-07-01,distribution_like,0.004073,-0.002950,-0.004073
LQD,2010-08-02,distribution_like,0.003977,-0.006074,-0.003977
LQD,2010-09-01,distribution_like,0.003767,-0.011239,-0.003767
LQD,2010-10-01,distribution_like,0.003853,-0.008666,-0.003853
LQD,2010-11-01,distribution_like,0.003860,-0.004183,-0.003860
LQD,2010-12-01,distribution_like,0.003883,-0.006084,-0.003883
LQD,2010-12-28,distribution_like,0.003957,-0.011878,-0.003957
LQD,2011-02-01,distribution_like,0.003952,-0.005254,-0.003952
LQD,2011-03-01,distribution_like,0.003972,-0.003937,-0.003972
LQD,2011-04-01,distribution_like,0.003981,0.000739,-0.003981
LQD,2011-05-02,distribution_like,0.003881,-0.001539,-0.003881
LQD,2011-06-01,distribution_like,0.003828,0.001167,-0.003828
LQD,2011-07-01,distribution_like,0.003884,-0.003814,-0.003884
LQD,2011-08-01,distribution_like,0.003761,-0.000801,-0.003761
LQD,2011-09-01,distribution_like,0.003691,-0.002938,-0.003691
LQD,2011-10-03,distribution_like,0.003736,-0.001870,-0.003736
LQD,2011-11-01,distribution_like,0.003517,0.001482,-0.003517
LQD,2011-12-01,distribution_like,0.003499,-0.001174,-0.003499
LQD,2011-12-27,distribution_like,0.003442,0.000354,-0.003442
LQD,2012-02-01,distribution_like,0.003376,0.000602,-0.003376
LQD,2012-03-01,distribution_like,0.003436,-0.005777,-0.003436
LQD,2012-04-02,distribution_like,0.003446,-0.000865,-0.003446
LQD,2012-05-01,distribution_like,0.003350,-0.005237,-0.003350
LQD,2012-06-01,distribution_like,0.003398,0.002736,-0.003398
LQD,2012-07-02,distribution_like,0.003345,0.001956,-0.003345
LQD,2012-08-01,distribution_like,0.003185,-0.004288,-0.003185
LQD,2012-09-04,distribution_like,0.003196,-0.005545,-0.003196
LQD,2012-10-01,distribution_like,0.003164,-0.000493,-0.003164
LQD,2012-12-03,distribution_like,0.003080,-0.001965,-0.003080
LQD,2012-12-26,distribution_like,0.002997,-0.001568,-0.002997
LQD,2013-02-01,distribution_like,0.003116,-0.005694,-0.003116
LQD,2013-03-01,distribution_like,0.003119,-0.000831,-0.003119
LQD,2013-04-01,distribution_like,0.003077,-0.004504,-0.003077
LQD,2013-05-01,distribution_like,0.002973,0.001474,-0.002973
LQD,2013-06-03,distribution_like,0.003072,-0.005685,-0.003072
LQD,2013-07-01,distribution_like,0.003204,-0.000616,-0.003204
LQD,2013-08-01,distribution_like,0.003066,-0.011001,-0.003066
LQD,2013-09-03,distribution_like,0.003248,-0.007165,-0.003248
LQD,2013-10-01,distribution_like,0.003234,-0.004228,-0.003234
LQD,2013-11-01,distribution_like,0.003310,-0.005990,-0.003310
LQD,2013-12-02,distribution_like,0.003221,-0.007937,-0.003221
LQD,2013-12-26,distribution_like,0.003044,-0.003750,-0.003044
LQD,2014-02-03,distribution_like,0.003000,0.003438,-0.003000
LQD,2014-03-03,distribution_like,0.002958,-0.000341,-0.002958
LQD,2014-04-01,distribution_like,0.002916,-0.005387,-0.002916
LQD,2014-05-01,distribution_like,0.002921,0.001270,-0.002921
LQD,2014-06-02,distribution_like,0.002834,-0.008362,-0.002834
LQD,2014-07-01,distribution_like,0.002775,-0.006624,-0.002775
LQD,2014-08-01,distribution_like,0.002867,0.002277,-0.002867
LQD,2014-09-02,distribution_like,0.002811,-0.007547,-0.002811
LQD,2014-10-01,distribution_like,0.002842,0.003214,-0.002842
LQD,2014-11-03,distribution_like,0.002815,-0.004776,-0.002815
LQD,2014-12-01,distribution_like,0.002797,-0.006245,-0.002797
LQD,2014-12-24,distribution_like,0.002717,0.000505,-0.002717
LQD,2015-02-02,distribution_like,0.002711,-0.001776,-0.002711
LQD,2015-03-02,distribution_like,0.002692,-0.011330,-0.002692
LQD,2015-04-01,distribution_like,0.002710,0.000164,-0.002710
LQD,2015-05-01,distribution_like,0.002759,-0.008254,-0.002759
LQD,2015-06-01,distribution_like,0.002789,-0.008371,-0.002789
LQD,2015-07-01,distribution_like,0.002860,-0.006049,-0.002860
LQD,2015-08-03,distribution_like,0.002845,-0.000516,-0.002845
LQD,2015-09-01,distribution_like,0.002919,0.003129,-0.002919
LQD,2015-10-01,distribution_like,0.002885,-0.003101,-0.002885
LQD,2015-11-02,distribution_like,0.002851,-0.007129,-0.002851
LQD,2015-12-01,distribution_like,0.002846,0.004659,-0.002846
LQD,2015-12-24,distribution_like,0.002821,0.000437,-0.002821
LQD,2016-02-01,distribution_like,0.002960,-0.006132,-0.002960
LQD,2016-03-01,distribution_like,0.002921,-0.008347,-0.002921
LQD,2016-04-01,distribution_like,0.002802,0.000421,-0.002802
LQD,2016-05-02,distribution_like,0.002708,-0.003989,-0.002708
LQD,2016-06-01,distribution_like,0.002805,-0.002094,-0.002805
LQD,2016-07-01,distribution_like,0.002705,0.002526,-0.002705
LQD,2016-08-01,distribution_like,0.002612,-0.008226,-0.002612
LQD,2016-09-01,distribution_like,0.002590,-0.002583,-0.002590
LQD,2016-10-03,distribution_like,0.002620,-0.005439,-0.002620
LQD,2016-11-01,distribution_like,0.002635,-0.003885,-0.002635
LQD,2016-12-01,distribution_like,0.002721,-0.008302,-0.002721
LQD,2016-12-22,distribution_like,0.002738,-0.002662,-0.002738
LQD,2017-02-01,distribution_like,0.002700,-0.003920,-0.002700
LQD,2017-03-01,distribution_like,0.002714,-0.008602,-0.002714
LQD,2017-04-03,distribution_like,0.002704,0.001781,-0.002704
LQD,2017-05-01,distribution_like,0.002714,-0.005799,-0.002714
LQD,2017-06-01,distribution_like,0.002635,-0.002412,-0.002635
LQD,2017-07-03,distribution_like,0.002663,-0.004813,-0.002663
LQD,2017-08-01,distribution_like,0.002633,0.000991,-0.002633
LQD,2017-09-01,distribution_like,0.002638,-0.006578,-0.002638
LQD,2017-10-02,distribution_like,0.002671,-0.001732,-0.002671
LQD,2017-11-01,distribution_like,0.002657,-0.001073,-0.002657
LQD,2017-12-01,distribution_like,0.002676,0.000414,-0.002676
LQD,2017-12-21,distribution_like,0.002112,0.000581,-0.002112
LQD,2018-02-01,distribution_like,0.002681,-0.007079,-0.002681
LQD,2018-03-01,distribution_like,0.002827,-0.003844,-0.002827
LQD,2018-04-02,distribution_like,0.002879,-0.003407,-0.002879
LQD,2018-05-01,distribution_like,0.002863,-0.005555,-0.002863
LQD,2018-06-01,distribution_like,0.003118,-0.005022,-0.003118
LQD,2018-07-02,distribution_like,0.003020,-0.002880,-0.003020
LQD,2018-08-01,distribution_like,0.002972,-0.006479,-0.002972
LQD,2018-09-04,distribution_like,0.003024,-0.004851,-0.003024
LQD,2018-10-01,distribution_like,0.003072,-0.004438,-0.003072
LQD,2018-11-01,distribution_like,0.003299,-0.000267,-0.003299
LQD,2018-12-03,distribution_like,0.003177,0.000538,-0.003177
LQD,2018-12-18,distribution_like,0.003129,0.000443,-0.003129
LQD,2019-02-01,distribution_like,0.003036,-0.005402,-0.003036
LQD,2019-03-01,distribution_like,0.003095,-0.004826,-0.003095
LQD,2019-04-01,distribution_like,0.003016,-0.006719,-0.003016
LQD,2019-05-01,distribution_like,0.002962,-0.003271,-0.002962
LQD,2019-06-03,distribution_like,0.003080,0.000000,-0.003080
LQD,2019-07-01,distribution_like,0.002863,-0.000965,-0.002863
LQD,2019-08-01,distribution_like,0.002807,0.005308,-0.002807
LQD,2019-09-03,distribution_like,0.002718,-0.003649,-0.002718
LQD,2019-10-01,distribution_like,0.002642,-0.001490,-0.002642
LQD,2019-11-01,distribution_like,0.002709,-0.001723,-0.002709
LQD,2019-12-02,distribution_like,0.002711,-0.007033,-0.002711
LQD,2019-12-19,distribution_like,0.002634,-0.001642,-0.002634
LQD,2020-02-03,distribution_like,0.002577,-0.003356,-0.002577
LQD,2020-03-02,distribution_like,0.002647,-0.003631,-0.002647
LQD,2020-04-01,distribution_like,0.002516,-0.017003,-0.002516
LQD,2020-05-01,distribution_like,0.002483,-0.006426,-0.002483
LQD,2020-06-01,distribution_like,0.002445,-0.002878,-0.002445
LQD,2020-07-01,distribution_like,0.002311,0.001636,-0.002311
LQD,2020-08-03,distribution_like,0.002137,-0.000795,-0.002137
LQD,2020-09-01,distribution_like,0.002180,0.004130,-0.002180
LQD,2020-10-01,distribution_like,0.002187,0.000594,-0.002187
LQD,2020-11-02,distribution_like,0.002121,0.001795,-0.002121
LQD,2020-12-01,distribution_like,0.001997,-0.005777,-0.001997
LQD,2020-12-17,distribution_like,0.002043,-0.000583,-0.002043
LQD,2021-02-01,distribution_like,0.001973,0.000000,-0.001973
LQD,2021-03-01,distribution_like,0.002037,-0.001058,-0.002037
LQD,2021-04-01,distribution_like,0.001956,0.004306,-0.001956
LQD,2021-05-03,distribution_like,0.001948,0.000458,-0.001948
LQD,2021-06-01,distribution_like,0.001955,-0.001822,-0.001955
LQD,2021-07-01,distribution_like,0.001887,-0.002754,-0.001887
LQD,2021-08-02,distribution_like,0.001790,0.001103,-0.001790
LQD,2021-09-01,distribution_like,0.001732,-0.000443,-0.001732
LQD,2021-10-01,distribution_like,0.001920,0.005337,-0.001920
LQD,2021-11-01,distribution_like,0.001966,-0.003746,-0.001966
LQD,2021-12-01,distribution_like,0.001799,-0.001653,-0.001799
LQD,2021-12-16,distribution_like,0.001929,-0.001956,-0.001929
LQD,2022-02-01,distribution_like,0.001898,-0.000235,-0.001898
LQD,2022-03-01,distribution_like,0.002055,0.001362,-0.002055
LQD,2022-04-01,distribution_like,0.002113,0.001240,-0.002113
LQD,2022-05-02,distribution_like,0.002261,-0.008170,-0.002261
LQD,2022-06-01,distribution_like,0.002400,-0.008214,-0.002400
LQD,2022-07-01,distribution_like,0.002706,0.009906,-0.002706
LQD,2022-08-01,distribution_like,0.002414,-0.000436,-0.002414
LQD,2022-09-01,distribution_like,0.002790,-0.008786,-0.002790
LQD,2022-10-03,distribution_like,0.003320,0.015129,-0.003320
LQD,2022-11-01,distribution_like,0.003038,0.004144,-0.003038
LQD,2022-12-01,distribution_like,0.003202,0.009280,-0.003202
LQD,2022-12-15,distribution_like,0.003034,-0.002186,-0.003034
LQD,2023-02-01,distribution_like,0.003094,0.007035,-0.003094
LQD,2023-03-01,distribution_like,0.003524,-0.009724,-0.003524
LQD,2023-04-03,distribution_like,0.003111,0.002919,-0.003111
LQD,2023-05-01,distribution_like,0.003396,-0.019467,-0.003396
LQD,2023-06-01,distribution_like,0.003254,-0.000186,-0.003254
LQD,2023-07-03,distribution_like,0.003228,-0.006011,-0.003228
LQD,2023-08-01,distribution_like,0.003433,-0.013352,-0.003433
LQD,2023-09-01,distribution_like,0.003564,-0.010644,-0.003564
LQD,2023-10-02,distribution_like,0.003926,-0.013037,-0.003926
LQD,2023-11-01,distribution_like,0.003684,0.010588,-0.003684
LQD,2023-12-01,distribution_like,0.003730,0.008279,-0.003730
LQD,2023-12-14,distribution_like,0.003594,0.007016,-0.003594
LQD,2024-02-01,distribution_like,0.003544,0.004175,-0.003544
LQD,2024-03-01,distribution_like,0.003664,0.002415,-0.003664
LQD,2024-04-01,distribution_like,0.003788,-0.013312,-0.003788
LQD,2024-05-01,distribution_like,0.003968,0.000191,-0.003968
LQD,2024-06-03,distribution_like,0.003803,0.003087,-0.003803
LQD,2024-07-01,distribution_like,0.003523,-0.009429,-0.003523
LQD,2024-08-01,distribution_like,0.003591,-0.000274,-0.003591
LQD,2024-09-03,distribution_like,0.003655,-0.000629,-0.003655
LQD,2024-10-01,distribution_like,0.003651,0.001151,-0.003651
LQD,2024-11-01,distribution_like,0.003545,-0.008992,-0.003545
LQD,2024-12-02,distribution_like,0.003476,-0.001900,-0.003476
LQD,2024-12-18,distribution_like,0.003549,-0.015891,-0.003549
LQD,2025-02-03,distribution_like,0.003633,-0.002047,-0.003633
LQD,2025-03-03,distribution_like,0.003800,-0.000639,-0.003800
LQD,2025-04-01,distribution_like,0.003851,-0.000276,-0.003851
LQD,2025-05-01,distribution_like,0.004017,-0.007501,-0.004017
LQD,2025-06-02,distribution_like,0.003688,-0.006495,-0.003688
LQD,2025-07-01,distribution_like,0.003681,-0.002463,-0.003681
LQD,2025-08-01,distribution_like,0.004086,0.004766,-0.004086
LQD,2025-09-02,distribution_like,0.003510,-0.006831,-0.003510
LQD,2025-10-01,distribution_like,0.003656,0.000359,-0.003656
LQD,2025-11-03,distribution_like,0.003627,-0.006293,-0.003627
LQD,2025-12-01,distribution_like,0.003706,-0.009029,-0.003706
LQD,2025-12-19,distribution_like,0.003949,-0.006495,-0.003949
LQD,2026-02-02,distribution_like,0.003704,-0.004612,-0.003704
LQD,2026-03-02,distribution_like,0.003441,-0.006805,-0.003441
LQD,2026-04-01,distribution_like,0.004109,-0.003028,-0.004109
LQD,2026-05-01,distribution_like,0.003920,-0.002297,-0.003920
LQD,2026-06-01,distribution_like,0.003791,-0.003932,-0.003791
LQD,2026-07-01,distribution_like,0.003515,-0.005593,-0.003515
LQD,2026-08-03,distribution_like,0.004329,-0.001318,-0.004329
LQD,2026-09-01,distribution_like,0.004198,-0.009321,-0.004198
HYG,2007-05-01,distribution_like,0.002781,-0.002651,-0.002781
HYG,2007-06-01,distribution_like,0.005575,-0.005676,-0.005575
HYG,2007-07-02,distribution_like,0.005958,0.001866,-0.005958
HYG,2007-08-01,distribution_like,0.006518,-0.008532,-0.006518
HYG,2007-09-04,distribution_like,0.006166,0.000787,-0.006166
HYG,2007-10-01,distribution_like,0.006241,-0.002404,-0.006241
HYG,2007-11-01,distribution_like,0.006591,-0.013000,-0.006591
HYG,2007-12-03,distribution_like,0.006333,0.003725,-0.006333
HYG,2007-12-27,distribution_like,0.005604,0.000986,-0.005604
HYG,2008-02-01,distribution_like,0.006760,-0.006169,-0.006760
HYG,2008-03-03,distribution_like,0.006433,-0.006122,-0.006433
HYG,2008-04-01,distribution_like,0.006685,-0.002276,-0.006685
HYG,2008-05-01,distribution_like,0.005753,0.015409,-0.005753
HYG,2008-06-02,distribution_like,0.006496,-0.014661,-0.006496
HYG,2008-07-01,distribution_like,0.006973,-0.007979,-0.006973
HYG,2008-08-01,distribution_like,0.007111,-0.011502,-0.007111
HYG,2008-09-02,distribution_like,0.006755,-0.006493,-0.006755
HYG,2008-10-01,distribution_like,0.008486,0.034756,-0.008486
HYG,2008-11-03,distribution_like,0.009676,-0.001528,-0.009676
HYG,2008-12-01,distribution_like,0.010648,-0.030943,-0.010648
HYG,2008-12-29,distribution_like,0.007006,-0.000266,-0.007006
HYG,2009-02-02,distribution_like,0.010110,-0.031100,-0.010110
HYG,2009-03-02,distribution_like,0.010807,-0.031227,-0.010807
HYG,2009-04-01,distribution_like,0.012031,-0.010325,-0.012031
HYG,2009-05-01,distribution_like,0.007809,-0.009309,-0.007809
HYG,2009-06-01,distribution_like,0.009271,0.014260,-0.009271
HYG,2009-07-01,distribution_like,0.009180,-0.006649,-0.009180
HYG,2009-08-03,distribution_like,0.008466,-0.006513,-0.008466
HYG,2009-09-01,distribution_like,0.008615,-0.017857,-0.008615
HYG,2009-10-01,distribution_like,0.008232,-0.034279,-0.008232
HYG,2009-11-02,distribution_like,0.008321,-0.000470,-0.008321
HYG,2009-12-01,distribution_like,0.007294,-0.002328,-0.007294
HYG,2009-12-29,distribution_like,0.006605,-0.011880,-0.006605
HYG,2010-02-01,distribution_like,0.007748,-0.002899,-0.007748
HYG,2010-03-01,distribution_like,0.007466,-0.006654,-0.007466
HYG,2010-04-01,distribution_like,0.007502,-0.009845,-0.007502
HYG,2010-05-03,distribution_like,0.007210,-0.007271,-0.007210
HYG,2010-06-01,distribution_like,0.007658,-0.012292,-0.007658
HYG,2010-07-01,distribution_like,0.007393,-0.002591,-0.007393
HYG,2010-08-02,distribution_like,0.006805,-0.001580,-0.006805
HYG,2010-09-01,distribution_like,0.007223,0.003557,-0.007223
HYG,2010-10-01,distribution_like,0.006589,-0.005240,-0.006589
HYG,2010-11-01,distribution_like,0.006668,-0.008486,-0.006668
HYG,2010-12-01,distribution_like,0.006651,0.002585,-0.006651
HYG,2010-12-28,distribution_like,0.006435,-0.005762,-0.006435
HYG,2011-02-01,distribution_like,0.006459,-0.004467,-0.006459
HYG,2011-03-01,distribution_like,0.006298,-0.007784,-0.006298
HYG,2011-04-01,distribution_like,0.006237,-0.007395,-0.006237
HYG,2011-05-02,distribution_like,0.006209,-0.006677,-0.006209
HYG,2011-06-01,distribution_like,0.006164,-0.011905,-0.006164
HYG,2011-07-01,distribution_like,0.006415,-0.001095,-0.006415
HYG,2011-08-01,distribution_like,0.006088,-0.003844,-0.006088
HYG,2011-09-01,distribution_like,0.006437,-0.007043,-0.006437
HYG,2011-10-03,distribution_like,0.006538,-0.018472,-0.006538
HYG,2011-11-01,distribution_like,0.005926,-0.023634,-0.005926
HYG,2011-12-01,distribution_like,0.006380,-0.001963,-0.006380
HYG,2011-12-27,distribution_like,0.006017,-0.002012,-0.006017
HYG,2012-02-01,distribution_like,0.005619,-0.003747,-0.005619
HYG,2012-03-01,distribution_like,0.005863,-0.004125,-0.005863
HYG,2012-04-02,distribution_like,0.006043,-0.004299,-0.006043
HYG,2012-05-01,distribution_like,0.005612,-0.004825,-0.005612
HYG,2012-06-01,distribution_like,0.006213,-0.014811,-0.006213
HYG,2012-07-02,distribution_like,0.005706,-0.004601,-0.005706
HYG,2012-08-01,distribution_like,0.005537,-0.000109,-0.005537
HYG,2012-09-04,distribution_like,0.005533,-0.005524,-0.005533
HYG,2012-10-01,distribution_like,0.005282,-0.006934,-0.005282
HYG,2012-12-03,distribution_like,0.005283,-0.000215,-0.005283
HYG,2012-12-26,distribution_like,0.005443,-0.003001,-0.005443
HYG,2013-02-01,distribution_like,0.005356,-0.002028,-0.005356
HYG,2013-03-01,distribution_like,0.005410,-0.003403,-0.005410
HYG,2013-04-01,distribution_like,0.005199,-0.003392,-0.005199
HYG,2013-05-01,distribution_like,0.004907,-0.006781,-0.004907
HYG,2013-06-03,distribution_like,0.005181,-0.006027,-0.005181
HYG,2013-07-01,distribution_like,0.005309,0.000110,-0.005309
HYG,2013-08-01,distribution_like,0.004896,-0.014304,-0.004896
HYG,2013-09-03,distribution_like,0.005283,-0.010509,-0.005283
HYG,2013-10-01,distribution_like,0.004883,-0.000546,-0.004883
HYG,2013-11-01,distribution_like,0.004840,-0.006529,-0.004840
HYG,2013-12-02,distribution_like,0.004840,-0.004496,-0.004840
HYG,2013-12-26,distribution_like,0.005040,-0.004080,-0.005040
HYG,2014-02-03,distribution_like,0.004978,-0.007936,-0.004978
HYG,2014-03-03,distribution_like,0.004901,-0.005794,-0.004901
HYG,2014-04-01,distribution_like,0.004736,-0.002860,-0.004736
HYG,2014-05-01,distribution_like,0.004504,-0.005512,-0.004504
HYG,2014-06-02,distribution_like,0.004534,-0.007680,-0.004534
HYG,2014-07-01,distribution_like,0.004379,-0.004097,-0.004379
HYG,2014-08-01,distribution_like,0.004682,-0.004758,-0.004682
HYG,2014-09-02,distribution_like,0.004585,-0.003396,-0.004585
HYG,2014-10-01,distribution_like,0.004271,-0.003154,-0.004271
HYG,2014-11-03,distribution_like,0.004385,-0.002270,-0.004385
HYG,2014-12-01,distribution_like,0.004596,-0.014594,-0.004596
HYG,2014-12-24,distribution_like,0.004292,-0.000886,-0.004292
HYG,2015-02-02,distribution_like,0.004061,-0.000222,-0.004061
HYG,2015-03-02,distribution_like,0.004296,-0.004463,-0.004296
HYG,2015-04-01,distribution_like,0.004501,-0.002428,-0.004501
HYG,2015-05-01,distribution_like,0.004437,-0.002198,-0.004437
HYG,2015-06-01,distribution_like,0.004442,-0.002750,-0.004442
HYG,2015-07-01,distribution_like,0.004468,-0.004279,-0.004468
HYG,2015-08-03,distribution_like,0.004522,-0.006366,-0.004522
HYG,2015-09-01,distribution_like,0.004461,-0.007653,-0.004461
HYG,2015-10-01,distribution_like,0.004802,-0.011166,-0.004802
HYG,2015-11-02,distribution_like,0.004625,-0.001519,-0.004625
HYG,2015-12-01,distribution_like,0.004815,0.002288,-0.004815
HYG,2015-12-24,distribution_like,0.005279,-0.003220,-0.005279
HYG,2016-02-01,distribution_like,0.004956,-0.010846,-0.004956
HYG,2016-03-01,distribution_like,0.005260,0.010489,-0.005260
HYG,2016-04-01,distribution_like,0.004661,-0.003917,-0.004661
HYG,2016-05-02,distribution_like,0.004577,-0.004174,-0.004577
HYG,2016-06-01,distribution_like,0.004831,-0.003229,-0.004831
HYG,2016-07-01,distribution_like,0.004709,-0.002715,-0.004709
HYG,2016-08-01,distribution_like,0.004505,-0.010069,-0.004505
HYG,2016-09-01,distribution_like,0.004298,-0.002307,-0.004298
HYG,2016-10-03,distribution_like,0.004443,-0.005042,-0.004443
HYG,2016-11-01,distribution_like,0.004508,-0.008370,-0.004508
HYG,2016-12-01,distribution_like,0.004468,-0.009107,-0.004468
HYG,2016-12-22,distribution_like,0.003316,-0.001156,-0.003316
HYG,2017-02-01,distribution_like,0.004393,-0.000687,-0.004393
HYG,2017-03-01,distribution_like,0.004368,-0.000680,-0.004368
HYG,2017-04-03,distribution_like,0.004268,-0.004785,-0.004268
HYG,2017-05-01,distribution_like,0.004274,-0.003745,-0.004274
HYG,2017-06-01,distribution_like,0.004271,-0.001354,-0.004271
HYG,2017-07-03,distribution_like,0.004284,-0.004752,-0.004284
HYG,2017-08-01,distribution_like,0.004156,-0.003149,-0.004156
HYG,2017-09-01,distribution_like,0.004194,-0.003160,-0.004194
HYG,2017-10-02,distribution_like,0.004129,-0.004619,-0.004129
HYG,2017-11-01,distribution_like,0.004154,-0.005087,-0.004154
HYG,2017-12-01,distribution_like,0.004256,-0.004557,-0.004256
HYG,2017-12-21,distribution_like,0.004158,-0.003097,-0.004158
HYG,2018-02-01,distribution_like,0.004210,-0.006071,-0.004210
HYG,2018-03-01,distribution_like,0.003972,-0.010559,-0.003972
HYG,2018-04-02,distribution_like,0.004092,-0.007940,-0.004092
HYG,2018-05-01,distribution_like,0.004254,-0.003501,-0.004254
HYG,2018-06-01,distribution_like,0.004517,-0.002225,-0.004517
HYG,2018-07-02,distribution_like,0.004499,-0.003526,-0.004499
HYG,2018-08-01,distribution_like,0.004279,-0.003367,-0.004279
HYG,2018-09-04,distribution_like,0.004314,-0.006369,-0.004314
HYG,2018-10-01,distribution_like,0.004520,-0.001620,-0.004520
HYG,2018-11-01,distribution_like,0.004944,-0.000356,-0.004944
HYG,2018-12-03,distribution_like,0.004518,0.002392,-0.004518
HYG,2018-12-18,distribution_like,0.004755,-0.006536,-0.004755
HYG,2019-02-01,distribution_like,0.004591,-0.005052,-0.004591
HYG,2019-03-01,distribution_like,0.004475,-0.001633,-0.004475
HYG,2019-04-01,distribution_like,0.004402,-0.004626,-0.004402
HYG,2019-05-01,distribution_like,0.004227,-0.007476,-0.004227
HYG,2019-06-03,distribution_like,0.004568,-0.002945,-0.004568
HYG,2019-07-01,distribution_like,0.004448,-0.004129,-0.004448
HYG,2019-08-01,distribution_like,0.004239,-0.004716,-0.004239
HYG,2019-09-03,distribution_like,0.004274,-0.007113,-0.004274
HYG,2019-10-01,distribution_like,0.004032,-0.006309,-0.004032
HYG,2019-11-01,distribution_like,0.004176,0.000115,-0.004176
HYG,2019-12-02,distribution_like,0.003938,-0.004601,-0.003938
HYG,2019-12-19,distribution_like,0.003573,-0.004081,-0.003573
HYG,2020-02-03,distribution_like,0.004199,-0.004341,-0.004199
HYG,2020-03-02,distribution_like,0.004436,0.003138,-0.004436
HYG,2020-04-01,distribution_like,0.005020,-0.032308,-0.005020
HYG,2020-05-01,distribution_like,0.004608,-0.021758,-0.004608
HYG,2020-06-01,distribution_like,0.003910,0.003640,-0.003910
HYG,2020-07-01,distribution_like,0.004220,-0.001103,-0.004220
HYG,2020-08-03,distribution_like,0.004010,-0.003748,-0.004010
HYG,2020-09-01,distribution_like,0.004027,0.001411,-0.004027
HYG,2020-10-01,distribution_like,0.004273,-0.000834,-0.004273
HYG,2020-11-02,distribution_like,0.004298,-0.001907,-0.004298
HYG,2020-12-01,distribution_like,0.003967,-0.001390,-0.003967
HYG,2020-12-17,distribution_like,0.004152,-0.002648,-0.004152
HYG,2021-02-01,distribution_like,0.003670,-0.000460,-0.003670
HYG,2021-03-01,distribution_like,0.003564,0.007635,-0.003564
HYG,2021-04-01,distribution_like,0.003384,-0.001262,-0.003384
HYG,2021-05-03,distribution_like,0.003373,-0.002973,-0.003373
HYG,2021-06-01,distribution_like,0.003349,-0.000344,-0.003349
HYG,2021-07-01,distribution_like,0.003328,-0.001363,-0.003328
HYG,2021-08-02,distribution_like,0.003233,-0.005692,-0.003233
HYG,2021-09-01,distribution_like,0.003132,-0.002270,-0.003132
HYG,2021-10-01,distribution_like,0.003315,-0.000914,-0.003315
HYG,2021-11-01,distribution_like,0.003197,-0.004256,-0.003197
HYG,2021-12-01,distribution_like,0.003303,-0.003153,-0.003303
HYG,2021-12-16,distribution_like,0.003421,-0.004147,-0.003421
HYG,2022-02-01,distribution_like,0.003615,0.000354,-0.003615
HYG,2022-03-01,distribution_like,0.003683,-0.006454,-0.003683
HYG,2022-04-01,distribution_like,0.004075,-0.004132,-0.004075
HYG,2022-05-02,distribution_like,0.003899,-0.003820,-0.003899
HYG,2022-06-01,distribution_like,0.003877,-0.007547,-0.003877
HYG,2022-07-01,distribution_like,0.004489,0.005027,-0.004489
HYG,2022-08-01,distribution_like,0.003903,-0.003581,-0.003903
HYG,2022-09-01,distribution_like,0.004935,-0.002281,-0.004935
HYG,2022-10-03,distribution_like,0.004941,0.008124,-0.004941
HYG,2022-11-01,distribution_like,0.003828,0.002179,-0.003828
HYG,2022-12-01,distribution_like,0.004234,-0.000529,-0.004234
HYG,2022-12-15,distribution_like,0.005260,-0.008985,-0.005260
HYG,2023-02-01,distribution_like,0.004845,0.005633,-0.004845
HYG,2023-03-01,distribution_like,0.006075,-0.008855,-0.006075
HYG,2023-04-03,distribution_like,0.004547,-0.005295,-0.004547
HYG,2023-05-01,distribution_like,0.004345,-0.008891,-0.004345
HYG,2023-06-01,distribution_like,0.004786,0.001214,-0.004786
HYG,2023-07-03,distribution_like,0.005397,-0.006927,-0.005397
HYG,2023-08-01,distribution_like,0.004764,-0.009669,-0.004764
HYG,2023-09-01,distribution_like,0.004684,-0.002790,-0.004684
HYG,2023-10-02,distribution_like,0.005250,-0.011259,-0.005250
HYG,2023-11-01,distribution_like,0.005375,0.004134,-0.005375
HYG,2023-12-01,distribution_like,0.004564,0.003698,-0.004564
HYG,2023-12-14,distribution_like,0.004937,-0.000519,-0.004937
HYG,2024-02-01,distribution_like,0.004981,0.000774,-0.004981
HYG,2024-03-01,distribution_like,0.005696,-0.001940,-0.005696
HYG,2024-04-01,distribution_like,0.005108,-0.009134,-0.005108
HYG,2024-05-01,distribution_like,0.005271,0.000000,-0.005271
HYG,2024-06-03,distribution_like,0.004663,-0.001556,-0.004663
HYG,2024-07-01,distribution_like,0.005278,-0.005445,-0.005278
HYG,2024-08-01,distribution_like,0.005235,-0.007385,-0.005235
HYG,2024-09-03,distribution_like,0.004813,-0.008319,-0.004813
HYG,2024-10-01,distribution_like,0.004881,-0.005355,-0.004881
HYG,2024-11-01,distribution_like,0.005017,-0.004928,-0.005017
HYG,2024-12-02,distribution_like,0.004530,-0.004873,-0.004530
HYG,2024-12-18,distribution_like,0.005179,-0.015367,-0.005179
HYG,2025-02-03,distribution_like,0.004536,-0.005770,-0.004536
HYG,2025-03-03,distribution_like,0.004689,-0.006739,-0.004689
HYG,2025-04-01,distribution_like,0.004866,-0.002535,-0.004866
HYG,2025-05-01,distribution_like,0.005128,-0.003817,-0.005128
HYG,2025-06-02,distribution_like,0.004748,-0.004901,-0.004748
HYG,2025-07-01,distribution_like,0.004721,-0.005952,-0.004721
HYG,2025-08-01,distribution_like,0.005051,-0.004976,-0.005051
HYG,2025-09-02,distribution_like,0.004759,-0.005813,-0.004759
HYG,2025-10-01,distribution_like,0.004715,-0.002833,-0.004715
HYG,2025-11-03,distribution_like,0.005100,-0.008168,-0.005100
HYG,2025-12-01,distribution_like,0.004652,-0.006421,-0.004652
HYG,2025-12-19,distribution_like,0.004739,-0.005199,-0.004739
HYG,2026-02-02,distribution_like,0.004943,-0.004315,-0.004943
HYG,2026-03-02,distribution_like,0.004905,-0.005451,-0.004905
HYG,2026-04-01,distribution_like,0.004850,-0.002388,-0.004850
HYG,2026-05-01,distribution_like,0.005240,-0.003981,-0.005240
HYG,2026-06-01,distribution_like,0.005119,-0.005852,-0.005119
HYG,2026-07-01,distribution_like,0.004636,-0.004752,-0.004636
HYG,2026-08-03,distribution_like,0.004855,-0.002139,-0.004855
HYG,2026-09-01,distribution_like,0.005480,-0.008896,-0.005480
DBC,2006-12-18,distribution_like,0.024488,-0.041144,-0.024488
DBC,2007-12-17,distribution_like,0.024780,-0.028953,-0.024780
DBC,2008-12-15,distribution_like,0.015770,-0.043379,-0.015770
DBC,2018-12-24,distribution_like,0.012989,-0.023745,-0.012989
DBC,2019-12-23,distribution_like,0.016019,-0.015518,-0.016019
DBC,2022-12-19,distribution_like,0.006038,-0.007864,-0.006038
DBC,2023-12-18,distribution_like,0.049140,-0.040000,-0.049140
DBC,2024-12-23,distribution_like,0.053387,-0.049955,-0.053387
DBC,2025-12-22,distribution_like,0.033656,-0.020131,-0.033656
VNQ,2006-03-20,distribution_like,0.005831,-0.022532,-0.005831
VNQ,2006-06-26,distribution_like,0.010665,0.000000,-0.010665
VNQ,2006-09-25,distribution_like,0.009463,-0.007881,-0.009463
VNQ,2006-12-22,distribution_like,0.019690,-0.027918,-0.019690
VNQ,2007-03-26,distribution_like,0.005784,-0.021672,-0.005784
VNQ,2007-06-25,distribution_like,0.012522,-0.028560,-0.012522
VNQ,2007-09-24,distribution_like,0.010379,0.008491,-0.010379
VNQ,2007-12-20,distribution_like,0.016511,-0.020343,-0.016511
VNQ,2008-03-25,distribution_like,0.007676,-0.005079,-0.007676
VNQ,2008-06-24,distribution_like,0.013342,-0.012539,-0.013342
VNQ,2008-09-24,distribution_like,0.013054,-0.019696,-0.013054
VNQ,2008-12-24,distribution_like,0.027184,-0.015001,-0.027184
VNQ,2009-03-25,distribution_like,0.019766,-0.003244,-0.019766
VNQ,2009-06-24,distribution_like,0.016416,0.005328,-0.016416
VNQ,2009-09-24,distribution_like,0.009868,-0.045923,-0.009868
VNQ,2009-12-24,distribution_like,0.012902,0.001527,-0.012902
VNQ,2010-03-25,distribution_like,0.007506,-0.005020,-0.007506
VNQ,2010-06-24,distribution_like,0.009452,-0.030334,-0.009452
VNQ,2010-09-24,distribution_like,0.009001,0.019116,-0.009001
VNQ,2010-12-27,distribution_like,0.010953,0.001457,-0.010953
VNQ,2011-03-25,distribution_like,0.007283,0.000526,-0.007283
VNQ,2011-06-24,distribution_like,0.008519,-0.008295,-0.008519
VNQ,2011-09-23,distribution_like,0.009710,-0.002322,-0.009710
VNQ,2011-12-23,distribution_like,0.011082,-0.006659,-0.011082
VNQ,2012-03-26,distribution_like,0.008038,0.003653,-0.008038
VNQ,2012-06-25,distribution_like,0.008242,-0.013230,-0.008242
VNQ,2012-09-24,distribution_like,0.007953,-0.011572,-0.007953
VNQ,2012-12-24,distribution_like,0.012163,-0.010706,-0.012163
VNQ,2013-03-22,distribution_like,0.007718,-0.002438,-0.007718
VNQ,2013-06-24,distribution_like,0.009564,-0.013962,-0.009564
VNQ,2013-09-23,distribution_like,0.009159,-0.015861,-0.009159
VNQ,2013-12-24,distribution_like,0.015593,-0.014471,-0.015593
VNQ,2014-03-25,distribution_like,0.006534,0.002580,-0.006534
VNQ,2014-06-24,distribution_like,0.009314,-0.008498,-0.009314
VNQ,2014-09-24,distribution_like,0.009295,-0.011857,-0.009295
VNQ,2014-12-22,distribution_like,0.013629,0.003048,-0.013629
VNQ,2015-03-25,distribution_like,0.005976,-0.023091,-0.005976
VNQ,2015-06-26,distribution_like,0.010112,-0.002890,-0.010112
VNQ,2015-09-23,distribution_like,0.009996,-0.003685,-0.009996
VNQ,2015-12-23,distribution_like,0.013967,-0.003638,-0.013967
VNQ,2016-03-21,distribution_like,0.011193,-0.019995,-0.011193
VNQ,2016-06-21,distribution_like,0.008989,-0.005131,-0.008989
VNQ,2016-09-13,distribution_like,0.006912,-0.031799,-0.006912
VNQ,2016-12-22,distribution_like,0.020992,-0.022198,-0.020992
VNQ,2017-03-22,distribution_like,0.007308,-0.007804,-0.007308
VNQ,2017-06-23,distribution_like,0.009552,-0.006024,-0.009552
VNQ,2017-09-22,distribution_like,0.010279,-0.017157,-0.010279
VNQ,2017-12-21,distribution_like,0.015493,-0.019071,-0.015493
VNQ,2018-03-26,distribution_like,0.009724,0.001637,-0.009724
VNQ,2018-06-18,distribution_like,0.009271,-0.008910,-0.009271
VNQ,2018-09-24,distribution_like,0.014014,-0.031529,-0.014014
VNQ,2018-12-13,distribution_like,0.011949,-0.006097,-0.011949
VNQ,2019-03-28,distribution_like,0.007150,0.002535,-0.007150
VNQ,2019-06-27,distribution_like,0.009617,0.003225,-0.009617
VNQ,2019-09-24,distribution_like,0.008013,-0.010150,-0.008013
VNQ,2019-12-18,distribution_like,0.010731,0.001442,-0.010731
VNQ,2020-03-10,distribution_like,0.007804,0.034178,-0.007804
VNQ,2020-06-25,distribution_like,0.009902,0.002842,-0.009902
VNQ,2020-09-25,distribution_like,0.007750,0.012774,-0.007750
VNQ,2020-12-24,distribution_like,0.016091,-0.007220,-0.016091
VNQ,2021-03-25,distribution_like,0.005847,0.004310,-0.005847
VNQ,2021-06-24,distribution_like,0.007116,-0.009208,-0.007116
VNQ,2021-09-24,distribution_like,0.006200,-0.016789,-0.006200
VNQ,2021-12-27,distribution_like,0.009394,0.007512,-0.009394
VNQ,2022-03-23,distribution_like,0.005472,-0.016601,-0.005472
VNQ,2022-06-23,distribution_like,0.006370,0.012549,-0.006370
VNQ,2022-09-23,distribution_like,0.010832,-0.023865,-0.010832
VNQ,2022-12-22,distribution_like,0.014134,-0.018079,-0.014134
VNQ,2023-03-24,distribution_like,0.010023,0.015466,-0.010023
VNQ,2023-06-29,distribution_like,0.011292,-0.000120,-0.011292
VNQ,2023-09-28,distribution_like,0.009729,-0.000132,-0.009729
VNQ,2023-12-21,distribution_like,0.012332,-0.003422,-0.012332
VNQ,2024-03-22,distribution_like,0.008547,-0.020954,-0.008547
VNQ,2024-06-28,distribution_like,0.012431,-0.004398,-0.012431
VNQ,2024-09-27,distribution_like,0.008422,-0.007088,-0.008422
VNQ,2024-12-23,distribution_like,0.009675,-0.005709,-0.009675
VNQ,2025-03-25,distribution_like,0.010272,-0.021274,-0.010272
VNQ,2025-06-26,distribution_like,0.009824,-0.010648,-0.009824
VNQ,2025-09-24,distribution_like,0.009551,-0.019204,-0.009551
VNQ,2025-12-22,distribution_like,0.009124,-0.003951,-0.009124
VNQ,2026-03-24,distribution_like,0.010690,-0.017106,-0.010690
VNQ,2026-06-24,distribution_like,0.008814,-0.008686,-0.008814
