date,hmm2_p_high,hmm3_p_high
2008-12-26,0.002973,0.001752
2008-12-29,0.000631,0.000126
2008-12-30,0.010975,0.000673
2008-12-31,0.270254,0.031134
2009-01-02,0.966776,0.116515
2009-01-05,0.627741,0.018845
2009-01-06,0.501384,0.008870
2009-01-07,0.988020,0.148180
2009-01-08,0.473874,0.013416
2009-01-09,0.397062,0.007418
2009-01-12,0.998033,0.214795
2009-01-13,0.667960,0.033529
2009-01-14,0.960252,0.056272
2009-01-15,0.455244,0.006391
2009-01-16,0.765553,0.013698
2009-01-20,1.000000,0.995665
2009-01-21,0.999957,0.999661
2009-01-22,0.997471,0.999660
2009-01-23,0.999294,0.999976
2009-01-26,0.646789,0.890506
2009-01-27,0.973682,0.998492
2009-01-28,0.995324,0.999889
2009-01-29,1.000000,1.000000
2009-01-30,0.690709,0.933815
2009-02-02,0.556996,0.960223
2009-02-03,0.797700,0.996775
2009-02-04,0.184131,0.675799
2009-02-05,0.028140,0.200761
2009-02-06,0.065263,0.737120
2009-02-09,0.003800,0.129426
2009-02-10,0.849111,0.644732
2009-02-11,0.662955,0.458096
2009-02-12,0.079119,0.048771
2009-02-13,0.604142,0.291892
2009-02-17,0.999632,0.850730
2009-02-18,0.861276,0.608443
2009-02-19,0.799583,0.518847
2009-02-20,0.904703,0.589626
2009-02-23,0.954433,0.534520
2009-02-24,0.996664,0.856528
2009-02-25,0.962507,0.859705
2009-02-26,0.916135,0.815012
2009-02-27,0.423135,0.313320
2009-03-02,0.998821,0.915985
2009-03-03,0.578481,0.405684
2009-03-04,0.855095,0.544987
2009-03-05,0.999073,0.875170
2009-03-06,0.533867,0.300000
2009-03-09,0.430288,0.230251
2009-03-10,0.999993,0.996488
2009-03-11,0.879541,0.950648
2009-03-12,0.999578,0.999866
2009-03-13,0.545747,0.655579
2009-03-16,0.680529,0.838809
2009-03-17,0.757812,0.984839
2009-03-18,1.000000,1.000000
2009-03-19,0.587441,0.740378
2009-03-20,0.441714,0.737280
2009-03-23,1.000000,1.000000
2009-03-24,0.990647,0.999886
2009-03-25,0.795980,0.992484
2009-03-26,0.926417,0.996917
2009-03-27,0.893530,0.999433
2009-03-30,0.986332,0.999917
2009-03-31,0.894082,0.961897
2009-04-01,0.856767,0.965364
2009-04-02,0.988678,0.999446
2009-04-03,0.982088,0.999411
2009-04-06,0.921364,0.983678
2009-04-07,0.817485,0.993599
2009-04-08,0.568865,0.922269
2009-04-09,0.985615,0.998274
2009-04-13,0.884380,0.978390
2009-04-14,0.860371,0.988622
2009-04-15,0.478932,0.857301
2009-04-16,0.238819,0.798648
2009-04-17,0.092271,0.554043
2009-04-20,0.852891,0.819900
2009-04-21,0.710928,0.585352
2009-04-22,0.106911,0.094308
2009-04-23,0.061951,0.045663
2009-04-24,0.018997,0.011497
2009-04-27,0.011669,0.004018
2009-04-28,0.005444,0.002073
2009-04-29,0.018116,0.002949
2009-04-30,0.002198,0.000625
2009-05-01,0.000677,0.000338
2009-05-04,0.680898,0.157104
2009-05-05,0.105021,0.014998
2009-05-06,0.061850,0.008084
2009-05-07,0.868064,0.289558
2009-05-08,0.939222,0.443074
2009-05-11,0.791594,0.151943
2009-05-12,0.198704,0.018422
2009-05-13,0.455524,0.016820
2009-05-14,0.066609,0.002460
2009-05-15,0.008514,0.000641
2009-05-18,0.072090,0.003497
2009-05-19,0.004049,0.000466
2009-05-20,0.001257,0.000498
2009-05-21,0.394795,0.089711
2009-05-22,0.078290,0.015518
2009-05-26,0.090066,0.006959
2009-05-27,0.513993,0.053961
2009-05-28,0.398905,0.040029
2009-05-29,0.999391,0.963039
2009-06-01,0.999908,0.996628
2009-06-02,0.654075,0.790919
2009-06-03,0.599477,0.913590
2009-06-04,0.987637,0.988332
2009-06-05,0.972237,0.986744
2009-06-08,0.640431,0.767708
2009-06-09,0.124520,0.134991
2009-06-10,0.037270,0.052834
2009-06-11,0.017103,0.019683
2009-06-12,0.003534,0.005540
2009-06-15,0.075519,0.032078
2009-06-16,0.022289,0.006608
2009-06-17,0.001368,0.000673
2009-06-18,0.010201,0.003001
2009-06-19,0.006120,0.002367
2009-06-22,0.142587,0.009952
2009-06-23,0.023701,0.002290
2009-06-24,0.003150,0.000577
2009-06-25,0.582064,0.189632
2009-06-26,0.061612,0.017225
2009-06-29,0.043417,0.006520
2009-06-30,0.008128,0.002225
2009-07-01,0.002335,0.001228
2009-07-02,0.045138,0.010615
2009-07-06,0.005243,0.002610
2009-07-07,0.009676,0.004262
2009-07-08,0.072314,0.023386
2009-07-09,0.024229,0.007669
2009-07-10,0.007207,0.004058
2009-07-13,0.005283,0.003701
2009-07-14,0.008033,0.005313
2009-07-15,0.813730,0.073605
2009-07-16,0.586223,0.028282
2009-07-17,0.302258,0.009384
2009-07-20,0.259457,0.010851
2009-07-21,0.663041,0.046028
2009-07-22,0.289561,0.010954
2009-07-23,0.523091,0.013052
2009-07-24,0.093932,0.003148
2009-07-27,0.029634,0.003478
2009-07-28,0.008126,0.003095
2009-07-29,0.005995,0.004016
2009-07-30,0.022479,0.013702
2009-07-31,0.150545,0.048584
2009-08-03,0.260268,0.028437
2009-08-04,0.246097,0.023358
2009-08-05,0.397092,0.037256
2009-08-06,0.085419,0.006813
2009-08-07,0.038784,0.004796
2009-08-10,0.037452,0.008006
2009-08-11,0.018723,0.004950
2009-08-12,0.005027,0.002827
2009-08-13,0.020011,0.013174
2009-08-14,0.008387,0.004983
2009-08-17,0.229605,0.021343
2009-08-18,0.057089,0.005614
2009-08-19,0.016248,0.004619
2009-08-20,0.006335,0.004085
2009-08-21,0.069815,0.014636
2009-08-24,0.063819,0.014164
2009-08-25,0.008551,0.003641
2009-08-26,0.001688,0.001789
2009-08-27,0.001209,0.001323
2009-08-28,0.001538,0.001189
2009-08-31,0.001772,0.001305
2009-09-01,0.006171,0.004136
2009-09-02,0.008284,0.006616
2009-09-03,0.005105,0.004202
2009-09-04,0.008610,0.005093
2009-09-08,0.004407,0.003453
2009-09-09,0.001731,0.002369
2009-09-10,0.032555,0.021865
2009-09-11,0.004031,0.003878
2009-09-14,0.002631,0.002722
2009-09-15,0.003752,0.003687
2009-09-16,0.007072,0.005417
2009-09-17,0.005182,0.004680
2009-09-18,0.003733,0.003584
2009-09-21,0.002006,0.002308
2009-09-22,0.003528,0.003471
2009-09-23,0.006196,0.004712
2009-09-24,0.010331,0.005663
2009-09-25,0.004173,0.003601
2009-09-28,0.006547,0.006067
2009-09-29,0.001548,0.002021
2009-09-30,0.002485,0.002935
2009-10-01,0.026205,0.007392
2009-10-02,0.005258,0.003007
2009-10-05,0.013364,0.007771
2009-10-06,0.006741,0.004133
2009-10-07,0.005293,0.004948
2009-10-08,0.004757,0.004193
2009-10-09,0.078215,0.023646
2009-10-12,0.010376,0.004864
2009-10-13,0.002056,0.002106
2009-10-14,0.009724,0.005012
2009-10-15,0.003339,0.003008
2009-10-16,0.001831,0.002239
2009-10-19,0.003693,0.004271
2009-10-20,0.002129,0.002542
2009-10-21,0.002257,0.002805
2009-10-22,0.001550,0.001775
2009-10-23,0.004937,0.003900
2009-10-26,0.023653,0.010981
2009-10-27,0.021591,0.008180
2009-10-28,0.095745,0.012871
2009-10-29,0.385527,0.023455
2009-10-30,0.725461,0.021599
2009-11-02,0.231495,0.004524
2009-11-03,0.299153,0.013067
2009-11-04,0.058387,0.003712
2009-11-05,0.040830,0.007656
2009-11-06,0.006816,0.002957
2009-11-09,0.021783,0.009862
2009-11-10,0.003199,0.002568
2009-11-11,0.002103,0.002362
2009-11-12,0.003003,0.002669
2009-11-13,0.002093,0.002061
2009-11-16,0.078011,0.032233
2009-11-17,0.008844,0.004503
2009-11-18,0.003275,0.002179
2009-11-19,0.003352,0.002740
2009-11-20,0.001162,0.001136
2009-11-23,0.002277,0.001770
2009-11-24,0.001801,0.001372
2009-11-25,0.002302,0.001075
2009-11-27,0.013963,0.005826
2009-11-30,0.004534,0.003589
2009-12-01,0.007878,0.004617
2009-12-02,0.001768,0.002122
2009-12-03,0.003299,0.003363
2009-12-04,0.008932,0.006491
2009-12-07,0.003274,0.003235
2009-12-08,0.003042,0.002886
2009-12-09,0.001644,0.002105
2009-12-10,0.002031,0.002221
2009-12-11,0.001244,0.001197
2009-12-14,0.001441,0.000789
2009-12-15,0.001887,0.000473
2009-12-16,0.001573,0.000171
2009-12-17,0.025110,0.007560
2009-12-18,0.004574,0.002719
2009-12-21,0.027871,0.011136
2009-12-22,0.005541,0.003437
2009-12-23,0.001859,0.002210
2009-12-24,0.003499,0.003505
2009-12-28,0.001261,0.001717
2009-12-29,0.001694,0.002226
2009-12-30,0.001101,0.001475
2009-12-31,0.001492,0.001511
2010-01-04,0.005504,0.004889
2010-01-05,0.001900,0.002112
2010-01-06,0.003302,0.003411
2010-01-07,0.000909,0.000918
2010-01-08,0.000803,0.000429
2010-01-11,0.000797,0.000158
2010-01-12,0.009190,0.005846
2010-01-13,0.004540,0.003502
2010-01-14,0.003038,0.003322
2010-01-15,0.001790,0.002091
2010-01-19,0.001582,0.002013
2010-01-20,0.006575,0.004985
2010-01-21,0.006157,0.004373
2010-01-22,0.006895,0.005177
2010-01-25,0.001401,0.001711
2010-01-26,0.001116,0.001565
2010-01-27,0.001048,0.001495
2010-01-28,0.001867,0.002235
2010-01-29,0.001576,0.001919
2010-02-01,0.003869,0.003571
2010-02-02,0.001675,0.002201
2010-02-03,0.003513,0.003830
2010-02-04,0.419580,0.080495
2010-02-05,0.060317,0.010253
2010-02-08,0.009583,0.002813
2010-02-09,0.005651,0.003019
2010-02-10,0.002233,0.002252
2010-02-11,0.001975,0.002260
2010-02-12,0.000846,0.001307
2010-02-16,0.010543,0.008848
2010-02-17,0.003900,0.003659
2010-02-18,0.001305,0.001715
2010-02-19,0.000780,0.001178
2010-02-22,0.000801,0.000964
2010-02-23,0.004026,0.003394
2010-02-24,0.001308,0.001790
2010-02-25,0.000928,0.001396
2010-02-26,0.001069,0.001472
2010-03-01,0.001933,0.002200
2010-03-02,0.001170,0.001057
2010-03-03,0.000799,0.000399
2010-03-04,0.000818,0.000184
2010-03-05,0.002840,0.001997
2010-03-08,0.001020,0.000800
2010-03-09,0.000807,0.000338
2010-03-10,0.000995,0.000169
2010-03-11,0.000712,0.000038
2010-03-12,0.000779,0.000015
2010-03-15,0.000738,0.000006
2010-03-16,0.002831,0.000025
2010-03-17,0.001068,0.000008
2010-03-18,0.000897,0.000004
2010-03-19,0.001849,0.000013
2010-03-22,0.001035,0.000007
2010-03-23,0.000917,0.000005
2010-03-24,0.042776,0.001872
2010-03-25,0.007097,0.000250
2010-03-26,0.001521,0.000049
2010-03-29,0.001158,0.000033
2010-03-30,0.000820,0.000010
2010-03-31,0.000829,0.000007
2010-04-01,0.001258,0.000016
2010-04-05,0.011125,0.003193
2010-04-06,0.001702,0.000720
2010-04-07,0.002255,0.002018
2010-04-08,0.000823,0.000677
2010-04-09,0.000966,0.000411
2010-04-12,0.001060,0.000245
2010-04-13,0.000839,0.000076
2010-04-14,0.001319,0.000146
2010-04-15,0.000857,0.000046
2010-04-16,0.005880,0.002703
2010-04-19,0.001395,0.000882
2010-04-20,0.001084,0.000482
2010-04-21,0.001465,0.000448
2010-04-22,0.000857,0.000114
2010-04-23,0.001030,0.000075
2010-04-26,0.000708,0.000019
2010-04-27,0.016112,0.004964
2010-04-28,0.003424,0.002220
2010-04-29,0.003555,0.003533
2010-04-30,0.004703,0.003965
2010-05-03,0.001690,0.002003
2010-05-04,0.049258,0.013903
2010-05-05,0.011729,0.004219
2010-05-06,0.612485,0.102609
2010-05-07,0.639571,0.094552
2010-05-10,0.999775,0.918945
2010-05-11,0.946349,0.797399
2010-05-12,0.689169,0.369940
2010-05-13,0.234603,0.075060
2010-05-14,0.194995,0.031684
2010-05-17,0.052547,0.009145
2010-05-18,0.028919,0.005564
2010-05-19,0.011415,0.004271
2010-05-20,0.344400,0.042498
2010-05-21,0.155788,0.016957
2010-05-24,0.043333,0.006328
2010-05-25,0.004969,0.001796
2010-05-26,0.002257,0.002134
2010-05-27,0.425024,0.070367
2010-05-28,0.101738,0.012263
2010-06-01,0.024296,0.004029
2010-06-02,0.036123,0.008728
2010-06-03,0.006943,0.003077
2010-06-04,0.476751,0.054773
2010-06-07,0.625242,0.073769
2010-06-08,0.152516,0.010647
2010-06-09,0.016795,0.002210
2010-06-10,0.112915,0.015864
2010-06-11,0.036717,0.007092
2010-06-14,0.003942,0.001762
2010-06-15,0.008152,0.005286
2010-06-16,0.001687,0.001914
2010-06-17,0.001384,0.001932
2010-06-18,0.000870,0.001283
2010-06-21,0.001476,0.001692
2010-06-22,0.002141,0.002341
2010-06-23,0.001532,0.002092
2010-06-24,0.003592,0.004187
2010-06-25,0.002789,0.003342
2010-06-28,0.002615,0.003058
2010-06-29,0.050051,0.014734
2010-06-30,0.007591,0.003305
2010-07-01,0.025389,0.013375
2010-07-02,0.004661,0.003385
2010-07-06,0.005873,0.005170
2010-07-07,0.017797,0.008625
2010-07-08,0.002924,0.002297
2010-07-09,0.001356,0.001540
2010-07-12,0.000958,0.001153
2010-07-13,0.002529,0.002318
2010-07-14,0.002032,0.002278
2010-07-15,0.001469,0.001745
2010-07-16,0.015055,0.006789
2010-07-19,0.003250,0.002462
2010-07-20,0.001923,0.002103
2010-07-21,0.004062,0.003128
2010-07-22,0.013452,0.006503
2010-07-23,0.004217,0.002966
2010-07-26,0.001494,0.001691
2010-07-27,0.003375,0.003241
2010-07-28,0.001370,0.001557
2010-07-29,0.000912,0.001028
2010-07-30,0.004038,0.003507
2010-08-02,0.006238,0.004243
2010-08-03,0.001568,0.001695
2010-08-04,0.001358,0.001607
2010-08-05,0.001064,0.001298
2010-08-06,0.001629,0.001805
2010-08-09,0.000989,0.001015
2010-08-10,0.001207,0.001128
2010-08-11,0.027074,0.009196
2010-08-12,0.003974,0.002431
2010-08-13,0.001947,0.001958
2010-08-16,0.023954,0.016850
2010-08-17,0.004832,0.003928
2010-08-18,0.001159,0.001403
2010-08-19,0.003022,0.002465
2010-08-20,0.001459,0.001706
2010-08-23,0.001044,0.001299
2010-08-24,0.005759,0.004214
2010-08-25,0.002828,0.002792
2010-08-26,0.001522,0.001769
2010-08-27,0.058377,0.019506
2010-08-30,0.054212,0.012491
2010-08-31,0.009549,0.003622
2010-09-01,0.075088,0.016031
2010-09-02,0.014451,0.004273
2010-09-03,0.005550,0.002906
2010-09-07,0.008455,0.004727
2010-09-08,0.002145,0.001989
2010-09-09,0.018541,0.011134
2010-09-10,0.002899,0.002548
2010-09-13,0.006795,0.006309
2010-09-14,0.003881,0.003845
2010-09-15,0.002567,0.002616
2010-09-16,0.001966,0.002032
2010-09-17,0.000979,0.000915
2010-09-20,0.004373,0.003026
2010-09-21,0.004925,0.004009
2010-09-22,0.001354,0.001304
2010-09-23,0.001045,0.000901
2010-09-24,0.005464,0.003651
2010-09-27,0.005754,0.004502
2010-09-28,0.002031,0.002292
2010-09-29,0.001086,0.001341
2010-09-30,0.000890,0.000886
2010-10-01,0.000953,0.000580
2010-10-04,0.001183,0.000614
2010-10-05,0.005782,0.003880
2010-10-06,0.002699,0.002400
2010-10-07,0.001931,0.001645
2010-10-08,0.002349,0.001740
2010-10-11,0.000919,0.000443
2010-10-12,0.001392,0.000336
2010-10-13,0.001552,0.000249
2010-10-14,0.004867,0.000857
2010-10-15,0.003704,0.000618
2010-10-18,0.002264,0.000318
2010-10-19,0.013610,0.006036
2010-10-20,0.005114,0.003177
2010-10-21,0.007358,0.004835
2010-10-22,0.001571,0.001164
2010-10-25,0.001010,0.000455
2010-10-26,0.004532,0.001676
2010-10-27,0.003717,0.001069
2010-10-28,0.001565,0.000296
2010-10-29,0.001925,0.000259
2010-11-01,0.000996,0.000052
2010-11-02,0.004530,0.000154
2010-11-03,0.002248,0.000071
2010-11-04,0.116541,0.016870
2010-11-05,0.071836,0.012240
2010-11-08,0.012215,0.001900
2010-11-09,0.404290,0.113707
2010-11-10,0.085295,0.018581
2010-11-11,0.011322,0.002798
2010-11-12,0.221177,0.059633
2010-11-15,0.642136,0.159397
2010-11-16,0.690398,0.092856
2010-11-17,0.162874,0.012167
2010-11-18,0.109085,0.009860
2010-11-19,0.012007,0.002208
2010-11-22,0.002803,0.001690
2010-11-23,0.004382,0.003345
2010-11-24,0.015765,0.007446
2010-11-26,0.005202,0.003056
2010-11-29,0.001531,0.001683
2010-11-30,0.002264,0.002475
2010-12-01,0.043535,0.014324
2010-12-02,0.007756,0.003668
2010-12-03,0.002391,0.002123
2010-12-06,0.004283,0.003996
2010-12-07,0.476004,0.174981
2010-12-08,0.304459,0.076304
2010-12-09,0.039160,0.009967
2010-12-10,0.007654,0.003071
2010-12-13,0.002346,0.001824
2010-12-14,0.010150,0.007095
2010-12-15,0.009757,0.006803
2010-12-16,0.003519,0.003128
2010-12-17,0.011094,0.008468
2010-12-20,0.002050,0.002103
2010-12-21,0.001791,0.001796
2010-12-22,0.001213,0.000893
2010-12-23,0.001094,0.000415
2010-12-27,0.001360,0.000339
2010-12-28,0.065178,0.024454
2010-12-29,0.129715,0.050301
2010-12-30,0.014833,0.005900
2010-12-31,0.005778,0.003297
2011-01-03,0.002055,0.001625
2011-01-04,0.006134,0.004482
2011-01-05,0.024509,0.014261
2011-01-06,0.003999,0.003011
2011-01-07,0.001563,0.001639
2011-01-10,0.001064,0.001248
2011-01-11,0.001157,0.001182
2011-01-12,0.001357,0.001270
2011-01-13,0.002783,0.002472
2011-01-14,0.001363,0.001156
2011-01-18,0.001019,0.000597
2011-01-19,0.001273,0.000847
2011-01-20,0.014215,0.007935
2011-01-21,0.002571,0.001721
2011-01-24,0.002404,0.001416
2011-01-25,0.001576,0.000894
2011-01-26,0.003822,0.002575
2011-01-27,0.002591,0.001664
2011-01-28,0.134874,0.057328
2011-01-31,0.019552,0.008893
2011-02-01,0.008641,0.004520
2011-02-02,0.001596,0.001492
2011-02-03,0.002184,0.002240
2011-02-04,0.002165,0.002133
2011-02-07,0.000949,0.000908
2011-02-08,0.002918,0.002265
2011-02-09,0.001452,0.001329
2011-02-10,0.001884,0.001479
2011-02-11,0.005154,0.003561
2011-02-14,0.001362,0.000686
2011-02-15,0.000862,0.000248
2011-02-16,0.000915,0.000118
2011-02-17,0.001201,0.000071
2011-02-18,0.000904,0.000021
2011-02-22,0.037155,0.007740
2011-02-23,0.008451,0.003157
2011-02-24,0.012108,0.007194
2011-02-25,0.010700,0.007247
2011-02-28,0.002126,0.001916
2011-03-01,0.005459,0.004576
2011-03-02,0.003209,0.002901
2011-03-03,0.008072,0.005623
2011-03-04,0.004549,0.003727
2011-03-07,0.004522,0.004185
2011-03-08,0.001573,0.001749
2011-03-09,0.001362,0.001574
2011-03-10,0.007545,0.004179
2011-03-11,0.001538,0.001512
2011-03-14,0.000890,0.001082
2011-03-15,0.007458,0.005325
2011-03-16,0.007962,0.004447
2011-03-17,0.002450,0.002069
2011-03-18,0.001220,0.001457
2011-03-21,0.002445,0.002304
2011-03-22,0.000899,0.001139
2011-03-23,0.000806,0.000929
2011-03-24,0.002060,0.001892
2011-03-25,0.001009,0.000884
2011-03-28,0.000889,0.000487
2011-03-29,0.001096,0.000403
2011-03-30,0.001796,0.000366
2011-03-31,0.001231,0.000114
2011-04-01,0.001210,0.000046
2011-04-04,0.000926,0.000015
2011-04-05,0.001682,0.000018
2011-04-06,0.002092,0.000040
2011-04-07,0.000879,0.000014
2011-04-08,0.002758,0.000036
2011-04-11,0.001315,0.000018
2011-04-12,0.001857,0.000183
2011-04-13,0.001154,0.000115
2011-04-14,0.002383,0.000146
2011-04-15,0.004337,0.000454
2011-04-18,0.003801,0.001083
2011-04-19,0.001323,0.000266
2011-04-20,0.002606,0.001248
2011-04-21,0.001212,0.000482
2011-04-25,0.000845,0.000183
2011-04-26,0.006875,0.001034
2011-04-27,0.013864,0.002950
2011-04-28,0.002549,0.000428
2011-04-29,0.000935,0.000081
2011-05-02,0.019803,0.001900
2011-05-03,0.007709,0.001371
2011-05-04,0.008822,0.003135
2011-05-05,0.994753,0.938502
2011-05-06,0.636235,0.476517
2011-05-09,0.825043,0.601156
2011-05-10,0.362502,0.169633
2011-05-11,0.662322,0.249470
2011-05-12,0.232807,0.053083
2011-05-13,0.085091,0.015757
2011-05-16,0.018273,0.004385
2011-05-17,0.003157,0.001789
2011-05-18,0.003835,0.003101
2011-05-19,0.001000,0.001164
2011-05-20,0.001195,0.001290
2011-05-23,0.002303,0.002176
2011-05-24,0.002337,0.002428
2011-05-25,0.001405,0.001463
2011-05-26,0.002767,0.002325
2011-05-27,0.001065,0.000643
2011-05-31,0.001845,0.000769
2011-06-01,0.009610,0.004927
2011-06-02,0.009014,0.005563
2011-06-03,0.002502,0.002189
2011-06-06,0.002753,0.002775
2011-06-07,0.001173,0.001408
2011-06-08,0.001079,0.001212
2011-06-09,0.000955,0.000989
2011-06-10,0.003524,0.002838
2011-06-13,0.002508,0.002437
2011-06-14,0.003850,0.003128
2011-06-15,0.009532,0.004775
2011-06-16,0.001579,0.001467
2011-06-17,0.000864,0.001045
2011-06-20,0.000748,0.000727
2011-06-21,0.002502,0.002085
2011-06-22,0.001332,0.001092
2011-06-23,0.020251,0.012768
2011-06-24,0.004804,0.003244
2011-06-27,0.004277,0.003257
2011-06-28,0.003430,0.002521
2011-06-29,0.002837,0.002329
2011-06-30,0.002903,0.002250
2011-07-01,0.003457,0.002547
2011-07-05,0.009237,0.005669
2011-07-06,0.001951,0.001542
2011-07-07,0.001522,0.001204
2011-07-08,0.004501,0.003407
2011-07-11,0.008325,0.003910
2011-07-12,0.002697,0.002043
2011-07-13,0.002477,0.002267
2011-07-14,0.010266,0.008136
2011-07-15,0.002543,0.002163
2011-07-18,0.007544,0.005118
2011-07-19,0.236666,0.115966
2011-07-20,0.085547,0.036913
2011-07-21,0.041369,0.014967
2011-07-22,0.007640,0.003609
2011-07-25,0.004329,0.002636
2011-07-26,0.001695,0.001031
2011-07-27,0.010901,0.006050
2011-07-28,0.001917,0.001468
2011-07-29,0.014433,0.010507
2011-08-01,0.003414,0.002749
2011-08-02,0.329890,0.061858
2011-08-03,0.047559,0.008655
2011-08-04,0.997413,0.490874
2011-08-05,0.995829,0.875649
2011-08-08,1.000000,0.999990
2011-08-09,1.000000,0.999998
2011-08-10,1.000000,0.999996
2011-08-11,0.999999,0.999930
2011-08-12,0.949784,0.949328
2011-08-15,0.768524,0.720647
2011-08-16,0.466882,0.357415
2011-08-17,0.210214,0.148277
2011-08-18,0.994318,0.834802
2011-08-19,0.978736,0.830039
2011-08-22,0.673245,0.394218
2011-08-23,0.999740,0.986189
2011-08-24,0.997803,0.991730
2011-08-25,0.943226,0.892918
2011-08-26,0.867756,0.793291
2011-08-29,0.979503,0.888478
2011-08-30,0.889359,0.744564
2011-08-31,0.498227,0.310864
2011-09-01,0.291801,0.126620
2011-09-02,0.944623,0.476285
2011-09-06,0.557790,0.105644
2011-09-07,0.880008,0.177362
2011-09-08,0.720902,0.068556
2011-09-09,0.743779,0.037953
2011-09-12,0.459328,0.012719
2011-09-13,0.105670,0.003258
2011-09-14,0.041544,0.003726
2011-09-15,0.038249,0.006002
2011-09-16,0.005593,0.001972
2011-09-19,0.010315,0.004192
2011-09-20,0.002065,0.001573
2011-09-21,0.040650,0.009111
2011-09-22,0.970296,0.266894
2011-09-23,1.000000,0.999872
2011-09-26,0.910644,0.879604
2011-09-27,0.808003,0.679452
2011-09-28,0.978939,0.845950
2011-09-29,0.749565,0.490755
2011-09-30,0.927804,0.472235
2011-10-03,0.984866,0.587154
2011-10-04,0.973293,0.566792
2011-10-05,0.755734,0.207285
2011-10-06,0.773241,0.139772
2011-10-07,0.641721,0.071870
2011-10-10,0.949099,0.154779
2011-10-11,0.485356,0.021371
2011-10-12,0.152615,0.005708
2011-10-13,0.034777,0.002698
2011-10-14,0.013160,0.002814
2011-10-17,0.016843,0.004121
2011-10-18,0.006630,0.002938
2011-10-19,0.006377,0.003273
2011-10-20,0.002041,0.001734
2011-10-21,0.003712,0.002771
2011-10-24,0.007130,0.005035
2011-10-25,0.334604,0.073748
2011-10-26,0.147459,0.024998
2011-10-27,0.974418,0.286027
2011-10-28,0.659562,0.062360
2011-10-31,0.986824,0.274020
2011-11-01,0.993833,0.424726
2011-11-02,0.790576,0.125490
2011-11-03,0.493045,0.034808
2011-11-04,0.085386,0.004896
2011-11-07,0.019283,0.002605
2011-11-08,0.005897,0.002133
2011-11-09,0.495909,0.048733
2011-11-10,0.168449,0.012284
2011-11-11,0.071600,0.005908
2011-11-14,0.021508,0.003045
2011-11-15,0.002826,0.001300
2011-11-16,0.003226,0.002035
2011-11-17,0.037820,0.011048
2011-11-18,0.005496,0.002609
2011-11-21,0.009705,0.004144
2011-11-22,0.003978,0.002723
2011-11-23,0.012724,0.004949
2011-11-25,0.010099,0.005823
2011-11-28,0.340027,0.094797
2011-11-29,0.051330,0.013599
2011-11-30,0.903401,0.223556
2011-12-01,0.383595,0.031943
2011-12-02,0.093536,0.007381
2011-12-05,0.054004,0.006155
2011-12-06,0.018095,0.003771
2011-12-07,0.002933,0.001143
2011-12-08,0.013628,0.004646
2011-12-09,0.012597,0.004807
2011-12-12,0.011873,0.004049
2011-12-13,0.004104,0.002138
2011-12-14,0.057088,0.015936
2011-12-15,0.006198,0.002664
2011-12-16,0.005193,0.003596
2011-12-19,0.002911,0.002089
2011-12-20,0.067044,0.015351
2011-12-21,0.018728,0.006031
2011-12-22,0.004519,0.002464
2011-12-23,0.001852,0.001407
2011-12-27,0.001595,0.000971
2011-12-28,0.024191,0.009648
2011-12-29,0.005732,0.003410
2011-12-30,0.001735,0.001369
2012-01-03,0.035400,0.013638
2012-01-04,0.009360,0.004947
2012-01-05,0.001987,0.001526
2012-01-06,0.001841,0.001350
2012-01-09,0.001405,0.000748
2012-01-10,0.002525,0.000983
2012-01-11,0.003733,0.001147
2012-01-12,0.001800,0.000283
2012-01-13,0.002181,0.000317
2012-01-17,0.001999,0.000154
2012-01-18,0.003285,0.000412
2012-01-19,0.003263,0.000470
2012-01-20,0.005401,0.000606
2012-01-23,0.002183,0.000123
2012-01-24,0.001420,0.000034
2012-01-25,0.005364,0.000109
2012-01-26,0.003529,0.000108
2012-01-27,0.001890,0.000040
2012-01-30,0.002602,0.000082
2012-01-31,0.002697,0.000078
2012-02-01,0.003051,0.000160
2012-02-02,0.001622,0.000059
2012-02-03,0.015447,0.002202
2012-02-06,0.003232,0.000666
2012-02-07,0.003657,0.000684
2012-02-08,0.001753,0.000151
2012-02-09,0.001878,0.000066
2012-02-10,0.003227,0.000365
2012-02-13,0.002188,0.000264
2012-02-14,0.001615,0.000118
2012-02-15,0.001422,0.000047
2012-02-16,0.002423,0.000083
2012-02-17,0.001564,0.000034
2012-02-21,0.006919,0.000120
2012-02-22,0.003495,0.000084
2012-02-23,0.001969,0.000037
2012-02-24,0.001658,0.000016
2012-02-27,0.001985,0.000019
2012-02-28,0.001792,0.000017
2012-02-29,0.072749,0.002518
2012-03-01,0.018306,0.000809
2012-03-02,0.004763,0.000425
2012-03-05,0.003301,0.000281
2012-03-06,0.008558,0.002899
2012-03-07,0.002451,0.001437
2012-03-08,0.002922,0.001906
2012-03-09,0.001515,0.000910
2012-03-12,0.001465,0.000501
2012-03-13,0.016080,0.006291
2012-03-14,0.327859,0.129829
2012-03-15,0.045219,0.016194
2012-03-16,0.005468,0.002297
2012-03-19,0.004029,0.001976
2012-03-20,0.002579,0.001195
2012-03-21,0.002635,0.001038
2012-03-22,0.002314,0.000782
2012-03-23,0.003559,0.000783
2012-03-26,0.003053,0.000735
2012-03-27,0.002111,0.000427
2012-03-28,0.002182,0.000287
2012-03-29,0.001901,0.000169
2012-03-30,0.004166,0.000265
2012-04-02,0.003104,0.000117
2012-04-03,0.021648,0.000777
2012-04-04,0.018336,0.003255
2012-04-05,0.004135,0.001051
2012-04-09,0.016480,0.007077
2012-04-10,0.010513,0.004377
2012-04-11,0.003677,0.002469
2012-04-12,0.003230,0.002524
2012-04-13,0.005665,0.003338
2012-04-16,0.001715,0.001589
2012-04-17,0.002990,0.002472
2012-04-18,0.001768,0.001453
2012-04-19,0.001776,0.001245
2012-04-20,0.001362,0.000598
2012-04-23,0.002519,0.001218
2012-04-24,0.001760,0.000657
2012-04-25,0.002997,0.000950
2012-04-26,0.002330,0.000420
2012-04-27,0.001430,0.000100
2012-04-30,0.001526,0.000051
2012-05-01,0.001449,0.000022
2012-05-02,0.001939,0.000020
2012-05-03,0.002223,0.000033
2012-05-04,0.004617,0.000567
2012-05-07,0.001694,0.000216
2012-05-08,0.002115,0.000241
2012-05-09,0.001829,0.000158
2012-05-10,0.001445,0.000053
2012-05-11,0.001714,0.000044
2012-05-14,0.004657,0.000655
2012-05-15,0.002102,0.000424
2012-05-16,0.001861,0.000318
2012-05-17,0.011456,0.004175
2012-05-18,0.005028,0.002731
2012-05-21,0.008995,0.005234
2012-05-22,0.005966,0.003983
2012-05-23,0.002444,0.001733
2012-05-24,0.001994,0.001079
2012-05-25,0.001604,0.000532
2012-05-29,0.008117,0.002526
2012-05-30,0.021687,0.007852
2012-05-31,0.006166,0.003528
2012-06-01,0.143681,0.024847
2012-06-04,0.026368,0.005755
2012-06-05,0.006269,0.002767
2012-06-06,0.015968,0.005891
2012-06-07,0.007289,0.003987
2012-06-08,0.001835,0.001544
2012-06-11,0.002780,0.002082
2012-06-12,0.002792,0.002185
2012-06-13,0.002317,0.001911
2012-06-14,0.001570,0.001381
2012-06-15,0.006515,0.004327
2012-06-18,0.001809,0.000914
2012-06-19,0.004034,0.001851
2012-06-20,0.002510,0.000939
2012-06-21,0.022944,0.008348
2012-06-22,0.005913,0.003247
2012-06-25,0.028644,0.009706
2012-06-26,0.005389,0.002879
2012-06-27,0.003008,0.001957
2012-06-28,0.001985,0.001229
2012-06-29,0.064373,0.015289
2012-07-02,0.015333,0.005296
2012-07-03,0.007244,0.003483
2012-07-05,0.002775,0.001773
2012-07-06,0.003349,0.002049
2012-07-09,0.002666,0.001813
2012-07-10,0.002937,0.001778
2012-07-11,0.001711,0.000922
2012-07-12,0.002277,0.000991
2012-07-13,0.002891,0.001108
2012-07-16,0.001776,0.000455
2012-07-17,0.001806,0.000230
2012-07-18,0.001925,0.000104
2012-07-19,0.001590,0.000037
2012-07-20,0.004177,0.000265
2012-07-23,0.004234,0.000945
2012-07-24,0.002289,0.000691
2012-07-25,0.001775,0.000332
2012-07-26,0.004082,0.000887
2012-07-27,0.013990,0.004722
2012-07-30,0.003735,0.001976
2012-07-31,0.001932,0.001138
2012-08-01,0.002619,0.001085
2012-08-02,0.001865,0.000605
2012-08-03,0.010181,0.003891
2012-08-06,0.002410,0.001432
2012-08-07,0.003364,0.001778
2012-08-08,0.001840,0.000675
2012-08-09,0.001396,0.000221
2012-08-10,0.001664,0.000103
2012-08-13,0.001812,0.000049
2012-08-14,0.003791,0.000064
2012-08-15,0.004712,0.000069
2012-08-16,0.002347,0.000035
2012-08-17,0.001661,0.000018
2012-08-20,0.001781,0.000014
2012-08-21,0.002061,0.000016
2012-08-22,0.008582,0.000147
2012-08-23,0.003908,0.000122
2012-08-24,0.001595,0.000035
2012-08-27,0.001590,0.000019
2012-08-28,0.001406,0.000011
2012-08-29,0.001591,0.000009
2012-08-30,0.002118,0.000024
2012-08-31,0.019783,0.000595
2012-09-04,0.003701,0.000084
2012-09-05,0.001799,0.000026
2012-09-06,0.009596,0.000761
2012-09-07,0.003874,0.000576
2012-09-10,0.002132,0.000305
2012-09-11,0.001645,0.000119
2012-09-12,0.002792,0.000109
2012-09-13,0.005867,0.000259
2012-09-14,0.029598,0.003685
2012-09-17,0.011987,0.001761
2012-09-18,0.002572,0.000335
2012-09-19,0.002455,0.000193
2012-09-20,0.001536,0.000059
2012-09-21,0.001415,0.000023
2012-09-24,0.002282,0.000027
2012-09-25,0.002569,0.000083
2012-09-26,0.002202,0.000125
2012-09-27,0.002395,0.000128
2012-09-28,0.002237,0.000107
2012-10-01,0.001723,0.000043
2012-10-02,0.001445,0.000016
2012-10-03,0.001455,0.000009
2012-10-04,0.002641,0.000022
2012-10-05,0.004457,0.000050
2012-10-08,0.002253,0.000036
2012-10-09,0.003847,0.000103
2012-10-10,0.001938,0.000052
2012-10-11,0.001724,0.000026
2012-10-12,0.002071,0.000022
2012-10-15,0.004131,0.000053
2012-10-16,0.003404,0.000087
2012-10-17,0.003012,0.000086
2012-10-18,0.002306,0.000045
2012-10-19,0.004815,0.000424
2012-10-22,0.002123,0.000244
2012-10-23,0.004722,0.001093
2012-10-24,0.002616,0.000531
2012-10-25,0.001833,0.000188
2012-10-26,0.003733,0.000282
2012-10-31,0.002107,0.000096
2012-11-01,0.003150,0.000132
2012-11-02,0.005030,0.000294
2012-11-05,0.002133,0.000087
2012-11-06,0.005129,0.000183
2012-11-07,0.011626,0.002357
2012-11-08,0.008697,0.003131
2012-11-09,0.001968,0.001236
2012-11-12,0.001556,0.000772
2012-11-13,0.001598,0.000505
2012-11-14,0.003605,0.001101
2012-11-15,0.001824,0.000358
2012-11-16,0.001521,0.000122
2012-11-19,0.004936,0.000550
2012-11-20,0.003005,0.000250
2012-11-21,0.001529,0.000055
2012-11-23,0.002812,0.000073
2012-11-26,0.001581,0.000026
2012-11-27,0.001552,0.000017
2012-11-28,0.003402,0.000039
2012-11-29,0.001893,0.000019
2012-11-30,0.001888,0.000014
2012-12-03,0.001476,0.000009
2012-12-04,0.002743,0.000019
2012-12-05,0.001536,0.000011
2012-12-06,0.001478,0.000008
2012-12-07,0.002053,0.000010
2012-12-10,0.001550,0.000007
2012-12-11,0.002277,0.000014
2012-12-12,0.003537,0.000031
2012-12-13,0.003158,0.000033
2012-12-14,0.001891,0.000022
2012-12-17,0.003650,0.000061
2012-12-18,0.005814,0.000216
2012-12-19,0.002036,0.000070
2012-12-20,0.003913,0.000097
2012-12-21,0.002489,0.000090
2012-12-24,0.001606,0.000040
2012-12-26,0.001563,0.000023
2012-12-27,0.001474,0.000013
2012-12-28,0.002261,0.000010
2012-12-31,0.007213,0.000113
2013-01-02,0.016051,0.001365
2013-01-03,0.019647,0.002479
2013-01-04,0.003873,0.000385
2013-01-07,0.002112,0.000106
2013-01-08,0.002406,0.000057
2013-01-09,0.001993,0.000021
2013-01-10,0.002079,0.000011
2013-01-11,0.002818,0.000013
2013-01-14,0.002462,0.000011
2013-01-15,0.002128,0.000009
2013-01-16,0.001821,0.000006
2013-01-17,0.002904,0.000010
2013-01-18,0.002420,0.000010
2013-01-22,0.001928,0.000006
2013-01-23,0.001782,0.000005
2013-01-24,0.002636,0.000007
2013-01-25,0.006615,0.000034
2013-01-28,0.002833,0.000017
2013-01-29,0.002214,0.000010
2013-01-30,0.003371,0.000016
2013-01-31,0.002940,0.000017
2013-02-01,0.003461,0.000024
2013-02-04,0.006655,0.000151
2013-02-05,0.003579,0.000115
2013-02-06,0.002593,0.000048
2013-02-07,0.002291,0.000021
2013-02-08,0.002530,0.000014
2013-02-11,0.002590,0.000011
2013-02-12,0.001901,0.000007
2013-02-13,0.003046,0.000010
2013-02-14,0.003478,0.000016
2013-02-15,0.003612,0.000020
2013-02-19,0.003344,0.000022
2013-02-20,0.007211,0.000109
2013-02-21,0.003967,0.000134
2013-02-22,0.003102,0.000079
2013-02-25,0.018251,0.001478
2013-02-26,0.003740,0.000422
2013-02-27,0.008307,0.000852
2013-02-28,0.003406,0.000269
2013-03-01,0.002449,0.000093
2013-03-04,0.002138,0.000031
2013-03-05,0.002633,0.000021
2013-03-06,0.002712,0.000016
2013-03-07,0.002968,0.000013
2013-03-08,0.003453,0.000016
2013-03-11,0.001896,0.000008
2013-03-12,0.002565,0.000011
2013-03-13,0.002142,0.000010
2013-03-14,0.002064,0.000007
2013-03-15,0.002067,0.000007
2013-03-18,0.002613,0.000013
2013-03-19,0.002228,0.000014
2013-03-20,0.003186,0.000018
2013-03-21,0.003986,0.000041
2013-03-22,0.003318,0.000039
2013-03-25,0.002208,0.000018
2013-03-26,0.002401,0.000012
2013-03-27,0.002765,0.000012
2013-03-28,0.002905,0.000012
2013-04-01,0.002913,0.000021
2013-04-02,0.005818,0.000061
2013-04-03,0.004006,0.000077
2013-04-04,0.004920,0.000090
2013-04-05,0.011041,0.000269
2013-04-08,0.003533,0.000072
2013-04-09,0.002528,0.000029
2013-04-10,0.019036,0.000422
2013-04-11,0.003354,0.000088
2013-04-12,0.179123,0.010978
2013-04-15,0.999998,0.963927
2013-04-16,0.700488,0.629244
2013-04-17,0.349539,0.218226
2013-04-18,0.064597,0.034471
2013-04-19,0.010834,0.005383
2013-04-22,0.002928,0.001134
2013-04-23,0.008439,0.001865
2013-04-24,0.002843,0.000529
2013-04-25,0.008025,0.001067
2013-04-26,0.004126,0.000472
2013-04-29,0.002964,0.000206
2013-04-30,0.002231,0.000064
2013-05-01,0.005461,0.000159
2013-05-02,0.002728,0.000070
2013-05-03,0.017411,0.000677
2013-05-06,0.003299,0.000088
2013-05-07,0.002621,0.000036
2013-05-08,0.002171,0.000015
2013-05-09,0.002649,0.000012
2013-05-10,0.003938,0.000019
2013-05-13,0.002968,0.000013
2013-05-14,0.004729,0.000026
2013-05-15,0.011100,0.000126
2013-05-16,0.004258,0.000071
2013-05-17,0.013780,0.000325
2013-05-20,0.018227,0.000818
2013-05-21,0.010490,0.000591
2013-05-22,0.049690,0.004089
2013-05-23,0.009526,0.000646
2013-05-24,0.002955,0.000146
2013-05-28,0.076978,0.005943
2013-05-29,0.014090,0.001061
2013-05-30,0.002866,0.000162
2013-05-31,0.013054,0.000789
2013-06-03,0.006683,0.000393
2013-06-04,0.005914,0.000251
2013-06-05,0.007379,0.000585
2013-06-06,0.002930,0.000204
2013-06-07,0.126154,0.010012
2013-06-10,0.018222,0.001453
2013-06-11,0.006416,0.000952
2013-06-12,0.014376,0.002531
2013-06-13,0.139801,0.026367
2013-06-14,0.050854,0.007813
2013-06-17,0.012488,0.002074
2013-06-18,0.005437,0.001009
2013-06-19,0.311184,0.060425
2013-06-20,0.999979,0.982674
2013-06-21,0.935744,0.906421
2013-06-24,0.632581,0.547161
2013-06-25,0.184808,0.134321
2013-06-26,0.819328,0.320869
2013-06-27,0.728675,0.206754
2013-06-28,0.564083,0.079299
2013-07-01,0.149104,0.008443
2013-07-02,0.019026,0.001782
2013-07-03,0.005522,0.000896
2013-07-05,0.986655,0.632473
2013-07-08,0.697236,0.257445
2013-07-09,0.180727,0.037331
2013-07-10,0.030854,0.005171
2013-07-11,0.812991,0.178413
2013-07-12,0.227864,0.022193
2013-07-15,0.045147,0.004486
2013-07-16,0.006401,0.000900
2013-07-17,0.013765,0.001824
2013-07-18,0.008989,0.001097
2013-07-19,0.009151,0.000910
2013-07-22,0.014343,0.001241
2013-07-23,0.003710,0.000210
2013-07-24,0.031250,0.001440
2013-07-25,0.005267,0.000155
2013-07-26,0.003039,0.000044
2013-07-29,0.005115,0.000045
2013-07-30,0.003006,0.000018
2013-07-31,0.002586,0.000009
2013-08-01,0.048086,0.000576
2013-08-02,0.026970,0.000740
2013-08-05,0.006801,0.000162
2013-08-06,0.004221,0.000074
2013-08-07,0.003358,0.000042
2013-08-08,0.007112,0.000078
2013-08-09,0.003347,0.000030
2013-08-12,0.010416,0.000102
2013-08-13,0.019157,0.000346
2013-08-14,0.005881,0.000093
2013-08-15,0.758690,0.064301
2013-08-16,0.231870,0.009118
2013-08-19,0.113076,0.005736
2013-08-20,0.024976,0.002033
2013-08-21,0.051206,0.006819
2013-08-22,0.021199,0.003127
2013-08-23,0.033358,0.005433
2013-08-26,0.007416,0.001259
2013-08-27,0.067465,0.007976
2013-08-28,0.013862,0.002916
2013-08-29,0.014048,0.003511
2013-08-30,0.006193,0.001692
2013-09-03,0.008313,0.002031
2013-09-04,0.028206,0.004738
2013-09-05,0.063428,0.010579
2013-09-06,0.030988,0.005509
2013-09-09,0.024219,0.004767
2013-09-10,0.057654,0.008496
2013-09-11,0.013781,0.003131
2013-09-12,0.036421,0.006333
2013-09-13,0.006138,0.001693
2013-09-16,0.007430,0.001667
2013-09-17,0.005254,0.000883
2013-09-18,0.982681,0.491047
2013-09-19,0.511199,0.102693
2013-09-20,0.709199,0.074225
2013-09-23,0.230821,0.012661
2013-09-24,0.040404,0.003199
2013-09-25,0.007060,0.001184
2013-09-26,0.003422,0.000515
2013-09-27,0.002949,0.000205
2013-09-30,0.003171,0.000092
2013-10-01,0.025907,0.000764
2013-10-02,0.012429,0.000518
2013-10-03,0.004809,0.000196
2013-10-04,0.003784,0.000086
2013-10-07,0.022586,0.000711
2013-10-08,0.012595,0.000775
2013-10-09,0.007774,0.000460
2013-10-10,0.042615,0.003887
2013-10-11,0.016295,0.001693
2013-10-14,0.005172,0.000495
2013-10-15,0.004136,0.000239
2013-10-16,0.020615,0.000990
2013-10-17,0.024138,0.001221
2013-10-18,0.006931,0.000254
2013-10-21,0.002980,0.000054
2013-10-22,0.013227,0.000174
2013-10-23,0.004995,0.000072
2013-10-24,0.002791,0.000025
2013-10-25,0.002670,0.000011
2013-10-28,0.002593,0.000007
2013-10-29,0.003257,0.000008
2013-10-30,0.005437,0.000021
2013-10-31,0.009371,0.000073
2013-11-01,0.008311,0.000097
2013-11-04,0.005005,0.000044
2013-11-05,0.013234,0.000133
2013-11-06,0.003504,0.000028
2013-11-07,0.007606,0.000114
2013-11-08,0.150536,0.010479
2013-11-11,0.017499,0.000853
2013-11-12,0.009958,0.000550
2013-11-13,0.005987,0.000258
2013-11-14,0.005967,0.000152
2013-11-15,0.003934,0.000051
2013-11-18,0.005866,0.000057
2013-11-19,0.006059,0.000057
2013-11-20,0.042652,0.000652
2013-11-21,0.007998,0.000112
2013-11-22,0.006518,0.000078
2013-11-25,0.002926,0.000022
2013-11-26,0.003801,0.000018
2013-11-27,0.002940,0.000011
2013-11-29,0.002467,0.000007
2013-12-02,0.029520,0.000190
2013-12-03,0.005384,0.000062
2013-12-04,0.022048,0.000430
2013-12-05,0.006481,0.000123
2013-12-06,0.007407,0.000124
2013-12-09,0.003487,0.000038
2013-12-10,0.007589,0.000076
2013-12-11,0.024866,0.000625
2013-12-12,0.032294,0.001329
2013-12-13,0.005402,0.000197
2013-12-16,0.002999,0.000059
2013-12-17,0.002916,0.000027
2013-12-18,0.007703,0.000080
2013-12-19,0.013546,0.000256
2013-12-20,0.012838,0.000310
2013-12-23,0.004858,0.000083
2013-12-24,0.003737,0.000036
2013-12-26,0.002952,0.000015
2013-12-27,0.002540,0.000008
2013-12-30,0.008465,0.000029
2013-12-31,0.004579,0.000023
2014-01-02,0.055362,0.001036
2014-01-03,0.008051,0.000259
2014-01-06,0.003984,0.000121
2014-01-07,0.005830,0.000100
2014-01-08,0.006361,0.000066
2014-01-09,0.003408,0.000023
2014-01-10,0.033074,0.000285
2014-01-13,0.019912,0.000396
2014-01-14,0.014355,0.000512
2014-01-15,0.003754,0.000098
2014-01-16,0.003400,0.000042
2014-01-17,0.003468,0.000024
2014-01-21,0.003685,0.000017
2014-01-22,0.003187,0.000010
2014-01-23,0.017892,0.000151
2014-01-24,0.088135,0.004638
2014-01-27,0.030706,0.003102
2014-01-28,0.006347,0.000963
2014-01-29,0.011557,0.001857
2014-01-30,0.031170,0.004763
2014-01-31,0.007505,0.001469
2014-02-03,0.151145,0.011108
2014-02-04,0.028025,0.003498
2014-02-05,0.013487,0.003444
2014-02-06,0.008210,0.002440
2014-02-07,0.006453,0.001908
2014-02-10,0.003035,0.000621
2014-02-11,0.005091,0.000625
2014-02-12,0.003360,0.000197
2014-02-13,0.005120,0.000124
2014-02-14,0.007791,0.000128
2014-02-18,0.004840,0.000061
2014-02-19,0.005618,0.000050
2014-02-20,0.003187,0.000019
2014-02-21,0.003091,0.000011
2014-02-24,0.002953,0.000008
2014-02-25,0.003817,0.000012
2014-02-26,0.006861,0.000031
2014-02-27,0.006095,0.000034
2014-02-28,0.002982,0.000013
2014-03-03,0.036567,0.000426
2014-03-04,0.082373,0.004504
2014-03-05,0.010194,0.000693
2014-03-06,0.005753,0.000403
2014-03-07,0.011345,0.000494
2014-03-10,0.003699,0.000091
2014-03-11,0.005056,0.000077
2014-03-12,0.005221,0.000059
2014-03-13,0.011662,0.000292
2014-03-14,0.004266,0.000124
2014-03-17,0.013349,0.000317
2014-03-18,0.016426,0.000444
2014-03-19,0.051865,0.001864
2014-03-20,0.008520,0.000194
2014-03-21,0.004707,0.000080
2014-03-24,0.005512,0.000066
2014-03-25,0.003076,0.000023
2014-03-26,0.004936,0.000034
2014-03-27,0.002988,0.000018
2014-03-28,0.003177,0.000011
2014-03-31,0.004314,0.000013
2014-04-01,0.007025,0.000034
2014-04-02,0.003914,0.000021
2014-04-03,0.003175,0.000013
2014-04-04,0.019887,0.000252
2014-04-07,0.005497,0.000155
2014-04-08,0.003713,0.000069
2014-04-09,0.007492,0.000096
2014-04-10,0.066205,0.003137
2014-04-11,0.011619,0.001174
2014-04-14,0.003567,0.000428
2014-04-15,0.003630,0.000207
2014-04-16,0.005618,0.000169
2014-04-17,0.006758,0.000121
2014-04-21,0.003384,0.000029
2014-04-22,0.003116,0.000013
2014-04-23,0.003278,0.000011
2014-04-24,0.003086,0.000010
2014-04-25,0.007356,0.000041
2014-04-28,0.003361,0.000023
2014-04-29,0.003393,0.000013
2014-04-30,0.005256,0.000018
2014-05-01,0.005362,0.000023
2014-05-02,0.004008,0.000017
2014-05-05,0.003386,0.000012
2014-05-06,0.003485,0.000012
2014-05-07,0.003029,0.000010
2014-05-08,0.002929,0.000007
2014-05-09,0.002854,0.000006
2014-05-12,0.005199,0.000018
2014-05-13,0.004191,0.000024
2014-05-14,0.006741,0.000044
2014-05-15,0.004893,0.000049
2014-05-16,0.003385,0.000025
2014-05-19,0.003213,0.000013
2014-05-20,0.004028,0.000016
2014-05-21,0.004350,0.000021
2014-05-22,0.002930,0.000011
2014-05-23,0.003464,0.000009
2014-05-27,0.013348,0.000055
2014-05-28,0.008798,0.000077
2014-05-29,0.003552,0.000024
2014-05-30,0.003111,0.000012
2014-06-02,0.004837,0.000015
2014-06-03,0.007472,0.000026
2014-06-04,0.003043,0.000010
2014-06-05,0.004454,0.000014
2014-06-06,0.003580,0.000012
2014-06-09,0.002900,0.000008
2014-06-10,0.002934,0.000006
2014-06-11,0.002806,0.000006
2014-06-12,0.008219,0.000036
2014-06-13,0.003121,0.000018
2014-06-16,0.002803,0.000009
2014-06-17,0.004069,0.000011
2014-06-18,0.007865,0.000026
2014-06-19,0.198278,0.003819
2014-06-20,0.025506,0.000483
2014-06-23,0.004958,0.000112
2014-06-24,0.004524,0.000077
2014-06-25,0.003176,0.000028
2014-06-26,0.003150,0.000014
2014-06-27,0.002698,0.000008
2014-06-30,0.002596,0.000005
2014-07-01,0.005138,0.000011
2014-07-02,0.006549,0.000022
2014-07-03,0.004260,0.000014
2014-07-07,0.003811,0.000012
2014-07-08,0.006479,0.000037
2014-07-09,0.003339,0.000018
2014-07-10,0.006270,0.000026
2014-07-11,0.003832,0.000016
2014-07-14,0.009840,0.000038
2014-07-15,0.005080,0.000024
2014-07-16,0.003356,0.000011
2014-07-17,0.039756,0.000403
2014-07-18,0.026833,0.000811
2014-07-21,0.005024,0.000137
2014-07-22,0.004863,0.000068
2014-07-23,0.002917,0.000016
2014-07-24,0.008193,0.000030
2014-07-25,0.007487,0.000044
2014-07-28,0.003184,0.000015
2014-07-29,0.003117,0.000008
2014-07-30,0.012725,0.000045
2014-07-31,0.045732,0.000785
2014-08-01,0.011944,0.000383
2014-08-04,0.004394,0.000105
2014-08-05,0.005313,0.000083
2014-08-06,0.004236,0.000041
2014-08-07,0.004693,0.000033
2014-08-08,0.004241,0.000021
2014-08-11,0.003457,0.000011
2014-08-12,0.003773,0.000009
2014-08-13,0.006205,0.000016
2014-08-14,0.005198,0.000016
2014-08-15,0.006465,0.000024
2014-08-18,0.006190,0.000030
2014-08-19,0.003647,0.000014
2014-08-20,0.003462,0.000008
2014-08-21,0.003903,0.000008
2014-08-22,0.003005,0.000006
2014-08-25,0.004307,0.000008
2014-08-26,0.002893,0.000006
2014-08-27,0.003804,0.000007
2014-08-28,0.003662,0.000008
2014-08-29,0.002783,0.000006
2014-09-02,0.034992,0.000148
2014-09-03,0.006209,0.000038
2014-09-04,0.008318,0.000046
2014-09-05,0.003321,0.000013
2014-09-08,0.003843,0.000010
2014-09-09,0.005854,0.000019
2014-09-10,0.006867,0.000029
2014-09-11,0.004432,0.000017
2014-09-12,0.017309,0.000092
2014-09-15,0.005010,0.000035
2014-09-16,0.003367,0.000016
2014-09-17,0.004256,0.000013
2014-09-18,0.004990,0.000014
2014-09-19,0.008639,0.000043
2014-09-22,0.005711,0.000052
2014-09-23,0.004034,0.000034
2014-09-24,0.005560,0.000034
2014-09-25,0.019722,0.000378
2014-09-26,0.004812,0.000136
2014-09-29,0.004286,0.000078
2014-09-30,0.009646,0.000127
2014-10-01,0.054706,0.002441
2014-10-02,0.011567,0.000659
2014-10-03,0.018034,0.001049
2014-10-06,0.010780,0.000552
2014-10-07,0.014817,0.001210
2014-10-08,0.023222,0.002551
2014-10-09,0.183225,0.013993
2014-10-10,0.118071,0.006462
2014-10-13,0.022809,0.002526
2014-10-14,0.007442,0.001778
2014-10-15,0.005187,0.001180
2014-10-16,0.005422,0.000734
2014-10-17,0.005836,0.000439
2014-10-20,0.005180,0.000197
2014-10-21,0.007781,0.000229
2014-10-22,0.005902,0.000140
2014-10-23,0.005639,0.000103
2014-10-24,0.004490,0.000044
2014-10-27,0.003057,0.000014
2014-10-28,0.011973,0.000080
2014-10-29,0.004355,0.000038
2014-10-30,0.020324,0.000172
2014-10-31,0.032695,0.000517
2014-11-03,0.006002,0.000080
2014-11-04,0.003554,0.000027
2014-11-05,0.018428,0.000141
2014-11-06,0.006371,0.000055
2014-11-07,0.014912,0.000148
2014-11-10,0.012704,0.000146
2014-11-11,0.004136,0.000033
2014-11-12,0.003451,0.000014
2014-11-13,0.003267,0.000008
2014-11-14,0.013909,0.000056
2014-11-17,0.005253,0.000034
2014-11-18,0.004016,0.000018
2014-11-19,0.006319,0.000022
2014-11-20,0.004193,0.000015
2014-11-21,0.006264,0.000022
2014-11-24,0.003786,0.000012
2014-11-25,0.003860,0.000010
2014-11-26,0.004054,0.000010
2014-11-28,0.654826,0.013104
2014-12-01,0.999630,0.418107
2014-12-02,0.692396,0.115403
2014-12-03,0.137836,0.011833
2014-12-04,0.022941,0.002083
2014-12-05,0.013054,0.001397
2014-12-08,0.009507,0.001076
2014-12-09,0.019330,0.002052
2014-12-10,0.016934,0.002189
2014-12-11,0.004317,0.000646
2014-12-12,0.014824,0.002125
2014-12-15,0.145020,0.012080
2014-12-16,0.042627,0.004463
2014-12-17,0.040136,0.004833
2014-12-18,0.043990,0.005572
2014-12-19,0.014629,0.003325
2014-12-22,0.024514,0.004970
2014-12-23,0.121297,0.017578
2014-12-24,0.018960,0.003352
2014-12-26,0.005782,0.001295
2014-12-29,0.006309,0.001037
2014-12-30,0.011367,0.001128
2014-12-31,0.021092,0.001973
2015-01-02,0.009994,0.001113
2015-01-05,0.109752,0.008110
2015-01-06,0.131726,0.008026
2015-01-07,0.048109,0.003957
2015-01-08,0.054026,0.005485
2015-01-09,0.018782,0.002830
2015-01-12,0.006294,0.001419
2015-01-13,0.003326,0.000596
2015-01-14,0.004794,0.000417
2015-01-15,0.018207,0.001517
2015-01-16,0.104546,0.007281
2015-01-20,0.022656,0.002451
2015-01-21,0.008845,0.001422
2015-01-22,0.008582,0.001302
2015-01-23,0.012054,0.001736
2015-01-26,0.007296,0.000763
2015-01-27,0.015617,0.001111
2015-01-28,0.025799,0.002683
2015-01-29,0.302442,0.019920
2015-01-30,0.764045,0.033307
2015-02-02,0.331897,0.007465
2015-02-03,0.322933,0.008056
2015-02-04,0.046635,0.001993
2015-02-05,0.013221,0.001729
2015-02-06,0.608554,0.059430
2015-02-09,0.194994,0.009961
2015-02-10,0.055290,0.003554
2015-02-11,0.010539,0.001185
2015-02-12,0.007918,0.001035
2015-02-13,0.006258,0.000653
2015-02-17,0.060048,0.005436
2015-02-18,0.014072,0.001096
2015-02-19,0.007549,0.000419
2015-02-20,0.005329,0.000146
2015-02-23,0.005736,0.000097
2015-02-24,0.045921,0.001117
2015-02-25,0.011230,0.000200
2015-02-26,0.015257,0.000314
2015-02-27,0.006873,0.000108
2015-03-02,0.035851,0.000931
2015-03-03,0.010769,0.000194
2015-03-04,0.005013,0.000066
2015-03-05,0.003073,0.000022
2015-03-06,0.882802,0.107069
2015-03-09,0.414491,0.017117
2015-03-10,0.279723,0.006968
2015-03-11,0.050621,0.002141
2015-03-12,0.012545,0.001255
2015-03-13,0.006843,0.000726
2015-03-16,0.016617,0.001384
2015-03-17,0.007228,0.000388
2015-03-18,0.836992,0.121804
2015-03-19,0.472500,0.026772
2015-03-20,0.474337,0.016059
2015-03-23,0.097657,0.003053
2015-03-24,0.020768,0.001617
2015-03-25,0.126533,0.009269
2015-03-26,0.197017,0.011781
2015-03-27,0.111348,0.006721
2015-03-30,0.032073,0.002943
2015-03-31,0.008442,0.001305
2015-04-01,0.017516,0.002826
2015-04-02,0.008002,0.001192
2015-04-06,0.006199,0.000632
2015-04-07,0.004539,0.000263
2015-04-08,0.026255,0.001054
2015-04-09,0.030058,0.001297
2015-04-10,0.007308,0.000223
2015-04-13,0.004348,0.000079
2015-04-14,0.004508,0.000046
2015-04-15,0.003665,0.000024
2015-04-16,0.003088,0.000014
2015-04-17,0.012691,0.000147
2015-04-20,0.010041,0.000138
2015-04-21,0.003954,0.000034
2015-04-22,0.013697,0.000149
2015-04-23,0.005585,0.000047
2015-04-24,0.009194,0.000075
2015-04-27,0.017745,0.000201
2015-04-28,0.017390,0.000299
2015-04-29,0.026962,0.000598
2015-04-30,0.022701,0.000778
2015-05-01,0.012757,0.000631
2015-05-04,0.006704,0.000243
2015-05-05,0.018875,0.000624
2015-05-06,0.035262,0.001546
2015-05-07,0.021306,0.000941
2015-05-08,0.021126,0.001013
2015-05-11,0.442686,0.038376
2015-05-12,0.119075,0.005871
2015-05-13,0.030842,0.001770
2015-05-14,0.015931,0.001443
2015-05-15,0.036584,0.004318
2015-05-18,0.038056,0.004417
2015-05-19,0.064640,0.006400
2015-05-20,0.008906,0.000962
2015-05-21,0.012076,0.001255
2015-05-22,0.004470,0.000250
2015-05-26,0.029862,0.002238
2015-05-27,0.012755,0.001131
2015-05-28,0.004778,0.000288
2015-05-29,0.005083,0.000158
2015-06-01,0.008111,0.000165
2015-06-02,0.016264,0.000336
2015-06-03,0.060389,0.002037
2015-06-04,0.026823,0.001209
2015-06-05,0.030988,0.001951
2015-06-08,0.006283,0.000288
2015-06-09,0.008746,0.000262
2015-06-10,0.009029,0.000273
2015-06-11,0.057797,0.003135
2015-06-12,0.010592,0.000389
2015-06-15,0.004908,0.000123
2015-06-16,0.005525,0.000080
2015-06-17,0.004222,0.000035
2015-06-18,0.004784,0.000037
2015-06-19,0.008494,0.000094
2015-06-22,0.045382,0.001366
2015-06-23,0.012612,0.000279
2015-06-24,0.005957,0.000117
2015-06-25,0.004187,0.000047
2015-06-26,0.014292,0.000157
2015-06-29,0.392046,0.015314
2015-06-30,0.062612,0.002778
2015-07-01,0.017628,0.002374
2015-07-02,0.004682,0.000575
2015-07-06,0.014850,0.002032
2015-07-07,0.011316,0.001434
2015-07-08,0.071360,0.005711
2015-07-09,0.057086,0.007277
2015-07-10,0.069665,0.007246
2015-07-13,0.018094,0.002978
2015-07-14,0.007948,0.002032
2015-07-15,0.008228,0.001915
2015-07-16,0.009594,0.001870
2015-07-17,0.005742,0.000805
2015-07-20,0.010704,0.000974
2015-07-21,0.004047,0.000230
2015-07-22,0.003808,0.000138
2015-07-23,0.008169,0.000333
2015-07-24,0.012952,0.000534
2015-07-27,0.007110,0.000319
2015-07-28,0.004903,0.000197
2015-07-29,0.003306,0.000080
2015-07-30,0.004005,0.000072
2015-07-31,0.007312,0.000129
2015-08-03,0.006639,0.000144
2015-08-04,0.006599,0.000114
2015-08-05,0.004581,0.000065
2015-08-06,0.007275,0.000168
2015-08-07,0.005495,0.000113
2015-08-10,0.011690,0.000464
2015-08-11,0.022284,0.001575
2015-08-12,0.010831,0.000615
2015-08-13,0.004861,0.000184
2015-08-14,0.003463,0.000074
2015-08-17,0.003260,0.000051
2015-08-18,0.007221,0.000115
2015-08-19,0.011116,0.000301
2015-08-20,0.332895,0.020350
2015-08-21,0.796262,0.023820
2015-08-24,0.999775,0.235628
2015-08-25,0.855164,0.118563
2015-08-26,0.999560,0.601017
2015-08-27,0.963822,0.405081
2015-08-28,0.580986,0.078963
2015-08-31,0.226125,0.016234
2015-09-01,0.897744,0.030085
2015-09-02,0.690340,0.009816
2015-09-03,0.156434,0.002252
2015-09-04,0.097686,0.002811
2015-09-08,0.286214,0.008221
2015-09-09,0.091326,0.003184
2015-09-10,0.014266,0.001744
2015-09-11,0.005045,0.001286
2015-09-14,0.003721,0.000699
2015-09-15,0.018012,0.003193
2015-09-16,0.017452,0.002316
2015-09-17,0.020972,0.003424
2015-09-18,0.034979,0.004020
2015-09-21,0.025687,0.004898
2015-09-22,0.034956,0.003828
2015-09-23,0.007782,0.001757
2015-09-24,0.007608,0.001820
2015-09-25,0.006362,0.001421
2015-09-28,0.119644,0.006139
2015-09-29,0.017029,0.001956
2015-09-30,0.086020,0.008880
2015-10-01,0.012175,0.002123
2015-10-02,0.082538,0.010689
2015-10-05,0.069604,0.006020
2015-10-06,0.020746,0.002782
2015-10-07,0.009956,0.002271
2015-10-08,0.006396,0.001942
2015-10-09,0.003569,0.000841
2015-10-12,0.003776,0.000499
2015-10-13,0.006821,0.000559
2015-10-14,0.007160,0.000468
2015-10-15,0.026556,0.002092
2015-10-16,0.005055,0.000275
2015-10-19,0.003477,0.000108
2015-10-20,0.005654,0.000117
2015-10-21,0.007023,0.000199
2015-10-22,0.013062,0.000397
2015-10-23,0.016163,0.000582
2015-10-26,0.004814,0.000121
2015-10-27,0.003893,0.000083
2015-10-28,0.004260,0.000088
2015-10-29,0.032612,0.000749
2015-10-30,0.007117,0.000099
2015-11-02,0.009796,0.000234
2015-11-03,0.005579,0.000098
2015-11-04,0.006176,0.000107
2015-11-05,0.003383,0.000045
2015-11-06,0.051437,0.001337
2015-11-09,0.039403,0.000830
2015-11-10,0.006579,0.000091
2015-11-11,0.003846,0.000054
2015-11-12,0.007871,0.000200
2015-11-13,0.007711,0.000258
2015-11-16,0.009101,0.000294
2015-11-17,0.005163,0.000117
2015-11-18,0.009764,0.000252
2015-11-19,0.004149,0.000073
2015-11-20,0.003254,0.000046
2015-11-23,0.002991,0.000040
2015-11-24,0.002974,0.000038
2015-11-25,0.002786,0.000033
2015-11-27,0.003410,0.000044
2015-11-30,0.002982,0.000037
2015-12-01,0.016770,0.000324
2015-12-02,0.022013,0.000516
2015-12-03,0.933706,0.384280
2015-12-04,0.837843,0.219319
2015-12-07,0.613361,0.060289
2015-12-08,0.159779,0.006875
2015-12-09,0.036388,0.001708
2015-12-10,0.006529,0.000463
2015-12-11,0.067399,0.005363
2015-12-14,0.046279,0.006634
2015-12-15,0.010462,0.001884
2015-12-16,0.012980,0.002287
2015-12-17,0.026744,0.003382
2015-12-18,0.053803,0.005271
2015-12-21,0.009269,0.001879
2015-12-22,0.005356,0.001583
2015-12-23,0.005546,0.001313
2015-12-24,0.003410,0.000561
2015-12-28,0.006034,0.000547
2015-12-29,0.009321,0.000830
2015-12-30,0.006969,0.000271
2015-12-31,0.006531,0.000217
2016-01-04,0.046278,0.002633
2016-01-05,0.008589,0.000553
2016-01-06,0.018275,0.001767
2016-01-07,0.686653,0.030463
2016-01-08,0.324689,0.006336
2016-01-11,0.110192,0.003769
2016-01-12,0.107138,0.006471
2016-01-13,0.475565,0.012858
2016-01-14,0.622388,0.015236
2016-01-15,0.955651,0.023089
2016-01-19,0.385982,0.003392
2016-01-20,0.117851,0.002057
2016-01-21,0.018882,0.001193
2016-01-22,0.150714,0.008878
2016-01-25,0.113051,0.004868
2016-01-26,0.069233,0.003928
2016-01-27,0.028606,0.002690
2016-01-28,0.016092,0.002788
2016-01-29,0.558233,0.048406
2016-02-01,0.119721,0.006685
2016-02-02,0.280020,0.007641
2016-02-03,0.128535,0.003792
2016-02-04,0.019941,0.001704
2016-02-05,0.203672,0.010120
2016-02-08,0.223740,0.008137
2016-02-09,0.068651,0.003251
2016-02-10,0.013534,0.001786
2016-02-11,0.155614,0.010058
2016-02-12,0.114053,0.006927
2016-02-16,0.846918,0.056321
2016-02-17,0.564885,0.013393
2016-02-18,0.370187,0.006543
2016-02-19,0.056860,0.001772
2016-02-22,0.052184,0.003916
2016-02-23,0.049859,0.003764
2016-02-24,0.007300,0.001157
2016-02-25,0.007040,0.001143
2016-02-26,0.011114,0.001222
2016-02-29,0.007727,0.000538
2016-03-01,0.164315,0.012001
2016-03-02,0.024121,0.002243
2016-03-03,0.008827,0.001327
2016-03-04,0.005707,0.000849
2016-03-07,0.005225,0.000478
2016-03-08,0.014383,0.001419
2016-03-09,0.004729,0.000452
2016-03-10,0.006747,0.000356
2016-03-11,0.034372,0.002497
2016-03-14,0.008702,0.000542
2016-03-15,0.005756,0.000269
2016-03-16,0.023431,0.001244
2016-03-17,0.010318,0.000485
2016-03-18,0.005328,0.000161
2016-03-21,0.004485,0.000075
2016-03-22,0.003489,0.000036
2016-03-23,0.068903,0.002968
2016-03-24,0.009878,0.000352
2016-03-28,0.003628,0.000096
2016-03-29,0.056576,0.002199
2016-03-30,0.017177,0.000438
2016-03-31,0.006715,0.000144
2016-04-01,0.010540,0.000203
2016-04-04,0.005401,0.000086
2016-04-05,0.021783,0.000695
2016-04-06,0.012048,0.000449
2016-04-07,0.027482,0.001670
2016-04-08,0.008012,0.000556
2016-04-11,0.010322,0.000633
2016-04-12,0.008104,0.000544
2016-04-13,0.032209,0.002158
2016-04-14,0.010138,0.000516
2016-04-15,0.005422,0.000198
2016-04-18,0.003584,0.000070
2016-04-19,0.026386,0.000782
2016-04-20,0.011746,0.000321
2016-04-21,0.006557,0.000124
2016-04-22,0.003597,0.000042
2016-04-25,0.005165,0.000053
2016-04-26,0.003976,0.000038
2016-04-27,0.005856,0.000066
2016-04-28,0.042150,0.001038
2016-04-29,0.017877,0.000448
2016-05-02,0.009101,0.000244
2016-05-03,0.016296,0.000824
2016-05-04,0.008535,0.000469
2016-05-05,0.004365,0.000177
2016-05-06,0.004589,0.000108
2016-05-09,0.016712,0.000413
2016-05-10,0.010300,0.000276
2016-05-11,0.012038,0.000344
2016-05-12,0.005465,0.000115
2016-05-13,0.006239,0.000136
2016-05-16,0.005873,0.000132
2016-05-17,0.007953,0.000151
2016-05-18,0.064663,0.002193
2016-05-19,0.015091,0.000343
2016-05-20,0.007300,0.000153
2016-05-23,0.003554,0.000048
2016-05-24,0.022070,0.000473
2016-05-25,0.005819,0.000089
2016-05-26,0.004075,0.000047
2016-05-27,0.003327,0.000029
2016-05-31,0.003373,0.000027
2016-06-01,0.002856,0.000021
2016-06-02,0.004822,0.000042
2016-06-03,0.046943,0.001186
2016-06-06,0.009100,0.000141
2016-06-07,0.003703,0.000042
2016-06-08,0.019452,0.000392
2016-06-09,0.009051,0.000184
2016-06-10,0.024268,0.001008
2016-06-13,0.016030,0.000875
2016-06-14,0.005071,0.000246
2016-06-15,0.003945,0.000109
2016-06-16,0.009190,0.000183
2016-06-17,0.021069,0.000490
2016-06-20,0.012028,0.000369
2016-06-21,0.010134,0.000253
2016-06-22,0.003599,0.000054
2016-06-23,0.021034,0.000723
2016-06-24,1.000000,0.988412
2016-06-27,0.974526,0.863580
2016-06-28,0.934570,0.675386
2016-06-29,0.767356,0.273803
2016-06-30,0.444783,0.054824
2016-07-01,0.424683,0.028392
2016-07-05,0.220624,0.007815
2016-07-06,0.027559,0.001881
2016-07-07,0.026799,0.003776
2016-07-08,0.054761,0.007106
2016-07-11,0.015520,0.002977
2016-07-12,0.016005,0.004022
2016-07-13,0.006428,0.001495
2016-07-14,0.008924,0.001746
2016-07-15,0.007243,0.000871
2016-07-18,0.003449,0.000237
2016-07-19,0.003711,0.000231
2016-07-20,0.016787,0.001187
2016-07-21,0.008861,0.000472
2016-07-22,0.004617,0.000201
2016-07-25,0.004141,0.000181
2016-07-26,0.003117,0.000125
2016-07-27,0.008494,0.000480
2016-07-28,0.003346,0.000124
2016-07-29,0.006883,0.000360
2016-08-01,0.006551,0.000283
2016-08-02,0.016784,0.000899
2016-08-03,0.004460,0.000154
2016-08-04,0.004658,0.000204
2016-08-05,0.029750,0.002468
2016-08-08,0.005183,0.000187
2016-08-09,0.005975,0.000281
2016-08-10,0.003403,0.000142
2016-08-11,0.005890,0.000307
2016-08-12,0.004572,0.000216
2016-08-15,0.004748,0.000250
2016-08-16,0.004563,0.000200
2016-08-17,0.003337,0.000142
2016-08-18,0.003358,0.000142
2016-08-19,0.007315,0.000348
2016-08-22,0.005745,0.000282
2016-08-23,0.003047,0.000117
2016-08-24,0.006149,0.000309
2016-08-25,0.003790,0.000151
2016-08-26,0.005284,0.000227
2016-08-29,0.009123,0.000474
2016-08-30,0.005593,0.000231
2016-08-31,0.003762,0.000157
2016-09-01,0.003146,0.000126
2016-09-02,0.008753,0.000702
2016-09-06,0.016344,0.001159
2016-09-07,0.004000,0.000154
2016-09-08,0.011745,0.000612
2016-09-09,0.935499,0.623350
2016-09-12,0.552150,0.158305
2016-09-13,0.825418,0.222033
2016-09-14,0.230327,0.020289
2016-09-15,0.065767,0.004095
2016-09-16,0.010956,0.000835
2016-09-19,0.004713,0.000438
2016-09-20,0.003026,0.000196
2016-09-21,0.032550,0.003713
2016-09-22,0.014156,0.000948
2016-09-23,0.006258,0.000354
2016-09-26,0.005849,0.000419
2016-09-27,0.031459,0.002518
2016-09-28,0.006707,0.000316
2016-09-29,0.008036,0.000558
2016-09-30,0.005048,0.000276
2016-10-03,0.004843,0.000219
2016-10-04,0.226437,0.032659
2016-10-05,0.050345,0.002701
2016-10-06,0.012049,0.000393
2016-10-07,0.004529,0.000183
2016-10-10,0.004076,0.000212
2016-10-11,0.022735,0.002092
2016-10-12,0.004850,0.000209
2016-10-13,0.004457,0.000230
2016-10-14,0.006880,0.000330
2016-10-17,0.003823,0.000167
2016-10-18,0.005545,0.000276
2016-10-19,0.003186,0.000128
2016-10-20,0.003549,0.000149
2016-10-21,0.002846,0.000113
2016-10-24,0.003177,0.000135
2016-10-25,0.003232,0.000137
2016-10-26,0.007792,0.000385
2016-10-27,0.010782,0.000496
2016-10-28,0.004452,0.000170
2016-10-31,0.003416,0.000141
2016-11-01,0.006855,0.000372
2016-11-02,0.005170,0.000297
2016-11-03,0.005213,0.000232
2016-11-04,0.004214,0.000209
2016-11-07,0.101726,0.020571
2016-11-08,0.014843,0.001191
2016-11-09,0.984674,0.915549
2016-11-10,0.876035,0.731291
2016-11-11,0.950731,0.706317
2016-11-14,0.576426,0.257579
2016-11-15,0.173649,0.040260
2016-11-16,0.033169,0.005209
2016-11-17,0.021904,0.003597
2016-11-18,0.007737,0.000941
2016-11-21,0.004721,0.000426
2016-11-22,0.003455,0.000218
2016-11-23,0.006600,0.000357
2016-11-25,0.003292,0.000134
2016-11-28,0.005960,0.000352
2016-11-29,0.004317,0.000187
2016-11-30,0.027122,0.001718
2016-12-01,0.037180,0.001870
2016-12-02,0.011911,0.000446
2016-12-05,0.005607,0.000241
2016-12-06,0.003601,0.000148
2016-12-07,0.016958,0.001162
2016-12-08,0.007037,0.000316
2016-12-09,0.008060,0.000388
2016-12-12,0.008163,0.000419
2016-12-13,0.007681,0.000363
2016-12-14,0.155653,0.015362
2016-12-15,0.172308,0.011508
2016-12-16,0.035915,0.001119
2016-12-19,0.011472,0.000429
2016-12-20,0.004003,0.000161
2016-12-21,0.004531,0.000229
2016-12-22,0.003976,0.000177
2016-12-23,0.003055,0.000122
2016-12-27,0.004622,0.000232
2016-12-28,0.003971,0.000199
2016-12-29,0.005053,0.000342
2016-12-30,0.003695,0.000241
2017-01-03,0.004278,0.000282
2017-01-04,0.005606,0.000408
2017-01-05,0.017051,0.001520
2017-01-06,0.009220,0.000518
2017-01-09,0.005560,0.000367
2017-01-10,0.003250,0.000184
2017-01-11,0.003770,0.000228
2017-01-12,0.004397,0.000284
2017-01-13,0.003594,0.000213
2017-01-17,0.012800,0.001349
2017-01-18,0.017310,0.001213
2017-01-19,0.008889,0.000452
2017-01-20,0.004000,0.000226
2017-01-23,0.006683,0.000476
2017-01-24,0.005316,0.000366
2017-01-25,0.015336,0.001540
2017-01-26,0.004901,0.000289
2017-01-27,0.003291,0.000195
2017-01-30,0.006037,0.000420
2017-01-31,0.009202,0.000729
2017-02-01,0.004313,0.000242
2017-02-02,0.003246,0.000189
2017-02-03,0.003702,0.000233
2017-02-06,0.005176,0.000398
2017-02-07,0.004064,0.000265
2017-02-08,0.008031,0.000614
2017-02-09,0.007782,0.000596
2017-02-10,0.004746,0.000318
2017-02-13,0.005364,0.000339
2017-02-14,0.004709,0.000290
2017-02-15,0.003709,0.000231
2017-02-16,0.003886,0.000256
2017-02-17,0.004171,0.000274
2017-02-21,0.003520,0.000219
2017-02-22,0.003092,0.000182
2017-02-23,0.004055,0.000270
2017-02-24,0.006515,0.000552
2017-02-27,0.004564,0.000270
2017-02-28,0.004674,0.000316
2017-03-01,0.018785,0.003311
2017-03-02,0.035908,0.003921
2017-03-03,0.006332,0.000333
2017-03-06,0.004433,0.000258
2017-03-07,0.005366,0.000334
2017-03-08,0.016751,0.001295
2017-03-09,0.013071,0.000762
2017-03-10,0.007023,0.000388
2017-03-13,0.004311,0.000256
2017-03-14,0.003830,0.000257
2017-03-15,0.149517,0.022640
2017-03-16,0.021129,0.001057
2017-03-17,0.005873,0.000288
2017-03-20,0.003676,0.000214
2017-03-21,0.014902,0.002220
2017-03-22,0.004814,0.000312
2017-03-23,0.003167,0.000185
2017-03-24,0.003048,0.000181
2017-03-27,0.003572,0.000226
2017-03-28,0.004111,0.000282
2017-03-29,0.004239,0.000270
2017-03-30,0.004547,0.000269
2017-03-31,0.003695,0.000229
2017-04-03,0.005896,0.000467
2017-04-04,0.004524,0.000278
2017-04-05,0.004007,0.000270
2017-04-06,0.003070,0.000175
2017-04-07,0.004148,0.000243
2017-04-10,0.003464,0.000211
2017-04-11,0.008124,0.000648
2017-04-12,0.004754,0.000322
2017-04-13,0.004770,0.000351
2017-04-17,0.005055,0.000357
2017-04-18,0.008260,0.000817
2017-04-19,0.007205,0.000452
2017-04-20,0.006813,0.000495
2017-04-21,0.003601,0.000205
2017-04-24,0.025683,0.003165
2017-04-25,0.015676,0.001295
2017-04-26,0.005576,0.000332
2017-04-27,0.004538,0.000275
2017-04-28,0.003598,0.000225
2017-05-01,0.005779,0.000397
2017-05-02,0.005086,0.000319
2017-05-03,0.009317,0.000699
2017-05-04,0.010774,0.000717
2017-05-05,0.004745,0.000287
2017-05-08,0.004852,0.000281
2017-05-09,0.004550,0.000270
2017-05-10,0.003673,0.000228
2017-05-11,0.003391,0.000203
2017-05-12,0.005504,0.000389
2017-05-15,0.003732,0.000241
2017-05-16,0.003286,0.000195
2017-05-17,0.177814,0.072189
2017-05-18,0.027505,0.004597
2017-05-19,0.009999,0.001051
2017-05-22,0.004947,0.000428
2017-05-23,0.004456,0.000307
2017-05-24,0.003929,0.000253
2017-05-25,0.005577,0.000365
2017-05-26,0.003572,0.000211
2017-05-30,0.003859,0.000263
2017-05-31,0.003326,0.000202
2017-06-01,0.005188,0.000359
2017-06-02,0.012547,0.000926
2017-06-05,0.005968,0.000315
2017-06-06,0.004580,0.000300
2017-06-07,0.004164,0.000241
2017-06-08,0.004326,0.000259
2017-06-09,0.005015,0.000319
2017-06-12,0.003733,0.000220
2017-06-13,0.003729,0.000226
2017-06-14,0.012488,0.001349
2017-06-15,0.006914,0.000438
2017-06-16,0.003439,0.000192
2017-06-19,0.009482,0.000755
2017-06-20,0.006365,0.000570
2017-06-21,0.003819,0.000228
2017-06-22,0.003169,0.000188
2017-06-23,0.003181,0.000194
2017-06-26,0.003429,0.000205
2017-06-27,0.048818,0.004588
2017-06-28,0.011703,0.000672
2017-06-29,0.024019,0.001666
2017-06-30,0.006328,0.000147
2017-07-03,0.004574,0.000101
2017-07-05,0.006111,0.000146
2017-07-06,0.013716,0.000423
2017-07-07,0.015431,0.000446
2017-07-10,0.004349,0.000081
2017-07-11,0.003463,0.000070
2017-07-12,0.012255,0.000392
2017-07-13,0.004834,0.000094
2017-07-14,0.005504,0.000146
2017-07-17,0.003729,0.000077
2017-07-18,0.004866,0.000117
2017-07-19,0.003771,0.000080
2017-07-20,0.003161,0.000059
2017-07-21,0.003392,0.000069
2017-07-24,0.003225,0.000060
2017-07-25,0.010573,0.000351
2017-07-26,0.005456,0.000126
2017-07-27,0.005694,0.000128
2017-07-28,0.004114,0.000089
2017-07-31,0.003426,0.000067
2017-08-01,0.006525,0.000164
2017-08-02,0.003796,0.000072
2017-08-03,0.004908,0.000128
2017-08-04,0.005675,0.000130
2017-08-07,0.003570,0.000066
2017-08-08,0.004606,0.000098
2017-08-09,0.010053,0.000312
2017-08-10,0.041284,0.003013
2017-08-11,0.006757,0.000247
2017-08-14,0.006936,0.000263
2017-08-15,0.007319,0.000213
2017-08-16,0.005058,0.000127
2017-08-17,0.020218,0.001191
2017-08-18,0.004472,0.000121
2017-08-21,0.003158,0.000068
2017-08-22,0.006180,0.000170
2017-08-23,0.005404,0.000135
2017-08-24,0.003967,0.000078
2017-08-25,0.003435,0.000067
2017-08-28,0.004588,0.000105
2017-08-29,0.003644,0.000074
2017-08-30,0.003330,0.000064
2017-08-31,0.008259,0.000277
2017-09-01,0.005091,0.000122
2017-09-05,0.018087,0.001093
2017-09-06,0.005156,0.000140
2017-09-07,0.006980,0.000208
2017-09-08,0.004258,0.000089
2017-09-11,0.012324,0.000493
2017-09-12,0.004511,0.000095
2017-09-13,0.003903,0.000077
2017-09-14,0.003338,0.000065
2017-09-15,0.003428,0.000065
2017-09-18,0.007190,0.000174
2017-09-19,0.003441,0.000061
2017-09-20,0.003379,0.000063
2017-09-21,0.003920,0.000079
2017-09-22,0.003171,0.000060
2017-09-25,0.014664,0.000571
2017-09-26,0.007769,0.000188
2017-09-27,0.013222,0.000458
2017-09-28,0.004244,0.000083
2017-09-29,0.005935,0.000136
2017-10-02,0.004749,0.000096
2017-10-03,0.003716,0.000072
2017-10-04,0.003140,0.000059
2017-10-05,0.003381,0.000069
2017-10-06,0.003542,0.000068
2017-10-09,0.003916,0.000083
2017-10-10,0.003652,0.000077
2017-10-11,0.003149,0.000060
2017-10-12,0.003190,0.000062
2017-10-13,0.005183,0.000126
2017-10-16,0.003907,0.000075
2017-10-17,0.003514,0.000068
2017-10-18,0.003925,0.000079
2017-10-19,0.003719,0.000076
2017-10-20,0.006544,0.000165
2017-10-23,0.004449,0.000096
2017-10-24,0.004162,0.000086
2017-10-25,0.004778,0.000100
2017-10-26,0.004195,0.000083
2017-10-27,0.014749,0.000502
2017-10-30,0.006365,0.000163
2017-10-31,0.004241,0.000087
2017-11-01,0.004800,0.000112
2017-11-02,0.003431,0.000068
2017-11-03,0.003899,0.000079
2017-11-06,0.008637,0.000276
2017-11-07,0.004371,0.000098
2017-11-08,0.003213,0.000063
2017-11-09,0.005065,0.000114
2017-11-10,0.015002,0.000491
2017-11-13,0.004383,0.000081
2017-11-14,0.004025,0.000091
2017-11-15,0.005522,0.000164
2017-11-16,0.007389,0.000265
2017-11-17,0.005814,0.000156
2017-11-20,0.010374,0.000295
2017-11-21,0.006474,0.000160
2017-11-22,0.004151,0.000090
2017-11-24,0.003223,0.000061
2017-11-27,0.004023,0.000084
2017-11-28,0.008905,0.000232
2017-11-29,0.013630,0.000386
2017-11-30,0.005367,0.000104
2017-12-01,0.006981,0.000216
2017-12-04,0.004638,0.000103
2017-12-05,0.004938,0.000121
2017-12-06,0.004957,0.000122
2017-12-07,0.005302,0.000119
2017-12-08,0.003497,0.000070
2017-12-11,0.003472,0.000066
2017-12-12,0.003230,0.000060
2017-12-13,0.006054,0.000154
2017-12-14,0.004226,0.000092
2017-12-15,0.004052,0.000088
2017-12-18,0.005281,0.000162
2017-12-19,0.016696,0.000560
2017-12-20,0.008147,0.000189
2017-12-21,0.004521,0.000091
2017-12-22,0.003948,0.000084
2017-12-26,0.006422,0.000169
2017-12-27,0.007744,0.000229
2017-12-28,0.004066,0.000087
2017-12-29,0.004185,0.000083
2018-01-02,0.008120,0.000370
2018-01-03,0.005867,0.000139
2018-01-04,0.004342,0.000082
2018-01-05,0.004339,0.000084
2018-01-08,0.003216,0.000054
2018-01-09,0.009554,0.000272
2018-01-10,0.004086,0.000070
2018-01-11,0.007211,0.000166
2018-01-12,0.004745,0.000104
2018-01-16,0.004062,0.000081
2018-01-17,0.007415,0.000180
2018-01-18,0.007241,0.000162
2018-01-19,0.004555,0.000101
2018-01-22,0.003995,0.000080
2018-01-23,0.004895,0.000107
2018-01-24,0.016668,0.000672
2018-01-25,0.010968,0.000353
2018-01-26,0.006642,0.000201
2018-01-29,0.012823,0.000432
2018-01-30,0.016461,0.000557
2018-01-31,0.007395,0.000192
2018-02-01,0.018984,0.000737
2018-02-02,0.507515,0.046899
2018-02-05,0.999725,0.325584
2018-02-06,0.986173,0.345802
2018-02-07,0.886374,0.146906
2018-02-08,0.999824,0.550338
2018-02-09,0.669709,0.138551
2018-02-12,0.386347,0.032141
2018-02-13,0.058776,0.003424
2018-02-14,0.070100,0.004148
2018-02-15,0.039048,0.003407
2018-02-16,0.008335,0.001304
2018-02-20,0.008648,0.001251
2018-02-21,0.010815,0.001246
2018-02-22,0.005647,0.000380
2018-02-23,0.048570,0.003761
2018-02-26,0.013109,0.000673
2018-02-27,0.070143,0.005228
2018-02-28,0.024045,0.001772
2018-03-01,0.014319,0.001431
2018-03-02,0.006546,0.000761
2018-03-05,0.004329,0.000299
2018-03-06,0.005024,0.000226
2018-03-07,0.005379,0.000149
2018-03-08,0.004660,0.000103
2018-03-09,0.012337,0.000633
2018-03-12,0.004880,0.000115
2018-03-13,0.005893,0.000159
2018-03-14,0.004442,0.000098
2018-03-15,0.003837,0.000072
2018-03-16,0.003592,0.000065
2018-03-19,0.018294,0.000692
2018-03-20,0.005318,0.000103
2018-03-21,0.009940,0.000321
2018-03-22,0.190501,0.015185
2018-03-23,0.700357,0.023707
2018-03-26,0.946303,0.031482
2018-03-27,0.881073,0.011231
2018-03-28,0.288031,0.002045
2018-03-29,0.224059,0.004288
2018-04-02,0.683576,0.011588
2018-04-03,0.275325,0.003809
2018-04-04,0.050346,0.001588
2018-04-05,0.009845,0.000841
2018-04-06,0.047696,0.003805
2018-04-09,0.008157,0.001086
2018-04-10,0.019079,0.002491
2018-04-11,0.006442,0.000852
2018-04-12,0.012567,0.001299
2018-04-13,0.007332,0.000447
2018-04-16,0.003955,0.000139
2018-04-17,0.005966,0.000181
2018-04-18,0.012825,0.000620
2018-04-19,0.011936,0.000400
2018-04-20,0.019238,0.000720
2018-04-23,0.008594,0.000231
2018-04-24,0.020391,0.000749
2018-04-25,0.006941,0.000159
2018-04-26,0.014325,0.000474
2018-04-27,0.005456,0.000116
2018-04-30,0.005102,0.000120
2018-05-01,0.003913,0.000072
2018-05-02,0.004145,0.000079
2018-05-03,0.003859,0.000074
2018-05-04,0.005931,0.000155
2018-05-07,0.003398,0.000060
2018-05-08,0.003243,0.000055
2018-05-09,0.004063,0.000091
2018-05-10,0.010773,0.000348
2018-05-11,0.004489,0.000082
2018-05-14,0.004130,0.000076
2018-05-15,0.042370,0.002147
2018-05-16,0.008647,0.000192
2018-05-17,0.005072,0.000101
2018-05-18,0.005188,0.000129
2018-05-21,0.004134,0.000088
2018-05-22,0.003637,0.000066
2018-05-23,0.004975,0.000112
2018-05-24,0.004752,0.000104
2018-05-25,0.007124,0.000197
2018-05-29,0.111379,0.019138
2018-05-30,0.034935,0.004066
2018-05-31,0.008090,0.000750
2018-06-01,0.008984,0.000705
2018-06-04,0.005706,0.000287
2018-06-05,0.003547,0.000093
2018-06-06,0.005734,0.000202
2018-06-07,0.006858,0.000229
2018-06-08,0.003884,0.000079
2018-06-11,0.003344,0.000062
2018-06-12,0.003149,0.000053
2018-06-13,0.003725,0.000067
2018-06-14,0.005110,0.000112
2018-06-15,0.046676,0.003057
2018-06-18,0.008432,0.000213
2018-06-19,0.005894,0.000171
2018-06-20,0.005026,0.000130
2018-06-21,0.006589,0.000191
2018-06-22,0.005584,0.000145
2018-06-25,0.023001,0.001298
2018-06-26,0.004982,0.000127
2018-06-27,0.012652,0.000733
2018-06-28,0.004738,0.000134
2018-06-29,0.003849,0.000091
2018-07-02,0.013687,0.000321
2018-07-03,0.006534,0.000106
2018-07-05,0.005528,0.000091
2018-07-06,0.009079,0.000165
2018-07-09,0.007164,0.000134
2018-07-10,0.003892,0.000048
2018-07-11,0.030723,0.001553
2018-07-12,0.010557,0.000327
2018-07-13,0.005029,0.000099
2018-07-16,0.005964,0.000099
2018-07-17,0.007906,0.000127
2018-07-18,0.004124,0.000050
2018-07-19,0.004701,0.000071
2018-07-20,0.008462,0.000185
2018-07-23,0.011976,0.000261
2018-07-24,0.004783,0.000063
2018-07-25,0.006262,0.000126
2018-07-26,0.005722,0.000087
2018-07-27,0.005378,0.000083
2018-07-30,0.007382,0.000120
2018-07-31,0.005359,0.000078
2018-08-01,0.006584,0.000098
2018-08-02,0.004048,0.000049
2018-08-03,0.004662,0.000065
2018-08-06,0.003925,0.000048
2018-08-07,0.004279,0.000062
2018-08-08,0.003757,0.000046
2018-08-09,0.005003,0.000076
2018-08-10,0.011133,0.000317
2018-08-13,0.010501,0.000248
2018-08-14,0.004517,0.000073
2018-08-15,0.063873,0.004533
2018-08-16,0.012179,0.000622
2018-08-17,0.005923,0.000235
2018-08-20,0.005579,0.000140
2018-08-21,0.004876,0.000084
2018-08-22,0.004161,0.000057
2018-08-23,0.006006,0.000098
2018-08-24,0.009476,0.000234
2018-08-27,0.006263,0.000122
2018-08-28,0.005050,0.000074
2018-08-29,0.004236,0.000059
2018-08-30,0.006783,0.000128
2018-08-31,0.003735,0.000047
2018-09-04,0.014055,0.000321
2018-09-05,0.013792,0.000271
2018-09-06,0.005353,0.000082
2018-09-07,0.011865,0.000246
2018-09-10,0.004313,0.000055
2018-09-11,0.005273,0.000085
2018-09-12,0.004406,0.000061
2018-09-13,0.007614,0.000120
2018-09-14,0.006334,0.000088
2018-09-17,0.010031,0.000178
2018-09-18,0.007477,0.000149
2018-09-19,0.004593,0.000067
2018-09-20,0.008287,0.000151
2018-09-21,0.003996,0.000049
2018-09-24,0.004831,0.000065
2018-09-25,0.003900,0.000051
2018-09-26,0.008546,0.000180
2018-09-27,0.004242,0.000054
2018-09-28,0.025816,0.000831
2018-10-01,0.008064,0.000144
2018-10-02,0.009564,0.000199
2018-10-03,0.036474,0.001526
2018-10-04,0.132819,0.005706
2018-10-05,0.075442,0.002463
2018-10-08,0.012208,0.000345
2018-10-09,0.005977,0.000165
2018-10-10,0.928718,0.068524
2018-10-11,0.796287,0.018049
2018-10-12,0.511469,0.006086
2018-10-15,0.159987,0.002134
2018-10-16,0.624922,0.013008
2018-10-17,0.197331,0.003230
2018-10-18,0.426077,0.006054
2018-10-19,0.074270,0.001667
2018-10-22,0.012573,0.000889
2018-10-23,0.007290,0.000581
2018-10-24,0.992032,0.107577
2018-10-25,0.933686,0.049391
2018-10-26,0.721909,0.010687
2018-10-29,0.352648,0.003262
2018-10-30,0.220415,0.003597
2018-10-31,0.284058,0.007351
2018-11-01,0.312012,0.006444
2018-11-02,0.149738,0.004370
2018-11-05,0.018564,0.001103
2018-11-06,0.005861,0.000488
2018-11-07,0.091433,0.006248
2018-11-08,0.029816,0.001760
2018-11-09,0.031053,0.002158
2018-11-12,0.099559,0.004121
2018-11-13,0.023769,0.002035
2018-11-14,0.008659,0.001116
2018-11-15,0.017057,0.001892
2018-11-16,0.007817,0.000713
2018-11-19,0.094197,0.004988
2018-11-20,0.200625,0.005667
2018-11-21,0.047690,0.002237
2018-11-23,0.019854,0.001821
2018-11-26,0.029381,0.003126
2018-11-27,0.006513,0.000836
2018-11-28,0.140658,0.008506
2018-11-29,0.022908,0.001687
2018-11-30,0.006261,0.000632
2018-12-03,0.025017,0.002211
2018-12-04,0.963168,0.053276
2018-12-06,0.446472,0.006570
2018-12-07,0.904467,0.015387
2018-12-10,0.427664,0.003310
2018-12-11,0.059959,0.000978
2018-12-12,0.019715,0.001000
2018-12-13,0.007943,0.000415
2018-12-14,0.033156,0.002039
2018-12-17,0.044484,0.002630
2018-12-18,0.012863,0.001363
2018-12-19,0.040290,0.002970
2018-12-20,0.023548,0.002219
2018-12-21,0.130384,0.005279
2018-12-24,0.158640,0.003987
2018-12-26,0.997408,0.074929
2018-12-27,0.463464,0.008130
2018-12-28,0.158232,0.002903
2018-12-31,0.027084,0.000862
2019-01-02,0.009597,0.000427
2019-01-03,0.502585,0.021475
2019-01-04,0.996816,0.129466
2019-01-07,0.501744,0.015790
2019-01-08,0.114991,0.002649
2019-01-09,0.025386,0.001239
2019-01-10,0.007066,0.000494
2019-01-11,0.004993,0.000191
2019-01-14,0.008935,0.000226
2019-01-15,0.007199,0.000150
2019-01-16,0.004594,0.000064
2019-01-17,0.004893,0.000061
2019-01-18,0.008462,0.000137
2019-01-22,0.037109,0.001464
2019-01-23,0.006951,0.000135
2019-01-24,0.008082,0.000146
2019-01-25,0.019788,0.000841
2019-01-28,0.012587,0.000363
2019-01-29,0.008371,0.000195
2019-01-30,0.031100,0.001283
2019-01-31,0.028813,0.001043
2019-02-01,0.012609,0.000314
2019-02-04,0.006196,0.000112
2019-02-05,0.007807,0.000126
2019-02-06,0.006143,0.000085
2019-02-07,0.013577,0.000311
2019-02-08,0.005344,0.000074
2019-02-11,0.004878,0.000057
2019-02-12,0.009918,0.000178
2019-02-13,0.005419,0.000065
2019-02-14,0.005782,0.000076
2019-02-15,0.008272,0.000158
2019-02-19,0.005919,0.000085
2019-02-20,0.004139,0.000046
2019-02-21,0.008970,0.000129
2019-02-22,0.009243,0.000139
2019-02-25,0.008063,0.000106
2019-02-26,0.004946,0.000058
2019-02-27,0.010570,0.000165
2019-02-28,0.007283,0.000091
2019-03-01,0.059989,0.001850
2019-03-04,0.012137,0.000177
2019-03-05,0.004721,0.000055
2019-03-06,0.006792,0.000114
2019-03-07,0.013709,0.000375
2019-03-08,0.009744,0.000199
2019-03-11,0.022516,0.000733
2019-03-12,0.008502,0.000169
2019-03-13,0.004939,0.000075
2019-03-14,0.007991,0.000117
2019-03-15,0.012662,0.000223
2019-03-18,0.005079,0.000059
2019-03-19,0.004115,0.000044
2019-03-20,0.012831,0.000262
2019-03-21,0.007065,0.000096
2019-03-22,0.390253,0.021324
2019-03-25,0.061487,0.002677
2019-03-26,0.011227,0.000733
2019-03-27,0.010290,0.000707
2019-03-28,0.009349,0.000437
2019-03-29,0.004963,0.000124
2019-04-01,0.024268,0.001253
2019-04-02,0.006186,0.000131
2019-04-03,0.006154,0.000110
2019-04-04,0.004288,0.000051
2019-04-05,0.004762,0.000056
2019-04-08,0.004784,0.000057
2019-04-09,0.005372,0.000070
2019-04-10,0.005807,0.000077
2019-04-11,0.009265,0.000134
2019-04-12,0.006787,0.000104
2019-04-15,0.004413,0.000050
2019-04-16,0.009600,0.000140
2019-04-17,0.005009,0.000054
2019-04-18,0.004669,0.000054
2019-04-22,0.004891,0.000055
2019-04-23,0.008170,0.000118
2019-04-24,0.007523,0.000115
2019-04-25,0.004478,0.000049
2019-04-26,0.005479,0.000068
2019-04-29,0.006386,0.000078
2019-04-30,0.005565,0.000069
2019-05-01,0.006975,0.000107
2019-05-02,0.005911,0.000073
2019-05-03,0.015036,0.000352
2019-05-06,0.009365,0.000167
2019-05-07,0.050959,0.002622
2019-05-08,0.009931,0.000344
2019-05-09,0.006468,0.000172
2019-05-10,0.004351,0.000072
2019-05-13,0.890739,0.063886
2019-05-14,0.403737,0.009388
2019-05-15,0.093379,0.002365
2019-05-16,0.017392,0.000847
2019-05-17,0.014004,0.000860
2019-05-20,0.010942,0.000596
2019-05-21,0.008273,0.000344
2019-05-22,0.006218,0.000168
2019-05-23,0.028298,0.001450
2019-05-24,0.006448,0.000187
2019-05-28,0.007838,0.000211
2019-05-29,0.005220,0.000087
2019-05-30,0.007591,0.000126
2019-05-31,0.021155,0.000802
2019-06-03,0.011338,0.000267
2019-06-04,0.036605,0.001812
2019-06-05,0.007132,0.000169
2019-06-06,0.004989,0.000084
2019-06-07,0.024202,0.000669
2019-06-10,0.026393,0.000629
2019-06-11,0.005833,0.000071
2019-06-12,0.005073,0.000066
2019-06-13,0.006241,0.000089
2019-06-14,0.006328,0.000087
2019-06-17,0.004161,0.000046
2019-06-18,0.025351,0.000716
2019-06-19,0.008294,0.000123
2019-06-20,0.028056,0.001034
2019-06-21,0.020449,0.000560
2019-06-24,0.009195,0.000185
2019-06-25,0.009365,0.000202
2019-06-26,0.009252,0.000161
2019-06-27,0.011227,0.000197
2019-06-28,0.004971,0.000057
2019-07-01,0.017468,0.000340
2019-07-02,0.009259,0.000138
2019-07-03,0.008027,0.000087
2019-07-05,0.037914,0.000765
2019-07-08,0.012050,0.000132
2019-07-09,0.005777,0.000057
2019-07-10,0.013582,0.000277
2019-07-11,0.022398,0.000445
2019-07-12,0.006232,0.000064
2019-07-15,0.005329,0.000049
2019-07-16,0.005852,0.000051
2019-07-17,0.015167,0.000227
2019-07-18,0.007192,0.000077
2019-07-19,0.009497,0.000108
2019-07-22,0.004709,0.000038
2019-07-23,0.005213,0.000050
2019-07-24,0.006197,0.000058
2019-07-25,0.015162,0.000200
2019-07-26,0.006797,0.000064
2019-07-29,0.006292,0.000061
2019-07-30,0.007505,0.000081
2019-07-31,0.018947,0.000444
2019-08-01,0.209767,0.013755
2019-08-02,0.063544,0.002679
2019-08-05,0.976074,0.043210
2019-08-06,0.740087,0.013342
2019-08-07,0.372188,0.003571
2019-08-08,0.275391,0.004038
2019-08-09,0.125049,0.002588
2019-08-12,0.166257,0.005353
2019-08-13,0.059180,0.002735
2019-08-14,0.911581,0.023430
2019-08-15,0.611533,0.008386
2019-08-16,0.410860,0.004978
2019-08-19,0.201705,0.004081
2019-08-20,0.057098,0.002011
2019-08-21,0.013781,0.000943
2019-08-22,0.010963,0.000658
2019-08-23,0.623570,0.020055
2019-08-26,0.165471,0.003466
2019-08-27,0.124125,0.004395
2019-08-28,0.017364,0.001062
2019-08-29,0.017923,0.001408
2019-08-30,0.006253,0.000327
2019-09-03,0.152186,0.006316
2019-09-04,0.116699,0.004142
2019-09-05,0.954462,0.135926
2019-09-06,0.613517,0.025846
2019-09-09,0.467148,0.013356
2019-09-10,0.444418,0.013137
2019-09-11,0.102453,0.002680
2019-09-12,0.016763,0.000843
2019-09-13,0.274972,0.026093
2019-09-16,0.825079,0.050932
2019-09-17,0.247994,0.006159
2019-09-18,0.061622,0.001848
2019-09-19,0.010962,0.000554
2019-09-20,0.017675,0.001024
2019-09-23,0.024614,0.001253
2019-09-24,0.023016,0.001388
2019-09-25,0.166059,0.012693
2019-09-26,0.025506,0.001361
2019-09-27,0.014428,0.000758
2019-09-30,0.057232,0.003318
2019-10-01,0.036499,0.001859
2019-10-02,0.074005,0.003287
2019-10-03,0.064616,0.004364
2019-10-04,0.029830,0.002392
2019-10-07,0.017186,0.001435
2019-10-08,0.052864,0.002881
2019-10-09,0.011981,0.000884
2019-10-10,0.022777,0.001841
2019-10-11,0.036443,0.002824
2019-10-14,0.009442,0.000583
2019-10-15,0.024845,0.001401
2019-10-16,0.006171,0.000164
2019-10-17,0.005099,0.000078
2019-10-18,0.006128,0.000068
2019-10-21,0.007708,0.000097
2019-10-22,0.005559,0.000053
2019-10-23,0.004665,0.000040
2019-10-24,0.005563,0.000055
2019-10-25,0.005536,0.000057
2019-10-28,0.015334,0.000206
2019-10-29,0.005420,0.000043
2019-10-30,0.017325,0.000286
2019-10-31,0.020755,0.000396
2019-11-01,0.011448,0.000184
2019-11-04,0.013488,0.000245
2019-11-05,0.045807,0.001032
2019-11-06,0.010173,0.000116
2019-11-07,0.126606,0.004685
2019-11-08,0.022801,0.000295
2019-11-11,0.006297,0.000057
2019-11-12,0.004883,0.000042
2019-11-13,0.007172,0.000074
2019-11-14,0.009636,0.000118
2019-11-15,0.005678,0.000051
2019-11-18,0.004513,0.000036
2019-11-19,0.005654,0.000051
2019-11-20,0.009026,0.000108
2019-11-21,0.007527,0.000073
2019-11-22,0.005145,0.000042
2019-11-25,0.022092,0.000349
2019-11-26,0.011585,0.000145
2019-11-27,0.006782,0.000066
2019-11-29,0.008941,0.000097
2019-12-02,0.025673,0.000425
2019-12-03,0.106325,0.004250
2019-12-04,0.024867,0.000564
2019-12-05,0.007648,0.000118
2019-12-06,0.015833,0.000267
2019-12-09,0.006151,0.000062
2019-12-10,0.004429,0.000037
2019-12-11,0.011514,0.000146
2019-12-12,0.034555,0.001047
2019-12-13,0.022922,0.000515
2019-12-16,0.012810,0.000288
2019-12-17,0.005132,0.000061
2019-12-18,0.007833,0.000105
2019-12-19,0.004949,0.000046
2019-12-20,0.004290,0.000035
2019-12-23,0.004556,0.000038
2019-12-24,0.007765,0.000087
2019-12-26,0.006240,0.000063
2019-12-27,0.004580,0.000037
2019-12-30,0.009509,0.000110
2019-12-31,0.008274,0.000097
2020-01-02,0.066499,0.001610
2020-01-03,0.109402,0.003302
2020-01-06,0.020186,0.000442
2020-01-07,0.008572,0.000159
2020-01-08,0.013162,0.000208
2020-01-09,0.014211,0.000197
2020-01-10,0.008850,0.000095
2020-01-13,0.010001,0.000106
2020-01-14,0.006224,0.000051
2020-01-15,0.006508,0.000054
2020-01-16,0.006694,0.000057
2020-01-17,0.006115,0.000052
2020-01-21,0.012655,0.000177
2020-01-22,0.008252,0.000084
2020-01-23,0.006237,0.000054
2020-01-24,0.010991,0.000131
2020-01-27,0.189122,0.006663
2020-01-28,0.136256,0.005014
2020-01-29,0.034368,0.001590
2020-01-30,0.007943,0.000358
2020-01-31,0.084824,0.003343
2020-02-03,0.118447,0.005271
2020-02-04,0.232464,0.008508
2020-02-05,0.067282,0.002867
2020-02-06,0.012446,0.001085
2020-02-07,0.018090,0.001574
2020-02-10,0.008396,0.000690
2020-02-11,0.006073,0.000246
2020-02-12,0.006602,0.000133
2020-02-13,0.007865,0.000103
2020-02-14,0.006056,0.000057
2020-02-18,0.020880,0.000359
2020-02-19,0.006830,0.000070
2020-02-20,0.008793,0.000098
2020-02-21,0.023808,0.000434
2020-02-24,0.994897,0.086217
2020-02-25,0.998866,0.100895
2020-02-26,0.455659,0.011473
2020-02-27,0.999693,0.079272
2020-02-28,1.000000,0.970733
2020-03-02,0.998849,0.916250
2020-03-03,0.999173,0.961002
2020-03-04,0.998038,0.907586
2020-03-05,0.999417,0.926370
2020-03-06,0.999999,0.998483
2020-03-09,1.000000,1.000000
2020-03-10,1.000000,0.999980
2020-03-11,1.000000,1.000000
2020-03-12,1.000000,1.000000
2020-03-13,1.000000,1.000000
2020-03-16,1.000000,1.000000
2020-03-17,1.000000,1.000000
2020-03-18,1.000000,1.000000
2020-03-19,0.999986,0.999379
2020-03-20,1.000000,1.000000
2020-03-23,0.999999,0.999926
2020-03-24,1.000000,1.000000
2020-03-25,0.952793,0.818886
2020-03-26,1.000000,0.999843
2020-03-27,0.999984,0.986924
2020-03-30,0.992799,0.915745
2020-03-31,0.926875,0.695888
2020-04-01,1.000000,0.991066
2020-04-02,0.981198,0.857378
2020-04-03,0.980758,0.674236
2020-04-06,1.000000,0.999981
2020-04-07,0.520908,0.550409
2020-04-08,0.779697,0.300212
2020-04-09,0.991396,0.456287
2020-04-13,0.771044,0.149010
2020-04-14,0.973158,0.155197
2020-04-15,0.999657,0.251080
2020-04-16,0.688043,0.055704
2020-04-17,0.971534,0.092908
2020-04-20,0.775561,0.017625
2020-04-21,0.998556,0.036794
2020-04-22,0.959603,0.015448
2020-04-23,0.361204,0.002361
2020-04-24,0.195713,0.002858
2020-04-27,0.334843,0.007178
2020-04-28,0.112682,0.003179
2020-04-29,0.962570,0.034797
2020-04-30,0.973308,0.034771
2020-05-01,0.998847,0.059589
2020-05-04,0.438252,0.006676
2020-05-05,0.174122,0.002422
2020-05-06,0.183032,0.006593
2020-05-07,0.458218,0.018527
2020-05-08,0.659346,0.009698
2020-05-11,0.252687,0.003648
2020-05-12,0.476580,0.004253
2020-05-13,0.307497,0.002686
2020-05-14,0.113690,0.002566
2020-05-15,0.085497,0.002678
2020-05-18,0.998748,0.057973
2020-05-19,0.773135,0.012046
2020-05-20,0.827952,0.010508
2020-05-21,0.453992,0.003112
2020-05-22,0.085812,0.001280
2020-05-26,0.088768,0.002956
2020-05-27,0.036328,0.002199
2020-05-28,0.017554,0.001513
2020-05-29,0.015237,0.001530
2020-06-01,0.036696,0.002379
2020-06-02,0.018319,0.001823
2020-06-03,0.077240,0.005847
2020-06-04,0.150709,0.007370
2020-06-05,0.606509,0.013743
2020-06-08,0.341209,0.004691
2020-06-09,0.103576,0.002084
2020-06-10,0.067213,0.003638
2020-06-11,1.000000,0.934122
2020-06-12,0.775365,0.504285
2020-06-15,0.233391,0.085180
2020-06-16,0.158211,0.021846
2020-06-17,0.023311,0.002647
2020-06-18,0.012290,0.001206
2020-06-19,0.008920,0.000580
2020-06-22,0.008871,0.000373
2020-06-23,0.006186,0.000142
2020-06-24,0.648676,0.012423
2020-06-25,0.263416,0.003453
2020-06-26,0.465445,0.004332
2020-06-29,0.209490,0.002613
2020-06-30,0.061916,0.001764
2020-07-01,0.010730,0.000960
2020-07-02,0.008593,0.000901
2020-07-06,0.042496,0.002934
2020-07-07,0.027024,0.002025
2020-07-08,0.014398,0.001500
2020-07-09,0.019312,0.002295
2020-07-10,0.005507,0.000964
2020-07-13,0.009197,0.001028
2020-07-14,0.007152,0.000788
2020-07-15,0.007687,0.000715
2020-07-16,0.014258,0.001170
2020-07-17,0.006194,0.000542
2020-07-20,0.006199,0.000372
2020-07-21,0.135502,0.005108
2020-07-22,0.983274,0.051073
2020-07-23,0.544833,0.006559
2020-07-24,0.155081,0.001790
2020-07-27,0.850468,0.010302
2020-07-28,0.407092,0.002573
2020-07-29,0.139675,0.001939
2020-07-30,0.112519,0.002733
2020-07-31,0.075038,0.002465
2020-08-03,0.021953,0.001735
2020-08-04,0.436651,0.013685
2020-08-05,0.171868,0.003257
2020-08-06,0.490594,0.007281
2020-08-07,0.152755,0.002607
2020-08-10,0.028853,0.001200
2020-08-11,1.000000,0.995329
2020-08-12,0.661354,0.574642
2020-08-13,0.998653,0.803465
2020-08-14,0.519579,0.236173
2020-08-17,0.637523,0.090004
2020-08-18,0.114192,0.008013
2020-08-19,0.398089,0.013188
2020-08-20,0.111238,0.003186
2020-08-21,0.052189,0.002391
2020-08-24,0.014404,0.001355
2020-08-25,0.006222,0.000728
2020-08-26,0.005825,0.000515
2020-08-27,0.025671,0.001776
2020-08-28,0.011456,0.000678
2020-08-31,0.007728,0.000379
2020-09-01,0.038944,0.002018
2020-09-02,0.088142,0.004562
2020-09-03,0.931623,0.023104
2020-09-04,0.937197,0.027689
2020-09-08,0.966320,0.014526
2020-09-09,0.794153,0.005144
2020-09-10,0.546709,0.002493
2020-09-11,0.071210,0.000907
2020-09-14,0.038922,0.001752
2020-09-15,0.006944,0.000759
2020-09-16,0.007286,0.000682
2020-09-17,0.005023,0.000318
2020-09-18,0.008501,0.000330
2020-09-21,0.995839,0.107471
2020-09-22,0.403826,0.010238
2020-09-23,0.997250,0.073099
2020-09-24,0.437261,0.007093
2020-09-25,0.123674,0.002118
2020-09-28,0.158074,0.003118
2020-09-29,0.019354,0.001025
2020-09-30,0.011763,0.001366
2020-10-01,0.008369,0.000831
2020-10-02,0.014898,0.001089
2020-10-05,0.155507,0.005532
2020-10-06,0.078825,0.002561
2020-10-07,0.027815,0.001856
2020-10-08,0.010049,0.001378
2020-10-09,0.029540,0.002297
2020-10-12,0.053828,0.004206
2020-10-13,0.085796,0.003887
2020-10-14,0.013878,0.001206
2020-10-15,0.006214,0.000837
2020-10-16,0.004685,0.000445
2020-10-19,0.012823,0.000685
2020-10-20,0.013959,0.000910
2020-10-21,0.005782,0.000317
2020-10-22,0.007330,0.000224
2020-10-23,0.005800,0.000084
2020-10-26,0.033698,0.001276
2020-10-27,0.006768,0.000289
2020-10-28,0.975471,0.043757
2020-10-29,0.531603,0.007536
2020-10-30,0.806441,0.011637
2020-11-02,0.658333,0.005751
2020-11-03,0.413021,0.002986
2020-11-04,0.999741,0.507929
2020-11-05,0.984577,0.339433
2020-11-06,0.541068,0.060429
2020-11-09,0.853688,0.113658
2020-11-10,0.468531,0.017379
2020-11-11,0.109174,0.002982
2020-11-12,0.070088,0.003001
2020-11-13,0.029010,0.001830
2020-11-16,0.012100,0.001411
2020-11-17,0.005528,0.000828
2020-11-18,0.007175,0.000709
2020-11-19,0.006229,0.000422
2020-11-20,0.004259,0.000124
2020-11-23,0.011994,0.000231
2020-11-24,0.017962,0.000460
2020-11-25,0.005093,0.000078
2020-11-27,0.118945,0.004668
2020-11-30,0.057914,0.001973
2020-12-01,0.561555,0.008177
2020-12-02,0.097699,0.001631
2020-12-03,0.017180,0.000965
2020-12-04,0.014493,0.001438
2020-12-07,0.006242,0.000559
2020-12-08,0.004203,0.000167
2020-12-09,0.014882,0.000438
2020-12-10,0.008422,0.000180
2020-12-11,0.004057,0.000046
2020-12-14,0.003489,0.000022
2020-12-15,0.028721,0.001003
2020-12-16,0.016017,0.000801
2020-12-17,0.013199,0.000948
2020-12-18,0.005953,0.000406
2020-12-21,0.004858,0.000175
2020-12-22,0.024173,0.001014
2020-12-23,0.007805,0.000328
2020-12-24,0.004114,0.000097
2020-12-28,0.003439,0.000037
2020-12-29,0.003089,0.000018
2020-12-30,0.004628,0.000033
2020-12-31,0.003527,0.000014
2021-01-04,0.007793,0.000046
2021-01-05,0.012421,0.000228
2021-01-06,0.052667,0.001833
2021-01-07,0.023174,0.000684
2021-01-08,0.746119,0.035301
2021-01-11,0.339249,0.006114
2021-01-12,0.082337,0.001807
2021-01-13,0.023379,0.001621
2021-01-14,0.009614,0.001018
2021-01-15,0.018408,0.001575
2021-01-19,0.011625,0.001364
2021-01-20,0.021831,0.001987
2021-01-21,0.006126,0.000823
2021-01-22,0.010722,0.001008
2021-01-25,0.010415,0.000776
2021-01-26,0.005131,0.000177
2021-01-27,0.235144,0.005537
2021-01-28,0.118742,0.002625
2021-01-29,0.710160,0.013347
2021-02-01,0.988425,0.028148
2021-02-02,0.997421,0.114455
2021-02-03,0.481451,0.013129
2021-02-04,0.195412,0.003978
2021-02-05,0.044692,0.001534
2021-02-08,0.017759,0.001437
2021-02-09,0.004475,0.000465
2021-02-10,0.004193,0.000187
2021-02-11,0.004202,0.000064
2021-02-12,0.009274,0.000117
2021-02-16,0.033235,0.000546
2021-02-17,0.006753,0.000062
2021-02-18,0.008888,0.000076
2021-02-19,0.012126,0.000161
2021-02-22,0.996197,0.142140
2021-02-23,0.335095,0.011095
2021-02-24,0.057071,0.001669
2021-02-25,0.999894,0.815419
2021-02-26,0.999996,0.995608
2021-03-01,0.991991,0.919200
2021-03-02,0.635344,0.379935
2021-03-03,0.745814,0.234962
2021-03-04,0.902867,0.156670
2021-03-05,0.467440,0.023495
2021-03-08,0.471400,0.011895
2021-03-09,0.948690,0.051760
2021-03-10,0.335068,0.005192
2021-03-11,0.178567,0.003092
2021-03-12,0.578528,0.019692
2021-03-15,0.107530,0.002617
2021-03-16,0.013744,0.000708
2021-03-17,0.005729,0.000356
2021-03-18,0.690252,0.031951
2021-03-19,0.130740,0.003192
2021-03-22,0.044380,0.001997
2021-03-23,0.141691,0.003837
2021-03-24,0.192921,0.004119
2021-03-25,0.035477,0.001781
2021-03-26,0.031841,0.002155
2021-03-29,0.025886,0.002638
2021-03-30,0.070298,0.004664
2021-03-31,0.014111,0.001421
2021-04-01,0.141633,0.011145
2021-04-05,0.045475,0.003439
2021-04-06,0.012254,0.001378
2021-04-07,0.008954,0.000873
2021-04-08,0.010410,0.000749
2021-04-09,0.005531,0.000179
2021-04-12,0.004283,0.000051
2021-04-13,0.009802,0.000094
2021-04-14,0.005042,0.000034
2021-04-15,0.090613,0.001715
2021-04-16,0.015479,0.000179
2021-04-19,0.008215,0.000082
2021-04-20,0.016237,0.000252
2021-04-21,0.012035,0.000288
2021-04-22,0.006383,0.000124
2021-04-23,0.009949,0.000180
2021-04-26,0.004235,0.000045
2021-04-27,0.009712,0.000090
2021-04-28,0.003707,0.000020
2021-04-29,0.003599,0.000014
2021-04-30,0.009232,0.000067
2021-05-03,0.019608,0.000376
2021-05-04,0.014187,0.000421
2021-05-05,0.004796,0.000104
2021-05-06,0.012927,0.000322
2021-05-07,0.007371,0.000212
2021-05-10,0.210109,0.006918
2021-05-11,0.069229,0.002185
2021-05-12,0.935629,0.051948
2021-05-13,0.511752,0.009276
2021-05-14,0.695259,0.012120
2021-05-17,0.508545,0.004396
2021-05-18,0.067415,0.001089
2021-05-19,0.019633,0.001110
2021-05-20,0.037425,0.002879
2021-05-21,0.006185,0.000400
2021-05-24,0.007608,0.000338
2021-05-25,0.006057,0.000140
2021-05-26,0.004778,0.000047
2021-05-27,0.004851,0.000033
2021-05-28,0.003380,0.000015
2021-06-01,0.004542,0.000024
2021-06-02,0.005165,0.000029
2021-06-03,0.023188,0.000261
2021-06-04,0.054797,0.001102
2021-06-07,0.008778,0.000113
2021-06-08,0.005183,0.000045
2021-06-09,0.005079,0.000031
2021-06-10,0.005504,0.000028
2021-06-11,0.005136,0.000022
2021-06-14,0.005507,0.000023
2021-06-15,0.005075,0.000022
2021-06-16,0.014908,0.000103
2021-06-17,0.979341,0.079750
2021-06-18,0.801033,0.020463
2021-06-21,0.677756,0.007169
2021-06-22,0.160898,0.001816
2021-06-23,0.018034,0.000688
2021-06-24,0.007358,0.000461
2021-06-25,0.006727,0.000271
2021-06-28,0.007306,0.000161
2021-06-29,0.004899,0.000050
2021-06-30,0.005261,0.000036
2021-07-01,0.003378,0.000015
2021-07-02,0.007488,0.000013
2021-07-06,0.017867,0.000116
2021-07-07,0.007748,0.000080
2021-07-08,0.011877,0.000110
2021-07-09,0.032401,0.001092
2021-07-12,0.005870,0.000236
2021-07-13,0.011935,0.000254
2021-07-14,0.010245,0.000138
2021-07-15,0.008378,0.000070
2021-07-16,0.011288,0.000081
2021-07-19,0.762795,0.013270
2021-07-20,0.295934,0.002991
2021-07-21,0.126484,0.002722
2021-07-22,0.019530,0.001235
2021-07-23,0.005652,0.000458
2021-07-26,0.005081,0.000161
2021-07-27,0.012131,0.000292
2021-07-28,0.007394,0.000145
2021-07-29,0.019413,0.000486
2021-07-30,0.007603,0.000245
2021-08-02,0.012419,0.000322
2021-08-03,0.005190,0.000064
2021-08-04,0.005406,0.000026
2021-08-05,0.005511,0.000018
2021-08-06,0.142436,0.001216
2021-08-09,0.197508,0.003269
2021-08-10,0.024135,0.000422
2021-08-11,0.008804,0.000204
2021-08-12,0.004817,0.000055
2021-08-13,0.020755,0.000159
2021-08-16,0.006198,0.000031
2021-08-17,0.012872,0.000066
2021-08-18,0.007378,0.000055
2021-08-19,0.007886,0.000059
2021-08-20,0.013214,0.000112
2021-08-23,0.036593,0.000842
2021-08-24,0.010913,0.000557
2021-08-25,0.007276,0.000271
2021-08-26,0.006614,0.000113
2021-08-27,0.039101,0.000895
2021-08-30,0.006757,0.000119
2021-08-31,0.004984,0.000034
2021-09-01,0.004587,0.000013
2021-09-02,0.004092,0.000007
2021-09-03,0.024055,0.000112
2021-09-07,0.041846,0.000957
2021-09-08,0.011421,0.000251
2021-09-09,0.013052,0.000308
2021-09-10,0.014873,0.000248
2021-09-13,0.005733,0.000049
2021-09-14,0.009400,0.000052
2021-09-15,0.004654,0.000019
2021-09-16,0.036653,0.000231
2021-09-17,0.023145,0.000311
2021-09-20,0.136395,0.003047
2021-09-21,0.015180,0.000813
2021-09-22,0.010185,0.000766
2021-09-23,0.101964,0.008667
2021-09-24,0.034054,0.002277
2021-09-27,0.007391,0.000422
2021-09-28,0.835708,0.040775
2021-09-29,0.297452,0.005262
2021-09-30,0.098185,0.002043
2021-10-01,0.040183,0.002258
2021-10-04,0.219772,0.005965
2021-10-05,0.041542,0.002036
2021-10-06,0.006878,0.000603
2021-10-07,0.011523,0.000883
2021-10-08,0.007807,0.000331
2021-10-11,0.008652,0.000176
2021-10-12,0.018638,0.000319
2021-10-13,0.018247,0.000270
2021-10-14,0.019678,0.000376
2021-10-15,0.010205,0.000166
2021-10-18,0.004540,0.000028
2021-10-19,0.012731,0.000081
2021-10-20,0.049667,0.001124
2021-10-21,0.010147,0.000418
2021-10-22,0.007782,0.000209
2021-10-25,0.004755,0.000052
2021-10-26,0.006839,0.000038
2021-10-27,0.037685,0.000556
2021-10-28,0.009761,0.000232
2021-10-29,0.007728,0.000134
2021-11-01,0.006523,0.000081
2021-11-02,0.005991,0.000042
2021-11-03,0.019292,0.000128
2021-11-04,0.016149,0.000131
2021-11-05,0.035740,0.000370
2021-11-08,0.009674,0.000084
2021-11-09,0.010866,0.000091
2021-11-10,0.876270,0.041106
2021-11-11,0.297828,0.004552
2021-11-12,0.032959,0.000822
2021-11-15,0.025153,0.001266
2021-11-16,0.008966,0.000346
2021-11-17,0.006919,0.000137
2021-11-18,0.004371,0.000031
2021-11-19,0.017749,0.000140
2021-11-22,0.074487,0.001447
2021-11-23,0.048977,0.001014
2021-11-24,0.020910,0.000453
2021-11-26,0.998987,0.125862
2021-11-29,0.417666,0.013522
2021-11-30,0.519630,0.007644
2021-12-01,0.220929,0.002601
2021-12-02,0.073640,0.002029
2021-12-03,0.068824,0.003300
2021-12-06,0.041023,0.002965
2021-12-07,0.090955,0.004061
2021-12-08,0.049006,0.003312
2021-12-09,0.052128,0.002719
2021-12-10,0.009177,0.001090
2021-12-13,0.032074,0.002993
2021-12-14,0.019955,0.002041
2021-12-15,0.012353,0.001470
2021-12-16,0.050320,0.003025
2021-12-17,0.015023,0.001569
2021-12-20,0.021873,0.002081
2021-12-21,0.037868,0.002707
2021-12-22,0.016248,0.001799
2021-12-23,0.006681,0.000954
2021-12-27,0.008727,0.000835
2021-12-28,0.005120,0.000256
2021-12-29,0.013466,0.000348
2021-12-30,0.007052,0.000094
2021-12-31,0.005301,0.000025
2022-01-03,0.311963,0.006416
2022-01-04,0.064890,0.000764
2022-01-05,0.658408,0.013664
2022-01-06,0.137958,0.002084
2022-01-07,0.036644,0.001257
2022-01-10,0.006517,0.000296
2022-01-11,0.024383,0.001011
2022-01-12,0.007215,0.000243
2022-01-13,0.018144,0.000642
2022-01-14,0.042812,0.002416
2022-01-18,0.998351,0.278197
2022-01-19,0.691241,0.054543
2022-01-20,0.173340,0.005464
2022-01-21,0.241976,0.004696
2022-01-24,0.029874,0.001273
2022-01-25,0.034268,0.002002
2022-01-26,0.123880,0.009053
2022-01-27,0.271207,0.007715
2022-01-28,0.185445,0.004735
2022-01-31,0.544242,0.009338
2022-02-01,0.085528,0.001675
2022-02-02,0.011248,0.000601
2022-02-03,0.743212,0.023048
2022-02-04,0.583708,0.013105
2022-02-07,0.129533,0.002076
2022-02-08,0.029079,0.001314
2022-02-09,0.038894,0.002495
2022-02-10,0.957955,0.170812
2022-02-11,0.990779,0.258590
2022-02-14,0.918711,0.149062
2022-02-15,0.985341,0.196470
2022-02-16,0.374744,0.020322
2022-02-17,0.802915,0.017930
2022-02-18,0.284742,0.003223
2022-02-22,0.247332,0.003171
2022-02-23,0.976678,0.047126
2022-02-24,0.459694,0.006762
2022-02-25,0.612830,0.008396
2022-02-28,0.835969,0.030756
2022-03-01,0.999700,0.304441
2022-03-02,0.999953,0.965254
2022-03-03,0.798600,0.575978
2022-03-04,0.998375,0.858752
2022-03-07,1.000000,0.997608
2022-03-08,0.986509,0.851861
2022-03-09,1.000000,0.999963
2022-03-10,0.966893,0.872044
2022-03-11,0.815767,0.420836
2022-03-14,0.999769,0.980939
2022-03-15,0.983061,0.872642
2022-03-16,1.000000,0.998227
2022-03-17,0.879009,0.643521
2022-03-18,0.931440,0.520533
2022-03-21,0.999994,0.989221
2022-03-22,0.823594,0.734485
2022-03-23,0.920769,0.643882
2022-03-24,0.441206,0.153760
2022-03-25,0.742153,0.155260
2022-03-28,0.971535,0.169206
2022-03-29,0.957095,0.145830
2022-03-30,0.545110,0.022298
2022-03-31,0.269977,0.004623
2022-04-01,0.033639,0.001145
2022-04-04,0.009429,0.000710
2022-04-05,0.998231,0.591760
2022-04-06,0.972228,0.404694
2022-04-07,0.369471,0.050794
2022-04-08,0.523730,0.028337
2022-04-11,0.948292,0.057417
2022-04-12,0.615814,0.010692
2022-04-13,0.340336,0.004299
2022-04-14,0.992304,0.144931
2022-04-18,0.572218,0.020560
2022-04-19,0.648579,0.019057
2022-04-20,0.602715,0.017908
2022-04-21,0.928271,0.032092
2022-04-22,0.966869,0.024725
2022-04-25,0.970840,0.031050
2022-04-26,0.997117,0.046018
2022-04-27,0.614053,0.011197
2022-04-28,0.634783,0.007710
2022-04-29,0.998032,0.138703
2022-05-02,0.856559,0.083472
2022-05-03,0.292466,0.009500
2022-05-04,0.940603,0.061122
2022-05-05,1.000000,0.999852
2022-05-06,0.964484,0.875580
2022-05-09,0.999988,0.954297
2022-05-10,0.969849,0.802258
2022-05-11,0.982835,0.736629
2022-05-12,0.553817,0.210569
2022-05-13,0.936215,0.162551
2022-05-16,0.623273,0.028276
2022-05-17,0.894159,0.035120
2022-05-18,0.999370,0.084451
2022-05-19,0.555864,0.012392
2022-05-20,0.183066,0.003418
2022-05-23,0.129541,0.003837
2022-05-24,0.431670,0.017069
2022-05-25,0.134713,0.004258
2022-05-26,0.141623,0.004475
2022-05-27,0.288124,0.007108
2022-05-31,0.830022,0.063684
2022-06-01,0.659987,0.016732
2022-06-02,0.794494,0.011360
2022-06-03,0.725664,0.005987
2022-06-06,0.698956,0.010261
2022-06-07,0.361515,0.004831
2022-06-08,0.230843,0.003998
2022-06-09,0.650754,0.007193
2022-06-10,0.999910,0.343611
2022-06-13,1.000000,1.000000
2022-06-14,0.834436,0.810267
2022-06-15,0.999729,0.994870
2022-06-16,0.999919,0.974031
2022-06-17,0.800313,0.626014
2022-06-21,0.770466,0.352265
2022-06-22,0.992332,0.777997
2022-06-23,0.925687,0.557193
2022-06-24,0.983623,0.451690
2022-06-27,0.607095,0.113432
2022-06-28,0.433955,0.022259
2022-06-29,0.508345,0.016220
2022-06-30,0.742740,0.012255
2022-07-01,0.821646,0.021368
2022-07-05,0.999890,0.236814
2022-07-06,0.950831,0.220110
2022-07-07,0.808665,0.057065
2022-07-08,0.560225,0.015092
2022-07-11,0.730906,0.011378
2022-07-12,0.602663,0.005834
2022-07-13,0.171385,0.002473
2022-07-14,0.287590,0.008036
2022-07-15,0.276688,0.007211
2022-07-18,0.117835,0.003419
2022-07-19,0.488265,0.009412
2022-07-20,0.108309,0.002501
2022-07-21,0.850696,0.062052
2022-07-22,0.911962,0.050653
2022-07-25,0.441864,0.008291
2022-07-26,0.279997,0.003738
2022-07-27,0.770344,0.011658
2022-07-28,0.951853,0.036267
2022-07-29,0.383792,0.004584
2022-08-01,0.550691,0.010968
2022-08-02,0.995708,0.260551
2022-08-03,0.983004,0.280412
2022-08-04,0.360824,0.028112
2022-08-05,0.994104,0.466005
2022-08-08,0.921026,0.324453
2022-08-09,0.654187,0.069596
2022-08-10,0.723645,0.029680
2022-08-11,0.866776,0.034945
2022-08-12,0.829820,0.022145
2022-08-15,0.520952,0.006433
2022-08-16,0.088130,0.001436
2022-08-17,0.215339,0.007158
2022-08-18,0.025967,0.001115
2022-08-19,0.849355,0.054414
2022-08-22,0.956840,0.039808
2022-08-23,0.375793,0.004544
2022-08-24,0.089546,0.001698
2022-08-25,0.686412,0.026547
2022-08-26,0.990173,0.037054
2022-08-29,0.852970,0.013924
2022-08-30,0.745692,0.006499
2022-08-31,0.622573,0.007169
2022-09-01,0.817103,0.019251
2022-09-02,0.411504,0.004590
2022-09-06,0.996646,0.188990
2022-09-07,0.990151,0.311806
2022-09-08,0.541808,0.051890
2022-09-09,0.527146,0.018462
2022-09-12,0.592828,0.008011
2022-09-13,0.999996,0.463676
2022-09-14,0.404398,0.059664
2022-09-15,0.689829,0.042415
2022-09-16,0.549756,0.011273
2022-09-19,0.085229,0.001813
2022-09-20,0.210362,0.007525
2022-09-21,0.211295,0.005520
2022-09-22,0.999588,0.547491
2022-09-23,0.996912,0.513977
2022-09-26,0.999957,0.986281
2022-09-27,0.979139,0.900848
2022-09-28,1.000000,0.999998
2022-09-29,0.993692,0.901578
2022-09-30,0.924587,0.611639
2022-10-03,0.999997,0.995700
2022-10-04,0.999526,0.959424
2022-10-05,0.851692,0.695396
2022-10-06,0.674758,0.297402
2022-10-07,0.998700,0.652867
2022-10-10,0.958893,0.550597
2022-10-11,0.494304,0.099396
2022-10-12,0.082759,0.008464
2022-10-13,0.100619,0.006609
2022-10-14,0.940831,0.056890
2022-10-17,0.984871,0.052487
2022-10-18,0.460015,0.006947
2022-10-19,0.984343,0.108870
2022-10-20,0.968083,0.094775
2022-10-21,0.869507,0.025958
2022-10-24,0.310866,0.003865
2022-10-25,0.999840,0.739186
2022-10-26,0.713979,0.329008
2022-10-27,0.374587,0.078226
2022-10-28,0.294492,0.027566
2022-10-31,0.130654,0.007307
2022-11-01,0.039094,0.002453
2022-11-02,0.538972,0.012054
2022-11-03,0.418967,0.005928
2022-11-04,0.999717,0.091011
2022-11-07,0.576272,0.015715
2022-11-08,0.370792,0.007932
2022-11-09,0.555440,0.006189
2022-11-10,1.000000,1.000000
2022-11-11,0.694770,0.581744
2022-11-14,0.315629,0.138895
2022-11-15,0.907601,0.277631
2022-11-16,0.917120,0.164284
2022-11-17,0.801377,0.076306
2022-11-18,0.232394,0.007892
2022-11-21,0.041881,0.001265
2022-11-22,0.128442,0.006956
2022-11-23,0.277352,0.013945
2022-11-25,0.031764,0.001373
2022-11-28,0.065807,0.003115
2022-11-29,0.116623,0.004578
2022-11-30,0.997937,0.277738
2022-12-01,0.998616,0.815001
2022-12-02,0.573918,0.289659
2022-12-05,0.998725,0.860848
2022-12-06,0.752357,0.392075
2022-12-07,0.927218,0.504925
2022-12-08,0.375408,0.081127
2022-12-09,0.988380,0.313377
2022-12-12,0.407846,0.036220
2022-12-13,0.678531,0.047857
2022-12-14,0.139630,0.004419
2022-12-15,0.808612,0.012172
2022-12-16,0.483259,0.004781
2022-12-19,0.827733,0.020856
2022-12-20,0.996196,0.060713
2022-12-21,0.708297,0.013839
2022-12-22,0.494429,0.004938
2022-12-23,0.467982,0.005248
2022-12-27,0.953850,0.031790
2022-12-28,0.849842,0.012952
2022-12-29,0.963911,0.029701
2022-12-30,0.868650,0.013810
2023-01-03,0.924361,0.013785
2023-01-04,0.982687,0.029232
2023-01-05,0.855032,0.009546
2023-01-06,0.999985,0.530818
2023-01-09,0.512926,0.088330
2023-01-10,0.334150,0.023713
2023-01-11,0.642452,0.027642
2023-01-12,0.951986,0.064531
2023-01-13,0.735347,0.013298
2023-01-17,0.207295,0.002406
2023-01-18,0.983606,0.062898
2023-01-19,0.857713,0.015390
2023-01-20,0.783346,0.009323
2023-01-23,0.387913,0.003795
2023-01-24,0.175762,0.003343
2023-01-25,0.020860,0.000743
2023-01-26,0.008847,0.000384
2023-01-27,0.005550,0.000094
2023-01-30,0.061299,0.000779
2023-01-31,0.083803,0.002474
2023-02-01,0.583996,0.018187
2023-02-02,0.586538,0.011011
2023-02-03,0.999482,0.295988
2023-02-06,0.977326,0.158976
2023-02-07,0.515649,0.020208
2023-02-08,0.177367,0.003817
2023-02-09,0.120413,0.003552
2023-02-10,0.173951,0.004490
2023-02-13,0.160867,0.005118
2023-02-14,0.028135,0.001587
2023-02-15,0.013832,0.001074
2023-02-16,0.090274,0.003885
2023-02-17,0.017106,0.000992
2023-02-21,0.998545,0.189058
2023-02-22,0.808738,0.044308
2023-02-23,0.466726,0.010007
2023-02-24,0.941708,0.025668
2023-02-27,0.464165,0.004526
2023-02-28,0.098417,0.001377
2023-03-01,0.093625,0.003008
2023-03-02,0.019768,0.001066
2023-03-03,0.890814,0.070438
2023-03-06,0.451520,0.010237
2023-03-07,0.939604,0.021002
2023-03-08,0.303379,0.002513
2023-03-09,0.318306,0.003748
2023-03-10,0.999690,0.559472
2023-03-13,0.994237,0.699766
2023-03-14,0.952248,0.541209
2023-03-15,0.994412,0.678394
2023-03-16,0.889798,0.358414
2023-03-17,0.960379,0.361385
2023-03-20,0.566745,0.061506
2023-03-21,0.571181,0.032994
2023-03-22,0.827930,0.038649
2023-03-23,0.284285,0.005245
2023-03-24,0.037245,0.000935
2023-03-27,0.941905,0.061041
2023-03-28,0.344688,0.005740
2023-03-29,0.082431,0.001778
2023-03-30,0.031462,0.001400
2023-03-31,0.128868,0.006703
2023-04-03,0.026679,0.001495
2023-04-04,0.065376,0.003978
2023-04-05,0.023945,0.001702
2023-04-06,0.006724,0.000395
2023-04-10,0.146137,0.005817
2023-04-11,0.019354,0.000704
2023-04-12,0.010274,0.000339
2023-04-13,0.013610,0.000407
2023-04-14,0.050300,0.001401
2023-04-17,0.037028,0.001078
2023-04-18,0.007164,0.000138
2023-04-19,0.005562,0.000038
2023-04-20,0.015647,0.000086
2023-04-21,0.008014,0.000040
2023-04-24,0.010309,0.000036
2023-04-25,0.185747,0.002595
2023-04-26,0.091000,0.002474
2023-04-27,0.084726,0.003505
2023-04-28,0.157244,0.007901
2023-05-01,0.986431,0.143713
2023-05-02,0.996112,0.305753
2023-05-03,0.610852,0.051559
2023-05-04,0.485176,0.012653
2023-05-05,0.355350,0.006490
2023-05-08,0.302844,0.005515
2023-05-09,0.066899,0.001807
2023-05-10,0.089586,0.004751
2023-05-11,0.750295,0.020698
2023-05-12,0.549582,0.007308
2023-05-15,0.153676,0.002353
2023-05-16,0.128606,0.003709
2023-05-17,0.027891,0.001584
2023-05-18,0.034025,0.002946
2023-05-19,0.020934,0.001452
2023-05-22,0.006460,0.000369
2023-05-23,0.012892,0.000390
2023-05-24,0.027984,0.000784
2023-05-25,0.023940,0.000701
2023-05-26,0.054876,0.001816
2023-05-30,0.056537,0.002652
2023-05-31,0.022118,0.001264
2023-06-01,0.028203,0.001678
2023-06-02,0.072083,0.004726
2023-06-05,0.012681,0.000937
2023-06-06,0.009935,0.000591
2023-06-07,0.096668,0.003688
2023-06-08,0.112717,0.005214
2023-06-09,0.019050,0.000879
2023-06-12,0.022995,0.001094
2023-06-13,0.022215,0.001027
2023-06-14,0.006938,0.000175
2023-06-15,0.089425,0.001975
2023-06-16,0.064125,0.001491
2023-06-20,0.169324,0.004909
2023-06-21,0.024613,0.001251
2023-06-22,0.085006,0.005769
2023-06-23,0.045870,0.002800
2023-06-26,0.022097,0.001824
2023-06-27,0.015703,0.001560
2023-06-28,0.008619,0.000605
2023-06-29,0.285338,0.010662
2023-06-30,0.160261,0.005028
2023-07-03,0.031538,0.001437
2023-07-05,0.079721,0.003514
2023-07-06,0.695104,0.015473
2023-07-07,0.186248,0.002670
2023-07-10,0.033465,0.001231
2023-07-11,0.013401,0.000745
2023-07-12,0.509374,0.019472
2023-07-13,0.764427,0.020120
2023-07-14,0.459601,0.005304
2023-07-17,0.106784,0.001867
2023-07-18,0.018809,0.000739
2023-07-19,0.012016,0.000475
2023-07-20,0.184026,0.004856
2023-07-21,0.021663,0.000660
2023-07-24,0.007132,0.000200
2023-07-25,0.005052,0.000051
2023-07-26,0.005384,0.000018
2023-07-27,0.766694,0.011470
2023-07-28,0.653250,0.006557
2023-07-31,0.147430,0.001422
2023-08-01,0.386757,0.007189
2023-08-02,0.791745,0.009879
2023-08-03,0.925654,0.014530
2023-08-04,0.944359,0.017940
2023-08-07,0.400415,0.003114
2023-08-08,0.184721,0.002489
2023-08-09,0.026568,0.000834
2023-08-10,0.080021,0.003727
2023-08-11,0.030859,0.001541
2023-08-14,0.008311,0.000447
2023-08-15,0.032387,0.001072
2023-08-16,0.042408,0.001558
2023-08-17,0.019563,0.000820
2023-08-18,0.006658,0.000212
2023-08-21,0.025348,0.000577
2023-08-22,0.007288,0.000115
2023-08-23,0.942653,0.062245
2023-08-24,0.888614,0.019174
2023-08-25,0.267326,0.002478
2023-08-28,0.057844,0.001157
2023-08-29,0.344927,0.009925
2023-08-30,0.041489,0.001304
2023-08-31,0.010004,0.000456
2023-09-01,0.029494,0.001190
2023-09-05,0.156038,0.005307
2023-09-06,0.027910,0.001021
2023-09-07,0.010491,0.000443
2023-09-08,0.004979,0.000092
2023-09-11,0.006545,0.000043
2023-09-12,0.005785,0.000018
2023-09-13,0.005705,0.000010
2023-09-14,0.007787,0.000015
2023-09-15,0.060319,0.000343
2023-09-18,0.010365,0.000111
2023-09-19,0.011615,0.000085
2023-09-20,0.009453,0.000052
2023-09-21,0.969337,0.030932
2023-09-22,0.536565,0.005538
2023-09-25,0.864007,0.017720
2023-09-26,0.694858,0.005622
2023-09-27,0.238174,0.002368
2023-09-28,0.055871,0.001350
2023-09-29,0.018043,0.000747
2023-10-02,0.532159,0.022573
2023-10-03,0.995941,0.092679
2023-10-04,0.969403,0.060340
2023-10-05,0.349031,0.005385
2023-10-06,0.227984,0.003613
2023-10-09,0.962741,0.081682
2023-10-10,0.494579,0.011272
2023-10-11,0.508157,0.009610
2023-10-12,0.997473,0.098582
2023-10-13,0.998404,0.302263
2023-10-16,0.813351,0.090666
2023-10-17,0.820762,0.033861
2023-10-18,0.976218,0.028841
2023-10-19,0.986513,0.026177
2023-10-20,0.719577,0.006391
2023-10-23,0.612644,0.005272
2023-10-24,0.469720,0.004829
2023-10-25,0.998098,0.069390
2023-10-26,0.863282,0.024883
2023-10-27,0.379835,0.003924
2023-10-30,0.103331,0.001935
2023-10-31,0.015929,0.000543
2023-11-01,0.963338,0.078023
2023-11-02,0.999236,0.255975
2023-11-03,0.967407,0.153959
2023-11-06,0.703948,0.033170
2023-11-07,0.922562,0.030878
2023-11-08,0.711370,0.009320
2023-11-09,0.994993,0.049338
2023-11-10,0.870845,0.017646
2023-11-13,0.270710,0.002352
2023-11-14,0.999999,0.874838
2023-11-15,0.889548,0.500413
2023-11-16,0.635311,0.151940
2023-11-17,0.140796,0.014462
2023-11-20,0.038750,0.002434
2023-11-21,0.018653,0.000935
2023-11-22,0.007468,0.000254
2023-11-24,0.033359,0.000866
2023-11-27,0.055973,0.002290
2023-11-28,0.026059,0.001036
2023-11-29,0.024524,0.000945
2023-11-30,0.018047,0.000525
2023-12-01,0.617161,0.023491
2023-12-04,0.450492,0.008675
2023-12-05,0.843612,0.016624
2023-12-06,0.627373,0.006294
2023-12-07,0.138506,0.001758
2023-12-08,0.097152,0.003290
2023-12-11,0.020809,0.000910
2023-12-12,0.011586,0.000430
2023-12-13,0.999743,0.621737
2023-12-14,0.998446,0.829149
2023-12-15,0.567360,0.248624
2023-12-18,0.124778,0.024665
2023-12-19,0.035205,0.003382
2023-12-20,0.046322,0.002717
2023-12-21,0.023105,0.001797
2023-12-22,0.006374,0.000491
2023-12-26,0.006723,0.000210
2023-12-27,0.107814,0.003011
2023-12-28,0.023897,0.000575
2023-12-29,0.016166,0.000321
2024-01-02,0.055470,0.001136
2024-01-03,0.041153,0.001348
2024-01-04,0.069351,0.002378
2024-01-05,0.024112,0.001088
2024-01-08,0.215078,0.007075
2024-01-09,0.051770,0.001862
2024-01-10,0.011029,0.000641
2024-01-11,0.013945,0.000514
2024-01-12,0.010007,0.000195
2024-01-16,0.573370,0.008809
2024-01-17,0.314410,0.003509
2024-01-18,0.063949,0.001441
2024-01-19,0.023302,0.001074
2024-01-22,0.016195,0.000701
2024-01-23,0.011238,0.000301
2024-01-24,0.007200,0.000086
2024-01-25,0.013796,0.000076
2024-01-26,0.006201,0.000019
2024-01-29,0.036847,0.000121
2024-01-30,0.011260,0.000060
2024-01-31,0.063961,0.000662
2024-02-01,0.451098,0.009279
2024-02-02,0.967399,0.052307
2024-02-05,0.985865,0.054672
2024-02-06,0.775730,0.014538
2024-02-07,0.192384,0.002062
2024-02-08,0.056577,0.001179
2024-02-09,0.012640,0.000421
2024-02-12,0.006223,0.000096
2024-02-13,0.993555,0.046337
2024-02-14,0.875254,0.016565
2024-02-15,0.609995,0.005518
2024-02-16,0.364908,0.002969
2024-02-20,0.058447,0.001126
2024-02-21,0.019958,0.000814
2024-02-22,0.070278,0.003062
2024-02-23,0.036299,0.001818
2024-02-26,0.010616,0.000471
2024-02-27,0.006829,0.000129
2024-02-28,0.009574,0.000070
2024-02-29,0.008202,0.000031
2024-03-01,0.047209,0.000235
2024-03-04,0.197017,0.002870
2024-03-05,0.162322,0.003383
2024-03-06,0.051741,0.001884
2024-03-07,0.017718,0.001022
2024-03-08,0.011239,0.000477
2024-03-11,0.008213,0.000170
2024-03-12,0.020001,0.000248
2024-03-13,0.053219,0.000743
2024-03-14,0.243669,0.004674
2024-03-15,0.049097,0.001235
2024-03-18,0.008965,0.000312
2024-03-19,0.007321,0.000112
2024-03-20,0.016123,0.000134
2024-03-21,0.011515,0.000076
2024-03-22,0.023662,0.000158
2024-03-25,0.010180,0.000068
2024-03-26,0.007267,0.000027
2024-03-27,0.023062,0.000076
2024-03-28,0.019471,0.000116
2024-04-01,0.353895,0.004640
2024-04-02,0.720404,0.008368
2024-04-03,0.431298,0.003731
2024-04-04,0.143853,0.002083
2024-04-05,0.347166,0.005160
2024-04-08,0.065428,0.001725
2024-04-09,0.023698,0.001490
2024-04-10,0.996495,0.118877
2024-04-11,0.567217,0.015388
2024-04-12,0.513072,0.005985
2024-04-15,0.988368,0.023976
2024-04-16,0.681983,0.005722
2024-04-17,0.462410,0.003732
2024-04-18,0.108439,0.001508
2024-04-19,0.037880,0.001321
2024-04-22,0.486771,0.016188
2024-04-23,0.187787,0.004274
2024-04-24,0.035745,0.001334
2024-04-25,0.027040,0.001332
2024-04-26,0.034085,0.001900
2024-04-29,0.021355,0.001153
2024-04-30,0.483369,0.010224
2024-05-01,0.116170,0.002478
2024-05-02,0.218312,0.005370
2024-05-03,0.467122,0.008623
2024-05-06,0.206246,0.003414
2024-05-07,0.032001,0.001249
2024-05-08,0.011361,0.000603
2024-05-09,0.063750,0.002608
2024-05-10,0.014994,0.000613
2024-05-13,0.006128,0.000130
2024-05-14,0.010236,0.000077
2024-05-15,0.279279,0.003525
2024-05-16,0.041856,0.000536
2024-05-17,0.723883,0.011887
2024-05-20,0.160280,0.001948
2024-05-21,0.023177,0.000684
2024-05-22,0.119330,0.004304
2024-05-23,0.200255,0.005678
2024-05-24,0.035574,0.001500
2024-05-28,0.847300,0.017029
2024-05-29,0.868094,0.009253
2024-05-30,0.599344,0.004307
2024-05-31,0.275946,0.002768
2024-06-03,0.349024,0.005445
2024-06-04,0.334457,0.004853
2024-06-05,0.286352,0.004580
2024-06-06,0.281009,0.004441
2024-06-07,0.998780,0.223171
2024-06-10,0.687855,0.036692
2024-06-11,0.345125,0.007672
2024-06-12,0.287770,0.005180
2024-06-13,0.306215,0.005255
2024-06-14,0.085531,0.002296
2024-06-17,0.030352,0.001740
2024-06-18,0.017727,0.001083
2024-06-20,0.100712,0.003539
2024-06-21,0.076262,0.003329
2024-06-24,0.013662,0.000887
2024-06-25,0.034195,0.001884
2024-06-26,0.051333,0.002310
2024-06-27,0.013441,0.000630
2024-06-28,0.074638,0.002564
2024-07-01,0.206706,0.005188
2024-07-02,0.057684,0.002248
2024-07-03,0.115360,0.005037
2024-07-05,0.063862,0.003253
2024-07-08,0.021793,0.001531
2024-07-09,0.007543,0.000365
2024-07-10,0.010722,0.000224
2024-07-11,0.077532,0.001558
2024-07-12,0.048125,0.001177
2024-07-15,0.019887,0.000474
2024-07-16,0.064664,0.001806
2024-07-17,0.065771,0.001849
2024-07-18,0.067254,0.002313
2024-07-19,0.056623,0.002459
2024-07-22,0.020018,0.001249
2024-07-23,0.006632,0.000270
2024-07-24,0.561384,0.007522
2024-07-25,0.503816,0.005624
2024-07-26,0.374029,0.004556
2024-07-29,0.057865,0.001289
2024-07-30,0.019924,0.000905
2024-07-31,0.323405,0.009057
2024-08-01,0.723046,0.010016
2024-08-02,0.999752,0.183240
2024-08-05,0.998535,0.184067
2024-08-06,0.939425,0.093312
2024-08-07,0.487245,0.012504
2024-08-08,0.721624,0.009701
2024-08-09,0.264035,0.002902
2024-08-12,0.081984,0.001827
2024-08-13,0.483086,0.010962
2024-08-14,0.116620,0.002549
2024-08-15,0.147845,0.003949
2024-08-16,0.032335,0.001690
2024-08-19,0.019304,0.001418
2024-08-20,0.012009,0.000715
2024-08-21,0.008708,0.000260
2024-08-22,0.061839,0.001194
2024-08-23,0.390282,0.008188
2024-08-26,0.115427,0.002323
2024-08-27,0.014683,0.000629
2024-08-28,0.019736,0.000778
2024-08-29,0.007963,0.000200
2024-08-30,0.015626,0.000193
2024-09-03,0.510300,0.005788
2024-09-04,0.246994,0.003384
2024-09-05,0.049305,0.001428
2024-09-06,0.196855,0.004088
2024-09-09,0.045997,0.001882
2024-09-10,0.014314,0.001033
2024-09-11,0.008891,0.000436
2024-09-12,0.133714,0.003782
2024-09-13,0.046838,0.002008
2024-09-16,0.014145,0.000876
2024-09-17,0.007025,0.000228
2024-09-18,0.027610,0.000444
2024-09-19,0.121202,0.002693
2024-09-20,0.041993,0.001398
2024-09-23,0.008338,0.000335
2024-09-24,0.076076,0.002382
2024-09-25,0.045123,0.001695
2024-09-26,0.062305,0.003004
2024-09-27,0.018427,0.001018
2024-09-30,0.010309,0.000377
2024-10-01,0.019772,0.000436
2024-10-02,0.011735,0.000183
2024-10-03,0.060441,0.001013
2024-10-04,0.091476,0.002935
2024-10-07,0.039464,0.001429
2024-10-08,0.081567,0.003588
2024-10-09,0.019580,0.001031
2024-10-10,0.018310,0.000795
2024-10-11,0.010935,0.000369
2024-10-14,0.008998,0.000142
2024-10-15,0.029180,0.000336
2024-10-16,0.010006,0.000100
2024-10-17,0.040338,0.000398
2024-10-18,0.073909,0.001590
2024-10-21,0.421866,0.007586
2024-10-22,0.367004,0.005035
2024-10-23,0.189122,0.002881
2024-10-24,0.031038,0.001218
2024-10-25,0.009904,0.000490
2024-10-28,0.010630,0.000272
2024-10-29,0.006899,0.000061
2024-10-30,0.008238,0.000029
2024-10-31,0.060413,0.000387
2024-11-01,0.057085,0.001123
2024-11-04,0.046476,0.001132
2024-11-05,0.032996,0.000885
2024-11-06,0.999485,0.629599
2024-11-07,0.962279,0.446974
2024-11-08,0.584643,0.091895
2024-11-11,0.514576,0.035423
2024-11-12,0.848296,0.023866
2024-11-13,0.332519,0.003795
2024-11-14,0.057452,0.001028
2024-11-15,0.030067,0.000989
2024-11-18,0.086712,0.003417
2024-11-19,0.015431,0.000828
2024-11-20,0.006896,0.000213
2024-11-21,0.005887,0.000055
2024-11-22,0.008048,0.000030
2024-11-25,0.997931,0.072831
2024-11-26,0.465217,0.007794
2024-11-27,0.108193,0.001678
2024-11-29,0.051112,0.001489
2024-12-02,0.028541,0.001084
2024-12-03,0.018975,0.000648
2024-12-04,0.020841,0.000666
2024-12-05,0.006826,0.000107
2024-12-06,0.010243,0.000064
2024-12-09,0.061818,0.000606
2024-12-10,0.027509,0.000537
2024-12-11,0.014242,0.000335
2024-12-12,0.061151,0.001351
2024-12-13,0.032857,0.000832
2024-12-16,0.008602,0.000141
2024-12-17,0.007032,0.000041
2024-12-18,0.999558,0.069804
2024-12-19,0.701986,0.014061
2024-12-20,0.310150,0.003716
2024-12-23,0.070623,0.001351
2024-12-24,0.017046,0.000549
2024-12-26,0.005986,0.000103
2024-12-27,0.022104,0.000187
2024-12-30,0.021697,0.000268
2024-12-31,0.013129,0.000146
2025-01-02,0.013538,0.000117
2025-01-03,0.012707,0.000086
2025-01-06,0.007207,0.000027
2025-01-07,0.076587,0.000407
2025-01-08,0.012416,0.000141
2025-01-10,0.820179,0.011033
2025-01-13,0.207311,0.001794
2025-01-14,0.028474,0.000546
2025-01-15,0.829861,0.025754
2025-01-16,0.254793,0.003487
2025-01-17,0.122966,0.002655
2025-01-21,0.100160,0.003061
2025-01-22,0.018081,0.000771
2025-01-23,0.008859,0.000251
2025-01-24,0.006391,0.000059
2025-01-27,0.062770,0.000637
2025-01-28,0.011614,0.000196
2025-01-29,0.006398,0.000047
2025-01-30,0.018110,0.000090
2025-01-31,0.016863,0.000112
2025-02-03,0.019477,0.000161
2025-02-04,0.020170,0.000211
2025-02-05,0.054059,0.000863
2025-02-06,0.009234,0.000110
2025-02-07,0.025843,0.000217
2025-02-10,0.011814,0.000124
2025-02-11,0.009013,0.000055
2025-02-12,0.035400,0.000241
2025-02-13,0.218272,0.004177
2025-02-14,0.091378,0.002175
2025-02-18,0.215278,0.004578
2025-02-19,0.028612,0.001127
2025-02-20,0.007946,0.000366
2025-02-21,0.077437,0.002368
2025-02-24,0.021175,0.000973
2025-02-25,0.197175,0.006427
2025-02-26,0.038471,0.001776
2025-02-27,0.185099,0.004453
2025-02-28,0.197484,0.005194
2025-03-03,0.225864,0.004958
2025-03-04,0.108530,0.002784
2025-03-05,0.103087,0.003467
2025-03-06,0.119096,0.003301
2025-03-07,0.017834,0.001191
2025-03-10,0.691856,0.011225
2025-03-11,0.459915,0.004329
2025-03-12,0.089496,0.001512
2025-03-13,0.059650,0.002123
2025-03-14,0.117169,0.004439
2025-03-17,0.035467,0.002013
2025-03-18,0.016979,0.001140
2025-03-19,0.018004,0.001084
2025-03-20,0.008699,0.000296
2025-03-21,0.013272,0.000211
2025-03-24,0.027222,0.000424
2025-03-25,0.007242,0.000073
2025-03-26,0.054147,0.000479
2025-03-27,0.028449,0.000545
2025-03-28,0.227346,0.005135
2025-03-31,0.070834,0.002257
2025-04-01,0.032481,0.001631
2025-04-02,0.008764,0.000407
2025-04-03,0.999981,0.216718
2025-04-04,1.000000,0.994699
2025-04-07,0.999955,0.987507
2025-04-08,0.990570,0.849165
2025-04-09,1.000000,1.000000
2025-04-10,1.000000,0.999397
2025-04-11,0.951735,0.753490
2025-04-14,0.778177,0.367351
2025-04-15,0.179370,0.037934
2025-04-16,0.816319,0.065918
2025-04-17,0.267034,0.007776
2025-04-21,0.963304,0.026826
2025-04-22,0.986383,0.038518
2025-04-23,0.812218,0.013341
2025-04-24,0.947787,0.018652
2025-04-25,0.727389,0.007234
2025-04-28,0.208089,0.001882
2025-04-29,0.151010,0.002994
2025-04-30,0.030959,0.000975
2025-05-01,0.014309,0.000462
2025-05-02,0.105136,0.003432
2025-05-05,0.052896,0.001888
2025-05-06,0.164699,0.005542
2025-05-07,0.119918,0.004079
2025-05-08,0.068853,0.003224
2025-05-09,0.015883,0.001041
2025-05-12,0.841615,0.040135
2025-05-13,0.226783,0.004216
2025-05-14,0.178631,0.004154
2025-05-15,0.089553,0.002712
2025-05-16,0.018515,0.000721
2025-05-19,0.006809,0.000151
2025-05-20,0.040198,0.000656
2025-05-21,0.684266,0.010848
2025-05-22,0.340256,0.003906
2025-05-23,0.126014,0.002307
2025-05-27,0.817414,0.020178
2025-05-28,0.367463,0.003875
2025-05-29,0.098939,0.001797
2025-05-30,0.022269,0.000741
2025-06-02,0.751574,0.014457
2025-06-03,0.179139,0.002334
2025-06-04,0.245073,0.005129
2025-06-05,0.079517,0.002119
2025-06-06,0.061947,0.002786
2025-06-09,0.012717,0.000819
2025-06-10,0.008599,0.000329
2025-06-11,0.007180,0.000093
2025-06-12,0.014305,0.000090
2025-06-13,0.637308,0.006180
2025-06-16,0.271412,0.003096
2025-06-17,0.347293,0.005663
2025-06-18,0.051605,0.001251
2025-06-20,0.011544,0.000398
2025-06-23,0.027438,0.000803
2025-06-24,0.855813,0.031001
2025-06-25,0.225553,0.003189
2025-06-26,0.086912,0.001918
2025-06-27,0.043339,0.001498
2025-06-30,0.019668,0.000669
2025-07-01,0.007532,0.000133
2025-07-02,0.012718,0.000122
2025-07-03,0.008895,0.000060
2025-07-07,0.055841,0.000420
2025-07-08,0.012020,0.000140
2025-07-09,0.032894,0.000382
2025-07-10,0.009179,0.000109
2025-07-11,0.675034,0.008768
2025-07-14,0.145349,0.001861
2025-07-15,0.053157,0.001479
2025-07-16,0.010958,0.000391
2025-07-17,0.006512,0.000106
2025-07-18,0.005890,0.000030
2025-07-21,0.012047,0.000038
2025-07-22,0.010017,0.000035
2025-07-23,0.022985,0.000120
2025-07-24,0.009319,0.000050
2025-07-25,0.030046,0.000234
2025-07-28,0.012212,0.000119
2025-07-29,0.039958,0.000505
2025-07-30,0.077606,0.001610
2025-07-31,0.018663,0.000388
2025-08-01,0.225749,0.006589
2025-08-04,0.124584,0.003804
2025-08-05,0.015924,0.000775
2025-08-06,0.008680,0.000324
2025-08-07,0.006853,0.000094
2025-08-08,0.006445,0.000032
2025-08-11,0.012111,0.000039
2025-08-12,0.023340,0.000160
2025-08-13,0.019801,0.000210
2025-08-14,0.016720,0.000162
2025-08-15,0.008788,0.000062
2025-08-18,0.005660,0.000018
2025-08-19,0.009012,0.000020
2025-08-20,0.014083,0.000057
2025-08-21,0.010517,0.000055
2025-08-22,0.303480,0.003927
2025-08-25,0.074198,0.001430
2025-08-26,0.011755,0.000384
2025-08-27,0.005444,0.000080
2025-08-28,0.006984,0.000033
2025-08-29,0.043019,0.000305
2025-09-02,0.236513,0.004665
2025-09-03,0.067961,0.002220
2025-09-04,0.057349,0.002997
2025-09-05,0.047883,0.003060
2025-09-08,0.027178,0.001954
2025-09-09,0.009227,0.000507
2025-09-10,0.006567,0.000135
2025-09-11,0.015924,0.000170
2025-09-12,0.010944,0.000096
2025-09-15,0.007734,0.000044
2025-09-16,0.005134,0.000013
2025-09-17,0.012694,0.000025
2025-09-18,0.011562,0.000039
2025-09-19,0.007714,0.000025
2025-09-22,0.012473,0.000050
2025-09-23,0.008661,0.000042
2025-09-24,0.009319,0.000031
2025-09-25,0.037740,0.000278
2025-09-26,0.011808,0.000161
2025-09-29,0.009166,0.000076
2025-09-30,0.005277,0.000018
2025-10-01,0.006961,0.000012
2025-10-02,0.010870,0.000024
2025-10-03,0.011040,0.000041
2025-10-06,0.013061,0.000079
2025-10-07,0.009745,0.000065
2025-10-08,0.009422,0.000051
2025-10-09,0.009763,0.000041
2025-10-10,0.869622,0.010667
2025-10-13,0.915436,0.010429
2025-10-14,0.266778,0.001775
2025-10-15,0.184591,0.002840
2025-10-16,0.069117,0.002230
2025-10-17,0.071577,0.003551
2025-10-20,0.089656,0.004038
2025-10-21,0.999950,0.569731
2025-10-22,0.582285,0.122545
2025-10-23,0.158893,0.014505
2025-10-24,0.032569,0.001912
2025-10-27,0.446734,0.017009
2025-10-28,0.107395,0.003266
2025-10-29,0.052217,0.002263
2025-10-30,0.374896,0.008828
2025-10-31,0.046860,0.001493
2025-11-03,0.008497,0.000386
2025-11-04,0.044236,0.001502
2025-11-05,0.027588,0.001498
2025-11-06,0.027753,0.001709
2025-11-07,0.011303,0.000714
2025-11-10,0.084250,0.003520
2025-11-11,0.021623,0.001404
2025-11-12,0.012011,0.000731
2025-11-13,0.167919,0.004748
2025-11-14,0.060798,0.002636
2025-11-17,0.036379,0.001918
2025-11-18,0.033927,0.002223
2025-11-19,0.007696,0.000557
2025-11-20,0.045235,0.001895
2025-11-21,0.045187,0.002730
2025-11-24,0.044980,0.002788
2025-11-25,0.022232,0.001727
2025-11-26,0.025363,0.001754
2025-11-28,0.247638,0.007474
2025-12-01,0.338363,0.006232
2025-12-02,0.042904,0.001381
2025-12-03,0.011490,0.000618
2025-12-04,0.009669,0.000270
2025-12-05,0.008805,0.000109
2025-12-08,0.008504,0.000051
2025-12-09,0.017016,0.000097
2025-12-10,0.014542,0.000123
2025-12-11,0.011977,0.000093
2025-12-12,0.053032,0.000642
2025-12-15,0.019620,0.000417
2025-12-16,0.011373,0.000208
2025-12-17,0.565991,0.010338
2025-12-18,0.507313,0.007691
2025-12-19,0.121165,0.002116
2025-12-22,0.096171,0.003019
2025-12-23,0.065266,0.002992
2025-12-24,0.013274,0.001074
2025-12-26,0.739108,0.021977
2025-12-29,0.998706,0.148380
2025-12-30,0.778821,0.034919
2025-12-31,0.934834,0.038888
2026-01-02,0.368443,0.005087
2026-01-05,0.704765,0.010909
2026-01-06,0.767542,0.008591
2026-01-07,0.724689,0.007198
2026-01-08,0.165666,0.001637
2026-01-09,0.050787,0.001390
2026-01-12,0.498463,0.010348
2026-01-13,0.130560,0.002572
2026-01-14,0.610204,0.013073
2026-01-15,0.149148,0.002696
2026-01-16,0.029712,0.000930
2026-01-20,0.999379,0.212990
2026-01-21,0.816056,0.067463
2026-01-22,0.311049,0.009002
2026-01-23,0.886889,0.025346
2026-01-26,0.787862,0.011682
2026-01-27,0.644317,0.005590
2026-01-28,0.860688,0.009891
2026-01-29,0.307029,0.002275
2026-01-30,1.000000,1.000000
2026-02-02,0.999947,0.993529
2026-02-03,0.999996,0.996351
2026-02-04,0.879350,0.687691
2026-02-05,1.000000,0.999710
2026-02-06,0.995840,0.897690
2026-02-09,0.997486,0.874078
2026-02-10,0.775505,0.452773
2026-02-11,0.575111,0.130548
2026-02-12,1.000000,0.955737
2026-02-13,0.831755,0.623498
2026-02-17,0.915152,0.455097
2026-02-18,0.965274,0.306665
2026-02-19,0.377354,0.034865
2026-02-20,0.928057,0.052850
2026-02-23,0.994301,0.103714
2026-02-24,0.754877,0.029187
2026-02-25,0.216509,0.003827
2026-02-26,0.044018,0.000970
2026-02-27,0.488029,0.012935
2026-03-02,0.337598,0.005513
2026-03-03,0.997109,0.062545
2026-03-04,0.495034,0.008366
2026-03-05,0.464390,0.005205
2026-03-06,0.966764,0.024264
2026-03-09,0.695655,0.007964
2026-03-10,0.639494,0.005552
2026-03-11,0.317745,0.003333
2026-03-12,0.737858,0.008228
2026-03-13,0.586926,0.005509
2026-03-16,0.713748,0.009080
2026-03-17,0.170866,0.001935
2026-03-18,0.533832,0.007808
2026-03-19,0.985800,0.047560
2026-03-20,0.999985,0.555611
2026-03-23,0.998612,0.777585
2026-03-24,0.663261,0.264012
2026-03-25,0.565947,0.095633
2026-03-26,0.995510,0.234634
2026-03-27,0.999857,0.660000
2026-03-30,0.722878,0.237115
2026-03-31,0.999188,0.522887
2026-04-01,0.453144,0.087356
2026-04-02,0.096626,0.008100
2026-04-06,0.015157,0.000585
2026-04-07,0.005771,0.000072
2026-04-08,0.993508,0.062953
2026-04-09,0.439153,0.007128
2026-04-10,0.061709,0.000875
2026-04-13,0.023738,0.000598
2026-04-14,0.123652,0.003842
2026-04-15,0.020262,0.000816
2026-04-16,0.007754,0.000216
2026-04-17,0.081645,0.002125
2026-04-20,0.013008,0.000320
2026-04-21,0.161023,0.003997
2026-04-22,0.048056,0.001658
2026-04-23,0.016963,0.000754
2026-04-24,0.017023,0.000723
2026-04-27,0.007660,0.000159
2026-04-28,0.011967,0.000118
2026-04-29,0.015820,0.000141
2026-04-30,0.047713,0.000809
2026-05-01,0.009214,0.000172
2026-05-04,0.022864,0.000282
2026-05-05,0.039673,0.000768
2026-05-06,0.453868,0.010262
2026-05-07,0.411050,0.005643
2026-05-08,0.204998,0.003625
2026-05-11,0.897788,0.018800
2026-05-12,0.883189,0.010850
2026-05-13,0.399505,0.003228
2026-05-14,0.614784,0.009155
2026-05-15,0.999396,0.148274
2026-05-18,0.499614,0.018228
2026-05-19,0.337453,0.006634
2026-05-20,0.696439,0.013958
2026-05-21,0.149561,0.002159
2026-05-22,0.042488,0.001267
2026-05-26,0.195837,0.006925
2026-05-27,0.240462,0.006719
2026-05-28,0.040615,0.001684
2026-05-29,0.008221,0.000418
2026-06-01,0.009224,0.000212
2026-06-02,0.006235,0.000049
2026-06-03,0.016499,0.000080
2026-06-04,0.007073,0.000036
2026-06-05,0.999973,0.178383
2026-06-08,0.509382,0.025242
2026-06-09,0.316692,0.008083
2026-06-10,0.384935,0.005832
2026-06-11,0.998244,0.114375
2026-06-12,0.370586,0.010230
2026-06-15,0.322203,0.006213
2026-06-16,0.083526,0.001916
2026-06-17,0.557479,0.013709
2026-06-18,0.948175,0.035059
2026-06-22,0.407041,0.005093
2026-06-23,0.948409,0.014288
2026-06-24,0.999991,0.429675
2026-06-25,0.484886,0.065910
2026-06-26,0.206637,0.011843
2026-06-29,0.149668,0.006385
2026-06-30,0.058766,0.002826
2026-07-01,0.076473,0.003234
2026-07-02,0.165277,0.005671
2026-07-06,0.054419,0.002589
2026-07-07,0.269778,0.006964
2026-07-08,0.067263,0.002411
2026-07-09,0.020507,0.001305
2026-07-10,0.006446,0.000299
2026-07-13,0.111071,0.002562
2026-07-14,0.031326,0.001259
2026-07-15,0.009236,0.000350
2026-07-16,0.020978,0.000480
2026-07-17,0.050533,0.001539
2026-07-20,0.016545,0.000616
2026-07-21,0.098078,0.003182
2026-07-22,0.047932,0.002200
2026-07-23,0.046571,0.002501
2026-07-24,0.020219,0.001491
2026-07-27,0.017795,0.001348
2026-07-28,0.031569,0.001888
2026-07-29,0.874141,0.022387
2026-07-30,0.957859,0.023467
2026-07-31,0.535387,0.005446
2026-08-03,0.353546,0.004306
2026-08-04,0.858809,0.017497
2026-08-05,0.976409,0.024916
2026-08-06,0.524244,0.004447
2026-08-07,0.243466,0.002674
2026-08-10,0.770034,0.009889
2026-08-11,0.223145,0.002224
2026-08-12,0.037533,0.000830
2026-08-13,0.042641,0.001795
2026-08-14,0.017165,0.000777
2026-08-17,0.027729,0.001246
2026-08-18,0.086913,0.003136
2026-08-19,0.714569,0.022498
2026-08-20,0.738612,0.010210
2026-08-21,0.256195,0.002555
2026-08-24,0.052172,0.001210
2026-08-25,0.081570,0.003630
2026-08-26,0.020586,0.001142
2026-08-27,0.007790,0.000302
2026-08-28,0.146178,0.003968
2026-08-31,0.025452,0.000788
2026-09-01,0.033040,0.001157
2026-09-02,0.009788,0.000287
2026-09-03,0.015898,0.000295
2026-09-04,0.014149,0.000209
2026-09-08,0.006808,0.000045
2026-09-09,0.067026,0.000633
2026-09-10,0.342779,0.007306
2026-09-11,0.056704,0.001495
2026-09-14,0.034244,0.001367
2026-09-15,0.026171,0.001330
2026-09-16,0.013980,0.000717
2026-09-17,0.071453,0.003048
2026-09-18,0.027348,0.001237
2026-09-21,0.297024,0.010033
