date,M1_inverse_vol,M2_risk_parity,M3_momentum,M4_mean_reversion,M9_mean_cvar
2006-04-28,0.513716,,,0.486284,
2006-05-01,0.510677,,,0.489323,
2006-05-02,0.509470,,,0.490530,
2006-05-03,0.505847,,,0.494153,
2006-05-04,0.505196,,,0.494804,
2006-05-05,0.504290,,,0.495710,
2006-05-08,0.498109,,,0.501891,
2006-05-09,0.499233,,,0.500767,
2006-05-10,0.499815,,,0.500185,
2006-05-11,0.499955,,,0.500045,
2006-05-12,0.492608,,,0.507392,
2006-05-15,0.482302,,,0.517698,
2006-05-16,0.490947,,,0.509053,
2006-05-17,0.493202,,,0.506798,
2006-05-18,0.480642,,,0.519358,
2006-05-19,0.494328,,,0.505672,
2006-05-22,0.494451,,,0.505549,
2006-05-23,0.497434,,,0.502566,
2006-05-24,0.497543,,,0.502457,
2006-05-25,0.498578,,,0.501422,
2006-05-26,0.496000,,,0.504000,
2006-05-30,0.494391,,,0.505609,
2006-05-31,0.487160,,,0.512840,
2006-06-01,0.490837,,,0.509163,
2006-06-02,0.490848,,,0.509152,
2006-06-05,0.490522,,,0.509478,
2006-06-06,0.485890,,,0.514110,
2006-06-07,0.487475,,,0.512525,
2006-06-08,0.485643,,,0.514357,
2006-06-09,0.488859,,,0.511141,
2006-06-12,0.490658,,,0.509342,
2006-06-13,0.487087,,,0.512913,
2006-06-14,0.486283,,,0.513717,
2006-06-15,0.500183,,,0.499817,
2006-06-16,0.511042,,,0.488958,
2006-06-19,0.510564,,,0.489436,
2006-06-20,0.507089,,,0.492911,
2006-06-21,0.507295,,,0.492705,
2006-06-22,0.507076,,,0.492924,
2006-06-23,0.505072,,,0.494928,
2006-06-26,0.505198,,,0.494802,
2006-06-27,0.506182,,,0.493818,
2006-06-28,0.510663,,,0.489337,
2006-06-29,0.514283,,,0.485717,
2006-06-30,0.499453,,,0.500547,
2006-07-03,0.498521,,,0.501479,
2006-07-05,0.498331,,,0.501669,
2006-07-06,0.495298,,,0.504702,
2006-07-07,0.495122,,,0.504878,
2006-07-10,0.501312,,,0.498688,
2006-07-11,0.501316,,,0.498684,
2006-07-12,0.499283,,,0.500717,
2006-07-13,0.501202,,,0.498798,
2006-07-14,0.506386,,,0.493614,
2006-07-17,0.507482,,,0.492518,
2006-07-18,0.505907,,,0.494093,
2006-07-19,0.511412,,,0.488588,
2006-07-20,0.502156,,,0.497844,
2006-07-21,0.505692,,,0.494308,
2006-07-24,0.505173,,,0.494827,
2006-07-25,0.505862,,,0.494138,
2006-07-26,0.506247,,,0.493753,
2006-07-27,0.506510,,,0.493490,
2006-07-28,0.506299,,,0.493701,
2006-07-31,0.503413,,,0.496587,
2006-08-01,0.020637,,0.959007,0.020356,
2006-08-02,0.077692,,0.845682,0.076626,
2006-08-03,0.106091,,0.789011,0.104898,
2006-08-04,0.107436,,0.786368,0.106197,
2006-08-07,0.107263,,0.787299,0.105438,
2006-08-08,0.107561,,0.786889,0.105550,
2006-08-09,0.107455,,0.787012,0.105533,
2006-08-10,0.110239,,0.781526,0.108235,
2006-08-11,0.117089,,0.768004,0.114907,
2006-08-14,0.123090,,0.755430,0.121480,
2006-08-15,0.123587,,0.754443,0.121970,
2006-08-16,0.165228,,0.669517,0.165254,
2006-08-17,0.185545,,0.627476,0.186979,
2006-08-18,0.186681,,0.625234,0.188085,
2006-08-21,0.187208,,0.623982,0.188810,
2006-08-22,0.189770,,0.618718,0.191512,
2006-08-23,0.189780,,0.618737,0.191483,
2006-08-24,0.189847,,0.618331,0.191821,
2006-08-25,0.189885,,0.618298,0.191817,
2006-08-28,0.190559,,0.616909,0.192532,
2006-08-29,0.190908,,0.616555,0.192538,
2006-08-30,0.191530,,0.615143,0.193327,
2006-08-31,0.191417,,0.615087,0.193496,
2006-09-01,0.191555,,0.614597,0.193848,
2006-09-05,0.192957,,0.611746,0.195297,
2006-09-06,0.193168,,0.612232,0.194600,
2006-09-07,0.209030,,0.579226,0.211743,
2006-09-08,0.208779,,0.579639,0.211582,
2006-09-11,0.209112,,0.580116,0.210772,
2006-09-12,0.208834,,0.583194,0.207972,
2006-09-13,0.218775,,0.566141,0.215083,
2006-09-14,0.219474,,0.564556,0.215970,
2006-09-15,0.218888,,0.565055,0.216057,
2006-09-18,0.218869,,0.565073,0.216057,
2006-09-19,0.219348,,0.565884,0.214768,
2006-09-20,0.220783,,0.568619,0.210598,
2006-09-21,0.226891,,0.556332,0.216777,
2006-09-22,0.227310,,0.555114,0.217576,
2006-09-25,0.228817,,0.552272,0.218911,
2006-09-26,0.236159,,0.537559,0.226281,
2006-09-27,0.236845,,0.536963,0.226192,
2006-09-28,0.237944,,0.535713,0.226343,
2006-09-29,0.238055,,0.535890,0.226055,
2006-10-02,0.238116,,0.535614,0.226271,
2006-10-03,0.241389,,0.529391,0.229221,
2006-10-04,0.242390,,0.529262,0.228348,
2006-10-05,0.240794,,0.531482,0.227724,
2006-10-06,0.246443,,0.522364,0.231193,
2006-10-09,0.248346,,0.519288,0.232366,
2006-10-10,0.248173,,0.519551,0.232275,
2006-10-11,0.249199,,0.516677,0.234124,
2006-10-12,0.249024,,0.516761,0.234214,
2006-10-13,0.249939,,0.513641,0.236420,
2006-10-16,0.254384,,0.507538,0.238078,
2006-10-17,0.254100,,0.507692,0.238208,
2006-10-18,0.255879,,0.504170,0.239952,
2006-10-19,0.256400,,0.503309,0.240291,
2006-10-20,0.257872,,0.501517,0.240611,
2006-10-23,0.258323,,0.500927,0.240750,
2006-10-24,0.259427,,0.498645,0.241927,
2006-10-25,0.259480,,0.498562,0.241958,
2006-10-26,0.258474,,0.499203,0.242323,
2006-10-27,0.258423,,0.498796,0.242781,
2006-10-30,0.262419,,0.491049,0.246533,
2006-10-31,0.262417,,0.491037,0.246545,
2006-11-01,0.263569,,0.488812,0.247619,
2006-11-02,0.264114,,0.488849,0.247038,
2006-11-03,0.265475,,0.486068,0.248456,
2006-11-06,0.271978,,0.474263,0.253759,
2006-11-07,0.271813,,0.475279,0.252909,
2006-11-08,0.272075,,0.474647,0.253278,
2006-11-09,0.273196,,0.472469,0.254335,
2006-11-10,0.274017,,0.471022,0.254961,
2006-11-13,0.275434,,0.468396,0.256170,
2006-11-14,0.275485,,0.468463,0.256053,
2006-11-15,0.275272,,0.468741,0.255987,
2006-11-16,0.276252,,0.467334,0.256414,
2006-11-17,0.276336,,0.466873,0.256791,
2006-11-20,0.276530,,0.466342,0.257128,
2006-11-21,0.278584,,0.462508,0.258908,
2006-11-22,0.278101,,0.462817,0.259083,
2006-11-24,0.277944,,0.462875,0.259182,
2006-11-27,0.277953,,0.462846,0.259201,
2006-11-28,0.277319,,0.463713,0.258969,
2006-11-29,0.277137,,0.463705,0.259158,
2006-11-30,0.277439,,0.464291,0.258270,
2006-12-01,0.277045,,0.464774,0.258180,
2006-12-04,0.277954,,0.463571,0.258476,
2006-12-05,0.278131,,0.464954,0.256915,
2006-12-06,0.278188,,0.464849,0.256963,
2006-12-07,0.278037,,0.464512,0.257451,
2006-12-08,0.278373,,0.464940,0.256688,
2006-12-11,0.278182,,0.465598,0.256220,
2006-12-12,0.278038,,0.465686,0.256276,
2006-12-13,0.278938,,0.464573,0.256489,
2006-12-14,0.280212,,0.461771,0.258017,
2006-12-15,0.280607,,0.461324,0.258069,
2006-12-18,0.281139,,0.460176,0.258685,
2006-12-19,0.281641,,0.458786,0.259573,
2006-12-20,0.282211,,0.457996,0.259793,
2006-12-21,0.282307,,0.457841,0.259852,
2006-12-22,0.283419,,0.455878,0.260703,
2006-12-26,0.284716,,0.453874,0.261410,
2006-12-27,0.285410,,0.454767,0.259823,
2006-12-28,0.286423,,0.453128,0.260449,
2006-12-29,0.286901,,0.452319,0.260780,
2007-01-03,0.287119,,0.452503,0.260378,
2007-01-04,0.291415,,0.444307,0.264278,
2007-01-05,0.293332,,0.442971,0.263698,
2007-01-08,0.291948,,0.445094,0.262958,
2007-01-09,0.291929,,0.445114,0.262958,
2007-01-10,0.292126,,0.444889,0.262985,
2007-01-11,0.292112,,0.444882,0.263006,
2007-01-12,0.292649,,0.445158,0.262192,
2007-01-16,0.293635,,0.444890,0.261475,
2007-01-17,0.295236,,0.442052,0.262712,
2007-01-18,0.295642,,0.441322,0.263036,
2007-01-19,0.296159,,0.440778,0.263064,
2007-01-22,0.296252,,0.441382,0.262366,
2007-01-23,0.296304,,0.441572,0.262124,
2007-01-24,0.298487,,0.439670,0.261844,
2007-01-25,0.299071,,0.438591,0.262339,
2007-01-26,0.299433,,0.437220,0.263346,
2007-01-29,0.299552,,0.437021,0.263427,
2007-01-30,0.299945,,0.436090,0.263965,
2007-01-31,0.299582,,0.436267,0.264151,
2007-02-01,0.298822,,0.436771,0.264407,
2007-02-02,0.299078,,0.436434,0.264488,
2007-02-05,0.299270,,0.436365,0.264365,
2007-02-06,0.299318,,0.436433,0.264249,
2007-02-07,0.299025,,0.436561,0.264413,
2007-02-08,0.300171,,0.434258,0.265571,
2007-02-09,0.301980,,0.430845,0.267176,
2007-02-12,0.302890,,0.428583,0.268527,
2007-02-13,0.302572,,0.428694,0.268734,
2007-02-14,0.302575,,0.429018,0.268407,
2007-02-15,0.302474,,0.429220,0.268306,
2007-02-16,0.302588,,0.429117,0.268296,
2007-02-20,0.302955,,0.428482,0.268563,
2007-02-21,0.304315,,0.426050,0.269635,
2007-02-22,0.306911,,0.421193,0.271896,
2007-02-23,0.306962,,0.421326,0.271712,
2007-02-26,0.308266,,0.419689,0.272045,
2007-02-27,0.308622,,0.419501,0.271877,
2007-02-28,0.311504,,0.423795,0.264701,
2007-03-01,0.006003,0.505880,0.008172,0.005065,0.474880
2007-03-02,0.009675,0.212968,0.013171,0.008172,0.756014
2007-03-05,0.013291,0.154513,0.018138,0.011202,0.802857
2007-03-06,0.026609,0.178402,0.036491,0.022487,0.736011
2007-03-07,0.027857,0.139029,0.038170,0.023316,0.771628
2007-03-08,0.034520,0.171450,0.047046,0.028764,0.718219
2007-03-09,0.035534,0.168394,0.048232,0.029551,0.718290
2007-03-12,0.050509,0.234034,0.068275,0.041843,0.605338
2007-03-13,0.053284,0.241622,0.071969,0.044177,0.588949
2007-03-14,0.054446,0.227516,0.073309,0.044821,0.599908
2007-03-15,0.054573,0.226501,0.073414,0.044846,0.600666
2007-03-16,0.055365,0.227625,0.073807,0.045082,0.598120
2007-03-19,0.056016,0.229285,0.074519,0.045649,0.594532
2007-03-20,0.056510,0.225377,0.074823,0.045810,0.597481
2007-03-21,0.059307,0.230725,0.078590,0.048163,0.583214
2007-03-22,0.065083,0.228628,0.085939,0.053083,0.567267
2007-03-23,0.066581,0.231174,0.087381,0.053972,0.560893
2007-03-26,0.067886,0.234933,0.088952,0.054984,0.553246
2007-03-27,0.068487,0.236788,0.089509,0.055419,0.549797
2007-03-28,0.068666,0.235797,0.089610,0.055480,0.550447
2007-03-29,0.068813,0.234708,0.089501,0.055569,0.551409
2007-03-30,0.069113,0.234334,0.089617,0.055586,0.551351
2007-04-02,0.069684,0.235688,0.090029,0.055998,0.548601
2007-04-03,0.069783,0.235617,0.090118,0.056034,0.548448
2007-04-04,0.069947,0.233766,0.090359,0.056172,0.549756
2007-04-05,0.071926,0.237434,0.092986,0.057817,0.539836
2007-04-09,0.072332,0.238691,0.093471,0.058111,0.537395
2007-04-10,0.077701,0.252094,0.100461,0.062423,0.507321
2007-04-11,0.080264,0.254591,0.103910,0.064818,0.496417
2007-04-12,0.081477,0.252885,0.104686,0.065376,0.495576
2007-04-13,0.082087,0.253120,0.105518,0.065918,0.493358
2007-04-16,0.082186,0.252499,0.105605,0.066216,0.493493
2007-04-17,0.082899,0.250845,0.106578,0.066983,0.492695
2007-04-18,0.084949,0.255189,0.109198,0.068679,0.481985
2007-04-19,0.085537,0.256536,0.109876,0.069093,0.478959
2007-04-20,0.086626,0.255000,0.110060,0.069387,0.478927
2007-04-23,0.087482,0.252305,0.111229,0.070384,0.478600
2007-04-24,0.088198,0.253246,0.111811,0.070863,0.475882
2007-04-25,0.088329,0.253268,0.111842,0.070837,0.475725
2007-04-26,0.088765,0.252476,0.112386,0.071587,0.474786
2007-04-27,0.090591,0.253347,0.114591,0.073652,0.467819
2007-04-30,0.090653,0.253432,0.114670,0.073777,0.467468
2007-05-01,0.091441,0.254657,0.115693,0.074300,0.463909
2007-05-02,0.091645,0.254598,0.115766,0.074352,0.463639
2007-05-03,0.092055,0.253466,0.115870,0.074564,0.464044
2007-05-04,0.092286,0.253191,0.115796,0.074621,0.464107
2007-05-07,0.093383,0.254600,0.117085,0.075458,0.459473
2007-05-08,0.093534,0.254632,0.117192,0.075510,0.459132
2007-05-09,0.094076,0.253845,0.117494,0.075698,0.458888
2007-05-10,0.094660,0.255377,0.118227,0.076136,0.455601
2007-05-11,0.095118,0.250828,0.118681,0.076789,0.458584
2007-05-14,0.095415,0.248120,0.118846,0.077034,0.460584
2007-05-15,0.096196,0.246940,0.119236,0.077347,0.460281
2007-05-16,0.096974,0.246618,0.119173,0.077315,0.459920
2007-05-17,0.097208,0.246724,0.118928,0.077388,0.459753
2007-05-18,0.098276,0.246495,0.120403,0.078398,0.456428
2007-05-21,0.099977,0.247220,0.120683,0.078571,0.453548
2007-05-22,0.100469,0.246854,0.121304,0.079564,0.451808
2007-05-23,0.101652,0.249093,0.122822,0.080510,0.445923
2007-05-24,0.101927,0.248939,0.122826,0.080754,0.445554
2007-05-25,0.102273,0.245871,0.123062,0.081202,0.447591
2007-05-29,0.102423,0.244929,0.123218,0.081345,0.448085
2007-05-30,0.103391,0.245951,0.123433,0.081826,0.445399
2007-05-31,0.104114,0.244110,0.124213,0.082404,0.445159
2007-06-01,0.105183,0.243782,0.123794,0.082434,0.444807
2007-06-04,0.105468,0.244152,0.123361,0.082706,0.444313
2007-06-05,0.106032,0.244260,0.123669,0.083085,0.442954
2007-06-06,0.108337,0.244622,0.125240,0.084773,0.437028
2007-06-07,0.109541,0.243120,0.125053,0.084857,0.437430
2007-06-08,0.120732,0.243447,0.137962,0.095186,0.402673
2007-06-11,0.121259,0.243484,0.137161,0.094964,0.403132
2007-06-12,0.121383,0.243442,0.136814,0.095264,0.403097
2007-06-13,0.125028,0.240934,0.141539,0.099246,0.393252
2007-06-14,0.127884,0.237068,0.143919,0.101362,0.389767
2007-06-15,0.129649,0.236441,0.143390,0.102034,0.388486
2007-06-18,0.131187,0.234827,0.145420,0.104704,0.383862
2007-06-19,0.132486,0.233881,0.144672,0.106554,0.382406
2007-06-20,0.134397,0.235403,0.146073,0.107669,0.376457
2007-06-21,0.136716,0.232843,0.148528,0.109812,0.372101
2007-06-22,0.136993,0.233227,0.147827,0.109698,0.372256
2007-06-25,0.138003,0.233843,0.146933,0.109678,0.371543
2007-06-26,0.138687,0.233722,0.146827,0.109493,0.371271
2007-06-27,0.139129,0.232284,0.147587,0.110067,0.370933
2007-06-28,0.139563,0.230722,0.148087,0.110434,0.371194
2007-06-29,0.139684,0.230494,0.147942,0.111099,0.370780
2007-07-02,0.140708,0.231145,0.148611,0.112308,0.367228
2007-07-03,0.145351,0.227449,0.148696,0.112949,0.365555
2007-07-05,0.145916,0.227447,0.148147,0.113145,0.365344
2007-07-06,0.147508,0.228663,0.148607,0.114475,0.360746
2007-07-09,0.148826,0.228332,0.148063,0.114391,0.360388
2007-07-10,0.149458,0.228309,0.148327,0.114806,0.359101
2007-07-11,0.150865,0.230102,0.146414,0.116850,0.355769
2007-07-12,0.151329,0.230844,0.145557,0.117202,0.355068
2007-07-13,0.152084,0.230253,0.144624,0.117375,0.355663
2007-07-16,0.152536,0.230145,0.145044,0.118139,0.354136
2007-07-17,0.152978,0.230031,0.144675,0.119220,0.353096
2007-07-18,0.153254,0.230087,0.144752,0.119709,0.352198
2007-07-19,0.154836,0.230346,0.144886,0.120302,0.349630
2007-07-20,0.154856,0.229908,0.144616,0.121397,0.349221
2007-07-23,0.158622,0.229595,0.143551,0.121190,0.347041
2007-07-24,0.159095,0.229388,0.143048,0.122076,0.346393
2007-07-25,0.159475,0.228154,0.142355,0.122645,0.347372
2007-07-26,0.160407,0.227863,0.142137,0.122703,0.346890
2007-07-27,0.159935,0.226716,0.141156,0.122453,0.349740
2007-07-30,0.159571,0.225856,0.141777,0.122832,0.349965
2007-07-31,0.159523,0.225271,0.141509,0.122928,0.350769
2007-08-01,0.161000,0.225399,0.140258,0.122928,0.350415
2007-08-02,0.161150,0.225548,0.139834,0.122788,0.350680
2007-08-03,0.161075,0.225006,0.140296,0.122741,0.350883
2007-08-06,0.162276,0.224702,0.140924,0.121049,0.351049
2007-08-07,0.163071,0.225715,0.140943,0.120882,0.349389
2007-08-08,0.163387,0.225341,0.140910,0.121144,0.349218
2007-08-09,0.163952,0.225259,0.139888,0.119669,0.351232
2007-08-10,0.164008,0.222100,0.139979,0.119555,0.354358
2007-08-13,0.164239,0.221871,0.140487,0.120026,0.353377
2007-08-14,0.164415,0.221963,0.140639,0.120189,0.352796
2007-08-15,0.165821,0.222466,0.140987,0.119905,0.350821
2007-08-16,0.165785,0.221015,0.140798,0.120176,0.352227
2007-08-17,0.167688,0.220985,0.142185,0.120250,0.348893
2007-08-20,0.168381,0.219192,0.143855,0.120252,0.348320
2007-08-21,0.169084,0.219180,0.144065,0.120735,0.346937
2007-08-22,0.169748,0.219480,0.144471,0.120973,0.345328
2007-08-23,0.169719,0.218629,0.144919,0.120495,0.346238
2007-08-24,0.169810,0.218716,0.144603,0.120560,0.346310
2007-08-27,0.169941,0.217409,0.144901,0.120624,0.347125
2007-08-28,0.170311,0.217674,0.143487,0.120611,0.347917
2007-08-29,0.170956,0.217669,0.144338,0.120025,0.347012
2007-08-30,0.170970,0.215976,0.144776,0.119555,0.348723
2007-08-31,0.171434,0.216335,0.145061,0.119698,0.347473
2007-09-04,0.171571,0.215162,0.145027,0.120191,0.348049
2007-09-05,0.171611,0.214248,0.145286,0.120064,0.348790
2007-09-06,0.172398,0.215180,0.145971,0.119961,0.346490
2007-09-07,0.172693,0.215503,0.145776,0.119887,0.346140
2007-09-10,0.175100,0.217303,0.148595,0.120190,0.338811
2007-09-11,0.175834,0.217513,0.148807,0.120309,0.337537
2007-09-12,0.176090,0.217297,0.149225,0.120284,0.337104
2007-09-13,0.176981,0.216873,0.148669,0.121050,0.336426
2007-09-14,0.177493,0.216835,0.149848,0.121839,0.333985
2007-09-17,0.177672,0.216836,0.149946,0.121834,0.333713
2007-09-18,0.178359,0.216828,0.149432,0.121858,0.333522
2007-09-19,0.178028,0.212327,0.151429,0.122865,0.335351
2007-09-20,0.178023,0.212311,0.151448,0.123244,0.334973
2007-09-21,0.178313,0.213008,0.152145,0.122347,0.334186
2007-09-24,0.178956,0.212800,0.153780,0.122817,0.331647
2007-09-25,0.179268,0.212680,0.153969,0.122829,0.331253
2007-09-26,0.179412,0.212700,0.153437,0.122969,0.331481
2007-09-27,0.179668,0.212137,0.154398,0.122929,0.330867
2007-09-28,0.180351,0.211599,0.155907,0.124231,0.327912
2007-10-01,0.180456,0.211540,0.155759,0.124474,0.327771
2007-10-02,0.180820,0.211426,0.156270,0.124978,0.326506
2007-10-03,0.181046,0.211452,0.156201,0.124772,0.326529
2007-10-04,0.180956,0.211218,0.156577,0.124897,0.326353
2007-10-05,0.181473,0.211014,0.157275,0.126022,0.324217
2007-10-08,0.184078,0.211819,0.157418,0.125526,0.321159
2007-10-09,0.184049,0.211646,0.158399,0.125521,0.320386
2007-10-10,0.184805,0.211383,0.158790,0.125747,0.319275
2007-10-11,0.185253,0.211526,0.158941,0.125968,0.318313
2007-10-12,0.185969,0.211371,0.159174,0.125887,0.317598
2007-10-15,0.186687,0.211872,0.158301,0.126002,0.317138
2007-10-16,0.187676,0.211743,0.158434,0.125997,0.316150
2007-10-17,0.187461,0.211258,0.159129,0.126532,0.315620
2007-10-18,0.188087,0.210773,0.159766,0.126988,0.314386
2007-10-19,0.188292,0.210480,0.160449,0.127409,0.313370
2007-10-22,0.188893,0.210306,0.161573,0.126469,0.312759
2007-10-23,0.188920,0.210201,0.161596,0.126694,0.312588
2007-10-24,0.189165,0.210084,0.161525,0.127041,0.312185
2007-10-25,0.189909,0.210745,0.162467,0.127270,0.309609
2007-10-26,0.189958,0.210738,0.162490,0.127166,0.309649
2007-10-29,0.190391,0.209183,0.162804,0.127115,0.310507
2007-10-30,0.190991,0.208911,0.162888,0.127370,0.309839
2007-10-31,0.190796,0.208480,0.163964,0.127387,0.309374
2007-11-01,0.191060,0.208433,0.163807,0.126451,0.310249
2007-11-02,0.191544,0.207760,0.164082,0.125813,0.310803
2007-11-05,0.191858,0.207709,0.162687,0.125873,0.311873
2007-11-06,0.191677,0.206988,0.163307,0.125991,0.312037
2007-11-07,0.191303,0.204826,0.165292,0.126458,0.312120
2007-11-08,0.191773,0.203901,0.164300,0.126654,0.313372
2007-11-09,0.191852,0.203916,0.164399,0.126574,0.313259
2007-11-12,0.192003,0.203906,0.164861,0.126705,0.312526
2007-11-13,0.191823,0.202270,0.164241,0.126541,0.315126
2007-11-14,0.192120,0.201717,0.165003,0.126834,0.314326
2007-11-15,0.192446,0.202034,0.164048,0.126715,0.314756
2007-11-16,0.192875,0.201811,0.164134,0.126955,0.314225
2007-11-19,0.192870,0.201797,0.164162,0.126961,0.314210
2007-11-20,0.193908,0.202439,0.164649,0.127271,0.311733
2007-11-21,0.194675,0.202618,0.162671,0.126894,0.313142
2007-11-23,0.195787,0.203825,0.163382,0.126727,0.310279
2007-11-26,0.196066,0.203152,0.163694,0.126957,0.310131
2007-11-27,0.198296,0.205444,0.165545,0.127143,0.303573
2007-11-28,0.199737,0.206915,0.166627,0.127126,0.299596
2007-11-29,0.201260,0.207306,0.165642,0.126133,0.299658
2007-11-30,0.201750,0.207532,0.165837,0.126252,0.298630
2007-12-03,0.202301,0.207918,0.164382,0.126401,0.298997
2007-12-04,0.203340,0.208159,0.163642,0.126622,0.298238
2007-12-05,0.203315,0.208146,0.163459,0.126793,0.298287
2007-12-06,0.204218,0.208290,0.162098,0.127208,0.298186
2007-12-07,0.204765,0.208700,0.160842,0.126404,0.299289
2007-12-10,0.205681,0.208838,0.161725,0.127052,0.296704
2007-12-11,0.205885,0.208849,0.161390,0.126863,0.297014
2007-12-12,0.209407,0.211489,0.155927,0.125405,0.297773
2007-12-13,0.209804,0.211610,0.155792,0.124460,0.298333
2007-12-14,0.209030,0.209917,0.157697,0.126149,0.297207
2007-12-17,0.209045,0.208611,0.159752,0.127642,0.294950
2007-12-18,0.209747,0.209125,0.158611,0.127378,0.295139
2007-12-19,0.209572,0.208399,0.159158,0.127740,0.295131
2007-12-20,0.210062,0.208449,0.159954,0.128141,0.293394
2007-12-21,0.210177,0.208541,0.160006,0.128254,0.293021
2007-12-24,0.210829,0.208998,0.158878,0.127190,0.294105
2007-12-26,0.210949,0.208961,0.158875,0.126971,0.294243
2007-12-27,0.211146,0.208874,0.159196,0.126678,0.294106
2007-12-28,0.212036,0.209695,0.158096,0.126775,0.293397
2007-12-31,0.212544,0.209993,0.157278,0.126876,0.293309
2008-01-02,0.212658,0.210036,0.157328,0.126715,0.293263
2008-01-03,0.215154,0.211860,0.156842,0.125797,0.290346
2008-01-04,0.215223,0.211907,0.157203,0.125287,0.290379
2008-01-07,0.214950,0.211119,0.155863,0.126153,0.291916
2008-01-08,0.216666,0.210662,0.155492,0.126277,0.290904
2008-01-09,0.217756,0.211708,0.153438,0.124627,0.292471
2008-01-10,0.218004,0.211836,0.152989,0.124769,0.292403
2008-01-11,0.218102,0.211937,0.152749,0.124862,0.292350
2008-01-14,0.218966,0.212795,0.151786,0.125429,0.291024
2008-01-15,0.219063,0.212229,0.152035,0.125694,0.290980
2008-01-16,0.218716,0.211525,0.151564,0.126159,0.292036
2008-01-17,0.218279,0.210987,0.152186,0.126468,0.292080
2008-01-18,0.218841,0.211400,0.150794,0.126506,0.292459
2008-01-22,0.219001,0.211344,0.150687,0.126644,0.292324
2008-01-23,0.219519,0.211736,0.149818,0.126777,0.292149
2008-01-24,0.220775,0.212546,0.147103,0.126023,0.293552
2008-01-25,0.221083,0.212673,0.147158,0.126082,0.293004
2008-01-28,0.223303,0.213237,0.146614,0.126614,0.290232
2008-01-29,0.223199,0.212791,0.146457,0.126889,0.290664
2008-01-30,0.223345,0.212715,0.146514,0.126919,0.290507
2008-01-31,0.223820,0.212499,0.146374,0.126839,0.290467
2008-02-01,0.224127,0.211740,0.146720,0.127324,0.290089
2008-02-04,0.224457,0.211756,0.145819,0.127092,0.290876
2008-02-05,0.224205,0.211438,0.145901,0.127265,0.291191
2008-02-06,0.223580,0.210677,0.144736,0.127621,0.293386
2008-02-07,0.224028,0.210583,0.144766,0.127711,0.292911
2008-02-08,0.224867,0.211390,0.145093,0.128306,0.290344
2008-02-11,0.225570,0.211846,0.145266,0.128856,0.288462
2008-02-12,0.226104,0.211500,0.145655,0.128890,0.287850
2008-02-13,0.226978,0.211735,0.144913,0.128678,0.287696
2008-02-14,0.227848,0.212103,0.144457,0.128744,0.286848
2008-02-15,0.228568,0.211154,0.144462,0.128949,0.286868
2008-02-19,0.228630,0.211143,0.144445,0.128926,0.286857
2008-02-20,0.228718,0.211166,0.144607,0.128972,0.286538
2008-02-21,0.228550,0.211011,0.144889,0.128994,0.286556
2008-02-22,0.229129,0.211505,0.145043,0.129138,0.285185
2008-02-25,0.229284,0.211572,0.144871,0.129222,0.285050
2008-02-26,0.229649,0.211801,0.144443,0.129302,0.284805
2008-02-27,0.229290,0.211644,0.145551,0.130289,0.283227
2008-02-28,0.232845,0.209202,0.144877,0.132851,0.280225
2008-02-29,0.233513,0.209773,0.144146,0.133535,0.279033
2008-03-03,0.234336,0.210235,0.142973,0.132919,0.279537
2008-03-04,0.235075,0.210626,0.142276,0.132889,0.279135
2008-03-05,0.235162,0.210907,0.142152,0.133004,0.278774
2008-03-06,0.236249,0.211806,0.141165,0.132584,0.278197
2008-03-07,0.235195,0.211163,0.141319,0.133071,0.279252
2008-03-10,0.235265,0.211279,0.141318,0.133138,0.279001
2008-03-11,0.235220,0.211198,0.141013,0.133375,0.279195
2008-03-12,0.235183,0.211155,0.139456,0.133810,0.280396
2008-03-13,0.235876,0.212015,0.139376,0.135199,0.277534
2008-03-14,0.236148,0.212272,0.139489,0.135326,0.276766
2008-03-17,0.236153,0.212326,0.138775,0.135529,0.277217
2008-03-18,0.236401,0.212586,0.139163,0.135448,0.276403
2008-03-19,0.237358,0.213713,0.135873,0.135756,0.277301
2008-03-20,0.236466,0.213349,0.136675,0.134964,0.278547
2008-03-24,0.239911,0.216323,0.131098,0.131892,0.280776
2008-03-25,0.240047,0.216430,0.130380,0.131976,0.281167
2008-03-26,0.239372,0.216079,0.130410,0.132176,0.281964
2008-03-27,0.239881,0.216524,0.129651,0.131802,0.282143
2008-03-28,0.239917,0.216577,0.129494,0.131708,0.282303
2008-03-31,0.240084,0.216763,0.129421,0.131419,0.282313
2008-04-01,0.240498,0.217153,0.128504,0.131278,0.282567
2008-04-02,0.241146,0.217717,0.126245,0.131472,0.283420
2008-04-03,0.241386,0.217861,0.126447,0.131106,0.283200
2008-04-04,0.241403,0.217875,0.126452,0.131121,0.283149
2008-04-07,0.241265,0.217980,0.126830,0.131571,0.282354
2008-04-08,0.241308,0.218014,0.126830,0.131408,0.282440
2008-04-09,0.241134,0.217766,0.126574,0.131146,0.283380
2008-04-10,0.241617,0.218175,0.125796,0.130808,0.283604
2008-04-11,0.241854,0.218401,0.125522,0.130693,0.283530
2008-04-14,0.241603,0.218189,0.125453,0.131001,0.283754
2008-04-15,0.241473,0.218116,0.125487,0.131053,0.283872
2008-04-16,0.241736,0.218312,0.125438,0.130759,0.283754
2008-04-17,0.241145,0.217614,0.125270,0.130994,0.284978
2008-04-18,0.241053,0.217521,0.125331,0.131094,0.285002
2008-04-21,0.241390,0.217925,0.125128,0.130988,0.284568
2008-04-22,0.241545,0.218105,0.125018,0.130934,0.284398
2008-04-23,0.241492,0.218069,0.124952,0.130985,0.284502
2008-04-24,0.241578,0.218154,0.124801,0.130898,0.284569
2008-04-25,0.241681,0.218316,0.124917,0.131344,0.283743
2008-04-28,0.241885,0.218452,0.124813,0.131209,0.283641
2008-04-29,0.241777,0.218451,0.124958,0.131355,0.283459
2008-04-30,0.241699,0.218331,0.125207,0.131587,0.283176
2008-05-01,0.241509,0.218278,0.125249,0.131701,0.283262
2008-05-02,0.242489,0.219290,0.124313,0.129631,0.284276
2008-05-05,0.242416,0.219360,0.124389,0.129673,0.284162
2008-05-06,0.242561,0.219409,0.124267,0.129541,0.284222
2008-05-07,0.242583,0.219425,0.124270,0.129603,0.284119
2008-05-08,0.242510,0.219262,0.124040,0.129562,0.284626
2008-05-09,0.242318,0.219110,0.124271,0.129704,0.284598
2008-05-12,0.242795,0.219597,0.124069,0.129491,0.284047
2008-05-13,0.243155,0.219953,0.123703,0.129478,0.283710
2008-05-14,0.243027,0.220000,0.123910,0.129491,0.283571
2008-05-15,0.243135,0.220066,0.123921,0.129572,0.283305
2008-05-16,0.242228,0.219497,0.124759,0.130592,0.282924
2008-05-19,0.242379,0.219555,0.124588,0.130421,0.283057
2008-05-20,0.242300,0.219492,0.124567,0.130440,0.283201
2008-05-21,0.242645,0.219781,0.124308,0.129916,0.283350
2008-05-22,0.242588,0.219838,0.123742,0.129558,0.284274
2008-05-23,0.242653,0.220043,0.124170,0.130150,0.282984
2008-05-27,0.243149,0.220537,0.123884,0.129662,0.282767
2008-05-28,0.243260,0.220760,0.123968,0.129832,0.282180
2008-05-29,0.243158,0.220720,0.124029,0.129783,0.282310
2008-05-30,0.243459,0.220958,0.124040,0.129809,0.281734
2008-06-02,0.243252,0.220853,0.124295,0.129959,0.281641
2008-06-03,0.243262,0.220886,0.124387,0.129770,0.281696
2008-06-04,0.243407,0.221005,0.124271,0.129559,0.281758
2008-06-05,0.243482,0.221172,0.124241,0.129412,0.281693
2008-06-06,0.243514,0.221178,0.124415,0.129092,0.281803
2008-06-09,0.244825,0.222835,0.122750,0.126281,0.283309
2008-06-10,0.244409,0.222518,0.123222,0.126724,0.283127
2008-06-11,0.243370,0.221811,0.124032,0.127486,0.283301
2008-06-12,0.244398,0.222871,0.122565,0.126568,0.283598
2008-06-13,0.244561,0.223635,0.122882,0.126381,0.282540
2008-06-16,0.244515,0.223623,0.122968,0.126240,0.282655
2008-06-17,0.244672,0.223963,0.122707,0.125978,0.282680
2008-06-18,0.244777,0.224109,0.122802,0.125929,0.282383
2008-06-19,0.244868,0.224148,0.122818,0.125749,0.282417
2008-06-20,0.246179,0.225252,0.122536,0.125211,0.280822
2008-06-23,0.245954,0.225109,0.122705,0.124985,0.281248
2008-06-24,0.245466,0.224658,0.123066,0.125416,0.281394
2008-06-25,0.245538,0.224696,0.123081,0.125332,0.281353
2008-06-26,0.245375,0.225007,0.122934,0.125206,0.281477
2008-06-27,0.245623,0.225665,0.122245,0.124818,0.281648
2008-06-30,0.245582,0.225590,0.122284,0.124805,0.281739
2008-07-01,0.245638,0.225679,0.122288,0.124878,0.281516
2008-07-02,0.246438,0.226085,0.121918,0.124609,0.280950
2008-07-03,0.246558,0.226292,0.121473,0.124070,0.281607
2008-07-07,0.246397,0.226028,0.121327,0.123801,0.282447
2008-07-08,0.246382,0.225889,0.121387,0.123830,0.282513
2008-07-09,0.245992,0.225645,0.121053,0.123587,0.283722
2008-07-10,0.245864,0.225364,0.121191,0.122555,0.285027
2008-07-11,0.245765,0.225002,0.121532,0.122699,0.285001
2008-07-14,0.245698,0.225213,0.121977,0.123034,0.284078
2008-07-15,0.245988,0.225412,0.121763,0.122489,0.284347
2008-07-16,0.245868,0.225215,0.122115,0.122665,0.284138
2008-07-17,0.247119,0.226354,0.120926,0.120376,0.285224
2008-07-18,0.247463,0.226774,0.120754,0.120124,0.284885
2008-07-21,0.247860,0.227017,0.120770,0.120080,0.284273
2008-07-22,0.247585,0.226808,0.121259,0.120399,0.283948
2008-07-23,0.248085,0.227245,0.120984,0.119782,0.283903
2008-07-24,0.248747,0.227612,0.120827,0.119245,0.283570
2008-07-25,0.249458,0.228024,0.120227,0.118420,0.283871
2008-07-28,0.250752,0.228394,0.120131,0.118191,0.282532
2008-07-29,0.252020,0.228730,0.119413,0.117448,0.282389
2008-07-30,0.252685,0.228961,0.118825,0.116681,0.282848
2008-07-31,0.252573,0.228885,0.119196,0.116755,0.282591
2008-08-01,0.252712,0.229070,0.119307,0.116447,0.282463
2008-08-04,0.252730,0.229157,0.119518,0.116676,0.281919
2008-08-05,0.252187,0.228958,0.120198,0.118053,0.280604
2008-08-06,0.252517,0.229257,0.120562,0.115966,0.281698
2008-08-07,0.252654,0.229305,0.120552,0.115991,0.281498
2008-08-08,0.253030,0.229472,0.120858,0.115965,0.280674
2008-08-11,0.254531,0.230899,0.120499,0.114188,0.279882
2008-08-12,0.254703,0.231347,0.120664,0.112765,0.280521
2008-08-13,0.254872,0.231474,0.120679,0.112709,0.280265
2008-08-14,0.255085,0.231648,0.120272,0.112552,0.280443
2008-08-15,0.255631,0.232397,0.120164,0.111886,0.279922
2008-08-18,0.255506,0.232193,0.120009,0.111570,0.280722
2008-08-19,0.256307,0.232649,0.119811,0.110823,0.280410
2008-08-20,0.256286,0.232777,0.119844,0.110288,0.280805
2008-08-21,0.256117,0.232712,0.119861,0.110336,0.280974
2008-08-22,0.256800,0.233184,0.119625,0.109698,0.280692
2008-08-25,0.257378,0.233747,0.119782,0.109048,0.280045
2008-08-26,0.257942,0.234187,0.119691,0.108402,0.279778
2008-08-27,0.257909,0.234252,0.119969,0.108432,0.279439
2008-08-28,0.257901,0.234393,0.119835,0.108612,0.279259
2008-08-29,0.258302,0.234891,0.119586,0.108565,0.278655
2008-09-02,0.258063,0.234680,0.119767,0.108747,0.278743
2008-09-03,0.258894,0.235090,0.119244,0.108323,0.278448
2008-09-04,0.259242,0.235401,0.119039,0.108272,0.278045
2008-09-05,0.258154,0.234550,0.119095,0.108767,0.279435
2008-09-08,0.258078,0.234454,0.119290,0.109000,0.279178
2008-09-09,0.257082,0.233636,0.119226,0.109106,0.280951
2008-09-10,0.256212,0.232425,0.119075,0.109532,0.282756
2008-09-11,0.256200,0.232402,0.118949,0.109624,0.282826
2008-09-12,0.256142,0.232395,0.118914,0.109637,0.282912
2008-09-15,0.256488,0.232558,0.118082,0.109364,0.283508
2008-09-16,0.256411,0.232689,0.118320,0.109041,0.283540
2008-09-17,0.254284,0.232550,0.119967,0.110643,0.282555
2008-09-18,0.253700,0.234757,0.120556,0.111446,0.279541
2008-09-19,0.251766,0.234099,0.123391,0.112458,0.278287
2008-09-22,0.249404,0.232540,0.121035,0.113955,0.283066
2008-09-23,0.249010,0.232685,0.121396,0.114147,0.282762
2008-09-24,0.248433,0.232353,0.121735,0.114545,0.282934
2008-09-25,0.248440,0.232440,0.121846,0.114561,0.282713
2008-09-26,0.248647,0.232708,0.121781,0.114649,0.282214
2008-09-29,0.248605,0.233204,0.121556,0.114505,0.282130
2008-09-30,0.237552,0.227522,0.131331,0.123715,0.279880
2008-10-01,0.234429,0.226131,0.132680,0.125368,0.281392
2008-10-02,0.234669,0.225804,0.132907,0.125605,0.281015
2008-10-03,0.231682,0.221909,0.136010,0.128749,0.281649
2008-10-06,0.231798,0.221948,0.135862,0.128499,0.281892
2008-10-07,0.232102,0.221253,0.137052,0.129492,0.280100
2008-10-08,0.231747,0.222117,0.139166,0.130561,0.276409
2008-10-09,0.232601,0.222822,0.141505,0.132697,0.270376
2008-10-10,0.231115,0.220357,0.144217,0.134718,0.269593
2008-10-13,0.231200,0.220963,0.149392,0.145281,0.253165
2008-10-14,0.229507,0.215518,0.158337,0.154743,0.241895
2008-10-15,0.229369,0.215231,0.158399,0.154850,0.242151
2008-10-16,0.227483,0.212775,0.160563,0.155654,0.243525
2008-10-17,0.227853,0.213227,0.160692,0.155095,0.243134
2008-10-20,0.227862,0.213138,0.160657,0.155076,0.243267
2008-10-21,0.226029,0.211749,0.161719,0.157161,0.243342
2008-10-22,0.225816,0.211606,0.161938,0.157130,0.243511
2008-10-23,0.225158,0.210723,0.162198,0.157521,0.244399
2008-10-24,0.225130,0.210709,0.162054,0.157583,0.244524
2008-10-27,0.224249,0.210212,0.163205,0.158511,0.243823
2008-10-28,0.224292,0.209980,0.164333,0.159516,0.241878
2008-10-29,0.221737,0.208477,0.166251,0.160097,0.243437
2008-10-30,0.222326,0.208799,0.167093,0.161213,0.240570
2008-10-31,0.222278,0.208718,0.167231,0.161098,0.240674
2008-11-03,0.222248,0.208743,0.167187,0.161254,0.240569
2008-11-04,0.222272,0.208780,0.167387,0.161357,0.240204
2008-11-05,0.219364,0.206727,0.170171,0.163801,0.239938
2008-11-06,0.218569,0.205925,0.170356,0.164404,0.240747
2008-11-07,0.217411,0.205038,0.171477,0.165517,0.240556
2008-11-10,0.217023,0.204579,0.171635,0.165853,0.240910
2008-11-11,0.216990,0.204521,0.171618,0.165856,0.241015
2008-11-12,0.216624,0.204326,0.171893,0.166354,0.240803
2008-11-13,0.215536,0.203342,0.172560,0.167372,0.241190
2008-11-14,0.214373,0.202091,0.172997,0.168472,0.242068
2008-11-17,0.213939,0.201475,0.172947,0.168810,0.242829
2008-11-18,0.213870,0.201390,0.172955,0.168889,0.242897
2008-11-19,0.213752,0.201324,0.172891,0.168906,0.243127
2008-11-20,0.212955,0.200331,0.173102,0.169720,0.243893
2008-11-21,0.213090,0.200248,0.171857,0.169942,0.244863
2008-11-24,0.211802,0.199158,0.172211,0.170811,0.246019
2008-11-25,0.210087,0.197477,0.172422,0.172326,0.247687
2008-11-26,0.210008,0.197431,0.172602,0.173209,0.246751
2008-11-28,0.209192,0.196701,0.173284,0.174389,0.246434
2008-12-01,0.209188,0.196688,0.173220,0.174378,0.246525
2008-12-02,0.206178,0.193946,0.174485,0.176048,0.249343
2008-12-03,0.204926,0.192707,0.175514,0.177006,0.249848
2008-12-04,0.204748,0.192524,0.175709,0.177148,0.249872
2008-12-05,0.204449,0.192362,0.175924,0.177255,0.250011
2008-12-08,0.204318,0.192205,0.176133,0.177622,0.249723
2008-12-09,0.203001,0.191082,0.176831,0.178470,0.250616
2008-12-10,0.203067,0.191145,0.176859,0.178700,0.250230
2008-12-11,0.201762,0.189924,0.178223,0.180026,0.250065
2008-12-12,0.201541,0.189595,0.178294,0.180556,0.250014
2008-12-15,0.201343,0.189433,0.178416,0.180599,0.250209
2008-12-16,0.201457,0.189615,0.178190,0.180304,0.250434
2008-12-17,0.198972,0.187333,0.181059,0.183176,0.249460
2008-12-18,0.199018,0.187379,0.181143,0.183275,0.249184
2008-12-19,0.199062,0.187384,0.180972,0.183269,0.249312
2008-12-22,0.199044,0.187385,0.181025,0.183260,0.249287
2008-12-23,0.198793,0.187132,0.181340,0.183933,0.248802
2008-12-24,0.198708,0.187068,0.181415,0.184090,0.248720
2008-12-26,0.198640,0.187004,0.181377,0.184327,0.248651
2008-12-29,0.198273,0.186675,0.181765,0.184738,0.248549
2008-12-30,0.198168,0.186599,0.182017,0.184783,0.248433
2008-12-31,0.197870,0.186318,0.182256,0.185093,0.248463
2009-01-02,0.197286,0.185878,0.182218,0.186080,0.248538
2009-01-05,0.197484,0.186064,0.182124,0.186088,0.248239
2009-01-06,0.197435,0.186063,0.182564,0.186036,0.247902
2009-01-07,0.197289,0.185939,0.182605,0.186089,0.248078
2009-01-08,0.195952,0.184916,0.183671,0.187761,0.247699
2009-01-09,0.195893,0.184884,0.183871,0.187745,0.247607
2009-01-12,0.195806,0.184781,0.184019,0.187724,0.247670
2009-01-13,0.195038,0.184162,0.184547,0.187974,0.248279
2009-01-14,0.195050,0.184186,0.184509,0.188029,0.248225
2009-01-15,0.194691,0.183968,0.184882,0.188099,0.248359
2009-01-16,0.194700,0.183978,0.184849,0.188132,0.248341
2009-01-20,0.194417,0.183754,0.185263,0.188281,0.248285
2009-01-21,0.193218,0.182724,0.186038,0.189081,0.248939
2009-01-22,0.193083,0.182643,0.186200,0.189091,0.248982
2009-01-23,0.192416,0.181992,0.187445,0.190094,0.248053
2009-01-26,0.192314,0.181903,0.187557,0.190107,0.248120
2009-01-27,0.192112,0.181714,0.187902,0.189974,0.248298
2009-01-28,0.192116,0.181741,0.188183,0.190040,0.247920
2009-01-29,0.191776,0.181523,0.188178,0.190225,0.248298
2009-01-30,0.191206,0.180966,0.188954,0.191040,0.247833
2009-02-02,0.191289,0.181062,0.188921,0.190854,0.247874
2009-02-03,0.191218,0.181037,0.189294,0.190883,0.247567
2009-02-04,0.191348,0.181163,0.189312,0.190933,0.247244
2009-02-05,0.191220,0.181062,0.189962,0.190983,0.246773
2009-02-06,0.191125,0.180996,0.190068,0.191072,0.246739
2009-02-09,0.190629,0.180535,0.190345,0.191201,0.247290
2009-02-10,0.190463,0.180408,0.190629,0.191032,0.247467
2009-02-11,0.190460,0.180433,0.190454,0.191220,0.247434
2009-02-12,0.190226,0.180194,0.190916,0.191534,0.247129
2009-02-13,0.190095,0.180082,0.191133,0.191633,0.247056
2009-02-17,0.190095,0.180051,0.191464,0.191944,0.246447
2009-02-18,0.190174,0.180185,0.191160,0.192305,0.246175
2009-02-19,0.190201,0.180221,0.191173,0.192235,0.246170
2009-02-20,0.190213,0.180204,0.191329,0.192430,0.245823
2009-02-23,0.190096,0.180057,0.191656,0.192386,0.245804
2009-02-24,0.189803,0.179815,0.191827,0.192555,0.246000
2009-02-25,0.189585,0.179586,0.192192,0.192578,0.246058
2009-02-26,0.189558,0.179544,0.192212,0.192672,0.246015
2009-02-27,0.189419,0.179415,0.192424,0.192879,0.245863
2009-03-02,0.189122,0.179138,0.192898,0.192954,0.245887
2009-03-03,0.188355,0.178551,0.193086,0.193807,0.246200
2009-03-04,0.188273,0.178474,0.193281,0.193932,0.246039
2009-03-05,0.188189,0.178405,0.193074,0.194111,0.246221
2009-03-06,0.188458,0.178725,0.192837,0.193962,0.246017
2009-03-09,0.188502,0.178756,0.192988,0.193883,0.245871
2009-03-10,0.188289,0.178654,0.193276,0.194105,0.245676
2009-03-11,0.187941,0.178523,0.193466,0.192685,0.247386
2009-03-12,0.187906,0.178494,0.194363,0.192546,0.246691
2009-03-13,0.186981,0.177622,0.195146,0.193002,0.247249
2009-03-16,0.186901,0.177559,0.195159,0.193086,0.247295
2009-03-17,0.186797,0.177404,0.195726,0.193174,0.246899
2009-03-18,0.186569,0.177183,0.195587,0.193458,0.247203
2009-03-19,0.185452,0.176116,0.199727,0.195851,0.242854
2009-03-20,0.185338,0.175983,0.199687,0.196504,0.242488
2009-03-23,0.183778,0.174489,0.203265,0.197812,0.240657
2009-03-24,0.182653,0.173504,0.203720,0.198090,0.242033
2009-03-25,0.182224,0.173151,0.204167,0.198459,0.241997
2009-03-26,0.181953,0.172899,0.204785,0.198704,0.241659
2009-03-27,0.181637,0.172607,0.205246,0.199040,0.241469
2009-03-30,0.181298,0.172318,0.205445,0.199445,0.241493
2009-03-31,0.180554,0.171692,0.206072,0.199974,0.241708
2009-04-01,0.179865,0.171044,0.208292,0.199725,0.241074
2009-04-02,0.179659,0.170860,0.208281,0.200175,0.241025
2009-04-03,0.179475,0.170733,0.207684,0.200577,0.241531
2009-04-06,0.179683,0.170917,0.207286,0.200401,0.241713
2009-04-07,0.179570,0.170830,0.207461,0.200300,0.241838
2009-04-08,0.179435,0.170698,0.207359,0.200483,0.242026
2009-04-09,0.179099,0.170392,0.208110,0.200682,0.241717
2009-04-13,0.178643,0.169984,0.208153,0.200842,0.242379
2009-04-14,0.178562,0.169935,0.208570,0.200893,0.242041
2009-04-15,0.178505,0.169871,0.208530,0.200850,0.242243
2009-04-16,0.178350,0.169718,0.208618,0.201007,0.242307
2009-04-17,0.178333,0.169734,0.208789,0.201057,0.242088
2009-04-20,0.178402,0.169801,0.208749,0.201124,0.241925
2009-04-21,0.177999,0.169439,0.208357,0.201673,0.242533
2009-04-22,0.177892,0.169333,0.208317,0.201694,0.242764
2009-04-23,0.177878,0.169314,0.208413,0.201642,0.242753
2009-04-24,0.177751,0.169201,0.208710,0.201523,0.242815
2009-04-27,0.177575,0.169065,0.208988,0.201332,0.243040
2009-04-28,0.177544,0.169039,0.208964,0.201182,0.243271
2009-04-29,0.177547,0.169033,0.208970,0.201233,0.243217
2009-04-30,0.177271,0.168823,0.208860,0.201453,0.243593
2009-05-01,0.177321,0.168862,0.208892,0.201302,0.243623
2009-05-04,0.176635,0.168195,0.209639,0.202854,0.242678
2009-05-05,0.176059,0.167603,0.210146,0.203173,0.243019
2009-05-06,0.176007,0.167554,0.210161,0.203278,0.243000
2009-05-07,0.175806,0.167385,0.210313,0.203408,0.243088
2009-05-08,0.175533,0.167086,0.210988,0.203786,0.242607
2009-05-11,0.175134,0.166705,0.211180,0.204017,0.242964
2009-05-12,0.175236,0.166807,0.211371,0.203620,0.242966
2009-05-13,0.175103,0.166693,0.211785,0.203603,0.242817
2009-05-14,0.174987,0.166582,0.211995,0.203294,0.243141
2009-05-15,0.174941,0.166533,0.212063,0.203313,0.243150
2009-05-18,0.175005,0.166589,0.211849,0.203164,0.243393
2009-05-19,0.175050,0.166635,0.211808,0.202685,0.243821
2009-05-20,0.175038,0.166634,0.211782,0.202679,0.243867
2009-05-21,0.174857,0.166471,0.212096,0.203005,0.243570
2009-05-22,0.174663,0.166263,0.212845,0.203215,0.243014
2009-05-26,0.174620,0.166213,0.212966,0.203115,0.243086
2009-05-27,0.174590,0.166183,0.213182,0.202824,0.243221
2009-05-28,0.174406,0.165984,0.213673,0.203092,0.242845
2009-05-29,0.174246,0.165812,0.213896,0.203324,0.242722
2009-06-01,0.173759,0.165367,0.214958,0.204104,0.241812
2009-06-02,0.174101,0.165700,0.215271,0.203022,0.241906
2009-06-03,0.174046,0.165661,0.215287,0.203246,0.241760
2009-06-04,0.174061,0.165691,0.215513,0.202785,0.241950
2009-06-05,0.174267,0.165889,0.215640,0.202002,0.242202
2009-06-08,0.174095,0.165768,0.215880,0.202690,0.241567
2009-06-09,0.173762,0.165448,0.215984,0.203551,0.241255
2009-06-10,0.173745,0.165452,0.216019,0.203643,0.241141
2009-06-11,0.173868,0.165550,0.215932,0.203528,0.241121
2009-06-12,0.173652,0.165344,0.216688,0.203426,0.240889
2009-06-15,0.173727,0.165401,0.216519,0.203310,0.241042
2009-06-16,0.173611,0.165305,0.216602,0.203037,0.241445
2009-06-17,0.173677,0.165378,0.216600,0.202934,0.241411
2009-06-18,0.173651,0.165352,0.216535,0.203002,0.241460
2009-06-19,0.173692,0.165398,0.216675,0.203073,0.241162
2009-06-22,0.173603,0.165303,0.216706,0.203204,0.241185
2009-06-23,0.173390,0.165111,0.216918,0.203116,0.241465
2009-06-24,0.173390,0.165111,0.216958,0.203140,0.241401
2009-06-25,0.173377,0.165101,0.216915,0.203178,0.241428
2009-06-26,0.173226,0.164935,0.217362,0.203495,0.240982
2009-06-29,0.172951,0.164664,0.218073,0.203706,0.240606
2009-06-30,0.172949,0.164663,0.218034,0.203746,0.240609
2009-07-01,0.172896,0.164618,0.218118,0.203736,0.240632
2009-07-02,0.172854,0.164577,0.218181,0.203724,0.240664
2009-07-06,0.172503,0.164207,0.218400,0.204211,0.240678
2009-07-07,0.172514,0.164223,0.218330,0.204237,0.240695
2009-07-08,0.172537,0.164249,0.217827,0.204381,0.241005
2009-07-09,0.172724,0.164425,0.217754,0.204312,0.240785
2009-07-10,0.172425,0.164156,0.217847,0.205320,0.240252
2009-07-13,0.172549,0.164302,0.217533,0.205252,0.240365
2009-07-14,0.172583,0.164299,0.217353,0.205133,0.240633
2009-07-15,0.172579,0.164295,0.217033,0.205537,0.240556
2009-07-16,0.173503,0.165180,0.213925,0.205301,0.242091
2009-07-17,0.172566,0.164289,0.215010,0.207409,0.240727
2009-07-20,0.172483,0.164206,0.214915,0.207684,0.240713
2009-07-21,0.172188,0.163907,0.215178,0.208052,0.240674
2009-07-22,0.172476,0.164194,0.214829,0.207730,0.240771
2009-07-23,0.172240,0.163970,0.214949,0.208369,0.240472
2009-07-24,0.172385,0.164109,0.214134,0.208629,0.240743
2009-07-27,0.171833,0.163592,0.214723,0.209754,0.240099
2009-07-28,0.171824,0.163580,0.214586,0.209908,0.240101
2009-07-29,0.171639,0.163407,0.214709,0.210370,0.239876
2009-07-30,0.171279,0.163066,0.215273,0.211015,0.239367
2009-07-31,0.171115,0.162867,0.215418,0.211178,0.239422
2009-08-03,0.170903,0.162670,0.215633,0.211813,0.238981
2009-08-04,0.171125,0.162867,0.214788,0.211848,0.239372
2009-08-05,0.171150,0.162890,0.214707,0.211714,0.239539
2009-08-06,0.170491,0.162267,0.213939,0.214713,0.238590
2009-08-07,0.170486,0.162265,0.213904,0.214680,0.238665
2009-08-10,0.170516,0.162283,0.213526,0.214979,0.238696
2009-08-11,0.170024,0.161815,0.212960,0.217361,0.237839
2009-08-12,0.169689,0.161475,0.212068,0.219490,0.237278
2009-08-13,0.169658,0.161440,0.211909,0.219635,0.237357
2009-08-14,0.169394,0.161171,0.212306,0.220108,0.237021
2009-08-17,0.169181,0.160965,0.211999,0.220949,0.236906
2009-08-18,0.169298,0.161060,0.210818,0.221174,0.237650
2009-08-19,0.169193,0.160957,0.210205,0.222064,0.237580
2009-08-20,0.168987,0.160761,0.210119,0.222925,0.237208
2009-08-21,0.168966,0.160722,0.210153,0.222890,0.237269
2009-08-24,0.168902,0.160664,0.209254,0.223969,0.237211
2009-08-25,0.168526,0.160300,0.208861,0.225548,0.236766
2009-08-26,0.168284,0.160073,0.208599,0.226624,0.236419
2009-08-27,0.168281,0.160071,0.208591,0.226638,0.236419
2009-08-28,0.168272,0.160064,0.208538,0.226703,0.236423
2009-08-31,0.168201,0.159993,0.208529,0.226985,0.236291
2009-09-01,0.168240,0.160018,0.208384,0.226976,0.236382
2009-09-02,0.167990,0.159778,0.208209,0.227756,0.236266
2009-09-03,0.168075,0.159857,0.207891,0.228028,0.236149
2009-09-04,0.168001,0.159781,0.208208,0.228039,0.235971
2009-09-08,0.168114,0.159898,0.207593,0.228194,0.236201
2009-09-09,0.168202,0.159970,0.207404,0.228054,0.236370
2009-09-10,0.167937,0.159757,0.208183,0.228340,0.235783
2009-09-11,0.167827,0.159641,0.208401,0.228577,0.235554
2009-09-14,0.167809,0.159625,0.208529,0.228549,0.235488
2009-09-15,0.167507,0.159341,0.209102,0.229049,0.235000
2009-09-16,0.166657,0.158521,0.209537,0.231291,0.233995
2009-09-17,0.166704,0.158418,0.209398,0.231050,0.234430
2009-09-18,0.166873,0.158411,0.209148,0.230828,0.234740
2009-09-21,0.166139,0.157653,0.207946,0.234025,0.234237
2009-09-22,0.164713,0.156222,0.212564,0.234980,0.231522
2009-09-23,0.164489,0.155941,0.212564,0.235600,0.231406
2009-09-24,0.164526,0.155933,0.212600,0.235464,0.231477
2009-09-25,0.164417,0.155808,0.212634,0.235533,0.231608
2009-09-28,0.164368,0.155763,0.212791,0.235430,0.231648
2009-09-29,0.164316,0.155649,0.212736,0.235495,0.231805
2009-09-30,0.164130,0.154875,0.212108,0.236928,0.231958
2009-10-01,0.164565,0.155070,0.212113,0.236291,0.231961
2009-10-02,0.164676,0.155285,0.210583,0.236615,0.232841
2009-10-05,0.165167,0.155842,0.210136,0.235709,0.233146
2009-10-06,0.165146,0.155815,0.210417,0.235201,0.233422
2009-10-07,0.164563,0.155420,0.210262,0.236098,0.233657
2009-10-08,0.164171,0.154815,0.208869,0.237836,0.234309
2009-10-09,0.164226,0.154860,0.208097,0.235669,0.237148
2009-10-12,0.164688,0.155453,0.206717,0.235221,0.237921
2009-10-13,0.162776,0.153420,0.209726,0.226755,0.247322
2009-10-14,0.156540,0.148572,0.208645,0.226935,0.259307
2009-10-15,0.156944,0.149009,0.208094,0.226315,0.259638
2009-10-16,0.156551,0.148917,0.206019,0.229435,0.259080
2009-10-19,0.156120,0.148511,0.204981,0.230804,0.259584
2009-10-20,0.156134,0.148545,0.205107,0.230732,0.259481
2009-10-21,0.156208,0.148589,0.205248,0.228930,0.261025
2009-10-22,0.156356,0.148716,0.205107,0.228747,0.261074
2009-10-23,0.156559,0.149034,0.205101,0.228895,0.260412
2009-10-26,0.156456,0.148893,0.205330,0.228902,0.260418
2009-10-27,0.156415,0.148701,0.204196,0.228513,0.262174
2009-10-28,0.156320,0.148767,0.202541,0.225903,0.266468
2009-10-29,0.156382,0.148510,0.200724,0.227521,0.266863
2009-10-30,0.155799,0.148030,0.200079,0.222636,0.273456
2009-11-02,0.156250,0.148476,0.199750,0.220736,0.274788
2009-11-03,0.156289,0.148508,0.199786,0.220522,0.274894
2009-11-04,0.156195,0.148401,0.199677,0.220407,0.275319
2009-11-05,0.156964,0.148904,0.196721,0.217746,0.279666
2009-11-06,0.157546,0.149504,0.197069,0.216930,0.278951
2009-11-09,0.158014,0.149859,0.195941,0.215524,0.280663
2009-11-10,0.157971,0.149818,0.196001,0.215573,0.280637
2009-11-11,0.157966,0.149834,0.196044,0.215514,0.280641
2009-11-12,0.158205,0.150012,0.196115,0.215358,0.280310
2009-11-13,0.158686,0.150461,0.195634,0.214106,0.281114
2009-11-16,0.159025,0.150882,0.196234,0.213166,0.280693
2009-11-17,0.159036,0.150925,0.197302,0.213197,0.279540
2009-11-18,0.159111,0.151007,0.197384,0.213092,0.279406
2009-11-19,0.159086,0.150985,0.197560,0.213116,0.279253
2009-11-20,0.159426,0.151505,0.198563,0.212322,0.278185
2009-11-23,0.158692,0.150969,0.201671,0.212301,0.276367
2009-11-24,0.159413,0.151647,0.201869,0.211564,0.275507
2009-11-25,0.160125,0.152387,0.202491,0.210104,0.274893
2009-11-27,0.159516,0.151779,0.202497,0.208919,0.277290
2009-11-30,0.159554,0.151763,0.201445,0.208582,0.278657
2009-12-01,0.159476,0.151670,0.201620,0.208508,0.278726
2009-12-02,0.161940,0.154009,0.202179,0.206495,0.275377
2009-12-03,0.162803,0.154900,0.201159,0.205356,0.275782
2009-12-04,0.162846,0.154954,0.201030,0.205367,0.275802
2009-12-07,0.163462,0.155447,0.202062,0.204503,0.274526
2009-12-08,0.163253,0.155280,0.202174,0.204505,0.274788
2009-12-09,0.164153,0.156088,0.201608,0.203485,0.274666
2009-12-10,0.163868,0.155834,0.201775,0.203504,0.275019
2009-12-11,0.164395,0.156383,0.201248,0.203029,0.274945
2009-12-14,0.164660,0.156792,0.201270,0.202914,0.274365
2009-12-15,0.164859,0.157040,0.200902,0.202562,0.274636
2009-12-16,0.164746,0.156946,0.201067,0.202867,0.274375
2009-12-17,0.166342,0.158579,0.196828,0.198607,0.279644
2009-12-18,0.166228,0.158512,0.196710,0.197689,0.280861
2009-12-21,0.166177,0.158494,0.196856,0.197545,0.280928
2009-12-22,0.166593,0.158843,0.197249,0.196749,0.280567
2009-12-23,0.166697,0.158999,0.197201,0.196226,0.280878
2009-12-24,0.166709,0.159018,0.197228,0.196193,0.280851
2009-12-28,0.166754,0.159060,0.197260,0.195974,0.280953
2009-12-29,0.166931,0.159218,0.196900,0.195608,0.281343
2009-12-30,0.166908,0.159202,0.196916,0.195503,0.281471
2009-12-31,0.167136,0.159440,0.196552,0.195145,0.281727
2010-01-04,0.167013,0.159296,0.196999,0.195191,0.281502
2010-01-05,0.166157,0.158502,0.197729,0.195804,0.281809
2010-01-06,0.166143,0.158501,0.197831,0.195768,0.281757
2010-01-07,0.166276,0.158616,0.197783,0.195763,0.281562
2010-01-08,0.167331,0.159346,0.196670,0.194618,0.282035
2010-01-11,0.167302,0.159319,0.196650,0.194609,0.282119
2010-01-12,0.167420,0.159449,0.196549,0.194638,0.281944
2010-01-13,0.168565,0.160402,0.195614,0.193774,0.281646
2010-01-14,0.168837,0.160664,0.194963,0.193543,0.281994
2010-01-15,0.169444,0.161119,0.194939,0.193272,0.281226
2010-01-19,0.169503,0.161199,0.194574,0.193126,0.281599
2010-01-20,0.169612,0.161263,0.194529,0.192894,0.281703
2010-01-21,0.171251,0.162659,0.193088,0.191685,0.281317
2010-01-22,0.171064,0.162475,0.192680,0.191559,0.282222
2010-01-25,0.171205,0.162743,0.191561,0.190738,0.283752
2010-01-26,0.171293,0.162803,0.191335,0.190714,0.283855
2010-01-27,0.171196,0.162711,0.191386,0.190710,0.283996
2010-01-28,0.171061,0.162610,0.190969,0.190409,0.284950
2010-01-29,0.171378,0.162823,0.191073,0.190223,0.284503
2010-02-01,0.172188,0.163655,0.188712,0.188355,0.287090
2010-02-02,0.172182,0.163646,0.188907,0.187911,0.287355
2010-02-03,0.171993,0.163446,0.189020,0.188217,0.287324
2010-02-04,0.171591,0.163063,0.188843,0.188186,0.288316
2010-02-05,0.171334,0.162822,0.190175,0.185524,0.290145
2010-02-08,0.171358,0.162833,0.190095,0.185480,0.290234
2010-02-09,0.171798,0.163235,0.190053,0.185099,0.289815
2010-02-10,0.171892,0.163316,0.190203,0.184426,0.290163
2010-02-11,0.171870,0.163304,0.190527,0.183998,0.290301
2010-02-12,0.171811,0.163269,0.190387,0.183475,0.291058
2010-02-16,0.171809,0.163269,0.190364,0.183418,0.291140
2010-02-17,0.171262,0.162856,0.189946,0.183003,0.292933
2010-02-18,0.171126,0.162613,0.190608,0.181963,0.293691
2010-02-19,0.171075,0.162567,0.190450,0.181956,0.293951
2010-02-22,0.170962,0.162516,0.189814,0.181327,0.295381
2010-02-23,0.170855,0.162421,0.189727,0.181388,0.295609
2010-02-24,0.171580,0.163068,0.189905,0.179866,0.295582
2010-02-25,0.171627,0.163170,0.189905,0.179941,0.295358
2010-02-26,0.171724,0.163250,0.189136,0.179074,0.296815
2010-03-01,0.171941,0.163444,0.188567,0.178537,0.297511
2010-03-02,0.172084,0.163576,0.188383,0.178325,0.297633
2010-03-03,0.173175,0.164340,0.189215,0.177340,0.295930
2010-03-04,0.173170,0.164331,0.189108,0.177184,0.296207
2010-03-05,0.173290,0.164408,0.189608,0.176791,0.295903
2010-03-08,0.172366,0.163395,0.190496,0.177977,0.295766
2010-03-09,0.172332,0.163360,0.190454,0.177985,0.295869
2010-03-10,0.172680,0.163467,0.189448,0.177297,0.297107
2010-03-11,0.173058,0.163492,0.189821,0.179861,0.293768
2010-03-12,0.172780,0.163232,0.189568,0.179550,0.294870
2010-03-15,0.173969,0.164299,0.188514,0.178220,0.294998
2010-03-16,0.173971,0.164296,0.188496,0.178189,0.295048
2010-03-17,0.173771,0.164211,0.188216,0.177820,0.295982
2010-03-18,0.173945,0.164393,0.188528,0.177604,0.295529
2010-03-19,0.171792,0.162334,0.181361,0.170305,0.314208
2010-03-22,0.171562,0.162113,0.181539,0.171080,0.313706
2010-03-23,0.171808,0.162378,0.180971,0.171005,0.313838
2010-03-24,0.174171,0.164391,0.181187,0.170179,0.310072
2010-03-25,0.175397,0.165289,0.181248,0.170314,0.307752
2010-03-26,0.175264,0.165171,0.181245,0.170242,0.308078
2010-03-29,0.175578,0.165418,0.180561,0.169591,0.308853
2010-03-30,0.176305,0.165966,0.180352,0.168903,0.308474
2010-03-31,0.177974,0.167240,0.180383,0.167849,0.306554
2010-04-01,0.178347,0.167581,0.179805,0.167530,0.306737
2010-04-05,0.178398,0.167624,0.179671,0.167333,0.306974
2010-04-06,0.179954,0.168958,0.178671,0.166093,0.306324
2010-04-07,0.179382,0.168430,0.179019,0.165949,0.307221
2010-04-08,0.180340,0.169219,0.177727,0.166092,0.306622
2010-04-09,0.180980,0.169799,0.177720,0.165612,0.305888
2010-04-12,0.181079,0.169855,0.177350,0.165315,0.306401
2010-04-13,0.182439,0.170998,0.177359,0.164767,0.304437
2010-04-14,0.182278,0.170779,0.176904,0.164250,0.305789
2010-04-15,0.182836,0.171317,0.176416,0.164098,0.305333
2010-04-16,0.183193,0.171657,0.176202,0.164070,0.304878
2010-04-19,0.183089,0.171568,0.175472,0.163925,0.305945
2010-04-20,0.182768,0.171265,0.175308,0.163574,0.307085
2010-04-21,0.184282,0.172511,0.175991,0.162475,0.304741
2010-04-22,0.184636,0.172825,0.176156,0.162439,0.303945
2010-04-23,0.184780,0.172993,0.175891,0.162451,0.303885
2010-04-26,0.185082,0.173236,0.175208,0.162630,0.303844
2010-04-27,0.185406,0.173435,0.175113,0.162759,0.303287
2010-04-28,0.186642,0.174744,0.172385,0.161893,0.304335
2010-04-29,0.186819,0.174890,0.171711,0.161468,0.305113
2010-04-30,0.187394,0.175334,0.171503,0.161414,0.304356
2010-05-03,0.188083,0.176013,0.169303,0.161593,0.305008
2010-05-04,0.187999,0.175950,0.168980,0.161634,0.305437
2010-05-05,0.189321,0.177412,0.168227,0.159439,0.305602
2010-05-06,0.189057,0.177292,0.168543,0.159203,0.305905
2010-05-07,0.189914,0.178458,0.166043,0.158335,0.307249
2010-05-10,0.190462,0.179161,0.164412,0.157173,0.308792
2010-05-11,0.191046,0.180259,0.162653,0.155561,0.310481
2010-05-12,0.191151,0.180319,0.162642,0.155081,0.310807
2010-05-13,0.191104,0.180304,0.162289,0.155192,0.311112
2010-05-14,0.191924,0.181038,0.161706,0.155452,0.309880
2010-05-17,0.191969,0.181183,0.161603,0.154859,0.310387
2010-05-18,0.192234,0.181442,0.161458,0.154840,0.310026
2010-05-19,0.192642,0.181844,0.161169,0.155169,0.309176
2010-05-20,0.192562,0.181733,0.161418,0.155366,0.308922
2010-05-21,0.191564,0.181225,0.160032,0.155521,0.311658
2010-05-24,0.191113,0.180955,0.159264,0.154647,0.314022
2010-05-25,0.190934,0.180819,0.159175,0.154414,0.314658
2010-05-26,0.190870,0.180760,0.159092,0.155185,0.314093
2010-05-27,0.190700,0.180706,0.158109,0.154295,0.316190
2010-05-28,0.190890,0.181149,0.157638,0.151867,0.318456
2010-06-01,0.191096,0.181290,0.154904,0.148827,0.323883
2010-06-02,0.189746,0.179973,0.153814,0.149689,0.326778
2010-06-03,0.189536,0.179741,0.153456,0.149240,0.328027
2010-06-04,0.189762,0.179894,0.153323,0.149943,0.327077
2010-06-07,0.189462,0.179583,0.151465,0.150786,0.328704
2010-06-08,0.188978,0.179022,0.149839,0.149079,0.333082
2010-06-09,0.189114,0.179154,0.149367,0.148772,0.333593
2010-06-10,0.189084,0.179041,0.149044,0.148452,0.334379
2010-06-11,0.189215,0.179196,0.148035,0.147998,0.335556
2010-06-14,0.189311,0.179274,0.148029,0.148094,0.335291
2010-06-15,0.189141,0.179112,0.148023,0.148550,0.335175
2010-06-16,0.189958,0.179817,0.147419,0.148960,0.333846
2010-06-17,0.189853,0.179698,0.147343,0.149016,0.334091
2010-06-18,0.189993,0.179868,0.147535,0.149294,0.333311
2010-06-21,0.188944,0.178851,0.146329,0.148604,0.337273
2010-06-22,0.188822,0.178740,0.146081,0.148454,0.337903
2010-06-23,0.190178,0.179930,0.145255,0.148473,0.336164
2010-06-24,0.190246,0.179993,0.144899,0.148321,0.336540
2010-06-25,0.189993,0.179745,0.145144,0.148636,0.336481
2010-06-28,0.189619,0.179464,0.143444,0.147005,0.340468
2010-06-29,0.189671,0.179512,0.143193,0.147062,0.340562
2010-06-30,0.189172,0.179044,0.142884,0.146958,0.341941
2010-07-01,0.189247,0.179094,0.142706,0.146751,0.342201
2010-07-02,0.189512,0.179409,0.143060,0.147123,0.340896
2010-07-06,0.190448,0.180437,0.143149,0.146866,0.339100
2010-07-07,0.190430,0.180397,0.143143,0.146708,0.339322
2010-07-08,0.190594,0.180622,0.143403,0.146103,0.339278
2010-07-09,0.189711,0.179782,0.143839,0.146554,0.340113
2010-07-12,0.189438,0.179544,0.144150,0.146248,0.340621
2010-07-13,0.189046,0.179175,0.144323,0.146221,0.341236
2010-07-14,0.189170,0.179332,0.144264,0.145924,0.341309
2010-07-15,0.188972,0.179157,0.144698,0.145835,0.341337
2010-07-16,0.187900,0.178133,0.148568,0.146485,0.338914
2010-07-19,0.187380,0.177644,0.147984,0.145709,0.341283
2010-07-20,0.187195,0.177517,0.148504,0.145572,0.341212
2010-07-21,0.187608,0.177988,0.148095,0.145037,0.341272
2010-07-22,0.186814,0.177192,0.147407,0.144240,0.344347
2010-07-23,0.186300,0.176760,0.147284,0.143751,0.345905
2010-07-26,0.185977,0.176446,0.148662,0.143700,0.345216
2010-07-27,0.185974,0.176443,0.148675,0.143635,0.345273
2010-07-28,0.185777,0.176272,0.149401,0.143944,0.344606
2010-07-29,0.185787,0.176268,0.149590,0.143962,0.344393
2010-07-30,0.185803,0.176338,0.149663,0.144279,0.343916
2010-08-02,0.186454,0.177136,0.149207,0.143720,0.343484
2010-08-03,0.185790,0.176461,0.147357,0.142650,0.347742
2010-08-04,0.185445,0.176158,0.148392,0.142580,0.347425
2010-08-05,0.185400,0.176139,0.148155,0.142549,0.347757
2010-08-06,0.185278,0.176023,0.147896,0.142491,0.348311
2010-08-09,0.185666,0.176385,0.147737,0.142555,0.347656
2010-08-10,0.184916,0.175709,0.147784,0.142798,0.348792
2010-08-11,0.184551,0.175372,0.147741,0.142628,0.349709
2010-08-12,0.183602,0.174593,0.147686,0.143205,0.350915
2010-08-13,0.183604,0.174605,0.148020,0.143053,0.350718
2010-08-16,0.183660,0.174730,0.147304,0.142404,0.351902
2010-08-17,0.184231,0.175311,0.147633,0.142885,0.349939
2010-08-18,0.185031,0.176192,0.148964,0.142833,0.346980
2010-08-19,0.184941,0.176120,0.149570,0.142971,0.346398
2010-08-20,0.184847,0.176032,0.149056,0.142843,0.347222
2010-08-23,0.185001,0.176255,0.149013,0.142874,0.346856
2010-08-24,0.184307,0.175578,0.150159,0.143017,0.346939
2010-08-25,0.184413,0.175695,0.149978,0.142853,0.347061
2010-08-26,0.184473,0.175766,0.149887,0.142730,0.347144
2010-08-27,0.184472,0.175761,0.149845,0.142728,0.347195
2010-08-30,0.185496,0.176732,0.148928,0.143454,0.345389
2010-08-31,0.186074,0.177292,0.148285,0.143812,0.344536
2010-09-01,0.186221,0.177494,0.148465,0.143755,0.344065
2010-09-02,0.186954,0.178475,0.147737,0.142063,0.344772
2010-09-03,0.186360,0.177943,0.147699,0.141348,0.346650
2010-09-07,0.186845,0.178433,0.147185,0.141016,0.346521
2010-09-08,0.187249,0.178785,0.147754,0.140526,0.345686
2010-09-09,0.187404,0.178988,0.147881,0.140574,0.345153
2010-09-10,0.188064,0.179574,0.148232,0.140922,0.343208
2010-09-13,0.188113,0.179712,0.147105,0.139896,0.345175
2010-09-14,0.187859,0.179496,0.147448,0.140278,0.344919
2010-09-15,0.187962,0.179614,0.147915,0.140152,0.344358
2010-09-16,0.188189,0.179857,0.147756,0.140388,0.343810
2010-09-17,0.188822,0.180564,0.147677,0.139964,0.342973
2010-09-20,0.188637,0.180384,0.147578,0.139880,0.343521
2010-09-21,0.188151,0.179939,0.147633,0.139689,0.344589
2010-09-22,0.188949,0.180713,0.147470,0.139800,0.343068
2010-09-23,0.189218,0.181101,0.147218,0.139508,0.342955
2010-09-24,0.189407,0.181425,0.147078,0.139416,0.342673
2010-09-27,0.189851,0.182183,0.146199,0.138865,0.342901
2010-09-28,0.190172,0.182466,0.146026,0.138874,0.342462
2010-09-29,0.190595,0.183072,0.146054,0.138562,0.341717
2010-09-30,0.190683,0.183155,0.146028,0.138562,0.341572
2010-10-01,0.190573,0.183045,0.146153,0.138494,0.341736
2010-10-04,0.191276,0.183606,0.147682,0.138050,0.339387
2010-10-05,0.191375,0.183751,0.147440,0.137939,0.339496
2010-10-06,0.191271,0.184253,0.147212,0.138506,0.338759
2010-10-07,0.191428,0.184384,0.147060,0.139042,0.338086
2010-10-08,0.191075,0.184084,0.146767,0.138768,0.339306
2010-10-11,0.190770,0.183999,0.146861,0.139371,0.338999
2010-10-12,0.189641,0.182917,0.146283,0.139178,0.341981
2010-10-13,0.189641,0.182899,0.146085,0.139094,0.342280
2010-10-14,0.189274,0.182675,0.146269,0.139067,0.342715
2010-10-15,0.189159,0.182554,0.147164,0.139609,0.341514
2010-10-18,0.189068,0.182500,0.147001,0.139260,0.342170
2010-10-19,0.188997,0.182430,0.147491,0.139363,0.341718
2010-10-20,0.188393,0.182528,0.147583,0.138832,0.342664
2010-10-21,0.187877,0.182258,0.147607,0.139563,0.342694
2010-10-22,0.187905,0.182318,0.148005,0.140166,0.341607
2010-10-25,0.187898,0.182324,0.148295,0.140140,0.341343
2010-10-26,0.187905,0.182416,0.147870,0.139679,0.342131
2010-10-27,0.188213,0.182842,0.147054,0.139021,0.342871
2010-10-28,0.187756,0.182430,0.147478,0.140343,0.341993
2010-10-29,0.189259,0.184176,0.147494,0.140288,0.338783
2010-11-01,0.189946,0.185115,0.147201,0.141705,0.336034
2010-11-02,0.189863,0.185191,0.147578,0.143969,0.333398
2010-11-03,0.189587,0.184977,0.147943,0.144690,0.332803
2010-11-04,0.189737,0.185246,0.147897,0.144465,0.332655
2010-11-05,0.188554,0.184641,0.150558,0.146942,0.329304
2010-11-08,0.189033,0.185116,0.150570,0.146789,0.328492
2010-11-09,0.188995,0.185084,0.150513,0.146791,0.328616
2010-11-10,0.189450,0.185903,0.151869,0.147658,0.325120
2010-11-11,0.189488,0.185967,0.151872,0.147737,0.324936
2010-11-12,0.189494,0.186117,0.151725,0.147600,0.325064
2010-11-15,0.189206,0.186424,0.153706,0.149471,0.321193
2010-11-16,0.190176,0.187320,0.154625,0.150190,0.317689
2010-11-17,0.190943,0.189184,0.152776,0.147980,0.319117
2010-11-18,0.190942,0.189184,0.152794,0.147878,0.319202
2010-11-19,0.189943,0.188527,0.153298,0.147784,0.320449
2010-11-22,0.190232,0.188948,0.153193,0.147555,0.320072
2010-11-23,0.190509,0.189196,0.153412,0.147688,0.319195
2010-11-24,0.190343,0.189317,0.153509,0.147295,0.319535
2010-11-26,0.191022,0.190058,0.152782,0.146651,0.319487
2010-11-29,0.190939,0.190240,0.152378,0.146281,0.320162
2010-11-30,0.191769,0.191500,0.152405,0.145599,0.318727
2010-12-01,0.191967,0.191825,0.151991,0.145497,0.318720
2010-12-02,0.192342,0.192486,0.151681,0.146279,0.317211
2010-12-03,0.192225,0.192439,0.151738,0.146330,0.317268
2010-12-06,0.192273,0.192613,0.151650,0.146237,0.317227
2010-12-07,0.191382,0.191712,0.150879,0.146493,0.319534
2010-12-08,0.192648,0.192664,0.152886,0.148442,0.313361
2010-12-09,0.193161,0.193168,0.153387,0.149110,0.311175
2010-12-10,0.193196,0.193213,0.153380,0.149088,0.311124
2010-12-13,0.193273,0.193290,0.153697,0.149190,0.310550
2010-12-14,0.192914,0.192907,0.153513,0.149216,0.311450
2010-12-15,0.193477,0.193375,0.153695,0.149642,0.309810
2010-12-16,0.193292,0.193171,0.153990,0.149891,0.309656
2010-12-17,0.193417,0.193305,0.153970,0.149873,0.309434
2010-12-20,0.193867,0.193662,0.154292,0.150793,0.307387
2010-12-21,0.193839,0.193642,0.154362,0.150852,0.307306
2010-12-22,0.192960,0.192858,0.153720,0.151311,0.309151
2010-12-23,0.192789,0.192677,0.153573,0.151581,0.309380
2010-12-27,0.192990,0.192899,0.153580,0.151650,0.308880
2010-12-28,0.193034,0.192931,0.153581,0.151967,0.308487
2010-12-29,0.193339,0.193155,0.153773,0.152295,0.307439
2010-12-30,0.193770,0.193462,0.154628,0.153146,0.304993
2010-12-31,0.193765,0.193458,0.154704,0.153216,0.304857
2011-01-03,0.193902,0.193557,0.154756,0.153303,0.304483
2011-01-04,0.194686,0.194550,0.153512,0.152335,0.304917
2011-01-05,0.194435,0.194341,0.153453,0.152379,0.305392
2011-01-06,0.195187,0.194934,0.153168,0.152498,0.304214
2011-01-07,0.195200,0.194978,0.153207,0.152352,0.304263
2011-01-10,0.195517,0.195304,0.153018,0.152041,0.304120
2011-01-11,0.195614,0.195381,0.153111,0.152047,0.303848
2011-01-12,0.195485,0.195288,0.153724,0.152296,0.303207
2011-01-13,0.195181,0.195058,0.154107,0.152353,0.303301
2011-01-14,0.195267,0.195171,0.154000,0.152046,0.303516
2011-01-18,0.195496,0.195380,0.154078,0.152135,0.302911
2011-01-19,0.195660,0.195576,0.154152,0.152122,0.302490
2011-01-20,0.196096,0.196263,0.153711,0.151790,0.302140
2011-01-21,0.196444,0.196522,0.155252,0.152699,0.299083
2011-01-24,0.196900,0.196900,0.155419,0.152643,0.298138
2011-01-25,0.196868,0.196873,0.155437,0.152680,0.298142
2011-01-26,0.197153,0.197163,0.155341,0.152641,0.297702
2011-01-27,0.197400,0.197468,0.154916,0.152324,0.297893
2011-01-28,0.197634,0.197670,0.154879,0.152078,0.297739
2011-01-31,0.197601,0.197786,0.154618,0.151977,0.298018
2011-02-01,0.197979,0.198353,0.154103,0.152002,0.297562
2011-02-02,0.198326,0.198805,0.153125,0.151165,0.298579
2011-02-03,0.198461,0.199061,0.153003,0.150950,0.298524
2011-02-04,0.200193,0.201279,0.150853,0.152588,0.295088
2011-02-07,0.200367,0.201393,0.150762,0.152743,0.294736
2011-02-08,0.200550,0.201592,0.150568,0.152713,0.294576
2011-02-09,0.200743,0.201845,0.149949,0.153390,0.294072
2011-02-10,0.201031,0.202127,0.149697,0.152807,0.294339
2011-02-11,0.201263,0.202427,0.149417,0.153146,0.293746
2011-02-14,0.201269,0.202401,0.149566,0.153368,0.293395
2011-02-15,0.202107,0.203599,0.148424,0.152517,0.293352
2011-02-16,0.201923,0.203459,0.148162,0.152791,0.293665
2011-02-17,0.201921,0.203474,0.148036,0.152975,0.293594
2011-02-18,0.201861,0.203360,0.148221,0.153148,0.293410
2011-02-22,0.201817,0.203331,0.148185,0.153110,0.293556
2011-02-23,0.202115,0.203936,0.146177,0.153584,0.294189
2011-02-24,0.202255,0.204059,0.146064,0.153473,0.294149
2011-02-25,0.202118,0.203910,0.146010,0.153602,0.294360
2011-02-28,0.201501,0.203260,0.146314,0.154121,0.294804
2011-03-01,0.201434,0.203186,0.146347,0.154113,0.294920
2011-03-02,0.201694,0.203627,0.146302,0.152883,0.295494
2011-03-03,0.201922,0.203842,0.146245,0.152757,0.295234
2011-03-04,0.202641,0.204592,0.145824,0.151698,0.295245
2011-03-07,0.203126,0.204977,0.145755,0.151571,0.294572
2011-03-08,0.202965,0.204846,0.145937,0.151539,0.294711
2011-03-09,0.203079,0.204965,0.145966,0.151218,0.294771
2011-03-10,0.203202,0.205074,0.145831,0.151141,0.294752
2011-03-11,0.203141,0.205190,0.144913,0.150741,0.296015
2011-03-14,0.203171,0.205224,0.144905,0.150611,0.296089
2011-03-15,0.203191,0.205267,0.144835,0.150601,0.296106
2011-03-16,0.202845,0.205205,0.144037,0.150622,0.297292
2011-03-17,0.203422,0.205894,0.143446,0.149102,0.298136
2011-03-18,0.203268,0.205850,0.143025,0.149175,0.298681
2011-03-21,0.203411,0.206162,0.142602,0.148850,0.298975
2011-03-22,0.203471,0.206249,0.142041,0.148406,0.299834
2011-03-23,0.203489,0.206271,0.142040,0.148348,0.299852
2011-03-24,0.203429,0.206571,0.140745,0.146882,0.302373
2011-03-25,0.203723,0.206862,0.140542,0.146316,0.302557
2011-03-28,0.203720,0.206926,0.140388,0.146249,0.302717
2011-03-29,0.203716,0.206988,0.140352,0.146459,0.302485
2011-03-30,0.203861,0.207139,0.140247,0.146224,0.302528
2011-03-31,0.203674,0.206897,0.140542,0.146349,0.302539
2011-04-01,0.203855,0.207171,0.140410,0.146283,0.302281
2011-04-04,0.202768,0.206030,0.141683,0.146835,0.302684
2011-04-05,0.202720,0.205950,0.141733,0.146830,0.302767
2011-04-06,0.202156,0.205415,0.142071,0.146989,0.303370
2011-04-07,0.202335,0.205588,0.141974,0.146981,0.303123
2011-04-08,0.202408,0.205715,0.141877,0.146832,0.303168
2011-04-11,0.202425,0.205728,0.141842,0.146925,0.303080
2011-04-12,0.202344,0.205587,0.141807,0.146947,0.303315
2011-04-13,0.202533,0.205783,0.141706,0.146835,0.303143
2011-04-14,0.202463,0.205665,0.141849,0.146972,0.303052
2011-04-15,0.202755,0.206107,0.142292,0.147080,0.301766
2011-04-18,0.202842,0.206065,0.142565,0.147401,0.301127
2011-04-19,0.202963,0.206202,0.142584,0.146996,0.301255
2011-04-20,0.202841,0.206107,0.142548,0.146961,0.301542
2011-04-21,0.202496,0.205641,0.142606,0.146776,0.302480
2011-04-25,0.202387,0.205481,0.142869,0.146852,0.302411
2011-04-26,0.202421,0.205513,0.142867,0.146847,0.302352
2011-04-27,0.201847,0.204757,0.144661,0.148244,0.300491
2011-04-28,0.201611,0.204396,0.144502,0.148292,0.301199
2011-04-29,0.202113,0.204950,0.144444,0.148066,0.300426
2011-05-02,0.201432,0.204217,0.146362,0.148373,0.299616
2011-05-03,0.201522,0.204040,0.145985,0.148563,0.299891
2011-05-04,0.202234,0.204565,0.144993,0.149808,0.298400
2011-05-05,0.202551,0.204623,0.144294,0.150127,0.298405
2011-05-06,0.202593,0.203321,0.143976,0.151304,0.298806
2011-05-09,0.202424,0.203158,0.143801,0.150823,0.299795
2011-05-10,0.203767,0.203699,0.144121,0.152339,0.296074
2011-05-11,0.203425,0.203396,0.143513,0.153465,0.296202
2011-05-12,0.203256,0.202835,0.143055,0.153805,0.297048
2011-05-13,0.203412,0.202953,0.143042,0.153858,0.296736
2011-05-16,0.203394,0.202884,0.142992,0.154565,0.296164
2011-05-17,0.203419,0.202896,0.142679,0.154499,0.296507
2011-05-18,0.203172,0.202597,0.142794,0.154976,0.296461
2011-05-19,0.203523,0.202988,0.141949,0.154884,0.296656
2011-05-20,0.205396,0.204333,0.142720,0.154079,0.293471
2011-05-23,0.205738,0.204637,0.142446,0.154213,0.292967
2011-05-24,0.205345,0.204261,0.142486,0.154715,0.293193
2011-05-25,0.205309,0.204147,0.142460,0.154751,0.293334
2011-05-26,0.205342,0.204102,0.142254,0.154765,0.293537
2011-05-27,0.205534,0.204055,0.141774,0.157968,0.290670
2011-05-31,0.205364,0.203827,0.141689,0.158667,0.290453
2011-06-01,0.205367,0.203779,0.141869,0.158851,0.290134
2011-06-02,0.205336,0.203604,0.142258,0.158371,0.290431
2011-06-03,0.205549,0.203771,0.142647,0.158303,0.289729
2011-06-06,0.205454,0.203841,0.144138,0.158555,0.288013
2011-06-07,0.204882,0.203270,0.144401,0.159138,0.288309
2011-06-08,0.204717,0.203062,0.144591,0.159158,0.288472
2011-06-09,0.204700,0.203084,0.144572,0.159000,0.288645
2011-06-10,0.204268,0.202773,0.145564,0.159532,0.287861
2011-06-13,0.203575,0.202003,0.145594,0.159321,0.289506
2011-06-14,0.203553,0.201841,0.145779,0.159520,0.289308
2011-06-15,0.204406,0.202849,0.145695,0.158480,0.288570
2011-06-16,0.204741,0.203215,0.145869,0.157333,0.288841
2011-06-17,0.204739,0.203277,0.145240,0.156866,0.289878
2011-06-20,0.204771,0.203336,0.144943,0.156895,0.290054
2011-06-21,0.204806,0.203397,0.144671,0.156778,0.290348
2011-06-22,0.204459,0.203070,0.144986,0.156756,0.290730
2011-06-23,0.204284,0.202939,0.145280,0.156718,0.290779
2011-06-24,0.204728,0.203368,0.144991,0.156558,0.290355
2011-06-27,0.204883,0.203426,0.144894,0.156340,0.290456
2011-06-28,0.204938,0.203453,0.145316,0.155962,0.290332
2011-06-29,0.206231,0.204918,0.145764,0.155168,0.287920
2011-06-30,0.206401,0.205041,0.145584,0.154887,0.288087
2011-07-01,0.206429,0.205049,0.145218,0.154435,0.288869
2011-07-05,0.206550,0.205223,0.145150,0.154068,0.289009
2011-07-06,0.206758,0.205327,0.145579,0.154527,0.287808
2011-07-07,0.207329,0.206016,0.145577,0.155040,0.286039
2011-07-08,0.207301,0.205957,0.145500,0.154943,0.286299
2011-07-11,0.208162,0.206811,0.145409,0.154733,0.284885
2011-07-12,0.208431,0.207049,0.145021,0.153703,0.285795
2011-07-13,0.208435,0.207084,0.145255,0.154114,0.285112
2011-07-14,0.207920,0.206394,0.145516,0.154544,0.285626
2011-07-15,0.207563,0.206068,0.145970,0.155115,0.285283
2011-07-18,0.208019,0.206654,0.146287,0.156060,0.282980
2011-07-19,0.207720,0.206414,0.146461,0.156282,0.283123
2011-07-20,0.207627,0.206441,0.146652,0.156465,0.282816
2011-07-21,0.207323,0.206143,0.147040,0.157448,0.282046
2011-07-22,0.207987,0.206898,0.147247,0.157710,0.280158
2011-07-25,0.207856,0.206715,0.147554,0.158145,0.279729
2011-07-26,0.207668,0.206582,0.147737,0.158474,0.279540
2011-07-27,0.207874,0.206763,0.147509,0.158180,0.279675
2011-07-28,0.206557,0.205438,0.148578,0.159188,0.280239
2011-07-29,0.206607,0.205485,0.148535,0.159198,0.280176
2011-08-01,0.207271,0.206189,0.148361,0.159344,0.278835
2011-08-02,0.207622,0.206614,0.148768,0.158864,0.278132
2011-08-03,0.209902,0.208922,0.146769,0.154559,0.279848
2011-08-04,0.209845,0.208859,0.146984,0.154500,0.279812
2011-08-05,0.208449,0.207259,0.145532,0.150901,0.287859
2011-08-08,0.208386,0.207166,0.146360,0.151742,0.286346
2011-08-09,0.206779,0.206026,0.143978,0.145483,0.297733
2011-08-10,0.203748,0.203191,0.146844,0.146813,0.299403
2011-08-11,0.208211,0.207714,0.142921,0.141376,0.299779
2011-08-12,0.212541,0.212032,0.138966,0.136739,0.299723
2011-08-15,0.212567,0.212031,0.139279,0.136925,0.299197
2011-08-16,0.211912,0.211489,0.139347,0.136476,0.300776
2011-08-17,0.212208,0.211803,0.139271,0.136081,0.300638
2011-08-18,0.212193,0.211724,0.139471,0.136249,0.300363
2011-08-19,0.211829,0.211405,0.138585,0.134674,0.303508
2011-08-22,0.212008,0.211626,0.138300,0.134152,0.303914
2011-08-23,0.212039,0.211666,0.138319,0.134130,0.303846
2011-08-24,0.213377,0.212989,0.136356,0.132103,0.305175
2011-08-25,0.214468,0.213979,0.136874,0.132248,0.302431
2011-08-26,0.214739,0.214267,0.136531,0.131681,0.302782
2011-08-29,0.213762,0.213198,0.138021,0.132050,0.302968
2011-08-30,0.213759,0.213236,0.137818,0.130763,0.304423
2011-08-31,0.214089,0.213551,0.138175,0.131196,0.302990
2011-09-01,0.214120,0.213389,0.138940,0.131923,0.301628
2011-09-02,0.214235,0.213497,0.138962,0.132031,0.301274
2011-09-06,0.214499,0.213748,0.138845,0.132570,0.300337
2011-09-07,0.213968,0.213256,0.139081,0.132838,0.300858
2011-09-08,0.214065,0.213382,0.138692,0.133243,0.300617
2011-09-09,0.213877,0.213308,0.138478,0.133258,0.301079
2011-09-12,0.212733,0.212353,0.138758,0.133788,0.302368
2011-09-13,0.213040,0.212747,0.138540,0.133693,0.301980
2011-09-14,0.212784,0.212504,0.138290,0.133594,0.302827
2011-09-15,0.212661,0.212351,0.138324,0.133644,0.303020
2011-09-16,0.212994,0.212709,0.138096,0.133811,0.302390
2011-09-19,0.212973,0.212692,0.138174,0.133880,0.302281
2011-09-20,0.213036,0.212958,0.137974,0.133786,0.302245
2011-09-21,0.212630,0.212594,0.138000,0.133806,0.302970
2011-09-22,0.211620,0.211809,0.138159,0.134246,0.304165
2011-09-23,0.209309,0.210325,0.138675,0.135086,0.306604
2011-09-26,0.209659,0.210945,0.139712,0.136281,0.303403
2011-09-27,0.209615,0.210933,0.139647,0.136449,0.303356
2011-09-28,0.209332,0.210832,0.139552,0.136464,0.303820
2011-09-29,0.207538,0.209383,0.140687,0.137399,0.304993
2011-09-30,0.207266,0.209191,0.140783,0.137489,0.305271
2011-10-03,0.206467,0.208548,0.140590,0.137961,0.306435
2011-10-04,0.206290,0.208545,0.140435,0.138226,0.306504
2011-10-05,0.207233,0.209242,0.139926,0.137944,0.305656
2011-10-06,0.206849,0.208940,0.139989,0.138120,0.306101
2011-10-07,0.206117,0.208407,0.139877,0.138606,0.306993
2011-10-10,0.205931,0.208085,0.140106,0.139199,0.306679
2011-10-11,0.203858,0.206326,0.140623,0.140288,0.308906
2011-10-12,0.203817,0.206296,0.140650,0.140255,0.308982
2011-10-13,0.203825,0.206269,0.140524,0.140201,0.309182
2011-10-14,0.203675,0.206181,0.140431,0.140032,0.309681
2011-10-17,0.203269,0.205907,0.140435,0.140283,0.310106
2011-10-18,0.202811,0.205618,0.140283,0.140388,0.310899
2011-10-19,0.203063,0.205584,0.139947,0.140769,0.310638
2011-10-20,0.202923,0.205378,0.140064,0.140922,0.310713
2011-10-21,0.202925,0.205378,0.139865,0.140949,0.310882
2011-10-24,0.202253,0.204809,0.140120,0.141319,0.311499
2011-10-25,0.201425,0.203995,0.140623,0.142020,0.311937
2011-10-26,0.201524,0.204174,0.140398,0.142054,0.311850
2011-10-27,0.201623,0.204319,0.140115,0.141856,0.312087
2011-10-28,0.199299,0.202541,0.139869,0.142863,0.315429
2011-10-31,0.199334,0.202586,0.139788,0.143047,0.315245
2011-11-01,0.198830,0.202317,0.139477,0.143216,0.316159
2011-11-02,0.198617,0.202418,0.139200,0.142730,0.317035
2011-11-03,0.198193,0.202129,0.139353,0.142890,0.317435
2011-11-04,0.198805,0.202666,0.137841,0.141303,0.319384
2011-11-07,0.198580,0.202475,0.137800,0.141313,0.319832
2011-11-08,0.198444,0.202340,0.137859,0.141382,0.319975
2011-11-09,0.198744,0.202843,0.136698,0.140300,0.321416
2011-11-10,0.196631,0.201279,0.137468,0.140820,0.323802
2011-11-11,0.196791,0.201414,0.137432,0.140810,0.323553
2011-11-14,0.196696,0.201335,0.136093,0.139420,0.326456
2011-11-15,0.195855,0.200767,0.135346,0.138607,0.329425
2011-11-16,0.196016,0.200669,0.135457,0.139142,0.328716
2011-11-17,0.195543,0.200294,0.135682,0.139339,0.329142
2011-11-18,0.195262,0.200073,0.135898,0.139741,0.329025
2011-11-21,0.195326,0.200150,0.135928,0.139784,0.328813
2011-11-22,0.194329,0.199289,0.136219,0.140013,0.330149
2011-11-23,0.194544,0.199376,0.136156,0.140151,0.329773
2011-11-25,0.193144,0.198098,0.136985,0.140870,0.330903
2011-11-28,0.193188,0.198014,0.137223,0.141230,0.330344
2011-11-29,0.191736,0.196671,0.138100,0.142141,0.331352
2011-11-30,0.191717,0.196648,0.138181,0.142124,0.331330
2011-12-01,0.189581,0.194724,0.138841,0.142247,0.334607
2011-12-02,0.189646,0.194747,0.138808,0.142233,0.334565
2011-12-05,0.189776,0.194815,0.138843,0.142256,0.334311
2011-12-06,0.189608,0.194728,0.138613,0.142006,0.335045
2011-12-07,0.188378,0.193760,0.137046,0.140505,0.340311
2011-12-08,0.187962,0.193402,0.136506,0.139975,0.342155
2011-12-09,0.187145,0.192851,0.136697,0.139945,0.343362
2011-12-12,0.186830,0.192687,0.136382,0.139702,0.344398
2011-12-13,0.186323,0.192362,0.136530,0.139779,0.345008
2011-12-14,0.185740,0.191906,0.136202,0.139337,0.346814
2011-12-15,0.185375,0.191793,0.135840,0.139012,0.347980
2011-12-16,0.185361,0.191806,0.135717,0.138889,0.348228
2011-12-19,0.185037,0.191534,0.135618,0.138777,0.349034
2011-12-20,0.184940,0.191503,0.135571,0.138761,0.349225
2011-12-21,0.184325,0.191289,0.135277,0.138407,0.350702
2011-12-22,0.184278,0.191210,0.135236,0.138446,0.350831
2011-12-23,0.184108,0.191046,0.135185,0.138342,0.351319
2011-12-27,0.184055,0.191015,0.135080,0.138252,0.351598
2011-12-28,0.183590,0.190583,0.134821,0.137954,0.353053
2011-12-29,0.182698,0.189967,0.133997,0.137123,0.356217
2011-12-30,0.182524,0.189813,0.134041,0.137173,0.356449
2012-01-03,0.182378,0.189709,0.133777,0.136860,0.357276
2012-01-04,0.181767,0.189456,0.133734,0.136656,0.358386
2012-01-05,0.181820,0.189497,0.133724,0.136622,0.358337
2012-01-06,0.181089,0.188858,0.133637,0.136355,0.360062
2012-01-09,0.181041,0.188818,0.133602,0.136365,0.360175
2012-01-10,0.180817,0.188588,0.133630,0.136453,0.360512
2012-01-11,0.180405,0.188287,0.133608,0.136487,0.361213
2012-01-12,0.180403,0.188231,0.133683,0.136672,0.361011
2012-01-13,0.180500,0.188287,0.133814,0.136814,0.360586
2012-01-17,0.180380,0.188182,0.133782,0.136825,0.360831
2012-01-18,0.180101,0.187916,0.133898,0.136871,0.361214
2012-01-19,0.179980,0.187879,0.133815,0.136912,0.361413
2012-01-20,0.180120,0.187987,0.133988,0.137013,0.360892
2012-01-23,0.179773,0.187806,0.133062,0.136015,0.363344
2012-01-24,0.179733,0.187784,0.133055,0.135975,0.363453
2012-01-25,0.179751,0.187797,0.133101,0.135903,0.363448
2012-01-26,0.179490,0.187629,0.133602,0.136313,0.362967
2012-01-27,0.179365,0.187442,0.133819,0.136530,0.362844
2012-01-30,0.179324,0.187400,0.133857,0.136558,0.362861
2012-01-31,0.179206,0.187256,0.134312,0.136675,0.362551
2012-02-01,0.179089,0.187082,0.134395,0.136988,0.362446
2012-02-02,0.178987,0.187030,0.134694,0.137441,0.361848
2012-02-03,0.178893,0.186948,0.134644,0.137411,0.362105
2012-02-06,0.178893,0.186973,0.134492,0.137438,0.362203
2012-02-07,0.178632,0.186741,0.134394,0.137257,0.362975
2012-02-08,0.178742,0.186854,0.134359,0.137321,0.362724
2012-02-09,0.178556,0.186654,0.134539,0.137296,0.362955
2012-02-10,0.178456,0.186529,0.134578,0.137480,0.362957
2012-02-13,0.178180,0.186405,0.134355,0.137365,0.363695
2012-02-14,0.177973,0.186253,0.134225,0.137244,0.364305
2012-02-15,0.177973,0.186276,0.134201,0.137238,0.364312
2012-02-16,0.177923,0.186223,0.134260,0.137222,0.364372
2012-02-17,0.177892,0.186241,0.134225,0.137238,0.364404
2012-02-21,0.177911,0.186300,0.134121,0.137124,0.364544
2012-02-22,0.177941,0.186342,0.133997,0.137136,0.364584
2012-02-23,0.177882,0.186118,0.135030,0.137647,0.363323
2012-02-24,0.177766,0.186026,0.135091,0.137733,0.363384
2012-02-27,0.177776,0.186046,0.135115,0.137708,0.363356
2012-02-28,0.178099,0.186509,0.134671,0.137202,0.363519
2012-02-29,0.178088,0.186540,0.134625,0.137223,0.363524
2012-03-01,0.177615,0.186041,0.135062,0.138392,0.362890
2012-03-02,0.177327,0.185819,0.134985,0.138436,0.363433
2012-03-05,0.176725,0.185210,0.135139,0.138954,0.363971
2012-03-06,0.176451,0.184960,0.135227,0.139020,0.364342
2012-03-07,0.175860,0.184615,0.135409,0.139273,0.364843
2012-03-08,0.175694,0.184471,0.135400,0.139456,0.364979
2012-03-09,0.175466,0.184317,0.135494,0.139424,0.365300
2012-03-12,0.175412,0.184216,0.136142,0.139755,0.364476
2012-03-13,0.175379,0.184183,0.136161,0.139808,0.364469
2012-03-14,0.175442,0.184301,0.136248,0.139925,0.364083
2012-03-15,0.176090,0.184739,0.137585,0.140657,0.360930
2012-03-16,0.175736,0.184319,0.137989,0.141711,0.360245
2012-03-19,0.175835,0.184378,0.138272,0.141649,0.359866
2012-03-20,0.176043,0.184604,0.138392,0.141712,0.359250
2012-03-21,0.175899,0.184490,0.138789,0.142063,0.358759
2012-03-22,0.175917,0.184489,0.138812,0.142146,0.358636
2012-03-23,0.175792,0.184416,0.138857,0.142192,0.358745
2012-03-26,0.175470,0.184048,0.139008,0.142577,0.358896
2012-03-27,0.175087,0.183749,0.139158,0.142663,0.359343
2012-03-28,0.175151,0.183826,0.139088,0.142655,0.359281
2012-03-29,0.174995,0.183672,0.139326,0.142939,0.359067
2012-03-30,0.175053,0.183778,0.139154,0.142822,0.359193
2012-04-02,0.175126,0.183843,0.139156,0.142921,0.358954
2012-04-03,0.174974,0.183699,0.139256,0.143017,0.359053
2012-04-04,0.175059,0.183672,0.139683,0.143516,0.358070
2012-04-05,0.174675,0.183406,0.139644,0.143566,0.358709
2012-04-09,0.174521,0.183225,0.139680,0.143593,0.358981
2012-04-10,0.174800,0.183506,0.139211,0.143843,0.358640
2012-04-11,0.174683,0.183497,0.138607,0.143928,0.359285
2012-04-12,0.174737,0.183620,0.138394,0.143914,0.359335
2012-04-13,0.174310,0.183264,0.138579,0.144261,0.359586
2012-04-16,0.174179,0.183244,0.138267,0.144196,0.360113
2012-04-17,0.174142,0.183230,0.138314,0.144204,0.360111
2012-04-18,0.173839,0.183051,0.137718,0.143812,0.361579
2012-04-19,0.173810,0.183039,0.137690,0.144006,0.361454
2012-04-20,0.173860,0.183126,0.137559,0.143944,0.361511
2012-04-23,0.173963,0.183340,0.137654,0.144145,0.360898
2012-04-24,0.173866,0.183348,0.137584,0.144218,0.360984
2012-04-25,0.173886,0.183373,0.137548,0.144233,0.360960
2012-04-26,0.173765,0.183290,0.137173,0.144063,0.361709
2012-04-27,0.173749,0.183354,0.137475,0.144104,0.361317
2012-04-30,0.173680,0.183298,0.137428,0.144031,0.361564
2012-05-01,0.173596,0.183219,0.137299,0.143929,0.361957
2012-05-02,0.173532,0.183304,0.137670,0.143788,0.361706
2012-05-03,0.173635,0.183508,0.137849,0.143529,0.361479
2012-05-04,0.173541,0.183525,0.138272,0.143410,0.361252
2012-05-07,0.173324,0.183795,0.139660,0.143206,0.360015
2012-05-08,0.173328,0.183808,0.139653,0.143129,0.360081
2012-05-09,0.173314,0.183997,0.139718,0.142812,0.360159
2012-05-10,0.173157,0.183850,0.139959,0.142772,0.360262
2012-05-11,0.173270,0.184227,0.140634,0.142546,0.359323
2012-05-14,0.173290,0.184264,0.140638,0.142351,0.359458
2012-05-15,0.173086,0.184125,0.140772,0.142388,0.359630
2012-05-16,0.172999,0.184085,0.141151,0.142403,0.359362
2012-05-17,0.172991,0.184107,0.141258,0.142527,0.359117
2012-05-18,0.173391,0.184640,0.140325,0.141912,0.359731
2012-05-21,0.173426,0.184680,0.140075,0.141991,0.359828
2012-05-22,0.173173,0.184481,0.139847,0.142323,0.360177
2012-05-23,0.173308,0.184602,0.139903,0.142337,0.359851
2012-05-24,0.173352,0.184698,0.139889,0.142215,0.359846
2012-05-25,0.173389,0.184765,0.139998,0.142215,0.359633
2012-05-29,0.173335,0.184748,0.139890,0.142027,0.359999
2012-05-30,0.173473,0.184948,0.139503,0.141880,0.360196
2012-05-31,0.173598,0.185247,0.139110,0.141928,0.360116
2012-06-01,0.173570,0.185373,0.139073,0.142304,0.359680
2012-06-04,0.173445,0.185348,0.138346,0.141253,0.361608
2012-06-05,0.173515,0.185404,0.138431,0.141387,0.361264
2012-06-06,0.173633,0.185598,0.138307,0.141124,0.361339
2012-06-07,0.173443,0.185543,0.138591,0.140156,0.362267
2012-06-08,0.173477,0.185570,0.138560,0.140222,0.362171
2012-06-11,0.173387,0.185481,0.138427,0.140301,0.362404
2012-06-12,0.173497,0.185785,0.138464,0.140134,0.362120
2012-06-13,0.173345,0.185739,0.138419,0.139721,0.362776
2012-06-14,0.173201,0.185613,0.138473,0.139715,0.362998
2012-06-15,0.172886,0.185294,0.138409,0.140132,0.363279
2012-06-18,0.172766,0.185103,0.138844,0.140389,0.362899
2012-06-19,0.172752,0.185073,0.139019,0.140372,0.362785
2012-06-20,0.172750,0.185092,0.139111,0.140164,0.362883
2012-06-21,0.172855,0.185253,0.138952,0.140234,0.362706
2012-06-22,0.172161,0.184444,0.139575,0.140056,0.363763
2012-06-25,0.172098,0.184430,0.139564,0.139797,0.364112
2012-06-26,0.172212,0.184674,0.139402,0.139523,0.364189
2012-06-27,0.172144,0.184613,0.139335,0.139609,0.364298
2012-06-28,0.171798,0.184249,0.139199,0.139962,0.364792
2012-06-29,0.171708,0.184201,0.139195,0.140034,0.364861
2012-07-02,0.170707,0.183148,0.139988,0.139491,0.366666
2012-07-03,0.170733,0.183139,0.140069,0.139661,0.366398
2012-07-05,0.170154,0.182644,0.139464,0.139255,0.368482
2012-07-06,0.170142,0.182648,0.139374,0.139152,0.368684
2012-07-09,0.170011,0.182564,0.139391,0.139212,0.368823
2012-07-10,0.169236,0.181723,0.139197,0.139119,0.370726
2012-07-11,0.168882,0.181405,0.139548,0.139754,0.370411
2012-07-12,0.168858,0.181379,0.139543,0.139804,0.370416
2012-07-13,0.168933,0.181608,0.139316,0.139567,0.370577
2012-07-16,0.168522,0.181236,0.138979,0.139261,0.372002
2012-07-17,0.168450,0.181206,0.138779,0.139060,0.372505
2012-07-18,0.168474,0.181241,0.138722,0.139004,0.372559
2012-07-19,0.168509,0.181320,0.138508,0.138773,0.372889
2012-07-20,0.168352,0.181155,0.138455,0.138718,0.373321
2012-07-23,0.168034,0.180836,0.138432,0.138843,0.373855
2012-07-24,0.167596,0.180428,0.138237,0.138746,0.374992
2012-07-25,0.167549,0.180418,0.138130,0.138627,0.375277
2012-07-26,0.167412,0.180293,0.137988,0.138531,0.375775
2012-07-27,0.167348,0.180472,0.137484,0.138183,0.376514
2012-07-30,0.167234,0.180422,0.137331,0.138251,0.376761
2012-07-31,0.166295,0.179431,0.136827,0.137685,0.379762
2012-08-01,0.166261,0.179394,0.136760,0.137659,0.379927
2012-08-02,0.164824,0.177809,0.137833,0.139541,0.379993
2012-08-03,0.164792,0.177779,0.137830,0.139484,0.380116
2012-08-06,0.164757,0.178406,0.139353,0.142090,0.375394
2012-08-07,0.163789,0.177493,0.138337,0.140944,0.379437
2012-08-08,0.163930,0.178292,0.141183,0.147260,0.369335
2012-08-09,0.164121,0.179281,0.138504,0.145990,0.372104
2012-08-10,0.160297,0.175115,0.141833,0.151568,0.371186
2012-08-13,0.154829,0.169151,0.145218,0.158554,0.372247
2012-08-14,0.154383,0.168708,0.144749,0.158124,0.374037
2012-08-15,0.154757,0.169207,0.144622,0.158507,0.372907
2012-08-16,0.154667,0.169088,0.144976,0.159464,0.371805
2012-08-17,0.154449,0.168935,0.144545,0.159021,0.373049
2012-08-20,0.153610,0.168297,0.146574,0.163742,0.367777
2012-08-21,0.153290,0.167935,0.146898,0.164876,0.367002
2012-08-22,0.153240,0.167876,0.146946,0.164871,0.367068
2012-08-23,0.151032,0.165382,0.150225,0.170834,0.362528
2012-08-24,0.148054,0.162352,0.148718,0.171225,0.369651
2012-08-27,0.147385,0.161623,0.149289,0.173249,0.368454
2012-08-28,0.146776,0.161199,0.147759,0.171474,0.372791
2012-08-29,0.145623,0.159970,0.148603,0.175580,0.370224
2012-08-30,0.144174,0.158493,0.147429,0.174444,0.375460
2012-08-31,0.143910,0.158198,0.147496,0.174367,0.376029
2012-09-04,0.143542,0.157573,0.148318,0.174566,0.376000
2012-09-05,0.142507,0.156442,0.149052,0.173154,0.378846
2012-09-06,0.142512,0.156449,0.149189,0.173025,0.378826
2012-09-07,0.142135,0.156100,0.149848,0.171256,0.380661
2012-09-10,0.141485,0.155347,0.149709,0.170980,0.382479
2012-09-11,0.141940,0.155941,0.150149,0.170566,0.381404
2012-09-12,0.141661,0.155654,0.149815,0.170046,0.382824
2012-09-13,0.141790,0.155795,0.149817,0.169981,0.382617
2012-09-14,0.141541,0.155461,0.150454,0.170777,0.381767
2012-09-17,0.141633,0.155545,0.150577,0.170136,0.382109
2012-09-18,0.141472,0.155385,0.149894,0.169995,0.383255
2012-09-19,0.141402,0.155265,0.150050,0.169712,0.383571
2012-09-20,0.141316,0.155172,0.149991,0.169602,0.383920
2012-09-21,0.141803,0.155772,0.150558,0.169466,0.382401
2012-09-24,0.143070,0.157051,0.151113,0.169209,0.379556
2012-09-25,0.140707,0.154383,0.148774,0.166128,0.390008
2012-09-26,0.140229,0.153880,0.148983,0.165657,0.391252
2012-09-27,0.140368,0.153992,0.148964,0.165660,0.391017
2012-09-28,0.140903,0.154739,0.147445,0.164747,0.392165
2012-10-01,0.141110,0.154940,0.147427,0.164419,0.392104
2012-10-02,0.141551,0.155500,0.148812,0.163645,0.390492
2012-10-03,0.141377,0.155217,0.149549,0.162961,0.390896
2012-10-04,0.140761,0.154508,0.149435,0.162278,0.393017
2012-10-05,0.140851,0.154684,0.149254,0.162045,0.393165
2012-10-08,0.141484,0.155305,0.150211,0.162244,0.390756
2012-10-09,0.141407,0.155387,0.149102,0.161196,0.392908
2012-10-10,0.142576,0.156900,0.149505,0.160307,0.390712
2012-10-11,0.142585,0.156917,0.149435,0.160299,0.390764
2012-10-12,0.142743,0.157094,0.149665,0.160607,0.389890
2012-10-15,0.142648,0.156990,0.149575,0.160666,0.390121
2012-10-16,0.142940,0.157311,0.149919,0.160590,0.389240
2012-10-17,0.143342,0.157793,0.150302,0.160211,0.388351
2012-10-18,0.144076,0.158612,0.150373,0.160213,0.386726
2012-10-19,0.144394,0.159069,0.150280,0.159373,0.386884
2012-10-22,0.144052,0.158824,0.149686,0.158927,0.388511
2012-10-23,0.144599,0.159523,0.149370,0.158509,0.388000
2012-10-24,0.144689,0.160019,0.147831,0.156917,0.390544
2012-10-25,0.144007,0.159224,0.148154,0.156225,0.392389
2012-10-26,0.143914,0.159118,0.148102,0.156221,0.392645
2012-10-31,0.146124,0.161591,0.149911,0.154792,0.387583
2012-11-01,0.145847,0.161272,0.149877,0.154554,0.388449
2012-11-02,0.146105,0.161491,0.151122,0.154184,0.387098
2012-11-05,0.145792,0.160937,0.151992,0.155492,0.385788
2012-11-06,0.146161,0.161286,0.151833,0.155611,0.385108
2012-11-07,0.146646,0.161842,0.151648,0.155472,0.384393
2012-11-08,0.146628,0.161963,0.151401,0.154983,0.385024
2012-11-09,0.146775,0.162208,0.151283,0.154664,0.385070
2012-11-12,0.146679,0.162087,0.151315,0.154626,0.385294
2012-11-13,0.148599,0.164194,0.150707,0.154639,0.381861
2012-11-14,0.148238,0.163833,0.150469,0.154390,0.383071
2012-11-15,0.148784,0.164508,0.150453,0.154324,0.381931
2012-11-16,0.148845,0.164505,0.150593,0.154726,0.381331
2012-11-19,0.148899,0.164561,0.150672,0.154735,0.381133
2012-11-20,0.148833,0.164600,0.151260,0.155405,0.379902
2012-11-21,0.149902,0.165740,0.150339,0.154840,0.379178
2012-11-23,0.149784,0.165607,0.150220,0.154762,0.379628
2012-11-26,0.150257,0.166268,0.149596,0.154501,0.379378
2012-11-27,0.150282,0.166315,0.149560,0.154522,0.379321
2012-11-28,0.151153,0.167332,0.148759,0.154000,0.378757
2012-11-29,0.150862,0.167192,0.147915,0.153168,0.380863
2012-11-30,0.152188,0.169159,0.146223,0.151401,0.381029
2012-12-03,0.152137,0.169095,0.146269,0.151415,0.381084
2012-12-04,0.154816,0.172238,0.145100,0.151572,0.376274
2012-12-05,0.154804,0.172245,0.145078,0.151581,0.376292
2012-12-06,0.154338,0.171811,0.144593,0.151017,0.378242
2012-12-07,0.154285,0.171750,0.144480,0.151471,0.378014
2012-12-10,0.154435,0.171913,0.144693,0.151627,0.377332
2012-12-11,0.154375,0.171869,0.144737,0.151584,0.377436
2012-12-12,0.155521,0.173005,0.144604,0.152146,0.374724
2012-12-13,0.155727,0.173013,0.145369,0.152881,0.373009
2012-12-14,0.156534,0.173759,0.145655,0.153288,0.370764
2012-12-17,0.156767,0.173965,0.145829,0.153346,0.370092
2012-12-18,0.157485,0.174514,0.146167,0.153264,0.368569
2012-12-19,0.157626,0.174660,0.146202,0.153323,0.368189
2012-12-20,0.157224,0.174443,0.145165,0.152210,0.370957
2012-12-21,0.157412,0.174537,0.145458,0.152288,0.370304
2012-12-24,0.158238,0.174964,0.146589,0.153820,0.366388
2012-12-26,0.158259,0.175074,0.146713,0.153713,0.366240
2012-12-27,0.158403,0.175274,0.146516,0.153871,0.365937
2012-12-28,0.158365,0.175212,0.146746,0.154002,0.365675
2012-12-31,0.158213,0.175064,0.146696,0.153938,0.366089
2013-01-02,0.158599,0.175348,0.147143,0.153896,0.365015
2013-01-03,0.158008,0.174935,0.146722,0.153722,0.366613
2013-01-04,0.158007,0.174708,0.147621,0.154739,0.364925
2013-01-07,0.158809,0.174940,0.148567,0.156402,0.361282
2013-01-08,0.158808,0.175015,0.148443,0.156369,0.361365
2013-01-09,0.158833,0.175040,0.148320,0.156351,0.361456
2013-01-10,0.158764,0.174919,0.148523,0.156493,0.361301
2013-01-11,0.158677,0.174850,0.148508,0.156491,0.361473
2013-01-14,0.159330,0.175448,0.148450,0.156474,0.360297
2013-01-15,0.159016,0.175220,0.148295,0.156091,0.361376
2013-01-16,0.158890,0.175076,0.148076,0.156002,0.361956
2013-01-17,0.158699,0.174819,0.148331,0.156265,0.361886
2013-01-18,0.159018,0.175224,0.148013,0.156034,0.361711
2013-01-22,0.159249,0.175281,0.148502,0.156208,0.360761
2013-01-23,0.158960,0.174943,0.148675,0.156029,0.361393
2013-01-24,0.158518,0.174425,0.148698,0.156473,0.361885
2013-01-25,0.158482,0.174329,0.148807,0.156538,0.361844
2013-01-28,0.158850,0.174649,0.149166,0.157209,0.360126
2013-01-29,0.158765,0.174539,0.147476,0.155873,0.363346
2013-01-30,0.158347,0.174203,0.147379,0.155518,0.364553
2013-01-31,0.158581,0.174489,0.147202,0.155200,0.364529
2013-02-01,0.158681,0.174494,0.147554,0.155023,0.364249
2013-02-04,0.158697,0.174647,0.146793,0.154263,0.365599
2013-02-05,0.159301,0.175179,0.145951,0.153222,0.366346
2013-02-06,0.159532,0.175440,0.145592,0.152811,0.366624
2013-02-07,0.159147,0.174930,0.146161,0.152850,0.366913
2013-02-08,0.159000,0.174769,0.146223,0.152779,0.367229
2013-02-11,0.158703,0.174417,0.146528,0.152711,0.367641
2013-02-12,0.158683,0.174384,0.146599,0.152858,0.367477
2013-02-13,0.158600,0.174340,0.146526,0.152838,0.367696
2013-02-14,0.158943,0.174451,0.147088,0.152708,0.366811
2013-02-15,0.159497,0.175009,0.146990,0.152232,0.366273
2013-02-19,0.159361,0.174819,0.147195,0.152222,0.366403
2013-02-20,0.159493,0.174968,0.146912,0.152175,0.366451
2013-02-21,0.159067,0.174412,0.147513,0.151561,0.367447
2013-02-22,0.159071,0.174444,0.147123,0.151140,0.368223
2013-02-25,0.158875,0.174173,0.147604,0.151222,0.368126
2013-02-26,0.159432,0.174980,0.145089,0.148636,0.371864
2013-02-27,0.159589,0.175150,0.144720,0.148342,0.372200
2013-02-28,0.159597,0.175180,0.144348,0.148421,0.372454
2013-03-01,0.159312,0.174892,0.144595,0.148459,0.372741
2013-03-04,0.159640,0.175168,0.144549,0.148281,0.372361
2013-03-05,0.160442,0.176201,0.143326,0.147074,0.372958
2013-03-06,0.160462,0.176113,0.143613,0.146812,0.373000
2013-03-07,0.160754,0.176338,0.143765,0.146877,0.372266
2013-03-08,0.160703,0.176357,0.143303,0.146703,0.372934
2013-03-11,0.162322,0.177657,0.142562,0.146005,0.371453
2013-03-12,0.162491,0.177765,0.142494,0.145956,0.371294
2013-03-13,0.162905,0.178052,0.142225,0.146170,0.370649
2013-03-14,0.162974,0.178116,0.142216,0.146194,0.370501
2013-03-15,0.163039,0.178191,0.142283,0.146493,0.369994
2013-03-18,0.162974,0.177950,0.142310,0.146397,0.370369
2013-03-19,0.161422,0.177216,0.138741,0.143039,0.379583
2013-03-20,0.161473,0.177287,0.138770,0.142874,0.379595
2013-03-21,0.161566,0.177399,0.138715,0.142736,0.379584
2013-03-22,0.161146,0.176980,0.138193,0.142369,0.381312
2013-03-25,0.161394,0.177189,0.138209,0.142222,0.380985
2013-03-26,0.161231,0.177066,0.138077,0.142093,0.381533
2013-03-27,0.161532,0.177304,0.138156,0.142124,0.380884
2013-03-28,0.161792,0.177694,0.137847,0.141849,0.380818
2013-04-01,0.162750,0.178556,0.137171,0.141367,0.380156
2013-04-02,0.162491,0.178316,0.137395,0.140852,0.380946
2013-04-03,0.162737,0.178602,0.136187,0.140703,0.381771
2013-04-04,0.162402,0.178334,0.136272,0.140763,0.382229
2013-04-05,0.162276,0.178099,0.136304,0.140686,0.382635
2013-04-08,0.162880,0.178749,0.135714,0.140494,0.382162
2013-04-09,0.162462,0.178908,0.133924,0.138754,0.385952
2013-04-10,0.163247,0.179527,0.134009,0.138468,0.384749
2013-04-11,0.163530,0.179944,0.132116,0.138388,0.386023
2013-04-12,0.162421,0.178771,0.133254,0.137464,0.388091
2013-04-15,0.163173,0.179589,0.132715,0.137182,0.387341
2013-04-16,0.157714,0.174151,0.131114,0.139750,0.397270
2013-04-17,0.157669,0.174138,0.131478,0.139356,0.397359
2013-04-18,0.157186,0.173486,0.132076,0.139386,0.397866
2013-04-19,0.157229,0.173538,0.131708,0.139489,0.398037
2013-04-22,0.157127,0.173404,0.132303,0.139476,0.397691
2013-04-23,0.157134,0.173387,0.132334,0.139603,0.397542
2013-04-24,0.157280,0.173553,0.131303,0.139821,0.398042
2013-04-25,0.157227,0.173492,0.131300,0.139882,0.398100
2013-04-26,0.157451,0.173736,0.130727,0.139602,0.398484
2013-04-29,0.157410,0.173715,0.130859,0.139460,0.398557
2013-04-30,0.156856,0.173044,0.132027,0.139527,0.398545
2013-05-01,0.156840,0.173131,0.131545,0.139279,0.399206
2013-05-02,0.156502,0.172767,0.131741,0.139233,0.399757
2013-05-03,0.156416,0.172654,0.132165,0.139648,0.399116
2013-05-06,0.157064,0.173386,0.132855,0.140250,0.396446
2013-05-07,0.156935,0.173238,0.132840,0.140769,0.396219
2013-05-08,0.157302,0.173691,0.132566,0.140807,0.395633
2013-05-09,0.157617,0.173909,0.133198,0.140936,0.394341
2013-05-10,0.157503,0.173720,0.133451,0.141312,0.394014
2013-05-13,0.158509,0.174744,0.134293,0.142573,0.389881
2013-05-14,0.158883,0.175111,0.134402,0.142742,0.388863
2013-05-15,0.159048,0.175279,0.134310,0.142736,0.388627
2013-05-16,0.159199,0.175429,0.133769,0.142551,0.389052
2013-05-17,0.160241,0.176373,0.133890,0.142828,0.386667
2013-05-20,0.160797,0.176898,0.133748,0.142550,0.386007
2013-05-21,0.160712,0.176725,0.133276,0.141523,0.387765
2013-05-22,0.159494,0.175163,0.136559,0.142851,0.385933
2013-05-23,0.160139,0.175439,0.138927,0.145316,0.380180
2013-05-24,0.160933,0.176232,0.138580,0.143603,0.380653
2013-05-28,0.160826,0.176299,0.138422,0.143306,0.381146
2013-05-29,0.162980,0.178401,0.140403,0.145902,0.372313
2013-05-30,0.162980,0.178486,0.139813,0.145590,0.373133
2013-05-31,0.162894,0.178401,0.139941,0.145584,0.373181
2013-06-03,0.162542,0.177723,0.142672,0.148202,0.368861
2013-06-04,0.161989,0.176826,0.143637,0.148039,0.369510
2013-06-05,0.161663,0.176384,0.143864,0.148749,0.369340
2013-06-06,0.160905,0.175563,0.143102,0.152675,0.367755
2013-06-07,0.160733,0.175394,0.143274,0.153554,0.367044
2013-06-10,0.161499,0.175956,0.141072,0.154838,0.366634
2013-06-11,0.161889,0.176168,0.140185,0.158972,0.362786
2013-06-12,0.161390,0.175769,0.139766,0.159483,0.363591
2013-06-13,0.161324,0.175577,0.140165,0.159788,0.363146
2013-06-14,0.162420,0.176379,0.142390,0.163508,0.355303
2013-06-17,0.162468,0.176386,0.141815,0.164937,0.354394
2013-06-18,0.162365,0.176274,0.141137,0.165916,0.354309
2013-06-19,0.162422,0.176340,0.140345,0.166463,0.354431
2013-06-20,0.164792,0.178443,0.145439,0.170410,0.340917
2013-06-21,0.158829,0.171226,0.151100,0.177152,0.341693
2013-06-24,0.160347,0.172751,0.152235,0.179964,0.334704
2013-06-25,0.160452,0.172894,0.153225,0.181444,0.331984
2013-06-26,0.161883,0.174675,0.150536,0.184311,0.328595
2013-06-27,0.162736,0.175550,0.150131,0.185572,0.326011
2013-06-28,0.162509,0.175162,0.151006,0.186944,0.324378
2013-07-01,0.162776,0.175412,0.150091,0.187297,0.324425
2013-07-02,0.162641,0.175269,0.150130,0.187415,0.324545
2013-07-03,0.162570,0.175188,0.150325,0.187548,0.324369
2013-07-05,0.163926,0.176646,0.147642,0.192407,0.319379
2013-07-08,0.167876,0.180276,0.147260,0.195217,0.309372
2013-07-09,0.169016,0.181273,0.148805,0.197425,0.303481
2013-07-10,0.168594,0.180761,0.149052,0.197944,0.303648
2013-07-11,0.168695,0.180801,0.149106,0.198518,0.302881
2013-07-12,0.166813,0.178084,0.152768,0.203053,0.299282
2013-07-15,0.167105,0.178366,0.152654,0.202895,0.298980
2013-07-16,0.167198,0.178416,0.153038,0.202803,0.298546
2013-07-17,0.167241,0.178454,0.153032,0.202616,0.298657
2013-07-18,0.168441,0.179721,0.153509,0.200776,0.297553
2013-07-19,0.168573,0.179877,0.153179,0.200629,0.297742
2013-07-22,0.168794,0.180029,0.152905,0.200528,0.297743
2013-07-23,0.168618,0.179764,0.153029,0.199704,0.298886
2013-07-24,0.168697,0.179842,0.153067,0.199711,0.298684
2013-07-25,0.168743,0.179628,0.153924,0.200885,0.296820
2013-07-26,0.169250,0.180096,0.153829,0.200528,0.296298
2013-07-29,0.169295,0.180117,0.153841,0.200453,0.296294
2013-07-30,0.169172,0.179964,0.154019,0.200545,0.296301
2013-07-31,0.169552,0.180261,0.153797,0.200140,0.296250
2013-08-01,0.169787,0.180346,0.154303,0.199908,0.295657
2013-08-02,0.171309,0.181944,0.153905,0.199354,0.293489
2013-08-05,0.171627,0.182200,0.154670,0.200681,0.290822
2013-08-06,0.171792,0.182390,0.154668,0.200688,0.290462
2013-08-07,0.171581,0.182139,0.154709,0.201214,0.290357
2013-08-08,0.171862,0.182371,0.154983,0.201977,0.288806
2013-08-09,0.171504,0.181854,0.155112,0.202383,0.289146
2013-08-12,0.171353,0.181698,0.155418,0.201850,0.289681
2013-08-13,0.171264,0.181581,0.155254,0.202079,0.289822
2013-08-14,0.171703,0.181968,0.155536,0.201663,0.289130
2013-08-15,0.171836,0.182111,0.155165,0.201447,0.289441
2013-08-16,0.172674,0.183025,0.153157,0.202283,0.288860
2013-08-19,0.172619,0.183001,0.153374,0.202613,0.288394
2013-08-20,0.172161,0.182447,0.154022,0.203055,0.288315
2013-08-21,0.172383,0.182598,0.154600,0.204137,0.286282
2013-08-22,0.172201,0.182300,0.155104,0.204970,0.285425
2013-08-23,0.171870,0.181887,0.155163,0.205541,0.285539
2013-08-26,0.171504,0.181249,0.155635,0.206151,0.285461
2013-08-27,0.171554,0.181446,0.155230,0.205575,0.286195
2013-08-28,0.172972,0.183005,0.152812,0.202317,0.288894
2013-08-29,0.173051,0.183069,0.152775,0.202090,0.289015
2013-08-30,0.173179,0.183205,0.152590,0.202172,0.288854
2013-09-03,0.173020,0.182998,0.152585,0.202410,0.288986
2013-09-04,0.173359,0.183375,0.152245,0.202604,0.288417
2013-09-05,0.174269,0.184324,0.151990,0.199773,0.289643
2013-09-06,0.175515,0.185815,0.151326,0.199037,0.288306
2013-09-09,0.175313,0.185440,0.151689,0.199957,0.287601
2013-09-10,0.175633,0.185739,0.152216,0.197719,0.288693
2013-09-11,0.176218,0.186222,0.152127,0.196578,0.288855
2013-09-12,0.176657,0.186659,0.152314,0.196498,0.287871
2013-09-13,0.176368,0.186218,0.152494,0.196740,0.288180
2013-09-16,0.176329,0.186132,0.152579,0.196755,0.288205
2013-09-17,0.176782,0.186619,0.153147,0.195018,0.288434
2013-09-18,0.177973,0.187911,0.152421,0.193748,0.287948
2013-09-19,0.174336,0.183121,0.156668,0.199524,0.286351
2013-09-20,0.174347,0.183088,0.157169,0.199513,0.285882
2013-09-23,0.173624,0.182233,0.157475,0.200129,0.286538
2013-09-24,0.173671,0.182283,0.157320,0.200203,0.286523
2013-09-25,0.173795,0.182393,0.157280,0.199977,0.286555
2013-09-26,0.173877,0.182481,0.157121,0.199841,0.286680
2013-09-27,0.173997,0.182599,0.156938,0.199684,0.286782
2013-09-30,0.174191,0.182745,0.156809,0.199542,0.286713
2013-10-01,0.174101,0.182626,0.156979,0.199459,0.286834
2013-10-02,0.174911,0.183439,0.155403,0.198744,0.287502
2013-10-03,0.174969,0.183431,0.155016,0.198958,0.287627
2013-10-04,0.174976,0.183435,0.154082,0.199607,0.287899
2013-10-07,0.175040,0.183502,0.153589,0.199770,0.288099
2013-10-08,0.175489,0.183975,0.151997,0.199694,0.288845
2013-10-09,0.175659,0.184054,0.150584,0.200320,0.289383
2013-10-10,0.175630,0.184054,0.150450,0.200165,0.289701
2013-10-11,0.175500,0.183884,0.147763,0.201676,0.291177
2013-10-14,0.175924,0.184332,0.147042,0.201061,0.291642
2013-10-15,0.176015,0.184429,0.146734,0.201118,0.291705
2013-10-16,0.176050,0.184484,0.146290,0.201095,0.292081
2013-10-17,0.175896,0.184215,0.146762,0.201848,0.291280
2013-10-18,0.175412,0.183457,0.147322,0.202661,0.291148
2013-10-21,0.175449,0.183415,0.146956,0.203144,0.291036
2013-10-22,0.175268,0.183236,0.147156,0.203125,0.291216
2013-10-23,0.175062,0.182861,0.147468,0.204082,0.290528
2013-10-24,0.175316,0.182873,0.147609,0.204128,0.290074
2013-10-25,0.175283,0.182842,0.147597,0.204030,0.290248
2013-10-28,0.175354,0.182724,0.147812,0.204554,0.289556
2013-10-29,0.175376,0.182771,0.147808,0.204436,0.289609
2013-10-30,0.175341,0.182727,0.147971,0.204332,0.289628
2013-10-31,0.175028,0.182432,0.147934,0.205217,0.289390
2013-11-01,0.175003,0.182321,0.148207,0.204261,0.290208
2013-11-04,0.175038,0.182300,0.148576,0.204551,0.289535
2013-11-05,0.175556,0.182755,0.148317,0.204394,0.288978
2013-11-06,0.175511,0.182666,0.148474,0.204437,0.288912
2013-11-07,0.175362,0.182423,0.148668,0.205305,0.288242
2013-11-08,0.175431,0.182217,0.146932,0.206882,0.288538
2013-11-11,0.176662,0.183408,0.142824,0.208840,0.288266
2013-11-12,0.176660,0.183407,0.142922,0.208827,0.288185
2013-11-13,0.176582,0.183293,0.142979,0.208919,0.288227
2013-11-14,0.176632,0.183309,0.143146,0.209325,0.287588
2013-11-15,0.176616,0.183146,0.143143,0.210170,0.286925
2013-11-18,0.176609,0.183124,0.143121,0.210156,0.286990
2013-11-19,0.176675,0.183180,0.142642,0.210272,0.287230
2013-11-20,0.177560,0.183753,0.142083,0.209824,0.286780
2013-11-21,0.177169,0.183218,0.142097,0.210505,0.287012
2013-11-22,0.177117,0.183120,0.142074,0.210475,0.287214
2013-11-25,0.177550,0.183445,0.141952,0.210354,0.286700
2013-11-26,0.177601,0.183503,0.141957,0.210188,0.286752
2013-11-27,0.177565,0.183449,0.141937,0.210363,0.286685
2013-11-29,0.177575,0.183459,0.141855,0.210357,0.286752
2013-12-02,0.177751,0.183600,0.141762,0.209990,0.286897
2013-12-03,0.177376,0.183016,0.142245,0.210007,0.287356
2013-12-04,0.177425,0.183066,0.142114,0.209943,0.287453
2013-12-05,0.177670,0.183309,0.142282,0.209562,0.287177
2013-12-06,0.177609,0.183222,0.142396,0.209579,0.287195
2013-12-09,0.177422,0.182979,0.142570,0.209680,0.287350
2013-12-10,0.177369,0.182917,0.142615,0.209678,0.287422
2013-12-11,0.177658,0.183178,0.142513,0.208907,0.287745
2013-12-12,0.177138,0.182522,0.142892,0.209614,0.287835
2013-12-13,0.176947,0.182243,0.143138,0.209474,0.288197
2013-12-16,0.177131,0.182392,0.142950,0.209230,0.288297
2013-12-17,0.177049,0.182296,0.142961,0.209162,0.288532
2013-12-18,0.177017,0.182244,0.142907,0.209403,0.288429
2013-12-19,0.177040,0.182257,0.142778,0.208725,0.289200
2013-12-20,0.176899,0.182013,0.143113,0.208440,0.289534
2013-12-23,0.176640,0.181653,0.143365,0.208664,0.289678
2013-12-24,0.176746,0.181742,0.143187,0.208441,0.289883
2013-12-26,0.176787,0.181784,0.143186,0.208471,0.289773
2013-12-27,0.176730,0.181728,0.143161,0.208422,0.289959
2013-12-30,0.176734,0.181725,0.143141,0.208311,0.290089
2013-12-31,0.176821,0.181787,0.143157,0.208241,0.289995
2014-01-02,0.176967,0.181802,0.143078,0.208697,0.289456
2014-01-03,0.177996,0.182548,0.142725,0.207307,0.289423
2014-01-06,0.178255,0.182854,0.142349,0.206800,0.289742
2014-01-07,0.178332,0.182937,0.142282,0.206841,0.289608
2014-01-08,0.178369,0.182968,0.142281,0.206757,0.289626
2014-01-09,0.178404,0.182982,0.142491,0.206922,0.289201
2014-01-10,0.178454,0.183030,0.142469,0.206883,0.289164
2014-01-13,0.178339,0.182681,0.142990,0.207908,0.288081
2014-01-14,0.178595,0.182941,0.142552,0.207102,0.288810
2014-01-15,0.178940,0.183287,0.142233,0.206170,0.289371
2014-01-16,0.178968,0.183318,0.142283,0.205929,0.289503
2014-01-17,0.179008,0.183358,0.142292,0.205940,0.289402
2014-01-21,0.179087,0.183409,0.142213,0.205806,0.289485
2014-01-22,0.179141,0.183485,0.142151,0.205523,0.289700
2014-01-23,0.179242,0.183586,0.142190,0.205452,0.289530
2014-01-24,0.179850,0.184199,0.141863,0.204181,0.289907
2014-01-27,0.180422,0.184720,0.140806,0.201943,0.292109
2014-01-28,0.180077,0.184314,0.140929,0.202160,0.292520
2014-01-29,0.180058,0.184293,0.141032,0.202072,0.292545
2014-01-30,0.180603,0.184833,0.140477,0.200856,0.293231
2014-01-31,0.180794,0.185035,0.140320,0.200151,0.293699
2014-02-03,0.180901,0.185134,0.139815,0.200537,0.293613
2014-02-04,0.181101,0.185180,0.140336,0.199008,0.294375
2014-02-05,0.180888,0.184873,0.141037,0.199120,0.294082
2014-02-06,0.180874,0.184847,0.141159,0.199408,0.293711
2014-02-07,0.180788,0.184700,0.141406,0.198988,0.294118
2014-02-10,0.180642,0.184431,0.141798,0.199448,0.293681
2014-02-11,0.180758,0.184545,0.141760,0.199320,0.293617
2014-02-12,0.180894,0.184592,0.142022,0.198325,0.294167
2014-02-13,0.180947,0.184643,0.142075,0.198310,0.294025
2014-02-14,0.180806,0.184438,0.142397,0.198781,0.293578
2014-02-18,0.180490,0.184020,0.142547,0.199056,0.293887
2014-02-19,0.180479,0.183940,0.142630,0.199191,0.293760
2014-02-20,0.180301,0.183675,0.142834,0.199415,0.293774
2014-02-21,0.180563,0.183767,0.142705,0.199912,0.293053
2014-02-24,0.180465,0.183635,0.142853,0.200352,0.292694
2014-02-25,0.180558,0.183678,0.142870,0.200162,0.292733
2014-02-26,0.179679,0.182707,0.143905,0.202437,0.291273
2014-02-27,0.179855,0.182847,0.144011,0.202200,0.291087
2014-02-28,0.179825,0.182785,0.144161,0.202227,0.291002
2014-03-03,0.179865,0.182808,0.144216,0.202148,0.290964
2014-03-04,0.179976,0.182931,0.144012,0.202436,0.290646
2014-03-05,0.180174,0.183115,0.144072,0.202241,0.290398
2014-03-06,0.180277,0.183174,0.143951,0.202438,0.290160
2014-03-07,0.180444,0.183345,0.143711,0.202198,0.290303
2014-03-10,0.180213,0.183055,0.143987,0.202848,0.289898
2014-03-11,0.180032,0.182866,0.143916,0.203161,0.290025
2014-03-12,0.180024,0.182849,0.143901,0.203178,0.290049
2014-03-13,0.179934,0.182734,0.144135,0.203283,0.289914
2014-03-14,0.180024,0.182775,0.144254,0.202892,0.290055
2014-03-17,0.180101,0.182831,0.144068,0.202797,0.290203
2014-03-18,0.180126,0.182862,0.143905,0.202886,0.290221
2014-03-19,0.180075,0.182774,0.143988,0.203191,0.289972
2014-03-20,0.179812,0.182396,0.144757,0.204327,0.288708
2014-03-21,0.179798,0.182373,0.144674,0.204483,0.288672
2014-03-24,0.179794,0.182355,0.144778,0.204449,0.288624
2014-03-25,0.179820,0.182358,0.144829,0.204253,0.288739
2014-03-26,0.179799,0.182320,0.144901,0.204174,0.288806
2014-03-27,0.179991,0.182473,0.144950,0.203748,0.288837
2014-03-28,0.179965,0.182459,0.144906,0.203699,0.288971
2014-03-31,0.179945,0.182439,0.145014,0.203763,0.288838
2014-04-01,0.179811,0.182244,0.144904,0.204280,0.288761
2014-04-02,0.179848,0.182266,0.145319,0.203776,0.288791
2014-04-03,0.180122,0.182458,0.145322,0.203573,0.288525
2014-04-04,0.180149,0.182516,0.145361,0.203381,0.288593
2014-04-07,0.180400,0.182810,0.145716,0.202455,0.288619
2014-04-08,0.180461,0.182848,0.145904,0.201932,0.288854
2014-04-09,0.180387,0.182673,0.146135,0.202222,0.288583
2014-04-10,0.180078,0.182294,0.147185,0.202200,0.288242
2014-04-11,0.180091,0.182184,0.147112,0.201852,0.288760
2014-04-14,0.179604,0.181492,0.148618,0.202293,0.287993
2014-04-15,0.183035,0.183364,0.150000,0.200984,0.282617
2014-04-16,0.183629,0.183714,0.149562,0.200908,0.282187
2014-04-17,0.183967,0.183806,0.149576,0.200792,0.281858
2014-04-21,0.184004,0.183859,0.149913,0.200922,0.281302
2014-04-22,0.184206,0.183999,0.149867,0.200795,0.281133
2014-04-23,0.184275,0.184026,0.149893,0.200695,0.281111
2014-04-24,0.184128,0.183857,0.150792,0.200432,0.280791
2014-04-25,0.184198,0.183876,0.150826,0.200379,0.280719
2014-04-28,0.184148,0.183645,0.151427,0.200564,0.280215
2014-04-29,0.184098,0.183575,0.151377,0.200743,0.280207
2014-04-30,0.184398,0.183755,0.151268,0.200608,0.279970
2014-05-01,0.184466,0.183812,0.151396,0.200502,0.279825
2014-05-02,0.184760,0.184000,0.151197,0.200619,0.279425
2014-05-05,0.184943,0.184111,0.151099,0.200419,0.279428
2014-05-06,0.184857,0.184006,0.150925,0.200241,0.279971
2014-05-07,0.184837,0.183949,0.150960,0.200209,0.280044
2014-05-08,0.184905,0.184020,0.150962,0.199935,0.280178
2014-05-09,0.185012,0.184097,0.150874,0.199769,0.280248
2014-05-12,0.185167,0.184231,0.150796,0.199620,0.280187
2014-05-13,0.184989,0.183916,0.150612,0.199173,0.281310
2014-05-14,0.185101,0.184036,0.150577,0.199084,0.281202
2014-05-15,0.185002,0.183965,0.150738,0.199356,0.280939
2014-05-16,0.184626,0.183546,0.150949,0.200308,0.280572
2014-05-19,0.184522,0.183443,0.150875,0.200140,0.281019
2014-05-20,0.184296,0.183251,0.150919,0.200535,0.280999
2014-05-21,0.184172,0.183097,0.150949,0.201335,0.280446
2014-05-22,0.183894,0.182806,0.151084,0.202061,0.280155
2014-05-23,0.184300,0.183164,0.150688,0.201055,0.280793
2014-05-27,0.183829,0.182665,0.151210,0.202253,0.280042
2014-05-28,0.184117,0.182926,0.150870,0.201870,0.280217
2014-05-29,0.183683,0.182606,0.150447,0.201291,0.281973
2014-05-30,0.183573,0.182428,0.150760,0.201661,0.281577
2014-06-02,0.183715,0.182539,0.150824,0.201129,0.281792
2014-06-03,0.184653,0.183256,0.150325,0.200035,0.281731
2014-06-04,0.185201,0.183750,0.150258,0.199590,0.281201
2014-06-05,0.185479,0.184025,0.150089,0.199301,0.281106
2014-06-06,0.185280,0.183500,0.151595,0.199036,0.280589
2014-06-09,0.185446,0.183551,0.151519,0.198643,0.280840
2014-06-10,0.184924,0.183152,0.153108,0.198521,0.280294
2014-06-11,0.184892,0.183130,0.152931,0.198604,0.280443
2014-06-12,0.185234,0.183240,0.153393,0.198167,0.279966
2014-06-13,0.185747,0.183765,0.153646,0.196459,0.280383
2014-06-16,0.186291,0.184138,0.152598,0.195123,0.281850
2014-06-17,0.186259,0.184098,0.152782,0.195060,0.281801
2014-06-18,0.186281,0.184111,0.153150,0.195053,0.281404
2014-06-19,0.186125,0.183911,0.153990,0.195255,0.280719
2014-06-20,0.188601,0.186000,0.152191,0.185018,0.288190
2014-06-23,0.197501,0.192829,0.147107,0.178765,0.283798
2014-06-24,0.196402,0.191829,0.146507,0.178042,0.287220
2014-06-25,0.197184,0.192175,0.145797,0.176774,0.288070
2014-06-26,0.197101,0.191852,0.146629,0.176398,0.288019
2014-06-27,0.196405,0.191171,0.146973,0.176398,0.289053
2014-06-30,0.196556,0.191232,0.146443,0.176166,0.289603
2014-07-01,0.196228,0.190925,0.147129,0.176117,0.289601
2014-07-02,0.196547,0.191150,0.146988,0.175718,0.289597
2014-07-03,0.196701,0.191295,0.147062,0.175753,0.289188
2014-07-07,0.196649,0.191250,0.146938,0.176119,0.289045
2014-07-08,0.193694,0.188671,0.147372,0.173715,0.296548
2014-07-09,0.193250,0.188181,0.146190,0.171930,0.300449
2014-07-10,0.193580,0.188415,0.146036,0.171835,0.300134
2014-07-11,0.193535,0.188389,0.146268,0.171650,0.300157
2014-07-14,0.197319,0.191310,0.142135,0.166960,0.302276
2014-07-15,0.197447,0.191429,0.142142,0.166688,0.302294
2014-07-16,0.197316,0.191203,0.142000,0.166939,0.302541
2014-07-17,0.197225,0.191097,0.142136,0.167088,0.302453
2014-07-18,0.196697,0.190592,0.141813,0.167131,0.303767
2014-07-21,0.196543,0.190432,0.142142,0.167164,0.303718
2014-07-22,0.196397,0.190333,0.142363,0.167122,0.303785
2014-07-23,0.196808,0.190649,0.142170,0.167518,0.302855
2014-07-24,0.196724,0.190568,0.142180,0.167503,0.303025
2014-07-25,0.197177,0.190881,0.141310,0.165965,0.304667
2014-07-28,0.197363,0.191036,0.141409,0.165696,0.304497
2014-07-29,0.197397,0.191064,0.141430,0.165757,0.304351
2014-07-30,0.197718,0.191321,0.141220,0.165537,0.304203
2014-07-31,0.197982,0.191649,0.141535,0.166148,0.302687
2014-08-01,0.196769,0.190204,0.142451,0.167171,0.303405
2014-08-04,0.195069,0.188651,0.142741,0.167251,0.306289
2014-08-05,0.194421,0.188042,0.142036,0.166561,0.308940
2014-08-06,0.194045,0.187643,0.141914,0.166785,0.309613
2014-08-07,0.194514,0.188004,0.141587,0.166395,0.309500
2014-08-08,0.194663,0.188119,0.141722,0.166471,0.309026
2014-08-11,0.195374,0.188765,0.141242,0.166028,0.308591
2014-08-12,0.195185,0.188584,0.141285,0.166489,0.308457
2014-08-13,0.195261,0.188610,0.141482,0.166401,0.308245
2014-08-14,0.194765,0.188200,0.141130,0.166669,0.309237
2014-08-15,0.194619,0.188069,0.141428,0.166781,0.309103
2014-08-18,0.193929,0.187297,0.143192,0.165841,0.309741
2014-08-19,0.193903,0.187243,0.142696,0.165736,0.310420
2014-08-20,0.194190,0.187436,0.141878,0.164797,0.311699
2014-08-21,0.193902,0.187122,0.141349,0.164049,0.313579
2014-08-22,0.194190,0.187334,0.140487,0.163055,0.314934
2014-08-25,0.194746,0.187788,0.140274,0.162688,0.314504
2014-08-26,0.195622,0.188595,0.139499,0.161732,0.314552
2014-08-27,0.195491,0.188472,0.139628,0.161824,0.314585
2014-08-28,0.194389,0.187238,0.142538,0.163906,0.311929
2014-08-29,0.194317,0.187191,0.142485,0.164132,0.311875
2014-09-02,0.194076,0.186954,0.142716,0.164159,0.312095
2014-09-03,0.194366,0.187125,0.143101,0.164451,0.310957
2014-09-04,0.193746,0.186493,0.143338,0.164036,0.312387
2014-09-05,0.192836,0.185641,0.144247,0.166534,0.310741
2014-09-08,0.191806,0.184672,0.143579,0.165782,0.314162
2014-09-09,0.191915,0.184739,0.143204,0.164949,0.315192
2014-09-10,0.191856,0.184528,0.143153,0.167330,0.313133
2014-09-11,0.190927,0.183690,0.143728,0.169788,0.311868
2014-09-12,0.190770,0.183537,0.143714,0.169440,0.312539
2014-09-15,0.191096,0.183828,0.143757,0.169839,0.311479
2014-09-16,0.191172,0.183891,0.143673,0.169873,0.311391
2014-09-17,0.190369,0.183095,0.143311,0.171889,0.311336
2014-09-18,0.190191,0.182926,0.143352,0.172025,0.311507
2014-09-19,0.196523,0.187910,0.136915,0.163651,0.315001
2014-09-22,0.197016,0.188330,0.136459,0.162406,0.315790
2014-09-23,0.198543,0.189442,0.135872,0.161692,0.314451
2014-09-24,0.198385,0.189288,0.136096,0.161647,0.314583
2014-09-25,0.198293,0.189191,0.136158,0.161804,0.314553
2014-09-26,0.197766,0.188598,0.136525,0.162098,0.315013
2014-09-29,0.197577,0.188384,0.136854,0.162271,0.314915
2014-09-30,0.197580,0.188372,0.136937,0.162425,0.314686
2014-10-01,0.197843,0.188414,0.136667,0.161978,0.315098
2014-10-02,0.198252,0.188786,0.139319,0.159853,0.313789
2014-10-03,0.198245,0.188833,0.139778,0.160128,0.313017
2014-10-06,0.198543,0.189044,0.140111,0.159831,0.312470
2014-10-07,0.198274,0.188760,0.140347,0.160007,0.312612
2014-10-08,0.198017,0.188435,0.142989,0.158014,0.312545
2014-10-09,0.197182,0.187563,0.146741,0.158577,0.309936
2014-10-10,0.196446,0.186809,0.148526,0.159493,0.308726
2014-10-13,0.196996,0.186799,0.154031,0.156387,0.305787
2014-10-14,0.196694,0.186475,0.155429,0.156105,0.305298
2014-10-15,0.196454,0.186285,0.155764,0.156243,0.305254
2014-10-16,0.196660,0.186434,0.156456,0.155663,0.304787
2014-10-17,0.197540,0.186988,0.155052,0.154401,0.306019
2014-10-20,0.199000,0.188310,0.153992,0.152116,0.306582
2014-10-21,0.198666,0.187924,0.155692,0.152111,0.305607
2014-10-22,0.198497,0.187668,0.156376,0.151357,0.306103
2014-10-23,0.198819,0.187934,0.155572,0.150533,0.307141
2014-10-24,0.199279,0.188236,0.155540,0.150150,0.306795
2014-10-27,0.199257,0.188210,0.155753,0.150185,0.306594
2014-10-28,0.199382,0.188308,0.155643,0.149983,0.306683
2014-10-29,0.199257,0.188049,0.155874,0.149159,0.307661
2014-10-30,0.199235,0.188102,0.156070,0.149455,0.307139
2014-10-31,0.199459,0.188244,0.154902,0.149547,0.307847
2014-11-03,0.200025,0.188779,0.154026,0.150055,0.307116
2014-11-04,0.199717,0.188468,0.153711,0.149792,0.308312
2014-11-05,0.199754,0.188427,0.153687,0.149885,0.308248
2014-11-06,0.200445,0.189026,0.153264,0.147194,0.310071
2014-11-07,0.200411,0.189014,0.152960,0.147102,0.310513
2014-11-10,0.200435,0.189120,0.157521,0.144782,0.308142
2014-11-11,0.196994,0.185978,0.169001,0.140191,0.307836
2014-11-12,0.197045,0.186001,0.168621,0.139994,0.308338
2014-11-13,0.197224,0.186168,0.168422,0.139909,0.308276
2014-11-14,0.197241,0.186070,0.167648,0.139470,0.309570
2014-11-17,0.198046,0.186737,0.166549,0.136423,0.312244
2014-11-18,0.198027,0.186701,0.166762,0.136494,0.312017
2014-11-19,0.197618,0.186325,0.168204,0.136308,0.311546
2014-11-20,0.197384,0.186157,0.168324,0.136273,0.311862
2014-11-21,0.197994,0.186762,0.168523,0.135276,0.311444
2014-11-24,0.197566,0.186251,0.169579,0.135541,0.311063
2014-11-25,0.197703,0.186361,0.169230,0.135409,0.311297
2014-11-26,0.197710,0.186409,0.169356,0.135315,0.311210
2014-11-28,0.197706,0.186428,0.169275,0.135233,0.311358
2014-12-01,0.199196,0.187135,0.160802,0.134933,0.317933
2014-12-02,0.201078,0.188859,0.157148,0.134771,0.318143
2014-12-03,0.202625,0.190206,0.156020,0.134238,0.316910
2014-12-04,0.202506,0.190092,0.156302,0.134245,0.316856
2014-12-05,0.202230,0.189848,0.155903,0.134186,0.317833
2014-12-08,0.202716,0.190381,0.156325,0.134523,0.316055
2014-12-09,0.203721,0.191168,0.155510,0.133528,0.316074
2014-12-10,0.203446,0.190828,0.155669,0.133769,0.316288
2014-12-11,0.203010,0.190345,0.156406,0.133641,0.316598
2014-12-12,0.204631,0.191609,0.155243,0.132640,0.315878
2014-12-15,0.205454,0.192255,0.154349,0.131415,0.316527
2014-12-16,0.203874,0.190659,0.155563,0.132860,0.317044
2014-12-17,0.204262,0.190955,0.155506,0.132339,0.316939
2014-12-18,0.203484,0.190240,0.156343,0.132009,0.317924
2014-12-19,0.203277,0.189899,0.157473,0.131952,0.317398
2014-12-22,0.204295,0.190728,0.157401,0.132118,0.315458
2014-12-23,0.205681,0.191944,0.155415,0.131015,0.315945
2014-12-24,0.206428,0.192812,0.155385,0.130298,0.315078
2014-12-26,0.206306,0.192718,0.155227,0.130089,0.315661
2014-12-29,0.206062,0.192477,0.155381,0.130179,0.315901
2014-12-30,0.206555,0.192924,0.154513,0.130018,0.315990
2014-12-31,0.206534,0.192903,0.154345,0.130083,0.316135
2015-01-02,0.205675,0.192073,0.154921,0.130303,0.317028
2015-01-05,0.206000,0.192386,0.154064,0.130897,0.316654
2015-01-06,0.206350,0.192700,0.153312,0.130920,0.316718
2015-01-07,0.206398,0.192759,0.152647,0.130867,0.317329
2015-01-08,0.206086,0.192629,0.152964,0.131141,0.317180
2015-01-09,0.205962,0.192482,0.152586,0.130822,0.318147
2015-01-12,0.206051,0.192554,0.152754,0.130986,0.317655
2015-01-13,0.206987,0.193262,0.150796,0.129307,0.319649
2015-01-14,0.206651,0.192913,0.151968,0.129627,0.318840
2015-01-15,0.206352,0.192620,0.152974,0.129967,0.318088
2015-01-16,0.206342,0.192713,0.152674,0.130167,0.318104
2015-01-20,0.206656,0.192749,0.150260,0.130445,0.319890
2015-01-21,0.206503,0.192627,0.150419,0.130618,0.319833
2015-01-22,0.206734,0.192824,0.149413,0.130746,0.320284
2015-01-23,0.205890,0.192163,0.149656,0.130920,0.321370
2015-01-26,0.205468,0.191794,0.150079,0.131544,0.321116
2015-01-27,0.205605,0.191635,0.153475,0.132233,0.317051
2015-01-28,0.206717,0.192646,0.152301,0.131775,0.316561
2015-01-29,0.207435,0.193168,0.150551,0.131714,0.317132
2015-01-30,0.206579,0.192255,0.152262,0.132427,0.316477
2015-02-02,0.206601,0.192185,0.153209,0.133071,0.314934
2015-02-03,0.206296,0.191949,0.154128,0.133128,0.314498
2015-02-04,0.207740,0.193379,0.150362,0.133498,0.315021
2015-02-05,0.207740,0.193405,0.149978,0.134143,0.314735
2015-02-06,0.207605,0.193284,0.149159,0.134136,0.315816
2015-02-09,0.206208,0.192719,0.149920,0.136356,0.314797
2015-02-10,0.206921,0.193323,0.148864,0.135473,0.315419
2015-02-11,0.206929,0.193327,0.148828,0.135481,0.315435
2015-02-12,0.207031,0.193506,0.148425,0.136169,0.314869
2015-02-13,0.206246,0.192935,0.148699,0.136714,0.315405
2015-02-17,0.206897,0.193490,0.146900,0.135750,0.316963
2015-02-18,0.207232,0.193866,0.146970,0.136287,0.315645
2015-02-19,0.207821,0.194500,0.146427,0.135772,0.315480
2015-02-20,0.208216,0.194927,0.145978,0.135533,0.315346
2015-02-23,0.208290,0.195072,0.145886,0.135734,0.315017
2015-02-24,0.208500,0.195271,0.145417,0.135763,0.315049
2015-02-25,0.208989,0.195790,0.145815,0.136163,0.313243
2015-02-26,0.208789,0.195553,0.145731,0.136424,0.313502
2015-02-27,0.208856,0.195690,0.145695,0.136869,0.312891
2015-03-02,0.209044,0.195870,0.145700,0.136740,0.312646
2015-03-03,0.209302,0.196010,0.146376,0.136847,0.311466
2015-03-04,0.208852,0.195651,0.146864,0.136727,0.311906
2015-03-05,0.208199,0.195119,0.146876,0.136798,0.313009
2015-03-06,0.208195,0.195121,0.146875,0.136813,0.312996
2015-03-09,0.205394,0.193224,0.151460,0.141034,0.308887
2015-03-10,0.205983,0.193710,0.150426,0.140327,0.309554
2015-03-11,0.206089,0.194044,0.150528,0.139042,0.310296
2015-03-12,0.206079,0.194048,0.150643,0.139074,0.310156
2015-03-13,0.205901,0.194018,0.150587,0.139058,0.310436
2015-03-16,0.205975,0.194178,0.150930,0.139566,0.309351
2015-03-17,0.205607,0.193939,0.151743,0.140087,0.308625
2015-03-18,0.205475,0.193814,0.152032,0.139974,0.308705
2015-03-19,0.203324,0.192274,0.157397,0.144509,0.302496
2015-03-20,0.204189,0.192966,0.156665,0.143735,0.302443
2015-03-23,0.202658,0.191789,0.158555,0.145284,0.301715
2015-03-24,0.202645,0.191758,0.158420,0.145376,0.301801
2015-03-25,0.202749,0.191881,0.158338,0.145410,0.301623
2015-03-26,0.202406,0.191870,0.158785,0.146470,0.300469
2015-03-27,0.202435,0.192003,0.158069,0.147062,0.300430
2015-03-30,0.202536,0.192124,0.157647,0.147179,0.300514
2015-03-31,0.202463,0.192147,0.157821,0.147162,0.300407
2015-04-01,0.202466,0.192201,0.157851,0.147083,0.300399
2015-04-02,0.202132,0.191882,0.157769,0.147946,0.300272
2015-04-06,0.201967,0.191712,0.157667,0.148039,0.300616
2015-04-07,0.201615,0.191527,0.157741,0.148589,0.300528
2015-04-08,0.201311,0.191275,0.157632,0.148986,0.300795
2015-04-09,0.201414,0.191394,0.157307,0.149182,0.300703
2015-04-10,0.201670,0.191670,0.156680,0.148812,0.301168
2015-04-13,0.201767,0.191836,0.156427,0.148764,0.301206
2015-04-14,0.201945,0.192189,0.156622,0.148764,0.300480
2015-04-15,0.202028,0.192269,0.156744,0.148803,0.300156
2015-04-16,0.202379,0.192628,0.156322,0.148793,0.299878
2015-04-17,0.202310,0.192570,0.156502,0.148790,0.299827
2015-04-20,0.202348,0.192836,0.156613,0.148817,0.299385
2015-04-21,0.202165,0.192606,0.156372,0.148499,0.300357
2015-04-22,0.202181,0.192624,0.156463,0.148532,0.300200
2015-04-23,0.202286,0.192725,0.156404,0.148568,0.300018
2015-04-24,0.202147,0.192614,0.156551,0.148856,0.299832
2015-04-27,0.202411,0.192892,0.156533,0.149011,0.299152
2015-04-28,0.202721,0.193268,0.155865,0.149008,0.299138
2015-04-29,0.203067,0.193582,0.155446,0.149178,0.298726
2015-04-30,0.202583,0.193330,0.155306,0.149474,0.299307
2015-05-01,0.201633,0.192752,0.155625,0.149963,0.300027
2015-05-04,0.201940,0.193055,0.155355,0.149233,0.300416
2015-05-05,0.202131,0.193234,0.155318,0.148991,0.300326
2015-05-06,0.202192,0.193468,0.153299,0.149766,0.301275
2015-05-07,0.202281,0.193618,0.153689,0.150118,0.300294
2015-05-08,0.202609,0.193941,0.152815,0.149891,0.300742
2015-05-11,0.201898,0.193568,0.153913,0.151218,0.299404
2015-05-12,0.201714,0.193467,0.155751,0.152396,0.296673
2015-05-13,0.202025,0.193983,0.155071,0.152572,0.296349
2015-05-14,0.202013,0.193963,0.154689,0.152279,0.297055
2015-05-15,0.201260,0.193351,0.155238,0.152961,0.297191
2015-05-18,0.201304,0.193444,0.155804,0.152806,0.296642
2015-05-19,0.201537,0.193671,0.156142,0.152749,0.295900
2015-05-20,0.201420,0.193507,0.155946,0.153673,0.295454
2015-05-21,0.201474,0.193585,0.155932,0.153593,0.295416
2015-05-22,0.201639,0.193732,0.156339,0.153866,0.294424
2015-05-26,0.201620,0.193736,0.156454,0.154016,0.294174
2015-05-27,0.201688,0.193934,0.156936,0.152148,0.295294
2015-05-28,0.201699,0.194019,0.155854,0.152663,0.295765
2015-05-29,0.201560,0.193882,0.155633,0.152568,0.296358
2015-06-01,0.201810,0.194164,0.154416,0.152813,0.296797
2015-06-02,0.201792,0.194161,0.154519,0.153167,0.296361
2015-06-03,0.202084,0.194395,0.154078,0.152509,0.296934
2015-06-04,0.202150,0.194405,0.154411,0.153392,0.295641
2015-06-05,0.201984,0.194334,0.154516,0.153259,0.295907
2015-06-08,0.202484,0.194978,0.154503,0.153381,0.294653
2015-06-09,0.202568,0.195098,0.154367,0.153341,0.294626
2015-06-10,0.202739,0.195287,0.153702,0.153330,0.294942
2015-06-11,0.202338,0.195000,0.153850,0.153559,0.295254
2015-06-12,0.202709,0.195339,0.153768,0.153359,0.294825
2015-06-15,0.202425,0.195095,0.153724,0.154485,0.294270
2015-06-16,0.202390,0.195090,0.153725,0.154514,0.294280
2015-06-17,0.202520,0.195222,0.153947,0.154666,0.293645
2015-06-18,0.202362,0.195062,0.153884,0.154608,0.294083
2015-06-19,0.202225,0.195051,0.153378,0.154350,0.294996
2015-06-22,0.200767,0.193762,0.152755,0.160478,0.292238
2015-06-23,0.201015,0.193968,0.152932,0.160286,0.291799
2015-06-24,0.201126,0.194078,0.152867,0.159976,0.291953
2015-06-25,0.200984,0.193966,0.152864,0.159920,0.292267
2015-06-26,0.201016,0.194045,0.152848,0.159930,0.292161
2015-06-29,0.201094,0.194129,0.152787,0.160146,0.291844
2015-06-30,0.200939,0.194214,0.152309,0.160446,0.292092
2015-07-01,0.201191,0.194471,0.151753,0.160268,0.292317
2015-07-02,0.201449,0.194714,0.151737,0.159790,0.292310
2015-07-06,0.201352,0.194615,0.151733,0.160012,0.292289
2015-07-07,0.201486,0.194792,0.151619,0.159380,0.292723
2015-07-08,0.201542,0.194887,0.151573,0.159497,0.292502
2015-07-09,0.201699,0.195278,0.150922,0.158079,0.294021
2015-07-10,0.202130,0.195724,0.150614,0.157332,0.294200
2015-07-13,0.202756,0.196541,0.149638,0.155086,0.295979
2015-07-14,0.202866,0.196662,0.149385,0.154659,0.296429
2015-07-15,0.202802,0.196597,0.149370,0.154902,0.296330
2015-07-16,0.202967,0.196834,0.149174,0.154659,0.296366
2015-07-17,0.202906,0.196831,0.149237,0.154424,0.296602
2015-07-20,0.202721,0.196656,0.149117,0.155056,0.296450
2015-07-21,0.202601,0.196620,0.149341,0.155468,0.295970
2015-07-22,0.202663,0.196678,0.149242,0.155387,0.296030
2015-07-23,0.202764,0.196837,0.149248,0.155253,0.295898
2015-07-24,0.202843,0.196965,0.149174,0.154897,0.296122
2015-07-27,0.202856,0.197075,0.148629,0.154887,0.296553
2015-07-28,0.202679,0.196994,0.148597,0.154784,0.296946
2015-07-29,0.202681,0.197086,0.148579,0.154291,0.297363
2015-07-30,0.202678,0.197137,0.148705,0.154055,0.297426
2015-07-31,0.202434,0.196842,0.148535,0.153663,0.298525
2015-08-03,0.203358,0.198023,0.147865,0.152834,0.297919
2015-08-04,0.203273,0.197927,0.147869,0.152051,0.298880
2015-08-05,0.203459,0.198125,0.147997,0.151783,0.298636
2015-08-06,0.203805,0.198499,0.147815,0.151653,0.298228
2015-08-07,0.203910,0.198642,0.147095,0.151997,0.298356
2015-08-10,0.203892,0.198610,0.146697,0.151865,0.298937
2015-08-11,0.203759,0.198541,0.147247,0.151081,0.299373
2015-08-12,0.204181,0.198965,0.146179,0.150899,0.299777
2015-08-13,0.204260,0.199062,0.145978,0.150856,0.299844
2015-08-14,0.204268,0.199085,0.146063,0.150748,0.299838
2015-08-17,0.204290,0.199102,0.146057,0.150703,0.299848
2015-08-18,0.204023,0.198859,0.146027,0.150588,0.300503
2015-08-19,0.203667,0.198525,0.146444,0.150773,0.300591
2015-08-20,0.203964,0.198821,0.145247,0.151021,0.300947
2015-08-21,0.204661,0.199588,0.141593,0.151811,0.302348
2015-08-24,0.203964,0.199056,0.140522,0.152954,0.303505
2015-08-25,0.200143,0.195954,0.142369,0.156459,0.305075
2015-08-26,0.199999,0.195863,0.142442,0.156429,0.305267
2015-08-27,0.200809,0.196875,0.137441,0.157617,0.307258
2015-08-28,0.199750,0.195883,0.138664,0.159249,0.306453
2015-08-31,0.199742,0.195843,0.138707,0.159101,0.306607
2015-09-01,0.199803,0.195960,0.138595,0.158787,0.306854
2015-09-02,0.199157,0.194864,0.139002,0.159290,0.307687
2015-09-03,0.199035,0.194604,0.139304,0.159548,0.307509
2015-09-04,0.199123,0.194689,0.139141,0.159401,0.307647
2015-09-08,0.198900,0.194399,0.139207,0.159577,0.307917
2015-09-09,0.198498,0.193822,0.139534,0.159951,0.308195
2015-09-10,0.198402,0.193698,0.139461,0.159848,0.308592
2015-09-11,0.198392,0.193656,0.139460,0.159880,0.308611
2015-09-14,0.198384,0.193631,0.139509,0.159867,0.308609
2015-09-15,0.198764,0.194003,0.139219,0.159455,0.308558
2015-09-16,0.198877,0.194133,0.139290,0.159543,0.308157
2015-09-17,0.198516,0.193744,0.139132,0.159828,0.308780
2015-09-18,0.198401,0.193735,0.139570,0.160336,0.307959
2015-09-21,0.198348,0.193626,0.139658,0.160500,0.307869
2015-09-22,0.198050,0.193373,0.139859,0.161106,0.307612
2015-09-23,0.197888,0.193254,0.139782,0.161335,0.307741
2015-09-24,0.197930,0.193289,0.139822,0.161388,0.307571
2015-09-25,0.197931,0.193312,0.139824,0.161206,0.307726
2015-09-28,0.198169,0.193630,0.139870,0.161256,0.307076
2015-09-29,0.197649,0.193086,0.140168,0.162334,0.306763
2015-09-30,0.197650,0.193083,0.140226,0.162357,0.306684
2015-10-01,0.197545,0.192934,0.140788,0.163156,0.305576
2015-10-02,0.197007,0.192397,0.140402,0.164603,0.305591
2015-10-05,0.195519,0.190946,0.141394,0.165866,0.306275
2015-10-06,0.195783,0.191149,0.141217,0.164421,0.307430
2015-10-07,0.196046,0.191440,0.141644,0.164498,0.306371
2015-10-08,0.195677,0.191139,0.141170,0.165815,0.306199
2015-10-09,0.196269,0.191746,0.140351,0.164621,0.307012
2015-10-12,0.196606,0.192227,0.139423,0.164242,0.307502
2015-10-13,0.196545,0.192225,0.139004,0.164912,0.307313
2015-10-14,0.196419,0.192070,0.138953,0.165189,0.307369
2015-10-15,0.196460,0.192132,0.139257,0.164859,0.307293
2015-10-16,0.196276,0.191891,0.139164,0.164688,0.307981
2015-10-19,0.196245,0.191856,0.139322,0.164680,0.307898
2015-10-20,0.196143,0.191763,0.139169,0.165282,0.307643
2015-10-21,0.196314,0.191946,0.138886,0.164946,0.307908
2015-10-22,0.196435,0.192149,0.138419,0.164963,0.308033
2015-10-23,0.196238,0.191935,0.138557,0.165122,0.308149
2015-10-26,0.196384,0.192109,0.138557,0.164659,0.308292
2015-10-27,0.196396,0.192122,0.138546,0.164486,0.308449
2015-10-28,0.196436,0.192158,0.138459,0.164410,0.308538
2015-10-29,0.196734,0.192537,0.138114,0.164211,0.308405
2015-10-30,0.196336,0.192148,0.138659,0.164581,0.308276
2015-11-02,0.196348,0.192159,0.139240,0.164227,0.308026
2015-11-03,0.196439,0.192245,0.139604,0.163373,0.308340
2015-11-04,0.196544,0.192357,0.139259,0.163374,0.308467
2015-11-05,0.196435,0.192295,0.139366,0.163526,0.308377
2015-11-06,0.196139,0.192005,0.139284,0.165376,0.307196
2015-11-09,0.195808,0.191780,0.140136,0.165973,0.306302
2015-11-10,0.195334,0.191232,0.139812,0.167403,0.306220
2015-11-11,0.194967,0.190847,0.139344,0.169001,0.305840
2015-11-12,0.194941,0.190837,0.139436,0.169277,0.305510
2015-11-13,0.194976,0.190844,0.139547,0.169103,0.305531
2015-11-16,0.195026,0.190889,0.139805,0.168431,0.305850
2015-11-17,0.194434,0.190333,0.139991,0.170861,0.304381
2015-11-18,0.194473,0.190377,0.139876,0.170864,0.304410
2015-11-19,0.194441,0.190300,0.140033,0.170586,0.304639
2015-11-20,0.194642,0.190482,0.139875,0.170429,0.304572
2015-11-23,0.194710,0.190556,0.139732,0.170353,0.304650
2015-11-24,0.195065,0.190972,0.139411,0.169904,0.304648
2015-11-25,0.195062,0.190957,0.139393,0.170062,0.304527
2015-11-27,0.195015,0.190892,0.139294,0.170233,0.304566
2015-11-30,0.195043,0.190906,0.138974,0.170386,0.304691
2015-12-01,0.194156,0.190543,0.141786,0.172236,0.301280
2015-12-02,0.193021,0.189457,0.143981,0.174006,0.299534
2015-12-03,0.192502,0.188944,0.144489,0.174430,0.299634
2015-12-04,0.193326,0.189760,0.144512,0.172828,0.299575
2015-12-07,0.192203,0.188681,0.145050,0.173730,0.300336
2015-12-08,0.192239,0.188652,0.144374,0.173061,0.301674
2015-12-09,0.192024,0.188455,0.144610,0.174179,0.300732
2015-12-10,0.192221,0.188719,0.144412,0.173920,0.300728
2015-12-11,0.192156,0.188756,0.144294,0.174809,0.299985
2015-12-14,0.192217,0.188762,0.144135,0.175029,0.299857
2015-12-15,0.192195,0.188844,0.144761,0.177185,0.297016
2015-12-16,0.192944,0.189824,0.144504,0.176799,0.295930
2015-12-17,0.192222,0.189117,0.144670,0.177758,0.296233
2015-12-18,0.192476,0.189450,0.144002,0.177716,0.296357
2015-12-21,0.192787,0.189793,0.143782,0.177466,0.296172
2015-12-22,0.192566,0.189643,0.143474,0.177193,0.297124
2015-12-23,0.192136,0.189217,0.144071,0.178479,0.296098
2015-12-24,0.191308,0.188307,0.144178,0.180443,0.295763
2015-12-28,0.191217,0.188212,0.144246,0.180721,0.295604
2015-12-29,0.191475,0.188503,0.144069,0.180395,0.295559
2015-12-30,0.191198,0.188210,0.144347,0.180800,0.295444
2015-12-31,0.191077,0.188070,0.144445,0.180850,0.295557
2016-01-04,0.191244,0.188308,0.144187,0.181142,0.295119
2016-01-05,0.190993,0.188041,0.145415,0.180228,0.295323
2016-01-06,0.190756,0.187833,0.145819,0.180332,0.295259
2016-01-07,0.191061,0.188125,0.146149,0.179226,0.295439
2016-01-08,0.191453,0.188442,0.146690,0.177293,0.296122
2016-01-11,0.191377,0.188392,0.146735,0.176746,0.296749
2016-01-12,0.191483,0.188482,0.146803,0.176276,0.296956
2016-01-13,0.191446,0.188437,0.146931,0.176720,0.296467
2016-01-14,0.192110,0.189034,0.147673,0.174232,0.296951
2016-01-15,0.192367,0.189278,0.148033,0.173187,0.297136
2016-01-19,0.192711,0.189558,0.148764,0.171659,0.297307
2016-01-20,0.192639,0.189673,0.149970,0.171410,0.296308
2016-01-21,0.192996,0.190031,0.150347,0.169754,0.296872
2016-01-22,0.193020,0.190064,0.150722,0.169498,0.296696
2016-01-25,0.193335,0.190318,0.152003,0.168730,0.295614
2016-01-26,0.193198,0.190133,0.152739,0.168573,0.295357
2016-01-27,0.192519,0.189494,0.153530,0.169300,0.295157
2016-01-28,0.192517,0.189504,0.153314,0.168930,0.295735
2016-01-29,0.192289,0.189289,0.154450,0.169220,0.294753
2016-02-01,0.191262,0.188386,0.155809,0.170056,0.294487
2016-02-02,0.191216,0.188370,0.155812,0.170090,0.294512
2016-02-03,0.191814,0.188850,0.154198,0.168997,0.296140
2016-02-04,0.190998,0.188015,0.155680,0.170073,0.295233
2016-02-05,0.190818,0.187863,0.155929,0.170111,0.295279
2016-02-08,0.191206,0.188132,0.156364,0.169726,0.294572
2016-02-09,0.192655,0.189506,0.154615,0.167425,0.295799
2016-02-10,0.192489,0.189309,0.154754,0.167606,0.295842
2016-02-11,0.192465,0.189289,0.154745,0.167642,0.295858
2016-02-12,0.192842,0.189684,0.154343,0.166559,0.296572
2016-02-16,0.193763,0.190474,0.152590,0.165777,0.297396
2016-02-17,0.194176,0.190905,0.152401,0.164594,0.297924
2016-02-18,0.194235,0.190885,0.152245,0.164703,0.297931
2016-02-19,0.194051,0.190748,0.151824,0.164992,0.298386
2016-02-22,0.194061,0.190763,0.151897,0.164921,0.298357
2016-02-23,0.194398,0.191008,0.151773,0.164853,0.297968
2016-02-24,0.194463,0.191039,0.151683,0.164688,0.298127
2016-02-25,0.194320,0.190874,0.151427,0.164686,0.298694
2016-02-26,0.194222,0.190817,0.151769,0.164923,0.298269
2016-02-29,0.194018,0.190662,0.151694,0.164725,0.298901
2016-03-01,0.194163,0.190795,0.151910,0.164528,0.298603
2016-03-02,0.194072,0.190641,0.150743,0.165082,0.299461
2016-03-03,0.194077,0.190611,0.150774,0.165119,0.299419
2016-03-04,0.193808,0.190294,0.151005,0.165320,0.299572
2016-03-07,0.193836,0.190289,0.150646,0.165405,0.299824
2016-03-08,0.194803,0.191249,0.148530,0.163359,0.302059
2016-03-09,0.194731,0.191066,0.148049,0.163488,0.302667
2016-03-10,0.194641,0.190893,0.147822,0.164543,0.302101
2016-03-11,0.194626,0.190874,0.147814,0.164494,0.302191
2016-03-14,0.194847,0.191006,0.147461,0.164192,0.302493
2016-03-15,0.194833,0.190980,0.147227,0.163936,0.303025
2016-03-16,0.194998,0.191083,0.146996,0.163784,0.303139
2016-03-17,0.194566,0.190552,0.148216,0.165121,0.301546
2016-03-18,0.195214,0.191226,0.145476,0.162194,0.305889
2016-03-21,0.195131,0.191145,0.144963,0.161490,0.307271
2016-03-22,0.195939,0.191901,0.143862,0.160351,0.307947
2016-03-23,0.195991,0.191966,0.143891,0.160281,0.307871
2016-03-24,0.195829,0.191589,0.143578,0.160343,0.308661
2016-03-28,0.196078,0.191719,0.143218,0.159733,0.309252
2016-03-29,0.195987,0.191620,0.143410,0.159511,0.309472
2016-03-30,0.195240,0.190744,0.144746,0.160523,0.308746
2016-03-31,0.195218,0.190663,0.144506,0.160633,0.308981
2016-04-01,0.195311,0.190767,0.144509,0.160693,0.308720
2016-04-04,0.195575,0.191054,0.144282,0.159916,0.309173
2016-04-05,0.195567,0.191004,0.144179,0.159817,0.309433
2016-04-06,0.195902,0.191264,0.143712,0.159304,0.309818
2016-04-07,0.195981,0.191308,0.143604,0.159516,0.309591
2016-04-08,0.196016,0.191335,0.143403,0.159558,0.309688
2016-04-11,0.196097,0.191388,0.143091,0.159771,0.309653
2016-04-12,0.196215,0.191448,0.143189,0.159191,0.309956
2016-04-13,0.196319,0.191444,0.142609,0.159351,0.310277
2016-04-14,0.196241,0.191361,0.142776,0.159457,0.310164
2016-04-15,0.196081,0.191167,0.142902,0.159405,0.310446
2016-04-18,0.196057,0.191162,0.142779,0.159507,0.310495
2016-04-19,0.196164,0.191186,0.142688,0.159509,0.310454
2016-04-20,0.196142,0.191029,0.142794,0.158631,0.311404
2016-04-21,0.196260,0.191159,0.142210,0.158598,0.311773
2016-04-22,0.196194,0.191115,0.142332,0.158633,0.311726
2016-04-25,0.196286,0.191190,0.142187,0.158315,0.312022
2016-04-26,0.196135,0.191044,0.142210,0.158165,0.312445
2016-04-27,0.196130,0.191007,0.142339,0.158066,0.312458
2016-04-28,0.196066,0.190975,0.142781,0.158431,0.311747
2016-04-29,0.196534,0.191345,0.142820,0.157680,0.311621
2016-05-02,0.197170,0.191772,0.142648,0.157047,0.311363
2016-05-03,0.196993,0.191578,0.142767,0.157628,0.311033
2016-05-04,0.197058,0.191614,0.141792,0.158032,0.311504
2016-05-05,0.197057,0.191514,0.142825,0.157571,0.311032
2016-05-06,0.197034,0.191510,0.142350,0.157396,0.311710
2016-05-09,0.196769,0.191232,0.142874,0.157758,0.311366
2016-05-10,0.197232,0.191442,0.142185,0.156140,0.313002
2016-05-11,0.197102,0.191261,0.141037,0.155931,0.314670
2016-05-12,0.197153,0.191326,0.141452,0.155379,0.314690
2016-05-13,0.197019,0.191170,0.141593,0.155705,0.314512
2016-05-16,0.197552,0.191587,0.140690,0.155071,0.315099
2016-05-17,0.197585,0.191616,0.139637,0.155224,0.315938
2016-05-18,0.197317,0.191408,0.139513,0.155213,0.316549
2016-05-19,0.197142,0.191282,0.139484,0.155371,0.316720
2016-05-20,0.197083,0.191206,0.139403,0.155446,0.316862
2016-05-23,0.196785,0.190947,0.139157,0.155299,0.317812
2016-05-24,0.196769,0.190932,0.139086,0.155215,0.317998
2016-05-25,0.196879,0.191009,0.138357,0.156457,0.317298
2016-05-26,0.196710,0.190795,0.139378,0.156293,0.316824
2016-05-27,0.196691,0.190783,0.139412,0.156311,0.316802
2016-05-31,0.196577,0.190653,0.140001,0.156171,0.316598
2016-06-01,0.196534,0.190624,0.139912,0.156118,0.316811
2016-06-02,0.196193,0.190298,0.139987,0.156307,0.317215
2016-06-03,0.195788,0.189969,0.139741,0.155761,0.318741
2016-06-06,0.196090,0.190095,0.140046,0.155767,0.318003
2016-06-07,0.196125,0.190110,0.139518,0.154977,0.319268
2016-06-08,0.196161,0.190144,0.139661,0.155094,0.318940
2016-06-09,0.195738,0.189587,0.140363,0.155397,0.318915
2016-06-10,0.196052,0.189809,0.140211,0.155083,0.318845
2016-06-13,0.195797,0.189556,0.139819,0.154711,0.320117
2016-06-14,0.195908,0.189662,0.139544,0.154137,0.320750
2016-06-15,0.195892,0.189632,0.139585,0.154241,0.320650
2016-06-16,0.195628,0.189373,0.139422,0.154143,0.321434
2016-06-17,0.195637,0.189344,0.139462,0.154084,0.321473
2016-06-20,0.195879,0.189464,0.139409,0.153924,0.321325
2016-06-21,0.196006,0.189585,0.139058,0.153412,0.321938
2016-06-22,0.195881,0.189458,0.138890,0.153002,0.322769
2016-06-23,0.195848,0.189430,0.138859,0.153133,0.322730
2016-06-24,0.196205,0.189763,0.138387,0.152027,0.323618
2016-06-27,0.200025,0.193599,0.133584,0.141321,0.331471
2016-06-28,0.200626,0.194184,0.132538,0.139378,0.333275
2016-06-29,0.200697,0.194173,0.133525,0.139434,0.332170
2016-06-30,0.200393,0.193808,0.133949,0.139368,0.332483
2016-07-01,0.199812,0.193272,0.134459,0.139953,0.332504
2016-07-05,0.199314,0.192710,0.134659,0.140065,0.333252
2016-07-06,0.199575,0.192914,0.134376,0.139675,0.333460
2016-07-07,0.199569,0.192905,0.134483,0.139738,0.333305
2016-07-08,0.199453,0.192602,0.134941,0.140811,0.332193
2016-07-11,0.198691,0.191883,0.136167,0.142220,0.331038
2016-07-12,0.198649,0.191689,0.136639,0.143420,0.329603
2016-07-13,0.198862,0.191872,0.136307,0.143118,0.329841
2016-07-14,0.198903,0.191907,0.136232,0.142853,0.330105
2016-07-15,0.198970,0.191946,0.136073,0.142685,0.330327
2016-07-18,0.199129,0.192068,0.136182,0.142969,0.329651
2016-07-19,0.199128,0.192060,0.136182,0.142970,0.329660
2016-07-20,0.199275,0.192149,0.135854,0.142498,0.330225
2016-07-21,0.199310,0.192166,0.135776,0.142385,0.330363
2016-07-22,0.199297,0.192105,0.135579,0.142235,0.330785
2016-07-25,0.199305,0.192073,0.135532,0.142509,0.330581
2016-07-26,0.199313,0.192029,0.135815,0.142817,0.330025
2016-07-27,0.199451,0.192091,0.135725,0.143011,0.329722
2016-07-28,0.199325,0.191837,0.135906,0.143411,0.329521
2016-07-29,0.199342,0.191808,0.135864,0.143550,0.329436
2016-08-01,0.199260,0.191714,0.136173,0.143467,0.329387
2016-08-02,0.199619,0.192030,0.136489,0.143356,0.328506
2016-08-03,0.199419,0.191914,0.136536,0.144023,0.328109
2016-08-04,0.199490,0.191982,0.136488,0.143965,0.328074
2016-08-05,0.199565,0.192055,0.136831,0.144083,0.327466
2016-08-08,0.199587,0.191989,0.137467,0.143771,0.327186
2016-08-09,0.199535,0.191945,0.137660,0.143877,0.326982
2016-08-10,0.199641,0.191998,0.137597,0.144476,0.326288
2016-08-11,0.199461,0.191815,0.138209,0.144579,0.325936
2016-08-12,0.199454,0.191802,0.138234,0.144615,0.325896
2016-08-15,0.199571,0.191908,0.138196,0.144464,0.325861
2016-08-16,0.199542,0.191886,0.138178,0.144504,0.325890
2016-08-17,0.199565,0.191920,0.138182,0.144381,0.325952
2016-08-18,0.199849,0.192177,0.137973,0.144182,0.325819
2016-08-19,0.199689,0.192030,0.138952,0.144167,0.325162
2016-08-22,0.199081,0.191360,0.141883,0.143787,0.323889
2016-08-23,0.199627,0.191727,0.142659,0.142742,0.323245
2016-08-24,0.203045,0.194201,0.140860,0.139742,0.322152
2016-08-25,0.203168,0.194255,0.140899,0.139696,0.321982
2016-08-26,0.202247,0.193158,0.145961,0.138733,0.319901
2016-08-29,0.203049,0.193735,0.145018,0.137499,0.320700
2016-08-30,0.202996,0.193729,0.145255,0.137844,0.320175
2016-08-31,0.202949,0.193609,0.145433,0.137962,0.320048
2016-09-01,0.203915,0.194993,0.144811,0.136879,0.319402
2016-09-02,0.204045,0.195212,0.144535,0.136661,0.319546
2016-09-06,0.203815,0.195058,0.144609,0.136674,0.319844
2016-09-07,0.203726,0.195063,0.144939,0.136797,0.319476
2016-09-08,0.204185,0.195624,0.144595,0.136423,0.319172
2016-09-09,0.204242,0.195752,0.144576,0.136476,0.318955
2016-09-12,0.201469,0.193922,0.146835,0.139081,0.318693
2016-09-13,0.201283,0.193860,0.146970,0.139211,0.318676
2016-09-14,0.200309,0.193172,0.148099,0.140300,0.318119
2016-09-15,0.200194,0.193041,0.148034,0.140199,0.318532
2016-09-16,0.200545,0.193508,0.148341,0.140030,0.317576
2016-09-19,0.200640,0.193494,0.147874,0.139519,0.318473
2016-09-20,0.200698,0.193627,0.147754,0.139430,0.318491
2016-09-21,0.200695,0.193593,0.147690,0.139329,0.318694
2016-09-22,0.200123,0.193230,0.148559,0.139943,0.318146
2016-09-23,0.199886,0.193082,0.148701,0.140101,0.318230
2016-09-26,0.199711,0.192928,0.148799,0.140335,0.318228
2016-09-27,0.199619,0.192860,0.148615,0.140165,0.318741
2016-09-28,0.200297,0.193542,0.148319,0.138778,0.319064
2016-09-29,0.200298,0.193585,0.148421,0.138855,0.318840
2016-09-30,0.200051,0.193549,0.148079,0.138593,0.319729
2016-10-03,0.199958,0.193459,0.148091,0.138447,0.320045
2016-10-04,0.201304,0.194706,0.147129,0.137463,0.319398
2016-10-05,0.200186,0.193655,0.149044,0.138648,0.318468
2016-10-06,0.199997,0.193448,0.148743,0.138434,0.319379
2016-10-07,0.199991,0.193388,0.149218,0.138318,0.319084
2016-10-10,0.199914,0.193317,0.149364,0.138476,0.318929
2016-10-11,0.199911,0.193346,0.149355,0.138427,0.318961
2016-10-12,0.199322,0.192922,0.149984,0.138916,0.318856
2016-10-13,0.199391,0.193019,0.149986,0.138911,0.318693
2016-10-14,0.199384,0.192963,0.149875,0.138909,0.318869
2016-10-17,0.199344,0.192947,0.150131,0.139224,0.318354
2016-10-18,0.199317,0.192914,0.150212,0.139178,0.318380
2016-10-19,0.199140,0.192803,0.150474,0.139397,0.318186
2016-10-20,0.199060,0.192740,0.150530,0.139409,0.318261
2016-10-21,0.198974,0.192678,0.150670,0.139735,0.317943
2016-10-24,0.199321,0.193070,0.150446,0.139518,0.317645
2016-10-25,0.199178,0.192941,0.150517,0.140023,0.317341
2016-10-26,0.199156,0.192925,0.150557,0.140114,0.317248
2016-10-27,0.198844,0.192667,0.151071,0.140590,0.316828
2016-10-28,0.198472,0.192361,0.151689,0.141364,0.316114
2016-10-31,0.198958,0.192780,0.150936,0.140828,0.316497
2016-11-01,0.198834,0.192660,0.150769,0.141041,0.316696
2016-11-02,0.198901,0.192773,0.150518,0.141237,0.316571
2016-11-03,0.198795,0.192684,0.150812,0.141181,0.316529
2016-11-04,0.198786,0.192668,0.150779,0.140939,0.316829
2016-11-07,0.198766,0.192649,0.150760,0.140800,0.317025
2016-11-08,0.199609,0.193494,0.147808,0.140053,0.319036
2016-11-09,0.200215,0.194095,0.147445,0.139713,0.318531
2016-11-10,0.201472,0.195200,0.149893,0.140830,0.312605
2016-11-11,0.202169,0.195869,0.150839,0.142011,0.309112
2016-11-14,0.202123,0.195787,0.151444,0.142133,0.308514
2016-11-15,0.202112,0.195768,0.151441,0.142344,0.308336
2016-11-16,0.202423,0.196128,0.151174,0.142924,0.307351
2016-11-17,0.202438,0.196152,0.151239,0.142856,0.307315
2016-11-18,0.202692,0.196417,0.151225,0.143138,0.306529
2016-11-21,0.202587,0.196326,0.151355,0.143300,0.306433
2016-11-22,0.202583,0.196346,0.151402,0.143758,0.305912
2016-11-23,0.202605,0.196399,0.151520,0.143803,0.305673
2016-11-25,0.202531,0.196331,0.152004,0.144035,0.305099
2016-11-28,0.202525,0.196328,0.152007,0.144019,0.305120
2016-11-29,0.202559,0.196353,0.152360,0.144080,0.304648
2016-11-30,0.202572,0.196368,0.152356,0.144026,0.304678
2016-12-01,0.202729,0.196481,0.151785,0.143343,0.305661
2016-12-02,0.203212,0.197009,0.151635,0.143202,0.304942
2016-12-05,0.202846,0.196613,0.152250,0.143946,0.304345
2016-12-06,0.203799,0.197520,0.151676,0.143276,0.303729
2016-12-07,0.203784,0.197561,0.152119,0.143333,0.303203
2016-12-08,0.203021,0.196996,0.152620,0.143596,0.303767
2016-12-09,0.203265,0.197230,0.152441,0.143353,0.303711
2016-12-12,0.203437,0.197336,0.152200,0.143037,0.303990
2016-12-13,0.203387,0.197347,0.152377,0.142723,0.304166
2016-12-14,0.203047,0.196968,0.151584,0.141912,0.306489
2016-12-15,0.202136,0.196283,0.153136,0.143333,0.305112
2016-12-16,0.202670,0.196770,0.153021,0.142913,0.304626
2016-12-19,0.202862,0.196928,0.153180,0.143010,0.304020
2016-12-20,0.202828,0.196898,0.153402,0.143466,0.303407
2016-12-21,0.202959,0.197031,0.153241,0.143306,0.303463
2016-12-22,0.202965,0.197049,0.153226,0.143155,0.303605
2016-12-23,0.203017,0.197135,0.153185,0.143003,0.303660
2016-12-27,0.203012,0.197129,0.153175,0.142990,0.303694
2016-12-28,0.202971,0.197075,0.153246,0.143004,0.303705
2016-12-29,0.203093,0.197210,0.153139,0.142731,0.303826
2016-12-30,0.203168,0.197323,0.153120,0.142795,0.303593
2017-01-03,0.203302,0.197465,0.152926,0.142804,0.303504
2017-01-04,0.203313,0.197482,0.152607,0.143220,0.303378
2017-01-05,0.202972,0.197205,0.152896,0.143635,0.303292
2017-01-06,0.202494,0.196688,0.153001,0.144637,0.303179
2017-01-09,0.202640,0.196787,0.152337,0.145707,0.302530
2017-01-10,0.202972,0.197062,0.151975,0.145923,0.302068
2017-01-11,0.202902,0.197019,0.151775,0.145869,0.302434
2017-01-12,0.202708,0.196846,0.152056,0.145751,0.302639
2017-01-13,0.202359,0.196569,0.151333,0.147134,0.302606
2017-01-17,0.202204,0.196417,0.151090,0.147740,0.302549
2017-01-18,0.202274,0.196400,0.149854,0.148685,0.302786
2017-01-19,0.202236,0.196319,0.149766,0.149055,0.302624
2017-01-20,0.201972,0.196045,0.149852,0.150661,0.301469
2017-01-23,0.201775,0.195872,0.150125,0.150868,0.301360
2017-01-24,0.201869,0.195933,0.148656,0.151351,0.302191
2017-01-25,0.201902,0.195997,0.147847,0.151413,0.302841
2017-01-26,0.202898,0.196844,0.146287,0.150751,0.303220
2017-01-27,0.202856,0.196766,0.146725,0.150825,0.302828
2017-01-30,0.202677,0.196603,0.146529,0.150676,0.303515
2017-01-31,0.203768,0.197549,0.145207,0.149884,0.303592
2017-02-01,0.203469,0.197225,0.145004,0.149841,0.304461
2017-02-02,0.203113,0.197011,0.146415,0.150373,0.303088
2017-02-03,0.203299,0.197229,0.146527,0.150138,0.302807
2017-02-06,0.203311,0.197247,0.146516,0.150254,0.302671
2017-02-07,0.203097,0.197156,0.145646,0.150406,0.303695
2017-02-08,0.202227,0.196351,0.147122,0.151864,0.302436
2017-02-09,0.202475,0.196593,0.146950,0.151768,0.302215
2017-02-10,0.202716,0.196783,0.146410,0.151881,0.302210
2017-02-13,0.202201,0.196273,0.146969,0.153011,0.301546
2017-02-14,0.201573,0.195731,0.148648,0.153377,0.300670
2017-02-15,0.201045,0.195185,0.149467,0.154746,0.299556
2017-02-16,0.201114,0.195418,0.149519,0.154264,0.299685
2017-02-17,0.201121,0.195319,0.150068,0.154402,0.299090
2017-02-21,0.201224,0.195413,0.150074,0.154448,0.298841
2017-02-22,0.200773,0.195089,0.150238,0.154604,0.299296
2017-02-23,0.200568,0.194943,0.150648,0.154729,0.299112
2017-02-24,0.200544,0.194930,0.150539,0.154732,0.299255
2017-02-27,0.200857,0.195176,0.149943,0.154495,0.299529
2017-02-28,0.201114,0.195317,0.149901,0.154626,0.299042
2017-03-01,0.200845,0.195103,0.149581,0.155003,0.299469
2017-03-02,0.201223,0.195663,0.148856,0.155001,0.299257
2017-03-03,0.200366,0.194890,0.149528,0.155546,0.299670
2017-03-06,0.200750,0.195328,0.149283,0.155239,0.299400
2017-03-07,0.200569,0.195196,0.149925,0.155208,0.299102
2017-03-08,0.200437,0.195128,0.150438,0.155453,0.298544
2017-03-09,0.200172,0.195043,0.151965,0.155864,0.296955
2017-03-10,0.199915,0.194777,0.152528,0.156194,0.296587
2017-03-13,0.199863,0.194752,0.152589,0.156235,0.296562
2017-03-14,0.199792,0.194709,0.152966,0.156443,0.296090
2017-03-15,0.199765,0.194754,0.152864,0.156518,0.296100
2017-03-16,0.198866,0.194186,0.155691,0.158774,0.292483
2017-03-17,0.199560,0.194999,0.154361,0.157331,0.293748
2017-03-20,0.199998,0.195435,0.153999,0.156964,0.293605
2017-03-21,0.199955,0.195388,0.153832,0.157108,0.293717
2017-03-22,0.200281,0.195786,0.152021,0.157521,0.294391
2017-03-23,0.200263,0.195769,0.152106,0.157531,0.294332
2017-03-24,0.200504,0.196300,0.152502,0.157347,0.293347
2017-03-27,0.200475,0.196283,0.152438,0.157287,0.293518
2017-03-28,0.200502,0.196291,0.152394,0.157332,0.293481
2017-03-29,0.201553,0.197525,0.150607,0.156216,0.294100
2017-03-30,0.201493,0.197457,0.150882,0.156401,0.293768
2017-03-31,0.201497,0.197428,0.150584,0.156427,0.294065
2017-04-03,0.201425,0.197382,0.150631,0.156725,0.293836
2017-04-04,0.201549,0.197577,0.150463,0.156982,0.293430
2017-04-05,0.201424,0.197457,0.150795,0.157171,0.293153
2017-04-06,0.201304,0.197379,0.150863,0.157035,0.293420
2017-04-07,0.201150,0.197234,0.151411,0.157073,0.293131
2017-04-10,0.201036,0.197189,0.152172,0.157010,0.292593
2017-04-11,0.200955,0.197161,0.152110,0.157705,0.292069
2017-04-12,0.200654,0.196941,0.153033,0.157804,0.291568
2017-04-13,0.200845,0.197163,0.152506,0.157782,0.291704
2017-04-17,0.200985,0.197358,0.151967,0.157821,0.291868
2017-04-18,0.201009,0.197395,0.151866,0.157804,0.291926
2017-04-19,0.201268,0.197638,0.151442,0.158013,0.291638
2017-04-20,0.201015,0.197578,0.151680,0.159222,0.290504
2017-04-21,0.200917,0.197472,0.152051,0.159262,0.290298
2017-04-24,0.201005,0.197555,0.151867,0.159088,0.290485
2017-04-25,0.201361,0.197991,0.150284,0.159191,0.291173
2017-04-26,0.201644,0.198246,0.149281,0.159376,0.291453
2017-04-27,0.201624,0.198260,0.149442,0.159432,0.291241
2017-04-28,0.201565,0.198195,0.149145,0.158811,0.292284
2017-05-01,0.201420,0.198057,0.149056,0.159305,0.292163
2017-05-02,0.201656,0.198300,0.148709,0.158967,0.292368
2017-05-03,0.201592,0.198262,0.148849,0.158912,0.292385
2017-05-04,0.201159,0.197845,0.150379,0.158570,0.292048
2017-05-05,0.201301,0.197955,0.150689,0.158130,0.291924
2017-05-08,0.201031,0.197679,0.151024,0.158241,0.292025
2017-05-09,0.200911,0.197566,0.151290,0.158229,0.292003
2017-05-10,0.200860,0.197611,0.151116,0.158834,0.291579
2017-05-11,0.200881,0.197742,0.151156,0.158199,0.292022
2017-05-12,0.200790,0.197638,0.151034,0.158635,0.291904
2017-05-15,0.200943,0.197826,0.151002,0.158721,0.291508
2017-05-16,0.200784,0.197664,0.151451,0.158674,0.291427
2017-05-17,0.200566,0.197477,0.152521,0.158473,0.290963
2017-05-18,0.203284,0.200128,0.148447,0.153639,0.294502
2017-05-19,0.203787,0.200693,0.148631,0.152109,0.294779
2017-05-22,0.203454,0.200389,0.148905,0.152242,0.295011
2017-05-23,0.203491,0.200433,0.148767,0.152157,0.295152
2017-05-24,0.203566,0.200505,0.148720,0.152090,0.295120
2017-05-25,0.203239,0.200163,0.149500,0.152416,0.294681
2017-05-26,0.203519,0.200439,0.149547,0.151507,0.294988
2017-05-30,0.203551,0.200455,0.149574,0.151389,0.295031
2017-05-31,0.203557,0.200458,0.149651,0.151440,0.294894
2017-06-01,0.203584,0.200486,0.149678,0.151297,0.294956
2017-06-02,0.203549,0.200463,0.149661,0.151286,0.295041
2017-06-05,0.203216,0.200149,0.149902,0.151451,0.295282
2017-06-06,0.203010,0.200170,0.149677,0.151921,0.295221
2017-06-07,0.202920,0.200070,0.149716,0.152242,0.295052
2017-06-08,0.202951,0.200088,0.149545,0.152234,0.295181
2017-06-09,0.203392,0.200767,0.149142,0.151692,0.295007
2017-06-12,0.203454,0.200836,0.148738,0.151423,0.295549
2017-06-13,0.203231,0.200632,0.149268,0.152189,0.294681
2017-06-14,0.203069,0.200443,0.149231,0.152747,0.294509
2017-06-15,0.203340,0.200728,0.149276,0.152253,0.294402
2017-06-16,0.203379,0.200819,0.149180,0.152476,0.294147
2017-06-19,0.203397,0.200882,0.149141,0.152500,0.294079
2017-06-20,0.203597,0.201112,0.148224,0.152687,0.294380
2017-06-21,0.203207,0.200728,0.148726,0.153354,0.293985
2017-06-22,0.203226,0.200812,0.148769,0.153704,0.293489
2017-06-23,0.203187,0.200771,0.148824,0.153815,0.293402
2017-06-26,0.202671,0.200269,0.149766,0.155164,0.292130
2017-06-27,0.195052,0.192563,0.157853,0.175039,0.279492
2017-06-28,0.193021,0.190620,0.159651,0.180621,0.276087
2017-06-29,0.193038,0.190588,0.158426,0.181508,0.276440
2017-06-30,0.192556,0.190344,0.158569,0.182842,0.275688
2017-07-03,0.193150,0.191015,0.157798,0.182330,0.275707
2017-07-05,0.193896,0.191968,0.157543,0.181243,0.275350
2017-07-06,0.193254,0.191343,0.157847,0.183056,0.274500
2017-07-07,0.192832,0.190929,0.158007,0.183427,0.274804
2017-07-10,0.192976,0.191114,0.157579,0.183565,0.274765
2017-07-11,0.194163,0.192445,0.156051,0.181697,0.275643
2017-07-12,0.193571,0.191830,0.156654,0.182387,0.275558
2017-07-13,0.192374,0.190711,0.157789,0.185289,0.273837
2017-07-14,0.192214,0.190574,0.157877,0.185906,0.273429
2017-07-17,0.191402,0.189744,0.158519,0.187395,0.272940
2017-07-18,0.191306,0.189666,0.158451,0.187341,0.273237
2017-07-19,0.191226,0.189563,0.158619,0.187411,0.273181
2017-07-20,0.190974,0.189276,0.158855,0.187859,0.273036
2017-07-21,0.190630,0.188958,0.159126,0.188816,0.272469
2017-07-24,0.190551,0.188906,0.159208,0.189089,0.272246
2017-07-25,0.190483,0.188839,0.159313,0.189139,0.272226
2017-07-26,0.190737,0.189149,0.158747,0.188858,0.272509
2017-07-27,0.190505,0.188930,0.158958,0.189153,0.272453
2017-07-28,0.190672,0.189266,0.158761,0.188995,0.272305
2017-07-31,0.190620,0.189214,0.158809,0.189033,0.272324
2017-08-01,0.190760,0.189442,0.158161,0.189486,0.272151
2017-08-02,0.190591,0.189346,0.157350,0.189827,0.272886
2017-08-03,0.190741,0.189404,0.157144,0.189929,0.272782
2017-08-04,0.190595,0.189254,0.156991,0.190037,0.273123
2017-08-07,0.190428,0.189146,0.156668,0.189957,0.273801
2017-08-08,0.190158,0.188980,0.156421,0.190786,0.273656
2017-08-09,0.190333,0.189174,0.156112,0.190644,0.273737
2017-08-10,0.190723,0.189588,0.155419,0.189855,0.274415
2017-08-11,0.190568,0.189269,0.154559,0.190538,0.275066
2017-08-14,0.190528,0.189226,0.154835,0.190506,0.274905
2017-08-15,0.190511,0.189217,0.154334,0.190345,0.275593
2017-08-16,0.190419,0.189086,0.154313,0.190606,0.275576
2017-08-17,0.189990,0.188648,0.154285,0.191726,0.275351
2017-08-18,0.189878,0.188479,0.153530,0.192077,0.276035
2017-08-21,0.189891,0.188502,0.153245,0.191900,0.276462
2017-08-22,0.190175,0.188840,0.152912,0.191199,0.276874
2017-08-23,0.190172,0.188792,0.152683,0.191319,0.277035
2017-08-24,0.190120,0.188737,0.152678,0.191505,0.276960
2017-08-25,0.190262,0.188897,0.152495,0.191317,0.277030
2017-08-28,0.190211,0.188869,0.152550,0.191372,0.276999
2017-08-29,0.190429,0.189061,0.152290,0.190710,0.277510
2017-08-30,0.190629,0.189295,0.152072,0.190001,0.278003
2017-08-31,0.190764,0.189446,0.151999,0.189807,0.277984
2017-09-01,0.190404,0.188776,0.152002,0.190228,0.278590
2017-09-05,0.190551,0.188938,0.151894,0.189948,0.278669
2017-09-06,0.191326,0.189684,0.152008,0.188385,0.278597
2017-09-07,0.192199,0.190649,0.151386,0.187230,0.278535
2017-09-08,0.192003,0.190488,0.151521,0.187374,0.278615
2017-09-11,0.192154,0.190596,0.151497,0.187095,0.278657
2017-09-12,0.196849,0.194547,0.149016,0.180914,0.278675
2017-09-13,0.197276,0.194848,0.148710,0.180464,0.278702
2017-09-14,0.199092,0.196449,0.147076,0.178409,0.278973
2017-09-15,0.199061,0.196435,0.147060,0.178441,0.279002
2017-09-18,0.199241,0.196468,0.146767,0.178201,0.279323
2017-09-19,0.199221,0.196442,0.146920,0.178108,0.279309
2017-09-20,0.199220,0.196430,0.146897,0.178154,0.279299
2017-09-21,0.199234,0.196488,0.146921,0.177969,0.279387
2017-09-22,0.200958,0.198011,0.145578,0.176224,0.279228
2017-09-25,0.201501,0.198457,0.145219,0.175747,0.279075
2017-09-26,0.201816,0.198707,0.145096,0.175758,0.278624
2017-09-27,0.201835,0.198636,0.145103,0.175776,0.278651
2017-09-28,0.201774,0.198678,0.144895,0.175932,0.278722
2017-09-29,0.201808,0.198644,0.144652,0.175717,0.279179
2017-10-02,0.202220,0.198891,0.144516,0.175477,0.278895
2017-10-03,0.202191,0.198854,0.144422,0.175687,0.278845
2017-10-04,0.202308,0.198969,0.144213,0.175774,0.278736
2017-10-05,0.203949,0.200692,0.142662,0.174851,0.277845
2017-10-06,0.204018,0.200752,0.142742,0.174581,0.277906
2017-10-09,0.204130,0.200872,0.142732,0.174734,0.277532
2017-10-10,0.204120,0.200859,0.142693,0.174697,0.277631
2017-10-11,0.204036,0.200660,0.142742,0.174960,0.277602
2017-10-12,0.205117,0.201472,0.141866,0.174420,0.277127
2017-10-13,0.205127,0.201481,0.141840,0.174412,0.277140
2017-10-16,0.204787,0.201093,0.142151,0.174919,0.277051
2017-10-17,0.204944,0.201324,0.142052,0.174729,0.276951
2017-10-18,0.204868,0.201252,0.142024,0.174861,0.276995
2017-10-19,0.205329,0.201650,0.141626,0.174283,0.277112
2017-10-20,0.205426,0.201738,0.141476,0.174163,0.277197
2017-10-23,0.205642,0.201984,0.141545,0.173609,0.277220
2017-10-24,0.205607,0.201943,0.141501,0.173601,0.277349
2017-10-25,0.205612,0.201992,0.141571,0.173520,0.277304
2017-10-26,0.205516,0.201914,0.141644,0.173709,0.277217
2017-10-27,0.206085,0.202456,0.141196,0.172916,0.277346
2017-10-30,0.205899,0.202051,0.141305,0.173157,0.277588
2017-10-31,0.205950,0.202093,0.141401,0.172909,0.277647
2017-11-01,0.206051,0.202194,0.141521,0.172569,0.277665
2017-11-02,0.205683,0.201760,0.141523,0.173799,0.277235
2017-11-03,0.205667,0.201667,0.141834,0.173904,0.276928
2017-11-06,0.206152,0.202140,0.141888,0.172822,0.276999
2017-11-07,0.205756,0.201512,0.141978,0.173350,0.277405
2017-11-08,0.204743,0.200120,0.144823,0.174618,0.275697
2017-11-09,0.204675,0.200060,0.144775,0.174526,0.275964
2017-11-10,0.203318,0.199056,0.141138,0.173993,0.282495
2017-11-13,0.202318,0.198150,0.139879,0.171899,0.287754
2017-11-14,0.202602,0.198619,0.138391,0.172112,0.288276
2017-11-15,0.202619,0.198658,0.138067,0.172786,0.287871
2017-11-16,0.202591,0.198545,0.138000,0.171187,0.289677
2017-11-17,0.202597,0.198515,0.137581,0.171507,0.289801
2017-11-20,0.202444,0.198332,0.137163,0.171247,0.290813
2017-11-21,0.202587,0.198416,0.136539,0.170964,0.291494
2017-11-22,0.202289,0.197932,0.136430,0.170536,0.292814
2017-11-24,0.202166,0.197751,0.136342,0.170912,0.292829
2017-11-27,0.202392,0.198006,0.135567,0.169985,0.294051
2017-11-28,0.202289,0.197925,0.135490,0.170206,0.294089
2017-11-29,0.202243,0.197895,0.135049,0.170148,0.294666
2017-11-30,0.201764,0.197276,0.135703,0.170187,0.295070
2017-12-01,0.202117,0.197705,0.135197,0.169417,0.295563
2017-12-04,0.202671,0.198139,0.134157,0.168167,0.296867
2017-12-05,0.202259,0.197594,0.133618,0.167481,0.299049
2017-12-06,0.202381,0.197509,0.133620,0.167626,0.298864
2017-12-07,0.202259,0.197278,0.133535,0.167855,0.299073
2017-12-08,0.203943,0.198584,0.132000,0.166092,0.299381
2017-12-11,0.203465,0.198118,0.132110,0.166784,0.299523
2017-12-12,0.203081,0.197858,0.132048,0.167585,0.299427
2017-12-13,0.203033,0.197773,0.132117,0.167636,0.299442
2017-12-14,0.202927,0.197645,0.132306,0.167970,0.299151
2017-12-15,0.204995,0.199189,0.129041,0.163434,0.303341
2017-12-18,0.205046,0.199112,0.128854,0.163571,0.303418
2017-12-19,0.205368,0.199274,0.128474,0.162560,0.304323
2017-12-20,0.204682,0.198812,0.129020,0.163037,0.304449
2017-12-21,0.204470,0.198672,0.129246,0.163483,0.304130
2017-12-22,0.204271,0.198456,0.129219,0.163793,0.304261
2017-12-26,0.204421,0.198582,0.129178,0.163643,0.304175
2017-12-27,0.204448,0.198556,0.129133,0.163554,0.304309
2017-12-28,0.204413,0.198579,0.129356,0.163694,0.303958
2017-12-29,0.203955,0.198088,0.129625,0.164932,0.303401
2018-01-02,0.204348,0.198443,0.129133,0.164427,0.303649
2018-01-03,0.204587,0.198566,0.128955,0.163423,0.304469
2018-01-04,0.204752,0.198609,0.128713,0.164133,0.303793
2018-01-05,0.205596,0.199274,0.128036,0.162915,0.304180
2018-01-08,0.206154,0.199925,0.127844,0.162104,0.303972
2018-01-09,0.206045,0.199904,0.127735,0.161561,0.304755
2018-01-10,0.206083,0.200086,0.128109,0.161892,0.303830
2018-01-11,0.205942,0.199970,0.128122,0.162262,0.303703
2018-01-12,0.205974,0.199933,0.128038,0.162419,0.303636
2018-01-16,0.205921,0.199797,0.128008,0.162145,0.304129
2018-01-17,0.205785,0.199625,0.127978,0.162367,0.304245
2018-01-18,0.205768,0.199684,0.128229,0.162085,0.304234
2018-01-19,0.205534,0.199625,0.128294,0.161836,0.304710
2018-01-22,0.205702,0.199750,0.127525,0.160836,0.306186
2018-01-23,0.205779,0.199725,0.127240,0.160786,0.306470
2018-01-24,0.205611,0.199612,0.127738,0.160900,0.306139
2018-01-25,0.205732,0.199735,0.128575,0.160050,0.305909
2018-01-26,0.205375,0.199461,0.129822,0.159948,0.305395
2018-01-29,0.205734,0.199695,0.128787,0.159897,0.305887
2018-01-30,0.204707,0.198748,0.129696,0.160965,0.305884
2018-01-31,0.204293,0.198149,0.130232,0.161530,0.305795
2018-02-01,0.204431,0.198434,0.130110,0.161175,0.305850
2018-02-02,0.204247,0.198381,0.130730,0.161513,0.305128
2018-02-05,0.200869,0.194745,0.133031,0.164790,0.306565
2018-02-06,0.201273,0.193654,0.127566,0.161536,0.315971
2018-02-07,0.201533,0.193796,0.126377,0.160468,0.317826
2018-02-08,0.200446,0.192838,0.127237,0.161594,0.317885
2018-02-09,0.198123,0.189725,0.127170,0.163570,0.321412
2018-02-12,0.197894,0.189475,0.127674,0.163253,0.321705
2018-02-13,0.197748,0.189216,0.127634,0.163538,0.321864
2018-02-14,0.197637,0.189129,0.127749,0.163630,0.321856
2018-02-15,0.198526,0.189834,0.126396,0.160967,0.324277
2018-02-16,0.198083,0.189358,0.126949,0.161963,0.323647
2018-02-20,0.198311,0.189602,0.127274,0.161868,0.322945
2018-02-21,0.197588,0.189001,0.127601,0.162333,0.323477
2018-02-22,0.197576,0.188978,0.128110,0.162652,0.322685
2018-02-23,0.197424,0.188843,0.128209,0.162740,0.322784
2018-02-26,0.196983,0.188322,0.129329,0.164169,0.321197
2018-02-27,0.196438,0.187794,0.129430,0.164255,0.322083
2018-02-28,0.194905,0.186349,0.130571,0.165509,0.322667
2018-03-01,0.195081,0.186411,0.129929,0.165085,0.323494
2018-03-02,0.194765,0.185934,0.131492,0.164084,0.323725
2018-03-05,0.195984,0.186937,0.130237,0.162562,0.324280
2018-03-06,0.196037,0.186864,0.130113,0.162512,0.324475
2018-03-07,0.195869,0.186707,0.130081,0.162624,0.324719
2018-03-08,0.195858,0.186658,0.129577,0.162272,0.325635
2018-03-09,0.196148,0.186850,0.128459,0.161016,0.327528
2018-03-12,0.196540,0.186922,0.127640,0.159647,0.329251
2018-03-13,0.196635,0.186972,0.127526,0.159539,0.329329
2018-03-14,0.196638,0.186903,0.127458,0.159146,0.329856
2018-03-15,0.196765,0.186987,0.127443,0.158934,0.329870
2018-03-16,0.196666,0.186088,0.122771,0.153618,0.340857
2018-03-19,0.196397,0.185842,0.122544,0.153460,0.341757
2018-03-20,0.196080,0.185272,0.122997,0.153628,0.342023
2018-03-21,0.196178,0.185391,0.123006,0.153284,0.342141
2018-03-22,0.195679,0.184912,0.124798,0.152827,0.341784
2018-03-23,0.195445,0.183942,0.124093,0.151888,0.344632
2018-03-26,0.195372,0.183371,0.124391,0.151583,0.345283
2018-03-27,0.194664,0.181976,0.124642,0.151574,0.347143
2018-03-28,0.195178,0.182169,0.123654,0.150521,0.348478
2018-03-29,0.195104,0.182085,0.124102,0.150393,0.348317
2018-04-02,0.194877,0.181759,0.124533,0.150449,0.348382
2018-04-03,0.194574,0.181129,0.125044,0.150777,0.348476
2018-04-04,0.194658,0.181170,0.124922,0.150486,0.348764
2018-04-05,0.194417,0.180873,0.125117,0.150127,0.349466
2018-04-06,0.194477,0.180913,0.125098,0.149919,0.349593
2018-04-09,0.194798,0.180963,0.124831,0.148880,0.350528
2018-04-10,0.194730,0.180898,0.124940,0.149063,0.350369
2018-04-11,0.194365,0.180330,0.124571,0.148773,0.351961
2018-04-12,0.194269,0.180258,0.124509,0.148655,0.352308
2018-04-13,0.194371,0.180427,0.124531,0.147824,0.352847
2018-04-16,0.194219,0.180283,0.124744,0.147672,0.353081
2018-04-17,0.194125,0.180163,0.125151,0.147585,0.352976
2018-04-18,0.193931,0.179845,0.125619,0.147566,0.353038
2018-04-19,0.193955,0.179871,0.125612,0.146792,0.353771
2018-04-20,0.194080,0.179972,0.125821,0.147060,0.353068
2018-04-23,0.193651,0.179583,0.126935,0.147724,0.352106
2018-04-24,0.193483,0.179480,0.127119,0.147935,0.351984
2018-04-25,0.193111,0.178978,0.128685,0.148237,0.350988
2018-04-26,0.192640,0.178614,0.129614,0.148007,0.351125
2018-04-27,0.192403,0.178359,0.130164,0.148510,0.350565
2018-04-30,0.192278,0.178274,0.130153,0.148598,0.350696
2018-05-01,0.192138,0.178122,0.130275,0.148551,0.350913
2018-05-02,0.191718,0.177767,0.130620,0.149313,0.350582
2018-05-03,0.191630,0.177670,0.130552,0.149519,0.350628
2018-05-04,0.191990,0.177988,0.130321,0.149622,0.350079
2018-05-07,0.191419,0.177396,0.130052,0.150178,0.350956
2018-05-08,0.191701,0.177589,0.129922,0.149888,0.350900
2018-05-09,0.191835,0.177706,0.129807,0.149854,0.350798
2018-05-10,0.191863,0.177715,0.129691,0.149777,0.350954
2018-05-11,0.191319,0.177285,0.130058,0.150192,0.351146
2018-05-14,0.191275,0.177243,0.130062,0.150355,0.351065
2018-05-15,0.191040,0.176996,0.129904,0.149981,0.352079
2018-05-16,0.190696,0.176975,0.131261,0.151130,0.349938
2018-05-17,0.190728,0.176970,0.131083,0.150966,0.350253
2018-05-18,0.187354,0.173823,0.134972,0.158864,0.344987
2018-05-21,0.187434,0.173919,0.134896,0.159546,0.344205
2018-05-22,0.187901,0.174218,0.134768,0.159226,0.343888
2018-05-23,0.187990,0.174272,0.134853,0.159116,0.343769
2018-05-24,0.188179,0.174485,0.135029,0.159537,0.342770
2018-05-25,0.188502,0.174786,0.134862,0.158920,0.342929
2018-05-29,0.188464,0.174751,0.134429,0.160056,0.342300
2018-05-30,0.190663,0.176851,0.133329,0.158956,0.340201
2018-05-31,0.190990,0.177064,0.132944,0.157573,0.341430
2018-06-01,0.190854,0.176940,0.133036,0.157896,0.341274
2018-06-04,0.190995,0.177021,0.133086,0.157650,0.341247
2018-06-05,0.191520,0.177337,0.132615,0.156927,0.341601
2018-06-06,0.191673,0.177470,0.132565,0.156825,0.341466
2018-06-07,0.191822,0.177594,0.132751,0.156030,0.341802
2018-06-08,0.192101,0.177882,0.132889,0.155468,0.341659
2018-06-11,0.192099,0.177878,0.132856,0.155802,0.341364
2018-06-12,0.191887,0.177643,0.133406,0.156706,0.340358
2018-06-13,0.191952,0.177723,0.133394,0.156623,0.340307
2018-06-14,0.192025,0.177759,0.133506,0.156388,0.340321
2018-06-15,0.191996,0.177762,0.133265,0.157100,0.339877
2018-06-18,0.191514,0.177242,0.133423,0.156694,0.341127
2018-06-19,0.191555,0.177282,0.133398,0.156576,0.341190
2018-06-20,0.191437,0.177147,0.134453,0.155927,0.341036
2018-06-21,0.191529,0.177245,0.134562,0.156097,0.340567
2018-06-22,0.191367,0.177076,0.134440,0.155774,0.341344
2018-06-25,0.191158,0.176876,0.134481,0.155658,0.341826
2018-06-26,0.190721,0.176347,0.134404,0.155541,0.342987
2018-06-27,0.190681,0.176305,0.134414,0.155550,0.343050
2018-06-28,0.190576,0.175979,0.134061,0.154215,0.345168
2018-06-29,0.190827,0.176126,0.134106,0.153888,0.345053
2018-07-02,0.191342,0.176355,0.133871,0.153120,0.345312
2018-07-03,0.191124,0.176094,0.133998,0.153259,0.345526
2018-07-05,0.190978,0.175988,0.133771,0.154065,0.345196
2018-07-06,0.190517,0.175580,0.134411,0.154841,0.344651
2018-07-09,0.190816,0.175726,0.134190,0.154489,0.344778
2018-07-10,0.190939,0.175801,0.134524,0.153689,0.345047
2018-07-11,0.190920,0.175775,0.134547,0.153750,0.345008
2018-07-12,0.190534,0.175137,0.134876,0.153235,0.346218
2018-07-13,0.190266,0.174616,0.134713,0.152064,0.348341
2018-07-16,0.190310,0.174653,0.134764,0.152022,0.348252
2018-07-17,0.190680,0.174834,0.134587,0.151835,0.348064
2018-07-18,0.190674,0.174828,0.134555,0.151808,0.348136
2018-07-19,0.190713,0.174827,0.134296,0.151561,0.348603
2018-07-20,0.191096,0.175169,0.134350,0.151002,0.348384
2018-07-23,0.191393,0.175449,0.134584,0.150352,0.348222
2018-07-24,0.191589,0.175703,0.134779,0.150748,0.347181
2018-07-25,0.191549,0.175689,0.134737,0.150846,0.347179
2018-07-26,0.190948,0.175031,0.135082,0.150694,0.348244
2018-07-27,0.190974,0.174944,0.134842,0.150319,0.348921
2018-07-30,0.191019,0.174925,0.134469,0.150251,0.349335
2018-07-31,0.190968,0.174866,0.134425,0.150192,0.349548
2018-08-01,0.190813,0.174767,0.134646,0.150327,0.349447
2018-08-02,0.190433,0.174332,0.134502,0.150981,0.349752
2018-08-03,0.190611,0.174482,0.134165,0.151038,0.349704
2018-08-06,0.190448,0.174368,0.134278,0.151501,0.349405
2018-08-07,0.190609,0.174477,0.134038,0.151493,0.349382
2018-08-08,0.190699,0.174551,0.134096,0.151420,0.349234
2018-08-09,0.190471,0.174303,0.134195,0.151374,0.349656
2018-08-10,0.190394,0.174244,0.134692,0.151545,0.349125
2018-08-13,0.190904,0.174724,0.135593,0.150587,0.348193
2018-08-14,0.190540,0.174338,0.135279,0.150731,0.349113
2018-08-15,0.190418,0.174177,0.135550,0.151020,0.348835
2018-08-16,0.189910,0.173386,0.135317,0.150960,0.350427
2018-08-17,0.190015,0.173337,0.135244,0.150857,0.350547
2018-08-20,0.189977,0.173292,0.135885,0.150795,0.350052
2018-08-21,0.189995,0.173352,0.136031,0.151213,0.349409
2018-08-22,0.189968,0.173298,0.136051,0.151259,0.349424
2018-08-23,0.190018,0.173327,0.136374,0.151279,0.349000
2018-08-24,0.189830,0.173081,0.136077,0.151123,0.349889
2018-08-27,0.189401,0.172669,0.135987,0.151499,0.350444
2018-08-28,0.189537,0.172711,0.135914,0.151219,0.350619
2018-08-29,0.189588,0.172780,0.135790,0.151692,0.350150
2018-08-30,0.189432,0.172597,0.135780,0.151820,0.350371
2018-08-31,0.189382,0.172500,0.135711,0.151853,0.350554
2018-09-04,0.189635,0.172810,0.135211,0.151829,0.350515
2018-09-05,0.189105,0.172224,0.135785,0.152182,0.350703
2018-09-06,0.188465,0.171572,0.135494,0.153142,0.351328
2018-09-07,0.188426,0.171539,0.135504,0.153399,0.351131
2018-09-10,0.188728,0.171759,0.135812,0.153747,0.349954
2018-09-11,0.188759,0.171817,0.135668,0.153611,0.350145
2018-09-12,0.188501,0.171594,0.135609,0.154795,0.349501
2018-09-13,0.188472,0.171568,0.135709,0.154823,0.349429
2018-09-14,0.188452,0.171540,0.135714,0.154843,0.349452
2018-09-17,0.188457,0.171505,0.135750,0.154855,0.349433
2018-09-18,0.188556,0.171594,0.135636,0.154443,0.349771
2018-09-19,0.188793,0.171783,0.135652,0.154290,0.349482
2018-09-20,0.189006,0.171994,0.135469,0.154413,0.349117
2018-09-21,0.188641,0.171639,0.135673,0.154777,0.349271
2018-09-24,0.188712,0.171711,0.135593,0.154634,0.349351
2018-09-25,0.188578,0.171617,0.135523,0.154524,0.349758
2018-09-26,0.188391,0.171428,0.135369,0.154246,0.350567
2018-09-27,0.188679,0.171690,0.135417,0.154216,0.349997
2018-09-28,0.188608,0.171537,0.135340,0.154413,0.350102
2018-10-01,0.188579,0.171470,0.135387,0.154449,0.350114
2018-10-02,0.188757,0.171624,0.135449,0.153685,0.350484
2018-10-03,0.188850,0.171712,0.135217,0.153712,0.350508
2018-10-04,0.189407,0.172341,0.135878,0.154554,0.347821
2018-10-05,0.188956,0.171946,0.136769,0.155532,0.346798
2018-10-08,0.189067,0.172147,0.137025,0.156148,0.345612
2018-10-09,0.188906,0.172010,0.136969,0.156074,0.346040
2018-10-10,0.188944,0.172058,0.137108,0.156297,0.345592
2018-10-11,0.188174,0.171257,0.135824,0.156889,0.347856
2018-10-12,0.188931,0.171901,0.133539,0.156952,0.348676
2018-10-15,0.189079,0.172037,0.133389,0.156102,0.349393
2018-10-16,0.189322,0.172204,0.133003,0.155466,0.350006
2018-10-17,0.188579,0.171488,0.132609,0.156313,0.351011
2018-10-18,0.188613,0.171546,0.132915,0.156663,0.350263
2018-10-19,0.188309,0.171208,0.132684,0.156649,0.351150
2018-10-22,0.188322,0.171214,0.132746,0.156625,0.351094
2018-10-23,0.188154,0.171028,0.132648,0.156829,0.351341
2018-10-24,0.188302,0.171145,0.132532,0.156485,0.351536
2018-10-25,0.188429,0.171090,0.130478,0.155546,0.354456
2018-10-26,0.188249,0.170829,0.129608,0.155523,0.355791
2018-10-29,0.188523,0.171042,0.128340,0.155708,0.356387
2018-10-30,0.188722,0.171105,0.127896,0.154797,0.357480
2018-10-31,0.188539,0.170894,0.127223,0.154982,0.358362
2018-11-01,0.188788,0.171120,0.127196,0.154468,0.358428
2018-11-02,0.188142,0.170509,0.127634,0.155476,0.358240
2018-11-05,0.188437,0.170849,0.127827,0.155919,0.356968
2018-11-06,0.188236,0.170680,0.127701,0.156645,0.356738
2018-11-07,0.188500,0.170996,0.127538,0.156355,0.356611
2018-11-08,0.188051,0.170515,0.128060,0.156547,0.356827
2018-11-09,0.187793,0.170292,0.128131,0.156654,0.357131
2018-11-12,0.187550,0.169903,0.128189,0.156002,0.358356
2018-11-13,0.187421,0.169578,0.128071,0.154965,0.359965
2018-11-14,0.187427,0.169575,0.128110,0.154961,0.359927
2018-11-15,0.187422,0.169582,0.128097,0.154935,0.359964
2018-11-16,0.187235,0.169354,0.128084,0.155057,0.360270
2018-11-19,0.187101,0.169180,0.128358,0.154788,0.360572
2018-11-20,0.187042,0.169072,0.128584,0.154347,0.360954
2018-11-21,0.186467,0.168335,0.129457,0.154485,0.361257
2018-11-23,0.186632,0.168471,0.129644,0.154291,0.360962
2018-11-26,0.186523,0.168284,0.129720,0.153991,0.361482
2018-11-27,0.186386,0.168096,0.130036,0.153960,0.361522
2018-11-28,0.186396,0.168085,0.130093,0.153894,0.361532
2018-11-29,0.185933,0.167596,0.131312,0.154315,0.360844
2018-11-30,0.186164,0.167771,0.130944,0.154404,0.360718
2018-12-03,0.186037,0.167634,0.130871,0.154597,0.360861
2018-12-04,0.185474,0.166926,0.131670,0.155622,0.360309
2018-12-06,0.185301,0.166337,0.131623,0.155664,0.361076
2018-12-07,0.185379,0.166457,0.131469,0.155628,0.361067
2018-12-10,0.185373,0.166342,0.131314,0.155752,0.361219
2018-12-11,0.185241,0.166179,0.131500,0.156075,0.361006
2018-12-12,0.185319,0.166249,0.131569,0.155985,0.360878
2018-12-13,0.185282,0.166179,0.131624,0.155933,0.360983
2018-12-14,0.185300,0.166209,0.131662,0.155932,0.360896
2018-12-17,0.184998,0.165593,0.131526,0.155633,0.362250
2018-12-18,0.184776,0.165162,0.131413,0.155941,0.362708
2018-12-19,0.184873,0.165341,0.131403,0.155940,0.362443
2018-12-20,0.184643,0.165045,0.131864,0.156586,0.361863
2018-12-21,0.185178,0.165356,0.131471,0.156690,0.361304
2018-12-24,0.184726,0.164672,0.131846,0.157036,0.361720
2018-12-26,0.184610,0.164391,0.131643,0.157253,0.362103
2018-12-27,0.183724,0.162518,0.132996,0.158149,0.362612
2018-12-28,0.183728,0.162541,0.133099,0.158224,0.362408
2018-12-31,0.183922,0.162776,0.133491,0.158586,0.361225
2019-01-02,0.184071,0.162953,0.133797,0.158907,0.360273
2019-01-03,0.184009,0.162900,0.133951,0.158941,0.360199
2019-01-04,0.185148,0.164008,0.134396,0.158642,0.357806
2019-01-07,0.186379,0.164281,0.132582,0.155293,0.361465
2019-01-08,0.186544,0.164315,0.132653,0.155182,0.361306
2019-01-09,0.186646,0.164274,0.132694,0.154867,0.361519
2019-01-10,0.186398,0.164001,0.132856,0.155167,0.361578
2019-01-11,0.186130,0.163670,0.132854,0.154447,0.362899
2019-01-14,0.186210,0.163743,0.132736,0.154278,0.363033
2019-01-15,0.186263,0.163738,0.132894,0.154274,0.362832
2019-01-16,0.186351,0.163713,0.133058,0.154378,0.362500
2019-01-17,0.186247,0.163616,0.133163,0.154444,0.362531
2019-01-18,0.186157,0.163522,0.133671,0.154231,0.362418
2019-01-22,0.186311,0.163561,0.133302,0.153274,0.363553
2019-01-23,0.186558,0.163609,0.133008,0.152794,0.364031
2019-01-24,0.186613,0.163662,0.133184,0.152732,0.363810
2019-01-25,0.186755,0.163717,0.132980,0.152542,0.364006
2019-01-28,0.186184,0.163044,0.132738,0.153298,0.364736
2019-01-29,0.186128,0.162963,0.132653,0.153438,0.364818
2019-01-30,0.185953,0.162887,0.133558,0.153638,0.363965
2019-01-31,0.186115,0.162778,0.134146,0.154358,0.362603
2019-02-01,0.186356,0.162993,0.134315,0.154309,0.362027
2019-02-04,0.186684,0.163300,0.134466,0.154620,0.360929
2019-02-05,0.186475,0.162971,0.134152,0.154482,0.361920
2019-02-06,0.187783,0.163568,0.132900,0.152769,0.362980
2019-02-07,0.187511,0.163401,0.137838,0.154694,0.356557
2019-02-08,0.187155,0.163072,0.139287,0.155229,0.355257
2019-02-11,0.187736,0.163324,0.138585,0.154509,0.355847
2019-02-12,0.189109,0.164207,0.139039,0.152728,0.354917
2019-02-13,0.188999,0.164063,0.139192,0.152975,0.354771
2019-02-14,0.189369,0.164330,0.139430,0.152780,0.354091
2019-02-15,0.189550,0.164533,0.139506,0.153100,0.353310
2019-02-19,0.188305,0.163341,0.141594,0.155333,0.351427
2019-02-20,0.188414,0.163291,0.141333,0.154609,0.352353
2019-02-21,0.188112,0.163008,0.141066,0.154542,0.353272
2019-02-22,0.188394,0.163169,0.140836,0.154419,0.353182
2019-02-25,0.188187,0.162905,0.140685,0.154441,0.353782
2019-02-26,0.188321,0.162989,0.140673,0.154419,0.353597
2019-02-27,0.188556,0.162987,0.139636,0.153102,0.355719
2019-02-28,0.188560,0.163052,0.139814,0.153237,0.355336
2019-03-01,0.189760,0.163653,0.138947,0.152254,0.355386
2019-03-04,0.189939,0.163905,0.139600,0.150723,0.355832
2019-03-05,0.189784,0.163859,0.139966,0.151044,0.355347
2019-03-06,0.189552,0.163686,0.140408,0.151385,0.354968
2019-03-07,0.189587,0.163731,0.140374,0.151400,0.354908
2019-03-08,0.190181,0.164096,0.140090,0.150983,0.354650
2019-03-11,0.190353,0.164242,0.139871,0.150302,0.355232
2019-03-12,0.190263,0.164068,0.139777,0.150050,0.355843
2019-03-13,0.190037,0.164072,0.140721,0.150800,0.354370
2019-03-14,0.190021,0.164011,0.140791,0.150753,0.354424
2019-03-15,0.189897,0.163990,0.141115,0.150646,0.354352
2019-03-18,0.189707,0.163900,0.141479,0.150989,0.353926
2019-03-19,0.189765,0.163922,0.141457,0.150958,0.353897
2019-03-20,0.189773,0.163929,0.141504,0.150982,0.353812
2019-03-21,0.190640,0.164991,0.141723,0.151308,0.351337
2019-03-22,0.190440,0.164770,0.141859,0.151629,0.351302
2019-03-25,0.191892,0.165623,0.140469,0.149369,0.352648
2019-03-26,0.192050,0.166044,0.141340,0.150086,0.350480
2019-03-27,0.192188,0.166387,0.140988,0.150208,0.350230
2019-03-28,0.193019,0.167321,0.141170,0.150273,0.348217
2019-03-29,0.192558,0.167091,0.142294,0.151003,0.347054
2019-04-01,0.192540,0.167046,0.142432,0.150916,0.347066
2019-04-02,0.193992,0.168255,0.140836,0.150499,0.346419
2019-04-03,0.194246,0.168637,0.140666,0.150176,0.346275
2019-04-04,0.194321,0.168746,0.140837,0.150369,0.345727
2019-04-05,0.194343,0.168807,0.140851,0.150467,0.345531
2019-04-08,0.194199,0.168704,0.141016,0.150686,0.345394
2019-04-09,0.193945,0.168638,0.141649,0.151588,0.344180
2019-04-10,0.194068,0.168702,0.141394,0.151442,0.344395
2019-04-11,0.194319,0.169118,0.142453,0.152061,0.342050
2019-04-12,0.194054,0.168905,0.142660,0.152160,0.342220
2019-04-15,0.194277,0.169005,0.142631,0.152569,0.341518
2019-04-16,0.194251,0.168985,0.142648,0.152600,0.341516
2019-04-17,0.194331,0.169129,0.142738,0.152676,0.341127
2019-04-18,0.194588,0.169382,0.142679,0.152655,0.340696
2019-04-22,0.193950,0.168849,0.143239,0.152862,0.341100
2019-04-23,0.194038,0.168845,0.142831,0.152384,0.341902
2019-04-24,0.194552,0.169164,0.142558,0.151681,0.342044
2019-04-25,0.194931,0.169426,0.142046,0.151491,0.342106
2019-04-26,0.195035,0.169522,0.141872,0.151297,0.342273
2019-04-29,0.195150,0.169623,0.141930,0.151471,0.341825
2019-04-30,0.195453,0.169893,0.141432,0.151059,0.342163
2019-05-01,0.195569,0.169959,0.141428,0.151029,0.342015
2019-05-02,0.195506,0.169933,0.141400,0.151634,0.341527
2019-05-03,0.195463,0.169929,0.141559,0.151988,0.341061
2019-05-06,0.194801,0.169486,0.142098,0.152498,0.341116
2019-05-07,0.194893,0.169540,0.142070,0.152589,0.340909
2019-05-08,0.194783,0.169448,0.141988,0.152632,0.341148
2019-05-09,0.194709,0.169411,0.142074,0.152790,0.341015
2019-05-10,0.194629,0.169335,0.141959,0.152753,0.341324
2019-05-13,0.194415,0.169179,0.142134,0.153101,0.341171
2019-05-14,0.195112,0.169559,0.141932,0.150914,0.342484
2019-05-15,0.194907,0.169413,0.142004,0.151064,0.342612
2019-05-16,0.194761,0.169310,0.142335,0.151332,0.342262
2019-05-17,0.195365,0.169213,0.141056,0.149732,0.344635
2019-05-20,0.195080,0.168985,0.141035,0.150008,0.344892
2019-05-21,0.195032,0.168969,0.141265,0.150110,0.344624
2019-05-22,0.194752,0.168704,0.141473,0.150097,0.344974
2019-05-23,0.195064,0.168951,0.140967,0.150203,0.344816
2019-05-24,0.195324,0.169161,0.140216,0.150089,0.345211
2019-05-28,0.195069,0.168884,0.140002,0.149877,0.346167
2019-05-29,0.194998,0.168766,0.140011,0.150246,0.345979
2019-05-30,0.194750,0.168556,0.140533,0.150499,0.345663
2019-05-31,0.192592,0.166751,0.141856,0.151835,0.346966
2019-06-03,0.192440,0.166687,0.141571,0.153062,0.346240
2019-06-04,0.192681,0.167005,0.141952,0.153085,0.345276
2019-06-05,0.192815,0.167121,0.142108,0.152312,0.345645
2019-06-06,0.192640,0.166960,0.141978,0.152408,0.346014
2019-06-07,0.192442,0.166785,0.141911,0.152365,0.346497
2019-06-10,0.191692,0.166329,0.142791,0.153819,0.345369
2019-06-11,0.191573,0.166320,0.142970,0.153995,0.345142
2019-06-12,0.191460,0.166216,0.142950,0.153928,0.345445
2019-06-13,0.191523,0.166263,0.142849,0.153780,0.345584
2019-06-14,0.191505,0.166323,0.143316,0.154378,0.344478
2019-06-17,0.191418,0.166243,0.143323,0.154464,0.344553
2019-06-18,0.191139,0.165928,0.143345,0.154468,0.345120
2019-06-19,0.191094,0.166022,0.144208,0.155782,0.342894
2019-06-20,0.191179,0.166309,0.144790,0.156515,0.341207
2019-06-21,0.190041,0.165579,0.145585,0.157952,0.340843
2019-06-24,0.190187,0.165781,0.146281,0.158588,0.339164
2019-06-25,0.190137,0.165785,0.146444,0.158720,0.338914
2019-06-26,0.190117,0.165779,0.146525,0.158696,0.338884
2019-06-27,0.190715,0.166345,0.146744,0.158845,0.337352
2019-06-28,0.190840,0.166544,0.147130,0.159438,0.336048
2019-07-01,0.190700,0.166446,0.147136,0.160224,0.335495
2019-07-02,0.190678,0.166433,0.146890,0.160146,0.335853
2019-07-03,0.190505,0.166354,0.147023,0.160136,0.335982
2019-07-05,0.190607,0.166512,0.147222,0.160308,0.335351
2019-07-08,0.190553,0.166833,0.148772,0.161278,0.332565
2019-07-09,0.190800,0.167031,0.148768,0.161234,0.332166
2019-07-10,0.191025,0.167211,0.148588,0.161026,0.332151
2019-07-11,0.190565,0.166879,0.148743,0.162003,0.331810
2019-07-12,0.190543,0.167013,0.149426,0.162766,0.330252
2019-07-15,0.190896,0.167457,0.149131,0.163441,0.329076
2019-07-16,0.191144,0.167655,0.148931,0.163469,0.328801
2019-07-17,0.191149,0.167692,0.149155,0.163712,0.328292
2019-07-18,0.191235,0.167842,0.149146,0.162958,0.328819
2019-07-19,0.191052,0.167737,0.149353,0.163098,0.328760
2019-07-22,0.190803,0.167589,0.149797,0.163163,0.328647
2019-07-23,0.190559,0.167408,0.149659,0.163833,0.328540
2019-07-24,0.190370,0.167228,0.149503,0.163926,0.328973
2019-07-25,0.190017,0.166837,0.149547,0.163785,0.329814
2019-07-26,0.189658,0.166606,0.150090,0.164237,0.329408
2019-07-29,0.189865,0.166811,0.149953,0.164333,0.329037
2019-07-30,0.189994,0.166910,0.149821,0.164390,0.328885
2019-07-31,0.189981,0.166914,0.150214,0.164251,0.328640
2019-08-01,0.189814,0.166777,0.150244,0.163854,0.329310
2019-08-02,0.191797,0.168552,0.148708,0.163676,0.327267
2019-08-05,0.191793,0.168570,0.148872,0.163443,0.327322
2019-08-06,0.191990,0.169013,0.148856,0.160925,0.329216
2019-08-07,0.191635,0.168906,0.149224,0.161439,0.328796
2019-08-08,0.191556,0.168823,0.149533,0.161060,0.329027
2019-08-09,0.190897,0.168388,0.149810,0.161542,0.329363
2019-08-12,0.190781,0.168379,0.150046,0.161798,0.328996
2019-08-13,0.191057,0.168607,0.149413,0.161773,0.329149
2019-08-14,0.190982,0.168587,0.149061,0.161918,0.329452
2019-08-15,0.191528,0.169267,0.148919,0.159638,0.330648
2019-08-16,0.191869,0.169719,0.149170,0.160531,0.328711
2019-08-19,0.192322,0.170348,0.149584,0.160094,0.327651
2019-08-20,0.192631,0.170617,0.149507,0.160060,0.327185
2019-08-21,0.192912,0.170868,0.149556,0.160095,0.326569
2019-08-22,0.192911,0.170856,0.149431,0.159899,0.326903
2019-08-23,0.192822,0.170828,0.149617,0.160000,0.326732
2019-08-26,0.193069,0.171087,0.149195,0.159641,0.327009
2019-08-27,0.193086,0.171141,0.149396,0.159510,0.326867
2019-08-28,0.193320,0.171326,0.149696,0.159336,0.326321
2019-08-29,0.193197,0.171245,0.149707,0.159415,0.326436
2019-08-30,0.193139,0.171166,0.149910,0.158963,0.326822
2019-09-03,0.193219,0.171263,0.149898,0.158858,0.326762
2019-09-04,0.193651,0.171644,0.150075,0.157692,0.326938
2019-09-05,0.192809,0.171088,0.150573,0.158418,0.327113
2019-09-06,0.194224,0.172318,0.148962,0.156227,0.328269
2019-09-09,0.194333,0.172408,0.148865,0.156053,0.328340
2019-09-10,0.194715,0.172790,0.147951,0.156537,0.328007
2019-09-11,0.195184,0.173172,0.146925,0.156714,0.328005
2019-09-12,0.195221,0.173201,0.146945,0.156376,0.328258
2019-09-13,0.195193,0.173151,0.146791,0.156514,0.328351
2019-09-16,0.196006,0.174034,0.147154,0.156702,0.326104
2019-09-17,0.196444,0.174370,0.148329,0.156232,0.324625
2019-09-18,0.196520,0.174451,0.148056,0.156151,0.324821
2019-09-19,0.196390,0.174334,0.148002,0.156511,0.324763
2019-09-20,0.196167,0.174124,0.147807,0.156676,0.325225
2019-09-23,0.196369,0.174295,0.147586,0.156754,0.324997
2019-09-24,0.196696,0.174559,0.147620,0.156085,0.325040
2019-09-25,0.197044,0.174879,0.146583,0.156093,0.325401
2019-09-26,0.197452,0.175256,0.146871,0.155731,0.324690
2019-09-27,0.197452,0.175267,0.146745,0.155710,0.324825
2019-09-30,0.197195,0.175100,0.146553,0.155887,0.325265
2019-10-01,0.197135,0.175030,0.146733,0.155888,0.325214
2019-10-02,0.197173,0.175173,0.146247,0.155997,0.325409
2019-10-03,0.196910,0.175144,0.145684,0.156815,0.325447
2019-10-04,0.196646,0.175080,0.146418,0.157273,0.324582
2019-10-07,0.196036,0.174494,0.146176,0.156792,0.326501
2019-10-08,0.196441,0.174810,0.145714,0.156404,0.326632
2019-10-09,0.196290,0.174702,0.145171,0.156099,0.327739
2019-10-10,0.196401,0.174817,0.144996,0.155949,0.327838
2019-10-11,0.196941,0.175202,0.144356,0.156227,0.327273
2019-10-14,0.198621,0.176635,0.144047,0.155167,0.325530
2019-10-15,0.198080,0.176194,0.146109,0.155102,0.324515
2019-10-16,0.198239,0.176272,0.146014,0.156025,0.323451
2019-10-17,0.198197,0.176222,0.146028,0.156280,0.323272
2019-10-18,0.198739,0.176706,0.146753,0.155659,0.322143
2019-10-21,0.198903,0.176790,0.146346,0.154972,0.322989
2019-10-22,0.199588,0.177377,0.146237,0.155014,0.321785
2019-10-23,0.199579,0.177363,0.146158,0.155008,0.321892
2019-10-24,0.199597,0.177363,0.146111,0.155089,0.321840
2019-10-25,0.199492,0.177287,0.146312,0.155228,0.321681
2019-10-28,0.199661,0.177507,0.148587,0.155172,0.319073
2019-10-29,0.199841,0.177652,0.149636,0.155020,0.317851
2019-10-30,0.199595,0.177431,0.151354,0.154623,0.316998
2019-10-31,0.199818,0.177643,0.151030,0.154708,0.316801
2019-11-01,0.200093,0.177842,0.151187,0.154408,0.316470
2019-11-04,0.199852,0.177730,0.150798,0.154845,0.316776
2019-11-05,0.201113,0.178795,0.150138,0.153530,0.316424
2019-11-06,0.200928,0.178575,0.149703,0.153585,0.317210
2019-11-07,0.201114,0.178737,0.149326,0.153335,0.317488
2019-11-08,0.201574,0.179084,0.149113,0.153493,0.316736
2019-11-11,0.202010,0.179536,0.148642,0.153430,0.316381
2019-11-12,0.202255,0.179709,0.148353,0.153108,0.316575
2019-11-13,0.202529,0.180064,0.148348,0.153314,0.315745
2019-11-14,0.202942,0.180555,0.147964,0.153655,0.314883
2019-11-15,0.203110,0.180710,0.147733,0.153518,0.314928
2019-11-18,0.203091,0.180733,0.147695,0.153451,0.315029
2019-11-19,0.203219,0.180913,0.147552,0.153369,0.314947
2019-11-20,0.203347,0.181021,0.147411,0.153430,0.314791
2019-11-21,0.203710,0.181418,0.147134,0.153349,0.314389
2019-11-22,0.204586,0.182479,0.146248,0.153099,0.313587
2019-11-25,0.204775,0.182669,0.146125,0.153108,0.313322
2019-11-26,0.204943,0.182981,0.145724,0.153158,0.313194
2019-11-27,0.204981,0.183099,0.145529,0.153446,0.312944
2019-11-29,0.205079,0.183154,0.145576,0.153332,0.312859
2019-12-02,0.205616,0.183834,0.144754,0.153323,0.312473
2019-12-03,0.205074,0.183480,0.145302,0.153730,0.312414
2019-12-04,0.205212,0.183435,0.145804,0.153902,0.311647
2019-12-05,0.205986,0.184359,0.145259,0.152828,0.311568
2019-12-06,0.206444,0.185459,0.145125,0.152545,0.310427
2019-12-09,0.206624,0.185588,0.145560,0.151614,0.310614
2019-12-10,0.206692,0.185885,0.145791,0.151397,0.310235
2019-12-11,0.206700,0.185959,0.145900,0.151340,0.310102
2019-12-12,0.206582,0.185896,0.146101,0.151624,0.309797
2019-12-13,0.206796,0.186069,0.146409,0.151844,0.308882
2019-12-16,0.206765,0.186043,0.146699,0.152239,0.308254
2019-12-17,0.207368,0.187005,0.146372,0.151877,0.307379
2019-12-18,0.207721,0.187731,0.146371,0.151532,0.306646
2019-12-19,0.207682,0.187637,0.146524,0.151793,0.306364
2019-12-20,0.207907,0.188104,0.146274,0.151572,0.306144
2019-12-23,0.207603,0.187828,0.146211,0.150866,0.307492
2019-12-24,0.208512,0.189126,0.145453,0.150179,0.306730
2019-12-26,0.208851,0.189770,0.145578,0.149656,0.306145
2019-12-27,0.210084,0.192930,0.144060,0.148712,0.304214
2019-12-30,0.210116,0.192952,0.143988,0.148723,0.304222
2019-12-31,0.210080,0.192776,0.143623,0.148383,0.305138
2020-01-02,0.210208,0.192809,0.143562,0.148236,0.305186
2020-01-03,0.209868,0.192607,0.144027,0.148879,0.304619
2020-01-06,0.209065,0.191760,0.144044,0.150305,0.304825
2020-01-07,0.207326,0.191563,0.147099,0.153173,0.300839
2020-01-08,0.207022,0.191491,0.147565,0.153481,0.300441
2020-01-09,0.206948,0.191532,0.147700,0.153989,0.299831
2020-01-10,0.207310,0.192091,0.147397,0.153678,0.299525
2020-01-13,0.207198,0.191923,0.147370,0.154172,0.299337
2020-01-14,0.207170,0.191920,0.147461,0.154318,0.299130
2020-01-15,0.207368,0.192206,0.147075,0.153909,0.299442
2020-01-16,0.207256,0.192278,0.147161,0.154127,0.299178
2020-01-17,0.207288,0.192410,0.147032,0.154135,0.299135
2020-01-21,0.207320,0.192474,0.147146,0.154111,0.298949
2020-01-22,0.206894,0.192139,0.147569,0.154952,0.298446
2020-01-23,0.206585,0.192283,0.147957,0.155542,0.297632
2020-01-24,0.206609,0.192306,0.147968,0.155493,0.297624
2020-01-27,0.206524,0.192320,0.147752,0.155404,0.298000
2020-01-28,0.206090,0.192859,0.147391,0.155433,0.298227
2020-01-29,0.206347,0.193251,0.146592,0.155439,0.298371
2020-01-30,0.206405,0.193218,0.146577,0.155573,0.298227
2020-01-31,0.207104,0.194386,0.145284,0.154323,0.298903
2020-02-03,0.206920,0.194504,0.144347,0.154136,0.300093
2020-02-04,0.207074,0.194522,0.143882,0.153757,0.300765
2020-02-05,0.207394,0.194952,0.144504,0.151640,0.301510
2020-02-06,0.207771,0.195331,0.144255,0.150404,0.302240
2020-02-07,0.207902,0.195503,0.144152,0.150406,0.302036
2020-02-10,0.208214,0.195928,0.144472,0.149094,0.302292
2020-02-11,0.208038,0.195826,0.144463,0.149186,0.302488
2020-02-12,0.208338,0.196052,0.144345,0.148781,0.302484
2020-02-13,0.208406,0.196289,0.144427,0.148239,0.302639
2020-02-14,0.208426,0.196199,0.144444,0.147918,0.303013
2020-02-18,0.208360,0.196129,0.144450,0.147579,0.303482
2020-02-19,0.208588,0.196651,0.144411,0.147139,0.303211
2020-02-20,0.208725,0.196817,0.144316,0.147023,0.303118
2020-02-21,0.208959,0.197030,0.144456,0.146632,0.302923
2020-02-24,0.209486,0.197446,0.144350,0.145631,0.303087
2020-02-25,0.208043,0.196986,0.146079,0.141055,0.307837
2020-02-26,0.204755,0.194469,0.147723,0.141413,0.311639
2020-02-27,0.204644,0.194341,0.147706,0.141438,0.311872
2020-02-28,0.199583,0.191119,0.151163,0.142074,0.316062
2020-03-02,0.202570,0.193981,0.149242,0.141309,0.312899
2020-03-03,0.200874,0.191124,0.151603,0.141585,0.314814
2020-03-04,0.202151,0.192736,0.152879,0.137718,0.314517
2020-03-05,0.201145,0.191075,0.154921,0.136700,0.316159
2020-03-06,0.201904,0.191424,0.156238,0.132279,0.318156
2020-03-09,0.203069,0.192402,0.155861,0.128295,0.320373
2020-03-10,0.195956,0.182679,0.172108,0.126870,0.322388
2020-03-11,0.199658,0.185969,0.170688,0.118364,0.325321
2020-03-12,0.193668,0.181458,0.182619,0.127551,0.314704
2020-03-13,0.179216,0.170293,0.207634,0.148523,0.294334
2020-03-16,0.179760,0.171018,0.204589,0.150505,0.294127
2020-03-17,0.177321,0.166029,0.210118,0.133935,0.312596
2020-03-18,0.181376,0.170038,0.210339,0.129034,0.309213
2020-03-19,0.178706,0.169159,0.225272,0.140412,0.286452
2020-03-20,0.179164,0.169464,0.223585,0.140422,0.287366
2020-03-23,0.180031,0.170421,0.224796,0.136382,0.288371
2020-03-24,0.181146,0.172689,0.218203,0.135566,0.292396
2020-03-25,0.177788,0.169216,0.223573,0.136878,0.292544
2020-03-26,0.177630,0.169464,0.224412,0.138287,0.290207
2020-03-27,0.177603,0.169102,0.227916,0.139407,0.285973
2020-03-30,0.177590,0.169038,0.228501,0.138940,0.285931
2020-03-31,0.177585,0.169037,0.228154,0.139098,0.286127
2020-04-01,0.176941,0.168453,0.229672,0.139138,0.285797
2020-04-02,0.176357,0.168073,0.229442,0.140312,0.285815
2020-04-03,0.175701,0.167721,0.229922,0.140586,0.286071
2020-04-06,0.175753,0.167740,0.230225,0.140788,0.285494
2020-04-07,0.173003,0.165987,0.231353,0.142271,0.287386
2020-04-08,0.173024,0.166006,0.231229,0.142303,0.287438
2020-04-09,0.173000,0.165921,0.231704,0.142802,0.286573
2020-04-13,0.174496,0.167232,0.236922,0.146337,0.275013
2020-04-14,0.174662,0.167329,0.237215,0.146529,0.274264
2020-04-15,0.174196,0.167017,0.237654,0.146638,0.274495
2020-04-16,0.174254,0.167194,0.236481,0.146719,0.275353
2020-04-17,0.174220,0.167159,0.236576,0.146706,0.275339
2020-04-20,0.174309,0.167207,0.236071,0.146730,0.275683
2020-04-21,0.174369,0.167253,0.236032,0.146953,0.275394
2020-04-22,0.174060,0.167234,0.235601,0.147463,0.275642
2020-04-23,0.173805,0.167137,0.235435,0.147581,0.276041
2020-04-24,0.173731,0.167068,0.235662,0.147554,0.275985
2020-04-27,0.173791,0.167129,0.235746,0.147608,0.275726
2020-04-28,0.173885,0.167220,0.235531,0.147556,0.275809
2020-04-29,0.173885,0.167201,0.235793,0.147575,0.275546
2020-04-30,0.173515,0.166987,0.235833,0.148007,0.275658
2020-05-01,0.173224,0.166803,0.236017,0.148081,0.275875
2020-05-04,0.172918,0.166600,0.236152,0.148399,0.275931
2020-05-05,0.173007,0.166706,0.236038,0.148331,0.275918
2020-05-06,0.173019,0.166735,0.235869,0.148389,0.275987
2020-05-07,0.172929,0.166694,0.236290,0.148511,0.275576
2020-05-08,0.172640,0.166447,0.236615,0.148700,0.275598
2020-05-11,0.172624,0.166470,0.236061,0.148900,0.275945
2020-05-12,0.172614,0.166474,0.236222,0.148974,0.275716
2020-05-13,0.172508,0.166425,0.236102,0.149328,0.275638
2020-05-14,0.172498,0.166431,0.236075,0.149318,0.275677
2020-05-15,0.172425,0.166380,0.236105,0.149263,0.275827
2020-05-18,0.172359,0.166341,0.236065,0.149326,0.275909
2020-05-19,0.172118,0.166286,0.234861,0.149881,0.276854
2020-05-20,0.172152,0.166324,0.234846,0.149828,0.276850
2020-05-21,0.171929,0.166165,0.234958,0.150101,0.276847
2020-05-22,0.171752,0.166026,0.235283,0.150092,0.276849
2020-05-26,0.171628,0.165909,0.235764,0.150057,0.276642
2020-05-27,0.171661,0.165959,0.235434,0.150118,0.276829
2020-05-28,0.171578,0.165896,0.235524,0.150074,0.276928
2020-05-29,0.171583,0.165904,0.235501,0.150057,0.276955
2020-06-01,0.171474,0.165814,0.235812,0.150030,0.276870
2020-06-02,0.171221,0.165600,0.236408,0.150005,0.276767
2020-06-03,0.171237,0.165616,0.236222,0.150053,0.276871
2020-06-04,0.171310,0.165702,0.235901,0.150247,0.276840
2020-06-05,0.171296,0.165685,0.235954,0.150296,0.276769
2020-06-08,0.171355,0.165769,0.235233,0.150419,0.277225
2020-06-09,0.171262,0.165719,0.235202,0.150391,0.277426
2020-06-10,0.171260,0.165718,0.235095,0.150395,0.277531
2020-06-11,0.171335,0.165791,0.235112,0.150400,0.277361
2020-06-12,0.169700,0.164643,0.235422,0.151504,0.278731
2020-06-15,0.169653,0.164632,0.235269,0.151505,0.278941
2020-06-16,0.169639,0.164634,0.235326,0.151564,0.278837
2020-06-17,0.169631,0.164639,0.235194,0.151568,0.278968
2020-06-18,0.169722,0.164746,0.234991,0.151443,0.279097
2020-06-19,0.169711,0.164727,0.235008,0.151335,0.279219
2020-06-22,0.169843,0.164878,0.234877,0.151196,0.279206
2020-06-23,0.169787,0.164827,0.234832,0.151148,0.279406
2020-06-24,0.169770,0.164813,0.234845,0.151170,0.279402
2020-06-25,0.169497,0.164645,0.234740,0.151393,0.279726
2020-06-26,0.169398,0.164555,0.234737,0.151438,0.279872
2020-06-29,0.169333,0.164522,0.234569,0.151383,0.280192
2020-06-30,0.169253,0.164454,0.234539,0.151441,0.280313
2020-07-01,0.169182,0.164402,0.234677,0.151451,0.280288
2020-07-02,0.169208,0.164431,0.234575,0.151462,0.280325
2020-07-06,0.169209,0.164443,0.234579,0.151476,0.280293
2020-07-07,0.169138,0.164389,0.234150,0.151505,0.280818
2020-07-08,0.169221,0.164484,0.233798,0.151427,0.281071
2020-07-09,0.169160,0.164440,0.233677,0.151504,0.281219
2020-07-10,0.169281,0.164575,0.233320,0.151450,0.281373
2020-07-13,0.169340,0.164631,0.233083,0.151314,0.281632
2020-07-14,0.169329,0.164630,0.233043,0.151335,0.281663
2020-07-15,0.169268,0.164586,0.233092,0.151398,0.281657
2020-07-16,0.169242,0.164573,0.232946,0.151416,0.281824
2020-07-17,0.169176,0.164522,0.232890,0.151515,0.281897
2020-07-20,0.169170,0.164526,0.232894,0.151505,0.281905
2020-07-21,0.169161,0.164535,0.232875,0.151544,0.281885
2020-07-22,0.169044,0.164443,0.232906,0.151642,0.281966
2020-07-23,0.168792,0.164246,0.232964,0.151884,0.282115
2020-07-24,0.168806,0.164274,0.232806,0.151879,0.282236
2020-07-27,0.168863,0.164338,0.232706,0.151815,0.282278
2020-07-28,0.168601,0.164149,0.232560,0.152039,0.282651
2020-07-29,0.168614,0.164164,0.232495,0.152038,0.282690
2020-07-30,0.168540,0.164102,0.232580,0.152114,0.282664
2020-07-31,0.168505,0.164104,0.232444,0.152213,0.282734
2020-08-03,0.167972,0.163593,0.233965,0.151985,0.282485
2020-08-04,0.167987,0.163608,0.234032,0.151836,0.282536
2020-08-05,0.167619,0.163209,0.234793,0.152213,0.282166
2020-08-06,0.167686,0.163272,0.234635,0.152078,0.282328
2020-08-07,0.167511,0.163099,0.234836,0.152200,0.282355
2020-08-10,0.167517,0.163111,0.234870,0.152257,0.282244
2020-08-11,0.167560,0.163146,0.234777,0.152218,0.282300
2020-08-12,0.166637,0.162240,0.236087,0.152967,0.282069
2020-08-13,0.166745,0.162351,0.235847,0.152804,0.282253
2020-08-14,0.166579,0.162162,0.236430,0.153011,0.281819
2020-08-17,0.166424,0.162013,0.236704,0.152863,0.281996
2020-08-18,0.166274,0.161864,0.236952,0.153048,0.281863
2020-08-19,0.166263,0.161856,0.236955,0.153078,0.281849
2020-08-20,0.166048,0.161664,0.237215,0.153204,0.281870
2020-08-21,0.166040,0.161649,0.237201,0.153274,0.281836
2020-08-24,0.166042,0.161652,0.237164,0.153279,0.281863
2020-08-25,0.166006,0.161615,0.237286,0.153239,0.281854
2020-08-26,0.166056,0.161663,0.237190,0.153199,0.281893
2020-08-27,0.166046,0.161667,0.237217,0.153124,0.281946
2020-08-28,0.166044,0.161667,0.237147,0.153268,0.281874
2020-08-31,0.165951,0.161582,0.237289,0.153358,0.281819
2020-09-01,0.166004,0.161635,0.237100,0.153364,0.281898
2020-09-02,0.165891,0.161530,0.237280,0.153595,0.281704
2020-09-03,0.165957,0.161613,0.237288,0.153470,0.281672
2020-09-04,0.165072,0.160828,0.239100,0.153667,0.281333
2020-09-08,0.165067,0.160834,0.239328,0.153693,0.281078
2020-09-09,0.164619,0.160436,0.240513,0.153363,0.281070
2020-09-10,0.164245,0.160086,0.241546,0.153157,0.280966
2020-09-11,0.164119,0.159983,0.241700,0.153188,0.281010
2020-09-14,0.164095,0.159960,0.241767,0.153187,0.280992
2020-09-15,0.163665,0.159566,0.242650,0.153131,0.280988
2020-09-16,0.163587,0.159530,0.242412,0.153243,0.281229
2020-09-17,0.163627,0.159568,0.242223,0.153287,0.281295
2020-09-18,0.163606,0.159554,0.242286,0.153261,0.281292
2020-09-21,0.163532,0.159492,0.242372,0.153295,0.281309
2020-09-22,0.163208,0.159177,0.242108,0.153586,0.281922
2020-09-23,0.163198,0.159175,0.242056,0.153688,0.281883
2020-09-24,0.162513,0.158518,0.243413,0.153894,0.281661
2020-09-25,0.162340,0.158365,0.243809,0.153955,0.281531
2020-09-28,0.162290,0.158320,0.243941,0.153933,0.281517
2020-09-29,0.162113,0.158158,0.244192,0.153999,0.281539
2020-09-30,0.162125,0.158174,0.244107,0.154030,0.281563
2020-10-01,0.162127,0.158160,0.244341,0.153840,0.281532
2020-10-02,0.161987,0.157994,0.244905,0.153740,0.281374
2020-10-05,0.161970,0.157976,0.244847,0.153694,0.281513
2020-10-06,0.162191,0.158192,0.244103,0.153400,0.282115
2020-10-07,0.162160,0.158164,0.244030,0.153342,0.282306
2020-10-08,0.162183,0.158169,0.243945,0.153281,0.282421
2020-10-09,0.162100,0.158082,0.244134,0.153319,0.282365
2020-10-12,0.161798,0.157784,0.244992,0.153147,0.282279
2020-10-13,0.161484,0.157477,0.246140,0.153044,0.281855
2020-10-14,0.161384,0.157384,0.246389,0.152942,0.281902
2020-10-15,0.161227,0.157242,0.246903,0.152860,0.281768
2020-10-16,0.161219,0.157237,0.246914,0.152857,0.281772
2020-10-19,0.161206,0.157224,0.246965,0.152865,0.281741
2020-10-20,0.161127,0.157154,0.247099,0.152945,0.281674
2020-10-21,0.161053,0.157083,0.247392,0.152785,0.281686
2020-10-22,0.161033,0.157066,0.247449,0.152779,0.281674
2020-10-23,0.161083,0.157113,0.247304,0.152785,0.281715
2020-10-26,0.161072,0.157106,0.247294,0.152833,0.281694
2020-10-27,0.160954,0.157006,0.247292,0.152937,0.281811
2020-10-28,0.160873,0.156937,0.247597,0.152910,0.281682
2020-10-29,0.160300,0.156388,0.247900,0.153205,0.282206
2020-10-30,0.160354,0.156450,0.247793,0.153177,0.282226
2020-11-02,0.160097,0.156221,0.248551,0.153110,0.282021
2020-11-03,0.159820,0.155937,0.249282,0.153089,0.281872
2020-11-04,0.159633,0.155773,0.249756,0.152988,0.281849
2020-11-05,0.159371,0.155543,0.251076,0.153023,0.280989
2020-11-06,0.159011,0.155166,0.251362,0.153188,0.281273
2020-11-09,0.158766,0.154961,0.252293,0.153086,0.280893
2020-11-10,0.158940,0.155108,0.251887,0.152999,0.281065
2020-11-11,0.158987,0.155153,0.252027,0.152739,0.281094
2020-11-12,0.158964,0.155129,0.252046,0.152756,0.281105
2020-11-13,0.159107,0.155278,0.251481,0.152752,0.281382
2020-11-16,0.158931,0.155117,0.251760,0.152779,0.281413
2020-11-17,0.158886,0.155077,0.251707,0.152852,0.281478
2020-11-18,0.158872,0.155064,0.251811,0.152840,0.281413
2020-11-19,0.158809,0.155005,0.251900,0.152837,0.281449
2020-11-20,0.158771,0.154973,0.251943,0.152919,0.281394
2020-11-23,0.158767,0.154966,0.252015,0.152879,0.281373
2020-11-24,0.158788,0.154981,0.251898,0.152898,0.281436
2020-11-25,0.158862,0.155051,0.251503,0.152893,0.281691
2020-11-27,0.158857,0.155052,0.251549,0.152853,0.281689
2020-11-30,0.158857,0.155055,0.251619,0.152811,0.281658
2020-12-01,0.158768,0.154967,0.251749,0.152750,0.281765
2020-12-02,0.159055,0.155254,0.250953,0.152373,0.282366
2020-12-03,0.159032,0.155261,0.250786,0.152387,0.282534
2020-12-04,0.159008,0.155234,0.250774,0.152468,0.282517
2020-12-07,0.159186,0.155412,0.249931,0.152642,0.282830
2020-12-08,0.159233,0.155452,0.249645,0.152780,0.282890
2020-12-09,0.159235,0.155450,0.249643,0.152785,0.282887
2020-12-10,0.159126,0.155343,0.249802,0.152758,0.282970
2020-12-11,0.159118,0.155337,0.249841,0.152680,0.283024
2020-12-14,0.159126,0.155354,0.249619,0.152702,0.283199
2020-12-15,0.159108,0.155346,0.249569,0.152641,0.283337
2020-12-16,0.159003,0.155248,0.249464,0.152719,0.283566
2020-12-17,0.159017,0.155258,0.249497,0.152588,0.283640
2020-12-18,0.158983,0.155225,0.249455,0.152587,0.283750
2020-12-21,0.158953,0.155200,0.249470,0.152599,0.283777
2020-12-22,0.159007,0.155261,0.249242,0.152589,0.283901
2020-12-23,0.159052,0.155302,0.249239,0.152386,0.284020
2020-12-24,0.159108,0.155363,0.248906,0.152465,0.284158
2020-12-28,0.159133,0.155388,0.248853,0.152467,0.284159
2020-12-29,0.159124,0.155379,0.248855,0.152470,0.284171
2020-12-30,0.159128,0.155381,0.248827,0.152498,0.284166
2020-12-31,0.159095,0.155353,0.248811,0.152508,0.284233
2021-01-04,0.159098,0.155361,0.248732,0.152445,0.284364
2021-01-05,0.158937,0.155223,0.249298,0.152262,0.284279
2021-01-06,0.159001,0.155283,0.248759,0.152394,0.284563
2021-01-07,0.159252,0.155515,0.247923,0.152705,0.284605
2021-01-08,0.159299,0.155576,0.247649,0.152732,0.284744
2021-01-11,0.159333,0.155589,0.247441,0.152801,0.284836
2021-01-12,0.159247,0.155520,0.247593,0.152857,0.284782
2021-01-13,0.159195,0.155464,0.247619,0.152903,0.284819
2021-01-14,0.159233,0.155502,0.247542,0.152975,0.284748
2021-01-15,0.159299,0.155567,0.247267,0.153033,0.284835
2021-01-19,0.159316,0.155577,0.246910,0.153086,0.285111
2021-01-20,0.159257,0.155517,0.246930,0.153135,0.285161
2021-01-21,0.159146,0.155395,0.246983,0.153200,0.285275
2021-01-22,0.159138,0.155389,0.247028,0.153204,0.285241
2021-01-25,0.159136,0.155386,0.246972,0.153199,0.285306
2021-01-26,0.159144,0.155382,0.246996,0.153222,0.285255
2021-01-27,0.159089,0.155292,0.247581,0.153084,0.284954
2021-01-28,0.158839,0.155070,0.247696,0.153162,0.285233
2021-01-29,0.158857,0.155091,0.247518,0.153160,0.285374
2021-02-01,0.158727,0.154980,0.247563,0.153256,0.285474
2021-02-02,0.158336,0.154546,0.248252,0.153174,0.285693
2021-02-03,0.158482,0.154679,0.247527,0.153330,0.285982
2021-02-04,0.158435,0.154627,0.247370,0.153716,0.285853
2021-02-05,0.158421,0.154614,0.247263,0.153892,0.285810
2021-02-08,0.158451,0.154644,0.247099,0.153918,0.285888
2021-02-09,0.158282,0.154473,0.247325,0.154114,0.285807
2021-02-10,0.158264,0.154451,0.247443,0.154079,0.285763
2021-02-11,0.158250,0.154437,0.247424,0.154151,0.285737
2021-02-12,0.158241,0.154428,0.247419,0.154222,0.285690
2021-02-16,0.158323,0.154508,0.247090,0.154281,0.285798
2021-02-17,0.158503,0.154681,0.246595,0.154493,0.285728
2021-02-18,0.158518,0.154699,0.246509,0.154528,0.285746
2021-02-19,0.158456,0.154646,0.246525,0.154593,0.285780
2021-02-22,0.158537,0.154725,0.246182,0.154667,0.285889
2021-02-23,0.158530,0.154727,0.246140,0.154775,0.285827
2021-02-24,0.158558,0.154705,0.245772,0.155735,0.285231
2021-02-25,0.158807,0.154923,0.245475,0.155862,0.284933
2021-02-26,0.158343,0.154501,0.246848,0.156707,0.283601
2021-03-01,0.159347,0.155360,0.244232,0.157253,0.283809
2021-03-02,0.158697,0.154761,0.245214,0.157377,0.283950
2021-03-03,0.158754,0.154964,0.244702,0.157869,0.283710
2021-03-04,0.158360,0.154544,0.244434,0.159108,0.283554
2021-03-05,0.158172,0.154465,0.244166,0.159797,0.283401
2021-03-08,0.157951,0.154301,0.243390,0.161301,0.283057
2021-03-09,0.157376,0.153777,0.244198,0.162843,0.281806
2021-03-10,0.156951,0.153997,0.240821,0.167626,0.280605
2021-03-11,0.155045,0.152164,0.241777,0.173418,0.277596
2021-03-12,0.156073,0.153306,0.238864,0.171034,0.280723
2021-03-15,0.159585,0.156972,0.231074,0.163070,0.289300
2021-03-16,0.158223,0.155748,0.234748,0.162350,0.288930
2021-03-17,0.156011,0.155791,0.229391,0.185310,0.273496
2021-03-18,0.151338,0.150969,0.227277,0.199451,0.270965
2021-03-19,0.151873,0.151576,0.216445,0.187087,0.293020
2021-03-22,0.151240,0.150969,0.218304,0.187328,0.292159
2021-03-23,0.148750,0.148430,0.214667,0.200471,0.287682
2021-03-24,0.144655,0.143657,0.221099,0.211034,0.279555
2021-03-25,0.145778,0.145553,0.214401,0.214683,0.279585
2021-03-26,0.145429,0.145001,0.213873,0.212285,0.283411
2021-03-29,0.144344,0.144516,0.207767,0.211648,0.291726
2021-03-30,0.143654,0.143875,0.206767,0.214929,0.290775
2021-03-31,0.143437,0.143684,0.207314,0.214986,0.290580
2021-04-01,0.143667,0.143914,0.206987,0.214588,0.290844
2021-04-05,0.143385,0.143637,0.207296,0.214361,0.291320
2021-04-06,0.144044,0.144095,0.206911,0.213648,0.291302
2021-04-07,0.144145,0.144256,0.206039,0.213170,0.292390
2021-04-08,0.146771,0.146274,0.204740,0.211446,0.290768
2021-04-09,0.146699,0.146173,0.204950,0.211570,0.290609
2021-04-12,0.146437,0.146061,0.204299,0.210356,0.292847
2021-04-13,0.140149,0.140274,0.191587,0.196659,0.331332
2021-04-14,0.139675,0.139900,0.190724,0.195862,0.333839
2021-04-15,0.140136,0.140236,0.190465,0.195578,0.333585
2021-04-16,0.139938,0.139837,0.192374,0.197769,0.330081
2021-04-19,0.140044,0.139943,0.192329,0.197995,0.329689
2021-04-20,0.139803,0.139766,0.193052,0.198376,0.329003
2021-04-21,0.139526,0.139559,0.192047,0.197886,0.330982
2021-04-22,0.139187,0.138922,0.191959,0.197719,0.332212
2021-04-23,0.139346,0.138931,0.191980,0.197792,0.331951
2021-04-26,0.139428,0.139019,0.191657,0.197529,0.332368
2021-04-27,0.139195,0.138784,0.191284,0.197210,0.333526
2021-04-28,0.139032,0.138621,0.191478,0.197603,0.333266
2021-04-29,0.138834,0.138440,0.191202,0.197375,0.334149
2021-04-30,0.138856,0.138353,0.190499,0.196082,0.336210
2021-05-03,0.139342,0.138721,0.189954,0.195954,0.336029
2021-05-04,0.139542,0.138810,0.189283,0.194968,0.337396
2021-05-05,0.139492,0.138763,0.189141,0.194968,0.337636
2021-05-06,0.139364,0.138624,0.189280,0.194869,0.337863
2021-05-07,0.139130,0.138355,0.188381,0.194439,0.339696
2021-05-10,0.139360,0.138573,0.187531,0.193565,0.340970
2021-05-11,0.139070,0.138209,0.188839,0.193559,0.340324
2021-05-12,0.138905,0.138052,0.188338,0.193299,0.341407
2021-05-13,0.138264,0.137305,0.189427,0.194528,0.340476
2021-05-14,0.138382,0.137425,0.189762,0.194624,0.339807
2021-05-17,0.138103,0.137088,0.189895,0.195314,0.339601
2021-05-18,0.138159,0.137109,0.190009,0.195392,0.339330
2021-05-19,0.138444,0.137211,0.192411,0.194332,0.337602
2021-05-20,0.138318,0.137064,0.192585,0.194872,0.337161
2021-05-21,0.138514,0.137221,0.192615,0.194252,0.337398
2021-05-24,0.138741,0.137402,0.192546,0.194148,0.337163
2021-05-25,0.138615,0.137257,0.192604,0.194197,0.337327
2021-05-26,0.138672,0.137289,0.193012,0.194173,0.336855
2021-05-27,0.138726,0.137326,0.192755,0.194594,0.336599
2021-05-28,0.138794,0.137395,0.192702,0.194503,0.336606
2021-06-01,0.138719,0.137303,0.192274,0.194244,0.337460
2021-06-02,0.138813,0.137350,0.192178,0.194206,0.337453
2021-06-03,0.138647,0.137176,0.192401,0.194141,0.337635
2021-06-04,0.137954,0.136469,0.193377,0.195114,0.337085
2021-06-07,0.138073,0.136574,0.193437,0.195292,0.336624
2021-06-08,0.137868,0.136348,0.194723,0.195699,0.335362
2021-06-09,0.138201,0.136648,0.194566,0.195631,0.334953
2021-06-10,0.138296,0.136725,0.194373,0.195931,0.334674
2021-06-11,0.137975,0.136409,0.193996,0.196031,0.335590
2021-06-14,0.140332,0.138134,0.192460,0.194077,0.334997
2021-06-15,0.140473,0.138227,0.192431,0.194342,0.334528
2021-06-16,0.140257,0.137991,0.192113,0.194135,0.335504
2021-06-17,0.140231,0.137941,0.192956,0.195221,0.333651
2021-06-18,0.140647,0.138327,0.192003,0.194333,0.334691
2021-06-21,0.141284,0.138967,0.190267,0.193587,0.335895
2021-06-22,0.141744,0.139419,0.188605,0.193100,0.337132
2021-06-23,0.141858,0.139526,0.188653,0.193006,0.336957
2021-06-24,0.141911,0.139573,0.188663,0.193071,0.336782
2021-06-25,0.142448,0.139942,0.188509,0.192713,0.336389
2021-06-28,0.142697,0.140172,0.188332,0.192487,0.336312
2021-06-29,0.143071,0.140489,0.188043,0.192429,0.335969
2021-06-30,0.143231,0.140636,0.188180,0.192265,0.335688
2021-07-01,0.143243,0.140615,0.187928,0.192454,0.335761
2021-07-02,0.143209,0.140579,0.188012,0.192550,0.335649
2021-07-06,0.143179,0.140531,0.187990,0.192494,0.335806
2021-07-07,0.143658,0.140927,0.187310,0.192593,0.335513
2021-07-08,0.143506,0.140751,0.187373,0.193771,0.334598
2021-07-09,0.143578,0.140794,0.187480,0.193724,0.334424
2021-07-12,0.143724,0.140908,0.186215,0.194781,0.334371
2021-07-13,0.143633,0.140817,0.186379,0.195081,0.334091
2021-07-14,0.143631,0.140805,0.186601,0.195456,0.333506
2021-07-15,0.143905,0.141044,0.186065,0.195550,0.333435
2021-07-16,0.144076,0.141192,0.185820,0.195713,0.333198
2021-07-19,0.144038,0.141104,0.186000,0.195753,0.333106
2021-07-20,0.144899,0.141896,0.180617,0.197184,0.335403
2021-07-21,0.145055,0.142019,0.179217,0.197245,0.336465
2021-07-22,0.145554,0.142447,0.177978,0.197286,0.336735
2021-07-23,0.146168,0.142946,0.177703,0.196871,0.336313
2021-07-26,0.146222,0.142978,0.177514,0.197138,0.336147
2021-07-27,0.146240,0.142999,0.177501,0.197210,0.336049
2021-07-28,0.147041,0.143633,0.177262,0.196808,0.335255
2021-07-29,0.146918,0.143492,0.177416,0.197039,0.335134
2021-07-30,0.147006,0.143531,0.176999,0.196639,0.335824
2021-08-02,0.147244,0.143706,0.176989,0.196439,0.335622
2021-08-03,0.147337,0.143782,0.176482,0.196603,0.335796
2021-08-04,0.147205,0.143644,0.176417,0.197387,0.335347
2021-08-05,0.147641,0.144090,0.175846,0.196817,0.335606
2021-08-06,0.147779,0.144213,0.175268,0.197247,0.335493
2021-08-09,0.148104,0.144526,0.174901,0.197708,0.334761
2021-08-10,0.148000,0.144407,0.174862,0.197589,0.335141
2021-08-11,0.148027,0.144445,0.175082,0.197569,0.334876
2021-08-12,0.149424,0.145863,0.172716,0.194116,0.337881
2021-08-13,0.149002,0.145426,0.173196,0.195466,0.336911
2021-08-16,0.149225,0.145667,0.173233,0.195955,0.335920
2021-08-17,0.149400,0.145833,0.173199,0.195721,0.335847
2021-08-18,0.149461,0.145866,0.172600,0.194909,0.337165
2021-08-19,0.149417,0.145823,0.172194,0.194767,0.337799
2021-08-20,0.149817,0.146175,0.171786,0.193705,0.338517
2021-08-23,0.149771,0.146150,0.171596,0.193473,0.339010
2021-08-24,0.149439,0.145729,0.171802,0.193782,0.339248
2021-08-25,0.149381,0.145651,0.172262,0.193674,0.339032
2021-08-26,0.149320,0.145593,0.172374,0.194074,0.338639
2021-08-27,0.149289,0.145550,0.172230,0.194382,0.338550
2021-08-30,0.148769,0.144979,0.172805,0.194436,0.339011
2021-08-31,0.148952,0.145140,0.172513,0.194149,0.339246
2021-09-01,0.148840,0.145030,0.172657,0.194538,0.338934
2021-09-02,0.148757,0.144931,0.172351,0.194218,0.339742
2021-09-03,0.148824,0.144978,0.172293,0.194281,0.339624
2021-09-07,0.149951,0.145963,0.171019,0.194926,0.338140
2021-09-08,0.149528,0.145507,0.170504,0.195829,0.338633
2021-09-09,0.150019,0.145886,0.169491,0.197630,0.336974
2021-09-10,0.150790,0.146594,0.168392,0.196886,0.337337
2021-09-13,0.150985,0.146750,0.168007,0.197482,0.336776
2021-09-14,0.150916,0.146676,0.168139,0.197543,0.336725
2021-09-15,0.151374,0.147100,0.168085,0.197332,0.336110
2021-09-16,0.151514,0.147216,0.167876,0.197060,0.336334
2021-09-17,0.151416,0.147082,0.168345,0.196738,0.336418
2021-09-20,0.151273,0.146918,0.168294,0.197137,0.336377
2021-09-21,0.151618,0.147220,0.167889,0.195829,0.337444
2021-09-22,0.152503,0.148089,0.168172,0.194956,0.336280
2021-09-23,0.152406,0.147960,0.168139,0.194907,0.336588
2021-09-24,0.154602,0.150045,0.167000,0.192653,0.335700
2021-09-27,0.154540,0.149991,0.167191,0.192829,0.335449
2021-09-28,0.154925,0.150350,0.166224,0.192848,0.335652
2021-09-29,0.154827,0.150223,0.165773,0.193488,0.335689
2021-09-30,0.155011,0.150382,0.165324,0.193282,0.336000
2021-10-01,0.155332,0.150710,0.163238,0.194014,0.336705
2021-10-04,0.155446,0.150798,0.163294,0.194546,0.335916
2021-10-05,0.155634,0.151034,0.163343,0.193792,0.336198
2021-10-06,0.155318,0.150701,0.163607,0.196369,0.334004
2021-10-07,0.155568,0.150953,0.163709,0.196016,0.333754
2021-10-08,0.155809,0.151168,0.164228,0.195728,0.333067
2021-10-11,0.156084,0.151446,0.163963,0.195623,0.332883
2021-10-12,0.156447,0.151873,0.163903,0.195753,0.332024
2021-10-13,0.156746,0.152125,0.164300,0.195613,0.331216
2021-10-14,0.156596,0.151953,0.164488,0.196246,0.330717
2021-10-15,0.156410,0.151787,0.164476,0.196917,0.330410
2021-10-18,0.156683,0.152050,0.164739,0.196872,0.329656
2021-10-19,0.156769,0.152137,0.164633,0.196794,0.329667
2021-10-20,0.157034,0.152374,0.164495,0.196505,0.329593
2021-10-21,0.156880,0.152202,0.164446,0.197012,0.329460
2021-10-22,0.156991,0.152294,0.164665,0.197218,0.328831
2021-10-25,0.156895,0.152199,0.164694,0.197324,0.328888
2021-10-26,0.156860,0.152163,0.164747,0.197411,0.328819
2021-10-27,0.157090,0.152337,0.164421,0.198156,0.327996
2021-10-28,0.157684,0.152911,0.165083,0.195277,0.329044
2021-10-29,0.159670,0.154773,0.163347,0.194845,0.327364
2021-11-01,0.159374,0.154486,0.163535,0.195101,0.327503
2021-11-02,0.159641,0.154698,0.163267,0.194922,0.327473
2021-11-03,0.160360,0.155404,0.162345,0.195019,0.326872
2021-11-04,0.160539,0.155497,0.162009,0.196002,0.325954
2021-11-05,0.160553,0.155429,0.159995,0.195207,0.328816
2021-11-08,0.161903,0.156736,0.160135,0.195690,0.325536
2021-11-09,0.161971,0.156803,0.160056,0.195620,0.325549
2021-11-10,0.161645,0.156591,0.160272,0.197183,0.324309
2021-11-11,0.161927,0.156920,0.160311,0.201731,0.319111
2021-11-12,0.162202,0.157160,0.160058,0.201859,0.318720
2021-11-15,0.161730,0.156683,0.160726,0.203101,0.317759
2021-11-16,0.162181,0.157079,0.160766,0.203381,0.316594
2021-11-17,0.162365,0.157203,0.160816,0.203230,0.316385
2021-11-18,0.162322,0.157163,0.160877,0.203342,0.316296
2021-11-19,0.162614,0.157438,0.160185,0.203530,0.316234
2021-11-22,0.162595,0.157382,0.160097,0.203461,0.316465
2021-11-23,0.162455,0.157288,0.161177,0.204707,0.314373
2021-11-24,0.162490,0.157360,0.161368,0.205059,0.313723
2021-11-26,0.162484,0.157320,0.161471,0.205610,0.313115
2021-11-29,0.162423,0.156981,0.161930,0.205157,0.313508
2021-11-30,0.162386,0.156970,0.161266,0.205707,0.313671
2021-12-01,0.162571,0.157104,0.160259,0.206052,0.314015
2021-12-02,0.161488,0.155961,0.159654,0.211185,0.311711
2021-12-03,0.161402,0.155853,0.159946,0.210162,0.312638
2021-12-06,0.161926,0.156361,0.160179,0.209408,0.312126
2021-12-07,0.162289,0.156676,0.161580,0.206748,0.312708
2021-12-08,0.161856,0.156255,0.161871,0.206379,0.313640
2021-12-09,0.162131,0.156528,0.162115,0.205477,0.313749
2021-12-10,0.162154,0.156485,0.162063,0.205385,0.313913
2021-12-13,0.162014,0.156335,0.161723,0.205997,0.313931
2021-12-14,0.162320,0.156626,0.162335,0.205123,0.313596
2021-12-15,0.162040,0.156324,0.162497,0.205572,0.313568
2021-12-16,0.162458,0.156679,0.162043,0.205586,0.313234
2021-12-17,0.162639,0.156868,0.160231,0.207104,0.313158
2021-12-20,0.162883,0.157090,0.160215,0.206907,0.312905
2021-12-21,0.162719,0.156891,0.160256,0.207120,0.313015
2021-12-22,0.162393,0.156474,0.160752,0.206540,0.313840
2021-12-23,0.161718,0.155782,0.160612,0.208681,0.313206
2021-12-27,0.161766,0.155815,0.160995,0.208200,0.313224
2021-12-28,0.161589,0.155597,0.160614,0.208388,0.313813
2021-12-29,0.161606,0.155603,0.160603,0.208409,0.313779
2021-12-30,0.161817,0.155817,0.160908,0.208322,0.313135
2021-12-31,0.161982,0.155966,0.160693,0.208418,0.312941
2022-01-03,0.161997,0.155981,0.160547,0.208468,0.313007
2022-01-04,0.162800,0.156763,0.161474,0.207843,0.311121
2022-01-05,0.162932,0.156880,0.161899,0.207737,0.310552
2022-01-06,0.161739,0.155695,0.163235,0.208421,0.310911
2022-01-07,0.161655,0.155604,0.163699,0.208562,0.310481
2022-01-10,0.161792,0.155804,0.163985,0.208491,0.309929
2022-01-11,0.162017,0.155972,0.163577,0.208267,0.310168
2022-01-12,0.161811,0.155716,0.164008,0.208559,0.309905
2022-01-13,0.161687,0.155578,0.163938,0.208072,0.310726
2022-01-14,0.161822,0.155683,0.164323,0.206679,0.311493
2022-01-18,0.162439,0.156326,0.165332,0.206374,0.309529
2022-01-19,0.162734,0.156671,0.166148,0.207171,0.307276
2022-01-20,0.163657,0.157571,0.164022,0.207369,0.307382
2022-01-21,0.163895,0.157791,0.162910,0.207358,0.308047
2022-01-24,0.164655,0.158494,0.163433,0.205365,0.308053
2022-01-25,0.164738,0.158583,0.162981,0.205225,0.308473
2022-01-26,0.164672,0.158532,0.162913,0.205453,0.308430
2022-01-27,0.165332,0.159091,0.163839,0.206419,0.305319
2022-01-28,0.165790,0.159531,0.164640,0.203757,0.306281
2022-01-31,0.166638,0.160229,0.161901,0.204240,0.306993
2022-02-01,0.167822,0.161294,0.161360,0.203621,0.305903
2022-02-02,0.167606,0.161132,0.162623,0.202998,0.305640
2022-02-03,0.167535,0.161059,0.162712,0.203208,0.305486
2022-02-04,0.166982,0.160523,0.164333,0.204134,0.304029
2022-02-07,0.167744,0.161302,0.164510,0.205250,0.301194
2022-02-08,0.168146,0.161672,0.164270,0.204925,0.300988
2022-02-09,0.168507,0.162017,0.164598,0.204016,0.300862
2022-02-10,0.167995,0.161447,0.165068,0.204216,0.301274
2022-02-11,0.168218,0.161826,0.168156,0.208117,0.293683
2022-02-14,0.168995,0.162582,0.169275,0.206713,0.292434
2022-02-15,0.168885,0.162527,0.169712,0.207226,0.291650
2022-02-16,0.169528,0.163140,0.170481,0.203942,0.292909
2022-02-17,0.169746,0.163357,0.170781,0.203875,0.292241
2022-02-18,0.169699,0.163288,0.171536,0.202836,0.292641
2022-02-22,0.169853,0.163412,0.171678,0.202383,0.292675
2022-02-23,0.170152,0.163719,0.171819,0.200928,0.293382
2022-02-24,0.170045,0.163584,0.172355,0.201364,0.292652
2022-02-25,0.172028,0.165247,0.169062,0.197562,0.296102
2022-02-28,0.171218,0.164474,0.172069,0.194820,0.297419
2022-03-01,0.172668,0.165669,0.174530,0.191822,0.295311
2022-03-02,0.174146,0.167106,0.174613,0.189990,0.294145
2022-03-03,0.176943,0.169917,0.171450,0.189127,0.292562
2022-03-04,0.177862,0.170737,0.170792,0.188502,0.292108
2022-03-07,0.179187,0.171962,0.169902,0.187379,0.291571
2022-03-08,0.180373,0.172910,0.167708,0.183774,0.295235
2022-03-09,0.183633,0.176040,0.164480,0.179660,0.296188
2022-03-10,0.188293,0.180485,0.157406,0.171564,0.302251
2022-03-11,0.188892,0.181020,0.158174,0.171656,0.300258
2022-03-14,0.188217,0.180383,0.158094,0.172216,0.301089
2022-03-15,0.188036,0.180266,0.161499,0.175750,0.294448
2022-03-16,0.188858,0.181050,0.159897,0.174505,0.295690
2022-03-17,0.187497,0.179464,0.161025,0.174537,0.297477
2022-03-18,0.188941,0.180702,0.159392,0.172824,0.298140
2022-03-21,0.189154,0.180855,0.159448,0.172270,0.298273
2022-03-22,0.191959,0.183781,0.156549,0.171066,0.296644
2022-03-23,0.191895,0.183709,0.156903,0.172003,0.295491
2022-03-24,0.192218,0.184029,0.156900,0.171858,0.294995
2022-03-25,0.192220,0.183991,0.157028,0.171909,0.294852
2022-03-28,0.193365,0.185122,0.157471,0.173196,0.290846
2022-03-29,0.195091,0.186796,0.154692,0.170695,0.292726
2022-03-30,0.194588,0.186306,0.155631,0.171865,0.291610
2022-03-31,0.194803,0.186497,0.155548,0.171849,0.291302
2022-04-01,0.195495,0.187040,0.154833,0.171247,0.291384
2022-04-04,0.195614,0.187133,0.155096,0.171042,0.291115
2022-04-05,0.195392,0.186911,0.155352,0.171071,0.291274
2022-04-06,0.194804,0.186623,0.157420,0.173927,0.287227
2022-04-07,0.194920,0.186733,0.157463,0.174021,0.286863
2022-04-08,0.194891,0.186725,0.157411,0.174126,0.286847
2022-04-11,0.195128,0.187010,0.157169,0.174534,0.286160
2022-04-12,0.195067,0.186983,0.157406,0.174522,0.286023
2022-04-13,0.195459,0.187321,0.158061,0.174945,0.284213
2022-04-14,0.195675,0.187516,0.157861,0.174572,0.284376
2022-04-18,0.195358,0.187390,0.158542,0.175675,0.283035
2022-04-19,0.195488,0.187529,0.158321,0.175697,0.282965
2022-04-20,0.196210,0.188148,0.159372,0.174191,0.282080
2022-04-21,0.196814,0.188727,0.159408,0.174349,0.280703
2022-04-22,0.196054,0.188159,0.160273,0.175278,0.280235
2022-04-25,0.195360,0.187469,0.160417,0.175738,0.281015
2022-04-26,0.196065,0.188183,0.159583,0.176453,0.279717
2022-04-27,0.196282,0.188510,0.159910,0.174743,0.280554
2022-04-28,0.196359,0.188646,0.160029,0.174860,0.280106
2022-04-29,0.195962,0.188321,0.160332,0.174536,0.280848
2022-05-02,0.194348,0.187195,0.162119,0.175688,0.280650
2022-05-03,0.194539,0.187492,0.162196,0.175734,0.280039
2022-05-04,0.194524,0.187540,0.162263,0.175745,0.279928
2022-05-05,0.193093,0.186203,0.164216,0.177857,0.278631
2022-05-06,0.190450,0.184121,0.167177,0.180873,0.277380
2022-05-09,0.190374,0.184093,0.167368,0.181266,0.276899
2022-05-10,0.189916,0.183571,0.164910,0.182461,0.279142
2022-05-11,0.190172,0.183805,0.164387,0.182647,0.278988
2022-05-12,0.191640,0.185233,0.163746,0.181435,0.277946
2022-05-13,0.192061,0.185604,0.163600,0.180260,0.278474
2022-05-16,0.192668,0.186181,0.163004,0.179837,0.278309
2022-05-17,0.192765,0.186285,0.163031,0.179929,0.277990
2022-05-18,0.193190,0.186710,0.163319,0.179539,0.277242
2022-05-19,0.192805,0.186334,0.162740,0.179935,0.278185
2022-05-20,0.193008,0.186504,0.162851,0.179855,0.277781
2022-05-23,0.193038,0.186537,0.162863,0.179911,0.277651
2022-05-24,0.193388,0.186885,0.162467,0.179702,0.277557
2022-05-25,0.193733,0.187298,0.162889,0.180507,0.275573
2022-05-26,0.193720,0.187343,0.163226,0.181140,0.274572
2022-05-27,0.193438,0.187080,0.163568,0.181532,0.274383
2022-05-31,0.192703,0.186428,0.164117,0.182192,0.274560
2022-06-01,0.192685,0.186495,0.165030,0.183076,0.272714
2022-06-02,0.192942,0.186750,0.164833,0.182955,0.272521
2022-06-03,0.192544,0.186313,0.164977,0.183230,0.272935
2022-06-06,0.192454,0.186270,0.165000,0.183169,0.273107
2022-06-07,0.192815,0.186645,0.165150,0.183405,0.271985
2022-06-08,0.192536,0.186395,0.165430,0.183729,0.271910
2022-06-09,0.192255,0.186166,0.165673,0.184188,0.271718
2022-06-10,0.191603,0.185554,0.166013,0.184561,0.272269
2022-06-13,0.191538,0.185472,0.166979,0.185382,0.270628
2022-06-14,0.187858,0.182439,0.173596,0.192971,0.263136
2022-06-15,0.187816,0.182396,0.173794,0.193144,0.262849
2022-06-16,0.187169,0.182043,0.175793,0.195787,0.259207
2022-06-17,0.186626,0.181495,0.176240,0.196546,0.259093
2022-06-21,0.186423,0.181276,0.175937,0.197359,0.259005
2022-06-22,0.186399,0.181225,0.176602,0.197423,0.258351
2022-06-23,0.186884,0.181746,0.175816,0.198103,0.257451
2022-06-24,0.187159,0.182052,0.174955,0.198381,0.257453
2022-06-27,0.186780,0.181632,0.175130,0.198593,0.257865
2022-06-28,0.186808,0.181671,0.175352,0.198717,0.257452
2022-06-29,0.186531,0.181412,0.175581,0.198971,0.257505
2022-06-30,0.186762,0.181656,0.174988,0.199286,0.257307
2022-07-01,0.187225,0.182086,0.173878,0.199226,0.257585
2022-07-05,0.187842,0.182722,0.174217,0.198915,0.256304
2022-07-06,0.190292,0.185074,0.169462,0.195120,0.260052
2022-07-07,0.190202,0.185006,0.170332,0.195391,0.259068
2022-07-08,0.190625,0.185382,0.169713,0.194021,0.260258
2022-07-11,0.190977,0.185728,0.169431,0.193286,0.260578
2022-07-12,0.191277,0.186042,0.169883,0.192168,0.260629
2022-07-13,0.191953,0.186677,0.168161,0.191653,0.261556
2022-07-14,0.191978,0.186717,0.168163,0.191674,0.261468
2022-07-15,0.191697,0.186478,0.168518,0.191617,0.261690
2022-07-18,0.191186,0.186013,0.169230,0.192212,0.261359
2022-07-19,0.191608,0.186456,0.168639,0.191895,0.261402
2022-07-20,0.190755,0.185688,0.170899,0.191308,0.261350
2022-07-21,0.190839,0.185767,0.171252,0.191063,0.261079
2022-07-22,0.190860,0.185940,0.171769,0.191819,0.259612
2022-07-25,0.191775,0.186840,0.171302,0.190488,0.259596
2022-07-26,0.191957,0.187020,0.170982,0.190289,0.259752
2022-07-27,0.191916,0.186976,0.171016,0.190341,0.259750
2022-07-28,0.191142,0.186281,0.171982,0.190510,0.260085
2022-07-29,0.190635,0.185925,0.172927,0.191588,0.258926
2022-08-01,0.190560,0.185883,0.173072,0.191584,0.258901
2022-08-02,0.190725,0.186061,0.172488,0.191819,0.258908
2022-08-03,0.190652,0.186032,0.172872,0.192748,0.257696
2022-08-04,0.190440,0.185921,0.173018,0.193049,0.257572
2022-08-05,0.190490,0.186003,0.173043,0.193237,0.257228
2022-08-08,0.190709,0.186244,0.173217,0.194427,0.255402
2022-08-09,0.190696,0.186242,0.173512,0.194396,0.255153
2022-08-10,0.190840,0.186427,0.173427,0.194238,0.255068
2022-08-11,0.190419,0.186102,0.173734,0.194566,0.255179
2022-08-12,0.190740,0.186460,0.172867,0.194720,0.255212
2022-08-15,0.190140,0.186011,0.173252,0.195462,0.255136
2022-08-16,0.190371,0.186215,0.173370,0.194497,0.255547
2022-08-17,0.190352,0.186191,0.173382,0.194584,0.255492
2022-08-18,0.190322,0.186245,0.173552,0.194942,0.254939
2022-08-19,0.190341,0.186265,0.173687,0.195020,0.254687
2022-08-22,0.189796,0.185833,0.174159,0.195906,0.254307
2022-08-23,0.189514,0.185664,0.174657,0.195898,0.254267
2022-08-24,0.189983,0.186190,0.174513,0.195175,0.254139
2022-08-25,0.190067,0.186286,0.174183,0.195330,0.254135
2022-08-26,0.189788,0.186159,0.174382,0.195646,0.254025
2022-08-29,0.189048,0.185610,0.174847,0.196191,0.254304
2022-08-30,0.189622,0.186274,0.174376,0.195553,0.254174
2022-08-31,0.189632,0.186223,0.174046,0.195550,0.254548
2022-09-01,0.189494,0.186057,0.174341,0.195743,0.254364
2022-09-02,0.189744,0.186245,0.174759,0.194671,0.254582
2022-09-06,0.190037,0.186526,0.174733,0.194244,0.254461
2022-09-07,0.190255,0.186732,0.174821,0.194237,0.253954
2022-09-08,0.190510,0.187223,0.175448,0.192414,0.254405
2022-09-09,0.190563,0.187275,0.175265,0.192325,0.254572
2022-09-12,0.189974,0.186679,0.175393,0.193040,0.254915
2022-09-13,0.189835,0.186545,0.175612,0.192784,0.255225
2022-09-14,0.189405,0.186482,0.178102,0.189232,0.256780
2022-09-15,0.189329,0.186406,0.178096,0.189322,0.256846
2022-09-16,0.188983,0.186035,0.178465,0.189850,0.256668
2022-09-19,0.189039,0.186122,0.178562,0.189810,0.256467
2022-09-20,0.189118,0.186224,0.178565,0.189714,0.256380
2022-09-21,0.188807,0.185987,0.179077,0.190177,0.255952
2022-09-22,0.189169,0.186352,0.178450,0.189736,0.256293
2022-09-23,0.189277,0.186517,0.178692,0.190401,0.255113
2022-09-26,0.188369,0.185607,0.179171,0.191345,0.255509
2022-09-27,0.188045,0.185287,0.180466,0.192686,0.253516
2022-09-28,0.187978,0.185239,0.180412,0.192912,0.253459
2022-09-29,0.187266,0.184565,0.183378,0.196072,0.248720
2022-09-30,0.186844,0.184223,0.184065,0.196096,0.248772
2022-10-03,0.186541,0.183916,0.185017,0.196159,0.248367
2022-10-04,0.185278,0.182732,0.187400,0.196410,0.248180
2022-10-05,0.184255,0.181918,0.188440,0.197020,0.248367
2022-10-06,0.184224,0.181924,0.188297,0.197394,0.248160
2022-10-07,0.184277,0.182010,0.188007,0.197388,0.248318
2022-10-10,0.183680,0.181634,0.187873,0.198160,0.248653
2022-10-11,0.183442,0.181391,0.188365,0.198524,0.248278
2022-10-12,0.183423,0.181361,0.188390,0.198548,0.248279
2022-10-13,0.183471,0.181414,0.188295,0.198530,0.248290
2022-10-14,0.183972,0.181963,0.188467,0.196921,0.248676
2022-10-17,0.183504,0.181524,0.188987,0.197222,0.248763
2022-10-18,0.183224,0.181477,0.188746,0.196719,0.249833
2022-10-19,0.183166,0.181464,0.188797,0.196769,0.249804
2022-10-20,0.182972,0.181325,0.188975,0.197505,0.249224
2022-10-21,0.183060,0.181433,0.189069,0.197619,0.248819
2022-10-24,0.182597,0.181101,0.189441,0.198069,0.248792
2022-10-25,0.182770,0.181285,0.188787,0.198162,0.248998
2022-10-26,0.182371,0.180978,0.189503,0.198496,0.248652
2022-10-27,0.182300,0.180863,0.189850,0.198661,0.248327
2022-10-28,0.182239,0.180795,0.189660,0.199670,0.247637
2022-10-31,0.182725,0.181316,0.190014,0.197783,0.248163
2022-11-01,0.182732,0.181331,0.190216,0.198030,0.247691
2022-11-02,0.182777,0.181362,0.190479,0.197626,0.247756
2022-11-03,0.182542,0.181192,0.191078,0.196902,0.248286
2022-11-04,0.182537,0.181197,0.191248,0.196924,0.248093
2022-11-07,0.181669,0.180210,0.191949,0.197302,0.248871
2022-11-08,0.181910,0.180479,0.191779,0.196750,0.249083
2022-11-09,0.181994,0.180563,0.191717,0.196502,0.249224
2022-11-10,0.181970,0.180541,0.191232,0.196382,0.249876
2022-11-11,0.178003,0.177072,0.196790,0.201560,0.246575
2022-11-14,0.177819,0.176905,0.196999,0.201638,0.246638
2022-11-15,0.177841,0.176935,0.197146,0.201381,0.246697
2022-11-16,0.177686,0.176814,0.197425,0.201799,0.246276
2022-11-17,0.177886,0.177014,0.197183,0.201602,0.246315
2022-11-18,0.177859,0.176955,0.197374,0.201687,0.246126
2022-11-21,0.177930,0.177022,0.197707,0.201167,0.246174
2022-11-22,0.177911,0.177008,0.197724,0.201147,0.246210
2022-11-23,0.177835,0.176942,0.197833,0.201261,0.246129
2022-11-25,0.177764,0.176888,0.197919,0.201371,0.246058
2022-11-28,0.177743,0.176868,0.198052,0.201294,0.246043
2022-11-29,0.177632,0.176894,0.198205,0.201180,0.246089
2022-11-30,0.177562,0.176806,0.198485,0.201124,0.246023
2022-12-01,0.176471,0.175745,0.200229,0.202315,0.245240
2022-12-02,0.176625,0.175893,0.200930,0.201871,0.244682
2022-12-05,0.176731,0.176023,0.200972,0.201761,0.244514
2022-12-06,0.176168,0.175403,0.201794,0.202666,0.243969
2022-12-07,0.176390,0.175633,0.201542,0.202314,0.244121
2022-12-08,0.176669,0.175927,0.201811,0.202208,0.243385
2022-12-09,0.176719,0.175980,0.201376,0.202519,0.243406
2022-12-12,0.176865,0.176161,0.201240,0.202408,0.243325
2022-12-13,0.176931,0.176236,0.201267,0.202152,0.243414
2022-12-14,0.176630,0.175917,0.201834,0.203032,0.242587
2022-12-15,0.176740,0.176047,0.201647,0.202999,0.242568
2022-12-16,0.176878,0.176178,0.200478,0.203181,0.243285
2022-12-19,0.176667,0.175969,0.201154,0.203072,0.243137
2022-12-20,0.176573,0.175879,0.201376,0.203246,0.242927
2022-12-21,0.177063,0.176385,0.200624,0.202587,0.243341
2022-12-22,0.177040,0.176424,0.200643,0.202895,0.242998
2022-12-23,0.177138,0.176545,0.200469,0.202754,0.243094
2022-12-27,0.177338,0.176743,0.200565,0.202014,0.243340
2022-12-28,0.177586,0.177034,0.200912,0.201415,0.243052
2022-12-29,0.177452,0.176899,0.200924,0.201637,0.243087
2022-12-30,0.177151,0.176643,0.200926,0.202104,0.243177
2023-01-03,0.177225,0.176726,0.201097,0.201641,0.243312
2023-01-04,0.177248,0.176759,0.201312,0.201605,0.243075
2023-01-05,0.176947,0.176521,0.201558,0.202124,0.242849
2023-01-06,0.176866,0.176445,0.201648,0.202093,0.242949
2023-01-09,0.176321,0.176032,0.202948,0.203047,0.241653
2023-01-10,0.176315,0.176021,0.202984,0.203120,0.241560
2023-01-11,0.176388,0.176095,0.202873,0.203050,0.241593
2023-01-12,0.176312,0.176026,0.202923,0.203170,0.241568
2023-01-13,0.176288,0.176026,0.203185,0.203477,0.241024
2023-01-17,0.176455,0.176195,0.203021,0.203156,0.241173
2023-01-18,0.176386,0.176138,0.203045,0.203438,0.240993
2023-01-19,0.176861,0.176604,0.202451,0.203152,0.240932
2023-01-20,0.177078,0.176829,0.202446,0.202422,0.241226
2023-01-23,0.176982,0.176747,0.203033,0.202209,0.241030
2023-01-24,0.176849,0.176624,0.203564,0.202150,0.240813
2023-01-25,0.176696,0.176478,0.203503,0.202700,0.240623
2023-01-26,0.176650,0.176432,0.203686,0.202673,0.240559
2023-01-27,0.176656,0.176446,0.203753,0.202634,0.240510
2023-01-30,0.176756,0.176555,0.203634,0.202444,0.240610
2023-01-31,0.176475,0.176289,0.203578,0.203298,0.240360
2023-02-01,0.176062,0.175908,0.205121,0.203194,0.239715
2023-02-02,0.176020,0.175967,0.205286,0.203673,0.239054
2023-02-03,0.176408,0.176373,0.204967,0.202681,0.239571
2023-02-06,0.176081,0.175948,0.206125,0.203110,0.238736
2023-02-07,0.176183,0.176111,0.205946,0.203268,0.238492
2023-02-08,0.176033,0.175954,0.206204,0.203018,0.238791
2023-02-09,0.176131,0.176060,0.206284,0.202637,0.238888
2023-02-10,0.175994,0.175919,0.206315,0.203033,0.238740
2023-02-13,0.176154,0.176137,0.206222,0.203005,0.238482
2023-02-14,0.176325,0.176347,0.205721,0.202193,0.239414
2023-02-15,0.176155,0.176173,0.205531,0.202642,0.239499
2023-02-16,0.176154,0.176154,0.205759,0.202273,0.239660
2023-02-17,0.175913,0.175927,0.205605,0.203187,0.239369
2023-02-21,0.175968,0.175984,0.205552,0.203133,0.239364
2023-02-22,0.175690,0.175785,0.205882,0.203887,0.238757
2023-02-23,0.175694,0.175787,0.205664,0.204072,0.238784
2023-02-24,0.175555,0.175654,0.205689,0.204636,0.238466
2023-02-27,0.175326,0.175443,0.205972,0.204879,0.238381
2023-02-28,0.175304,0.175437,0.205972,0.204887,0.238400
2023-03-01,0.175260,0.175411,0.205681,0.205590,0.238058
2023-03-02,0.175089,0.175251,0.205053,0.206476,0.238130
2023-03-03,0.174699,0.174854,0.205273,0.207103,0.238071
2023-03-06,0.173572,0.173672,0.207449,0.207984,0.237324
2023-03-07,0.173511,0.173605,0.207482,0.208043,0.237359
2023-03-08,0.172897,0.172968,0.208139,0.208666,0.237330
2023-03-09,0.172301,0.172449,0.209279,0.209845,0.236126
2023-03-10,0.171493,0.171662,0.210887,0.210913,0.235045
2023-03-13,0.169746,0.169815,0.215728,0.214216,0.230496
2023-03-14,0.169645,0.169656,0.216283,0.214757,0.229658
2023-03-15,0.169947,0.169959,0.215523,0.215009,0.229560
2023-03-16,0.170857,0.170938,0.213310,0.214587,0.230307
2023-03-17,0.170561,0.170657,0.213634,0.215416,0.229732
2023-03-20,0.170998,0.171196,0.213497,0.215888,0.228421
2023-03-21,0.171014,0.171270,0.213640,0.215963,0.228113
2023-03-22,0.171045,0.171325,0.213340,0.216411,0.227879
2023-03-23,0.169760,0.169951,0.217108,0.217466,0.225716
2023-03-24,0.169702,0.169891,0.217161,0.217657,0.225588
2023-03-27,0.169639,0.169825,0.217036,0.217805,0.225696
2023-03-28,0.169834,0.170031,0.216835,0.218148,0.225151
2023-03-29,0.169573,0.169737,0.217237,0.217961,0.225492
2023-03-30,0.168481,0.168683,0.219370,0.219274,0.224192
2023-03-31,0.168629,0.168887,0.219040,0.219063,0.224381
2023-04-03,0.168489,0.168753,0.219194,0.219198,0.224365
2023-04-04,0.168533,0.168832,0.219327,0.219185,0.224123
2023-04-05,0.168595,0.168859,0.218579,0.219890,0.224078
2023-04-06,0.168708,0.168988,0.218420,0.219710,0.224174
2023-04-10,0.168947,0.169243,0.218163,0.218784,0.224864
2023-04-11,0.169018,0.169316,0.218363,0.218851,0.224452
2023-04-12,0.168985,0.169278,0.218458,0.218837,0.224442
2023-04-13,0.168910,0.169188,0.218762,0.218677,0.224463
2023-04-14,0.169282,0.169597,0.217703,0.218324,0.225095
2023-04-17,0.169161,0.169468,0.217614,0.218537,0.225220
2023-04-18,0.169383,0.169718,0.217402,0.218493,0.225005
2023-04-19,0.169462,0.169778,0.217381,0.218099,0.225280
2023-04-20,0.169395,0.169706,0.217688,0.218053,0.225159
2023-04-21,0.169052,0.169382,0.217118,0.219514,0.224935
2023-04-24,0.169053,0.169367,0.217106,0.219391,0.225084
2023-04-25,0.169304,0.169602,0.216926,0.219124,0.225044
2023-04-26,0.169587,0.169922,0.217298,0.218764,0.224428
2023-04-27,0.169384,0.169693,0.218176,0.218278,0.224469
2023-04-28,0.169197,0.169499,0.218091,0.219177,0.224036
2023-05-01,0.169181,0.169463,0.217782,0.219465,0.224109
2023-05-02,0.169193,0.169463,0.217946,0.220166,0.223232
2023-05-03,0.170593,0.170802,0.213709,0.221103,0.223793
2023-05-04,0.170754,0.170937,0.213112,0.221243,0.223953
2023-05-05,0.170763,0.170928,0.213127,0.221263,0.223920
2023-05-08,0.171673,0.171937,0.210641,0.221011,0.224738
2023-05-09,0.172798,0.173069,0.209439,0.219995,0.224698
2023-05-10,0.172908,0.173179,0.209468,0.219696,0.224749
2023-05-11,0.172902,0.173301,0.211860,0.218752,0.223185
2023-05-12,0.172807,0.173185,0.212170,0.218619,0.223219
2023-05-15,0.172702,0.173080,0.212254,0.218959,0.223005
2023-05-16,0.172458,0.172831,0.212052,0.219929,0.222729
2023-05-17,0.172300,0.172690,0.212534,0.220008,0.222468
2023-05-18,0.172408,0.172812,0.211823,0.220207,0.222749
2023-05-19,0.172416,0.172790,0.211818,0.220058,0.222918
2023-05-22,0.172569,0.172982,0.212211,0.219728,0.222510
2023-05-23,0.172611,0.173034,0.211911,0.219793,0.222650
2023-05-24,0.172677,0.173124,0.212107,0.219213,0.222879
2023-05-25,0.172487,0.172954,0.212576,0.219181,0.222801
2023-05-26,0.172693,0.173118,0.213080,0.217730,0.223379
2023-05-30,0.172469,0.172891,0.213219,0.217732,0.223689
2023-05-31,0.172756,0.173202,0.212697,0.217620,0.223726
2023-06-01,0.173067,0.173533,0.212345,0.217390,0.223666
2023-06-02,0.173031,0.173480,0.212138,0.217274,0.224077
2023-06-05,0.173060,0.173525,0.212125,0.217154,0.224136
2023-06-06,0.173296,0.173839,0.212003,0.216973,0.223888
2023-06-07,0.173433,0.173978,0.211736,0.216978,0.223876
2023-06-08,0.173565,0.174109,0.210698,0.217359,0.224269
2023-06-09,0.173673,0.174218,0.210231,0.217667,0.224211
2023-06-12,0.173796,0.174329,0.210157,0.217477,0.224241
2023-06-13,0.174375,0.174935,0.209456,0.216805,0.224430
2023-06-14,0.174390,0.175015,0.209372,0.216616,0.224607
2023-06-15,0.176567,0.177281,0.206115,0.212848,0.227189
2023-06-16,0.176471,0.177169,0.206402,0.213142,0.226816
2023-06-20,0.177038,0.177737,0.205386,0.211639,0.228200
2023-06-21,0.177166,0.177890,0.205397,0.211330,0.228217
2023-06-22,0.177190,0.177936,0.205848,0.210781,0.228244
2023-06-23,0.177443,0.178131,0.205382,0.210534,0.228510
2023-06-26,0.177076,0.177760,0.206238,0.210193,0.228734
2023-06-27,0.177042,0.177708,0.206782,0.209645,0.228823
2023-06-28,0.177545,0.178286,0.206413,0.208839,0.228917
2023-06-29,0.177528,0.178271,0.206436,0.208786,0.228980
2023-06-30,0.177700,0.178427,0.206566,0.208876,0.228430
2023-07-03,0.177402,0.178128,0.207243,0.208769,0.228458
2023-07-05,0.177065,0.177808,0.208396,0.208690,0.228040
2023-07-06,0.176626,0.177396,0.208481,0.209228,0.228269
2023-07-07,0.174018,0.174830,0.214460,0.211969,0.224723
2023-07-10,0.174089,0.174898,0.213917,0.211788,0.225309
2023-07-11,0.173452,0.174301,0.215261,0.212868,0.224118
2023-07-12,0.173033,0.173870,0.216036,0.213346,0.223716
2023-07-13,0.172337,0.173123,0.216932,0.214868,0.222741
2023-07-14,0.171309,0.172067,0.219839,0.215584,0.221201
2023-07-17,0.171276,0.172040,0.219960,0.215769,0.220954
2023-07-18,0.171554,0.172317,0.219202,0.215905,0.221021
2023-07-19,0.171757,0.172526,0.218892,0.215665,0.221159
2023-07-20,0.171453,0.172204,0.219629,0.215842,0.220873
2023-07-21,0.171581,0.172361,0.219086,0.216406,0.220566
2023-07-24,0.171579,0.172359,0.219089,0.216432,0.220541
2023-07-25,0.171346,0.172096,0.219919,0.215878,0.220760
2023-07-26,0.170455,0.171195,0.220804,0.217383,0.220163
2023-07-27,0.170208,0.170948,0.221503,0.217503,0.219838
2023-07-28,0.170062,0.170763,0.221313,0.218260,0.219601
2023-07-31,0.170236,0.170974,0.220649,0.218777,0.219363
2023-08-01,0.170643,0.171366,0.219864,0.218189,0.219939
2023-08-02,0.170615,0.171315,0.219738,0.218560,0.219771
2023-08-03,0.170388,0.171034,0.220555,0.217941,0.220082
2023-08-04,0.170664,0.171329,0.221109,0.216033,0.220864
2023-08-07,0.171345,0.171976,0.220268,0.215518,0.220894
2023-08-08,0.171532,0.172158,0.219559,0.215445,0.221306
2023-08-09,0.171538,0.172179,0.220263,0.213724,0.222296
2023-08-10,0.171805,0.172486,0.219467,0.213662,0.222580
2023-08-11,0.172090,0.172744,0.219094,0.213301,0.222771
2023-08-14,0.172251,0.172883,0.219086,0.213244,0.222536
2023-08-15,0.172071,0.172675,0.219787,0.213036,0.222431
2023-08-16,0.172341,0.172891,0.219578,0.212675,0.222515
2023-08-17,0.172057,0.172608,0.219412,0.213669,0.222254
2023-08-18,0.172125,0.172692,0.219000,0.213755,0.222429
2023-08-21,0.172239,0.172777,0.218950,0.213393,0.222640
2023-08-22,0.172971,0.173514,0.217179,0.212860,0.223476
2023-08-23,0.173387,0.173903,0.216839,0.212121,0.223750
2023-08-24,0.173228,0.173632,0.217182,0.212563,0.223395
2023-08-25,0.173280,0.173712,0.216032,0.213355,0.223621
2023-08-28,0.173215,0.173645,0.216286,0.213266,0.223589
2023-08-29,0.173261,0.173638,0.216398,0.213187,0.223516
2023-08-30,0.173567,0.173849,0.216066,0.213345,0.223173
2023-08-31,0.173468,0.173720,0.216163,0.213579,0.223069
2023-09-01,0.173404,0.173707,0.216695,0.213495,0.222699
2023-09-05,0.173569,0.173906,0.216371,0.213367,0.222788
2023-09-06,0.173217,0.173614,0.215968,0.214824,0.222377
2023-09-07,0.172950,0.173354,0.216013,0.215356,0.222327
2023-09-08,0.172751,0.173179,0.216342,0.215354,0.222373
2023-09-11,0.172214,0.172541,0.215832,0.217920,0.221494
2023-09-12,0.172105,0.172433,0.215981,0.218036,0.221445
2023-09-13,0.172307,0.172675,0.216240,0.217606,0.221172
2023-09-14,0.172359,0.172738,0.216075,0.217959,0.220868
2023-09-15,0.172176,0.172366,0.212876,0.223634,0.218948
2023-09-18,0.172156,0.172357,0.212827,0.223741,0.218920
2023-09-19,0.172511,0.172760,0.212603,0.223115,0.219011
2023-09-20,0.172440,0.172688,0.212669,0.223309,0.218894
2023-09-21,0.172430,0.172676,0.212568,0.223404,0.218921
2023-09-22,0.172252,0.172473,0.212613,0.223669,0.218993
2023-09-25,0.171796,0.171997,0.213543,0.224366,0.218298
2023-09-26,0.171946,0.172091,0.213192,0.223944,0.218827
2023-09-27,0.172408,0.172616,0.212833,0.223470,0.218674
2023-09-28,0.172921,0.173188,0.211716,0.222125,0.220051
2023-09-29,0.172784,0.173050,0.212534,0.221832,0.219800
2023-10-02,0.173799,0.174197,0.210331,0.218893,0.222780
2023-10-03,0.174029,0.174313,0.209638,0.219559,0.222461
2023-10-04,0.173731,0.174025,0.210323,0.219741,0.222180
2023-10-05,0.175611,0.176024,0.207716,0.217990,0.222659
2023-10-06,0.176494,0.176779,0.206679,0.217936,0.222113
2023-10-09,0.176712,0.176959,0.205908,0.217869,0.222552
2023-10-10,0.176437,0.176551,0.206985,0.219053,0.220974
2023-10-11,0.177079,0.176964,0.207219,0.218352,0.220386
2023-10-12,0.177765,0.177637,0.206542,0.216814,0.221242
2023-10-13,0.177708,0.177540,0.206618,0.217004,0.221131
2023-10-16,0.177899,0.177640,0.205878,0.217532,0.221051
2023-10-17,0.177663,0.177377,0.204081,0.220348,0.220531
2023-10-18,0.178812,0.178512,0.203234,0.219511,0.219931
2023-10-19,0.178544,0.178052,0.203829,0.220912,0.218664
2023-10-20,0.178526,0.178000,0.204034,0.220665,0.218775
2023-10-23,0.179252,0.178658,0.202809,0.219810,0.219472
2023-10-24,0.179393,0.178789,0.202448,0.219540,0.219829
2023-10-25,0.179996,0.179280,0.202329,0.218355,0.220041
2023-10-26,0.179497,0.178775,0.204048,0.217897,0.219783
2023-10-27,0.180653,0.179843,0.201397,0.217954,0.220154
2023-10-30,0.180703,0.179945,0.201218,0.217806,0.220327
2023-10-31,0.180630,0.179882,0.201217,0.217582,0.220689
2023-11-01,0.179852,0.179070,0.200404,0.220900,0.219774
2023-11-02,0.180024,0.179257,0.200744,0.220090,0.219885
2023-11-03,0.179933,0.179241,0.201926,0.218400,0.220501
2023-11-06,0.179911,0.179196,0.201769,0.219339,0.219785
2023-11-07,0.179919,0.179178,0.201442,0.219692,0.219768
2023-11-08,0.181137,0.180568,0.200265,0.218819,0.219211
2023-11-09,0.181121,0.180566,0.199810,0.219166,0.219337
2023-11-10,0.180992,0.180433,0.200334,0.219242,0.218999
2023-11-13,0.181569,0.181030,0.201635,0.216670,0.219096
2023-11-14,0.188496,0.187275,0.194390,0.208729,0.221111
2023-11-15,0.187206,0.186119,0.196665,0.208162,0.221848
2023-11-16,0.187351,0.186219,0.196425,0.208726,0.221280
2023-11-17,0.187900,0.186728,0.195809,0.207904,0.221658
2023-11-20,0.187599,0.186414,0.196252,0.208228,0.221507
2023-11-21,0.187851,0.186706,0.196086,0.207328,0.222029
2023-11-22,0.187942,0.186809,0.196214,0.206878,0.222157
2023-11-24,0.188096,0.186960,0.196195,0.206494,0.222255
2023-11-27,0.188514,0.187376,0.195904,0.205900,0.222305
2023-11-28,0.188726,0.187544,0.195713,0.205841,0.222176
2023-11-29,0.188761,0.187551,0.196023,0.205684,0.221981
2023-11-30,0.189071,0.187792,0.195692,0.206165,0.221281
2023-12-01,0.189111,0.187808,0.195780,0.206273,0.221029
2023-12-04,0.190829,0.189509,0.194471,0.204669,0.220522
2023-12-05,0.190505,0.189271,0.194018,0.205661,0.220544
2023-12-06,0.190607,0.189372,0.193640,0.205945,0.220437
2023-12-07,0.192184,0.191022,0.191684,0.203862,0.221248
2023-12-08,0.191699,0.190543,0.191645,0.205343,0.220770
2023-12-11,0.191668,0.190540,0.191538,0.205231,0.221023
2023-12-12,0.191541,0.190411,0.192154,0.204883,0.221011
2023-12-13,0.191474,0.190344,0.192146,0.205123,0.220913
2023-12-14,0.189722,0.188497,0.194788,0.207719,0.219274
2023-12-15,0.189772,0.188380,0.194208,0.207671,0.219969
2023-12-18,0.189634,0.188247,0.194545,0.207679,0.219895
2023-12-19,0.189792,0.188393,0.196078,0.207149,0.218588
2023-12-20,0.189810,0.188378,0.196140,0.207075,0.218597
2023-12-21,0.190444,0.188983,0.195703,0.205427,0.219443
2023-12-22,0.189575,0.188157,0.196812,0.206409,0.219048
2023-12-26,0.189759,0.188312,0.196646,0.206276,0.219007
2023-12-27,0.189850,0.188384,0.196752,0.206297,0.218718
2023-12-28,0.189468,0.188011,0.196502,0.207881,0.218139
2023-12-29,0.189188,0.187674,0.196265,0.208725,0.218148
2024-01-02,0.189521,0.187962,0.196204,0.208267,0.218045
2024-01-03,0.189801,0.188182,0.196538,0.207885,0.217595
2024-01-04,0.189567,0.187960,0.196336,0.208513,0.217624
2024-01-05,0.189432,0.187819,0.196284,0.208840,0.217626
2024-01-08,0.189821,0.188084,0.195770,0.208466,0.217859
2024-01-09,0.190452,0.188789,0.195818,0.206581,0.218359
2024-01-10,0.192467,0.190635,0.193610,0.203873,0.219414
2024-01-11,0.192567,0.190736,0.193496,0.203652,0.219549
2024-01-12,0.192368,0.190547,0.193977,0.203916,0.219192
2024-01-16,0.192565,0.190708,0.193999,0.203837,0.218890
2024-01-17,0.192731,0.190891,0.193926,0.203441,0.219011
2024-01-18,0.192160,0.190338,0.194687,0.204110,0.218704
2024-01-19,0.192155,0.190334,0.194508,0.204157,0.218846
2024-01-22,0.191235,0.189448,0.195471,0.204732,0.219114
2024-01-23,0.190991,0.189195,0.195248,0.205750,0.218817
2024-01-24,0.190884,0.189065,0.195724,0.205490,0.218838
2024-01-25,0.190919,0.189093,0.195766,0.205340,0.218882
2024-01-26,0.190715,0.188890,0.196015,0.205689,0.218691
2024-01-29,0.190714,0.188897,0.196029,0.205675,0.218686
2024-01-30,0.190554,0.188758,0.196259,0.205695,0.218733
2024-01-31,0.190665,0.188887,0.196241,0.205275,0.218933
2024-02-01,0.191206,0.189370,0.195581,0.204787,0.219056
2024-02-02,0.191257,0.189520,0.195541,0.204557,0.219125
2024-02-05,0.191911,0.189987,0.194915,0.204458,0.218728
2024-02-06,0.190917,0.189034,0.195848,0.206757,0.217443
2024-02-07,0.192044,0.190326,0.193850,0.205536,0.218245
2024-02-08,0.192491,0.190691,0.193390,0.204725,0.218703
2024-02-09,0.192526,0.190721,0.193369,0.204822,0.218562
2024-02-12,0.192400,0.190568,0.193242,0.205375,0.218414
2024-02-13,0.192715,0.190875,0.192786,0.204996,0.218628
2024-02-14,0.191271,0.189397,0.194358,0.206597,0.218377
2024-02-15,0.191037,0.189196,0.194361,0.207164,0.218242
2024-02-16,0.190675,0.188803,0.194663,0.207427,0.218431
2024-02-20,0.190631,0.188814,0.194170,0.207965,0.218420
2024-02-21,0.190896,0.189026,0.194012,0.207681,0.218384
2024-02-22,0.190827,0.188968,0.193969,0.207872,0.218365
2024-02-23,0.191876,0.189799,0.192647,0.206145,0.219533
2024-02-26,0.191877,0.189825,0.193017,0.205766,0.219515
2024-02-27,0.191952,0.189913,0.193067,0.205385,0.219683
2024-02-28,0.192877,0.190774,0.192338,0.204324,0.219687
2024-02-29,0.192944,0.190821,0.192259,0.204151,0.219824
2024-03-01,0.192865,0.190740,0.192309,0.204275,0.219811
2024-03-04,0.192217,0.190043,0.193124,0.204807,0.219809
2024-03-05,0.192239,0.190056,0.192763,0.205004,0.219938
2024-03-06,0.193484,0.191289,0.191705,0.203076,0.220445
2024-03-07,0.193390,0.191171,0.191787,0.203132,0.220520
2024-03-08,0.194092,0.191871,0.191325,0.202712,0.219999
2024-03-11,0.194036,0.191815,0.191093,0.203051,0.220006
2024-03-12,0.194122,0.191845,0.190701,0.203377,0.219955
2024-03-13,0.193465,0.191419,0.189463,0.203276,0.222377
2024-03-14,0.193687,0.191768,0.188054,0.202728,0.223763
2024-03-15,0.192959,0.191146,0.189366,0.202757,0.223771
2024-03-18,0.192076,0.190296,0.190975,0.202248,0.224405
2024-03-19,0.191778,0.189980,0.191911,0.201903,0.224428
2024-03-20,0.191522,0.189849,0.191361,0.201667,0.225600
2024-03-21,0.191038,0.189356,0.191842,0.202078,0.225686
2024-03-22,0.190922,0.189257,0.191966,0.201745,0.226111
2024-03-25,0.190411,0.188814,0.191351,0.201402,0.228022
2024-03-26,0.190454,0.188886,0.191135,0.201318,0.228209
2024-03-27,0.190288,0.188709,0.191627,0.201362,0.228014
2024-03-28,0.189782,0.188201,0.191881,0.200950,0.229186
2024-04-01,0.189800,0.188198,0.191614,0.201160,0.229228
2024-04-02,0.189782,0.188200,0.191914,0.201229,0.228875
2024-04-03,0.190195,0.188631,0.191678,0.200481,0.229016
2024-04-04,0.190480,0.188807,0.191438,0.200166,0.229109
2024-04-05,0.190525,0.188849,0.191098,0.200037,0.229491
2024-04-08,0.190233,0.188613,0.191938,0.199657,0.229559
2024-04-09,0.190062,0.188432,0.192076,0.199965,0.229465
2024-04-10,0.189973,0.188364,0.192189,0.200115,0.229360
2024-04-11,0.188788,0.187449,0.193238,0.201415,0.229109
2024-04-12,0.188754,0.187370,0.193203,0.201535,0.229138
2024-04-15,0.188452,0.187015,0.193388,0.201698,0.229447
2024-04-16,0.187981,0.186573,0.194679,0.202004,0.228763
2024-04-17,0.188013,0.186690,0.194509,0.201632,0.229155
2024-04-18,0.187884,0.186539,0.194573,0.201461,0.229543
2024-04-19,0.187818,0.186478,0.194782,0.201441,0.229481
2024-04-22,0.187959,0.186614,0.194406,0.201356,0.229664
2024-04-23,0.188261,0.186915,0.194096,0.200410,0.230318
2024-04-24,0.188163,0.186824,0.194075,0.200408,0.230529
2024-04-25,0.188142,0.186824,0.193994,0.200339,0.230701
2024-04-26,0.187910,0.186591,0.193625,0.200621,0.231253
2024-04-29,0.187787,0.186511,0.193611,0.200722,0.231370
2024-04-30,0.187559,0.186266,0.193503,0.201394,0.231278
2024-05-01,0.186760,0.185277,0.194930,0.202014,0.231019
2024-05-02,0.186904,0.185472,0.194259,0.201422,0.231943
2024-05-03,0.185247,0.183911,0.199755,0.199663,0.231424
2024-05-06,0.184785,0.183490,0.200634,0.199752,0.231339
2024-05-07,0.184596,0.183178,0.200845,0.199958,0.231422
2024-05-08,0.183982,0.182532,0.203887,0.199074,0.230526
2024-05-09,0.183942,0.182479,0.203939,0.198932,0.230708
2024-05-10,0.183755,0.182168,0.204120,0.199173,0.230783
2024-05-13,0.183800,0.182183,0.203755,0.198900,0.231362
2024-05-14,0.183793,0.182222,0.203952,0.198841,0.231191
2024-05-15,0.183782,0.182207,0.203597,0.198770,0.231645
2024-05-16,0.183120,0.181462,0.204613,0.199527,0.231278
2024-05-17,0.183505,0.181845,0.204119,0.199152,0.231380
2024-05-20,0.183258,0.181478,0.205429,0.198776,0.231059
2024-05-21,0.182931,0.181211,0.205276,0.199437,0.231145
2024-05-22,0.182910,0.181190,0.205662,0.199045,0.231194
2024-05-23,0.182646,0.180755,0.206200,0.199312,0.231087
2024-05-24,0.182185,0.180124,0.206412,0.200618,0.230661
2024-05-28,0.182432,0.180293,0.206147,0.200516,0.230612
2024-05-29,0.182072,0.179976,0.205043,0.202275,0.230634
2024-05-30,0.182163,0.180006,0.205271,0.202203,0.230357
2024-05-31,0.181931,0.179785,0.205852,0.202148,0.230284
2024-06-03,0.181920,0.179806,0.205924,0.202158,0.230191
2024-06-04,0.182263,0.180211,0.205763,0.201510,0.230253
2024-06-05,0.182084,0.179951,0.205998,0.201676,0.230290
2024-06-06,0.181808,0.179600,0.206382,0.201952,0.230257
2024-06-07,0.181897,0.179596,0.206642,0.201631,0.230234
2024-06-10,0.180701,0.177887,0.210006,0.202188,0.229218
2024-06-11,0.180744,0.177864,0.210550,0.201402,0.229440
2024-06-12,0.180742,0.177882,0.210678,0.201270,0.229428
2024-06-13,0.179961,0.177119,0.211945,0.202321,0.228654
2024-06-14,0.180157,0.177324,0.211417,0.202080,0.229021
2024-06-17,0.180169,0.177335,0.211458,0.202042,0.228995
2024-06-18,0.180699,0.177870,0.210172,0.201214,0.230046
2024-06-20,0.180608,0.177750,0.210436,0.201323,0.229883
2024-06-21,0.180794,0.177957,0.210287,0.201315,0.229647
2024-06-24,0.180472,0.177510,0.211101,0.201589,0.229329
2024-06-25,0.179898,0.177043,0.211923,0.202105,0.229031
2024-06-26,0.180023,0.177106,0.211767,0.202080,0.229023
2024-06-27,0.179682,0.176816,0.212515,0.202522,0.228465
2024-06-28,0.179064,0.176151,0.213154,0.203761,0.227871
2024-07-01,0.179152,0.176251,0.213108,0.203507,0.227982
2024-07-02,0.179300,0.176475,0.211406,0.203633,0.229185
2024-07-03,0.179448,0.176610,0.211354,0.203559,0.229028
2024-07-05,0.179146,0.176237,0.211763,0.203959,0.228896
2024-07-08,0.179083,0.176067,0.211974,0.204072,0.228804
2024-07-09,0.179737,0.176564,0.211222,0.203114,0.229363
2024-07-10,0.179684,0.176525,0.211500,0.203075,0.229215
2024-07-11,0.179622,0.176464,0.211302,0.203070,0.229542
2024-07-12,0.180318,0.177134,0.208593,0.203903,0.230052
2024-07-15,0.181009,0.177871,0.207361,0.202768,0.230992
2024-07-16,0.181480,0.178359,0.206523,0.201912,0.231725
2024-07-17,0.181341,0.178178,0.206271,0.201793,0.232417
2024-07-18,0.181318,0.178067,0.205494,0.202238,0.232883
2024-07-19,0.181057,0.177790,0.205830,0.202386,0.232938
2024-07-22,0.180836,0.177411,0.206320,0.202550,0.232883
2024-07-23,0.180973,0.177504,0.206413,0.201903,0.233207
2024-07-24,0.180947,0.177470,0.206438,0.201916,0.233230
2024-07-25,0.180371,0.176967,0.206317,0.202466,0.233878
2024-07-26,0.180625,0.177167,0.205617,0.202327,0.234264
2024-07-29,0.180303,0.176939,0.205924,0.202467,0.234368
2024-07-30,0.180751,0.177375,0.205860,0.200934,0.235081
2024-07-31,0.181124,0.177707,0.205956,0.200084,0.235129
2024-08-01,0.180726,0.176974,0.206452,0.200917,0.234930
2024-08-02,0.181239,0.177308,0.206866,0.198421,0.236166
2024-08-05,0.182997,0.179014,0.207096,0.194424,0.236468
2024-08-06,0.181885,0.177673,0.206838,0.196245,0.237360
2024-08-07,0.181487,0.177271,0.206629,0.196874,0.237740
2024-08-08,0.181044,0.176858,0.208057,0.196777,0.237264
2024-08-09,0.180684,0.176250,0.208468,0.196788,0.237810
2024-08-12,0.180418,0.175974,0.209402,0.196759,0.237447
2024-08-13,0.179939,0.175448,0.210083,0.197347,0.237183
2024-08-14,0.179683,0.175309,0.209966,0.197496,0.237546
2024-08-15,0.179415,0.175046,0.211151,0.197133,0.237255
2024-08-16,0.180098,0.175590,0.211184,0.195448,0.237680
2024-08-19,0.180340,0.175803,0.210798,0.195279,0.237779
2024-08-20,0.180190,0.175636,0.211352,0.195113,0.237709
2024-08-21,0.180205,0.175653,0.211438,0.194939,0.237765
2024-08-22,0.178927,0.174430,0.214450,0.195561,0.236631
2024-08-23,0.178536,0.173998,0.215025,0.196027,0.236414
2024-08-26,0.178482,0.173719,0.214598,0.196210,0.236991
2024-08-27,0.178219,0.173413,0.216421,0.195555,0.236392
2024-08-28,0.178093,0.173290,0.216764,0.195664,0.236189
2024-08-29,0.178036,0.173093,0.217051,0.195546,0.236274
2024-08-30,0.178463,0.173440,0.217020,0.194549,0.236528
2024-09-03,0.178545,0.173503,0.216854,0.194699,0.236398
2024-09-04,0.178762,0.173273,0.215933,0.194758,0.237274
2024-09-05,0.178809,0.173372,0.215678,0.194834,0.237308
2024-09-06,0.179183,0.173663,0.215251,0.194359,0.237544
2024-09-09,0.179180,0.173310,0.214558,0.194809,0.238142
2024-09-10,0.178977,0.173071,0.214686,0.194979,0.238287
2024-09-11,0.179021,0.173130,0.214503,0.194970,0.238377
2024-09-12,0.178993,0.173042,0.214694,0.194935,0.238336
2024-09-13,0.178879,0.172642,0.215288,0.194822,0.238369
2024-09-16,0.178692,0.172421,0.215538,0.194995,0.238353
2024-09-17,0.178652,0.172376,0.215549,0.195275,0.238148
2024-09-18,0.178702,0.172407,0.215470,0.195177,0.238244
2024-09-19,0.178570,0.172226,0.215643,0.195371,0.238190
2024-09-20,0.178432,0.171661,0.215527,0.195577,0.238803
2024-09-23,0.178510,0.171733,0.215386,0.195515,0.238856
2024-09-24,0.179323,0.172358,0.214352,0.194929,0.239038
2024-09-25,0.179160,0.171941,0.214402,0.195135,0.239363
2024-09-26,0.178827,0.171650,0.215104,0.194731,0.239687
2024-09-27,0.179225,0.171939,0.214894,0.194431,0.239512
2024-09-30,0.179266,0.171962,0.214776,0.194433,0.239563
2024-10-01,0.179265,0.171929,0.214877,0.194362,0.239567
2024-10-02,0.179400,0.172052,0.214890,0.194201,0.239456
2024-10-03,0.179781,0.172405,0.215056,0.192581,0.240176
2024-10-04,0.180304,0.172925,0.213668,0.192052,0.241050
2024-10-07,0.180012,0.172698,0.214095,0.193307,0.239887
2024-10-08,0.179906,0.172733,0.214023,0.193427,0.239911
2024-10-09,0.179611,0.172293,0.215760,0.192690,0.239646
2024-10-10,0.179634,0.172307,0.214886,0.191430,0.241743
2024-10-11,0.179647,0.172283,0.215051,0.191267,0.241752
2024-10-14,0.179207,0.171851,0.215579,0.192214,0.241148
2024-10-15,0.179458,0.172037,0.215340,0.191710,0.241455
2024-10-16,0.179721,0.172270,0.216350,0.188958,0.242701
2024-10-17,0.178993,0.171597,0.218484,0.188399,0.242528
2024-10-18,0.178717,0.171400,0.219127,0.187371,0.243385
2024-10-21,0.179130,0.171657,0.218531,0.187187,0.243494
2024-10-22,0.179048,0.171804,0.219109,0.187077,0.242961
2024-10-23,0.178450,0.171175,0.221452,0.186619,0.242304
2024-10-24,0.178099,0.170694,0.222161,0.186833,0.242214
2024-10-25,0.177995,0.170578,0.221909,0.187648,0.241870
2024-10-28,0.178479,0.171001,0.220884,0.187563,0.242073
2024-10-29,0.177433,0.169942,0.224682,0.186982,0.240961
2024-10-30,0.177427,0.169930,0.224538,0.187084,0.241020
2024-10-31,0.177217,0.169756,0.224751,0.187062,0.241215
2024-11-01,0.176754,0.169247,0.225305,0.187226,0.241467
2024-11-04,0.176595,0.168969,0.224699,0.187379,0.242357
2024-11-05,0.176904,0.169021,0.222975,0.189779,0.241321
2024-11-06,0.177094,0.168950,0.222239,0.189945,0.241772
2024-11-07,0.177142,0.168932,0.223150,0.189370,0.241406
2024-11-08,0.176310,0.168073,0.224896,0.190438,0.240284
2024-11-11,0.176181,0.167869,0.225132,0.190718,0.240101
2024-11-12,0.176042,0.167560,0.224943,0.191349,0.240106
2024-11-13,0.174980,0.166594,0.224818,0.194924,0.238683
2024-11-14,0.174841,0.166434,0.224823,0.195248,0.238654
2024-11-15,0.176531,0.167406,0.221653,0.195941,0.238469
2024-11-18,0.176357,0.167188,0.221444,0.195206,0.239805
2024-11-19,0.175851,0.166477,0.222537,0.195608,0.239527
2024-11-20,0.175841,0.166463,0.222418,0.195766,0.239511
2024-11-21,0.175681,0.166313,0.222101,0.196760,0.239146
2024-11-22,0.175278,0.165912,0.221754,0.198316,0.238740
2024-11-25,0.175128,0.165753,0.221827,0.198653,0.238640
2024-11-26,0.175666,0.166512,0.223037,0.195164,0.239621
2024-11-27,0.175482,0.166360,0.223586,0.194787,0.239785
2024-11-29,0.175454,0.166362,0.223093,0.194805,0.240286
2024-12-02,0.175249,0.166166,0.223132,0.194717,0.240736
2024-12-03,0.175197,0.166141,0.222806,0.194516,0.241339
2024-12-04,0.175659,0.166437,0.221393,0.193363,0.243147
2024-12-05,0.175783,0.166488,0.220779,0.193088,0.243862
2024-12-06,0.175402,0.166124,0.221368,0.193378,0.243728
2024-12-09,0.174995,0.165762,0.222215,0.193949,0.243079
2024-12-10,0.175243,0.165987,0.222168,0.193317,0.243285
2024-12-11,0.174701,0.165479,0.221640,0.194556,0.243624
2024-12-12,0.174788,0.165530,0.221500,0.194324,0.243858
2024-12-13,0.174458,0.165199,0.221777,0.194955,0.243611
2024-12-16,0.176140,0.166419,0.217282,0.191617,0.248541
2024-12-17,0.176657,0.166987,0.216955,0.190073,0.249328
2024-12-18,0.176748,0.167024,0.216734,0.190030,0.249465
2024-12-19,0.173944,0.164656,0.219923,0.192729,0.248748
2024-12-20,0.174072,0.164794,0.219812,0.192514,0.248808
2024-12-23,0.173515,0.164263,0.220002,0.194794,0.247425
2024-12-24,0.173764,0.164417,0.220422,0.194655,0.246743
2024-12-26,0.173665,0.164317,0.220510,0.194765,0.246743
2024-12-27,0.173749,0.164407,0.220257,0.194853,0.246734
2024-12-30,0.173377,0.164067,0.220492,0.194722,0.247342
2024-12-31,0.173549,0.164233,0.220566,0.194271,0.247381
2025-01-02,0.173683,0.164372,0.220337,0.194161,0.247447
2025-01-03,0.173978,0.164561,0.219876,0.193664,0.247921
2025-01-06,0.174416,0.164905,0.220118,0.192671,0.247890
2025-01-07,0.174460,0.164919,0.219865,0.192376,0.248380
2025-01-08,0.174387,0.164900,0.220367,0.191877,0.248470
2025-01-10,0.173880,0.164257,0.220075,0.194564,0.247224
2025-01-13,0.174921,0.165516,0.222482,0.187713,0.249367
2025-01-14,0.174836,0.165457,0.223048,0.187271,0.249388
2025-01-15,0.174739,0.165363,0.222879,0.186651,0.250368
2025-01-16,0.174048,0.164800,0.224818,0.187905,0.248428
2025-01-17,0.174329,0.164977,0.223908,0.186915,0.249871
2025-01-21,0.174682,0.165242,0.223267,0.186430,0.250378
2025-01-22,0.174786,0.165450,0.224768,0.183655,0.251341
2025-01-23,0.174663,0.165313,0.224764,0.184507,0.250753
2025-01-24,0.174691,0.165340,0.224629,0.184575,0.250765
2025-01-27,0.174627,0.165287,0.224489,0.184860,0.250738
2025-01-28,0.174578,0.165170,0.224464,0.185054,0.250734
2025-01-29,0.174684,0.165226,0.223993,0.184551,0.251546
2025-01-30,0.174682,0.165222,0.223962,0.184542,0.251591
2025-01-31,0.174829,0.165329,0.224091,0.183377,0.252374
2025-02-03,0.174729,0.165251,0.224387,0.183251,0.252382
2025-02-04,0.174489,0.165035,0.225319,0.183155,0.252001
2025-02-05,0.174705,0.165057,0.225090,0.182608,0.252540
2025-02-06,0.173704,0.164178,0.225304,0.181763,0.255051
2025-02-07,0.173878,0.164187,0.224110,0.181266,0.256559
2025-02-10,0.173609,0.163939,0.224166,0.181604,0.256682
2025-02-11,0.173346,0.163649,0.224553,0.181994,0.256457
2025-02-12,0.173327,0.163646,0.224611,0.181726,0.256690
2025-02-13,0.173554,0.163855,0.225058,0.181833,0.255701
2025-02-14,0.173065,0.163490,0.226142,0.182480,0.254821
2025-02-18,0.174729,0.164759,0.222926,0.180070,0.257516
2025-02-19,0.175146,0.164999,0.222512,0.179810,0.257533
2025-02-20,0.175640,0.165421,0.222250,0.179148,0.257541
2025-02-21,0.175517,0.165276,0.222982,0.178648,0.257578
2025-02-24,0.175805,0.165496,0.223144,0.177255,0.258300
2025-02-25,0.175793,0.165460,0.223108,0.177145,0.258494
2025-02-26,0.175829,0.165455,0.223478,0.177909,0.257328
2025-02-27,0.175839,0.165459,0.223455,0.177709,0.257538
2025-02-28,0.175316,0.164994,0.223759,0.177955,0.257977
2025-03-03,0.175196,0.164938,0.223884,0.178303,0.257679
2025-03-04,0.175435,0.165152,0.224266,0.177036,0.258112
2025-03-05,0.175638,0.165347,0.223438,0.177206,0.258371
2025-03-06,0.176328,0.165949,0.222984,0.175522,0.259217
2025-03-07,0.175684,0.165392,0.224351,0.175352,0.259221
2025-03-10,0.175234,0.164982,0.224632,0.176065,0.259087
2025-03-11,0.175880,0.165592,0.225083,0.172770,0.260675
2025-03-12,0.176072,0.165775,0.225543,0.172325,0.260285
2025-03-13,0.176132,0.165833,0.225801,0.171973,0.260262
2025-03-14,0.176072,0.165769,0.226306,0.171630,0.260223
2025-03-17,0.175113,0.164894,0.228840,0.170980,0.260173
2025-03-18,0.174538,0.164385,0.230464,0.170865,0.259747
2025-03-19,0.174758,0.164475,0.229770,0.170049,0.260949
2025-03-20,0.174426,0.164186,0.231142,0.170285,0.259960
2025-03-21,0.174305,0.164095,0.231419,0.170269,0.259912
2025-03-24,0.174078,0.163883,0.231816,0.170241,0.259982
2025-03-25,0.174667,0.164373,0.232086,0.168589,0.260284
2025-03-26,0.174500,0.164216,0.232620,0.168615,0.260049
2025-03-27,0.174221,0.164026,0.232812,0.169211,0.259731
2025-03-28,0.174245,0.164027,0.232811,0.169156,0.259760
2025-03-31,0.174916,0.164661,0.233423,0.166730,0.260269
2025-04-01,0.175246,0.164860,0.233121,0.166436,0.260338
2025-04-02,0.175147,0.164799,0.233800,0.166374,0.259880
2025-04-03,0.175233,0.164720,0.233366,0.165977,0.260705
2025-04-04,0.173470,0.162619,0.236646,0.164364,0.262900
2025-04-07,0.170380,0.159565,0.238782,0.165039,0.266233
2025-04-08,0.169747,0.159362,0.240347,0.167579,0.262964
2025-04-09,0.169818,0.159455,0.239067,0.168750,0.262909
2025-04-10,0.164467,0.154210,0.249883,0.162844,0.268597
2025-04-11,0.166035,0.155759,0.245931,0.162365,0.269910
2025-04-14,0.166208,0.155493,0.243378,0.160688,0.274233
2025-04-15,0.166378,0.155743,0.243132,0.161114,0.273633
2025-04-16,0.166517,0.155892,0.243525,0.160913,0.273154
2025-04-17,0.167200,0.156451,0.243106,0.159664,0.273579
2025-04-21,0.167410,0.156588,0.242922,0.159323,0.273757
2025-04-22,0.168850,0.157981,0.237998,0.160049,0.275123
2025-04-23,0.169174,0.158255,0.237270,0.159166,0.276135
2025-04-24,0.169442,0.158533,0.236369,0.158771,0.276884
2025-04-25,0.168684,0.157888,0.238535,0.159616,0.275277
2025-04-28,0.169027,0.158196,0.237731,0.159718,0.275328
2025-04-29,0.168956,0.158139,0.237674,0.159664,0.275566
2025-04-30,0.169186,0.158337,0.236885,0.159628,0.275964
2025-05-01,0.169235,0.158366,0.237118,0.159659,0.275622
2025-05-02,0.169821,0.158927,0.234615,0.160126,0.276511
2025-05-05,0.170785,0.159755,0.231613,0.159390,0.278457
2025-05-06,0.171193,0.160114,0.229465,0.159851,0.279376
2025-05-07,0.171947,0.160717,0.227315,0.159825,0.280196
2025-05-08,0.172144,0.160814,0.227380,0.158915,0.280747
2025-05-09,0.173023,0.161773,0.224480,0.159169,0.281555
2025-05-12,0.173000,0.161754,0.224545,0.159188,0.281514
2025-05-13,0.174720,0.163252,0.216541,0.160752,0.284735
2025-05-14,0.174954,0.163493,0.216377,0.160446,0.284730
2025-05-15,0.174854,0.163469,0.216534,0.160658,0.284485
2025-05-16,0.174670,0.163426,0.216768,0.160736,0.284400
2025-05-19,0.174891,0.163613,0.216131,0.160701,0.284664
2025-05-20,0.175413,0.164034,0.214732,0.159971,0.285850
2025-05-21,0.175564,0.164159,0.214528,0.159522,0.286227
2025-05-22,0.175722,0.164481,0.213773,0.160337,0.285687
2025-05-23,0.175808,0.164568,0.213882,0.160083,0.285659
2025-05-27,0.175955,0.164724,0.213053,0.160430,0.285838
2025-05-28,0.176430,0.165297,0.211002,0.160275,0.286997
2025-05-29,0.176633,0.165537,0.210516,0.159946,0.287367
2025-05-30,0.176588,0.165544,0.210585,0.159934,0.287348
2025-06-02,0.176513,0.165493,0.211043,0.159435,0.287517
2025-06-03,0.176783,0.165666,0.210087,0.159134,0.288329
2025-06-04,0.176761,0.165626,0.209649,0.159226,0.288737
2025-06-05,0.176691,0.165573,0.210134,0.159297,0.288304
2025-06-06,0.176693,0.165496,0.209958,0.159379,0.288474
2025-06-09,0.176812,0.165663,0.210066,0.159530,0.287929
2025-06-10,0.176972,0.165827,0.209905,0.159215,0.288080
2025-06-11,0.176966,0.165892,0.209752,0.159354,0.288036
2025-06-12,0.177449,0.166619,0.208224,0.157653,0.290055
2025-06-13,0.177364,0.166611,0.208450,0.157744,0.289832
2025-06-16,0.177184,0.166501,0.208370,0.157598,0.290347
2025-06-17,0.177495,0.166717,0.207824,0.157157,0.290806
2025-06-18,0.177553,0.166770,0.208475,0.157136,0.290067
2025-06-20,0.177571,0.166791,0.208465,0.157121,0.290052
2025-06-23,0.177361,0.166591,0.209099,0.157041,0.289909
2025-06-24,0.177414,0.166640,0.208970,0.156734,0.290243
2025-06-25,0.177335,0.166588,0.208933,0.156812,0.290332
2025-06-26,0.177415,0.166756,0.208448,0.156990,0.290391
2025-06-27,0.177301,0.166683,0.208686,0.157214,0.290115
2025-06-30,0.177282,0.166702,0.208888,0.157277,0.289852
2025-07-01,0.177149,0.166541,0.208971,0.157291,0.290049
2025-07-02,0.177243,0.166647,0.208862,0.157025,0.290224
2025-07-03,0.177086,0.166445,0.208844,0.156934,0.290691
2025-07-07,0.176824,0.166139,0.210117,0.156644,0.290276
2025-07-08,0.176730,0.166081,0.210063,0.156763,0.290363
2025-07-09,0.176884,0.166240,0.209377,0.156323,0.291175
2025-07-10,0.176902,0.166312,0.209125,0.155976,0.291685
2025-07-11,0.176872,0.166336,0.209083,0.155954,0.291755
2025-07-14,0.177122,0.166604,0.208944,0.155132,0.292199
2025-07-15,0.177246,0.166682,0.209012,0.155009,0.292051
2025-07-16,0.176372,0.165868,0.211760,0.154378,0.291623
2025-07-17,0.176394,0.165831,0.211770,0.154422,0.291583
2025-07-18,0.176359,0.165793,0.211654,0.154403,0.291790
2025-07-21,0.176570,0.165945,0.211518,0.154094,0.291873
2025-07-22,0.176259,0.165716,0.213477,0.153631,0.290917
2025-07-23,0.176474,0.165929,0.213194,0.153308,0.291095
2025-07-24,0.176745,0.166311,0.212816,0.152845,0.291283
2025-07-25,0.176689,0.166240,0.213254,0.152788,0.291029
2025-07-28,0.176800,0.166344,0.213183,0.152479,0.291195
2025-07-29,0.177244,0.166642,0.213461,0.152132,0.290520
2025-07-30,0.177115,0.166600,0.214920,0.152338,0.289028
2025-07-31,0.177242,0.166596,0.214861,0.152166,0.289134
2025-08-01,0.177216,0.166576,0.214744,0.152247,0.289217
2025-08-04,0.177354,0.166737,0.215234,0.152555,0.288120
2025-08-05,0.177293,0.166921,0.214925,0.151585,0.289277
2025-08-06,0.177260,0.167037,0.214910,0.152283,0.288509
2025-08-07,0.176052,0.165943,0.215135,0.154319,0.288551
2025-08-08,0.176889,0.166827,0.215493,0.153620,0.287171
2025-08-11,0.176296,0.166279,0.217093,0.153252,0.287080
2025-08-12,0.176393,0.166333,0.217001,0.153038,0.287235
2025-08-13,0.176380,0.166543,0.217452,0.153366,0.286258
2025-08-14,0.176168,0.166385,0.217864,0.153385,0.286198
2025-08-15,0.175926,0.166261,0.218058,0.153398,0.286356
2025-08-18,0.176306,0.166453,0.217826,0.152994,0.286422
2025-08-19,0.176306,0.166465,0.217754,0.153070,0.286405
2025-08-20,0.176034,0.166305,0.217381,0.154049,0.286231
2025-08-21,0.176062,0.166309,0.217551,0.153789,0.286287
2025-08-22,0.176163,0.166393,0.217600,0.153801,0.286043
2025-08-25,0.175327,0.165761,0.218875,0.154847,0.285190
2025-08-26,0.175258,0.165689,0.218983,0.154806,0.285265
2025-08-27,0.175502,0.165947,0.218522,0.154488,0.285541
2025-08-28,0.176229,0.166747,0.217016,0.153574,0.286435
2025-08-29,0.176194,0.166681,0.217165,0.153588,0.286372
2025-09-02,0.176210,0.166709,0.217337,0.153373,0.286372
2025-09-03,0.176350,0.166976,0.217087,0.153170,0.286417
2025-09-04,0.176261,0.166936,0.217163,0.153301,0.286340
2025-09-05,0.175989,0.166739,0.217804,0.153184,0.286284
2025-09-08,0.175626,0.166873,0.219108,0.153166,0.285227
2025-09-09,0.175378,0.166563,0.219554,0.153028,0.285477
2025-09-10,0.175300,0.166485,0.219648,0.152946,0.285620
2025-09-11,0.175285,0.166807,0.220864,0.152493,0.284550
2025-09-12,0.175215,0.166806,0.220869,0.152430,0.284681
2025-09-15,0.175170,0.166745,0.221097,0.152443,0.284546
2025-09-16,0.175066,0.166699,0.221575,0.152483,0.284177
2025-09-17,0.175144,0.167051,0.221456,0.152408,0.283941
2025-09-18,0.175284,0.167188,0.221404,0.152371,0.283754
2025-09-19,0.175414,0.167301,0.220939,0.152344,0.284002
2025-09-22,0.175509,0.167376,0.220717,0.152323,0.284075
2025-09-23,0.175651,0.167551,0.220208,0.152298,0.284292
2025-09-24,0.175997,0.168332,0.219883,0.151979,0.283810
2025-09-25,0.175759,0.168111,0.220518,0.151946,0.283665
2025-09-26,0.175765,0.168134,0.220488,0.151973,0.283639
2025-09-29,0.175879,0.168534,0.220326,0.151670,0.283590
2025-09-30,0.175887,0.168559,0.220073,0.151462,0.284018
2025-10-01,0.175963,0.168630,0.220076,0.151402,0.283929
2025-10-02,0.175839,0.168514,0.219991,0.151422,0.284234
2025-10-03,0.175870,0.168557,0.219774,0.151329,0.284470
2025-10-06,0.175781,0.168481,0.219665,0.151156,0.284917
2025-10-07,0.175940,0.168625,0.219169,0.151065,0.285201
2025-10-08,0.176095,0.168629,0.218984,0.150953,0.285339
2025-10-09,0.175617,0.168043,0.218724,0.151079,0.286537
2025-10-10,0.175578,0.167855,0.219130,0.151061,0.286377
2025-10-13,0.175768,0.168215,0.217112,0.151555,0.287350
2025-10-14,0.175628,0.167970,0.215989,0.151734,0.288679
2025-10-15,0.175613,0.168001,0.215868,0.151700,0.288817
2025-10-16,0.175664,0.168017,0.215710,0.151400,0.289208
2025-10-17,0.175579,0.167936,0.215703,0.151357,0.289425
2025-10-20,0.175060,0.167466,0.216618,0.152099,0.288756
2025-10-21,0.174916,0.167186,0.216750,0.151990,0.289159
2025-10-22,0.175427,0.167157,0.216758,0.148883,0.291774
2025-10-23,0.175540,0.167315,0.216536,0.148938,0.291672
2025-10-24,0.175722,0.167222,0.215570,0.148753,0.292732
2025-10-27,0.175721,0.167297,0.215433,0.148787,0.292762
2025-10-28,0.175962,0.167658,0.214942,0.148199,0.293238
2025-10-29,0.176028,0.167700,0.214604,0.148200,0.293469
2025-10-30,0.176260,0.167947,0.214651,0.147984,0.293158
2025-10-31,0.176083,0.167871,0.214920,0.147741,0.293385
2025-11-03,0.176057,0.167856,0.215005,0.147726,0.293356
2025-11-04,0.176091,0.167876,0.215063,0.147670,0.293301
2025-11-05,0.176676,0.168347,0.213710,0.147427,0.293842
2025-11-06,0.176947,0.168608,0.212356,0.147438,0.294651
2025-11-07,0.177390,0.169048,0.210333,0.147259,0.295969
2025-11-10,0.177645,0.169310,0.209979,0.147075,0.295991
2025-11-11,0.177550,0.168998,0.207854,0.146815,0.298784
2025-11-12,0.177857,0.169341,0.206364,0.146034,0.300404
2025-11-13,0.177785,0.169338,0.207049,0.145960,0.299868
2025-11-14,0.177221,0.168862,0.207127,0.146227,0.300562
2025-11-17,0.177457,0.168927,0.206137,0.145771,0.301708
2025-11-18,0.177396,0.168840,0.206084,0.145822,0.301857
2025-11-19,0.177621,0.169050,0.205530,0.145703,0.302096
2025-11-20,0.177745,0.169237,0.205252,0.145873,0.301894
2025-11-21,0.178050,0.169686,0.203489,0.145473,0.303301
2025-11-24,0.177907,0.169636,0.203619,0.145463,0.303375
2025-11-25,0.177837,0.169433,0.203281,0.145708,0.303741
2025-11-26,0.177727,0.169382,0.203295,0.145878,0.303718
2025-11-28,0.177623,0.169182,0.203403,0.146124,0.303667
2025-12-01,0.177336,0.168501,0.202680,0.147329,0.304154
2025-12-02,0.177233,0.168496,0.202937,0.147428,0.303905
2025-12-03,0.177171,0.168410,0.202821,0.147490,0.304108
2025-12-04,0.177226,0.168461,0.202623,0.147323,0.304367
2025-12-05,0.177212,0.168442,0.202619,0.147281,0.304445
2025-12-08,0.177095,0.168324,0.202959,0.147390,0.304233
2025-12-09,0.177192,0.168369,0.203053,0.147564,0.303821
2025-12-10,0.177208,0.168378,0.203151,0.147567,0.303696
2025-12-11,0.177049,0.168200,0.203681,0.147880,0.303189
2025-12-12,0.176819,0.167948,0.204098,0.148179,0.302955
2025-12-15,0.176645,0.167693,0.204480,0.148475,0.302707
2025-12-16,0.176583,0.167658,0.204501,0.148661,0.302597
2025-12-17,0.176846,0.167916,0.203795,0.148146,0.303297
2025-12-18,0.176813,0.167868,0.203418,0.147918,0.303983
2025-12-19,0.176774,0.167868,0.203458,0.147958,0.303942
2025-12-22,0.176839,0.167902,0.203412,0.147722,0.304125
2025-12-23,0.178868,0.169491,0.200249,0.145194,0.306198
2025-12-24,0.178944,0.169439,0.200141,0.145206,0.306270
2025-12-26,0.178875,0.169363,0.200133,0.144850,0.306779
2025-12-29,0.178676,0.168890,0.199816,0.144966,0.307652
2025-12-30,0.178589,0.168254,0.200060,0.145060,0.308037
2025-12-31,0.178581,0.168196,0.200103,0.145054,0.308067
2026-01-02,0.178484,0.167671,0.200593,0.145366,0.307886
2026-01-05,0.178226,0.167390,0.200275,0.145421,0.308688
2026-01-06,0.178213,0.167010,0.201002,0.145946,0.307829
2026-01-07,0.178257,0.166873,0.200401,0.146178,0.308290
2026-01-08,0.178154,0.166636,0.200294,0.146699,0.308216
2026-01-09,0.178205,0.166687,0.200048,0.146757,0.308303
2026-01-12,0.178163,0.166507,0.199712,0.146986,0.308632
2026-01-13,0.178350,0.166421,0.198990,0.147195,0.309045
2026-01-14,0.178077,0.165857,0.197779,0.150568,0.307720
2026-01-15,0.178125,0.165649,0.197276,0.151024,0.307927
2026-01-16,0.178265,0.165734,0.197175,0.151300,0.307527
2026-01-20,0.178362,0.165559,0.194416,0.149678,0.311984
2026-01-21,0.179268,0.166675,0.189025,0.150833,0.314199
2026-01-22,0.179383,0.166865,0.188369,0.151590,0.313794
2026-01-23,0.179590,0.166789,0.187300,0.153038,0.313283
2026-01-26,0.179795,0.166653,0.187085,0.153035,0.313432
2026-01-27,0.179852,0.166476,0.186547,0.153308,0.313817
2026-01-28,0.179879,0.166262,0.186347,0.153465,0.314048
2026-01-29,0.180212,0.166471,0.184963,0.153709,0.314646
2026-01-30,0.180366,0.166611,0.184580,0.153893,0.314551
2026-02-02,0.183839,0.161709,0.166798,0.161943,0.325711
2026-02-03,0.184560,0.161948,0.167146,0.163192,0.323154
2026-02-04,0.185170,0.162104,0.165896,0.163792,0.323038
2026-02-05,0.185174,0.162113,0.165884,0.163839,0.322990
2026-02-06,0.185974,0.161960,0.163459,0.163673,0.324935
2026-02-09,0.185462,0.161219,0.163829,0.163933,0.325556
2026-02-10,0.185451,0.160978,0.163562,0.164054,0.325955
2026-02-11,0.185835,0.161204,0.162502,0.163662,0.326797
2026-02-12,0.186070,0.161379,0.161950,0.163433,0.327168
2026-02-13,0.186563,0.161204,0.160436,0.163083,0.328714
2026-02-17,0.186052,0.160669,0.160088,0.163055,0.330136
2026-02-18,0.186464,0.160659,0.158895,0.162465,0.331518
2026-02-19,0.186663,0.160704,0.158456,0.162303,0.331874
2026-02-20,0.186601,0.160659,0.158485,0.162280,0.331975
2026-02-23,0.186510,0.160395,0.158155,0.162480,0.332460
2026-02-24,0.186608,0.160426,0.157906,0.162702,0.332358
2026-02-25,0.186514,0.160375,0.157615,0.163683,0.331813
2026-02-26,0.186487,0.160361,0.157605,0.163680,0.331866
2026-02-27,0.186196,0.160075,0.157730,0.163650,0.332350
2026-03-02,0.186291,0.160048,0.157763,0.164088,0.331810
2026-03-03,0.186746,0.160352,0.157409,0.163751,0.331743
2026-03-04,0.186073,0.159200,0.157430,0.164174,0.333123
2026-03-05,0.185884,0.159045,0.157329,0.165020,0.332722
2026-03-06,0.185459,0.158782,0.157663,0.165103,0.332993
2026-03-09,0.185293,0.158721,0.157512,0.165639,0.332835
2026-03-10,0.185458,0.158852,0.157285,0.165663,0.332742
2026-03-11,0.185412,0.158873,0.157275,0.165684,0.332756
2026-03-12,0.185090,0.158594,0.156827,0.167924,0.331565
2026-03-13,0.184188,0.158035,0.156920,0.168364,0.332494
2026-03-16,0.183964,0.157751,0.157071,0.168733,0.332482
2026-03-17,0.183620,0.157617,0.157118,0.169073,0.332573
2026-03-18,0.183956,0.157876,0.157191,0.169966,0.331011
2026-03-19,0.183412,0.157435,0.157531,0.170342,0.331280
2026-03-20,0.183464,0.157313,0.157558,0.170630,0.331035
2026-03-23,0.182010,0.156337,0.159209,0.172245,0.330200
2026-03-24,0.181859,0.156459,0.159203,0.172471,0.330007
2026-03-25,0.181840,0.156498,0.159115,0.172405,0.330142
2026-03-26,0.181367,0.156061,0.159139,0.173755,0.329679
2026-03-27,0.180512,0.155344,0.160077,0.174886,0.329181
2026-03-30,0.180858,0.155592,0.159831,0.174680,0.329038
2026-03-31,0.181083,0.155822,0.160185,0.174638,0.328272
2026-04-01,0.179454,0.154479,0.160373,0.177147,0.328546
2026-04-02,0.179440,0.154493,0.160147,0.176695,0.329225
2026-04-06,0.179645,0.154683,0.160432,0.176597,0.328642
2026-04-07,0.179693,0.154720,0.160436,0.176520,0.328631
2026-04-08,0.180826,0.155591,0.158907,0.178701,0.325976
2026-04-09,0.184418,0.158228,0.155221,0.175028,0.327105
2026-04-10,0.184683,0.157601,0.152931,0.171668,0.333117
2026-04-13,0.185028,0.157659,0.152539,0.170651,0.334123
2026-04-14,0.192640,0.161302,0.143938,0.176112,0.326008
2026-04-15,0.191644,0.159452,0.141839,0.177797,0.329268
2026-04-16,0.192297,0.159829,0.141855,0.177523,0.328496
2026-04-17,0.192188,0.159485,0.141385,0.176658,0.330284
2026-04-20,0.191879,0.159532,0.140473,0.176126,0.331991
2026-04-21,0.190837,0.158652,0.140214,0.178904,0.331393
2026-04-22,0.190017,0.158117,0.140214,0.179414,0.332238
2026-04-23,0.189040,0.157046,0.140910,0.179957,0.333047
2026-04-24,0.188756,0.156705,0.140655,0.181644,0.332239
2026-04-27,0.188519,0.156462,0.140927,0.182426,0.331665
2026-04-28,0.188760,0.156207,0.139574,0.181221,0.334237
2026-04-29,0.188548,0.155998,0.139853,0.180806,0.334795
2026-04-30,0.188372,0.155940,0.139434,0.181061,0.335193
2026-05-01,0.187832,0.155591,0.139816,0.181467,0.335295
2026-05-04,0.187733,0.155466,0.139516,0.181115,0.336171
2026-05-05,0.187443,0.155293,0.140188,0.180281,0.336795
2026-05-06,0.186869,0.154953,0.140551,0.180103,0.337523
2026-05-07,0.185576,0.154259,0.141299,0.179963,0.338903
2026-05-08,0.184933,0.153861,0.142069,0.180819,0.338319
2026-05-11,0.184511,0.153611,0.142091,0.182340,0.337447
2026-05-12,0.184383,0.153335,0.142426,0.181716,0.338139
2026-05-13,0.184181,0.153289,0.142177,0.181757,0.338596
2026-05-14,0.183542,0.152837,0.145616,0.180990,0.337015
2026-05-15,0.183494,0.152760,0.145614,0.181339,0.336793
2026-05-18,0.182177,0.151810,0.146482,0.182490,0.337042
2026-05-19,0.182383,0.151710,0.146192,0.182460,0.337255
2026-05-20,0.182089,0.151570,0.146662,0.182468,0.337211
2026-05-21,0.181420,0.151489,0.146531,0.182612,0.337948
2026-05-22,0.181194,0.151312,0.146540,0.183412,0.337542
2026-05-26,0.181133,0.150888,0.146043,0.181998,0.339938
2026-05-27,0.180505,0.150551,0.145892,0.182852,0.340200
2026-05-28,0.180507,0.150459,0.146306,0.183015,0.339714
2026-05-29,0.180350,0.150182,0.146980,0.183677,0.338811
2026-06-01,0.180501,0.150212,0.146727,0.183397,0.339163
2026-06-02,0.180599,0.150219,0.146480,0.183388,0.339314
2026-06-03,0.180357,0.150033,0.146310,0.184397,0.338902
2026-06-04,0.180203,0.150040,0.146627,0.184549,0.338580
2026-06-05,0.180147,0.150056,0.146900,0.184322,0.338575
2026-06-08,0.178493,0.149254,0.148852,0.186922,0.336478
2026-06-09,0.178460,0.149218,0.148550,0.186840,0.336932
2026-06-10,0.178290,0.149036,0.148233,0.186008,0.338433
2026-06-11,0.177846,0.148822,0.148369,0.186236,0.338726
2026-06-12,0.176792,0.148816,0.149699,0.184960,0.339733
2026-06-15,0.176507,0.148560,0.149302,0.184923,0.340708
2026-06-16,0.176410,0.148546,0.149116,0.184329,0.341599
2026-06-17,0.176660,0.148605,0.148608,0.184860,0.341267
2026-06-18,0.176336,0.148596,0.149493,0.186297,0.339278
2026-06-22,0.175989,0.148443,0.149709,0.184592,0.341267
2026-06-23,0.176226,0.148648,0.149755,0.184957,0.340415
2026-06-24,0.175886,0.148373,0.149085,0.185364,0.341292
2026-06-25,0.176470,0.148798,0.148283,0.183288,0.343160
2026-06-26,0.176606,0.148828,0.148360,0.183611,0.342595
2026-06-29,0.176673,0.148862,0.148439,0.183544,0.342482
2026-06-30,0.176895,0.148970,0.148319,0.182336,0.343479
2026-07-01,0.177101,0.149149,0.147308,0.182467,0.343975
2026-07-02,0.177058,0.149037,0.147202,0.182340,0.344363
2026-07-06,0.176996,0.149000,0.147045,0.182825,0.344133
2026-07-07,0.177125,0.149064,0.147270,0.182997,0.343544
2026-07-08,0.176660,0.148967,0.146976,0.183027,0.344370
2026-07-09,0.176716,0.148957,0.146679,0.182648,0.345000
2026-07-10,0.176552,0.148886,0.146689,0.182797,0.345076
2026-07-13,0.176455,0.148733,0.146433,0.182841,0.345537
2026-07-14,0.176072,0.148756,0.145867,0.183143,0.346162
2026-07-15,0.175787,0.148485,0.146022,0.185269,0.344436
2026-07-16,0.175844,0.148547,0.146107,0.185283,0.344219
2026-07-17,0.176139,0.148634,0.145625,0.184446,0.345157
2026-07-20,0.176271,0.148718,0.145510,0.184413,0.345087
2026-07-21,0.176265,0.148769,0.145633,0.184104,0.345230
2026-07-22,0.176352,0.148770,0.145815,0.182980,0.346083
2026-07-23,0.176516,0.148874,0.145761,0.182514,0.346335
2026-07-24,0.176210,0.148806,0.145430,0.182804,0.346750
2026-07-27,0.175988,0.148621,0.145319,0.182922,0.347150
2026-07-28,0.176814,0.149218,0.145360,0.182840,0.345768
2026-07-29,0.176865,0.149238,0.145498,0.182562,0.345837
2026-07-30,0.176898,0.149511,0.145732,0.181647,0.346211
2026-07-31,0.176167,0.148929,0.145309,0.180947,0.348648
2026-08-03,0.176286,0.148937,0.144701,0.181072,0.349004
2026-08-04,0.176310,0.149045,0.144823,0.180784,0.349038
2026-08-05,0.175202,0.148441,0.144560,0.180001,0.351796
2026-08-06,0.175654,0.148714,0.143921,0.179789,0.351922
2026-08-07,0.175414,0.148618,0.143882,0.179942,0.352144
2026-08-10,0.175190,0.148532,0.144174,0.180151,0.351954
2026-08-11,0.175182,0.148622,0.144395,0.179977,0.351825
2026-08-12,0.175125,0.148570,0.144415,0.179887,0.352003
2026-08-13,0.175029,0.148502,0.144383,0.180556,0.351531
2026-08-14,0.175171,0.148622,0.144326,0.180339,0.351542
2026-08-17,0.175372,0.148691,0.144062,0.179865,0.352010
2026-08-18,0.175519,0.148761,0.143859,0.179304,0.352557
2026-08-19,0.175220,0.148542,0.143935,0.179489,0.352814
2026-08-20,0.175212,0.148706,0.143775,0.180215,0.352091
2026-08-21,0.175219,0.148814,0.144083,0.179721,0.352163
2026-08-24,0.175204,0.148803,0.144053,0.179656,0.352284
2026-08-25,0.175237,0.148776,0.143844,0.179507,0.352636
2026-08-26,0.175686,0.148814,0.142461,0.177487,0.355553
2026-08-27,0.175746,0.148833,0.142288,0.177588,0.355546
2026-08-28,0.175756,0.148825,0.142292,0.177595,0.355532
2026-08-31,0.175567,0.148846,0.142401,0.178230,0.354957
2026-09-01,0.175706,0.148976,0.142460,0.178051,0.354806
2026-09-02,0.175200,0.148841,0.142339,0.178534,0.355086
2026-09-03,0.175092,0.148749,0.142313,0.178890,0.354956
2026-09-04,0.174990,0.148680,0.142299,0.178853,0.355177
2026-09-08,0.175002,0.148617,0.142177,0.178668,0.355536
2026-09-09,0.175185,0.148705,0.142038,0.178451,0.355620
2026-09-10,0.175151,0.148709,0.141911,0.178090,0.356139
2026-09-11,0.174336,0.148661,0.141745,0.178605,0.356652
2026-09-14,0.174545,0.148836,0.141872,0.178751,0.355996
2026-09-15,0.174650,0.148880,0.141852,0.178814,0.355804
2026-09-16,0.174648,0.148900,0.141877,0.178746,0.355829
2026-09-17,0.174846,0.148976,0.141903,0.178750,0.355525
2026-09-18,0.174485,0.149000,0.142241,0.179374,0.354900
2026-09-21,0.174676,0.149194,0.142406,0.179573,0.354150
