origin,asset,mu_z,epi_var,sigma,target,mu_ridge,mu_benchmark,mu_z_s0,mu_z_s1,mu_z_s2,mu,sigma_wide
2011-01-31,SPY,0.241010,0.006194,0.038457,0.019661,0.012466,-0.000918,0.276471,0.186391,0.260168,0.009269,0.038576
2011-01-31,QQQ,0.221328,0.005618,0.044164,0.020357,0.016297,0.006731,0.239479,0.150336,0.274168,0.009775,0.044288
2011-01-31,IWM,0.237302,0.005689,0.056870,0.038615,0.006386,0.000532,0.261856,0.177959,0.272092,0.013495,0.057032
2011-01-31,EFA,0.222111,0.005156,0.054468,0.026413,0.010091,-0.002672,0.219752,0.216313,0.230269,0.012098,0.054608
2011-01-31,EEM,0.231289,0.004177,0.059569,0.002838,0.009801,0.008337,0.233837,0.215669,0.244360,0.013778,0.059693
2011-01-31,SHY,0.142964,0.003454,0.003532,-0.001083,0.008187,0.003460,0.113262,0.136638,0.178990,0.000505,0.003538
2011-01-31,IEF,0.153001,0.002803,0.025310,-0.006198,0.015291,0.007541,0.135629,0.120520,0.202854,0.003872,0.025345
2011-01-31,TLT,0.149591,0.003614,0.048414,0.003778,0.013713,0.007451,0.146067,0.102033,0.200674,0.007242,0.048501
2011-01-31,AGG,0.142465,0.003414,0.012675,0.000478,0.016355,0.004913,0.134467,0.111359,0.181568,0.001806,0.012697
2011-01-31,LQD,0.182358,0.003787,0.019112,0.005430,0.018435,0.005099,0.195933,0.151907,0.199234,0.003485,0.019148
2011-01-31,HYG,0.257751,0.006053,0.019940,0.013682,0.008186,0.004121,0.277962,0.202383,0.292907,0.005140,0.020000
2011-01-31,GLD,0.182276,0.007935,0.047429,0.077385,0.007934,0.014549,0.173836,0.105293,0.267698,0.008645,0.047617
2011-01-31,SLV,0.183331,0.005258,0.093606,0.235487,-0.000895,0.019512,0.187410,0.131479,0.231104,0.017161,0.093852
2011-01-31,DBC,0.192619,0.005373,0.053490,0.061689,0.006181,0.003780,0.196926,0.159948,0.220984,0.010303,0.053634
2011-01-31,VNQ,0.224394,0.004518,0.057955,0.006647,0.001546,-0.002568,0.232165,0.219114,0.221903,0.013005,0.058086
2011-02-28,SPY,0.239142,0.005669,0.037292,-0.005387,0.002216,-0.000918,0.232980,0.248272,0.236175,0.008918,0.037398
2011-02-28,QQQ,0.240384,0.005599,0.044105,-0.010550,0.004250,0.006731,0.236816,0.229039,0.255297,0.010602,0.044228
2011-02-28,IWM,0.249117,0.006905,0.056105,0.008665,0.007358,0.000532,0.245430,0.243751,0.258171,0.013977,0.056298
2011-02-28,EFA,0.216195,0.005260,0.052224,-0.030707,-0.001188,-0.002672,0.186870,0.218392,0.243325,0.011291,0.052361
2011-02-28,EEM,0.203118,0.004284,0.058378,0.040402,-0.000967,0.008337,0.177818,0.217724,0.213810,0.011858,0.058503
2011-02-28,SHY,0.186434,0.006135,0.003428,-0.001300,0.004002,0.003460,0.250260,0.109144,0.199897,0.000639,0.003438
2011-02-28,IEF,0.170414,0.005323,0.023804,-0.002405,0.006785,0.007541,0.217250,0.100396,0.193595,0.004057,0.023867
2011-02-28,TLT,0.188240,0.008622,0.044919,-0.005570,0.006840,0.007451,0.260921,0.086695,0.217105,0.008456,0.045112
2011-02-28,AGG,0.165105,0.004439,0.012064,-0.002800,0.001882,0.004913,0.185501,0.109703,0.200111,0.001992,0.012091
2011-02-28,LQD,0.197291,0.005121,0.017868,-0.005588,0.002163,0.005099,0.210507,0.161943,0.219423,0.003525,0.017914
2011-02-28,HYG,0.222191,0.005949,0.018640,-0.000555,-0.000697,0.004121,0.219308,0.212499,0.234767,0.004142,0.018695
2011-02-28,GLD,0.175042,0.003532,0.043027,0.003995,0.018507,0.014549,0.165931,0.155536,0.203657,0.007532,0.043103
2011-02-28,SLV,0.164256,0.003230,0.096925,0.092419,0.055369,0.019512,0.154099,0.164120,0.174547,0.015920,0.097081
2011-02-28,DBC,0.206440,0.003922,0.051059,0.012113,0.013639,0.003780,0.234812,0.196613,0.187895,0.010541,0.051159
2011-02-28,VNQ,0.248502,0.005269,0.054086,-0.037982,0.001546,-0.002568,0.266798,0.271990,0.206716,0.013440,0.054228
2011-03-31,SPY,0.201561,0.019139,0.039984,0.027378,-0.001025,-0.000918,0.307943,0.046866,0.249873,0.008059,0.040365
2011-03-31,QQQ,0.190063,0.009734,0.046662,0.026815,-0.000510,0.006731,0.284684,0.065580,0.219926,0.008869,0.046889
2011-03-31,IWM,0.230305,0.020119,0.055858,0.014376,0.000841,0.000532,0.322981,0.056475,0.311459,0.012864,0.056417
2011-03-31,EFA,0.180776,0.014693,0.058410,0.063083,-0.010677,-0.002672,0.302143,0.041299,0.198887,0.010559,0.058838
2011-03-31,EEM,0.194330,0.010271,0.058814,0.027532,0.000369,0.008337,0.291709,0.080334,0.210946,0.011429,0.059115
2011-03-31,SHY,0.173170,0.006469,0.003663,0.005173,0.017685,0.003460,0.111862,0.164980,0.242668,0.000634,0.003675
2011-03-31,IEF,0.175083,0.004827,0.022504,0.018099,0.016321,0.007541,0.118934,0.192071,0.214244,0.003940,0.022558
2011-03-31,TLT,0.190215,0.006342,0.042393,0.025033,0.011641,0.007451,0.110421,0.228903,0.231322,0.008064,0.042527
2011-03-31,AGG,0.180970,0.003066,0.010869,0.016212,0.017958,0.004913,0.161735,0.184608,0.196568,0.001967,0.010886
2011-03-31,LQD,0.211393,0.004990,0.016744,0.027438,0.017147,0.005099,0.183228,0.204847,0.246103,0.003540,0.016786
2011-03-31,HYG,0.209835,0.008428,0.018127,0.015458,0.000569,0.004121,0.291850,0.107850,0.229804,0.003804,0.018203
2011-03-31,GLD,0.204005,0.005935,0.040939,0.075433,-0.000112,0.014549,0.209360,0.153134,0.249522,0.008352,0.041060
2011-03-31,SLV,0.178032,0.005612,0.092137,0.164808,0.021236,0.019512,0.222694,0.108606,0.202795,0.016403,0.092395
2011-03-31,DBC,0.188953,0.009086,0.053201,0.035070,-0.006449,0.003780,0.226610,0.099486,0.240763,0.010052,0.053442
2011-03-31,VNQ,0.263321,0.037022,0.053036,0.059004,0.002531,-0.002568,0.423425,0.048726,0.317812,0.013965,0.054009
2011-04-29,SPY,0.283718,0.018047,0.036494,-0.011215,0.003377,-0.000918,0.395757,0.118486,0.336913,0.010354,0.036822
2011-04-29,QQQ,0.266799,0.015942,0.042878,-0.012187,0.006334,0.006731,0.386955,0.123873,0.289570,0.011440,0.043218
2011-04-29,IWM,0.246442,0.018927,0.051741,-0.017942,0.004246,0.000532,0.366327,0.109336,0.263663,0.012751,0.052228
2011-04-29,EFA,0.260828,0.014771,0.054691,-0.022061,0.005286,-0.002672,0.378320,0.118483,0.285680,0.014265,0.055093
2011-04-29,EEM,0.223132,0.010804,0.057148,-0.029400,0.007829,0.008337,0.305330,0.095804,0.268261,0.012752,0.057456
2011-04-29,SHY,0.174615,0.004117,0.003599,0.003641,-0.001088,0.003460,0.147966,0.220032,0.155846,0.000628,0.003606
2011-04-29,IEF,0.170854,0.003307,0.020902,0.025056,0.003677,0.007541,0.177812,0.191443,0.143308,0.003571,0.020937
2011-04-29,TLT,0.170736,0.003352,0.039674,0.034229,0.007843,0.007451,0.186574,0.183864,0.141769,0.006774,0.039740
2011-04-29,AGG,0.182384,0.004623,0.010457,0.012399,-0.001802,0.004913,0.236453,0.183317,0.127383,0.001907,0.010481
2011-04-29,LQD,0.193143,0.006077,0.015480,0.012695,-0.001439,0.005099,0.277341,0.126022,0.176067,0.002990,0.015527
2011-04-29,HYG,0.274145,0.013635,0.016698,0.001333,0.001303,0.004121,0.324746,0.166840,0.330848,0.004578,0.016811
2011-04-29,GLD,0.226500,0.006754,0.040671,-0.017917,0.009170,0.014549,0.305763,0.193249,0.180489,0.009212,0.040808
2011-04-29,SLV,0.207667,0.005114,0.099933,-0.197952,0.071106,0.019512,0.292682,0.159198,0.171122,0.020753,0.100188
2011-04-29,DBC,0.193341,0.012685,0.051300,-0.051724,0.008208,0.003780,0.313771,0.081203,0.185050,0.009918,0.051624
2011-04-29,VNQ,0.273059,0.025447,0.048949,0.013747,0.008478,-0.002568,0.446346,0.094250,0.278582,0.013366,0.049568
2011-05-31,SPY,0.310088,0.010762,0.034776,-0.026182,-0.002595,-0.000918,0.327563,0.239388,0.363313,0.010784,0.034963
2011-05-31,QQQ,0.317128,0.013678,0.041601,-0.033135,-0.003754,0.006731,0.360736,0.228911,0.361738,0.013193,0.041885
2011-05-31,IWM,0.313440,0.011087,0.052511,-0.031117,-0.007888,0.000532,0.345640,0.215354,0.379325,0.016459,0.052801
2011-05-31,EFA,0.263955,0.006459,0.054399,-0.026234,-0.010189,-0.002672,0.280128,0.210720,0.301018,0.014359,0.054574
2011-05-31,EEM,0.261888,0.010779,0.057960,-0.019969,-0.007989,0.008337,0.292437,0.170025,0.323201,0.015179,0.058272
2011-05-31,SHY,0.234935,0.008442,0.003205,0.000070,0.000139,0.003460,0.305040,0.223535,0.176230,0.000753,0.003218
2011-05-31,IEF,0.217929,0.004413,0.018979,-0.001618,0.001863,0.007541,0.252738,0.171970,0.229080,0.004136,0.019021
2011-05-31,TLT,0.197258,0.005367,0.036642,-0.021674,0.009172,0.007451,0.201277,0.141486,0.249010,0.007228,0.036740
2011-05-31,AGG,0.209300,0.003628,0.009341,-0.004266,-0.000642,0.004913,0.244977,0.179404,0.203520,0.001955,0.009358
2011-05-31,LQD,0.248292,0.008086,0.014031,-0.009413,0.003339,0.005099,0.294033,0.172129,0.278716,0.003484,0.014088
2011-05-31,HYG,0.298161,0.007257,0.015189,-0.012348,0.004382,0.004121,0.343568,0.230201,0.320714,0.004529,0.015244
2011-05-31,GLD,0.235269,0.004291,0.041628,-0.016439,-0.006002,0.014549,0.271779,0.218721,0.215309,0.009794,0.041717
2011-05-31,SLV,0.186797,0.002933,0.143781,-0.095479,-0.056069,0.019512,0.185629,0.160405,0.214358,0.026858,0.143992
2011-05-31,DBC,0.184498,0.004691,0.066114,-0.032397,-0.021667,0.003780,0.222748,0.129859,0.200886,0.012198,0.066269
2011-05-31,VNQ,0.312395,0.014254,0.046408,-0.035567,-0.000932,-0.002568,0.324076,0.221901,0.391209,0.014498,0.046738
2011-06-30,SPY,0.208530,0.008613,0.038775,-0.024172,-0.003507,-0.000918,0.275297,0.117136,0.233156,0.008086,0.038942
2011-06-30,QQQ,0.207550,0.008589,0.046480,0.011920,-0.005566,0.006731,0.256221,0.118110,0.248318,0.009647,0.046679
2011-06-30,IWM,0.219804,0.010606,0.054420,-0.040361,-0.003196,0.000532,0.297646,0.093864,0.267902,0.011962,0.054708
2011-06-30,EFA,0.194221,0.007334,0.058343,-0.036083,-0.007029,-0.002672,0.241415,0.121829,0.219419,0.011331,0.058557
2011-06-30,EEM,0.209958,0.006175,0.056594,-0.011134,-0.000432,0.008337,0.277055,0.131331,0.221489,0.011882,0.056768
2011-06-30,SHY,0.195613,0.006623,0.003231,0.002516,0.014190,0.003460,0.155782,0.234715,0.196342,0.000632,0.003242
2011-06-30,IEF,0.188388,0.003654,0.020277,0.035449,0.012227,0.007541,0.157486,0.188284,0.219393,0.003820,0.020314
2011-06-30,TLT,0.206205,0.004142,0.038004,0.054683,0.010684,0.007451,0.220318,0.180150,0.218146,0.007837,0.038083
2011-06-30,AGG,0.206501,0.003703,0.009500,0.019317,0.016542,0.004913,0.198630,0.199663,0.221208,0.001962,0.009518
2011-06-30,LQD,0.231275,0.005555,0.014436,0.027331,0.011970,0.005099,0.276722,0.179715,0.237390,0.003339,0.014476
2011-06-30,HYG,0.180676,0.004136,0.021572,0.005778,-0.006726,0.004121,0.211389,0.134487,0.196151,0.003898,0.021617
2011-06-30,GLD,0.187590,0.007024,0.038787,0.080274,0.015515,0.014549,0.164724,0.132613,0.265432,0.007276,0.038923
2011-06-30,SLV,0.164686,0.005422,0.131251,0.131501,0.005164,0.019512,0.139968,0.125893,0.228197,0.021615,0.131606
2011-06-30,DBC,0.166535,0.004394,0.062412,0.045580,0.001941,0.003780,0.168046,0.136889,0.194670,0.010394,0.062549
2011-06-30,VNQ,0.212205,0.015421,0.049654,0.000333,-0.002304,-0.002568,0.356232,0.112028,0.168355,0.010537,0.050035
2011-07-29,SPY,0.170569,0.004793,0.040459,-0.061625,0.007832,-0.000918,0.169361,0.113344,0.229003,0.006901,0.040556
2011-07-29,QQQ,0.181645,0.006643,0.048230,-0.058448,0.009426,0.006731,0.188836,0.115192,0.240906,0.008761,0.048390
2011-07-29,IWM,0.151858,0.006203,0.055959,-0.092300,0.004726,0.000532,0.164012,0.072019,0.219544,0.008498,0.056132
2011-07-29,EFA,0.179401,0.005199,0.058739,-0.098620,0.001169,-0.002672,0.216118,0.110140,0.211944,0.010538,0.058892
2011-07-29,EEM,0.205532,0.006516,0.055572,-0.112078,0.007064,0.008337,0.256013,0.121697,0.238885,0.011422,0.055753
2011-07-29,SHY,0.166705,0.003112,0.003134,0.003210,0.001488,0.003460,0.198364,0.160528,0.141224,0.000522,0.003139
2011-07-29,IEF,0.152755,0.002768,0.021536,0.043059,0.000004,0.007541,0.154149,0.134688,0.169430,0.003290,0.021566
2011-07-29,TLT,0.160944,0.004474,0.040856,0.096265,0.005319,0.007451,0.141618,0.132104,0.209110,0.006576,0.040947
2011-07-29,AGG,0.161468,0.004156,0.010407,0.012979,-0.001195,0.004913,0.187347,0.125926,0.171131,0.001680,0.010429
2011-07-29,LQD,0.161714,0.004462,0.015796,-0.004904,-0.000242,0.005099,0.213604,0.113891,0.157647,0.002554,0.015831
2011-07-29,HYG,0.179602,0.003333,0.020978,-0.041427,0.011048,0.004121,0.194024,0.129353,0.215429,0.003768,0.021013
2011-07-29,GLD,0.169158,0.003811,0.038153,0.098553,0.011633,0.014549,0.218138,0.111311,0.178025,0.006454,0.038226
2011-07-29,SLV,0.177021,0.005295,0.126211,0.022394,0.035967,0.019512,0.213372,0.127930,0.189761,0.022342,0.126545
2011-07-29,DBC,0.184601,0.006075,0.056417,-0.018824,0.019455,0.003780,0.198549,0.128605,0.226649,0.010415,0.056588
2011-07-29,VNQ,0.163229,0.005378,0.050217,-0.069299,0.011243,-0.002568,0.190646,0.102593,0.196449,0.008197,0.050352
2011-08-31,SPY,0.123123,0.003528,0.079864,-0.069421,-0.030358,-0.000918,0.142909,0.068321,0.158140,0.009833,0.080005
2011-08-31,QQQ,0.153927,0.004574,0.084139,-0.044908,-0.029334,0.006731,0.192534,0.096630,0.172617,0.012951,0.084331
2011-08-31,IWM,0.128885,0.003221,0.107168,-0.111503,-0.041571,0.000532,0.159222,0.081603,0.145829,0.013812,0.107340
2011-08-31,EFA,0.138166,0.003591,0.101589,-0.108083,-0.040467,-0.002672,0.155290,0.090654,0.168553,0.014036,0.101771
2011-08-31,EEM,0.127887,0.003885,0.098666,-0.178947,-0.037329,0.008337,0.153005,0.068143,0.162515,0.012618,0.098857
2011-08-31,SHY,0.239801,0.004359,0.002845,-0.001015,0.005001,0.003460,0.231228,0.238481,0.249696,0.000682,0.002851
2011-08-31,IEF,0.202286,0.003924,0.027371,0.022370,0.008399,0.007541,0.188142,0.202887,0.215828,0.005537,0.027425
2011-08-31,TLT,0.169647,0.003038,0.065383,0.132060,0.006031,0.007451,0.146511,0.184396,0.178035,0.011092,0.065482
2011-08-31,AGG,0.207708,0.003204,0.014067,0.007706,0.000559,0.004913,0.215704,0.218458,0.188960,0.002922,0.014090
2011-08-31,LQD,0.178074,0.002701,0.024398,0.003512,-0.006795,0.005099,0.184400,0.174166,0.175656,0.004345,0.024431
2011-08-31,HYG,0.129170,0.003803,0.042986,-0.053014,-0.017591,0.004121,0.137394,0.077431,0.172684,0.005552,0.043068
2011-08-31,GLD,0.180826,0.004714,0.063514,-0.110623,0.013540,0.014549,0.147745,0.165202,0.229532,0.011485,0.063664
2011-08-31,SLV,0.168302,0.007660,0.131435,-0.285290,-0.006034,0.019512,0.174542,0.089121,0.241244,0.022121,0.131937
2011-08-31,DBC,0.139443,0.004484,0.060385,-0.146220,-0.015070,0.003780,0.133777,0.089955,0.194597,0.008420,0.060520
2011-08-31,VNQ,0.132030,0.003201,0.100051,-0.108419,-0.033061,-0.002568,0.127506,0.093187,0.175397,0.013210,0.100211
2011-09-30,SPY,0.168444,0.004907,0.080970,0.109147,-0.008771,-0.000918,0.164388,0.126475,0.214469,0.013639,0.081168
2011-09-30,QQQ,0.180482,0.007166,0.081126,0.104020,0.000132,0.006731,0.172581,0.123767,0.245099,0.014642,0.081416
2011-09-30,IWM,0.168609,0.005310,0.107520,0.151011,-0.020352,0.000532,0.176232,0.114645,0.214949,0.018129,0.107805
2011-09-30,EFA,0.176713,0.002824,0.102272,0.096275,-0.019256,-0.002672,0.188871,0.150180,0.191088,0.018073,0.102416
2011-09-30,EEM,0.164640,0.005230,0.109393,0.162678,-0.027061,0.008337,0.154358,0.121001,0.218561,0.018010,0.109679
2011-09-30,SHY,0.169238,0.005020,0.002588,0.000342,0.011991,0.003460,0.121297,0.149695,0.236721,0.000438,0.002594
2011-09-30,IEF,0.132100,0.004917,0.026762,-0.012865,0.010546,0.007541,0.068550,0.164966,0.162785,0.003535,0.026828
2011-09-30,TLT,0.121529,0.002903,0.071818,-0.038292,0.019882,0.007451,0.074219,0.137432,0.152936,0.008728,0.071922
2011-09-30,AGG,0.140174,0.003643,0.013171,0.001265,0.008633,0.004913,0.082708,0.162441,0.175372,0.001846,0.013195
2011-09-30,LQD,0.137229,0.004110,0.022203,0.025095,0.014203,0.005099,0.077562,0.157642,0.176483,0.003047,0.022249
2011-09-30,HYG,0.146575,0.002536,0.041273,0.084917,0.013979,0.004121,0.138769,0.125557,0.175400,0.006050,0.041325
2011-09-30,GLD,0.162370,0.003667,0.075492,0.058712,-0.008247,0.014549,0.130764,0.138083,0.218263,0.012258,0.075630
2011-09-30,SLV,0.196114,0.005653,0.163531,0.156693,-0.054887,0.019512,0.171136,0.146343,0.270862,0.032071,0.163993
2011-09-30,DBC,0.223876,0.009717,0.064691,0.076505,-0.004416,0.003780,0.200742,0.140697,0.330190,0.014483,0.065005
2011-09-30,VNQ,0.169879,0.006281,0.099343,0.142913,-0.013678,-0.002568,0.172062,0.111718,0.225856,0.016876,0.099654
2011-10-31,SPY,0.112728,0.002450,0.082103,-0.004064,0.009941,-0.000918,0.081545,0.119975,0.136665,0.009255,0.082204
2011-10-31,QQQ,0.113203,0.002917,0.080819,-0.026919,0.011353,0.006731,0.111715,0.090699,0.137195,0.009149,0.080937
2011-10-31,IWM,0.108472,0.002491,0.116196,-0.003783,0.007803,0.000532,0.082466,0.114747,0.128202,0.012604,0.116341
2011-10-31,EFA,0.126728,0.002943,0.105370,-0.021764,0.008943,-0.002672,0.093861,0.132508,0.153816,0.013353,0.105525
2011-10-31,EEM,0.121135,0.002299,0.116336,-0.019603,0.020501,0.008337,0.112660,0.117298,0.133447,0.014092,0.116470
2011-10-31,SHY,0.261344,0.008959,0.002460,0.000450,0.006914,0.003460,0.273072,0.219133,0.291827,0.000643,0.002471
2011-10-31,IEF,0.184911,0.004463,0.028087,0.005798,0.004488,0.007541,0.221397,0.150217,0.183118,0.005194,0.028150
2011-10-31,TLT,0.148270,0.002678,0.075075,0.019891,-0.006318,0.007451,0.161931,0.126806,0.156072,0.011131,0.075175
2011-10-31,AGG,0.180291,0.004564,0.013181,-0.003308,0.005598,0.004913,0.201715,0.143135,0.196024,0.002376,0.013211
2011-10-31,LQD,0.131634,0.001848,0.020294,-0.031567,-0.000151,0.005099,0.129994,0.143092,0.121816,0.002671,0.020313
2011-10-31,HYG,0.118915,0.002180,0.047166,-0.024270,0.010264,0.004121,0.094708,0.129193,0.132843,0.005609,0.047217
2011-10-31,GLD,0.139250,0.002830,0.071260,0.016673,0.024446,0.014549,0.150054,0.118481,0.149214,0.009923,0.071361
2011-10-31,SLV,0.135833,0.003000,0.152196,-0.043062,0.029777,0.019512,0.134516,0.154856,0.118128,0.020673,0.152424
2011-10-31,DBC,0.127113,0.003051,0.063534,-0.002886,0.019452,0.003780,0.102461,0.114046,0.164834,0.008076,0.063631
2011-10-31,VNQ,0.113751,0.002017,0.106739,-0.038012,0.004132,-0.002568,0.092375,0.133213,0.115666,0.012142,0.106847
2011-11-30,SPY,0.165495,0.003953,0.083705,0.010448,-0.018451,-0.000918,0.223030,0.132729,0.140725,0.013853,0.083870
2011-11-30,QQQ,0.169636,0.004149,0.083211,-0.006142,-0.019234,0.006731,0.230149,0.129123,0.149635,0.014116,0.083383
2011-11-30,IWM,0.150096,0.003594,0.117589,0.005151,-0.022737,0.000532,0.197447,0.125361,0.127481,0.017650,0.117800
2011-11-30,EFA,0.153520,0.005053,0.107340,-0.021749,-0.022530,-0.002672,0.210619,0.126398,0.123542,0.016479,0.107611
2011-11-30,EEM,0.155829,0.003504,0.120235,-0.042648,-0.021978,0.008337,0.210421,0.131502,0.125563,0.018736,0.120445
2011-11-30,SHY,0.288403,0.007655,0.002119,0.000521,0.010819,0.003460,0.324874,0.240089,0.300247,0.000611,0.002127
2011-11-30,IEF,0.198068,0.003656,0.026363,0.019877,0.019646,0.007541,0.192800,0.186451,0.214954,0.005222,0.026411
2011-11-30,TLT,0.171104,0.004474,0.070281,0.034449,0.020159,0.007451,0.144359,0.157682,0.211272,0.012025,0.070438
2011-11-30,AGG,0.209262,0.005786,0.011630,0.013567,0.023964,0.004913,0.198767,0.196790,0.232230,0.002434,0.011664
2011-11-30,LQD,0.181208,0.004832,0.019421,0.034882,0.014449,0.005099,0.189517,0.136302,0.217805,0.003519,0.019468
2011-11-30,HYG,0.157726,0.003534,0.048752,0.045521,-0.011372,0.004121,0.219830,0.125881,0.127466,0.007689,0.048838
2011-11-30,GLD,0.139172,0.002957,0.068597,-0.106624,0.004242,0.014549,0.140707,0.113129,0.163679,0.009547,0.068698
2011-11-30,SLV,0.130216,0.002435,0.144529,-0.158125,-0.012479,0.019512,0.150216,0.092102,0.148329,0.018820,0.144705
2011-11-30,DBC,0.136422,0.003187,0.060341,-0.028944,-0.002405,0.003780,0.168615,0.100027,0.140623,0.008232,0.060437
2011-11-30,VNQ,0.169801,0.003750,0.104627,0.048503,-0.024336,-0.002568,0.222863,0.149313,0.137228,0.017766,0.104823
2011-12-30,SPY,0.130061,0.002643,0.075726,0.055538,0.004016,-0.000918,0.125341,0.111067,0.153774,0.009849,0.075826
2011-12-30,QQQ,0.139536,0.003032,0.075270,0.092961,0.004944,0.006731,0.138032,0.118937,0.161638,0.010503,0.075384
2011-12-30,IWM,0.122119,0.003021,0.106331,0.094508,0.002577,0.000532,0.115511,0.092520,0.158325,0.012985,0.106491
2011-12-30,EFA,0.121150,0.002801,0.098156,0.069251,-0.005323,-0.002672,0.117980,0.092258,0.153212,0.011892,0.098293
2011-12-30,EEM,0.110397,0.002433,0.110406,0.134422,-0.001499,0.008337,0.110276,0.085317,0.135599,0.012189,0.110540
2011-12-30,SHY,0.239539,0.007391,0.001885,0.000484,0.004738,0.003460,0.257602,0.175259,0.285755,0.000452,0.001892
2011-12-30,IEF,0.216193,0.003815,0.024432,0.005118,0.008346,0.007541,0.206898,0.204721,0.236961,0.005282,0.024479
2011-12-30,TLT,0.228406,0.004523,0.066237,-0.014716,0.010157,0.007451,0.214925,0.242982,0.227311,0.015129,0.066387
2011-12-30,AGG,0.226927,0.003963,0.010696,0.005483,0.007935,0.004913,0.222595,0.218891,0.239295,0.002427,0.010717
2011-12-30,LQD,0.165208,0.003002,0.019294,0.025515,0.004751,0.005099,0.153869,0.156040,0.185716,0.003188,0.019323
2011-12-30,HYG,0.130840,0.003092,0.042770,0.016526,0.008187,0.004121,0.115806,0.115492,0.161221,0.005596,0.042836
2011-12-30,GLD,0.125477,0.002959,0.068324,0.115600,0.003721,0.014549,0.099648,0.132047,0.144736,0.008573,0.068425
2011-12-30,SLV,0.151007,0.004336,0.137553,0.216407,-0.007752,0.019512,0.112929,0.144842,0.195250,0.020771,0.137851
2011-12-30,DBC,0.160934,0.003600,0.057913,0.040238,0.007512,0.003780,0.120197,0.181658,0.180946,0.009320,0.058017
2011-12-30,VNQ,0.124487,0.003599,0.093298,0.074310,0.009601,-0.002568,0.117329,0.092393,0.163739,0.011614,0.093466
2012-01-31,SPY,0.305385,0.028340,0.065213,0.048812,0.019806,0.000313,0.364490,0.149300,0.402364,0.019915,0.066131
2012-01-31,QQQ,0.328644,0.021027,0.065654,0.072526,0.010105,0.006648,0.384414,0.165780,0.435737,0.021577,0.066341
2012-01-31,IWM,0.364092,0.028950,0.091389,0.031005,0.021923,0.000810,0.404314,0.159715,0.528247,0.033274,0.092702
2012-01-31,EFA,0.191884,0.013966,0.086804,0.060223,0.018057,-0.002741,0.286153,0.073743,0.215756,0.016656,0.087408
2012-01-31,EEM,0.191547,0.016113,0.098150,0.062693,0.020988,0.005104,0.290191,0.070528,0.213920,0.018800,0.098938
2012-01-31,SHY,0.367943,0.019063,0.001705,-0.001586,0.009670,0.002906,0.351222,0.429878,0.322730,0.000627,0.001721
2012-01-31,IEF,0.154448,0.012262,0.022533,-0.014202,0.003755,0.007407,0.178148,0.179572,0.105624,0.003480,0.022671
2012-01-31,TLT,0.143871,0.012730,0.060214,-0.035140,0.006443,0.009655,0.153367,0.098700,0.179547,0.008663,0.060596
2012-01-31,AGG,0.032488,0.011785,0.009978,-0.002154,-0.001889,0.004694,0.120486,0.020070,-0.043094,0.000324,0.010037
2012-01-31,LQD,0.101953,0.016902,0.017928,0.013928,0.001002,0.004718,0.243445,0.058175,0.004239,0.001828,0.018079
2012-01-31,HYG,0.208136,0.011347,0.036860,0.022774,0.014726,0.003765,0.262412,0.154329,0.207666,0.007672,0.037069
2012-01-31,GLD,0.260997,0.040699,0.063160,-0.015947,0.017971,0.015347,0.481016,0.096213,0.205761,0.016485,0.064432
2012-01-31,SLV,0.447820,0.042845,0.130302,0.066914,0.027886,0.018686,0.662628,0.295323,0.385509,0.058352,0.133064
2012-01-31,DBC,0.620425,0.083968,0.053875,0.070068,0.017736,0.004751,0.625486,0.356985,0.878804,0.033425,0.056091
2012-01-31,VNQ,0.361073,0.038612,0.080792,-0.005510,0.008287,-0.001761,0.410584,0.155993,0.516641,0.029172,0.082337
2012-02-29,SPY,0.100850,0.020047,0.056454,0.027912,0.014581,0.000313,0.188316,0.170029,-0.055795,0.005693,0.057017
2012-02-29,QQQ,0.138874,0.019347,0.057744,0.052552,0.011445,0.006648,0.268179,0.169374,-0.020931,0.008019,0.058300
2012-02-29,IWM,0.117778,0.018915,0.081322,0.028189,0.025050,0.000810,0.219025,0.194678,-0.060369,0.009578,0.082088
2012-02-29,EFA,0.078403,0.013374,0.076473,-0.004757,0.024812,-0.002741,0.134938,0.136127,-0.035855,0.005996,0.076983
2012-02-29,EEM,0.026271,0.017648,0.086485,-0.038123,0.015880,0.005104,0.150572,0.063373,-0.135132,0.002272,0.087245
2012-02-29,SHY,0.554065,0.041186,0.001595,-0.000652,0.011933,0.002906,0.637494,0.464099,0.560600,0.000884,0.001628
2012-02-29,IEF,0.446924,0.022864,0.020795,-0.011052,0.015869,0.007407,0.441217,0.396294,0.503263,0.009294,0.021031
2012-02-29,TLT,0.475021,0.019066,0.055125,-0.025887,0.011387,0.009655,0.502503,0.417720,0.504839,0.026186,0.055648
2012-02-29,AGG,0.554001,0.047276,0.009037,-0.004191,0.011282,0.004694,0.672878,0.382594,0.606530,0.005007,0.009248
2012-02-29,LQD,0.098200,0.029999,0.016383,-0.011825,0.000214,0.004718,0.332571,-0.018544,-0.019427,0.001609,0.016627
2012-02-29,HYG,0.133762,0.024006,0.031878,-0.007566,0.002685,0.003765,0.252460,0.192629,-0.043803,0.004264,0.032258
2012-02-29,GLD,0.120723,0.008300,0.065718,-0.018321,0.015375,0.015347,0.150732,0.061042,0.150396,0.007934,0.065990
2012-02-29,SLV,0.188461,0.019702,0.123421,-0.065574,0.017122,0.018686,0.313284,0.054151,0.197949,0.023260,0.124631
2012-02-29,DBC,0.206596,0.012618,0.048020,-0.028650,0.020684,0.004751,0.284231,0.167144,0.168415,0.009921,0.048322
2012-02-29,VNQ,0.122504,0.025926,0.070875,0.043407,0.024719,-0.001761,0.241978,0.170390,-0.044854,0.008682,0.071788
2012-03-30,SPY,-0.042658,0.014136,0.050095,-0.000497,0.005313,0.000313,0.043149,-0.026622,-0.144500,-0.002137,0.050448
2012-03-30,QQQ,-0.010661,0.010053,0.051364,-0.010067,0.011691,0.006648,0.057888,-0.044621,-0.045248,-0.000548,0.051622
2012-03-30,IWM,-0.078846,0.012242,0.072475,-0.015216,0.016799,0.000810,0.010486,-0.052842,-0.194182,-0.005714,0.072917
2012-03-30,EFA,-0.090016,0.012457,0.069748,-0.016761,0.009280,-0.002741,0.019944,-0.105926,-0.184067,-0.006278,0.070181
2012-03-30,EEM,-0.006667,0.014350,0.080188,-0.010477,0.014140,0.005104,0.087281,0.001903,-0.109183,-0.000535,0.080761
2012-03-30,SHY,0.355159,0.026364,0.001774,0.001993,0.004388,0.002906,0.363773,0.439973,0.261732,0.000630,0.001797
2012-03-30,IEF,0.470154,0.022810,0.020409,0.023227,0.010839,0.007407,0.475320,0.434727,0.500415,0.009595,0.020640
2012-03-30,TLT,0.409171,0.022941,0.052576,0.042906,0.009832,0.009655,0.385322,0.339060,0.503130,0.021513,0.053176
2012-03-30,AGG,0.479061,0.021351,0.009234,0.008694,0.006207,0.004694,0.476791,0.452146,0.508244,0.004424,0.009332
2012-03-30,LQD,0.466297,0.033436,0.016385,0.008897,0.007672,0.004718,0.359456,0.500996,0.538438,0.007640,0.016657
2012-03-30,HYG,0.182645,0.018318,0.028767,0.012136,0.013109,0.003765,0.172479,0.175254,0.200203,0.005254,0.029029
2012-03-30,GLD,-0.034987,0.013763,0.060010,-0.004935,0.018974,0.015347,0.057484,-0.046889,-0.115557,-0.002100,0.060422
2012-03-30,SLV,-0.010706,0.013448,0.111719,-0.042065,0.024924,0.018686,0.095370,-0.052341,-0.075147,-0.001196,0.112468
2012-03-30,DBC,0.049685,0.010250,0.045720,-0.013542,0.016863,0.004751,0.074839,0.034245,0.039970,0.002272,0.045954
2012-03-30,VNQ,-0.052978,0.015477,0.061994,0.039748,0.003720,-0.001761,-0.002009,0.007625,-0.164551,-0.003284,0.062472
2012-04-30,SPY,0.402979,0.026536,0.047391,-0.057982,-0.001783,0.000313,0.439140,0.256630,0.513167,0.019098,0.048016
2012-04-30,QQQ,0.413836,0.025001,0.051858,-0.066357,-0.002771,0.006648,0.430340,0.333323,0.477844,0.021461,0.052502
2012-04-30,IWM,0.350331,0.032763,0.067903,-0.064563,-0.000247,0.000810,0.452644,0.233246,0.365103,0.023789,0.069006
2012-04-30,EFA,0.372491,0.021578,0.067016,-0.115163,0.000499,-0.002741,0.397919,0.257173,0.462380,0.024963,0.067735
2012-04-30,EEM,0.351140,0.023695,0.073531,-0.110848,0.012820,0.005104,0.374924,0.263047,0.415448,0.025820,0.074397
2012-04-30,SHY,0.508414,0.029171,0.001670,0.000212,0.005835,0.002906,0.389632,0.525985,0.609626,0.000849,0.001694
2012-04-30,IEF,0.116073,0.013062,0.019621,0.024716,0.000629,0.007407,0.217897,0.058544,0.071777,0.002277,0.019749
2012-04-30,TLT,0.063735,0.019328,0.049795,0.077779,0.002224,0.009655,0.175110,0.060716,-0.044621,0.003174,0.050274
2012-04-30,AGG,0.245255,0.012226,0.008885,0.007792,0.005047,0.004694,0.228646,0.267364,0.239755,0.002179,0.008939
2012-04-30,LQD,0.236388,0.013865,0.015524,0.000508,0.002721,0.004718,0.166844,0.219490,0.322829,0.003670,0.015631
2012-04-30,HYG,0.553565,0.066459,0.025971,-0.021844,0.001635,0.003765,0.431518,0.454480,0.774697,0.014377,0.026820
2012-04-30,GLD,0.253167,0.016926,0.053848,-0.061589,0.013913,0.015347,0.300705,0.296675,0.162121,0.013633,0.054302
2012-04-30,SLV,0.319231,0.025772,0.101327,-0.099303,0.025534,0.018686,0.393510,0.191397,0.372786,0.032347,0.102624
2012-04-30,DBC,0.399754,0.024105,0.042734,-0.103837,0.006799,0.004751,0.347769,0.356659,0.494835,0.017083,0.043246
2012-04-30,VNQ,0.440745,0.027256,0.057974,-0.052237,-0.001860,-0.001761,0.431480,0.339723,0.551031,0.025552,0.058759
2012-05-31,SPY,0.110973,0.016565,0.044913,0.040581,0.017122,0.000313,0.033610,0.201194,0.098115,0.004984,0.045283
2012-05-31,QQQ,0.251953,0.022472,0.051266,0.036214,0.014473,0.006648,0.136875,0.373489,0.245494,0.012917,0.051839
2012-05-31,IWM,0.004104,0.017593,0.063078,0.050521,0.015642,0.000810,-0.035891,0.136424,-0.088222,0.000259,0.063630
2012-05-31,EFA,0.104252,0.011283,0.063320,0.070434,0.019070,-0.002741,0.050071,0.114651,0.148033,0.006601,0.063676
2012-05-31,EEM,0.166556,0.015847,0.070255,0.050354,0.015118,0.005104,0.059264,0.207049,0.233357,0.011701,0.070809
2012-05-31,SHY,0.484285,0.029360,0.001559,-0.000971,0.006198,0.002906,0.432465,0.430661,0.589729,0.000755,0.001582
2012-05-31,IEF,0.335117,0.038035,0.018242,-0.004143,-0.001838,0.007407,0.467475,0.151661,0.386217,0.006113,0.018586
2012-05-31,TLT,0.415999,0.030387,0.047620,-0.016782,-0.003056,0.009655,0.424881,0.256796,0.566319,0.019810,0.048338
2012-05-31,AGG,0.318206,0.027588,0.008233,-0.000198,-0.000931,0.004694,0.393200,0.191205,0.370212,0.002620,0.008346
2012-05-31,LQD,0.289801,0.023579,0.014969,0.008716,0.001563,0.004718,0.367650,0.176780,0.324973,0.004338,0.015144
2012-05-31,HYG,0.130195,0.015094,0.026679,0.046568,0.018782,0.003765,0.035960,0.195853,0.158772,0.003473,0.026880
2012-05-31,GLD,0.136844,0.011286,0.051293,0.023546,0.015357,0.015347,0.162771,0.143560,0.104200,0.007019,0.051582
2012-05-31,SLV,0.062551,0.008576,0.091802,-0.011498,0.031304,0.018686,0.090286,0.083235,0.014130,0.005742,0.092195
2012-05-31,DBC,0.212804,0.020574,0.042641,0.020206,0.029454,0.004751,0.127379,0.163702,0.347330,0.009074,0.043077
2012-05-31,VNQ,0.065535,0.018295,0.056795,0.055171,0.010395,-0.001761,0.001593,0.202825,-0.007813,0.003722,0.057312
2012-06-29,SPY,0.379150,0.025525,0.049581,0.011829,-0.009464,0.000313,0.413738,0.347585,0.376128,0.018799,0.050210
2012-06-29,QQQ,0.400167,0.021944,0.056901,0.009975,-0.004188,0.006648,0.376580,0.399266,0.424654,0.022770,0.057522
2012-06-29,IWM,0.342019,0.022329,0.066337,-0.015208,-0.009060,0.000810,0.381251,0.282670,0.362136,0.022689,0.067074
2012-06-29,EFA,0.246861,0.020752,0.066547,0.000800,-0.000225,-0.002741,0.335548,0.218502,0.186534,0.016428,0.067234
2012-06-29,EEM,0.277599,0.016855,0.074719,-0.000256,0.001861,0.005104,0.335392,0.182161,0.315245,0.020742,0.075346
2012-06-29,SHY,0.548588,0.028645,0.001398,0.002205,0.022095,0.002906,0.443852,0.530568,0.671344,0.000767,0.001418
2012-06-29,IEF,0.711066,0.051850,0.018404,0.014011,0.011287,0.007407,0.571828,0.645217,0.916154,0.013086,0.018875
2012-06-29,TLT,0.604650,0.030251,0.047314,0.038174,0.008273,0.009655,0.478711,0.617869,0.717371,0.028608,0.048024
2012-06-29,AGG,0.700210,0.047549,0.008122,0.013621,0.011330,0.004694,0.536642,0.714306,0.849682,0.005687,0.008313
2012-06-29,LQD,0.679662,0.047790,0.014358,0.034830,-0.000093,0.004718,0.532260,0.706050,0.800676,0.009759,0.014697
2012-06-29,HYG,0.494799,0.031605,0.026725,0.010223,-0.002980,0.003765,0.483072,0.473116,0.528210,0.013224,0.027144
2012-06-29,GLD,0.264083,0.028344,0.054042,0.008377,0.007990,0.015347,0.263679,0.146495,0.382077,0.014272,0.054803
2012-06-29,SLV,0.284939,0.039460,0.089989,0.017636,0.024979,0.018686,0.361876,0.099692,0.393249,0.025641,0.091747
2012-06-29,DBC,0.004946,0.021149,0.052206,0.058252,-0.009550,0.004751,0.130234,-0.129962,0.014568,0.000258,0.052755
2012-06-29,VNQ,0.419220,0.017744,0.058146,0.020021,-0.007742,-0.001761,0.377134,0.444366,0.436160,0.024376,0.058660
2012-07-31,SPY,0.173391,0.031151,0.047023,0.027595,0.003749,0.000313,0.185218,0.316176,0.018780,0.008153,0.047750
2012-07-31,QQQ,0.181603,0.017017,0.054246,0.055556,0.004742,0.006648,0.212707,0.282955,0.049145,0.009851,0.054706
2012-07-31,IWM,0.224712,0.017668,0.061092,0.041480,0.008817,0.000810,0.242458,0.319249,0.112429,0.013728,0.061629
2012-07-31,EFA,0.086796,0.029808,0.064865,0.038400,-0.000257,-0.002741,0.124327,0.249509,-0.113447,0.005630,0.065825
2012-07-31,EEM,0.192572,0.019386,0.072092,0.006391,0.004886,0.005104,0.162153,0.305282,0.110280,0.013883,0.072787
2012-07-31,SHY,0.432224,0.074013,0.001373,-0.000639,0.003680,0.002906,0.344388,0.195705,0.756579,0.000593,0.001423
2012-07-31,IEF,0.253112,0.016721,0.017017,-0.009421,0.014824,0.007407,0.138000,0.313591,0.307744,0.004307,0.017159
2012-07-31,TLT,0.383986,0.029710,0.044154,-0.031964,0.014085,0.009655,0.246455,0.521043,0.384462,0.016955,0.044805
2012-07-31,AGG,0.242536,0.022779,0.007660,-0.003738,0.006947,0.004694,0.119694,0.237989,0.369926,0.001858,0.007747
2012-07-31,LQD,0.015677,0.007182,0.014181,-0.007734,-0.002777,0.004718,-0.055685,0.042849,0.059867,0.000222,0.014232
2012-07-31,HYG,0.033069,0.016330,0.024573,0.010253,0.009252,0.003765,0.092364,0.097389,-0.090545,0.000813,0.024773
2012-07-31,GLD,0.034700,0.035202,0.048751,0.026200,0.021709,0.015347,0.174227,0.138777,-0.208904,0.001692,0.049602
2012-07-31,SLV,-0.068232,0.023579,0.080426,0.096976,0.029387,0.018686,0.067703,-0.058098,-0.214300,-0.005488,0.081369
2012-07-31,DBC,-0.014534,0.010834,0.053371,0.044404,0.009668,0.004751,0.032885,0.040917,-0.117404,-0.000776,0.053659
2012-07-31,VNQ,0.421734,0.038199,0.051494,-0.001048,0.010225,-0.001761,0.297223,0.432844,0.535136,0.021717,0.052468
2012-08-31,SPY,0.360026,0.026681,0.041072,0.029126,0.013777,0.000313,0.354645,0.400192,0.325240,0.014787,0.041616
2012-08-31,QQQ,0.180489,0.021769,0.047520,0.010355,0.014969,0.006648,0.216480,0.251674,0.073312,0.008577,0.048034
2012-08-31,IWM,0.361067,0.023610,0.054061,0.038054,0.016516,0.000810,0.341384,0.435801,0.306017,0.019520,0.054695
2012-08-31,EFA,0.198612,0.026658,0.058236,0.039535,0.015528,-0.002741,0.282034,0.227085,0.086717,0.011566,0.059007
2012-08-31,EEM,0.495734,0.024133,0.063264,0.064155,0.024982,0.005104,0.515756,0.451118,0.520328,0.031362,0.064023
2012-08-31,SHY,0.018875,0.032596,0.001320,-0.000047,-0.004932,0.002906,0.154509,0.122521,-0.220404,0.000025,0.001341
2012-08-31,IEF,0.318649,0.012005,0.016510,-0.002277,-0.003960,0.007407,0.286943,0.315284,0.353719,0.005261,0.016609
2012-08-31,TLT,0.432119,0.019640,0.042315,-0.023047,-0.005600,0.009655,0.398576,0.414558,0.483225,0.018285,0.042729
2012-08-31,AGG,0.364324,0.027696,0.007878,0.003086,-0.005406,0.004694,0.424977,0.245352,0.422644,0.002870,0.007986
2012-08-31,LQD,0.456530,0.022869,0.014145,0.014032,-0.008933,0.004718,0.474055,0.406392,0.489144,0.006458,0.014306
2012-08-31,HYG,0.198027,0.024683,0.021137,0.006027,0.005250,0.003765,0.160505,0.237175,0.196401,0.004186,0.021396
2012-08-31,GLD,0.437526,0.058300,0.044746,0.047984,0.010454,0.015347,0.416638,0.245223,0.650717,0.019578,0.046032
2012-08-31,SLV,0.266822,0.026099,0.078655,0.088016,0.022832,0.018686,0.379187,0.187821,0.233458,0.020987,0.079675
2012-08-31,DBC,0.090442,0.046290,0.046970,-0.007642,0.005329,0.004751,0.257747,0.235408,-0.221829,0.004248,0.048045
2012-08-31,VNQ,0.374887,0.031407,0.043636,-0.018481,0.011284,-0.001761,0.449482,0.375579,0.299601,0.016359,0.044316
2012-09-28,SPY,0.264324,0.038546,0.038916,-0.018198,0.006833,0.000313,0.301172,0.410820,0.080980,0.010286,0.039659
2012-09-28,QQQ,0.225950,0.040243,0.045662,-0.052793,0.007051,0.006648,0.322825,0.389924,-0.034900,0.010317,0.046572
2012-09-28,IWM,0.430451,0.031170,0.050124,-0.021692,0.010778,0.000810,0.436825,0.560905,0.293622,0.021576,0.050899
2012-09-28,EFA,0.296027,0.036410,0.055921,0.010943,0.011835,-0.002741,0.352772,0.439219,0.096091,0.016554,0.056930
2012-09-28,EEM,0.127771,0.055751,0.061364,-0.004355,0.008223,0.005104,0.178076,0.369224,-0.163987,0.007841,0.063051
2012-09-28,SHY,0.385850,0.018873,0.001277,-0.000687,-0.000962,0.002906,0.375882,0.273491,0.508177,0.000493,0.001289
2012-09-28,IEF,0.229014,0.013933,0.016394,-0.003961,0.004556,0.007407,0.233506,0.152226,0.301311,0.003754,0.016508
2012-09-28,TLT,0.355660,0.019477,0.042833,-0.004840,0.005476,0.009655,0.290317,0.299974,0.476690,0.015234,0.043248
2012-09-28,AGG,0.450516,0.033591,0.007743,-0.000472,0.000278,0.004694,0.401165,0.338678,0.611705,0.003488,0.007872
2012-09-28,LQD,0.206093,0.011001,0.013720,0.013461,-0.002664,0.004718,0.208834,0.213298,0.196147,0.002828,0.013795
2012-09-28,HYG,0.126765,0.029766,0.021359,0.008441,0.011262,0.003765,0.258267,0.164821,-0.042793,0.002708,0.021675
2012-09-28,GLD,0.165427,0.050259,0.043130,-0.029437,0.003110,0.015347,0.095427,0.446543,-0.045690,0.007135,0.044201
2012-09-28,SLV,0.125414,0.061983,0.077532,-0.066010,0.002441,0.018686,0.126508,0.428167,-0.178432,0.009724,0.079899
2012-09-28,DBC,0.031792,0.024647,0.046399,-0.039052,-0.001875,0.004751,0.115511,0.143212,-0.163347,0.001475,0.046967
2012-09-28,VNQ,0.590598,0.036850,0.040991,-0.009081,0.014668,-0.001761,0.529197,0.613502,0.629096,0.024209,0.041739
2012-10-31,SPY,0.617766,0.027886,0.036620,0.005659,0.011239,0.000313,0.617279,0.703122,0.532898,0.022623,0.037127
2012-10-31,QQQ,0.508705,0.023658,0.044123,0.013087,0.018166,0.006648,0.444886,0.608583,0.472646,0.022446,0.044642
2012-10-31,IWM,0.495487,0.041698,0.045553,0.005513,0.008346,0.000810,0.543040,0.631380,0.312042,0.022571,0.046493
2012-10-31,EFA,0.375044,0.039980,0.052083,0.027809,0.007060,-0.002741,0.410921,0.582788,0.131423,0.019533,0.053114
2012-10-31,EEM,0.514316,0.038312,0.056022,0.015553,0.016638,0.005104,0.589590,0.621512,0.331845,0.028813,0.057085
2012-10-31,SHY,0.105981,0.007836,0.001306,0.000238,0.004931,0.002906,0.107165,0.145171,0.065607,0.000138,0.001311
2012-10-31,IEF,0.103148,0.017823,0.016374,0.009791,0.004374,0.007407,0.164425,0.166575,-0.021558,0.001689,0.016519
2012-10-31,TLT,0.102323,0.013376,0.042321,0.011592,0.003674,0.009655,0.166774,0.116675,0.023519,0.004330,0.042603
2012-10-31,AGG,0.079300,0.011732,0.007602,0.002707,0.007439,0.004694,0.067134,0.163548,0.007217,0.000603,0.007646
2012-10-31,LQD,0.435495,0.020619,0.012921,-0.007235,0.005368,0.004718,0.321183,0.538714,0.446587,0.005627,0.013054
2012-10-31,HYG,0.765170,0.038302,0.019202,0.004968,0.017046,0.003765,0.747664,0.687467,0.860380,0.014693,0.019566
2012-10-31,GLD,0.122298,0.020155,0.039101,-0.004675,0.016620,0.015347,0.036960,0.259401,0.070533,0.004782,0.039493
2012-10-31,SLV,0.087925,0.024588,0.071240,0.034858,0.015419,0.018686,0.112799,0.235824,-0.084849,0.006264,0.072111
2012-10-31,DBC,0.393646,0.030519,0.044455,0.019594,0.008625,0.004751,0.400343,0.530657,0.249939,0.017500,0.045128
2012-10-31,VNQ,0.474217,0.026072,0.037443,-0.002641,0.013417,-0.001761,0.554397,0.501297,0.366958,0.017756,0.037928
2012-11-30,SPY,0.044909,0.006415,0.038436,0.034794,-0.007020,0.000313,0.048077,0.105422,-0.018773,0.001726,0.038559
2012-11-30,QQQ,0.011942,0.009302,0.045177,0.026964,-0.002487,0.006648,0.041398,0.057920,-0.063492,0.000540,0.045387
2012-11-30,IWM,0.182635,0.014465,0.046724,0.066664,-0.008231,0.000810,0.172558,0.206940,0.168407,0.008533,0.047061
2012-11-30,EFA,0.133347,0.010716,0.049557,0.059967,-0.002032,-0.002741,0.106283,0.164047,0.129712,0.006608,0.049822
2012-11-30,EEM,0.160931,0.008185,0.052380,0.088987,0.009317,0.005104,0.169168,0.194855,0.118770,0.008430,0.052594
2012-11-30,SHY,0.266273,0.012946,0.001221,0.000011,0.008803,0.002906,0.262362,0.239402,0.297054,0.000325,0.001229
2012-11-30,IEF,0.291827,0.014007,0.015208,-0.013919,0.008902,0.007407,0.363056,0.212833,0.299593,0.004438,0.015314
2012-11-30,TLT,0.195310,0.022048,0.038864,-0.037912,0.019727,0.009655,0.330096,0.167127,0.088707,0.007591,0.039290
2012-11-30,AGG,0.286451,0.015259,0.007115,-0.003620,0.010431,0.004694,0.322743,0.248331,0.288279,0.002038,0.007169
2012-11-30,LQD,0.230503,0.013714,0.011897,-0.000998,0.010035,0.004718,0.293786,0.213616,0.184107,0.002742,0.011978
2012-11-30,HYG,0.136400,0.008828,0.018627,0.023572,-0.002378,0.003765,0.174873,0.076496,0.157831,0.002541,0.018709
2012-11-30,GLD,0.345475,0.037909,0.038748,-0.017344,0.023196,0.015347,0.344475,0.181467,0.510481,0.013386,0.039476
2012-11-30,SLV,0.368952,0.057645,0.071075,-0.075402,0.025091,0.018686,0.418227,0.098101,0.590528,0.026223,0.073095
2012-11-30,DBC,-0.003138,0.015104,0.042990,-0.007829,0.005961,0.004751,0.060966,0.083181,-0.153562,-0.000135,0.043313
2012-11-30,VNQ,0.285893,0.018483,0.035902,0.050154,0.002894,-0.001761,0.226618,0.347684,0.283378,0.010264,0.036232
2012-12-31,SPY,0.509660,0.031823,0.037143,0.051190,0.005203,0.000313,0.340057,0.486274,0.702648,0.018930,0.037729
2012-12-31,QQQ,0.381316,0.022605,0.044620,0.026716,0.004138,0.006648,0.245506,0.340624,0.557817,0.017014,0.045122
2012-12-31,IWM,0.587001,0.077571,0.044194,0.062381,0.000961,0.000810,0.369834,0.494243,0.896926,0.025942,0.045876
2012-12-31,EFA,0.684402,0.039151,0.044308,0.037284,0.007965,-0.002741,0.548043,0.636981,0.868183,0.030324,0.045167
2012-12-31,EEM,0.677724,0.047929,0.046846,-0.002931,0.010107,0.005104,0.648903,0.580442,0.803828,0.031749,0.047955
2012-12-31,SHY,0.048332,0.028946,0.001137,0.000119,0.012452,0.002906,0.046792,0.242173,-0.143969,0.000055,0.001153
2012-12-31,IEF,-0.000098,0.015158,0.014418,-0.012931,0.020939,0.007407,0.083867,0.043756,-0.127918,-0.000001,0.014527
2012-12-31,TLT,0.007473,0.010581,0.038135,-0.031853,0.018801,0.009655,0.087970,0.045956,-0.111507,0.000285,0.038336
2012-12-31,AGG,0.082005,0.014072,0.006920,-0.006212,0.015216,0.004694,0.136224,0.135841,-0.026052,0.000567,0.006969
2012-12-31,LQD,0.441884,0.025242,0.011773,-0.012976,0.015120,0.004718,0.366057,0.465258,0.494338,0.005202,0.011921
2012-12-31,HYG,0.441370,0.040933,0.017035,0.003428,0.005556,0.003765,0.454546,0.297574,0.571991,0.007519,0.017380
2012-12-31,GLD,0.463403,0.019192,0.035812,-0.005061,0.016369,0.015347,0.444525,0.516753,0.428930,0.016595,0.036154
2012-12-31,SLV,0.460491,0.019985,0.068592,0.036432,0.014648,0.018686,0.529497,0.448169,0.403806,0.031586,0.069274
2012-12-31,DBC,0.454090,0.016406,0.038266,0.024838,0.017161,0.004751,0.465976,0.462955,0.433340,0.017376,0.038579
2012-12-31,VNQ,0.487911,0.037313,0.033707,0.037386,0.003993,-0.001761,0.362554,0.502202,0.598978,0.016446,0.034330
2013-01-31,SPY,0.166481,0.004891,0.034724,0.021509,0.014248,0.002843,0.120544,0.182811,0.196089,0.005781,0.034809
2013-01-31,QQQ,0.190799,0.003572,0.042226,0.012113,0.019713,0.008478,0.171528,0.181286,0.219582,0.008057,0.042301
2013-01-31,IWM,0.157358,0.003457,0.041855,0.017303,0.010034,0.003210,0.121687,0.185225,0.165162,0.006586,0.041927
2013-01-31,EFA,0.218567,0.004916,0.040385,-0.010681,0.008792,0.000000,0.199458,0.207638,0.248606,0.008827,0.040484
2013-01-31,EEM,0.244835,0.006479,0.042786,-0.029851,0.012730,0.006041,0.207614,0.229510,0.297379,0.010475,0.042924
2013-01-31,SHY,0.140183,0.006853,0.001079,0.000699,0.008812,0.002423,0.172840,0.186541,0.061168,0.000151,0.001083
2013-01-31,IEF,0.215347,0.005840,0.013918,0.011485,0.019163,0.006875,0.234698,0.243606,0.167736,0.002997,0.013959
2013-01-31,TLT,0.220471,0.005940,0.036034,0.012506,0.017699,0.008751,0.226436,0.262416,0.172562,0.007944,0.036141
2013-01-31,AGG,0.201071,0.004278,0.006546,0.005536,0.022355,0.004520,0.233162,0.193430,0.176622,0.001316,0.006560
2013-01-31,LQD,0.183398,0.004877,0.011153,0.012310,0.030459,0.005737,0.197104,0.188292,0.164799,0.002045,0.011180
2013-01-31,HYG,0.185856,0.004382,0.016160,0.011442,0.024766,0.005744,0.154849,0.156843,0.245875,0.003003,0.016195
2013-01-31,GLD,0.242737,0.006780,0.033506,-0.055211,0.021375,0.012433,0.284882,0.185881,0.257448,0.008133,0.033619
2013-01-31,SLV,0.237924,0.006673,0.065966,-0.093298,0.025628,0.016474,0.249460,0.181553,0.282759,0.015695,0.066186
2013-01-31,DBC,0.199464,0.004541,0.033989,-0.057253,0.005509,0.004375,0.206578,0.217663,0.174150,0.006780,0.034066
2013-01-31,VNQ,0.147548,0.005598,0.030482,0.023147,0.021927,0.001286,0.107486,0.175549,0.159609,0.004498,0.030567
2013-02-28,SPY,0.178553,0.004721,0.035769,0.033863,-0.000349,0.002843,0.225250,0.182840,0.127571,0.006387,0.035853
2013-02-28,QQQ,0.170556,0.004112,0.042044,0.023227,0.004542,0.008478,0.226205,0.154058,0.131406,0.007171,0.042130
2013-02-28,IWM,0.194516,0.005940,0.042516,0.032515,0.001579,0.003210,0.246857,0.169943,0.166748,0.008270,0.042642
2013-02-28,EFA,0.196425,0.006745,0.042788,-0.000515,-0.003330,0.000000,0.243084,0.194456,0.151736,0.008405,0.042932
2013-02-28,EEM,0.171331,0.005615,0.040580,-0.020828,0.014886,0.006041,0.204988,0.211069,0.097935,0.006953,0.040694
2013-02-28,SHY,0.190296,0.003715,0.001016,0.000426,0.007165,0.002423,0.192439,0.164962,0.213486,0.000193,0.001018
2013-02-28,IEF,0.199825,0.003756,0.013941,0.005535,0.004739,0.006875,0.177872,0.196411,0.225191,0.002786,0.013967
2013-02-28,TLT,0.196033,0.003605,0.035910,0.003306,0.010013,0.008751,0.174087,0.198215,0.215796,0.007040,0.035975
2013-02-28,AGG,0.168252,0.003936,0.006633,0.001893,0.001145,0.004520,0.132527,0.173088,0.199142,0.001116,0.006646
2013-02-28,LQD,0.195873,0.005788,0.010852,-0.001906,0.007363,0.005737,0.180560,0.147681,0.259377,0.002126,0.010883
2013-02-28,HYG,0.253437,0.012225,0.014787,0.010530,0.002619,0.005744,0.340892,0.182782,0.236638,0.003748,0.014877
2013-02-28,GLD,0.137342,0.004556,0.036602,0.010915,0.019146,0.012433,0.204330,0.136179,0.071516,0.005027,0.036685
2013-02-28,SLV,0.168583,0.005150,0.063966,-0.016340,0.030432,0.016474,0.239941,0.145605,0.120204,0.010784,0.064131
2013-02-28,DBC,0.179417,0.008230,0.031331,0.006635,0.030937,0.004375,0.260862,0.179531,0.097857,0.005621,0.031460
2013-02-28,VNQ,0.222725,0.006471,0.031336,0.031784,-0.000924,0.001286,0.279543,0.141457,0.247175,0.006979,0.031437
2013-03-28,SPY,0.179270,0.003228,0.032607,0.016787,0.007020,0.002843,0.175077,0.202573,0.160161,0.005845,0.032660
2013-03-28,QQQ,0.177501,0.003123,0.038022,0.017979,0.008918,0.008478,0.154645,0.181255,0.196604,0.006749,0.038081
2013-03-28,IWM,0.192250,0.003720,0.038291,-0.009108,0.010999,0.003210,0.204819,0.198584,0.173347,0.007361,0.038362
2013-03-28,EFA,0.148863,0.003603,0.039541,0.048830,0.014441,0.000000,0.106087,0.188380,0.152123,0.005886,0.039612
2013-03-28,EEM,0.183807,0.006166,0.039323,-0.002104,0.007449,0.006041,0.120401,0.208042,0.222978,0.007228,0.039444
2013-03-28,SHY,0.131826,0.004250,0.000964,0.000804,0.002859,0.002423,0.110752,0.173446,0.111281,0.000127,0.000966
2013-03-28,IEF,0.170713,0.005732,0.013533,0.015439,0.005377,0.006875,0.235984,0.145821,0.130335,0.002310,0.013572
2013-03-28,TLT,0.157974,0.005260,0.034125,0.046253,0.012033,0.008751,0.235535,0.123104,0.115284,0.005391,0.034215
2013-03-28,AGG,0.181048,0.007797,0.006379,0.009867,0.002152,0.004520,0.256806,0.165418,0.120919,0.001155,0.006404
2013-03-28,LQD,0.160510,0.007849,0.010346,0.023491,0.006438,0.005737,0.200743,0.225108,0.055677,0.001661,0.010387
2013-03-28,HYG,0.163307,0.004761,0.013126,0.017984,0.011923,0.005744,0.135702,0.213224,0.140996,0.002144,0.013157
2013-03-28,GLD,0.190187,0.004217,0.032656,-0.078666,0.033125,0.012433,0.165053,0.221309,0.184198,0.006211,0.032725
2013-03-28,SLV,0.190206,0.004098,0.056685,-0.141503,0.040196,0.016474,0.173196,0.212966,0.184456,0.010782,0.056801
2013-03-28,DBC,0.184396,0.004809,0.030117,-0.030758,0.011548,0.004375,0.192849,0.208028,0.152310,0.005553,0.030189
2013-03-28,VNQ,0.172795,0.004471,0.028643,0.055013,0.006419,0.001286,0.149386,0.215729,0.153269,0.004949,0.028707
2013-04-30,SPY,0.139608,0.003641,0.035084,0.038515,-0.007258,0.002843,0.152850,0.091946,0.174026,0.004898,0.035148
2013-04-30,QQQ,0.120307,0.002665,0.041451,0.045391,-0.008109,0.008478,0.132840,0.105087,0.122993,0.004987,0.041506
2013-04-30,IWM,0.146703,0.003355,0.045488,0.050903,-0.011873,0.003210,0.145164,0.115441,0.179506,0.006673,0.045564
2013-04-30,EFA,0.124327,0.003264,0.041995,-0.010979,-0.001796,0.000000,0.147761,0.091856,0.133365,0.005221,0.042063
2013-04-30,EEM,0.151332,0.003521,0.043589,-0.030723,-0.006497,0.006041,0.168273,0.101232,0.184490,0.006596,0.043666
2013-04-30,SHY,0.145554,0.004294,0.000872,-0.001219,0.006280,0.002423,0.100789,0.178018,0.157854,0.000127,0.000874
2013-04-30,IEF,0.162661,0.004370,0.012921,-0.028382,0.004526,0.006875,0.200904,0.172803,0.114275,0.002102,0.012949
2013-04-30,TLT,0.168247,0.006138,0.035012,-0.064432,0.005547,0.008751,0.230597,0.155885,0.118260,0.005891,0.035119
2013-04-30,AGG,0.162614,0.006624,0.006359,-0.018126,-0.002551,0.004520,0.218815,0.160984,0.108044,0.001034,0.006380
2013-04-30,LQD,0.134837,0.002850,0.010330,-0.027331,0.002549,0.005737,0.154329,0.164191,0.085990,0.001393,0.010345
2013-04-30,HYG,0.223871,0.012068,0.012986,-0.012707,-0.008133,0.005744,0.211471,0.123796,0.336344,0.002907,0.013064
2013-04-30,GLD,0.139898,0.002448,0.066651,-0.042516,-0.025283,0.012433,0.162684,0.157070,0.099940,0.009324,0.066733
2013-04-30,SLV,0.140505,0.002018,0.098941,-0.063086,-0.028529,0.016474,0.169083,0.128409,0.124023,0.013902,0.099041
2013-04-30,DBC,0.179578,0.002797,0.037131,-0.003807,-0.004437,0.004375,0.207679,0.144558,0.186498,0.006668,0.037183
2013-04-30,VNQ,0.163994,0.003592,0.033223,-0.047024,-0.006430,0.001286,0.162667,0.149372,0.179943,0.005448,0.033283
2013-05-31,SPY,0.202906,0.006202,0.033639,-0.007563,0.025264,0.002843,0.263174,0.148838,0.196705,0.006826,0.033743
2013-05-31,QQQ,0.186121,0.006531,0.037506,-0.017927,0.024780,0.008478,0.249546,0.155605,0.153214,0.006981,0.037628
2013-05-31,IWM,0.174164,0.003854,0.045275,0.007976,0.023601,0.003210,0.204711,0.160603,0.157179,0.007885,0.045362
2013-05-31,EFA,0.170138,0.004418,0.040801,-0.017607,0.023314,0.000000,0.204145,0.140130,0.166139,0.006942,0.040891
2013-05-31,EEM,0.160582,0.003952,0.041655,-0.050307,0.031284,0.006041,0.189458,0.137445,0.154842,0.006689,0.041737
2013-05-31,SHY,0.172820,0.004194,0.000956,-0.000546,0.019351,0.002423,0.187992,0.138983,0.191484,0.000165,0.000958
2013-05-31,IEF,0.183040,0.004490,0.015767,-0.025090,0.016965,0.006875,0.229831,0.134454,0.184833,0.002886,0.015802
2013-05-31,TLT,0.168205,0.003075,0.039581,-0.030763,0.010170,0.008751,0.216625,0.122093,0.165895,0.006658,0.039642
2013-05-31,AGG,0.177551,0.004096,0.007730,-0.014293,0.026284,0.004520,0.220022,0.123212,0.189418,0.001372,0.007746
2013-05-31,LQD,0.193935,0.004695,0.014032,-0.030174,0.020492,0.005737,0.247740,0.151802,0.182263,0.002721,0.014065
2013-05-31,HYG,0.212184,0.004556,0.015513,-0.011558,0.025295,0.005744,0.274432,0.179549,0.182572,0.003292,0.015548
2013-05-31,GLD,0.150150,0.003195,0.066256,-0.095505,0.015219,0.012433,0.160682,0.116390,0.173377,0.009948,0.066362
2013-05-31,SLV,0.129937,0.001937,0.094136,-0.117071,0.024209,0.016474,0.129145,0.117879,0.142788,0.012232,0.094227
2013-05-31,DBC,0.179055,0.004067,0.035583,-0.022042,0.030176,0.004375,0.188159,0.165006,0.184001,0.006371,0.035655
2013-05-31,VNQ,0.199594,0.006482,0.038393,-0.021958,0.025050,0.001286,0.247007,0.128793,0.222982,0.007663,0.038517
2013-06-28,SPY,0.164660,0.002728,0.038804,0.050928,-0.003245,0.002843,0.155028,0.174014,0.164939,0.006389,0.038857
2013-06-28,QQQ,0.186087,0.003035,0.040061,0.061175,0.001439,0.008478,0.190085,0.162160,0.206015,0.007455,0.040122
2013-06-28,IWM,0.138415,0.002845,0.048043,0.071478,-0.000530,0.003210,0.109554,0.152061,0.153631,0.006650,0.048111
2013-06-28,EFA,0.144938,0.003617,0.048383,0.050786,-0.010038,0.000000,0.117776,0.157274,0.159764,0.007013,0.048470
2013-06-28,EEM,0.155420,0.004376,0.058370,0.019221,-0.018026,0.006041,0.115384,0.159363,0.191512,0.009072,0.058498
2013-06-28,SHY,0.128840,0.003192,0.001385,0.001626,0.004067,0.002423,0.168470,0.080223,0.137827,0.000178,0.001387
2013-06-28,IEF,0.114153,0.002073,0.018790,-0.004210,0.010130,0.006875,0.129448,0.085555,0.127457,0.002145,0.018809
2013-06-28,TLT,0.122816,0.002035,0.042273,-0.026120,0.005586,0.008751,0.133621,0.112746,0.122081,0.005192,0.042316
2013-06-28,AGG,0.117633,0.002499,0.010737,0.001944,0.006664,0.004520,0.131606,0.096809,0.124482,0.001263,0.010750
2013-06-28,LQD,0.112620,0.002149,0.020350,0.010972,0.002449,0.005737,0.109695,0.090540,0.137624,0.002292,0.020372
2013-06-28,HYG,0.160528,0.002769,0.023403,0.025553,-0.003104,0.005744,0.151507,0.154060,0.176018,0.003757,0.023435
2013-06-28,GLD,0.107471,0.002317,0.074653,0.075644,0.009777,0.012433,0.088661,0.108317,0.125437,0.008023,0.074739
2013-06-28,SLV,0.099997,0.003820,0.110047,0.003163,-0.006967,0.016474,0.081501,0.089759,0.128729,0.011004,0.110257
2013-06-28,DBC,0.183369,0.006022,0.037062,0.024672,0.026135,0.004375,0.189015,0.128472,0.232620,0.006796,0.037173
2013-06-28,VNQ,0.148966,0.002771,0.052989,0.025756,-0.007400,0.001286,0.168680,0.144631,0.133587,0.007894,0.053062
2013-07-31,SPY,0.241278,0.007094,0.034312,-0.026911,0.018890,0.002843,0.282156,0.174531,0.267147,0.008279,0.034433
2013-07-31,QQQ,0.225629,0.006637,0.036893,0.002508,0.008046,0.008478,0.226165,0.175685,0.275037,0.008324,0.037015
2013-07-31,IWM,0.234356,0.007933,0.043512,-0.016303,0.019845,0.003210,0.300870,0.162333,0.239866,0.010197,0.043684
2013-07-31,EFA,0.213780,0.006917,0.044104,-0.007290,0.015661,0.000000,0.274462,0.153451,0.213426,0.009429,0.044256
2013-07-31,EEM,0.163094,0.003077,0.059354,-0.032812,0.013275,0.006041,0.172688,0.143668,0.172925,0.009680,0.059445
2013-07-31,SHY,0.130355,0.002926,0.001581,-0.001091,0.002881,0.002423,0.114016,0.144722,0.132328,0.000206,0.001583
2013-07-31,IEF,0.120996,0.002728,0.020053,-0.012360,0.015886,0.006875,0.122766,0.161259,0.078962,0.002426,0.020080
2013-07-31,TLT,0.121963,0.003807,0.042988,-0.012288,0.013199,0.008751,0.135479,0.173487,0.056925,0.005243,0.043070
2013-07-31,AGG,0.125500,0.002644,0.012040,-0.006676,0.005075,0.004520,0.134420,0.156300,0.085781,0.001511,0.012056
2013-07-31,LQD,0.150305,0.002884,0.020847,-0.009983,0.016797,0.005737,0.138551,0.185706,0.126657,0.003133,0.020877
2013-07-31,HYG,0.184540,0.003853,0.024152,-0.011855,0.003123,0.005744,0.197803,0.195089,0.160727,0.004457,0.024198
2013-07-31,GLD,0.202446,0.004089,0.069515,0.061816,0.031188,0.012433,0.205884,0.173647,0.227809,0.014073,0.069657
2013-07-31,SLV,0.218740,0.004987,0.105424,0.201672,0.021103,0.016474,0.210175,0.178461,0.267585,0.023060,0.105687
2013-07-31,DBC,0.223412,0.006309,0.032749,0.031238,0.022973,0.004375,0.246983,0.179745,0.243508,0.007317,0.032852
2013-07-31,VNQ,0.124444,0.002204,0.050080,-0.061869,0.031151,0.001286,0.131534,0.136140,0.105659,0.006232,0.050135
2013-08-30,SPY,0.108269,0.003531,0.033072,0.039813,0.020623,0.002843,0.088883,0.167206,0.068719,0.003581,0.033130
2013-08-30,QQQ,0.137020,0.002823,0.036382,0.058954,0.015357,0.008478,0.127466,0.187525,0.096070,0.004985,0.036433
2013-08-30,IWM,0.105299,0.002982,0.044689,0.077277,0.012903,0.003210,0.086117,0.147939,0.081842,0.004706,0.044756
2013-08-30,EFA,0.107551,0.003069,0.041810,0.083995,0.024329,0.000000,0.081180,0.155267,0.086207,0.004497,0.041874
2013-08-30,EEM,0.091213,0.002513,0.058813,0.093372,0.008525,0.006041,0.063984,0.134196,0.075458,0.005364,0.058887
2013-08-30,SHY,0.128811,0.003759,0.001573,0.001969,0.017440,0.002423,0.168955,0.114834,0.102643,0.000203,0.001576
2013-08-30,IEF,0.153610,0.004721,0.020394,0.016194,0.022419,0.006875,0.200243,0.090494,0.170093,0.003133,0.020442
2013-08-30,TLT,0.171278,0.006469,0.042604,0.003464,0.014783,0.008751,0.229089,0.105101,0.179643,0.007297,0.042742
2013-08-30,AGG,0.120081,0.002277,0.012003,0.010460,0.021780,0.004520,0.162979,0.085883,0.111381,0.001441,0.012017
2013-08-30,LQD,0.136804,0.004130,0.020633,0.006404,0.014066,0.005737,0.183002,0.083269,0.144140,0.002823,0.020676
2013-08-30,HYG,0.110313,0.002983,0.023226,0.012181,0.014755,0.005744,0.130389,0.136170,0.064381,0.002562,0.023261
2013-08-30,GLD,0.087046,0.002340,0.063234,-0.074506,0.033264,0.012433,0.074283,0.118710,0.068146,0.005504,0.063308
2013-08-30,SLV,0.066408,0.003521,0.102028,-0.096903,0.042095,0.016474,0.040634,0.128421,0.030167,0.006775,0.102207
2013-08-30,DBC,0.106909,0.002966,0.031471,-0.040135,0.017296,0.004375,0.106434,0.129445,0.084849,0.003365,0.031518
2013-08-30,VNQ,0.091044,0.002702,0.049205,0.049839,0.026989,0.001286,0.070111,0.135292,0.067728,0.004480,0.049271
2013-09-30,SPY,0.193078,0.007062,0.030896,0.054521,0.023480,0.002843,0.210785,0.133944,0.234505,0.005965,0.031005
2013-09-30,QQQ,0.212530,0.009323,0.033430,0.052992,0.015173,0.008478,0.235663,0.130778,0.271148,0.007105,0.033585
2013-09-30,IWM,0.173029,0.007835,0.040629,0.044461,0.011555,0.003210,0.167140,0.116152,0.235794,0.007030,0.040788
2013-09-30,EFA,0.125694,0.002900,0.042039,0.042163,0.012751,0.000000,0.136368,0.130676,0.110039,0.005284,0.042100
2013-09-30,EEM,0.127542,0.003179,0.061715,0.058391,0.022534,0.006041,0.125082,0.131685,0.125859,0.007871,0.061813
2013-09-30,SHY,0.092410,0.002095,0.001922,0.000568,-0.006281,0.002423,0.090655,0.115346,0.071230,0.000178,0.001924
2013-09-30,IEF,0.100407,0.003269,0.020408,0.011603,0.002058,0.006875,0.102970,0.141195,0.057056,0.002049,0.020441
2013-09-30,TLT,0.123977,0.003298,0.040226,0.018262,0.019561,0.008751,0.143540,0.151276,0.077114,0.004987,0.040292
2013-09-30,AGG,0.095153,0.002427,0.012392,0.010102,0.007451,0.004520,0.108401,0.123820,0.053237,0.001179,0.012407
2013-09-30,LQD,0.110384,0.002596,0.021114,0.021528,0.016367,0.005737,0.121407,0.140020,0.069724,0.002331,0.021141
2013-09-30,HYG,0.160641,0.003438,0.021430,0.028804,0.025807,0.005744,0.206136,0.137198,0.138588,0.003443,0.021467
2013-09-30,GLD,0.143859,0.003656,0.066433,0.012405,0.008936,0.012433,0.110242,0.119057,0.202277,0.009557,0.066554
2013-09-30,SLV,0.146017,0.002589,0.109106,0.037799,0.006431,0.016474,0.121430,0.131106,0.185516,0.015931,0.109247
2013-09-30,DBC,0.188836,0.004749,0.033145,0.005047,0.011807,0.004375,0.223336,0.160079,0.183094,0.006259,0.033224
2013-09-30,VNQ,0.176784,0.005626,0.050764,0.060327,0.018254,0.001286,0.188589,0.135862,0.205902,0.008974,0.050907
2013-10-31,SPY,0.164614,0.004838,0.032365,0.026964,0.002937,0.002843,0.187246,0.204045,0.102550,0.005328,0.032443
2013-10-31,QQQ,0.205552,0.005410,0.035808,0.032492,0.004096,0.008478,0.258265,0.214558,0.143832,0.007360,0.035905
2013-10-31,IWM,0.177842,0.005177,0.041940,0.029124,0.010489,0.003210,0.202857,0.215603,0.115068,0.007459,0.042048
2013-10-31,EFA,0.180821,0.004295,0.039294,-0.001973,0.013507,0.000000,0.180416,0.225128,0.136917,0.007105,0.039378
2013-10-31,EEM,0.146874,0.003576,0.057225,-0.023551,0.021718,0.006041,0.168788,0.159396,0.112437,0.008405,0.057327
2013-10-31,SHY,0.126158,0.003518,0.001792,0.000331,0.003100,0.002423,0.174259,0.132626,0.071590,0.000226,0.001795
2013-10-31,IEF,0.116951,0.003344,0.018164,-0.013020,0.022342,0.006875,0.122925,0.148527,0.079403,0.002124,0.018194
2013-10-31,TLT,0.122514,0.002789,0.035792,-0.034600,0.022104,0.008751,0.114288,0.139498,0.113756,0.004385,0.035842
2013-10-31,AGG,0.125860,0.003452,0.010981,-0.006293,0.017264,0.004520,0.143397,0.147982,0.086202,0.001382,0.011000
2013-10-31,LQD,0.107319,0.002373,0.018942,-0.006128,0.020198,0.005737,0.105578,0.132475,0.083904,0.002033,0.018964
2013-10-31,HYG,0.158967,0.004608,0.018758,0.005056,0.015970,0.005744,0.171306,0.191820,0.113774,0.002982,0.018801
2013-10-31,GLD,0.158890,0.005175,0.063137,-0.079537,0.036122,0.012433,0.202884,0.182451,0.091335,0.010032,0.063300
2013-10-31,SLV,0.197621,0.005075,0.098337,-0.125119,0.047669,0.016474,0.243307,0.198509,0.151048,0.019433,0.098586
2013-10-31,DBC,0.187523,0.004301,0.031887,-0.010486,0.026551,0.004375,0.230746,0.184847,0.146976,0.005980,0.031955
2013-10-31,VNQ,0.093693,0.004464,0.049427,-0.058006,0.015570,0.001286,0.109076,0.139918,0.032085,0.004631,0.049537
2013-11-29,SPY,0.179316,0.002496,0.030433,0.025926,0.000169,0.002843,0.177737,0.201765,0.158446,0.005457,0.030471
2013-11-29,QQQ,0.163663,0.004316,0.035025,0.029271,-0.004703,0.008478,0.197645,0.142110,0.151236,0.005732,0.035100
2013-11-29,IWM,0.171137,0.003675,0.040885,0.020211,-0.005372,0.003210,0.185583,0.196796,0.131031,0.006997,0.040960
2013-11-29,EFA,0.226010,0.004300,0.036038,0.021761,0.002931,0.000000,0.227115,0.221745,0.229171,0.008145,0.036115
2013-11-29,EEM,0.166446,0.001912,0.054469,-0.004066,0.001730,0.006041,0.160973,0.176138,0.162227,0.009066,0.054521
2013-11-29,SHY,0.174466,0.003384,0.001688,-0.001775,0.004238,0.002423,0.201213,0.188365,0.133821,0.000294,0.001691
2013-11-29,IEF,0.154307,0.003192,0.018045,-0.020907,0.017239,0.006875,0.186242,0.167628,0.109052,0.002784,0.018074
2013-11-29,TLT,0.150952,0.004436,0.036730,-0.018697,0.008304,0.008751,0.191247,0.156375,0.105235,0.005544,0.036811
2013-11-29,AGG,0.163400,0.003355,0.010667,-0.005568,0.006694,0.004520,0.169223,0.170203,0.150775,0.001743,0.010685
2013-11-29,LQD,0.150706,0.002713,0.018027,0.002149,0.010911,0.005737,0.152060,0.154037,0.146020,0.002717,0.018051
2013-11-29,HYG,0.162700,0.003219,0.016627,0.004067,0.006547,0.005744,0.138209,0.176991,0.172901,0.002705,0.016654
2013-11-29,GLD,0.134792,0.003398,0.057243,-0.037945,0.027476,0.012433,0.168751,0.132711,0.102914,0.007716,0.057340
2013-11-29,SLV,0.144931,0.003586,0.087725,-0.027547,0.033115,0.016474,0.154498,0.163600,0.116694,0.012714,0.087882
2013-11-29,DBC,0.093668,0.004801,0.029876,0.005880,0.021122,0.004375,0.134255,0.123938,0.022810,0.002798,0.029948
2013-11-29,VNQ,0.179035,0.003071,0.045931,0.001019,0.026649,0.001286,0.158421,0.190690,0.187993,0.008223,0.046001
2013-12-31,SPY,0.156857,0.004469,0.029672,-0.035248,-0.007061,0.002843,0.196379,0.135783,0.138409,0.004654,0.029738
2013-12-31,QQQ,0.158591,0.004915,0.032754,-0.019213,0.001585,0.008478,0.193186,0.175672,0.106915,0.005194,0.032834
2013-12-31,IWM,0.162054,0.003208,0.039754,-0.027739,-0.006362,0.003210,0.193927,0.154787,0.137447,0.006442,0.039818
2013-12-31,EFA,0.183870,0.004085,0.034733,-0.052012,-0.005890,0.000000,0.173615,0.162687,0.215308,0.006386,0.034804
2013-12-31,EEM,0.147920,0.004040,0.053959,-0.086364,0.000235,0.006041,0.112290,0.143724,0.187746,0.007982,0.054068
2013-12-31,SHY,0.207801,0.006402,0.001615,0.002015,0.017795,0.002423,0.213105,0.153668,0.256629,0.000336,0.001620
2013-12-31,IEF,0.215928,0.008137,0.016940,0.030633,0.033128,0.006875,0.206082,0.153522,0.288179,0.003658,0.017009
2013-12-31,TLT,0.195150,0.007709,0.034645,0.063028,0.027097,0.008751,0.202089,0.122888,0.260473,0.006761,0.034778
2013-12-31,AGG,0.218537,0.006137,0.009697,0.015410,0.021916,0.004520,0.184875,0.179574,0.291163,0.002119,0.009727
2013-12-31,LQD,0.197869,0.005155,0.016324,0.018829,0.021195,0.005737,0.199996,0.144997,0.248615,0.003230,0.016366
2013-12-31,HYG,0.198155,0.008018,0.014395,0.003984,0.005776,0.005744,0.194381,0.136356,0.263727,0.002852,0.014453
2013-12-31,GLD,0.143338,0.005344,0.056969,0.034189,0.026402,0.012433,0.095389,0.154349,0.180275,0.008166,0.057121
2013-12-31,SLV,0.129789,0.003036,0.087210,-0.013896,0.032179,0.016474,0.083281,0.158887,0.147199,0.011319,0.087342
2013-12-31,DBC,0.175566,0.003123,0.026889,-0.030397,0.028249,0.004375,0.158199,0.206510,0.161990,0.004721,0.026931
2013-12-31,VNQ,0.182839,0.006566,0.043178,0.042751,0.025392,0.001286,0.185412,0.136705,0.226399,0.007895,0.043320
2014-01-31,SPY,0.233929,0.005956,0.032098,0.052756,0.007195,0.006505,0.221885,0.205374,0.274529,0.007509,0.032193
2014-01-31,QQQ,0.204786,0.004270,0.036819,0.056995,0.005261,0.011415,0.199757,0.162835,0.251765,0.007540,0.036898
2014-01-31,IWM,0.206519,0.003853,0.042778,0.068384,0.006351,0.008041,0.189107,0.187801,0.242649,0.008834,0.042860
2014-01-31,EFA,0.225215,0.006284,0.038234,0.059425,0.008588,0.003341,0.182069,0.199621,0.293953,0.008611,0.038354
2014-01-31,EEM,0.203159,0.004135,0.056799,0.032731,0.002001,0.005973,0.197367,0.175209,0.236902,0.011539,0.056916
2014-01-31,SHY,0.183855,0.002610,0.001785,0.000131,-0.003931,0.002114,0.180014,0.169596,0.201955,0.000328,0.001787
2014-01-31,IEF,0.207032,0.003259,0.016923,0.000789,0.004557,0.005264,0.197098,0.183167,0.240830,0.003504,0.016951
2014-01-31,TLT,0.210830,0.003419,0.032703,-0.003271,0.013293,0.005590,0.203454,0.217266,0.211770,0.006895,0.032759
2014-01-31,AGG,0.228133,0.003274,0.009553,0.002649,0.001235,0.003671,0.229092,0.207039,0.248270,0.002179,0.009569
2014-01-31,LQD,0.223888,0.004067,0.015166,0.008647,0.004524,0.004717,0.236218,0.193462,0.241985,0.003395,0.015197
2014-01-31,HYG,0.272496,0.010921,0.013370,0.025825,0.009435,0.006244,0.310190,0.164883,0.342416,0.003643,0.013443
2014-01-31,GLD,0.213553,0.004358,0.054542,0.071530,0.024146,0.007106,0.201522,0.260668,0.178469,0.011648,0.054661
2014-01-31,SLV,0.217254,0.005342,0.080957,0.104065,0.035906,0.008175,0.209400,0.252107,0.190256,0.017588,0.081173
2014-01-31,DBC,0.234084,0.004661,0.025771,0.060691,0.015369,0.002741,0.235234,0.230504,0.236515,0.006033,0.025831
2014-01-31,VNQ,0.187751,0.003952,0.040784,0.066399,0.009987,0.002861,0.211399,0.137658,0.214197,0.007657,0.040865
2014-02-28,SPY,0.174573,0.003038,0.032906,0.008296,0.001661,0.006505,0.186352,0.144204,0.193162,0.005744,0.032956
2014-02-28,QQQ,0.166266,0.003014,0.037264,-0.027336,0.007893,0.011415,0.175658,0.137670,0.185469,0.006196,0.037320
2014-02-28,IWM,0.170464,0.003053,0.043542,-0.007485,0.004602,0.008041,0.188455,0.142019,0.180917,0.007422,0.043608
2014-02-28,EFA,0.191128,0.004361,0.038719,-0.004592,0.001546,0.003341,0.210904,0.156366,0.206113,0.007400,0.038803
2014-02-28,EEM,0.181126,0.003855,0.056993,0.038753,0.010914,0.005973,0.229137,0.146478,0.167761,0.010323,0.057103
2014-02-28,SHY,0.208362,0.003547,0.001667,-0.001089,0.007573,0.002114,0.238021,0.213117,0.173947,0.000347,0.001670
2014-02-28,IEF,0.238793,0.005178,0.015793,-0.005611,0.008922,0.005264,0.271621,0.250691,0.194067,0.003771,0.015834
2014-02-28,TLT,0.238735,0.008209,0.031079,0.007322,0.006769,0.005590,0.302135,0.256574,0.157497,0.007420,0.031206
2014-02-28,AGG,0.251679,0.005198,0.009049,-0.001480,0.003604,0.003671,0.289783,0.267260,0.197995,0.002277,0.009072
2014-02-28,LQD,0.270002,0.005577,0.014543,-0.000291,0.000709,0.004717,0.312211,0.280247,0.217548,0.003927,0.014583
2014-02-28,HYG,0.290926,0.009057,0.012572,-0.000815,-0.001433,0.006244,0.311040,0.261176,0.300561,0.003658,0.012629
2014-02-28,GLD,0.166805,0.003033,0.049527,-0.031421,0.017438,0.007106,0.176653,0.186305,0.137455,0.008261,0.049602
2014-02-28,SLV,0.157380,0.003101,0.080014,-0.064373,0.016354,0.008175,0.166001,0.171370,0.134769,0.012593,0.080138
2014-02-28,DBC,0.196225,0.003184,0.025701,-0.000383,0.001726,0.002741,0.193772,0.183073,0.211830,0.005043,0.025742
2014-02-28,VNQ,0.255333,0.003603,0.037769,0.004968,0.007541,0.002861,0.276313,0.222707,0.266979,0.009644,0.037837
2014-03-31,SPY,0.230271,0.004566,0.031542,0.006952,0.006486,0.006505,0.278918,0.236520,0.175375,0.007263,0.031614
2014-03-31,QQQ,0.196691,0.004006,0.036819,-0.003194,0.015044,0.011415,0.238036,0.198508,0.153529,0.007242,0.036893
2014-03-31,IWM,0.191773,0.003045,0.044154,-0.037476,0.006448,0.008041,0.213500,0.215546,0.146274,0.008468,0.044221
2014-03-31,EFA,0.201295,0.003600,0.040270,0.016667,-0.005549,0.003341,0.236167,0.208208,0.159511,0.008106,0.040342
2014-03-31,EEM,0.179160,0.002509,0.055731,0.007803,-0.000423,0.005973,0.211971,0.171776,0.153732,0.009985,0.055801
2014-03-31,SHY,0.152161,0.003211,0.001981,0.001079,0.002398,0.002114,0.138025,0.189053,0.129406,0.000301,0.001984
2014-03-31,IEF,0.177077,0.003586,0.016327,0.007583,0.010136,0.005264,0.220827,0.165393,0.145010,0.002891,0.016356
2014-03-31,TLT,0.188293,0.003352,0.031509,0.020952,0.007895,0.005590,0.218786,0.176817,0.169275,0.005933,0.031562
2014-03-31,AGG,0.182334,0.005487,0.009066,0.008217,0.006806,0.003671,0.248101,0.170460,0.128440,0.001653,0.009091
2014-03-31,LQD,0.218325,0.006635,0.014193,0.013292,0.004768,0.004717,0.271956,0.210336,0.172681,0.003099,0.014240
2014-03-31,HYG,0.291398,0.009784,0.011899,0.004204,0.003371,0.006244,0.341888,0.331405,0.200900,0.003467,0.011957
2014-03-31,GLD,0.248592,0.005598,0.048317,0.004935,0.022623,0.007106,0.223767,0.269934,0.252074,0.012011,0.048452
2014-03-31,SLV,0.195910,0.004982,0.073204,-0.030462,0.024947,0.008175,0.205692,0.196411,0.185627,0.014341,0.073386
2014-03-31,DBC,0.181367,0.003961,0.026261,0.011102,-0.000627,0.002741,0.174933,0.169080,0.200088,0.004763,0.026313
2014-03-31,VNQ,0.205329,0.003804,0.037550,0.032852,0.002521,0.002861,0.211165,0.202360,0.202464,0.007710,0.037621
2014-04-30,SPY,0.154306,0.004185,0.032922,0.023206,-0.000783,0.006505,0.209942,0.110195,0.142782,0.005080,0.032991
2014-04-30,QQQ,0.135562,0.002956,0.044314,0.044857,-0.003582,0.011415,0.189653,0.108604,0.108429,0.006007,0.044379
2014-04-30,IWM,0.158161,0.002998,0.047339,0.007859,0.002009,0.008041,0.191189,0.137268,0.146025,0.007487,0.047410
2014-04-30,EFA,0.166612,0.003839,0.037518,0.015954,0.001527,0.003341,0.205715,0.121160,0.172959,0.006251,0.037590
2014-04-30,EEM,0.181934,0.004460,0.050737,0.029518,0.009384,0.005973,0.234783,0.119359,0.191661,0.009231,0.050850
2014-04-30,SHY,0.137846,0.002104,0.001908,0.001787,0.004144,0.002114,0.147477,0.104677,0.161385,0.000263,0.001910
2014-04-30,IEF,0.132616,0.003375,0.015112,0.018254,0.009013,0.005264,0.177333,0.085926,0.134589,0.002004,0.015137
2014-04-30,TLT,0.147730,0.006104,0.029671,0.029495,0.011978,0.005590,0.222463,0.085919,0.134809,0.004383,0.029761
2014-04-30,AGG,0.128305,0.003581,0.008357,0.011790,0.003258,0.003671,0.178787,0.069887,0.136241,0.001072,0.008372
2014-04-30,LQD,0.150662,0.002940,0.013008,0.015144,0.004202,0.004717,0.204336,0.104170,0.143480,0.001960,0.013027
2014-04-30,HYG,0.198406,0.012161,0.010833,0.012064,0.007461,0.006244,0.319486,0.098878,0.176854,0.002149,0.010899
2014-04-30,GLD,0.193189,0.004528,0.043802,-0.030510,0.022228,0.007106,0.231708,0.144826,0.203032,0.008462,0.043901
2014-04-30,SLV,0.196611,0.005366,0.063964,-0.020585,0.032439,0.008175,0.242345,0.125861,0.221627,0.012576,0.064135
2014-04-30,DBC,0.199608,0.004638,0.025594,-0.014388,0.008237,0.002741,0.181780,0.156190,0.260856,0.005109,0.025653
2014-04-30,VNQ,0.196857,0.005995,0.034238,0.023992,0.007253,0.002861,0.239399,0.146799,0.204373,0.006740,0.034340
2014-05-30,SPY,0.187446,0.003445,0.030295,0.020645,0.005227,0.006505,0.205804,0.155461,0.201073,0.005679,0.030347
2014-05-30,QQQ,0.181474,0.002477,0.041100,0.031238,0.006946,0.011415,0.184121,0.173482,0.186817,0.007459,0.041151
2014-05-30,IWM,0.174768,0.002475,0.047432,0.052720,0.003522,0.008041,0.183440,0.151522,0.189341,0.008290,0.047491
2014-05-30,EFA,0.196704,0.005024,0.032793,0.009208,0.008817,0.003341,0.191464,0.161988,0.236661,0.006451,0.032875
2014-05-30,EEM,0.210442,0.003984,0.046557,0.024018,0.014899,0.005973,0.200073,0.219530,0.211724,0.009798,0.046650
2014-05-30,SHY,0.202189,0.004786,0.001697,-0.000792,0.006684,0.002114,0.247080,0.173683,0.185804,0.000343,0.001701
2014-05-30,IEF,0.239589,0.006481,0.014054,-0.002168,0.006334,0.005264,0.308000,0.225215,0.185553,0.003367,0.014099
2014-05-30,TLT,0.214412,0.002751,0.029598,-0.002513,0.005572,0.005590,0.258324,0.202000,0.182912,0.006346,0.029639
2014-05-30,AGG,0.249680,0.008275,0.007682,-0.000576,0.000253,0.003671,0.345764,0.190415,0.212862,0.001918,0.007714
2014-05-30,LQD,0.240874,0.007826,0.012562,0.000067,0.003851,0.004717,0.316270,0.196781,0.209571,0.003026,0.012611
2014-05-30,HYG,0.261126,0.011219,0.009453,0.006119,0.003391,0.006244,0.361896,0.169682,0.251798,0.002468,0.009506
2014-05-30,GLD,0.208207,0.004061,0.041083,0.063190,0.025533,0.007106,0.232017,0.192157,0.200445,0.008554,0.041166
2014-05-30,SLV,0.227056,0.005277,0.058328,0.120022,0.028317,0.008175,0.263771,0.214439,0.202959,0.013244,0.058482
2014-05-30,DBC,0.223762,0.004321,0.023652,0.021129,0.019311,0.002741,0.205204,0.231748,0.234335,0.005292,0.023703
2014-05-30,VNQ,0.226245,0.004104,0.031562,0.011341,0.010375,0.002861,0.233617,0.202188,0.242930,0.007141,0.031627
2014-06-30,SPY,0.313414,0.007303,0.026839,0.006438,0.009335,0.006505,0.297679,0.278415,0.364146,0.008412,0.026937
2014-06-30,QQQ,0.290107,0.008628,0.035588,0.032691,0.007525,0.011415,0.267995,0.237728,0.364599,0.010324,0.035741
2014-06-30,IWM,0.286501,0.006743,0.043463,-0.038576,0.006157,0.008041,0.256870,0.284640,0.317993,0.012452,0.043609
2014-06-30,EFA,0.324725,0.009961,0.028806,-0.009507,0.008067,0.003341,0.335007,0.275081,0.364086,0.009354,0.028949
2014-06-30,EEM,0.282160,0.004319,0.040849,0.031691,0.014424,0.005973,0.293752,0.288711,0.264016,0.011526,0.040937
2014-06-30,SHY,0.234295,0.005008,0.001748,-0.001242,0.001084,0.002114,0.255157,0.175264,0.272462,0.000410,0.001752
2014-06-30,IEF,0.210171,0.005431,0.013527,-0.001915,0.001506,0.005264,0.250237,0.134706,0.245568,0.002843,0.013564
2014-06-30,TLT,0.217003,0.005257,0.029207,0.009645,0.003214,0.005590,0.230931,0.166205,0.253873,0.006338,0.029284
2014-06-30,AGG,0.270295,0.007149,0.007496,-0.001227,-0.000391,0.003671,0.332680,0.174969,0.303235,0.002026,0.007523
2014-06-30,LQD,0.275354,0.008526,0.012560,-0.000420,0.002797,0.004717,0.306487,0.172561,0.347014,0.003458,0.012613
2014-06-30,HYG,0.416274,0.013622,0.008838,-0.016299,0.005625,0.006244,0.430343,0.343825,0.474653,0.003679,0.008898
2014-06-30,GLD,0.259333,0.011611,0.041123,-0.025070,0.000987,0.007106,0.288653,0.151507,0.337839,0.010665,0.041361
2014-06-30,SLV,0.306063,0.018368,0.056968,-0.023210,0.006242,0.008175,0.353334,0.162437,0.402416,0.017436,0.057489
2014-06-30,DBC,0.298428,0.012226,0.023045,-0.042513,0.009985,0.002741,0.342673,0.182251,0.370361,0.006877,0.023185
2014-06-30,VNQ,0.343729,0.006934,0.030583,0.015901,0.007045,0.002861,0.355950,0.310385,0.364852,0.010512,0.030689
2014-07-31,SPY,0.200259,0.003454,0.027958,0.039464,0.017077,0.006505,0.196291,0.214656,0.189830,0.005599,0.028006
2014-07-31,QQQ,0.207407,0.003271,0.036235,0.050095,0.012205,0.011415,0.188620,0.219221,0.214381,0.007515,0.036294
2014-07-31,IWM,0.219659,0.003076,0.043890,0.048296,0.013427,0.008041,0.216179,0.229204,0.213593,0.009641,0.043957
2014-07-31,EFA,0.215298,0.004432,0.029828,0.001802,0.011199,0.003341,0.245968,0.201582,0.198343,0.006422,0.029894
2014-07-31,EEM,0.241408,0.004563,0.039947,0.028298,0.017651,0.005973,0.220071,0.234116,0.270036,0.009644,0.040038
2014-07-31,SHY,0.198765,0.003694,0.001767,0.001859,0.007576,0.002114,0.236920,0.157077,0.202298,0.000351,0.001770
2014-07-31,IEF,0.217185,0.005069,0.013622,0.018802,0.012051,0.005264,0.235781,0.160411,0.255362,0.002958,0.013656
2014-07-31,TLT,0.196663,0.003891,0.030177,0.047238,0.010658,0.005590,0.211142,0.151583,0.227264,0.005935,0.030236
2014-07-31,AGG,0.214662,0.007256,0.007652,0.011497,0.012495,0.003671,0.230749,0.154839,0.258397,0.001643,0.007680
2014-07-31,LQD,0.224162,0.005501,0.012376,0.020040,0.016805,0.004717,0.233353,0.159993,0.279141,0.002774,0.012410
2014-07-31,HYG,0.227433,0.004521,0.010871,0.023802,0.018937,0.006244,0.220612,0.208170,0.253518,0.002472,0.010896
2014-07-31,GLD,0.210854,0.007345,0.040265,0.003809,0.017795,0.007106,0.193964,0.153023,0.285576,0.008490,0.040413
2014-07-31,SLV,0.230763,0.014641,0.054368,-0.044433,0.021269,0.008175,0.222970,0.116879,0.352439,0.012546,0.054765
2014-07-31,DBC,0.187595,0.003305,0.022545,-0.011453,0.018931,0.002741,0.201003,0.157883,0.203898,0.004229,0.022582
2014-07-31,VNQ,0.188496,0.005683,0.029092,0.030441,0.022339,0.002861,0.238123,0.125377,0.201988,0.005484,0.029175
2014-08-29,SPY,0.254999,0.006344,0.026462,-0.013796,0.002171,0.006505,0.265170,0.201654,0.298173,0.006748,0.026546
2014-08-29,QQQ,0.240745,0.006205,0.032545,-0.007566,0.005070,0.011415,0.251077,0.193634,0.277524,0.007835,0.032646
2014-08-29,IWM,0.216721,0.006388,0.039942,-0.059279,0.009089,0.008041,0.196808,0.185991,0.267363,0.008656,0.040069
2014-08-29,EFA,0.275608,0.012677,0.028016,-0.038825,0.010713,0.003341,0.302633,0.149387,0.374804,0.007721,0.028193
2014-08-29,EEM,0.242259,0.011223,0.037665,-0.077674,0.014994,0.005973,0.314029,0.147799,0.264950,0.009125,0.037876
2014-08-29,SHY,0.173345,0.003802,0.001829,-0.000733,0.002328,0.002114,0.208893,0.122170,0.188973,0.000317,0.001832
2014-08-29,IEF,0.217119,0.008326,0.012848,-0.010495,0.004181,0.005264,0.261369,0.143314,0.246674,0.002790,0.012901
2014-08-29,TLT,0.196599,0.006880,0.029263,-0.021123,0.004065,0.005590,0.214029,0.123794,0.251975,0.005753,0.029363
2014-08-29,AGG,0.236631,0.008728,0.007358,-0.006149,0.003231,0.003671,0.277298,0.150447,0.282147,0.001741,0.007390
2014-08-29,LQD,0.209745,0.009946,0.011540,-0.016816,0.003467,0.004717,0.263818,0.110922,0.254496,0.002420,0.011597
2014-08-29,HYG,0.242131,0.007332,0.010769,-0.019827,0.009910,0.006244,0.282477,0.167165,0.276752,0.002608,0.010808
2014-08-29,GLD,0.243126,0.009184,0.036023,-0.061763,0.018327,0.007106,0.277056,0.142659,0.309662,0.008758,0.036188
2014-08-29,SLV,0.255853,0.012153,0.047870,-0.126136,0.027566,0.008175,0.288635,0.151492,0.327432,0.012248,0.048160
2014-08-29,DBC,0.184412,0.003497,0.022356,-0.072313,0.005209,0.002741,0.204846,0.149997,0.198392,0.004123,0.022395
2014-08-29,VNQ,0.241894,0.012328,0.028049,-0.060406,0.005424,0.002861,0.265672,0.142916,0.317096,0.006785,0.028221
2014-09-30,SPY,0.208164,0.004498,0.026701,0.005532,0.011692,0.006505,0.217205,0.202551,0.204736,0.005558,0.026761
2014-09-30,QQQ,0.219582,0.003311,0.033656,0.010325,0.008350,0.011415,0.200310,0.244197,0.214240,0.007390,0.033712
2014-09-30,IWM,0.182534,0.003025,0.040744,0.041609,0.011149,0.008041,0.207885,0.186271,0.153445,0.007437,0.040806
2014-09-30,EFA,0.188188,0.003602,0.028474,-0.027761,0.015445,0.003341,0.202368,0.160900,0.201298,0.005358,0.028525
2014-09-30,EEM,0.167287,0.003985,0.041939,0.000482,0.010629,0.005973,0.204209,0.108997,0.188656,0.007016,0.042022
2014-09-30,SHY,0.190821,0.003723,0.001956,0.002486,0.007961,0.002114,0.221284,0.190373,0.160806,0.000373,0.001960
2014-09-30,IEF,0.190812,0.002761,0.012813,0.015943,0.005919,0.005264,0.197087,0.199478,0.175872,0.002445,0.012831
2014-09-30,TLT,0.178737,0.003388,0.030581,0.029996,0.001147,0.005590,0.178684,0.201271,0.156255,0.005466,0.030633
2014-09-30,AGG,0.201764,0.003078,0.006915,0.008988,0.009978,0.003671,0.207150,0.204677,0.193466,0.001395,0.006926
2014-09-30,LQD,0.204622,0.003189,0.011804,0.011833,0.007615,0.004717,0.216638,0.183213,0.214015,0.002415,0.011823
2014-09-30,HYG,0.155276,0.002018,0.012006,0.010169,0.012031,0.006244,0.144601,0.173867,0.147360,0.001864,0.012018
2014-09-30,GLD,0.203319,0.005516,0.034278,0.001721,0.024320,0.007106,0.224473,0.142231,0.243254,0.006969,0.034372
2014-09-30,SLV,0.230953,0.008702,0.049600,0.001835,0.029044,0.008175,0.197298,0.167188,0.328373,0.011455,0.049815
2014-09-30,DBC,0.182640,0.003184,0.026268,-0.029285,0.015535,0.002741,0.219835,0.146651,0.181433,0.004798,0.026310
2014-09-30,VNQ,0.191926,0.004744,0.033477,0.078914,0.006212,0.002861,0.213243,0.192734,0.169799,0.006425,0.033556
2014-10-31,SPY,0.180990,0.003009,0.036296,0.026927,-0.012234,0.006505,0.205411,0.155004,0.182554,0.006569,0.036351
2014-10-31,QQQ,0.183490,0.002594,0.044033,0.037771,-0.008500,0.011415,0.200619,0.166708,0.183143,0.008080,0.044090
2014-10-31,IWM,0.212475,0.005241,0.049235,-0.002660,-0.009095,0.008041,0.254472,0.172167,0.210786,0.010461,0.049364
2014-10-31,EFA,0.160547,0.003144,0.039124,0.002502,-0.012345,0.003341,0.201046,0.150613,0.129982,0.006281,0.039185
2014-10-31,EEM,0.178030,0.003905,0.044931,-0.032503,0.003930,0.005973,0.189303,0.190309,0.154479,0.007999,0.045019
2014-10-31,SHY,0.159176,0.002412,0.002348,0.000450,0.009008,0.002114,0.157541,0.159714,0.160272,0.000374,0.002351
2014-10-31,IEF,0.185467,0.004150,0.013691,0.005912,0.013283,0.005264,0.218716,0.152717,0.184968,0.002539,0.013719
2014-10-31,TLT,0.193156,0.004816,0.030934,0.013725,0.014938,0.005590,0.242386,0.141299,0.195781,0.005975,0.031008
2014-10-31,AGG,0.175006,0.003809,0.007726,0.002301,0.008485,0.003671,0.202658,0.137497,0.184863,0.001352,0.007741
2014-10-31,LQD,0.185119,0.003489,0.011585,-0.001121,0.013717,0.004717,0.220884,0.145227,0.189247,0.002145,0.011605
2014-10-31,HYG,0.140945,0.001601,0.016177,-0.015424,-0.003755,0.006244,0.130672,0.131761,0.160402,0.002280,0.016190
2014-10-31,GLD,0.242409,0.006348,0.036026,0.022013,0.019989,0.007106,0.181430,0.294385,0.251412,0.008733,0.036140
2014-10-31,SLV,0.220514,0.005143,0.053157,0.016129,0.020507,0.008175,0.157803,0.266722,0.237016,0.011722,0.053294
2014-10-31,DBC,0.156182,0.002115,0.031043,-0.086021,0.002492,0.002741,0.183205,0.149643,0.135698,0.004848,0.031076
2014-10-31,VNQ,0.185055,0.003329,0.034846,0.023800,-0.000163,0.002861,0.183526,0.196860,0.174778,0.006448,0.034904
2014-11-28,SPY,0.178144,0.003624,0.031618,0.007460,0.011638,0.006505,0.212848,0.125748,0.195837,0.005633,0.031675
2014-11-28,QQQ,0.171321,0.005336,0.038715,-0.012275,0.012655,0.011415,0.199785,0.112310,0.201869,0.006633,0.038818
2014-11-28,IWM,0.165163,0.005091,0.045136,0.035122,0.014945,0.008041,0.193766,0.111037,0.190687,0.007455,0.045251
2014-11-28,EFA,0.192733,0.003944,0.036175,-0.033931,0.009415,0.003341,0.228907,0.159373,0.189920,0.006972,0.036246
2014-11-28,EEM,0.185165,0.004131,0.046899,-0.040369,0.010562,0.005973,0.241801,0.148179,0.165515,0.008684,0.046996
2014-11-28,SHY,0.168936,0.005325,0.002128,-0.002572,0.007204,0.002114,0.229712,0.094792,0.182305,0.000359,0.002134
2014-11-28,IEF,0.161277,0.006454,0.013067,0.000161,0.001454,0.005264,0.258707,0.105236,0.119887,0.002107,0.013109
2014-11-28,TLT,0.179706,0.005779,0.029370,0.030546,0.002239,0.005590,0.243162,0.124465,0.171490,0.005278,0.029455
2014-11-28,AGG,0.157064,0.005350,0.007711,0.001203,-0.001140,0.003671,0.227511,0.120120,0.123562,0.001211,0.007732
2014-11-28,LQD,0.170955,0.007798,0.012551,-0.000842,-0.002062,0.004717,0.272068,0.118129,0.122669,0.002146,0.012600
2014-11-28,HYG,0.174409,0.002950,0.016055,-0.005374,0.019372,0.006244,0.201139,0.133408,0.188679,0.002800,0.016079
2014-11-28,GLD,0.145011,0.002136,0.045512,0.027562,0.002124,0.007106,0.138556,0.147956,0.148521,0.006600,0.045561
2014-11-28,SLV,0.139426,0.001945,0.071950,0.050573,-0.002625,0.008175,0.139890,0.148043,0.130346,0.010032,0.072020
2014-11-28,DBC,0.138478,0.001962,0.042779,-0.089618,0.008385,0.002741,0.150450,0.152234,0.112749,0.005924,0.042821
2014-11-28,VNQ,0.167559,0.004640,0.032852,0.036527,0.003010,0.002861,0.229115,0.105737,0.167823,0.005505,0.032928
2014-12-31,SPY,0.153335,0.001810,0.035875,-0.017612,0.004777,0.006505,0.137774,0.161591,0.160641,0.005501,0.035907
2014-12-31,QQQ,0.163374,0.003037,0.040820,-0.012300,0.011113,0.011415,0.161876,0.141674,0.186574,0.006669,0.040882
2014-12-31,IWM,0.149307,0.002082,0.047873,-0.023909,0.002767,0.008041,0.155482,0.138560,0.153878,0.007148,0.047923
2014-12-31,EFA,0.159610,0.003066,0.037543,0.018409,0.009653,0.003341,0.153993,0.161632,0.163204,0.005992,0.037601
2014-12-31,EEM,0.151135,0.002755,0.047457,0.010944,0.005450,0.005973,0.175326,0.125776,0.152302,0.007172,0.047522
2014-12-31,SHY,0.202252,0.003033,0.002565,0.005956,0.006232,0.002114,0.234694,0.188038,0.184024,0.000519,0.002569
2014-12-31,IEF,0.227636,0.004057,0.015404,0.041718,0.000336,0.005264,0.250549,0.198472,0.233887,0.003507,0.015435
2014-12-31,TLT,0.216438,0.005404,0.034267,0.094012,-0.000966,0.005590,0.255500,0.166093,0.227722,0.007417,0.034359
2014-12-31,AGG,0.229356,0.004353,0.008624,0.020486,0.001453,0.003671,0.235397,0.200534,0.252136,0.001978,0.008643
2014-12-31,LQD,0.225464,0.005004,0.012840,0.038483,0.002173,0.004717,0.215774,0.196575,0.264043,0.002895,0.012872
2014-12-31,HYG,0.158693,0.002428,0.022612,0.010898,0.001652,0.006244,0.143288,0.175894,0.156896,0.003588,0.022639
2014-12-31,GLD,0.175997,0.002816,0.052291,0.077831,0.005550,0.007106,0.197233,0.143751,0.187006,0.009203,0.052365
2014-12-31,SLV,0.162361,0.002190,0.084939,0.093625,0.000999,0.008175,0.180485,0.152392,0.154206,0.013791,0.085032
2014-12-31,DBC,0.116610,0.001390,0.045979,-0.043902,0.017703,0.002741,0.126253,0.128997,0.094582,0.005362,0.046011
2014-12-31,VNQ,0.223158,0.003168,0.035268,0.065679,0.007172,0.002861,0.236323,0.210911,0.222241,0.007870,0.035324
2015-01-30,SPY,0.207045,0.004972,0.039689,0.058511,0.004517,0.007452,0.247363,0.156870,0.216902,0.008217,0.039788
2015-01-30,QQQ,0.202362,0.005972,0.044885,0.076854,0.004265,0.012468,0.260124,0.141793,0.205169,0.009083,0.045019
2015-01-30,IWM,0.194948,0.003971,0.051034,0.060847,0.004477,0.007715,0.235778,0.150880,0.198186,0.009949,0.051135
2015-01-30,EFA,0.198375,0.004747,0.041067,0.058478,0.001981,0.002858,0.243922,0.136116,0.215087,0.008147,0.041164
2015-01-30,EEM,0.184874,0.005720,0.051269,0.034598,0.008246,0.005132,0.246778,0.120867,0.186977,0.009478,0.051415
2015-01-30,SHY,0.127833,0.003114,0.002775,-0.003956,-0.001979,0.001888,0.147254,0.081905,0.154340,0.000355,0.002779
2015-01-30,IEF,0.117523,0.002754,0.018365,-0.034065,-0.001452,0.005196,0.129061,0.069136,0.154372,0.002158,0.018390
2015-01-30,TLT,0.119099,0.003057,0.040532,-0.082207,0.003035,0.006746,0.148723,0.078179,0.130396,0.004827,0.040594
2015-01-30,AGG,0.134521,0.003426,0.009388,-0.015233,-0.002520,0.003690,0.156645,0.078407,0.168511,0.001263,0.009404
2015-01-30,LQD,0.113416,0.004199,0.014478,-0.023317,-0.003941,0.004874,0.153108,0.053793,0.133346,0.001642,0.014508
2015-01-30,HYG,0.175371,0.003717,0.021594,0.019216,0.008634,0.005775,0.192763,0.122215,0.211135,0.003787,0.021634
2015-01-30,GLD,0.153075,0.004007,0.053983,-0.064642,0.005917,0.006355,0.135257,0.105886,0.218083,0.008263,0.054091
2015-01-30,SLV,0.127056,0.001797,0.090303,-0.058041,0.002027,0.005878,0.142099,0.115025,0.124045,0.011474,0.090384
2015-01-30,DBC,0.124475,0.003235,0.048633,0.035632,0.004452,0.000366,0.127141,0.088855,0.157430,0.006054,0.048712
2015-01-30,VNQ,0.160781,0.004691,0.037783,-0.033044,0.013502,0.005389,0.227516,0.117064,0.137764,0.006075,0.037872
2015-02-27,SPY,0.159823,0.007512,0.036844,-0.007028,0.013297,0.007452,0.231531,0.110004,0.137936,0.005889,0.036982
2015-02-27,QQQ,0.177800,0.005555,0.041353,-0.013141,0.016242,0.012468,0.261052,0.125777,0.146569,0.007353,0.041468
2015-02-27,IWM,0.176273,0.007534,0.046220,0.020973,0.009249,0.007715,0.225891,0.115187,0.187741,0.008147,0.046394
2015-02-27,EFA,0.159431,0.004621,0.040315,0.001229,0.001150,0.002858,0.198592,0.130093,0.149608,0.006427,0.040408
2015-02-27,EEM,0.156274,0.003422,0.049964,-0.012764,0.000124,0.005132,0.211999,0.117348,0.139476,0.007808,0.050049
2015-02-27,SHY,0.172327,0.003168,0.002954,0.001665,0.008589,0.001888,0.201699,0.162375,0.152907,0.000509,0.002959
2015-02-27,IEF,0.171295,0.004583,0.019295,0.005955,0.005585,0.005196,0.225407,0.107039,0.181438,0.003305,0.019339
2015-02-27,TLT,0.156378,0.004484,0.042265,0.008756,0.003653,0.006746,0.212462,0.100951,0.155720,0.006609,0.042360
2015-02-27,AGG,0.161512,0.004913,0.010119,0.002036,0.005048,0.003690,0.217968,0.111330,0.155237,0.001634,0.010144
2015-02-27,LQD,0.158630,0.004252,0.015962,0.000140,0.002285,0.004874,0.213018,0.124122,0.138751,0.002532,0.015996
2015-02-27,HYG,0.117204,0.003229,0.019509,-0.008275,0.004421,0.005775,0.157587,0.089961,0.104064,0.002287,0.019540
2015-02-27,GLD,0.157582,0.002757,0.050273,-0.020747,0.004386,0.006355,0.166626,0.130576,0.175544,0.007922,0.050342
2015-02-27,SLV,0.142061,0.002679,0.085205,0.006931,-0.006502,0.005878,0.161673,0.116509,0.148002,0.012104,0.085319
2015-02-27,DBC,0.112659,0.002438,0.050646,-0.049532,0.006892,0.000366,0.144429,0.085478,0.108070,0.005706,0.050708
2015-02-27,VNQ,0.192048,0.003008,0.042886,0.026369,0.005934,0.005389,0.240871,0.134321,0.200952,0.008236,0.042950
2015-03-31,SPY,0.178741,0.005323,0.037902,0.009834,0.005387,0.007452,0.220252,0.120049,0.195921,0.006775,0.038003
2015-03-31,QQQ,0.196777,0.005300,0.041611,0.019223,0.010695,0.012468,0.241621,0.115442,0.233269,0.008188,0.041721
2015-03-31,IWM,0.182958,0.007578,0.044710,-0.025649,0.006050,0.007715,0.251407,0.088962,0.208505,0.008180,0.044879
2015-03-31,EFA,0.179493,0.004485,0.043316,0.036466,0.005166,0.002858,0.217728,0.119995,0.200756,0.007775,0.043413
2015-03-31,EEM,0.194547,0.006403,0.052113,0.068527,-0.000671,0.005132,0.222094,0.119786,0.241760,0.010138,0.052280
2015-03-31,SHY,0.139951,0.003258,0.003094,0.000318,-0.001161,0.001888,0.177994,0.096212,0.145649,0.000433,0.003099
2015-03-31,IEF,0.158718,0.004545,0.019918,-0.006330,0.004594,0.005196,0.217756,0.093278,0.165120,0.003161,0.019963
2015-03-31,TLT,0.173148,0.005693,0.043759,-0.034252,0.010551,0.006746,0.247174,0.090709,0.181560,0.007577,0.043883
2015-03-31,AGG,0.166388,0.005840,0.011349,-0.003227,0.002172,0.003690,0.238321,0.085456,0.175386,0.001888,0.011382
2015-03-31,LQD,0.157762,0.006533,0.018010,-0.011872,0.003033,0.004874,0.216288,0.062862,0.194136,0.002841,0.018069
2015-03-31,HYG,0.176417,0.007052,0.019117,0.008714,0.003491,0.005775,0.263836,0.086580,0.178834,0.003373,0.019184
2015-03-31,GLD,0.139710,0.002172,0.046933,-0.001672,0.010902,0.006355,0.165578,0.116824,0.136726,0.006557,0.046984
2015-03-31,SLV,0.128601,0.002962,0.078558,-0.031387,0.013725,0.005878,0.142678,0.114098,0.129027,0.010103,0.078674
2015-03-31,DBC,0.138088,0.002308,0.052649,0.071470,0.009767,0.000366,0.169227,0.135884,0.109154,0.007270,0.052710
2015-03-31,VNQ,0.165779,0.004585,0.047916,-0.058475,0.007311,0.005389,0.188964,0.120125,0.188248,0.007943,0.048026
2015-04-30,SPY,0.170215,0.005912,0.034347,0.014919,0.018894,0.007452,0.223475,0.087230,0.199940,0.005846,0.034448
2015-04-30,QQQ,0.202860,0.007219,0.040163,0.025922,0.016633,0.012468,0.244371,0.125239,0.238969,0.008147,0.040308
2015-04-30,IWM,0.203529,0.007860,0.042781,0.025582,0.021345,0.007715,0.277621,0.135991,0.196974,0.008707,0.042949
2015-04-30,EFA,0.164251,0.004235,0.039680,-0.000752,0.017912,0.002858,0.233716,0.101313,0.157725,0.006517,0.039764
2015-04-30,EEM,0.187131,0.002662,0.050417,-0.044776,0.017041,0.005132,0.200316,0.153415,0.207663,0.009435,0.050484
2015-04-30,SHY,0.149276,0.002491,0.002794,-0.000213,0.014907,0.001888,0.160101,0.111512,0.176214,0.000417,0.002797
2015-04-30,IEF,0.161214,0.004272,0.018115,-0.008557,0.021102,0.005196,0.163242,0.123362,0.197039,0.002920,0.018154
2015-04-30,TLT,0.162307,0.003140,0.042292,-0.034217,0.018996,0.006746,0.164590,0.131916,0.190415,0.006864,0.042358
2015-04-30,AGG,0.168378,0.003095,0.010401,-0.007126,0.021036,0.003690,0.169360,0.114235,0.221539,0.001751,0.010417
2015-04-30,LQD,0.146320,0.002768,0.017315,-0.016745,0.021583,0.004874,0.150464,0.102458,0.186038,0.002534,0.017339
2015-04-30,HYG,0.168453,0.004283,0.016771,0.005240,0.016259,0.005775,0.214832,0.112200,0.178328,0.002825,0.016807
2015-04-30,GLD,0.140134,0.003818,0.047302,0.004671,0.010425,0.006355,0.132169,0.109668,0.178566,0.006629,0.047392
2015-04-30,SLV,0.165432,0.004571,0.076760,0.036941,0.007523,0.005878,0.186021,0.100930,0.209345,0.012699,0.076935
2015-04-30,DBC,0.161393,0.003338,0.049843,-0.033899,0.011083,0.000366,0.188072,0.109367,0.186742,0.008044,0.049926
2015-04-30,VNQ,0.146298,0.004431,0.046070,0.009196,0.023360,0.005389,0.195257,0.080027,0.163610,0.006740,0.046172
2015-05-29,SPY,0.196953,0.005412,0.033107,-0.022359,0.009104,0.007452,0.267421,0.135076,0.188362,0.006521,0.033196
2015-05-29,QQQ,0.210303,0.005809,0.039592,-0.028302,0.005444,0.012468,0.262475,0.158482,0.209952,0.008326,0.039707
2015-05-29,IWM,0.193492,0.007622,0.039454,0.003148,0.008349,0.007715,0.277486,0.118772,0.184219,0.007634,0.039604
2015-05-29,EFA,0.175684,0.003204,0.040682,-0.027673,0.007849,0.002858,0.204143,0.155132,0.167778,0.007147,0.040747
2015-05-29,EEM,0.195574,0.004079,0.047292,-0.043519,0.019370,0.005132,0.239791,0.175478,0.171454,0.009249,0.047388
2015-05-29,SHY,0.123025,0.002850,0.002719,0.000318,0.003636,0.001888,0.126951,0.090165,0.151959,0.000335,0.002723
2015-05-29,IEF,0.133789,0.003770,0.018835,-0.013592,0.002597,0.005196,0.162008,0.075463,0.163896,0.002520,0.018870
2015-05-29,TLT,0.140318,0.004264,0.045511,-0.034023,0.001467,0.006746,0.184588,0.066145,0.170220,0.006386,0.045608
2015-05-29,AGG,0.132086,0.003886,0.010982,-0.010131,0.004752,0.003690,0.172391,0.074611,0.149256,0.001451,0.011003
2015-05-29,LQD,0.127061,0.003324,0.018309,-0.016967,0.007784,0.004874,0.159481,0.074936,0.146765,0.002326,0.018339
2015-05-29,HYG,0.217134,0.005864,0.015752,-0.023512,0.004800,0.005775,0.309998,0.141718,0.199687,0.003420,0.015798
2015-05-29,GLD,0.136729,0.002991,0.043673,-0.009027,0.013105,0.006355,0.151381,0.102636,0.156169,0.005971,0.043738
2015-05-29,SLV,0.137867,0.003133,0.073007,-0.060038,0.013425,0.005878,0.121157,0.125316,0.167126,0.010065,0.073121
2015-05-29,DBC,0.138228,0.002875,0.048994,-0.005082,0.016702,0.000366,0.170188,0.143205,0.101291,0.006772,0.049064
2015-05-29,VNQ,0.135022,0.003094,0.046061,-0.046303,0.013694,0.005389,0.169797,0.088512,0.146756,0.006219,0.046132
2015-06-30,SPY,0.176057,0.006902,0.032944,0.024144,0.010386,0.007452,0.188545,0.102812,0.236816,0.005800,0.033057
2015-06-30,QQQ,0.178907,0.006650,0.039200,0.046792,0.013154,0.012468,0.182313,0.110752,0.243656,0.007013,0.039330
2015-06-30,IWM,0.186425,0.005815,0.039278,-0.016428,0.011615,0.007715,0.192626,0.123408,0.243239,0.007322,0.039392
2015-06-30,EFA,0.151658,0.004282,0.043494,0.014333,0.008668,0.002858,0.189754,0.106030,0.159189,0.006596,0.043587
2015-06-30,EEM,0.175627,0.005415,0.046820,-0.073195,0.012349,0.005132,0.208245,0.101846,0.216789,0.008223,0.046947
2015-06-30,SHY,0.149377,0.002814,0.002700,-0.000612,0.000980,0.001888,0.183644,0.115474,0.149014,0.000403,0.002704
2015-06-30,IEF,0.165761,0.003073,0.020730,0.009270,0.001565,0.005196,0.194031,0.125071,0.178180,0.003436,0.020762
2015-06-30,TLT,0.177607,0.004040,0.048954,0.037782,0.001247,0.006746,0.210468,0.128349,0.194003,0.008695,0.049053
2015-06-30,AGG,0.166136,0.004110,0.011910,0.004660,0.003428,0.003690,0.203996,0.116068,0.178343,0.001979,0.011934
2015-06-30,LQD,0.183777,0.004126,0.019300,0.003120,0.007145,0.004874,0.223607,0.123645,0.204078,0.003547,0.019340
2015-06-30,HYG,0.194135,0.007783,0.015681,-0.003224,0.010290,0.005775,0.204749,0.112352,0.265304,0.003044,0.015742
2015-06-30,GLD,0.165977,0.007262,0.039164,-0.072083,0.020133,0.006355,0.218205,0.073312,0.206415,0.006500,0.039306
2015-06-30,SLV,0.158468,0.005326,0.064143,-0.062542,0.030179,0.005878,0.190672,0.096959,0.187771,0.010165,0.064314
2015-06-30,DBC,0.158774,0.003412,0.046499,-0.113889,0.013201,0.000366,0.195261,0.111510,0.169550,0.007383,0.046578
2015-06-30,VNQ,0.147426,0.004431,0.044415,0.049404,0.016107,0.005389,0.198816,0.090196,0.153266,0.006548,0.044513
2015-07-31,SPY,0.170273,0.005184,0.032901,-0.060950,0.005580,0.007452,0.166871,0.113345,0.230604,0.005602,0.032986
2015-07-31,QQQ,0.147560,0.005633,0.039794,-0.068245,0.008972,0.012468,0.149571,0.082365,0.210744,0.005872,0.039906
2015-07-31,IWM,0.155251,0.007409,0.038342,-0.063110,0.007371,0.007715,0.138321,0.086534,0.240897,0.005953,0.038484
2015-07-31,EFA,0.175231,0.004271,0.046195,-0.074251,-0.000570,0.002858,0.158634,0.135962,0.231096,0.008095,0.046294
2015-07-31,EEM,0.135984,0.004687,0.053910,-0.088362,0.000030,0.005132,0.145022,0.083843,0.179087,0.007331,0.054036
2015-07-31,SHY,0.151888,0.005606,0.002746,-0.000495,0.004073,0.001888,0.236869,0.081453,0.137341,0.000417,0.002754
2015-07-31,IEF,0.121820,0.004351,0.019706,0.000791,0.001747,0.005196,0.186159,0.074839,0.104463,0.002401,0.019749
2015-07-31,TLT,0.105427,0.002898,0.046990,-0.006896,0.003144,0.006746,0.160136,0.062597,0.093549,0.004954,0.047058
2015-07-31,AGG,0.122581,0.003782,0.011313,-0.003359,0.001420,0.003690,0.175245,0.068540,0.123957,0.001387,0.011334
2015-07-31,LQD,0.105429,0.003453,0.017729,-0.008274,0.003824,0.004874,0.162228,0.059027,0.095032,0.001869,0.017760
2015-07-31,HYG,0.181727,0.006692,0.015848,-0.015233,0.006610,0.005775,0.177492,0.099507,0.268181,0.002880,0.015901
2015-07-31,GLD,0.162723,0.004063,0.038353,0.037072,0.010767,0.006355,0.194653,0.147815,0.145701,0.006241,0.038431
2015-07-31,SLV,0.208886,0.006349,0.060440,-0.006392,0.013028,0.005878,0.240289,0.164499,0.221872,0.012625,0.060632
2015-07-31,DBC,0.216120,0.007598,0.048265,-0.002543,0.025902,0.000366,0.234523,0.151785,0.262052,0.010431,0.048448
2015-07-31,VNQ,0.153346,0.003389,0.040741,-0.062911,0.009455,0.005389,0.181722,0.107848,0.170466,0.006247,0.040810
2015-08-31,SPY,0.177930,0.003085,0.051870,-0.025516,-0.012686,0.007452,0.211228,0.130324,0.192237,0.009229,0.051950
2015-08-31,QQQ,0.153601,0.003421,0.061872,-0.022073,-0.012873,0.012468,0.190853,0.110578,0.159372,0.009504,0.061978
2015-08-31,IWM,0.178541,0.004742,0.048973,-0.049363,-0.005441,0.007715,0.235707,0.125029,0.174887,0.008744,0.049089
2015-08-31,EFA,0.171647,0.003742,0.052056,-0.044189,-0.000939,0.002858,0.183379,0.125672,0.205891,0.008935,0.052153
2015-08-31,EEM,0.148719,0.002422,0.068638,-0.031324,-0.006557,0.005132,0.164760,0.115690,0.165707,0.010208,0.068721
2015-08-31,SHY,0.143079,0.003260,0.002809,0.002950,0.011787,0.001888,0.195190,0.096510,0.137538,0.000402,0.002814
2015-08-31,IEF,0.142459,0.002911,0.018878,0.015791,0.012811,0.005196,0.180337,0.112383,0.134657,0.002689,0.018905
2015-08-31,TLT,0.137610,0.003172,0.046043,0.019669,0.013541,0.006746,0.170781,0.113657,0.128391,0.006336,0.046116
2015-08-31,AGG,0.145200,0.002971,0.010763,0.008114,0.015375,0.003690,0.183100,0.109518,0.142980,0.001563,0.010779
2015-08-31,LQD,0.154564,0.003861,0.016698,0.011898,0.015314,0.004874,0.206159,0.117128,0.140404,0.002581,0.016730
2015-08-31,HYG,0.223511,0.007211,0.016529,-0.029899,0.005297,0.005775,0.322062,0.150002,0.198469,0.003694,0.016588
2015-08-31,GLD,0.196369,0.010787,0.038545,-0.018011,0.006814,0.006355,0.300069,0.108507,0.180531,0.007569,0.038752
2015-08-31,SLV,0.188970,0.011761,0.066326,-0.008578,0.001812,0.005878,0.300562,0.090660,0.175689,0.012534,0.066715
2015-08-31,DBC,0.154110,0.009209,0.056396,-0.034417,0.002707,0.000366,0.264648,0.084349,0.113331,0.008691,0.056655
2015-08-31,VNQ,0.210870,0.004038,0.054172,0.030598,-0.002315,0.005389,0.227807,0.168596,0.236206,0.011423,0.054281
2015-09-30,SPY,0.146921,0.003114,0.055332,0.089757,0.000145,0.007452,0.173045,0.116464,0.151254,0.008129,0.055418
2015-09-30,QQQ,0.156301,0.004058,0.064504,0.118710,0.004733,0.012468,0.202486,0.110829,0.155588,0.010082,0.064635
2015-09-30,IWM,0.182410,0.005226,0.053056,0.061081,0.005579,0.007715,0.196409,0.120254,0.230566,0.009678,0.053194
2015-09-30,EFA,0.140152,0.002917,0.058369,0.068388,-0.003338,0.002858,0.169019,0.093644,0.157792,0.008181,0.058454
2015-09-30,EEM,0.145514,0.003320,0.072542,0.061928,0.000175,0.005132,0.175976,0.100497,0.160070,0.010556,0.072662
2015-09-30,SHY,0.143379,0.003266,0.002937,-0.001412,0.000066,0.001888,0.169055,0.105877,0.155204,0.000421,0.002942
2015-09-30,IEF,0.142333,0.002487,0.018765,-0.008319,-0.001084,0.005196,0.151179,0.122160,0.153660,0.002671,0.018788
2015-09-30,TLT,0.139358,0.002600,0.046452,-0.011550,-0.000259,0.006746,0.145698,0.117116,0.155260,0.006473,0.046512
2015-09-30,AGG,0.152474,0.003392,0.010708,-0.001966,0.000873,0.003690,0.171880,0.107827,0.177716,0.001633,0.010726
2015-09-30,LQD,0.141379,0.003175,0.016750,0.003145,0.004448,0.004874,0.141250,0.112992,0.169895,0.002368,0.016777
2015-09-30,HYG,0.158396,0.002503,0.018655,0.031101,0.015002,0.005775,0.170445,0.118796,0.185946,0.002955,0.018678
2015-09-30,GLD,0.147535,0.003063,0.038848,0.026764,0.012476,0.006355,0.162779,0.132896,0.146928,0.005731,0.038907
2015-09-30,SLV,0.149402,0.003509,0.065996,0.072819,0.008314,0.005878,0.186118,0.125575,0.136515,0.009860,0.066112
2015-09-30,DBC,0.132983,0.003849,0.055331,-0.006601,0.010912,0.000366,0.186348,0.079665,0.132937,0.007358,0.055437
2015-09-30,VNQ,0.132261,0.002989,0.053275,0.067381,0.003774,0.005389,0.152724,0.114830,0.129229,0.007046,0.053355
2015-10-30,SPY,0.119805,0.001809,0.050706,0.013225,0.008758,0.007452,0.126901,0.105621,0.126892,0.006075,0.050752
2015-10-30,QQQ,0.121697,0.001856,0.059686,0.016148,0.011779,0.012468,0.125315,0.112545,0.127232,0.007264,0.059741
2015-10-30,IWM,0.113922,0.001701,0.055098,0.039449,0.008498,0.007715,0.123891,0.103791,0.114084,0.006277,0.055145
2015-10-30,EFA,0.132552,0.002883,0.053390,0.002945,0.013711,0.002858,0.146826,0.105147,0.145682,0.007077,0.053467
2015-10-30,EEM,0.124090,0.003553,0.069409,-0.017780,0.015464,0.005132,0.140159,0.122557,0.109555,0.008613,0.069532
2015-10-30,SHY,0.189452,0.004315,0.002937,-0.001982,0.017369,0.001888,0.237648,0.130620,0.200087,0.000556,0.002943
2015-10-30,IEF,0.205183,0.005752,0.017947,0.001019,0.013744,0.005196,0.248634,0.156304,0.210611,0.003682,0.017999
2015-10-30,TLT,0.206860,0.004055,0.042603,0.004714,0.014805,0.006746,0.247778,0.152478,0.220323,0.008813,0.042689
2015-10-30,AGG,0.184552,0.004381,0.010537,-0.000400,0.010987,0.003690,0.225298,0.147826,0.180533,0.001945,0.010560
2015-10-30,LQD,0.178874,0.005789,0.016056,0.005964,0.014204,0.004874,0.232371,0.116183,0.188070,0.002872,0.016102
2015-10-30,HYG,0.142606,0.002958,0.018810,-0.018024,0.009018,0.005775,0.181726,0.111729,0.134365,0.002682,0.018838
2015-10-30,GLD,0.177094,0.005394,0.038457,-0.064227,0.017558,0.006355,0.218213,0.115907,0.197162,0.006810,0.038561
2015-10-30,SLV,0.138479,0.004195,0.066196,-0.087162,0.013829,0.005878,0.157976,0.073187,0.184275,0.009167,0.066335
2015-10-30,DBC,0.089760,0.004577,0.051547,-0.055921,0.015174,0.000366,0.133637,0.026699,0.108943,0.004627,0.051665
2015-10-30,VNQ,0.172275,0.002860,0.048603,0.007510,0.020121,0.005389,0.209046,0.161156,0.146623,0.008373,0.048672
2015-11-30,SPY,0.161313,0.004186,0.046377,-0.007353,0.007901,0.007452,0.223166,0.130409,0.130363,0.007481,0.046474
2015-11-30,QQQ,0.164513,0.003914,0.054224,-0.003544,0.008426,0.012468,0.225862,0.131338,0.136340,0.008921,0.054330
2015-11-30,IWM,0.189119,0.006203,0.051645,-0.038330,0.006168,0.007715,0.263964,0.141830,0.161562,0.009767,0.051805
2015-11-30,EFA,0.179090,0.005785,0.047620,-0.010013,0.011033,0.002858,0.248941,0.131307,0.157021,0.008528,0.047758
2015-11-30,EEM,0.168645,0.004841,0.065890,-0.035211,0.014560,0.005132,0.252662,0.127197,0.126078,0.011112,0.066049
2015-11-30,SHY,0.177060,0.005579,0.002693,-0.001017,0.019848,0.001888,0.242874,0.103591,0.184716,0.000477,0.002701
2015-11-30,IEF,0.205829,0.003182,0.015985,-0.005662,0.009192,0.005196,0.219109,0.175600,0.222777,0.003290,0.016010
2015-11-30,TLT,0.202196,0.003996,0.037808,-0.007437,0.011987,0.006746,0.203047,0.194466,0.209076,0.007645,0.037883
2015-11-30,AGG,0.193891,0.004682,0.009541,-0.004598,0.009359,0.003690,0.204800,0.168636,0.208236,0.001850,0.009563
2015-11-30,LQD,0.223011,0.007021,0.014430,-0.012459,0.008594,0.004874,0.270038,0.162959,0.236036,0.003218,0.014481
2015-11-30,HYG,0.213515,0.007829,0.018062,-0.020532,0.014185,0.005775,0.320621,0.139009,0.180916,0.003857,0.018133
2015-11-30,GLD,0.196530,0.005251,0.037706,-0.004906,0.015954,0.006355,0.275951,0.132345,0.181295,0.007410,0.037805
2015-11-30,SLV,0.222446,0.008075,0.058539,-0.017113,0.024276,0.005878,0.318631,0.158485,0.190224,0.013022,0.058775
2015-11-30,DBC,0.185034,0.006606,0.049995,-0.063425,0.014743,0.000366,0.260841,0.127211,0.167049,0.009251,0.050160
2015-11-30,VNQ,0.186972,0.005252,0.049512,0.027250,0.001394,0.005389,0.270945,0.153960,0.136011,0.009257,0.049642
2015-12-31,SPY,0.178614,0.004791,0.047866,-0.067249,-0.000844,0.007452,0.229822,0.138269,0.167750,0.008550,0.047981
2015-12-31,QQQ,0.205629,0.005249,0.054851,-0.086805,0.002300,0.012468,0.262073,0.152708,0.202105,0.011279,0.054995
2015-12-31,IWM,0.166231,0.004311,0.052039,-0.109572,0.003897,0.007715,0.223727,0.122515,0.152451,0.008650,0.052151
2015-12-31,EFA,0.187022,0.004121,0.047528,-0.078167,0.002839,0.002858,0.206837,0.157119,0.197109,0.008889,0.047626
2015-12-31,EEM,0.182656,0.003555,0.062749,-0.089780,0.011088,0.005132,0.199239,0.157716,0.191014,0.011462,0.062860
2015-12-31,SHY,0.147651,0.004595,0.002701,0.007291,0.015960,0.001888,0.173915,0.088359,0.180679,0.000399,0.002707
2015-12-31,IEF,0.174954,0.005773,0.016865,0.038258,0.007441,0.005196,0.178193,0.100567,0.246102,0.002951,0.016914
2015-12-31,TLT,0.154525,0.006588,0.039943,0.072024,0.008725,0.006746,0.160676,0.087791,0.215108,0.006172,0.040074
2015-12-31,AGG,0.148914,0.005383,0.009981,0.014243,0.004895,0.003690,0.145730,0.075738,0.225274,0.001486,0.010008
2015-12-31,LQD,0.175762,0.005127,0.015704,-0.000119,0.010027,0.004874,0.163518,0.116474,0.247293,0.002760,0.015744
2015-12-31,HYG,0.150755,0.002421,0.025968,-0.028842,-0.005095,0.005775,0.176769,0.116702,0.158794,0.003915,0.025999
2015-12-31,GLD,0.157921,0.003037,0.040931,0.065346,0.010707,0.006355,0.150739,0.122950,0.200074,0.006464,0.040993
2015-12-31,SLV,0.190549,0.003339,0.063225,0.032600,0.006519,0.005878,0.208527,0.164797,0.198323,0.012047,0.063330
2015-12-31,DBC,0.169279,0.003495,0.050435,-0.077844,0.000960,0.000366,0.201256,0.135592,0.170990,0.008538,0.050523
2015-12-31,VNQ,0.196574,0.006248,0.048468,-0.041515,0.006515,0.005389,0.261861,0.130084,0.197778,0.009528,0.048619
2016-01-29,SPY,0.130528,0.002445,0.054550,0.022662,-0.013458,0.007404,0.143166,0.138446,0.109971,0.007120,0.054617
2016-01-29,QQQ,0.130333,0.003269,0.065269,0.015942,-0.014159,0.012446,0.160221,0.135228,0.095551,0.008507,0.065376
2016-01-29,IWM,0.122808,0.002890,0.062537,0.019231,-0.012914,0.007481,0.127860,0.149605,0.090960,0.007680,0.062627
2016-01-29,EFA,0.145900,0.002579,0.057064,-0.008111,-0.014450,0.002718,0.166279,0.147290,0.124132,0.008326,0.057138
2016-01-29,EEM,0.140090,0.002506,0.072458,0.027151,-0.010830,0.002890,0.146404,0.155892,0.117973,0.010151,0.072549
2016-01-29,SHY,0.144182,0.003023,0.002691,-0.000213,-0.005931,0.001674,0.148177,0.179237,0.105133,0.000388,0.002695
2016-01-29,IEF,0.164846,0.004086,0.016455,0.006927,-0.000848,0.004644,0.206515,0.149385,0.138637,0.002713,0.016489
2016-01-29,TLT,0.153536,0.003175,0.039282,0.012708,0.003733,0.005910,0.189344,0.135980,0.135286,0.006031,0.039344
2016-01-29,AGG,0.154998,0.003835,0.009397,0.005849,-0.000783,0.003226,0.173773,0.153963,0.137258,0.001457,0.009415
2016-01-29,LQD,0.150076,0.003862,0.014946,0.005009,0.007254,0.004178,0.182041,0.130755,0.137431,0.002243,0.014975
2016-01-29,HYG,0.102616,0.002573,0.028129,0.031010,0.000633,0.004702,0.129518,0.099168,0.079161,0.002886,0.028165
2016-01-29,GLD,0.116083,0.003481,0.041520,0.101169,0.009106,0.004914,0.094052,0.167648,0.086549,0.004820,0.041592
2016-01-29,SLV,0.104169,0.002007,0.062153,0.042678,0.008827,0.004665,0.090401,0.121583,0.100524,0.006474,0.062215
2016-01-29,DBC,0.096650,0.003014,0.056079,-0.001565,-0.007769,-0.002802,0.109454,0.121881,0.058617,0.005420,0.056163
2016-01-29,VNQ,0.149436,0.003709,0.055310,0.024419,-0.004952,0.005646,0.143019,0.190166,0.115122,0.008265,0.055412
2016-02-29,SPY,0.123121,0.002213,0.053988,0.069863,0.002848,0.007404,0.131253,0.142162,0.095948,0.006647,0.054048
2016-02-29,QQQ,0.122005,0.002909,0.065264,0.070092,0.004246,0.012446,0.131439,0.136401,0.098174,0.007963,0.065359
2016-02-29,IWM,0.142208,0.002993,0.061308,0.077108,0.003567,0.007481,0.166719,0.139553,0.120352,0.008718,0.061400
2016-02-29,EFA,0.139356,0.002613,0.057046,0.076450,0.005266,0.002718,0.130264,0.168062,0.119741,0.007950,0.057120
2016-02-29,EEM,0.145618,0.002723,0.072687,0.130607,0.007248,0.002890,0.142194,0.151346,0.143315,0.010585,0.072786
2016-02-29,SHY,0.162632,0.003049,0.002862,0.000906,0.004639,0.001674,0.185972,0.186499,0.115423,0.000465,0.002866
2016-02-29,IEF,0.184134,0.004230,0.016626,-0.004284,0.004566,0.004644,0.171629,0.212115,0.168659,0.003061,0.016661
2016-02-29,TLT,0.166715,0.002817,0.040104,-0.007971,0.005568,0.005910,0.158679,0.195547,0.145919,0.006686,0.040160
2016-02-29,AGG,0.197820,0.003121,0.009109,0.005561,0.000505,0.003226,0.200946,0.219613,0.172900,0.001802,0.009123
2016-02-29,LQD,0.166077,0.003680,0.015169,0.032048,0.001014,0.004178,0.181423,0.188556,0.128251,0.002519,0.015197
2016-02-29,HYG,0.111016,0.003176,0.029146,0.024090,-0.003614,0.004702,0.135152,0.126424,0.071473,0.003236,0.029192
2016-02-29,GLD,0.117637,0.002687,0.052065,-0.012980,-0.005102,0.004914,0.107170,0.167082,0.078657,0.006125,0.052135
2016-02-29,SLV,0.136920,0.003731,0.064609,0.020423,0.010525,0.004665,0.144633,0.164843,0.101282,0.008846,0.064729
2016-02-29,DBC,0.143095,0.002480,0.057897,0.043922,-0.001273,-0.002802,0.174572,0.143559,0.111154,0.008285,0.057969
2016-02-29,VNQ,0.154249,0.002612,0.055726,0.097931,0.002478,0.005646,0.148607,0.175033,0.139107,0.008596,0.055799
2016-03-31,SPY,0.118641,0.001922,0.048361,0.003941,0.010811,0.007404,0.129250,0.137983,0.088689,0.005738,0.048407
2016-03-31,QQQ,0.122494,0.002187,0.058768,-0.031868,0.014124,0.012446,0.128686,0.143328,0.095467,0.007199,0.058832
2016-03-31,IWM,0.113588,0.001900,0.060613,0.016722,0.007353,0.007481,0.116033,0.132300,0.092432,0.006885,0.060671
2016-03-31,EFA,0.124646,0.003538,0.053870,0.022218,0.014702,0.002718,0.147206,0.156634,0.070098,0.006715,0.053965
2016-03-31,EEM,0.103964,0.001492,0.069921,0.004088,0.017762,0.002890,0.116914,0.112173,0.082804,0.007269,0.069973
2016-03-31,SHY,0.142684,0.003455,0.003115,0.000365,-0.003437,0.001674,0.162654,0.159834,0.105565,0.000444,0.003120
2016-03-31,IEF,0.126794,0.003095,0.016496,-0.001561,-0.000597,0.004644,0.163191,0.141249,0.075941,0.002092,0.016522
2016-03-31,TLT,0.133796,0.003053,0.037986,-0.007365,0.004974,0.005910,0.155542,0.154023,0.091822,0.005082,0.038044
2016-03-31,AGG,0.139218,0.003675,0.008984,0.002549,-0.004808,0.003226,0.177036,0.126150,0.114469,0.001251,0.009000
2016-03-31,LQD,0.116850,0.002440,0.014985,0.015546,-0.002118,0.004178,0.133429,0.122901,0.094220,0.001751,0.015003
2016-03-31,HYG,0.104182,0.002815,0.028641,0.031226,0.004742,0.004702,0.121472,0.131438,0.059636,0.002984,0.028681
2016-03-31,GLD,0.124541,0.003023,0.052373,0.051088,0.002497,0.004914,0.154537,0.145111,0.073974,0.006523,0.052452
2016-03-31,SLV,0.148372,0.004386,0.065416,0.156676,0.002659,0.004665,0.183935,0.171937,0.089244,0.009706,0.065559
2016-03-31,DBC,0.132206,0.005433,0.054558,0.097066,0.014668,-0.002802,0.151832,0.188641,0.056144,0.007213,0.054706
2016-03-31,VNQ,0.117328,0.004614,0.053680,-0.023508,0.005697,0.005646,0.169635,0.124595,0.057753,0.006298,0.053804
2016-04-29,SPY,0.159379,0.002288,0.043213,0.017012,0.011469,0.007404,0.162618,0.168938,0.146581,0.006887,0.043262
2016-04-29,QQQ,0.158022,0.003119,0.053373,0.043700,0.017514,0.012446,0.149412,0.188991,0.135663,0.008434,0.053456
2016-04-29,IWM,0.110833,0.002479,0.055338,0.022404,0.012663,0.007481,0.098108,0.137496,0.096895,0.006133,0.055407
2016-04-29,EFA,0.128151,0.002360,0.052317,-0.000856,0.007445,0.002718,0.124316,0.147248,0.112888,0.006704,0.052379
2016-04-29,EEM,0.171758,0.002530,0.065094,-0.036930,0.012475,0.002890,0.168628,0.176350,0.170295,0.011180,0.065176
2016-04-29,SHY,0.098029,0.002761,0.002821,-0.001190,0.004061,0.001674,0.103954,0.138066,0.052067,0.000277,0.002825
2016-04-29,IEF,0.107103,0.001942,0.015472,-0.000992,0.006917,0.004644,0.119444,0.121844,0.080022,0.001657,0.015487
2016-04-29,TLT,0.114518,0.003181,0.035597,0.008054,0.007017,0.005910,0.152236,0.100977,0.090341,0.004077,0.035654
2016-04-29,AGG,0.106654,0.002516,0.008385,0.000136,0.002899,0.003226,0.131166,0.113669,0.075126,0.000894,0.008396
2016-04-29,LQD,0.133124,0.002328,0.014124,-0.005125,-0.001780,0.004178,0.120308,0.180895,0.098171,0.001880,0.014140
2016-04-29,HYG,0.125693,0.002145,0.025985,0.001702,0.002483,0.004702,0.147030,0.132368,0.097679,0.003266,0.026013
2016-04-29,GLD,0.111917,0.001711,0.051137,-0.061383,-0.002865,0.004914,0.109013,0.137255,0.089484,0.005723,0.051181
2016-04-29,SLV,0.127673,0.002955,0.068494,-0.105418,-0.006281,0.004665,0.095512,0.130006,0.157502,0.008745,0.068595
2016-04-29,DBC,0.124166,0.002214,0.054621,0.008916,-0.001001,-0.002802,0.135096,0.140488,0.096914,0.006782,0.054681
2016-04-29,VNQ,0.143551,0.002397,0.048847,0.022485,0.013011,0.005646,0.129678,0.147274,0.153702,0.007012,0.048906
2016-05-31,SPY,0.192138,0.005391,0.039891,-0.010033,-0.002363,0.007404,0.210937,0.138187,0.227292,0.007665,0.039998
2016-05-31,QQQ,0.162903,0.006562,0.049474,-0.033957,-0.001097,0.012446,0.172529,0.117118,0.199062,0.008059,0.049636
2016-05-31,IWM,0.134516,0.003035,0.052805,-0.018435,-0.001345,0.007481,0.161051,0.102401,0.140096,0.007103,0.052885
2016-05-31,EFA,0.168522,0.004002,0.048658,-0.038529,0.004500,0.002718,0.179143,0.147232,0.179193,0.008200,0.048755
2016-05-31,EEM,0.151745,0.003808,0.060968,0.035245,0.004139,0.002890,0.160624,0.136723,0.157889,0.009252,0.061084
2016-05-31,SHY,0.171797,0.006059,0.002808,0.005555,0.007747,0.001674,0.107758,0.179081,0.228551,0.000482,0.002816
2016-05-31,IEF,0.156726,0.003021,0.014895,0.028594,0.008288,0.004644,0.126306,0.171015,0.172857,0.002334,0.014917
2016-05-31,TLT,0.145861,0.002611,0.033723,0.065415,0.006906,0.005910,0.145189,0.164139,0.128256,0.004919,0.033767
2016-05-31,AGG,0.169761,0.003180,0.007869,0.017270,0.006776,0.003226,0.149304,0.162418,0.197562,0.001336,0.007882
2016-05-31,LQD,0.124920,0.002510,0.013454,0.027331,0.005212,0.004178,0.142629,0.123718,0.108414,0.001681,0.013471
2016-05-31,HYG,0.144717,0.003001,0.023379,0.011080,0.006333,0.004702,0.189813,0.131855,0.112484,0.003383,0.023414
2016-05-31,GLD,0.153614,0.002763,0.047575,0.084267,0.017027,0.004914,0.130089,0.148665,0.182087,0.007308,0.047641
2016-05-31,SLV,0.139337,0.002139,0.066242,0.143516,0.011836,0.004665,0.129791,0.159220,0.129001,0.009230,0.066313
2016-05-31,DBC,0.114984,0.002961,0.053280,0.049626,0.000850,-0.002802,0.135111,0.123905,0.085937,0.006126,0.053359
2016-05-31,VNQ,0.168561,0.002366,0.048405,0.058311,0.002935,0.005646,0.170904,0.180179,0.154600,0.008159,0.048462
2016-06-30,SPY,0.117817,0.001966,0.045327,0.035612,-0.008382,0.007404,0.114668,0.129561,0.109222,0.005340,0.045372
2016-06-30,QQQ,0.126700,0.002462,0.053919,0.077180,-0.006879,0.012446,0.130443,0.135247,0.114409,0.006832,0.053985
2016-06-30,IWM,0.123084,0.002588,0.059206,0.059623,-0.005826,0.007481,0.135711,0.135932,0.097608,0.007287,0.059283
2016-06-30,EFA,0.120967,0.002191,0.075012,0.032963,-0.019888,0.002718,0.116440,0.154051,0.092411,0.009074,0.075094
2016-06-30,EEM,0.116319,0.002873,0.071944,0.051804,-0.005137,0.002890,0.123321,0.145275,0.080362,0.008368,0.072047
2016-06-30,SHY,0.110217,0.002649,0.003095,-0.000809,-0.004007,0.001674,0.114991,0.134102,0.081557,0.000341,0.003099
2016-06-30,IEF,0.122261,0.002226,0.017460,-0.001015,0.000115,0.004644,0.137803,0.156692,0.072287,0.002135,0.017479
2016-06-30,TLT,0.118770,0.002521,0.038583,0.009954,0.002061,0.005910,0.122836,0.162585,0.070888,0.004582,0.038632
2016-06-30,AGG,0.159734,0.002929,0.008726,0.003101,-0.004068,0.003226,0.153888,0.200593,0.124721,0.001394,0.008739
2016-06-30,LQD,0.153952,0.003992,0.013717,0.007207,-0.002051,0.004178,0.147011,0.215018,0.099826,0.002112,0.013744
2016-06-30,HYG,0.161683,0.005009,0.027212,0.007448,-0.005079,0.004702,0.150285,0.229459,0.105305,0.004400,0.027280
2016-06-30,GLD,0.113658,0.003182,0.054370,0.021744,0.002317,0.004914,0.101627,0.145456,0.093893,0.006180,0.054456
2016-06-30,SLV,0.111270,0.002823,0.069336,0.087906,0.007609,0.004665,0.092574,0.135763,0.105474,0.007715,0.069434
2016-06-30,DBC,0.163190,0.003414,0.053256,-0.085994,0.005310,-0.002802,0.182549,0.184809,0.122212,0.008691,0.053347
2016-06-30,VNQ,0.149048,0.002934,0.044517,0.044886,0.002909,0.005646,0.158326,0.183375,0.105443,0.006635,0.044582
2016-07-29,SPY,0.138975,0.003380,0.039892,0.005711,0.009749,0.007404,0.146939,0.158409,0.111576,0.005544,0.039959
2016-07-29,QQQ,0.135422,0.004131,0.047792,0.014840,0.011790,0.012446,0.120445,0.168056,0.117765,0.006472,0.047891
2016-07-29,IWM,0.125179,0.003819,0.053530,0.021723,0.012430,0.007481,0.123010,0.167089,0.085438,0.006701,0.053632
2016-07-29,EFA,0.103074,0.002317,0.066392,0.008787,0.010136,0.002718,0.083049,0.140796,0.085376,0.006843,0.066469
2016-07-29,EEM,0.119976,0.003315,0.065124,0.022922,0.008919,0.002890,0.099203,0.141023,0.119703,0.007813,0.065232
2016-07-29,SHY,0.156521,0.002281,0.002976,-0.002336,0.001538,0.001674,0.159486,0.144702,0.165374,0.000466,0.002979
2016-07-29,IEF,0.178105,0.003442,0.016551,-0.008874,0.002518,0.004644,0.205877,0.145006,0.183431,0.002948,0.016579
2016-07-29,TLT,0.173484,0.002740,0.038590,-0.007728,0.001636,0.005910,0.196427,0.144110,0.179916,0.006695,0.038643
2016-07-29,AGG,0.185831,0.004018,0.008713,-0.001445,-0.000631,0.003226,0.178893,0.170711,0.207890,0.001619,0.008730
2016-07-29,LQD,0.186920,0.003455,0.013691,0.003501,0.001352,0.004178,0.195186,0.168271,0.197302,0.002559,0.013715
2016-07-29,HYG,0.143222,0.004153,0.025149,0.023087,0.012459,0.004702,0.140607,0.184388,0.104672,0.003602,0.025201
2016-07-29,GLD,0.140310,0.003488,0.051562,-0.020778,0.006385,0.004914,0.192665,0.123706,0.104561,0.007235,0.051652
2016-07-29,SLV,0.125466,0.005491,0.075023,-0.074935,0.007191,0.004665,0.177003,0.141204,0.058190,0.009413,0.075229
2016-07-29,DBC,0.134593,0.003246,0.053136,0.037115,0.004181,-0.002802,0.145447,0.150660,0.107670,0.007152,0.053222
2016-07-29,VNQ,0.160338,0.003831,0.041734,-0.036777,0.006407,0.005646,0.143432,0.157347,0.180235,0.006692,0.041814
2016-08-31,SPY,0.136530,0.005291,0.033829,0.000058,0.021078,0.007404,0.204958,0.109487,0.095143,0.004619,0.033918
2016-08-31,QQQ,0.133819,0.004035,0.040370,0.022135,0.022976,0.012446,0.192570,0.115924,0.092963,0.005402,0.040451
2016-08-31,IWM,0.153036,0.004104,0.046883,0.010739,0.017821,0.007481,0.209810,0.139525,0.109774,0.007175,0.046979
2016-08-31,EFA,0.113096,0.002300,0.055615,0.013368,0.020968,0.002718,0.140975,0.110504,0.087810,0.006290,0.055679
2016-08-31,EEM,0.152699,0.003375,0.056821,0.025185,0.022430,0.002890,0.191799,0.138989,0.127310,0.008677,0.056917
2016-08-31,SHY,0.150148,0.002704,0.002869,0.001295,0.011429,0.001674,0.167701,0.159436,0.123309,0.000431,0.002873
2016-08-31,IEF,0.164099,0.002793,0.015446,0.002374,0.012192,0.004644,0.169347,0.149241,0.173709,0.002535,0.015468
2016-08-31,TLT,0.162563,0.002237,0.036485,-0.015084,0.008789,0.005910,0.163074,0.158177,0.166439,0.005931,0.036526
2016-08-31,AGG,0.160939,0.002380,0.008586,0.000516,0.008113,0.003226,0.167571,0.152255,0.162990,0.001382,0.008596
2016-08-31,LQD,0.177584,0.002643,0.014226,-0.003156,0.007934,0.004178,0.197703,0.170097,0.164952,0.002526,0.014245
2016-08-31,HYG,0.140000,0.005383,0.022259,0.010785,0.013853,0.004702,0.223411,0.128989,0.067601,0.003116,0.022319
2016-08-31,GLD,0.187469,0.003237,0.045189,0.006892,0.017809,0.004914,0.182742,0.205140,0.174526,0.008472,0.045262
2016-08-31,SLV,0.205312,0.002727,0.069393,0.027088,0.013647,0.004665,0.181450,0.214197,0.220288,0.014247,0.069488
2016-08-31,DBC,0.143988,0.003641,0.050973,0.043086,0.016247,-0.002802,0.161326,0.176154,0.094485,0.007340,0.051066
2016-08-31,VNQ,0.158767,0.003723,0.038144,-0.018326,0.015291,0.005646,0.175963,0.172443,0.127896,0.006056,0.038215
2016-09-30,SPY,0.143157,0.003206,0.035674,-0.017337,-0.002948,0.007404,0.131569,0.137618,0.160285,0.005107,0.035731
2016-09-30,QQQ,0.157584,0.002847,0.041163,-0.014572,-0.000984,0.012446,0.159632,0.157616,0.155505,0.006487,0.041222
2016-09-30,IWM,0.149401,0.002811,0.048868,-0.045971,-0.000004,0.007481,0.143860,0.159301,0.145041,0.007301,0.048937
2016-09-30,EFA,0.120481,0.002646,0.053212,-0.022155,-0.001921,0.002718,0.104607,0.125839,0.130997,0.006411,0.053282
2016-09-30,EEM,0.132350,0.003206,0.060777,-0.008278,-0.001987,0.002890,0.129601,0.139019,0.128430,0.008044,0.060874
2016-09-30,SHY,0.120425,0.003268,0.002669,-0.000482,0.010662,0.001674,0.142827,0.136686,0.081761,0.000321,0.002673
2016-09-30,IEF,0.145450,0.003450,0.014301,-0.014947,0.009088,0.004644,0.175592,0.128540,0.132217,0.002080,0.014326
2016-09-30,TLT,0.134626,0.003441,0.035387,-0.043806,0.007976,0.005910,0.175312,0.120377,0.108187,0.004764,0.035448
2016-09-30,AGG,0.139191,0.004074,0.008368,-0.008172,0.006667,0.003226,0.184676,0.128372,0.104525,0.001165,0.008385
2016-09-30,LQD,0.158002,0.002870,0.014027,-0.015286,0.006808,0.004178,0.159669,0.156447,0.157891,0.002216,0.014047
2016-09-30,HYG,0.150268,0.002698,0.021767,-0.009830,0.000869,0.004702,0.161760,0.162159,0.126886,0.003271,0.021796
2016-09-30,GLD,0.136197,0.002041,0.040960,-0.029449,0.014809,0.004914,0.144963,0.138272,0.125356,0.005579,0.041002
2016-09-30,SLV,0.127142,0.002215,0.069898,-0.067582,0.012501,0.004665,0.118485,0.143589,0.119351,0.008887,0.069975
2016-09-30,DBC,0.141830,0.003526,0.049923,-0.003331,0.000595,-0.002802,0.183341,0.143330,0.098817,0.007081,0.050011
2016-09-30,VNQ,0.156230,0.003814,0.045749,-0.057413,0.002071,0.005646,0.173372,0.152655,0.142662,0.007147,0.045836
2016-10-31,SPY,0.170299,0.002817,0.031520,0.036838,0.016807,0.007404,0.193665,0.149272,0.167960,0.005368,0.031564
2016-10-31,QQQ,0.166790,0.003664,0.037104,0.004359,0.019411,0.012446,0.174202,0.163250,0.162919,0.006189,0.037172
2016-10-31,IWM,0.129301,0.002339,0.044656,0.110633,0.016091,0.007481,0.126024,0.146723,0.115155,0.005774,0.044708
2016-10-31,EFA,0.161915,0.002784,0.045823,-0.017814,0.012612,0.002718,0.145742,0.169798,0.170204,0.007419,0.045887
2016-10-31,EEM,0.149694,0.003116,0.055500,-0.044157,0.011307,0.002890,0.131454,0.155573,0.162055,0.008308,0.055586
2016-10-31,SHY,0.136980,0.002622,0.002448,-0.004700,0.002709,0.001674,0.146717,0.165358,0.098864,0.000335,0.002451
2016-10-31,IEF,0.160476,0.003823,0.012962,-0.042272,0.016208,0.004644,0.171531,0.191162,0.118735,0.002080,0.012987
2016-10-31,TLT,0.168296,0.003352,0.033086,-0.082137,0.014886,0.005910,0.183083,0.193923,0.127881,0.005568,0.033141
2016-10-31,AGG,0.154912,0.004576,0.007841,-0.025655,0.013987,0.003226,0.176778,0.189882,0.098077,0.001215,0.007859
2016-10-31,LQD,0.168113,0.003363,0.013430,-0.031676,0.016808,0.004178,0.189341,0.197629,0.117370,0.002258,0.013453
2016-10-31,HYG,0.183540,0.003706,0.019455,0.000187,0.020508,0.004702,0.166960,0.184789,0.198873,0.003571,0.019491
2016-10-31,GLD,0.114065,0.002830,0.039973,-0.083566,-0.004109,0.004914,0.134619,0.104911,0.102666,0.004560,0.040030
2016-10-31,SLV,0.115507,0.002621,0.067745,-0.077195,-0.003421,0.004665,0.120141,0.111811,0.114570,0.007825,0.067834
2016-10-31,DBC,0.139815,0.002951,0.044681,0.016711,0.012846,-0.002802,0.145722,0.117359,0.156363,0.006247,0.044747
2016-10-31,VNQ,0.143180,0.004955,0.047112,-0.016756,0.007417,0.005646,0.179450,0.170056,0.080032,0.006745,0.047229
2016-11-30,SPY,0.096149,0.002244,0.030956,0.020272,0.006035,0.007404,0.111073,0.072628,0.104746,0.002976,0.030991
2016-11-30,QQQ,0.097156,0.004153,0.038611,0.011323,0.009350,0.012446,0.129207,0.061645,0.100615,0.003751,0.038691
2016-11-30,IWM,0.090526,0.002931,0.048435,0.028844,0.009793,0.007481,0.114829,0.066296,0.090453,0.004385,0.048506
2016-11-30,EFA,0.097845,0.002815,0.041610,0.027063,0.005525,0.002718,0.125154,0.079438,0.088943,0.004071,0.041669
2016-11-30,EEM,0.102424,0.002528,0.059673,-0.002527,-0.003773,0.002890,0.130520,0.090814,0.085939,0.006112,0.059748
2016-11-30,SHY,0.208682,0.004443,0.002516,0.000723,0.014633,0.001674,0.203513,0.250579,0.171954,0.000525,0.002522
2016-11-30,IEF,0.202170,0.003527,0.016090,-0.001185,0.014053,0.004644,0.208514,0.237287,0.160708,0.003253,0.016118
2016-11-30,TLT,0.182961,0.004406,0.040625,-0.004626,0.006534,0.005910,0.191250,0.219362,0.138273,0.007433,0.040714
2016-11-30,AGG,0.174952,0.003630,0.010265,0.002541,0.011986,0.003226,0.182580,0.211096,0.131180,0.001796,0.010284
2016-11-30,LQD,0.144719,0.003853,0.015884,0.008392,0.010889,0.004178,0.163885,0.179115,0.091156,0.002299,0.015915
2016-11-30,HYG,0.110479,0.002931,0.023187,0.018389,0.000600,0.004702,0.142103,0.101926,0.087406,0.002562,0.023221
2016-11-30,GLD,0.189532,0.002971,0.042230,-0.019150,0.013389,0.004914,0.187979,0.186115,0.194504,0.008004,0.042293
2016-11-30,SLV,0.174732,0.003026,0.071747,-0.035121,0.005858,0.004665,0.152875,0.193233,0.178088,0.012536,0.071855
2016-11-30,DBC,0.105909,0.003164,0.050607,0.041420,-0.015557,-0.002802,0.135973,0.074968,0.106786,0.005360,0.050687
2016-11-30,VNQ,0.101512,0.002573,0.049343,0.048171,0.004241,0.005646,0.121074,0.110045,0.073417,0.005009,0.049406
2016-12-30,SPY,0.180560,0.011100,0.028667,0.018297,0.013508,0.007404,0.293983,0.109234,0.138462,0.005176,0.028826
2016-12-30,QQQ,0.172235,0.010031,0.036518,0.058660,0.017864,0.012446,0.272888,0.099814,0.144003,0.006290,0.036701
2016-12-30,IWM,0.167249,0.005885,0.045519,0.002225,0.016563,0.007481,0.249139,0.129540,0.123069,0.007613,0.045653
2016-12-30,EFA,0.191250,0.008384,0.037942,0.037069,0.003073,0.002718,0.305252,0.139577,0.128921,0.007256,0.038101
2016-12-30,EEM,0.192905,0.008355,0.056300,0.067124,0.004491,0.002890,0.298520,0.154327,0.125868,0.010861,0.056535
2016-12-30,SHY,0.127056,0.003270,0.002607,0.000722,-0.000562,0.001674,0.175930,0.114019,0.091218,0.000331,0.002611
2016-12-30,IEF,0.113596,0.003230,0.015757,0.000273,0.003683,0.004644,0.153945,0.095974,0.090868,0.001790,0.015782
2016-12-30,TLT,0.116709,0.003412,0.037737,0.001909,0.006893,0.005910,0.160090,0.100977,0.089061,0.004404,0.037801
2016-12-30,AGG,0.121110,0.004319,0.010211,0.000719,0.001459,0.003226,0.177928,0.111083,0.074318,0.001237,0.010233
2016-12-30,LQD,0.116928,0.002929,0.015539,0.000218,0.000815,0.004178,0.153766,0.108664,0.088355,0.001817,0.015562
2016-12-30,HYG,0.170823,0.003946,0.020772,0.012864,0.006295,0.004702,0.223101,0.136978,0.152388,0.003548,0.020813
2016-12-30,GLD,0.170734,0.002894,0.039414,0.050999,0.008298,0.004914,0.186583,0.178632,0.146989,0.006729,0.039471
2016-12-30,SLV,0.168912,0.002835,0.069526,0.099272,0.005198,0.004665,0.199504,0.146773,0.160458,0.011744,0.069624
2016-12-30,DBC,0.169117,0.003715,0.045576,0.005051,-0.004906,-0.002802,0.212285,0.193957,0.101108,0.007708,0.045661
2016-12-30,VNQ,0.151136,0.004386,0.048976,-0.013935,0.000737,0.005646,0.230007,0.109987,0.113416,0.007402,0.049083
2017-01-31,SPY,0.103277,0.007915,0.026227,0.047202,0.009829,0.007412,0.165517,-0.009658,0.153971,0.002709,0.026331
2017-01-31,QQQ,0.103804,0.012045,0.033036,0.049851,0.012348,0.011837,0.173385,-0.030269,0.168297,0.003429,0.033234
2017-01-31,IWM,0.147815,0.004040,0.044207,0.026030,0.008800,0.007787,0.191081,0.106439,0.145924,0.006534,0.044296
2017-01-31,EFA,0.078053,0.013804,0.034400,0.015764,0.007396,0.002256,0.162398,-0.072310,0.144072,0.002685,0.034637
2017-01-31,EEM,0.096141,0.009410,0.050434,0.014997,0.007435,0.003297,0.162202,-0.022333,0.148555,0.004849,0.050671
2017-01-31,SHY,0.144656,0.005952,0.002613,-0.001481,-0.000225,0.001544,0.213100,0.124548,0.096319,0.000378,0.002621
2017-01-31,IEF,0.108984,0.005672,0.015940,-0.002646,0.005654,0.004143,0.170215,0.092248,0.064489,0.001737,0.015985
2017-01-31,TLT,0.135709,0.005587,0.036935,-0.004771,0.008229,0.005281,0.179223,0.145493,0.082409,0.005012,0.037038
2017-01-31,AGG,0.090253,0.004971,0.010176,-0.000125,0.004986,0.002977,0.162062,0.037148,0.071551,0.000918,0.010201
2017-01-31,LQD,0.102105,0.003885,0.015296,0.005679,0.007945,0.003947,0.156729,0.065065,0.084521,0.001562,0.015326
2017-01-31,HYG,0.150859,0.005842,0.018160,0.015826,0.011513,0.004944,0.183794,0.089947,0.178837,0.002740,0.018213
2017-01-31,GLD,0.125129,0.006764,0.038292,0.017568,0.001526,0.005410,0.205399,0.053443,0.116544,0.004791,0.038421
2017-01-31,SLV,0.041289,0.008580,0.065146,0.010222,-0.000971,0.005653,0.098310,-0.066455,0.092013,0.002690,0.065425
2017-01-31,DBC,0.102949,0.002307,0.042843,-0.013333,0.003546,-0.001966,0.138056,0.075874,0.094916,0.004411,0.042892
2017-01-31,VNQ,0.168984,0.005828,0.044676,0.026345,0.010793,0.005758,0.151637,0.224006,0.131308,0.007550,0.044806
2017-02-28,SPY,0.132854,0.003155,0.023750,0.000401,0.005374,0.007412,0.136227,0.110046,0.152288,0.003155,0.023787
2017-02-28,QQQ,0.100259,0.004730,0.029339,0.019267,0.009393,0.011837,0.111709,0.039404,0.149664,0.002942,0.029408
2017-02-28,IWM,0.156755,0.004048,0.041798,-0.008835,0.012514,0.007787,0.173359,0.158929,0.137977,0.006552,0.041883
2017-02-28,EFA,0.120139,0.004811,0.030342,0.037454,0.006848,0.002256,0.126640,0.076607,0.157171,0.003645,0.030415
2017-02-28,EEM,0.100338,0.004820,0.045370,0.049750,0.010279,0.003297,0.126500,0.016063,0.158450,0.004552,0.045479
2017-02-28,SHY,0.146380,0.005201,0.002599,0.000758,0.008946,0.001544,0.166459,0.195060,0.077622,0.000380,0.002606
2017-02-28,IEF,0.152841,0.008324,0.015342,0.001658,0.006254,0.004143,0.178537,0.221787,0.058200,0.002345,0.015406
2017-02-28,TLT,0.160433,0.008157,0.034951,-0.001366,0.004670,0.005281,0.177708,0.234128,0.069464,0.005607,0.035093
2017-02-28,AGG,0.131923,0.004642,0.009736,0.000553,0.003897,0.002977,0.158512,0.188356,0.048902,0.001284,0.009759
2017-02-28,LQD,0.154844,0.007898,0.014181,-0.001344,0.001996,0.003947,0.161847,0.224747,0.077937,0.002196,0.014237
2017-02-28,HYG,0.143568,0.007439,0.015803,-0.005756,-0.000199,0.004944,0.176833,0.093230,0.160642,0.002269,0.015862
2017-02-28,GLD,0.214303,0.008550,0.035112,0.000839,0.003507,0.005410,0.199890,0.306922,0.136098,0.007525,0.035262
2017-02-28,SLV,0.224972,0.009260,0.057928,-0.006909,0.003969,0.005653,0.222473,0.309398,0.143044,0.013032,0.058196
2017-02-28,DBC,0.112888,0.007539,0.038580,-0.038168,0.004672,-0.001966,0.143255,0.025540,0.169869,0.004355,0.038725
2017-02-28,VNQ,0.179416,0.007758,0.041052,-0.031798,0.004940,0.005758,0.175686,0.256168,0.106395,0.007365,0.041211
2017-03-31,SPY,0.217479,0.007975,0.023528,0.012853,0.009950,0.007412,0.293805,0.182129,0.176505,0.005117,0.023622
2017-03-31,QQQ,0.154492,0.010291,0.027372,0.038147,0.004892,0.011837,0.252335,0.038740,0.172401,0.004229,0.027512
2017-03-31,IWM,0.195151,0.011466,0.041602,0.012147,0.004871,0.007787,0.306956,0.128853,0.149645,0.008119,0.041840
2017-03-31,EFA,0.178370,0.008168,0.028606,0.033713,0.003622,0.002256,0.232554,0.130017,0.172541,0.005102,0.028723
2017-03-31,EEM,0.184091,0.004047,0.044830,0.030211,0.005031,0.003297,0.189343,0.215781,0.147148,0.008253,0.044921
2017-03-31,SHY,0.111826,0.003328,0.002669,0.001539,0.002244,0.001544,0.102784,0.149457,0.083236,0.000298,0.002673
2017-03-31,IEF,0.108041,0.001687,0.015109,0.010993,0.004609,0.004143,0.111265,0.126398,0.086460,0.001632,0.015122
2017-03-31,TLT,0.138638,0.002728,0.033326,0.012446,0.006658,0.005281,0.107818,0.172740,0.135357,0.004620,0.033371
2017-03-31,AGG,0.109178,0.002236,0.009872,0.007857,0.003742,0.002977,0.101531,0.139074,0.086927,0.001078,0.009883
2017-03-31,LQD,0.137380,0.003106,0.014398,0.011734,0.001964,0.003947,0.126144,0.176960,0.109035,0.001978,0.014420
2017-03-31,HYG,0.177333,0.005156,0.017484,0.009019,-0.004129,0.004944,0.221187,0.145515,0.165299,0.003100,0.017529
2017-03-31,GLD,0.176336,0.004269,0.033225,0.007834,0.002738,0.005410,0.167747,0.239328,0.121934,0.005859,0.033296
2017-03-31,SLV,0.209972,0.008292,0.057441,-0.076522,-0.004826,0.005653,0.181030,0.316106,0.132780,0.012061,0.057679
2017-03-31,DBC,0.184109,0.006162,0.036830,-0.035503,-0.005221,-0.001966,0.208222,0.126164,0.217940,0.006781,0.036943
2017-03-31,VNQ,0.194210,0.004549,0.039048,0.006660,-0.001207,0.005758,0.202267,0.222050,0.158313,0.007584,0.039137
2017-04-28,SPY,0.237192,0.006093,0.023033,0.014365,0.006667,0.007412,0.204149,0.302143,0.205282,0.005463,0.023103
2017-04-28,QQQ,0.261920,0.011019,0.026204,0.039341,0.003561,0.011837,0.206190,0.382751,0.196820,0.006863,0.026348
2017-04-28,IWM,0.179896,0.003163,0.041204,-0.018697,0.010980,0.007787,0.148079,0.207681,0.183927,0.007412,0.041269
2017-04-28,EFA,0.235651,0.005954,0.029963,0.034169,-0.002094,0.002256,0.223631,0.280044,0.203278,0.007061,0.030052
2017-04-28,EEM,0.267343,0.012353,0.041526,0.036445,0.000944,0.003297,0.230468,0.383750,0.187810,0.011102,0.041782
2017-04-28,SHY,0.137465,0.004589,0.002766,0.000614,0.003177,0.001544,0.111697,0.205266,0.095432,0.000380,0.002772
2017-04-28,IEF,0.119495,0.002635,0.014699,0.007798,0.005954,0.004143,0.105359,0.126903,0.126223,0.001756,0.014718
2017-04-28,TLT,0.139292,0.003411,0.032051,0.016340,0.009382,0.005281,0.115875,0.174884,0.127116,0.004464,0.032106
2017-04-28,AGG,0.122930,0.002645,0.009680,0.005861,0.003197,0.002977,0.110522,0.141324,0.116945,0.001190,0.009693
2017-04-28,LQD,0.157807,0.004661,0.013950,0.012152,0.003634,0.003947,0.129489,0.229489,0.114443,0.002201,0.013982
2017-04-28,HYG,0.225176,0.007502,0.015480,0.010428,0.003684,0.004944,0.190984,0.304396,0.180149,0.003486,0.015538
2017-04-28,GLD,0.209186,0.007354,0.031575,-0.005217,0.008064,0.005410,0.145744,0.306208,0.175606,0.006605,0.031691
2017-04-28,SLV,0.233808,0.018432,0.052972,0.010429,0.018922,0.005653,0.153874,0.383802,0.163750,0.012385,0.053458
2017-04-28,DBC,0.223474,0.007291,0.034885,-0.003378,0.010444,-0.001966,0.188566,0.303684,0.178173,0.007796,0.035012
2017-04-28,VNQ,0.159398,0.003591,0.036002,-0.007851,0.020800,0.005758,0.135277,0.211520,0.131397,0.005739,0.036067
2017-05-31,SPY,0.223825,0.003963,0.022742,0.004502,0.006393,0.007412,0.227262,0.256101,0.188111,0.005090,0.022787
2017-05-31,QQQ,0.260888,0.008186,0.028223,-0.023534,0.005208,0.011837,0.213983,0.375584,0.193097,0.007363,0.028338
2017-05-31,IWM,0.205135,0.003128,0.039105,0.035358,0.011193,0.007787,0.232335,0.187017,0.196053,0.008022,0.039166
2017-05-31,EFA,0.214713,0.004339,0.028617,0.002345,0.007408,0.002256,0.254751,0.188680,0.200707,0.006144,0.028679
2017-05-31,EEM,0.219111,0.005303,0.041572,0.004633,0.009795,0.003297,0.188591,0.266784,0.201957,0.009109,0.041682
2017-05-31,SHY,0.163782,0.004331,0.002607,-0.000781,0.001755,0.001544,0.129236,0.178877,0.183233,0.000427,0.002613
2017-05-31,IEF,0.157299,0.004050,0.013760,-0.002763,0.002555,0.004143,0.144335,0.137634,0.189928,0.002164,0.013788
2017-05-31,TLT,0.167762,0.003742,0.029525,0.010255,0.008491,0.005281,0.157171,0.180590,0.165527,0.004953,0.029580
2017-05-31,AGG,0.167002,0.003390,0.009196,0.001095,0.000166,0.002977,0.149545,0.165588,0.185874,0.001536,0.009212
2017-05-31,LQD,0.217572,0.005131,0.012917,0.005636,0.001149,0.003947,0.196190,0.229109,0.227417,0.002810,0.012950
2017-05-31,HYG,0.312450,0.008483,0.013877,-0.001053,0.002851,0.004944,0.291861,0.376633,0.268856,0.004336,0.013936
2017-05-31,GLD,0.177224,0.004637,0.031607,-0.019068,0.003484,0.005410,0.172495,0.175731,0.183448,0.005602,0.031680
2017-05-31,SLV,0.172163,0.004550,0.051670,-0.040268,0.009076,0.005653,0.162789,0.133938,0.219761,0.008896,0.051787
2017-05-31,DBC,0.117340,0.002927,0.039708,-0.029472,-0.001581,-0.001966,0.130619,0.127481,0.093920,0.004659,0.039766
2017-05-31,VNQ,0.251536,0.009086,0.033501,0.022326,0.013839,0.005758,0.194903,0.354689,0.205016,0.008427,0.033653
2017-06-30,SPY,0.138816,0.004214,0.022362,0.022829,0.014599,0.007412,0.163988,0.088626,0.163834,0.003104,0.022409
2017-06-30,QQQ,0.150464,0.003284,0.035341,0.043011,0.013366,0.011837,0.145993,0.182617,0.122782,0.005318,0.035399
2017-06-30,IWM,0.123349,0.006185,0.037921,0.010449,0.007600,0.007787,0.149983,0.045765,0.174299,0.004678,0.038038
2017-06-30,EFA,0.169444,0.005640,0.027950,0.032209,0.011133,0.002256,0.200123,0.151931,0.156278,0.004736,0.028029
2017-06-30,EEM,0.203875,0.006902,0.039134,0.061368,0.012141,0.003297,0.188571,0.281038,0.142017,0.007978,0.039269
2017-06-30,SHY,0.192324,0.014711,0.002410,0.002227,0.010584,0.001544,0.174942,0.308060,0.093971,0.000464,0.002428
2017-06-30,IEF,0.181479,0.006212,0.012999,0.006241,0.021144,0.004143,0.153395,0.273948,0.117094,0.002359,0.013039
2017-06-30,TLT,0.174071,0.004081,0.028858,0.000392,0.018011,0.005281,0.138182,0.242877,0.141153,0.005023,0.028917
2017-06-30,AGG,0.198006,0.009849,0.008547,0.006091,0.015853,0.002977,0.151991,0.312131,0.129897,0.001692,0.008589
2017-06-30,LQD,0.197713,0.007292,0.012482,0.011309,0.010593,0.003947,0.153521,0.292961,0.146657,0.002468,0.012527
2017-06-30,HYG,0.138284,0.006169,0.013516,0.011195,0.004317,0.004944,0.181359,0.048091,0.185401,0.001869,0.013558
2017-06-30,GLD,0.200526,0.006645,0.029360,0.022284,0.018492,0.005410,0.156277,0.282565,0.162737,0.005887,0.029457
2017-06-30,SLV,0.199942,0.005008,0.047389,0.005092,0.018537,0.005653,0.216697,0.204632,0.178495,0.009475,0.047508
2017-06-30,DBC,0.149910,0.007351,0.040162,0.029066,-0.011039,-0.001966,0.240837,0.104021,0.104871,0.006021,0.040309
2017-06-30,VNQ,0.159716,0.003849,0.031213,0.016941,0.015295,0.005758,0.170050,0.122997,0.186100,0.004985,0.031273
2017-07-31,SPY,0.111966,0.003005,0.020647,-0.007780,0.010846,0.007412,0.123503,0.083872,0.128523,0.002312,0.020678
2017-07-31,QQQ,0.099936,0.003235,0.033531,-0.001816,0.018248,0.011837,0.098938,0.074081,0.126790,0.003351,0.033585
2017-07-31,IWM,0.132274,0.003759,0.035169,-0.028408,0.013175,0.007787,0.185567,0.094708,0.116548,0.004652,0.035235
2017-07-31,EFA,0.105455,0.004638,0.025181,-0.006723,0.007687,0.002256,0.148782,0.034141,0.133440,0.002655,0.025239
2017-07-31,EEM,0.086177,0.005681,0.037543,0.020320,0.010325,0.003297,0.147119,0.009652,0.101762,0.003235,0.037649
2017-07-31,SHY,0.158413,0.003831,0.002274,0.001787,0.003046,0.001544,0.179613,0.191231,0.104396,0.000360,0.002278
2017-07-31,IEF,0.183431,0.005332,0.012285,0.013826,0.006802,0.004143,0.181103,0.263970,0.105219,0.002253,0.012318
2017-07-31,TLT,0.190275,0.007414,0.027673,0.031340,0.011955,0.005281,0.165841,0.291309,0.113674,0.005265,0.027775
2017-07-31,AGG,0.206230,0.009785,0.008240,0.008226,0.005281,0.002977,0.183959,0.318416,0.116314,0.001699,0.008280
2017-07-31,LQD,0.199101,0.009653,0.012318,0.004206,0.004920,0.003947,0.177955,0.307228,0.112120,0.002453,0.012377
2017-07-31,HYG,0.143265,0.005777,0.012211,-0.004766,0.004347,0.004944,0.207465,0.092215,0.130115,0.001749,0.012246
2017-07-31,GLD,0.108763,0.002513,0.028796,0.030393,0.002917,0.005410,0.119141,0.096771,0.110378,0.003132,0.028832
2017-07-31,SLV,0.114299,0.002798,0.048262,0.032704,0.001027,0.005653,0.102208,0.123276,0.117411,0.005516,0.048329
2017-07-31,DBC,0.018179,0.007976,0.039188,-0.015957,-0.008454,-0.001966,0.102264,-0.081003,0.033277,0.000712,0.039344
2017-07-31,VNQ,0.244940,0.014404,0.032413,-0.013886,0.004435,0.005758,0.181252,0.371062,0.182507,0.007939,0.032646
2017-08-31,SPY,0.131432,0.003570,0.022715,0.024576,-0.001545,0.007412,0.164874,0.115018,0.114403,0.002985,0.022756
2017-08-31,QQQ,0.110288,0.003983,0.035731,-0.002061,0.000844,0.011837,0.156600,0.069951,0.104312,0.003941,0.035802
2017-08-31,IWM,0.181992,0.004955,0.035735,0.076098,-0.003383,0.007787,0.193636,0.192818,0.159522,0.006503,0.035823
2017-08-31,EFA,0.160426,0.004267,0.024777,0.022720,0.003880,0.002256,0.152728,0.195122,0.133428,0.003975,0.024830
2017-08-31,EEM,0.145497,0.005059,0.036836,-0.000223,0.002795,0.003297,0.134620,0.166118,0.135753,0.005360,0.036929
2017-08-31,SHY,0.161962,0.003825,0.002314,-0.001122,0.000954,0.001544,0.125433,0.203603,0.156850,0.000375,0.002318
2017-08-31,IEF,0.161095,0.004629,0.011504,-0.015537,0.002401,0.004143,0.128509,0.227873,0.126902,0.001853,0.011531
2017-08-31,TLT,0.168478,0.006803,0.026012,-0.025018,0.007300,0.005281,0.123001,0.249240,0.133192,0.004382,0.026100
2017-08-31,AGG,0.174424,0.006976,0.007546,-0.005106,0.000727,0.002977,0.125730,0.242350,0.155192,0.001316,0.007572
2017-08-31,LQD,0.176639,0.006338,0.011450,0.000440,0.001320,0.003947,0.145176,0.240761,0.143980,0.002023,0.011486
2017-08-31,HYG,0.120098,0.004041,0.012414,0.005495,-0.002096,0.004944,0.152152,0.099462,0.108678,0.001491,0.012439
2017-08-31,GLD,0.166866,0.004741,0.029263,-0.040137,-0.001573,0.005410,0.125200,0.176458,0.198939,0.004883,0.029332
2017-08-31,SLV,0.133460,0.003619,0.051883,-0.058859,-0.001916,0.005653,0.110341,0.121976,0.168063,0.006924,0.051977
2017-08-31,DBC,0.113156,0.003318,0.040853,0.011258,-0.013718,-0.001966,0.090583,0.133901,0.114983,0.004623,0.040921
2017-08-31,VNQ,0.135180,0.004283,0.032063,-0.002584,0.001319,0.005758,0.150734,0.159457,0.095348,0.004334,0.032132
2017-09-29,SPY,0.117013,0.002687,0.020845,0.021972,0.003586,0.007412,0.118782,0.125082,0.107175,0.002439,0.020873
2017-09-29,QQQ,0.093843,0.002565,0.033266,0.042145,0.008728,0.011837,0.130439,0.066781,0.084308,0.003122,0.033309
2017-09-29,IWM,0.161335,0.003682,0.033978,0.000203,0.001649,0.007787,0.171786,0.172738,0.139482,0.005482,0.034040
2017-09-29,EFA,0.117107,0.002145,0.023374,0.012558,0.004265,0.002256,0.136787,0.107440,0.107093,0.002737,0.023399
2017-09-29,EEM,0.159648,0.005576,0.036106,0.023209,0.009800,0.003297,0.128575,0.228388,0.121981,0.005764,0.036207
2017-09-29,SHY,0.132742,0.004523,0.002242,-0.000320,0.013077,0.001544,0.172276,0.097851,0.128100,0.000298,0.002247
2017-09-29,IEF,0.124433,0.004545,0.012204,-0.001232,0.013883,0.004143,0.160603,0.100587,0.112110,0.001519,0.012232
2017-09-29,TLT,0.103958,0.004634,0.027777,-0.000707,0.013224,0.005281,0.144494,0.063941,0.103440,0.002888,0.027841
2017-09-29,AGG,0.134153,0.004428,0.007559,0.001619,0.013785,0.002977,0.162860,0.130625,0.108972,0.001014,0.007576
2017-09-29,LQD,0.103054,0.003131,0.011603,0.003332,0.005897,0.003947,0.138486,0.075468,0.095207,0.001196,0.011621
2017-09-29,HYG,0.180301,0.008894,0.010974,0.000622,0.000864,0.004944,0.144004,0.287865,0.109035,0.001979,0.011023
2017-09-29,GLD,0.074477,0.005625,0.030966,-0.003701,0.010277,0.005410,0.152504,-0.009093,0.080020,0.002306,0.031053
2017-09-29,SLV,0.109995,0.006034,0.050461,0.010801,0.009495,0.005653,0.167230,0.076478,0.086276,0.005550,0.050613
2017-09-29,DBC,0.188647,0.006636,0.037828,0.037013,-0.000188,-0.001966,0.170310,0.264265,0.131367,0.007136,0.037953
2017-09-29,VNQ,0.188523,0.006481,0.030560,-0.010591,0.010022,0.005758,0.206189,0.208726,0.150654,0.005761,0.030659
2017-10-31,SPY,0.089187,0.006068,0.019248,0.030566,0.006470,0.007412,0.136107,0.007751,0.123703,0.001717,0.019306
2017-10-31,QQQ,0.062209,0.004368,0.033590,0.019718,0.003214,0.011837,0.122118,-0.025266,0.089776,0.002090,0.033663
2017-10-31,IWM,0.101061,0.006824,0.031008,0.029412,0.010096,0.007787,0.159335,0.019890,0.123958,0.003134,0.031114
2017-10-31,EFA,0.153964,0.003529,0.020881,0.006893,0.003974,0.002256,0.172846,0.151567,0.137480,0.003215,0.020918
2017-10-31,EEM,0.122826,0.005752,0.035059,-0.003890,0.008506,0.003297,0.135472,0.060950,0.172055,0.004306,0.035160
2017-10-31,SHY,0.086621,0.006612,0.002629,-0.002161,0.005283,0.001544,0.143949,-0.003580,0.119495,0.000228,0.002638
2017-10-31,IEF,0.112183,0.003225,0.011375,-0.002793,0.007894,0.004143,0.125956,0.062543,0.148050,0.001276,0.011393
2017-10-31,TLT,0.115644,0.003069,0.026134,0.007431,0.006438,0.005281,0.111430,0.092169,0.143331,0.003022,0.026174
2017-10-31,AGG,0.110553,0.003605,0.007318,-0.001482,0.005667,0.002977,0.139524,0.063139,0.128995,0.000809,0.007331
2017-10-31,LQD,0.111216,0.004118,0.010768,-0.001233,0.008541,0.003947,0.127764,0.059345,0.146541,0.001198,0.010790
2017-10-31,HYG,0.129832,0.006771,0.009638,-0.003678,0.009284,0.004944,0.209689,0.045996,0.133812,0.001251,0.009671
2017-10-31,GLD,0.106744,0.004788,0.028682,0.003563,0.014528,0.005410,0.135047,0.051758,0.133427,0.003062,0.028751
2017-10-31,SLV,0.092833,0.005176,0.045811,-0.017733,0.016690,0.005653,0.103389,0.017446,0.157663,0.004253,0.045929
2017-10-31,DBC,0.124043,0.004701,0.035130,0.009369,-0.005160,-0.001966,0.173818,0.072486,0.125825,0.004358,0.035212
2017-10-31,VNQ,0.116117,0.006152,0.027282,0.026642,0.016894,0.005758,0.150414,0.045357,0.152581,0.003168,0.027366
2017-11-30,SPY,0.159474,0.004073,0.019528,0.019372,-0.003668,0.007412,0.193789,0.161027,0.123605,0.003114,0.019568
2017-11-30,QQQ,0.116394,0.003903,0.032712,0.023664,0.008370,0.011837,0.157527,0.064360,0.127296,0.003807,0.032776
2017-11-30,IWM,0.181286,0.008082,0.030879,0.005422,-0.001852,0.007787,0.195503,0.231688,0.116668,0.005598,0.031004
2017-11-30,EFA,0.170450,0.003752,0.020874,0.020984,0.001636,0.002256,0.163665,0.202273,0.145411,0.003558,0.020913
2017-11-30,EEM,0.192692,0.008860,0.037361,0.057214,0.011453,0.003297,0.127570,0.305903,0.144604,0.007199,0.037526
2017-11-30,SHY,0.171507,0.003871,0.002394,-0.000561,0.016270,0.001544,0.164988,0.175107,0.174427,0.000411,0.002399
2017-11-30,IEF,0.140690,0.004280,0.010877,-0.001474,0.015113,0.004143,0.141526,0.115107,0.165437,0.001530,0.010900
2017-11-30,TLT,0.113101,0.002740,0.026549,0.007131,0.009709,0.005281,0.120862,0.091106,0.127336,0.003003,0.026585
2017-11-30,AGG,0.175169,0.005010,0.007034,0.003281,0.012971,0.002977,0.157889,0.185964,0.181654,0.001232,0.007052
2017-11-30,LQD,0.135633,0.006029,0.010769,0.005460,0.008811,0.003947,0.178822,0.088275,0.139803,0.001461,0.010801
2017-11-30,HYG,0.192300,0.005424,0.011211,0.003376,0.000448,0.004944,0.222597,0.217371,0.136931,0.002156,0.011241
2017-11-30,GLD,0.198703,0.004537,0.028333,0.033443,0.010925,0.005410,0.176121,0.212063,0.207923,0.005630,0.028397
2017-11-30,SLV,0.176429,0.003474,0.048233,0.045132,0.008360,0.005653,0.186123,0.144654,0.198509,0.008510,0.048317
2017-11-30,DBC,0.281028,0.010290,0.034789,0.032797,0.005879,-0.001966,0.247440,0.389711,0.205932,0.009777,0.034968
2017-11-30,VNQ,0.248348,0.013278,0.026173,-0.005205,0.010123,0.005758,0.188349,0.405317,0.151379,0.006500,0.026346
2017-12-29,SPY,0.164297,0.004688,0.018490,0.056359,0.009100,0.007412,0.225636,0.136228,0.131028,0.003038,0.018533
2017-12-29,QQQ,0.154820,0.006428,0.030466,0.087571,0.017367,0.011837,0.219013,0.112240,0.133207,0.004717,0.030564
2017-12-29,IWM,0.158373,0.005791,0.030967,0.025580,0.008713,0.007787,0.237038,0.102632,0.135450,0.004904,0.031057
2017-12-29,EFA,0.166146,0.006882,0.020038,0.050206,0.001820,0.002256,0.235641,0.099577,0.163222,0.003329,0.020107
2017-12-29,EEM,0.151249,0.004226,0.035819,0.082980,0.002140,0.003297,0.211442,0.111666,0.130639,0.005418,0.035895
2017-12-29,SHY,0.110920,0.005459,0.002231,-0.002862,0.005982,0.001544,0.128375,0.044349,0.160035,0.000247,0.002237
2017-12-29,IEF,0.105130,0.004640,0.010681,-0.021503,0.004572,0.004143,0.134400,0.056105,0.124884,0.001123,0.010706
2017-12-29,TLT,0.114685,0.003753,0.028205,-0.032555,0.001061,0.005281,0.127262,0.076727,0.140066,0.003235,0.028258
2017-12-29,AGG,0.121486,0.005412,0.007084,-0.011250,0.003439,0.002977,0.141216,0.074422,0.148822,0.000861,0.007103
2017-12-29,LQD,0.118108,0.004888,0.011054,-0.012258,0.002068,0.003947,0.165049,0.066745,0.122529,0.001306,0.011081
2017-12-29,HYG,0.122278,0.005573,0.009764,0.000458,0.002018,0.004944,0.173654,0.027602,0.165578,0.001194,0.009791
2017-12-29,GLD,0.142642,0.003087,0.027058,0.032349,-0.002417,0.005410,0.148236,0.153726,0.125964,0.003860,0.027100
2017-12-29,SLV,0.132368,0.002016,0.046473,0.022514,-0.003362,0.005653,0.143519,0.141299,0.112286,0.006152,0.046520
2017-12-29,DBC,0.178599,0.002991,0.034130,0.029500,-0.006841,-0.001966,0.163808,0.223655,0.148334,0.006096,0.034181
2017-12-29,VNQ,0.123565,0.002369,0.028023,-0.042540,0.001656,0.005758,0.107649,0.149187,0.113858,0.003463,0.028056
2018-01-31,SPY,0.212807,0.003753,0.021638,-0.045477,0.011724,0.008343,0.200285,0.221347,0.216788,0.004605,0.021679
2018-01-31,QQQ,0.175161,0.003232,0.032301,-0.020130,0.014271,0.013006,0.144015,0.179434,0.202033,0.005658,0.032353
2018-01-31,IWM,0.226417,0.003763,0.031806,-0.025646,0.014923,0.008336,0.236178,0.213731,0.229343,0.007201,0.031866
2018-01-31,EFA,0.216683,0.003925,0.022392,-0.059859,0.010482,0.004011,0.203287,0.213397,0.233364,0.004852,0.022436
2018-01-31,EEM,0.179434,0.003087,0.037972,-0.056829,0.011800,0.005311,0.144163,0.203112,0.191026,0.006813,0.038031
2018-01-31,SHY,0.136381,0.003827,0.002041,-0.000095,0.014743,0.001420,0.104686,0.127028,0.177429,0.000278,0.002045
2018-01-31,IEF,0.142808,0.003857,0.010442,-0.008755,0.014825,0.003873,0.113378,0.105313,0.209732,0.001491,0.010462
2018-01-31,TLT,0.133243,0.003318,0.027801,-0.031732,0.006212,0.005129,0.099939,0.110779,0.189013,0.003704,0.027847
2018-01-31,AGG,0.140435,0.002583,0.007002,-0.010784,0.011080,0.002916,0.122223,0.110501,0.188582,0.000983,0.007011
2018-01-31,LQD,0.142062,0.003134,0.011696,-0.026475,0.007856,0.004048,0.118152,0.113110,0.194924,0.001662,0.011714
2018-01-31,HYG,0.179850,0.002646,0.009803,-0.009701,0.012828,0.005025,0.175834,0.182834,0.180883,0.001763,0.009816
2018-01-31,GLD,0.145038,0.002606,0.027291,-0.017705,0.002336,0.005266,0.141617,0.126059,0.167438,0.003958,0.027327
2018-01-31,SLV,0.147242,0.002228,0.047015,-0.048318,0.000337,0.004584,0.160780,0.121930,0.159016,0.006923,0.047067
2018-01-31,DBC,0.170876,0.006333,0.031174,-0.027485,0.005299,-0.001803,0.167090,0.116626,0.228911,0.005327,0.031273
2018-01-31,VNQ,0.155658,0.003258,0.033440,-0.076274,-0.001761,0.005738,0.109559,0.185065,0.172352,0.005205,0.033494
2018-02-28,SPY,0.137361,0.004022,0.044179,-0.027411,-0.003922,0.008343,0.074194,0.143302,0.194588,0.006068,0.044268
2018-02-28,QQQ,0.130620,0.004161,0.052412,-0.040788,-0.003304,0.013006,0.076569,0.133837,0.181454,0.006846,0.052521
2018-02-28,IWM,0.142315,0.005253,0.044446,0.012176,0.001929,0.008336,0.067972,0.139092,0.219881,0.006325,0.044563
2018-02-28,EFA,0.145000,0.003523,0.041118,-0.008397,-0.003816,0.004011,0.083773,0.139141,0.212087,0.005962,0.041190
2018-02-28,EEM,0.129731,0.002717,0.059917,0.005414,-0.006933,0.005311,0.084033,0.146624,0.158536,0.007773,0.059998
2018-02-28,SHY,0.135774,0.002254,0.002331,0.002472,0.007957,0.001420,0.154703,0.127833,0.124786,0.000316,0.002334
2018-02-28,IEF,0.122068,0.002847,0.012056,0.011558,0.004257,0.003873,0.109488,0.106585,0.150129,0.001472,0.012073
2018-02-28,TLT,0.108493,0.002278,0.029525,0.028596,0.000247,0.005129,0.094635,0.097478,0.133365,0.003203,0.029559
2018-02-28,AGG,0.126070,0.002151,0.008086,0.006712,0.004546,0.002916,0.108965,0.115633,0.153611,0.001019,0.008095
2018-02-28,LQD,0.130378,0.002488,0.012990,0.005568,0.006854,0.004048,0.112791,0.118170,0.160172,0.001694,0.013006
2018-02-28,HYG,0.150538,0.003400,0.014203,-0.002318,0.000241,0.005025,0.096219,0.162795,0.192601,0.002138,0.014227
2018-02-28,GLD,0.119840,0.002080,0.029180,0.006320,0.005825,0.005266,0.101673,0.126169,0.131679,0.003497,0.029210
2018-02-28,SLV,0.096881,0.002746,0.048803,-0.003234,0.001950,0.004584,0.081062,0.108650,0.100931,0.004728,0.048870
2018-02-28,DBC,0.189570,0.002952,0.034355,0.022892,0.001791,-0.001803,0.172324,0.195907,0.200480,0.006513,0.034406
2018-02-28,VNQ,0.106838,0.001743,0.046746,0.038907,-0.002366,0.005738,0.070309,0.123551,0.126655,0.004994,0.046787
2018-03-29,SPY,0.116639,0.002393,0.049053,0.005168,0.006791,0.008343,0.090120,0.106520,0.153278,0.005721,0.049112
2018-03-29,QQQ,0.124793,0.002721,0.061741,0.005058,0.006776,0.013006,0.081764,0.123433,0.169182,0.007705,0.061825
2018-03-29,IWM,0.116431,0.003393,0.048020,0.009813,0.007522,0.008336,0.085620,0.095698,0.167976,0.005591,0.048101
2018-03-29,EFA,0.133829,0.002495,0.040569,0.015213,0.006640,0.004011,0.118068,0.121435,0.161985,0.005429,0.040620
2018-03-29,EEM,0.122113,0.003611,0.062613,-0.028169,0.005825,0.005311,0.082988,0.107769,0.175582,0.007646,0.062726
2018-03-29,SHY,0.119911,0.003003,0.002281,-0.002349,-0.002478,0.001420,0.085793,0.145772,0.128168,0.000274,0.002284
2018-03-29,IEF,0.121975,0.002478,0.011806,-0.012765,-0.001051,0.003873,0.083904,0.122592,0.159429,0.001440,0.011821
2018-03-29,TLT,0.119305,0.002708,0.028288,-0.020881,-0.000820,0.005129,0.077770,0.123354,0.156790,0.003375,0.028326
2018-03-29,AGG,0.120192,0.002178,0.007623,-0.009410,-0.003779,0.002916,0.087113,0.117746,0.155716,0.000916,0.007631
2018-03-29,LQD,0.116950,0.002523,0.012589,-0.015660,-0.001947,0.004048,0.101636,0.100744,0.148470,0.001472,0.012605
2018-03-29,HYG,0.121168,0.002044,0.014521,0.004795,0.003560,0.005025,0.097859,0.106997,0.158649,0.001759,0.014536
2018-03-29,GLD,0.162315,0.003627,0.030325,-0.009540,0.004879,0.005266,0.117634,0.163971,0.205340,0.004922,0.030380
2018-03-29,SLV,0.135594,0.004379,0.047932,-0.001947,0.007628,0.004584,0.089604,0.126116,0.191062,0.006499,0.048037
2018-03-29,DBC,0.139969,0.003577,0.033623,0.034158,-0.002268,-0.001803,0.104183,0.133209,0.182513,0.004706,0.033683
2018-03-29,VNQ,0.100465,0.001906,0.045121,0.008215,0.006839,0.005738,0.069222,0.117612,0.114560,0.004533,0.045164
2018-04-30,SPY,0.114444,0.002221,0.048323,0.030623,0.011273,0.008343,0.082779,0.121526,0.139028,0.005530,0.048377
2018-04-30,QQQ,0.128856,0.002790,0.062836,0.057413,0.010775,0.013006,0.100165,0.134950,0.151454,0.008097,0.062924
2018-04-30,IWM,0.128038,0.002420,0.047324,0.070180,0.010906,0.008336,0.095533,0.128813,0.159768,0.006059,0.047381
2018-04-30,EFA,0.132460,0.002380,0.036528,-0.012723,0.013606,0.004011,0.110674,0.125475,0.161232,0.004839,0.036571
2018-04-30,EEM,0.162084,0.003555,0.057608,-0.025789,0.014082,0.005311,0.124647,0.143471,0.218135,0.009337,0.057710
2018-04-30,SHY,0.114996,0.002644,0.002139,0.004004,0.012113,0.001420,0.091651,0.101194,0.152142,0.000246,0.002142
2018-04-30,IEF,0.131311,0.006165,0.011389,0.010354,0.009806,0.003873,0.105467,0.066886,0.221580,0.001496,0.011424
2018-04-30,TLT,0.134624,0.005823,0.027680,0.021727,0.006618,0.005129,0.091358,0.088521,0.223993,0.003726,0.027760
2018-04-30,AGG,0.122189,0.003040,0.007391,0.007469,0.010693,0.002916,0.093348,0.083214,0.190003,0.000903,0.007402
2018-04-30,LQD,0.145880,0.004584,0.012109,0.005649,0.012487,0.004048,0.113632,0.113689,0.210320,0.001766,0.012137
2018-04-30,HYG,0.147506,0.005191,0.013464,0.001441,0.010048,0.005025,0.089456,0.144842,0.208219,0.001986,0.013499
2018-04-30,GLD,0.159314,0.004493,0.029514,-0.009792,0.012445,0.005266,0.129539,0.136214,0.212188,0.004702,0.029580
2018-04-30,SLV,0.132830,0.004613,0.048911,0.011053,0.007279,0.004584,0.095589,0.118357,0.184544,0.006497,0.049024
2018-04-30,DBC,0.133159,0.003391,0.034022,0.029613,-0.003198,-0.001803,0.116949,0.092032,0.190496,0.004530,0.034080
2018-04-30,VNQ,0.121122,0.002893,0.043594,0.040347,0.003841,0.005738,0.066509,0.125227,0.171629,0.005280,0.043657
2018-05-31,SPY,0.109922,0.005375,0.043362,0.005751,0.013844,0.008343,0.042299,0.104542,0.182923,0.004766,0.043478
2018-05-31,QQQ,0.108135,0.005516,0.055132,0.011450,0.014173,0.013006,0.033626,0.117213,0.173567,0.005962,0.055284
2018-05-31,IWM,0.131546,0.003746,0.042675,0.006144,0.010116,0.008336,0.084316,0.113998,0.196325,0.005614,0.042755
2018-05-31,EFA,0.127038,0.004076,0.035644,-0.015841,0.012302,0.004011,0.088956,0.111195,0.180965,0.004528,0.035717
2018-05-31,EEM,0.130859,0.005297,0.054505,-0.045457,0.011372,0.005311,0.083549,0.104891,0.204137,0.007132,0.054649
2018-05-31,SHY,0.123086,0.001892,0.002779,0.000432,-0.001427,0.001420,0.122138,0.112672,0.134449,0.000342,0.002782
2018-05-31,IEF,0.118254,0.003043,0.013149,0.001974,-0.001237,0.003873,0.077443,0.118300,0.159020,0.001555,0.013169
2018-05-31,TLT,0.132918,0.004925,0.029719,0.006457,-0.002585,0.005129,0.081759,0.125505,0.191490,0.003950,0.029792
2018-05-31,AGG,0.116864,0.003367,0.008589,0.001026,-0.001040,0.002916,0.067525,0.110967,0.172099,0.001004,0.008603
2018-05-31,LQD,0.130916,0.004279,0.012789,-0.004872,0.001585,0.004048,0.078696,0.118319,0.195735,0.001674,0.012816
2018-05-31,HYG,0.141960,0.003422,0.012172,0.000988,0.011470,0.005025,0.123664,0.115456,0.186760,0.001728,0.012193
2018-05-31,GLD,0.128154,0.003880,0.027295,-0.036149,0.010272,0.005266,0.073553,0.170440,0.140470,0.003498,0.027348
2018-05-31,SLV,0.137260,0.003249,0.044710,-0.020052,0.010341,0.004584,0.082900,0.155494,0.173386,0.006137,0.044783
2018-05-31,DBC,0.142454,0.003606,0.033178,-0.019412,0.004191,-0.001803,0.120230,0.137253,0.169878,0.004726,0.033238
2018-05-31,VNQ,0.080580,0.002548,0.040979,0.042022,0.000165,0.005738,0.041495,0.078601,0.121643,0.003302,0.041031
2018-06-29,SPY,0.196987,0.007114,0.038547,0.037047,0.015279,0.008343,0.135178,0.200458,0.255326,0.007593,0.038684
2018-06-29,QQQ,0.182327,0.004804,0.050845,0.027964,0.015626,0.013006,0.131779,0.178081,0.237122,0.009270,0.050967
2018-06-29,IWM,0.187657,0.005854,0.039906,0.016490,0.015297,0.008336,0.135982,0.185036,0.241953,0.007489,0.040023
2018-06-29,EFA,0.171277,0.005304,0.034315,0.028520,0.008068,0.004011,0.118138,0.167628,0.228066,0.005877,0.034406
2018-06-29,EEM,0.164997,0.003984,0.053120,0.035310,0.007451,0.005311,0.138052,0.131807,0.225133,0.008765,0.053226
2018-06-29,SHY,0.123212,0.002887,0.002612,-0.000600,0.002216,0.001420,0.085693,0.121026,0.162919,0.000322,0.002616
2018-06-29,IEF,0.132947,0.002197,0.012514,-0.005278,0.002753,0.003873,0.113009,0.127350,0.158482,0.001664,0.012528
2018-06-29,TLT,0.168219,0.002532,0.028028,-0.014368,0.000620,0.005129,0.154151,0.144864,0.205642,0.004715,0.028063
2018-06-29,AGG,0.151220,0.002608,0.007953,-0.000292,0.000024,0.002916,0.151251,0.129962,0.172447,0.001203,0.007963
2018-06-29,LQD,0.161164,0.002804,0.012277,0.013438,0.004571,0.004048,0.159686,0.126930,0.196875,0.001979,0.012294
2018-06-29,HYG,0.175043,0.003212,0.011042,0.016778,0.018078,0.005025,0.154282,0.167850,0.202999,0.001933,0.011060
2018-06-29,GLD,0.149972,0.004776,0.025793,-0.022419,0.015107,0.005266,0.107536,0.124834,0.217547,0.003868,0.025855
2018-06-29,SLV,0.155878,0.004224,0.045626,-0.035644,0.005122,0.004584,0.132601,0.136988,0.198045,0.007112,0.045722
2018-06-29,DBC,0.141478,0.006647,0.037177,-0.024321,-0.007689,-0.001803,0.075775,0.115254,0.233406,0.005260,0.037300
2018-06-29,VNQ,0.199668,0.003044,0.038176,0.006016,-0.002508,0.005738,0.158549,0.242837,0.197618,0.007623,0.038234
2018-07-31,SPY,0.121381,0.003677,0.034934,0.036078,0.006825,0.008343,0.090931,0.151187,0.122026,0.004240,0.034998
2018-07-31,QQQ,0.122085,0.003501,0.048933,0.058317,0.011336,0.013006,0.076454,0.142058,0.147743,0.005974,0.049019
2018-07-31,IWM,0.127582,0.002983,0.038502,0.039971,0.010902,0.008336,0.094698,0.145030,0.143017,0.004912,0.038559
2018-07-31,EFA,0.099513,0.002355,0.032380,-0.005081,0.001886,0.004011,0.094406,0.137683,0.066451,0.003222,0.032418
2018-07-31,EEM,0.104294,0.003234,0.051584,-0.016941,0.001682,0.005311,0.060019,0.136473,0.116390,0.005380,0.051667
2018-07-31,SHY,0.139112,0.005987,0.002287,0.002505,0.011925,0.001420,0.077593,0.136410,0.203333,0.000318,0.002294
2018-07-31,IEF,0.157637,0.005764,0.011525,0.008073,0.013040,0.003873,0.080230,0.146866,0.245816,0.001817,0.011558
2018-07-31,TLT,0.156099,0.004768,0.026821,0.013288,0.009089,0.005129,0.106220,0.140853,0.221224,0.004187,0.026885
2018-07-31,AGG,0.130258,0.003841,0.007410,0.005302,0.010765,0.002916,0.082215,0.126085,0.182476,0.000965,0.007424
2018-07-31,LQD,0.118230,0.002882,0.011538,0.000719,0.003670,0.004048,0.082254,0.125768,0.146667,0.001364,0.011555
2018-07-31,HYG,0.150747,0.003726,0.009972,0.006612,0.000087,0.005025,0.133825,0.187005,0.131410,0.001503,0.009991
2018-07-31,GLD,0.156648,0.003390,0.025735,-0.015432,0.008262,0.005266,0.129887,0.140011,0.200047,0.004031,0.025779
2018-07-31,SLV,0.155759,0.003418,0.044254,-0.050650,0.003539,0.004584,0.148283,0.131197,0.187796,0.006893,0.044330
2018-07-31,DBC,0.166570,0.004236,0.041560,0.008116,-0.007629,-0.001803,0.196786,0.119331,0.183595,0.006923,0.041648
2018-07-31,VNQ,0.139112,0.002295,0.037204,0.028314,0.002615,0.005738,0.116670,0.141222,0.159445,0.005176,0.037247
2018-08-31,SPY,0.146933,0.005572,0.030976,0.008852,0.005495,0.008343,0.097011,0.120840,0.222948,0.004551,0.031062
2018-08-31,QQQ,0.154944,0.004775,0.043244,-0.003031,0.008439,0.013006,0.134375,0.124830,0.205628,0.006700,0.043347
2018-08-31,IWM,0.169421,0.007232,0.034769,-0.046546,0.007915,0.008336,0.116573,0.134248,0.257442,0.005891,0.034895
2018-08-31,EFA,0.111912,0.003049,0.033531,0.005643,0.006483,0.004011,0.078810,0.104271,0.152655,0.003753,0.033582
2018-08-31,EEM,0.118239,0.004802,0.055010,-0.018068,0.003151,0.005311,0.064543,0.099846,0.190328,0.006504,0.055142
2018-08-31,SHY,0.145642,0.003141,0.002148,-0.001346,-0.000011,0.001420,0.104056,0.172196,0.160674,0.000313,0.002151
2018-08-31,IEF,0.151035,0.005392,0.010617,-0.012011,0.007895,0.003873,0.078083,0.181067,0.193954,0.001604,0.010646
2018-08-31,TLT,0.159882,0.007217,0.024753,-0.029880,0.011066,0.005129,0.079140,0.164713,0.235794,0.003958,0.024842
2018-08-31,AGG,0.147311,0.004390,0.006809,-0.005329,0.008336,0.002916,0.087670,0.170322,0.183940,0.001003,0.006824
2018-08-31,LQD,0.147473,0.004638,0.010711,-0.001913,0.013609,0.004048,0.081350,0.187388,0.173681,0.001580,0.010736
2018-08-31,HYG,0.182903,0.008460,0.008656,0.007336,0.003413,0.005025,0.113812,0.170765,0.264132,0.001583,0.008693
2018-08-31,GLD,0.112793,0.002088,0.028909,0.003172,0.004500,0.005266,0.116217,0.097853,0.124311,0.003261,0.028939
2018-08-31,SLV,0.132653,0.003489,0.049728,0.010256,0.005064,0.004584,0.115324,0.114098,0.168538,0.006597,0.049815
2018-08-31,DBC,0.137343,0.002240,0.039939,0.056962,-0.001845,-0.001803,0.140755,0.128330,0.142945,0.005485,0.039984
2018-08-31,VNQ,0.129998,0.007093,0.034570,-0.037863,0.009204,0.005738,0.053622,0.124921,0.211450,0.004494,0.034692
2018-09-28,SPY,0.185883,0.007702,0.027583,-0.092392,0.010595,0.008343,0.156372,0.129430,0.271848,0.005127,0.027689
2018-09-28,QQQ,0.171353,0.006215,0.040555,-0.121427,0.009650,0.013006,0.130580,0.142914,0.240566,0.006949,0.040681
2018-09-28,IWM,0.174028,0.006562,0.031868,-0.129813,0.019145,0.008336,0.122715,0.136774,0.262596,0.005546,0.031972
2018-09-28,EFA,0.150291,0.004891,0.032150,-0.098985,0.007145,0.004011,0.104112,0.116902,0.229859,0.004832,0.032229
2018-09-28,EEM,0.151641,0.007502,0.051659,-0.114632,0.003220,0.005311,0.087573,0.121217,0.246133,0.007834,0.051852
2018-09-28,SHY,0.180537,0.002693,0.002010,0.002495,0.004387,0.001420,0.150803,0.203122,0.187687,0.000363,0.002013
2018-09-28,IEF,0.145928,0.003533,0.010272,0.001624,0.008712,0.003873,0.129168,0.122795,0.185822,0.001499,0.010290
2018-09-28,TLT,0.163566,0.004097,0.024091,-0.019476,0.008752,0.005129,0.134746,0.140056,0.215897,0.003940,0.024140
2018-09-28,AGG,0.161906,0.004024,0.006842,-0.004540,0.007888,0.002916,0.149295,0.120034,0.216389,0.001108,0.006856
2018-09-28,LQD,0.189487,0.006071,0.010644,-0.015518,0.006031,0.004048,0.183895,0.127824,0.256741,0.002017,0.010676
2018-09-28,HYG,0.185987,0.007152,0.007989,-0.022092,0.000535,0.005025,0.132791,0.140983,0.284186,0.001486,0.008018
2018-09-28,GLD,0.141816,0.002883,0.027166,0.031483,0.011735,0.005266,0.104176,0.138860,0.182413,0.003853,0.027205
2018-09-28,SLV,0.107089,0.003275,0.048246,-0.010197,-0.003241,0.004584,0.057031,0.116622,0.147614,0.005167,0.048325
2018-09-28,DBC,0.121950,0.003314,0.037869,-0.038397,-0.003273,-0.001803,0.071735,0.127193,0.166922,0.004618,0.037932
2018-09-28,VNQ,0.186671,0.006990,0.035809,-0.030987,0.007479,0.005738,0.156180,0.134601,0.269230,0.006684,0.035934
2018-10-31,SPY,0.201087,0.004367,0.043465,0.018549,-0.004869,0.008343,0.218567,0.142044,0.242650,0.008740,0.043560
2018-10-31,QQQ,0.180300,0.003692,0.065570,-0.002650,-0.010847,0.013006,0.178483,0.141444,0.220973,0.011822,0.065691
2018-10-31,IWM,0.179153,0.003553,0.049493,0.017263,-0.002445,0.008336,0.194756,0.157320,0.185384,0.008867,0.049581
2018-10-31,EFA,0.173088,0.004448,0.039653,0.004963,-0.001125,0.004011,0.160059,0.145495,0.213709,0.006863,0.039741
2018-10-31,EEM,0.190192,0.004735,0.062622,0.049030,-0.003366,0.005311,0.194806,0.156096,0.219674,0.011910,0.062770
2018-10-31,SHY,0.173320,0.005806,0.002140,0.003810,0.003362,0.001420,0.144923,0.153181,0.221854,0.000371,0.002146
2018-10-31,IEF,0.186779,0.004470,0.011234,0.013301,0.004282,0.003873,0.160210,0.156412,0.243716,0.002098,0.011259
2018-10-31,TLT,0.212112,0.005807,0.025977,0.017873,0.008723,0.005129,0.194228,0.171797,0.270311,0.005510,0.026052
2018-10-31,AGG,0.224262,0.006023,0.007201,0.007715,0.007239,0.002916,0.217125,0.166927,0.288734,0.001615,0.007223
2018-10-31,LQD,0.249164,0.006414,0.011074,-0.003585,0.015657,0.004048,0.282012,0.174393,0.291085,0.002759,0.011109
2018-10-31,HYG,0.199632,0.005149,0.010473,-0.003991,0.007442,0.005025,0.247507,0.135891,0.215498,0.002091,0.010500
2018-10-31,GLD,0.149599,0.003878,0.028674,0.003387,0.008471,0.005266,0.187343,0.114826,0.146628,0.004290,0.028730
2018-10-31,SLV,0.163362,0.002794,0.045064,-0.006711,0.015760,0.004584,0.183418,0.136933,0.169736,0.007362,0.045127
2018-10-31,DBC,0.145800,0.003404,0.041231,-0.098467,0.000851,-0.001803,0.141305,0.108247,0.187847,0.006011,0.041301
2018-10-31,VNQ,0.207627,0.004830,0.044430,0.046731,-0.001565,0.005738,0.246626,0.143051,0.233206,0.009225,0.044537
2018-11-30,SPY,0.147030,0.002934,0.046721,-0.108884,0.000889,0.008343,0.118228,0.124683,0.198179,0.006869,0.046789
2018-11-30,QQQ,0.141696,0.002788,0.069914,-0.112897,-0.001726,0.013006,0.115943,0.141076,0.168069,0.009907,0.070011
2018-11-30,IWM,0.123089,0.003683,0.053352,-0.130569,0.002682,0.008336,0.090320,0.113079,0.165867,0.006567,0.053450
2018-11-30,EFA,0.167747,0.006414,0.040982,-0.063964,0.007469,0.004011,0.140097,0.114839,0.248305,0.006875,0.041113
2018-11-30,EEM,0.139336,0.003231,0.066034,-0.049961,0.004089,0.005311,0.112156,0.123879,0.181974,0.009201,0.066141
2018-11-30,SHY,0.108685,0.003704,0.002172,0.009768,-0.003217,0.001420,0.051547,0.147250,0.127259,0.000236,0.002176
2018-11-30,IEF,0.103953,0.002291,0.010653,0.038402,-0.000363,0.003873,0.071588,0.128815,0.111457,0.001107,0.010665
2018-11-30,TLT,0.115520,0.003099,0.024010,0.076219,0.005332,0.005129,0.083830,0.133700,0.129029,0.002774,0.024047
2018-11-30,AGG,0.128826,0.003453,0.006737,0.024791,0.001716,0.002916,0.105170,0.158823,0.122484,0.000868,0.006749
2018-11-30,LQD,0.158313,0.003192,0.010611,0.022206,0.015193,0.004048,0.137258,0.156895,0.180787,0.001680,0.010628
2018-11-30,HYG,0.174108,0.004025,0.013307,-0.021733,0.004056,0.005025,0.167594,0.131398,0.223332,0.002317,0.013334
2018-11-30,GLD,0.139741,0.003326,0.027016,0.059633,0.008138,0.005266,0.086527,0.174987,0.157708,0.003775,0.027061
2018-11-30,SLV,0.117075,0.003191,0.046064,0.107357,0.005620,0.004584,0.076384,0.125184,0.149656,0.005393,0.046137
2018-11-30,DBC,0.180011,0.007329,0.046295,-0.029412,0.000285,-0.001803,0.152181,0.118476,0.269377,0.008334,0.046464
2018-11-30,VNQ,0.107327,0.002184,0.040697,-0.093220,0.004859,0.005738,0.089580,0.114902,0.117499,0.004368,0.040741
2018-12-31,SPY,0.146678,0.002955,0.061121,0.080066,-0.005680,0.008343,0.111131,0.127853,0.201050,0.008965,0.061211
2018-12-31,QQQ,0.139936,0.002489,0.082881,0.090108,-0.005917,0.013006,0.118914,0.121441,0.179453,0.011598,0.082984
2018-12-31,IWM,0.140141,0.003223,0.066341,0.113219,-0.004470,0.008336,0.116043,0.118220,0.186161,0.009297,0.066448
2018-12-31,EFA,0.141445,0.003299,0.044957,0.066349,0.004570,0.004011,0.091989,0.122093,0.210255,0.006359,0.045031
2018-12-31,EEM,0.148321,0.004351,0.063595,0.103430,0.011015,0.005311,0.122006,0.120618,0.202340,0.009433,0.063733
2018-12-31,SHY,0.132018,0.003956,0.002697,0.002511,-0.006273,0.001420,0.114741,0.091204,0.190110,0.000356,0.002702
2018-12-31,IEF,0.125048,0.002064,0.011599,0.006526,-0.003088,0.003873,0.127444,0.106329,0.141372,0.001450,0.011611
2018-12-31,TLT,0.124605,0.002333,0.026131,0.003786,0.000530,0.005129,0.140251,0.107676,0.125888,0.003256,0.026161
2018-12-31,AGG,0.122087,0.001777,0.007175,0.009109,-0.004026,0.002916,0.133769,0.116881,0.115611,0.000876,0.007181
2018-12-31,LQD,0.120051,0.002169,0.010706,0.033683,0.004085,0.004048,0.140863,0.103492,0.115798,0.001285,0.010718
2018-12-31,HYG,0.121759,0.003485,0.018864,0.049445,0.003998,0.005025,0.078483,0.117873,0.168922,0.002297,0.018897
2018-12-31,GLD,0.135226,0.003785,0.027607,0.028866,0.002322,0.005266,0.085201,0.137342,0.183136,0.003733,0.027659
2018-12-31,SLV,0.139297,0.004328,0.045075,0.036501,0.003553,0.004584,0.083517,0.140433,0.193940,0.006279,0.045172
2018-12-31,DBC,0.128442,0.004653,0.049493,0.071084,0.004281,-0.001803,0.064490,0.122475,0.198362,0.006357,0.049608
2018-12-31,VNQ,0.140286,0.003922,0.055059,0.118546,-0.006808,0.005738,0.109732,0.127262,0.183862,0.007724,0.055167
2019-01-31,SPY,0.131122,0.003974,0.058629,0.035083,0.002102,0.008008,0.110017,0.112076,0.171272,0.007688,0.058745
2019-01-31,QQQ,0.129614,0.002558,0.079965,0.037227,0.003319,0.012495,0.097904,0.136846,0.154093,0.010365,0.080067
2019-01-31,IWM,0.131251,0.001990,0.063622,0.051992,0.006838,0.007639,0.099733,0.131528,0.162492,0.008350,0.063685
2019-01-31,EFA,0.154089,0.003549,0.044471,0.027122,0.002783,0.003141,0.149731,0.133019,0.179517,0.006852,0.044550
2019-01-31,EEM,0.131819,0.002451,0.061907,-0.012761,0.005810,0.004327,0.142111,0.122373,0.130974,0.008161,0.061983
2019-01-31,SHY,0.087662,0.002919,0.003104,0.000429,-0.005776,0.001356,0.069632,0.143632,0.049721,0.000272,0.003109
2019-01-31,IEF,0.074988,0.003399,0.012688,-0.005456,-0.004481,0.003441,0.071926,0.115753,0.037284,0.000951,0.012710
2019-01-31,TLT,0.079451,0.003661,0.025719,-0.015221,-0.003061,0.004316,0.079886,0.117917,0.040552,0.002043,0.025766
2019-01-31,AGG,0.080031,0.002862,0.007418,-0.001540,-0.007475,0.002599,0.075339,0.131581,0.033174,0.000594,0.007429
2019-01-31,LQD,0.089805,0.002939,0.011330,-0.001538,-0.006355,0.003358,0.092449,0.110202,0.066765,0.001017,0.011347
2019-01-31,HYG,0.111999,0.002296,0.020548,0.013474,-0.000047,0.004579,0.097499,0.130693,0.107805,0.002301,0.020572
2019-01-31,GLD,0.128922,0.005950,0.027040,-0.025571,-0.001510,0.004814,0.189983,0.150037,0.046747,0.003486,0.027120
2019-01-31,SLV,0.131598,0.003202,0.043543,-0.059801,-0.003124,0.003549,0.165792,0.141694,0.087308,0.005730,0.043613
2019-01-31,DBC,0.105544,0.002195,0.046486,0.019974,0.007471,-0.001607,0.118095,0.112405,0.086131,0.004906,0.046537
2019-01-31,VNQ,0.123268,0.002980,0.052018,0.008392,0.002815,0.005377,0.079986,0.142841,0.146979,0.006412,0.052095
2019-02-28,SPY,0.130817,0.002129,0.051291,0.018101,0.008512,0.008008,0.128957,0.144582,0.118910,0.006710,0.051346
2019-02-28,QQQ,0.130378,0.002216,0.069466,0.039246,0.010674,0.012495,0.124353,0.136198,0.130583,0.009057,0.069543
2019-02-28,IWM,0.130668,0.002655,0.056418,-0.020933,0.010316,0.007639,0.106456,0.140050,0.145498,0.007372,0.056493
2019-02-28,EFA,0.133549,0.002481,0.040495,0.009180,0.004183,0.003141,0.123352,0.171706,0.105589,0.005408,0.040545
2019-02-28,EEM,0.177862,0.002132,0.056238,0.011310,0.012518,0.004327,0.181972,0.180689,0.170925,0.010003,0.056298
2019-02-28,SHY,0.099785,0.004013,0.002976,0.006269,0.002970,0.001356,0.084875,0.161597,0.052883,0.000297,0.002982
2019-02-28,IEF,0.097199,0.003925,0.012530,0.026552,0.009757,0.003441,0.081471,0.154013,0.056112,0.001218,0.012555
2019-02-28,TLT,0.105603,0.003228,0.025302,0.055717,0.009792,0.004316,0.090777,0.158577,0.067455,0.002672,0.025343
2019-02-28,AGG,0.119282,0.002174,0.007282,0.021226,0.009111,0.002599,0.119227,0.155999,0.082621,0.000869,0.007290
2019-02-28,LQD,0.130817,0.003167,0.010989,0.029290,0.005825,0.003358,0.153258,0.147746,0.091447,0.001438,0.011006
2019-02-28,HYG,0.138984,0.003138,0.018054,0.012909,0.000748,0.004579,0.124999,0.171234,0.120718,0.002509,0.018082
2019-02-28,GLD,0.144264,0.002320,0.027179,-0.015969,0.010236,0.004814,0.151661,0.152079,0.129053,0.003921,0.027211
2019-02-28,SLV,0.152400,0.003827,0.042345,-0.030759,0.010116,0.003549,0.160781,0.154995,0.141425,0.006453,0.042426
2019-02-28,DBC,0.160046,0.002496,0.043060,-0.003759,0.001985,-0.001607,0.185344,0.159809,0.134985,0.006892,0.043114
2019-02-28,VNQ,0.148204,0.002208,0.045965,0.042165,0.009928,0.005377,0.136045,0.175674,0.132893,0.006812,0.046016
2019-03-29,SPY,0.132614,0.001917,0.046641,0.040852,-0.002165,0.008008,0.141089,0.144456,0.112296,0.006185,0.046686
2019-03-29,QQQ,0.137919,0.002904,0.062338,0.054993,0.000343,0.012495,0.161507,0.152006,0.100245,0.008598,0.062428
2019-03-29,IWM,0.154150,0.002643,0.055693,0.033967,-0.003167,0.007639,0.185754,0.155777,0.120920,0.008585,0.055767
2019-03-29,EFA,0.167391,0.002535,0.037696,0.029294,0.000465,0.003141,0.172544,0.179130,0.150500,0.006310,0.037744
2019-03-29,EEM,0.149200,0.002976,0.054266,0.023532,0.002695,0.004327,0.145855,0.189627,0.112117,0.008096,0.054347
2019-03-29,SHY,0.165936,0.004960,0.003022,0.001834,-0.000633,0.001356,0.157958,0.229909,0.109942,0.000501,0.003029
2019-03-29,IEF,0.144760,0.003783,0.012915,-0.005185,0.002992,0.003441,0.115897,0.214500,0.103885,0.001870,0.012939
2019-03-29,TLT,0.142459,0.003443,0.026525,-0.019911,0.002053,0.004316,0.132831,0.185098,0.109447,0.003779,0.026571
2019-03-29,AGG,0.156790,0.006211,0.007831,-0.002003,-0.002306,0.002599,0.125111,0.242309,0.102950,0.001228,0.007855
2019-03-29,LQD,0.143946,0.006765,0.011364,0.004364,-0.002519,0.003358,0.122114,0.224142,0.085581,0.001636,0.011402
2019-03-29,HYG,0.146203,0.002430,0.015928,0.009862,-0.003027,0.004579,0.156851,0.153970,0.127788,0.002329,0.015947
2019-03-29,GLD,0.156993,0.004894,0.028862,-0.006639,0.008644,0.004814,0.140287,0.230205,0.100488,0.004531,0.028933
2019-03-29,SLV,0.163814,0.003265,0.044752,-0.011283,0.005724,0.003549,0.162136,0.205839,0.123468,0.007331,0.044825
2019-03-29,DBC,0.132647,0.002726,0.038098,0.011950,0.004160,-0.001607,0.146078,0.123544,0.128320,0.005054,0.038150
2019-03-29,VNQ,0.156210,0.006717,0.041908,-0.001611,0.000875,0.005377,0.187181,0.218713,0.062735,0.006546,0.042049
2019-04-30,SPY,0.144633,0.003939,0.040274,-0.050983,0.003905,0.008008,0.132986,0.195465,0.105447,0.005825,0.040353
2019-04-30,QQQ,0.149180,0.005428,0.053688,-0.067374,0.011526,0.012495,0.164023,0.214651,0.068867,0.008009,0.053834
2019-04-30,IWM,0.129191,0.003529,0.050127,-0.065449,0.011262,0.007639,0.131036,0.172031,0.084506,0.006476,0.050215
2019-04-30,EFA,0.115037,0.005934,0.033357,-0.041642,0.006715,0.003141,0.111240,0.187588,0.046282,0.003837,0.033456
2019-04-30,EEM,0.107812,0.005769,0.048254,-0.076485,0.016953,0.004327,0.128750,0.177987,0.016698,0.005202,0.048393
2019-04-30,SHY,0.138198,0.003337,0.002842,0.005073,-0.004368,0.001356,0.140385,0.173954,0.100254,0.000393,0.002847
2019-04-30,IEF,0.124681,0.002604,0.012699,0.023674,0.003009,0.003441,0.134534,0.164203,0.075305,0.001583,0.012716
2019-04-30,TLT,0.143003,0.003373,0.026075,0.055182,0.004771,0.004316,0.140509,0.194361,0.094139,0.003729,0.026119
2019-04-30,AGG,0.157705,0.007383,0.007726,0.014400,0.002897,0.002599,0.177322,0.226515,0.069279,0.001218,0.007754
2019-04-30,LQD,0.163029,0.005297,0.011363,0.014150,0.004727,0.003358,0.168594,0.237322,0.083171,0.001852,0.011393
2019-04-30,HYG,0.136976,0.003604,0.013973,-0.012175,0.002919,0.004579,0.127085,0.193984,0.089859,0.001914,0.013998
2019-04-30,GLD,0.109798,0.001776,0.026655,0.004043,0.007367,0.004814,0.119632,0.119961,0.089802,0.002927,0.026679
2019-04-30,SLV,0.139450,0.002268,0.040387,-0.029957,0.014058,0.003549,0.158776,0.132752,0.126821,0.005632,0.040433
2019-04-30,DBC,0.135379,0.005673,0.033919,-0.034183,0.009144,-0.001607,0.207148,0.138778,0.060211,0.004592,0.034015
2019-04-30,VNQ,0.184360,0.003197,0.041374,-0.004379,0.004410,0.005377,0.188165,0.194527,0.170388,0.007628,0.041440
2019-05-31,SPY,0.201266,0.003695,0.041232,0.079297,0.010050,0.008008,0.190978,0.205279,0.207540,0.008299,0.041308
2019-05-31,QQQ,0.202528,0.004518,0.054805,0.090420,0.010886,0.012495,0.202985,0.194668,0.209931,0.011100,0.054929
2019-05-31,IWM,0.146220,0.002172,0.052493,0.073977,0.009849,0.007639,0.136969,0.171356,0.130334,0.007676,0.052550
2019-05-31,EFA,0.198347,0.003232,0.036486,0.064112,0.005593,0.003141,0.183649,0.198084,0.213307,0.007237,0.036545
2019-05-31,EEM,0.203228,0.006654,0.050782,0.074701,0.001017,0.004327,0.196055,0.159695,0.253935,0.010320,0.050951
2019-05-31,SHY,0.096030,0.003137,0.003194,0.003969,-0.006790,0.001356,0.085915,0.138529,0.063645,0.000307,0.003199
2019-05-31,IEF,0.112176,0.002404,0.013269,0.010899,-0.002026,0.003441,0.107762,0.144757,0.084009,0.001488,0.013285
2019-05-31,TLT,0.119535,0.002635,0.026452,0.007140,0.001243,0.004316,0.109752,0.142979,0.105875,0.003162,0.026487
2019-05-31,AGG,0.127472,0.002627,0.007843,0.011732,-0.004620,0.002599,0.132760,0.162976,0.086681,0.001000,0.007853
2019-05-31,LQD,0.158507,0.003290,0.011128,0.034424,-0.002105,0.003358,0.142589,0.197129,0.135803,0.001764,0.011146
2019-05-31,HYG,0.179430,0.002736,0.014666,0.031855,0.015024,0.004579,0.182946,0.182646,0.172697,0.002632,0.014686
2019-05-31,GLD,0.123364,0.002865,0.026232,0.059110,0.000080,0.004814,0.113458,0.138346,0.118289,0.003236,0.026270
2019-05-31,SLV,0.145925,0.002427,0.039176,0.038828,0.011662,0.003549,0.153763,0.147071,0.136940,0.005717,0.039224
2019-05-31,DBC,0.172533,0.004019,0.039907,0.038995,0.006245,-0.001607,0.180627,0.200320,0.136651,0.006885,0.039987
2019-05-31,VNQ,0.125989,0.002396,0.039340,0.015078,0.007771,0.005377,0.115223,0.150276,0.112467,0.004956,0.039387
2019-06-28,SPY,0.144586,0.003520,0.038916,0.026348,0.011677,0.008008,0.129715,0.193581,0.110463,0.005627,0.038984
2019-06-28,QQQ,0.137488,0.002353,0.053710,0.037699,0.013414,0.012495,0.137435,0.169815,0.105213,0.007384,0.053773
2019-06-28,IWM,0.161870,0.003571,0.050493,0.015048,0.014300,0.007639,0.165330,0.206296,0.113982,0.008173,0.050583
2019-06-28,EFA,0.157515,0.004617,0.034682,-0.012932,0.007743,0.003141,0.145106,0.235240,0.092198,0.005463,0.034762
2019-06-28,EEM,0.145973,0.004021,0.048890,-0.014449,0.006509,0.004327,0.148383,0.208477,0.081058,0.007137,0.048988
2019-06-28,SHY,0.116178,0.005529,0.003483,-0.000520,-0.001137,0.001356,0.079298,0.196467,0.072769,0.000405,0.003493
2019-06-28,IEF,0.099991,0.002881,0.013161,-0.002167,0.001292,0.003441,0.067535,0.155557,0.076881,0.001316,0.013180
2019-06-28,TLT,0.108096,0.002511,0.026637,-0.005432,0.001666,0.004316,0.074199,0.147604,0.102486,0.002879,0.026670
2019-06-28,AGG,0.107424,0.004173,0.008142,0.001369,0.000864,0.002599,0.076186,0.163805,0.082280,0.000875,0.008159
2019-06-28,LQD,0.108100,0.003237,0.012853,0.001653,0.002011,0.003358,0.071025,0.161535,0.091740,0.001389,0.012874
2019-06-28,HYG,0.144992,0.003807,0.015236,0.003295,0.006614,0.004579,0.151116,0.187376,0.096485,0.002209,0.015265
2019-06-28,GLD,0.084696,0.003744,0.030824,0.013363,0.001649,0.004814,0.077556,0.146891,0.029640,0.002611,0.030882
2019-06-28,SLV,0.111973,0.005028,0.039560,0.081647,0.001713,0.003549,0.094675,0.183282,0.057962,0.004430,0.039659
2019-06-28,DBC,0.088348,0.004468,0.041313,-0.005086,0.002590,-0.001607,0.057015,0.161673,0.046356,0.003650,0.041405
2019-06-28,VNQ,0.185797,0.003308,0.040462,0.021053,0.016832,0.005377,0.164071,0.222747,0.170572,0.007518,0.040529
2019-07-31,SPY,0.145907,0.004093,0.034962,-0.016306,0.018558,0.008008,0.105445,0.169424,0.162851,0.005101,0.035033
2019-07-31,QQQ,0.145640,0.003345,0.048223,-0.016640,0.022514,0.012495,0.113065,0.174113,0.149741,0.007023,0.048304
2019-07-31,IWM,0.133367,0.003240,0.046270,-0.047585,0.012261,0.007639,0.107407,0.164377,0.128318,0.006171,0.046345
2019-07-31,EFA,0.145617,0.004157,0.031622,-0.023119,0.017577,0.003141,0.100922,0.195497,0.140434,0.004605,0.031688
2019-07-31,EEM,0.142255,0.006190,0.043010,-0.045248,0.019621,0.004327,0.100439,0.222290,0.104035,0.006118,0.043143
2019-07-31,SHY,0.182383,0.002577,0.003448,0.007462,0.005276,0.001356,0.187745,0.210401,0.149004,0.000629,0.003452
2019-07-31,IEF,0.196352,0.003953,0.012606,0.039243,0.001530,0.003441,0.207505,0.253095,0.128455,0.002475,0.012631
2019-07-31,TLT,0.184302,0.004254,0.026874,0.110189,0.000446,0.004316,0.188793,0.236392,0.127722,0.004953,0.026931
2019-07-31,AGG,0.177664,0.004545,0.007923,0.026927,0.002893,0.002599,0.178506,0.243599,0.110889,0.001408,0.007941
2019-07-31,LQD,0.147490,0.005590,0.013218,0.039022,0.003191,0.003358,0.127926,0.222091,0.092452,0.001950,0.013255
2019-07-31,HYG,0.113124,0.003906,0.013601,0.007821,0.010703,0.004579,0.095042,0.146808,0.097523,0.001539,0.013628
2019-07-31,GLD,0.120926,0.003136,0.036873,0.081901,0.002946,0.004814,0.123429,0.169445,0.069905,0.004459,0.036931
2019-07-31,SLV,0.106353,0.002800,0.044872,0.122288,-0.002585,0.003549,0.076440,0.159812,0.082807,0.004772,0.044935
2019-07-31,DBC,0.116150,0.003974,0.039687,-0.030868,0.007809,-0.001607,0.084980,0.179116,0.084355,0.004610,0.039766
2019-07-31,VNQ,0.135040,0.004478,0.038478,0.036674,0.009067,0.005377,0.078640,0.169224,0.157255,0.005196,0.038564
2019-08-30,SPY,0.114787,0.003221,0.046190,0.007331,-0.007719,0.008008,0.068514,0.156798,0.119049,0.005302,0.046264
2019-08-30,QQQ,0.126234,0.003672,0.057689,0.000948,-0.005946,0.012495,0.075019,0.167530,0.136152,0.007282,0.057795
2019-08-30,IWM,0.105713,0.002445,0.055520,0.000346,-0.005623,0.007639,0.094773,0.144930,0.077435,0.005869,0.055588
2019-08-30,EFA,0.137271,0.003348,0.037043,0.021516,-0.007831,0.003141,0.097290,0.169410,0.145113,0.005085,0.037105
2019-08-30,EEM,0.136476,0.004303,0.050151,0.009704,-0.009076,0.004327,0.083976,0.165896,0.159557,0.006844,0.050259
2019-08-30,SHY,0.145907,0.003403,0.003996,-0.000222,0.001721,0.001356,0.124425,0.203354,0.109943,0.000583,0.004003
2019-08-30,IEF,0.136171,0.003263,0.015643,-0.009124,0.003536,0.003441,0.120466,0.194444,0.093602,0.002130,0.015669
2019-08-30,TLT,0.114817,0.002980,0.036735,-0.023868,0.007495,0.004316,0.097441,0.165273,0.081739,0.004218,0.036790
2019-08-30,AGG,0.123245,0.004001,0.009788,-0.004317,0.001243,0.002599,0.090969,0.179619,0.099148,0.001206,0.009808
2019-08-30,LQD,0.126005,0.003232,0.014430,-0.006419,0.004905,0.003358,0.092961,0.169531,0.115522,0.001818,0.014453
2019-08-30,HYG,0.155828,0.004122,0.015400,0.002076,0.000317,0.004579,0.124765,0.183639,0.159078,0.002400,0.015432
2019-08-30,GLD,0.126605,0.004075,0.039264,-0.028661,0.008771,0.004814,0.087243,0.199035,0.093538,0.004971,0.039344
2019-08-30,SLV,0.123791,0.003392,0.051833,-0.058309,-0.002688,0.003549,0.090156,0.194739,0.086479,0.006416,0.051921
2019-08-30,DBC,0.130357,0.002248,0.042471,0.013486,0.006487,-0.001607,0.135219,0.139620,0.116231,0.005536,0.042519
2019-08-30,VNQ,0.114491,0.002340,0.039372,0.009652,0.003211,0.005377,0.099475,0.127915,0.116084,0.004508,0.039418
2019-09-30,SPY,0.093736,0.003750,0.040975,0.021700,0.011543,0.008008,0.090810,0.146061,0.044339,0.003841,0.041052
2019-09-30,QQQ,0.094338,0.003452,0.052973,0.038292,0.011893,0.012495,0.069913,0.166082,0.047018,0.004997,0.053064
2019-09-30,IWM,0.078572,0.002972,0.052734,0.036408,0.011989,0.007639,0.056714,0.130792,0.048212,0.004143,0.052812
2019-09-30,EFA,0.085541,0.003716,0.033514,0.032050,0.006769,0.003141,0.084396,0.142750,0.029476,0.002867,0.033576
2019-09-30,EEM,0.076992,0.004968,0.045631,0.045510,0.011817,0.004327,0.053302,0.149873,0.027802,0.003513,0.045744
2019-09-30,SHY,0.123157,0.002980,0.004123,0.000767,0.002803,0.001356,0.127169,0.152003,0.090298,0.000508,0.004129
2019-09-30,IEF,0.148030,0.003105,0.017023,-0.009252,0.004118,0.003441,0.154215,0.179876,0.109998,0.002520,0.017049
2019-09-30,TLT,0.164209,0.003785,0.040571,-0.038367,0.001114,0.004316,0.154718,0.208400,0.129508,0.006662,0.040648
2019-09-30,AGG,0.145811,0.003429,0.010804,-0.004649,0.004092,0.002599,0.135700,0.203395,0.098340,0.001575,0.010823
2019-09-30,LQD,0.140579,0.004147,0.016606,-0.005144,0.003001,0.003358,0.139246,0.212729,0.069761,0.002334,0.016640
2019-09-30,HYG,0.078379,0.003543,0.013564,0.004607,0.010277,0.004579,0.078977,0.123490,0.032671,0.001063,0.013588
2019-09-30,GLD,0.159160,0.003338,0.041250,0.009937,0.011996,0.004814,0.122402,0.200478,0.154600,0.006565,0.041319
2019-09-30,SLV,0.092343,0.002821,0.076572,0.045854,-0.006202,0.003549,0.062255,0.149098,0.065677,0.007071,0.076680
2019-09-30,DBC,0.062180,0.002501,0.048044,0.031915,0.003087,-0.001607,0.062628,0.103234,0.020678,0.002987,0.048104
2019-09-30,VNQ,0.141565,0.005013,0.036642,0.009437,0.005456,0.005377,0.181816,0.152266,0.090614,0.005187,0.036734
2019-10-31,SPY,0.077327,0.003262,0.039046,0.027396,0.006869,0.008008,0.039539,0.124809,0.067632,0.003019,0.039110
2019-10-31,QQQ,0.074982,0.002676,0.049549,0.030039,0.008717,0.012495,0.038094,0.113134,0.073717,0.003715,0.049615
2019-10-31,IWM,0.081633,0.004033,0.048380,0.030492,0.007355,0.007639,0.044954,0.143349,0.056597,0.003949,0.048477
2019-10-31,EFA,0.069504,0.002517,0.033710,0.006081,0.002711,0.003141,0.024562,0.106497,0.077452,0.002343,0.033752
2019-10-31,EEM,0.106169,0.003091,0.041956,-0.001174,0.006680,0.004327,0.071114,0.140099,0.107294,0.004454,0.042021
2019-10-31,SHY,0.133652,0.002053,0.003994,-0.000779,0.000830,0.001356,0.143440,0.142296,0.115221,0.000534,0.003998
2019-10-31,IEF,0.136458,0.002282,0.016836,-0.010438,0.003409,0.003441,0.155366,0.141748,0.112260,0.002297,0.016855
2019-10-31,TLT,0.126106,0.002187,0.039328,-0.017350,0.004966,0.004316,0.146022,0.131334,0.100962,0.004960,0.039371
2019-10-31,AGG,0.130182,0.002103,0.010545,-0.001446,0.003620,0.002599,0.134722,0.147114,0.108709,0.001373,0.010556
2019-10-31,LQD,0.117983,0.001406,0.015706,0.000389,0.004170,0.003358,0.107961,0.133810,0.112178,0.001853,0.015717
2019-10-31,HYG,0.078412,0.003298,0.012537,0.004995,0.012548,0.004579,0.028927,0.128841,0.077468,0.000983,0.012558
2019-10-31,GLD,0.136872,0.002929,0.037330,-0.032577,0.007292,0.004814,0.115965,0.171457,0.123194,0.005109,0.037385
2019-10-31,SLV,0.128606,0.003749,0.067679,-0.066194,0.010176,0.003549,0.086782,0.187586,0.111451,0.008704,0.067806
2019-10-31,DBC,0.060320,0.002136,0.041944,-0.002609,0.007904,-0.001607,0.045524,0.095516,0.039919,0.002530,0.041989
2019-10-31,VNQ,0.123813,0.002869,0.032919,-0.027996,0.010529,0.005377,0.103516,0.150626,0.117295,0.004076,0.032966
2019-11-29,SPY,0.157545,0.002344,0.034218,0.029056,0.009917,0.008008,0.143424,0.175307,0.153905,0.005391,0.034258
2019-11-29,QQQ,0.159839,0.002812,0.043416,0.038864,0.015507,0.012495,0.169333,0.181878,0.128307,0.006940,0.043477
2019-11-29,IWM,0.166694,0.004547,0.044457,0.027865,0.005025,0.007639,0.129962,0.215511,0.154608,0.007411,0.044558
2019-11-29,EFA,0.170249,0.004380,0.030211,0.029954,0.009038,0.003141,0.133109,0.228738,0.148901,0.005143,0.030277
2019-11-29,EEM,0.176602,0.003615,0.039755,0.077302,0.011044,0.004327,0.171301,0.202224,0.156281,0.007021,0.039827
2019-11-29,SHY,0.133672,0.002099,0.003605,0.001551,0.003416,0.001356,0.144155,0.132483,0.124378,0.000482,0.003609
2019-11-29,IEF,0.119716,0.001563,0.016110,-0.009280,0.005887,0.003441,0.120705,0.130561,0.107881,0.001929,0.016123
2019-11-29,TLT,0.103216,0.002097,0.037747,-0.031975,0.004374,0.004316,0.109777,0.122315,0.077557,0.003896,0.037787
2019-11-29,AGG,0.128102,0.002648,0.010038,-0.000468,0.005880,0.002599,0.142121,0.139568,0.102616,0.001286,0.010051
2019-11-29,LQD,0.118929,0.002262,0.015504,0.005273,0.004726,0.003358,0.123862,0.149864,0.083061,0.001844,0.015522
2019-11-29,HYG,0.180986,0.004511,0.011721,0.019113,0.006262,0.004579,0.172795,0.211531,0.158631,0.002121,0.011747
2019-11-29,GLD,0.173788,0.003001,0.034805,0.036559,0.009614,0.004814,0.178467,0.204075,0.138822,0.006049,0.034857
2019-11-29,SLV,0.185592,0.004251,0.062544,0.047739,0.013181,0.003549,0.182623,0.227278,0.146876,0.011608,0.062677
2019-11-29,DBC,0.136666,0.002978,0.041312,0.058492,0.006047,-0.001607,0.103184,0.196798,0.110016,0.005646,0.041373
2019-11-29,VNQ,0.118676,0.002340,0.033418,0.007690,0.003354,0.005377,0.146413,0.122281,0.087334,0.003966,0.033457
2019-12-31,SPY,0.145083,0.002868,0.030890,-0.000404,0.004206,0.008008,0.161688,0.145078,0.128482,0.004482,0.030934
2019-12-31,QQQ,0.163856,0.003985,0.038984,0.030384,0.007497,0.012495,0.184448,0.140256,0.166865,0.006388,0.039062
2019-12-31,IWM,0.155218,0.002719,0.039025,-0.031026,0.005799,0.007639,0.191149,0.159344,0.115161,0.006057,0.039078
2019-12-31,EFA,0.136769,0.002941,0.028553,-0.028226,0.001913,0.003141,0.143311,0.150471,0.116526,0.003905,0.028595
2019-12-31,EEM,0.143105,0.003959,0.037343,-0.061511,0.003300,0.004327,0.169914,0.144802,0.114599,0.005344,0.037417
2019-12-31,SHY,0.203695,0.007096,0.003332,0.005790,0.000532,0.001356,0.155776,0.286465,0.168843,0.000679,0.003344
2019-12-31,IEF,0.172288,0.007033,0.016219,0.034658,0.008261,0.003441,0.122051,0.254302,0.140511,0.002794,0.016276
2019-12-31,TLT,0.165338,0.005869,0.037709,0.076912,0.009923,0.004316,0.109480,0.250709,0.135827,0.006235,0.037819
2019-12-31,AGG,0.179746,0.006106,0.009794,0.020290,0.007965,0.002599,0.152419,0.250417,0.136403,0.001760,0.009824
2019-12-31,LQD,0.189597,0.004752,0.014939,0.024461,0.006022,0.003358,0.162020,0.258402,0.148370,0.002832,0.014974
2019-12-31,HYG,0.114952,0.002559,0.010574,-0.004662,0.002300,0.004579,0.096772,0.138871,0.109213,0.001216,0.010588
2019-12-31,GLD,0.167685,0.005916,0.031281,0.044997,0.001898,0.004814,0.124985,0.246626,0.131445,0.005245,0.031373
2019-12-31,SLV,0.159109,0.004951,0.058335,0.008393,0.007209,0.003549,0.120020,0.252359,0.104948,0.009282,0.058479
2019-12-31,DBC,0.147995,0.002642,0.037101,-0.085893,0.001484,-0.001607,0.153320,0.132366,0.158299,0.005491,0.037150
2019-12-31,VNQ,0.150273,0.002669,0.033311,0.012286,-0.000761,0.005377,0.141966,0.141214,0.167640,0.005006,0.033355
2020-01-31,SPY,0.164920,0.004241,0.032308,-0.066795,0.016518,0.008423,0.151581,0.217890,0.125289,0.005328,0.032376
2020-01-31,QQQ,0.171872,0.004077,0.040315,-0.043776,0.015426,0.012963,0.162963,0.227825,0.124828,0.006929,0.040397
2020-01-31,IWM,0.161184,0.003173,0.038135,-0.078365,0.018111,0.007634,0.175196,0.168351,0.140007,0.006147,0.038195
2020-01-31,EFA,0.152969,0.003560,0.031137,-0.073355,0.014421,0.003637,0.139342,0.205039,0.114527,0.004763,0.031192
2020-01-31,EEM,0.119164,0.002852,0.047464,-0.023510,0.009523,0.004432,0.111027,0.159804,0.086660,0.005656,0.047532
2020-01-31,SHY,0.123034,0.005370,0.003109,0.012360,-0.005984,0.001488,0.171867,0.109678,0.087556,0.000383,0.003117
2020-01-31,IEF,0.108630,0.003688,0.016014,0.040870,-0.000819,0.003846,0.146266,0.109203,0.070421,0.001740,0.016044
2020-01-31,TLT,0.098352,0.002987,0.037765,0.074853,0.002481,0.005201,0.128076,0.110531,0.056451,0.003714,0.037821
2020-01-31,AGG,0.124583,0.002907,0.009325,0.022407,-0.002056,0.003017,0.155698,0.122388,0.095662,0.001162,0.009339
2020-01-31,LQD,0.126471,0.003830,0.013916,0.021412,-0.000824,0.004174,0.143105,0.126327,0.109979,0.001760,0.013943
2020-01-31,HYG,0.158632,0.004601,0.011998,-0.009669,0.013442,0.004949,0.171230,0.190871,0.113794,0.001903,0.012026
2020-01-31,GLD,0.078603,0.002665,0.030232,0.030536,-0.000166,0.005397,0.084237,0.105309,0.046263,0.002376,0.030272
2020-01-31,SLV,0.053954,0.001913,0.057600,-0.047562,0.004547,0.004439,0.060990,0.065633,0.035239,0.003108,0.057655
2020-01-31,DBC,0.101026,0.002326,0.037958,-0.043210,0.006873,-0.000949,0.131352,0.112167,0.059559,0.003835,0.038002
2020-01-31,VNQ,0.125759,0.002779,0.033175,-0.032791,0.010710,0.005827,0.156075,0.126579,0.094623,0.004172,0.033221
2020-02-28,SPY,0.132164,0.002232,0.048652,-0.111629,0.010787,0.008423,0.110421,0.172808,0.113262,0.006430,0.048706
2020-02-28,QQQ,0.140450,0.003757,0.057486,-0.064873,0.015430,0.012963,0.115392,0.182153,0.123805,0.008074,0.057594
2020-02-28,IWM,0.136092,0.003111,0.051809,-0.210792,0.008124,0.007634,0.100404,0.185766,0.122105,0.007051,0.051890
2020-02-28,EFA,0.139665,0.002392,0.043032,-0.133515,0.007855,0.003637,0.098568,0.175176,0.145251,0.006010,0.043083
2020-02-28,EEM,0.126590,0.003503,0.053927,-0.163376,0.008869,0.004432,0.070119,0.171352,0.138298,0.006827,0.054021
2020-02-28,SHY,0.110105,0.004491,0.003848,0.012675,-0.008023,0.001488,0.176033,0.086655,0.067628,0.000424,0.003857
2020-02-28,IEF,0.107771,0.004454,0.017267,0.035349,-0.006313,0.003846,0.166689,0.094462,0.062163,0.001861,0.017305
2020-02-28,TLT,0.109616,0.003649,0.039609,0.072472,-0.005504,0.005201,0.163414,0.111447,0.053987,0.004342,0.039681
2020-02-28,AGG,0.124726,0.004305,0.009917,-0.002595,-0.005822,0.003017,0.186493,0.100348,0.087337,0.001237,0.009938
2020-02-28,LQD,0.136269,0.002801,0.014740,-0.060008,-0.000765,0.004174,0.182335,0.111150,0.115321,0.002009,0.014761
2020-02-28,HYG,0.099632,0.002253,0.015818,-0.093042,0.013243,0.004949,0.075169,0.137960,0.085768,0.001576,0.015836
2020-02-28,GLD,0.116190,0.001934,0.038881,0.030597,0.004032,0.005397,0.126193,0.135323,0.087052,0.004518,0.038919
2020-02-28,SLV,0.112020,0.002450,0.068594,-0.152608,0.000545,0.004439,0.103747,0.133354,0.098960,0.007684,0.068678
2020-02-28,DBC,0.136613,0.001978,0.042790,-0.163115,0.008418,-0.000949,0.115123,0.163436,0.131279,0.005846,0.042832
2020-02-28,VNQ,0.120958,0.001959,0.051090,-0.173954,0.007793,0.005827,0.118232,0.146988,0.097654,0.006180,0.051140
2020-03-31,SPY,0.059361,0.001480,0.147506,0.126983,-0.049549,0.008423,0.046644,0.098896,0.032543,0.008756,0.147615
2020-03-31,QQQ,0.061761,0.002347,0.147765,0.149737,-0.041938,0.012963,0.050013,0.104997,0.030275,0.009126,0.147938
2020-03-31,IWM,0.059078,0.001552,0.157708,0.138476,-0.055073,0.007634,0.056195,0.089244,0.031795,0.009317,0.157830
2020-03-31,EFA,0.062033,0.002448,0.134390,0.058175,-0.047851,0.003637,0.053240,0.103531,0.029327,0.008337,0.134554
2020-03-31,EEM,0.045629,0.001835,0.148555,0.073542,-0.049735,0.004432,0.041980,0.086451,0.008455,0.006778,0.148691
2020-03-31,SHY,0.151893,0.003804,0.006187,0.002726,0.000012,0.001488,0.130395,0.210042,0.115241,0.000940,0.006199
2020-03-31,IEF,0.107660,0.003542,0.034623,0.002753,-0.006147,0.003846,0.078927,0.172225,0.071829,0.003728,0.034684
2020-03-31,TLT,0.099264,0.003848,0.100686,0.012189,-0.023786,0.005201,0.070952,0.161791,0.065049,0.009995,0.100880
2020-03-31,AGG,0.091673,0.002366,0.043567,0.017191,-0.010863,0.003017,0.072323,0.134674,0.068023,0.003994,0.043619
2020-03-31,LQD,0.085662,0.002807,0.083343,0.048458,-0.029667,0.004174,0.081747,0.135693,0.039544,0.007139,0.083460
2020-03-31,HYG,0.060652,0.002095,0.072796,0.048836,-0.024641,0.004949,0.067535,0.090133,0.024286,0.004415,0.072872
2020-03-31,GLD,0.108537,0.002146,0.067805,0.072611,-0.009960,0.005397,0.117070,0.138142,0.070398,0.007359,0.067878
2020-03-31,SLV,0.094456,0.002363,0.123943,0.071264,-0.033653,0.004439,0.111213,0.123844,0.048310,0.011707,0.124089
2020-03-31,DBC,0.066894,0.002106,0.079121,-0.031111,-0.017234,-0.000949,0.059720,0.098844,0.042117,0.005293,0.079204
2020-03-31,VNQ,0.074290,0.001867,0.177640,0.089620,-0.067942,0.005827,0.075728,0.101696,0.045445,0.013197,0.177806
2020-04-30,SPY,0.052699,0.002559,0.137981,0.051880,0.004955,0.008423,0.064099,0.087692,0.006306,0.007272,0.138157
2020-04-30,QQQ,0.047105,0.002473,0.139617,0.069207,0.008564,0.012963,0.061024,0.083520,-0.003228,0.006577,0.139790
2020-04-30,IWM,0.061725,0.001809,0.159212,0.076126,-0.004623,0.007634,0.068801,0.083874,0.032501,0.009827,0.159356
2020-04-30,EFA,0.054340,0.003013,0.125038,0.077780,0.000173,0.003637,0.078866,0.086291,-0.002137,0.006795,0.125226
2020-04-30,EEM,0.060395,0.002712,0.136723,0.053493,0.004067,0.004432,0.078440,0.102261,0.000484,0.008257,0.136908
2020-04-30,SHY,0.133129,0.002299,0.005319,-0.000900,-0.008126,0.001488,0.109929,0.154144,0.135313,0.000708,0.005325
2020-04-30,IEF,0.119657,0.002008,0.030076,0.002879,0.008317,0.003846,0.116702,0.148944,0.093326,0.003599,0.030106
2020-04-30,TLT,0.108335,0.002811,0.088443,-0.024233,0.013693,0.005201,0.112621,0.144129,0.068257,0.009582,0.088567
2020-04-30,AGG,0.080713,0.002177,0.037461,0.006160,0.006496,0.003017,0.076878,0.102993,0.062268,0.003024,0.037502
2020-04-30,LQD,0.063904,0.002061,0.076466,0.024151,0.003397,0.004174,0.049972,0.108164,0.033577,0.004887,0.076545
2020-04-30,HYG,0.046380,0.001554,0.077613,0.037252,-0.006962,0.004949,0.048859,0.074017,0.016265,0.003600,0.077673
2020-04-30,GLD,0.102048,0.002508,0.065556,0.030605,0.009758,0.005397,0.097051,0.145453,0.063640,0.006690,0.065638
2020-04-30,SLV,0.093757,0.002530,0.112716,0.223176,0.012525,0.004439,0.105938,0.129401,0.045932,0.010568,0.112858
2020-04-30,DBC,0.049740,0.001428,0.079787,0.087156,0.001923,-0.000949,0.061847,0.044908,0.042464,0.003969,0.079844
2020-04-30,VNQ,0.043648,0.002370,0.171830,0.040862,-0.006078,0.005827,0.038633,0.086383,0.005928,0.007500,0.172033
2020-05-29,SPY,0.087438,0.001736,0.120967,0.004863,0.005650,0.008423,0.086441,0.096842,0.079030,0.010577,0.121072
2020-05-29,QQQ,0.090201,0.002234,0.121635,0.042433,0.011048,0.012963,0.082101,0.104060,0.084443,0.010972,0.121771
2020-05-29,IWM,0.082158,0.001498,0.148547,0.019563,-0.005242,0.007634,0.073666,0.099990,0.072817,0.012204,0.148658
2020-05-29,EFA,0.095003,0.001668,0.112063,0.036983,0.000082,0.003637,0.091015,0.108233,0.085760,0.010646,0.112156
2020-05-29,EEM,0.098358,0.002266,0.121898,0.069515,0.003927,0.004432,0.099323,0.115415,0.080335,0.011990,0.122036
2020-05-29,SHY,0.168510,0.002829,0.004620,0.000347,0.002964,0.001488,0.145849,0.181620,0.178063,0.000779,0.004627
2020-05-29,IEF,0.134734,0.002822,0.026218,0.002233,0.004579,0.003846,0.099124,0.185379,0.119698,0.003532,0.026255
2020-05-29,TLT,0.108580,0.004022,0.078210,0.008263,0.011959,0.005201,0.073875,0.168777,0.083088,0.008492,0.078367
2020-05-29,AGG,0.136438,0.003149,0.031905,0.005739,0.001387,0.003017,0.118153,0.179327,0.111836,0.004353,0.031955
2020-05-29,LQD,0.126675,0.003657,0.065800,0.018391,0.001313,0.004174,0.126475,0.181631,0.071919,0.008335,0.065920
2020-05-29,HYG,0.087574,0.002203,0.067648,-0.014848,0.001912,0.004949,0.113993,0.103605,0.045123,0.005924,0.067722
2020-05-29,GLD,0.159114,0.004135,0.058992,0.022835,0.005219,0.005397,0.179122,0.197609,0.100610,0.009386,0.059114
2020-05-29,SLV,0.095915,0.001883,0.104754,-0.000600,0.004128,0.004439,0.100666,0.124974,0.062104,0.010047,0.104853
2020-05-29,DBC,0.066274,0.003285,0.076282,0.039898,0.003733,-0.000949,0.078065,0.106340,0.014416,0.005055,0.076407
2020-05-29,VNQ,0.092999,0.001636,0.155711,0.012250,0.000651,0.005827,0.098681,0.110448,0.069868,0.014481,0.155838
2020-06-30,SPY,0.083990,0.001819,0.109860,0.050590,-0.004726,0.008423,0.068459,0.102170,0.081342,0.009227,0.109960
2020-06-30,QQQ,0.075366,0.001594,0.108625,0.054645,0.000188,0.012963,0.057881,0.097595,0.070622,0.008187,0.108712
2020-06-30,IWM,0.081435,0.001490,0.139779,0.038972,-0.013163,0.007634,0.080191,0.094804,0.069310,0.011383,0.139883
2020-06-30,EFA,0.076951,0.001833,0.102378,0.041564,-0.003656,0.003637,0.073053,0.088270,0.069531,0.007878,0.102472
2020-06-30,EEM,0.058763,0.001717,0.109704,0.090022,-0.000847,0.004432,0.056562,0.071608,0.048120,0.006447,0.109798
2020-06-30,SHY,0.150428,0.003599,0.003902,0.000821,0.001753,0.001488,0.118408,0.170236,0.162639,0.000587,0.003909
2020-06-30,IEF,0.153138,0.002640,0.022900,0.008295,0.005853,0.003846,0.126192,0.182077,0.151144,0.003507,0.022930
2020-06-30,TLT,0.136301,0.002188,0.068999,0.045024,0.007814,0.005201,0.116116,0.156842,0.135947,0.009405,0.069074
2020-06-30,AGG,0.131377,0.002586,0.026698,0.012908,0.000758,0.003017,0.134177,0.111154,0.148801,0.003508,0.026732
2020-06-30,LQD,0.154223,0.002140,0.055809,0.029585,-0.001088,0.004174,0.143529,0.142559,0.176581,0.008607,0.055869
2020-06-30,HYG,0.094365,0.001759,0.059887,0.048636,0.005686,0.004949,0.097644,0.091636,0.093815,0.005651,0.059940
2020-06-30,GLD,0.137855,0.005331,0.053388,0.097927,-0.000275,0.005397,0.073171,0.162206,0.178189,0.007360,0.053530
2020-06-30,SLV,0.111931,0.003533,0.097635,0.279247,-0.018089,0.004439,0.062656,0.156651,0.116486,0.010928,0.097807
2020-06-30,DBC,0.085124,0.002179,0.070698,0.045492,-0.002411,-0.000949,0.059859,0.084503,0.111011,0.006018,0.070775
2020-06-30,VNQ,0.091531,0.002131,0.142737,0.038329,-0.004981,0.005827,0.070712,0.118244,0.085636,0.013065,0.142889
2020-07-31,SPY,0.060776,0.002732,0.093331,0.069797,0.002689,0.008423,0.095109,0.054620,0.032599,0.005672,0.093458
2020-07-31,QQQ,0.063431,0.002219,0.096824,0.109447,0.003983,0.012963,0.094020,0.051828,0.044445,0.006142,0.096931
2020-07-31,IWM,0.074551,0.002468,0.120898,0.054764,0.003424,0.007634,0.099849,0.086657,0.037146,0.009013,0.121047
2020-07-31,EFA,0.061093,0.002504,0.089065,0.047220,0.007608,0.003637,0.085916,0.065878,0.031484,0.005441,0.089176
2020-07-31,EEM,0.065363,0.002551,0.097927,0.028875,0.001860,0.004432,0.096221,0.070807,0.029060,0.006401,0.098052
2020-07-31,SHY,0.200839,0.003943,0.003281,-0.000231,-0.000786,0.001488,0.231768,0.192818,0.177932,0.000659,0.003287
2020-07-31,IEF,0.171727,0.004052,0.019300,-0.009699,0.002286,0.003846,0.210689,0.176484,0.128009,0.003314,0.019339
2020-07-31,TLT,0.145664,0.003349,0.059119,-0.050466,0.007244,0.005201,0.185355,0.166953,0.084684,0.008612,0.059218
2020-07-31,AGG,0.125098,0.003406,0.022217,-0.008236,-0.002249,0.003017,0.140511,0.161504,0.073278,0.002779,0.022255
2020-07-31,LQD,0.099701,0.002374,0.046752,-0.017783,0.001500,0.004174,0.107634,0.112418,0.079052,0.004661,0.046807
2020-07-31,HYG,0.084292,0.002141,0.050756,-0.000224,-0.000782,0.004949,0.091266,0.095749,0.065861,0.004278,0.050810
2020-07-31,GLD,0.106200,0.002785,0.049412,-0.003236,0.007240,0.005397,0.111413,0.137015,0.070172,0.005248,0.049481
2020-07-31,SLV,0.076170,0.003420,0.120333,0.158057,-0.002439,0.004439,0.044553,0.139287,0.044668,0.009166,0.120539
2020-07-31,DBC,0.077812,0.002878,0.061863,0.046368,0.002480,-0.000949,0.068293,0.119010,0.046134,0.004814,0.061952
2020-07-31,VNQ,0.081116,0.002495,0.121688,0.004423,0.002860,0.005827,0.104631,0.097294,0.041424,0.009871,0.121840
2020-08-31,SPY,0.125854,0.004635,0.079257,-0.037444,0.009056,0.008423,0.173022,0.140339,0.064199,0.009975,0.079440
2020-08-31,QQQ,0.139774,0.004003,0.085601,-0.057786,0.016493,0.012963,0.188030,0.160240,0.071052,0.011965,0.085772
2020-08-31,IWM,0.102033,0.003608,0.103129,-0.032613,0.016472,0.007634,0.135868,0.110643,0.059587,0.010523,0.103315
2020-08-31,EFA,0.119395,0.004368,0.077268,-0.020468,0.010787,0.003637,0.172601,0.133967,0.051618,0.009225,0.077437
2020-08-31,EEM,0.116896,0.004165,0.085900,-0.010103,0.007225,0.004432,0.156932,0.138498,0.055257,0.010041,0.086079
2020-08-31,SHY,0.155227,0.004667,0.002769,-0.000011,0.001102,0.001488,0.200132,0.169579,0.095970,0.000430,0.002775
2020-08-31,IEF,0.159761,0.005373,0.016953,0.003278,0.009773,0.003846,0.202082,0.192445,0.084755,0.002708,0.016998
2020-08-31,TLT,0.134524,0.006486,0.053079,0.007735,0.008091,0.005201,0.158837,0.193068,0.051667,0.007140,0.053251
2020-08-31,AGG,0.116978,0.005969,0.019110,-0.000973,0.009229,0.003017,0.141906,0.176574,0.032455,0.002235,0.019167
2020-08-31,LQD,0.118987,0.005165,0.040318,-0.004397,0.008461,0.004174,0.153011,0.171890,0.032061,0.004797,0.040422
2020-08-31,HYG,0.118679,0.003795,0.042979,-0.009316,0.005182,0.004949,0.158493,0.137196,0.060349,0.005101,0.043060
2020-08-31,GLD,0.123924,0.003704,0.060662,-0.041714,-0.002368,0.005397,0.168136,0.133627,0.070009,0.007517,0.060774
2020-08-31,SLV,0.104599,0.002493,0.153542,-0.174990,-0.015721,0.004439,0.126079,0.127970,0.059748,0.016060,0.153733
2020-08-31,DBC,0.090814,0.003871,0.055413,-0.035450,0.002514,-0.000949,0.148531,0.089530,0.034381,0.005032,0.055520
2020-08-31,VNQ,0.098245,0.002585,0.104483,-0.026643,0.009492,0.005827,0.135579,0.096206,0.062951,0.010265,0.104618
2020-09-30,SPY,0.187918,0.003727,0.075963,-0.014661,0.011845,0.008423,0.195895,0.181124,0.186735,0.014275,0.076104
2020-09-30,QQQ,0.190046,0.003079,0.089758,-0.005219,0.012829,0.012963,0.202372,0.189067,0.178698,0.017058,0.089896
2020-09-30,IWM,0.171646,0.002685,0.095793,0.035717,0.017573,0.007634,0.172556,0.181679,0.160702,0.016442,0.095922
2020-09-30,EFA,0.174548,0.003239,0.069993,-0.030479,0.015679,0.003637,0.173869,0.179993,0.169781,0.012217,0.070106
2020-09-30,EEM,0.189915,0.004203,0.077126,0.025629,0.014035,0.004432,0.194604,0.199059,0.176083,0.014647,0.077288
2020-09-30,SHY,0.095849,0.003678,0.002342,-0.000347,0.001488,0.001488,0.125417,0.111831,0.050298,0.000224,0.002346
2020-09-30,IEF,0.092305,0.003916,0.014802,-0.010604,0.008148,0.003846,0.148471,0.092316,0.036128,0.001366,0.014831
2020-09-30,TLT,0.100315,0.005477,0.046858,-0.024226,0.009460,0.005201,0.147723,0.131306,0.021917,0.004701,0.046986
2020-09-30,AGG,0.107064,0.003379,0.016334,-0.002868,0.012600,0.003017,0.136376,0.130366,0.054449,0.001749,0.016362
2020-09-30,LQD,0.132651,0.002859,0.034776,0.000104,0.014300,0.004174,0.135766,0.158797,0.103390,0.004613,0.034826
2020-09-30,HYG,0.167784,0.002474,0.037718,0.001878,0.011232,0.004949,0.159176,0.166541,0.177634,0.006328,0.037765
2020-09-30,GLD,0.121699,0.003035,0.055283,-0.009711,0.014508,0.005397,0.147480,0.118081,0.099535,0.006728,0.055367
2020-09-30,SLV,0.134176,0.002542,0.148123,0.003235,0.015607,0.004439,0.145802,0.148861,0.107864,0.019874,0.148311
2020-09-30,DBC,0.134735,0.002375,0.054617,-0.031394,0.011455,-0.000949,0.123616,0.156946,0.123643,0.007359,0.054682
2020-09-30,VNQ,0.135341,0.002848,0.096453,-0.023556,0.017135,0.005827,0.117866,0.148316,0.139842,0.013054,0.096590
2020-10-30,SPY,0.095347,0.004268,0.070890,0.120904,0.015976,0.008423,0.070303,0.155373,0.060365,0.006759,0.071041
2020-10-30,QQQ,0.085181,0.003537,0.086532,0.126513,0.019466,0.012963,0.058176,0.122062,0.075304,0.007371,0.086685
2020-10-30,IWM,0.100585,0.004997,0.087166,0.193416,0.020619,0.007634,0.082559,0.169392,0.049805,0.008768,0.087384
2020-10-30,EFA,0.096931,0.003178,0.063889,0.169572,0.015981,0.003637,0.083469,0.151238,0.056085,0.006193,0.063990
2020-10-30,EEM,0.082132,0.004177,0.068601,0.111384,0.019009,0.004432,0.052284,0.149181,0.044932,0.005634,0.068744
2020-10-30,SHY,0.186712,0.003289,0.001978,-0.000324,0.004984,0.001488,0.212629,0.175335,0.172172,0.000369,0.001981
2020-10-30,IEF,0.145543,0.003429,0.013743,-0.001954,0.011695,0.003846,0.170686,0.158880,0.107063,0.002000,0.013767
2020-10-30,TLT,0.133574,0.003574,0.043046,0.001649,0.008357,0.005201,0.162361,0.155399,0.082960,0.005750,0.043123
2020-10-30,AGG,0.093870,0.003165,0.014062,0.008866,0.013717,0.003017,0.106783,0.104759,0.070068,0.001320,0.014084
2020-10-30,LQD,0.107611,0.001955,0.029670,0.033781,0.016897,0.004174,0.114089,0.121953,0.086790,0.003193,0.029699
2020-10-30,HYG,0.093785,0.003471,0.032811,0.036169,0.013572,0.004949,0.113366,0.120730,0.047258,0.003077,0.032868
2020-10-30,GLD,0.086544,0.003337,0.049936,-0.034166,0.016271,0.005397,0.102132,0.109038,0.048461,0.004322,0.050019
2020-10-30,SLV,0.066554,0.002842,0.134007,0.014097,0.033385,0.004439,0.052488,0.112756,0.034417,0.008919,0.134197
2020-10-30,DBC,0.127675,0.004540,0.053464,0.098814,0.021746,-0.000949,0.087232,0.193084,0.102709,0.006826,0.053585
2020-10-30,VNQ,0.103390,0.004309,0.085619,0.110850,0.020789,0.005827,0.107439,0.143349,0.059383,0.008852,0.085803
2020-11-30,SPY,0.172491,0.006350,0.065504,0.031806,0.013747,0.008423,0.214404,0.206828,0.096240,0.011299,0.065712
2020-11-30,QQQ,0.155271,0.004748,0.081675,0.046450,0.012778,0.012963,0.182314,0.199991,0.083507,0.012682,0.081869
2020-11-30,IWM,0.179489,0.007690,0.084872,0.088404,0.016180,0.007634,0.223827,0.244010,0.070628,0.015234,0.085198
2020-11-30,EFA,0.168542,0.005539,0.063633,0.058214,0.012197,0.003637,0.215413,0.204352,0.085861,0.010725,0.063809
2020-11-30,EEM,0.163290,0.005035,0.065444,0.071917,0.014213,0.004432,0.175792,0.219735,0.094343,0.010686,0.065609
2020-11-30,SHY,0.169937,0.003843,0.001716,0.000521,-0.001936,0.001488,0.148691,0.189996,0.171124,0.000292,0.001719
2020-11-30,IEF,0.135967,0.002587,0.013996,-0.003050,0.001898,0.003846,0.159124,0.157549,0.091227,0.001903,0.014014
2020-11-30,TLT,0.142619,0.004106,0.043100,-0.013717,0.000138,0.005201,0.148460,0.174985,0.104411,0.006147,0.043188
2020-11-30,AGG,0.172162,0.003586,0.013106,0.000095,0.001898,0.003017,0.178392,0.206733,0.131362,0.002256,0.013129
2020-11-30,LQD,0.164793,0.003994,0.027340,0.001289,0.001660,0.004174,0.203907,0.170778,0.119693,0.004505,0.027395
2020-11-30,HYG,0.156949,0.006292,0.029459,0.018762,0.005132,0.004949,0.193222,0.202790,0.074835,0.004624,0.029552
2020-11-30,GLD,0.159197,0.003798,0.053031,0.066179,0.011394,0.005397,0.200743,0.166126,0.110724,0.008442,0.053132
2020-11-30,SLV,0.150713,0.003071,0.124456,0.176247,0.022304,0.004439,0.181497,0.151380,0.119262,0.018757,0.124647
2020-11-30,DBC,0.163813,0.005953,0.050707,0.050215,0.016268,-0.000949,0.220156,0.177513,0.093770,0.008306,0.050858
2020-11-30,VNQ,0.180109,0.007474,0.079812,0.017543,0.017718,0.005827,0.222861,0.232972,0.084493,0.014375,0.080110
2020-12-31,SPY,0.110387,0.004738,0.055950,0.020515,0.007327,0.008423,0.162152,0.105436,0.063573,0.006176,0.056082
2020-12-31,QQQ,0.091018,0.005706,0.069954,0.044432,0.012536,0.012963,0.154608,0.093900,0.024545,0.006367,0.070153
2020-12-31,IWM,0.115624,0.002830,0.075287,0.089513,0.017280,0.007634,0.127534,0.131817,0.087520,0.008705,0.075393
2020-12-31,EFA,0.134950,0.005283,0.056213,0.014117,0.007175,0.003637,0.175374,0.142305,0.087171,0.007586,0.056361
2020-12-31,EEM,0.117306,0.007069,0.059202,0.073350,0.005993,0.004432,0.195452,0.113944,0.042521,0.006945,0.059411
2020-12-31,SHY,0.208600,0.010554,0.001523,-0.000000,0.004484,0.001488,0.172530,0.330893,0.122377,0.000318,0.001531
2020-12-31,IEF,0.140205,0.005031,0.012571,-0.012189,0.001883,0.003846,0.116659,0.191612,0.112343,0.001763,0.012603
2020-12-31,TLT,0.144309,0.005537,0.038992,-0.041431,0.003971,0.005201,0.098459,0.189802,0.144666,0.005627,0.039100
2020-12-31,AGG,0.149626,0.004491,0.011311,-0.008022,0.000028,0.003017,0.148857,0.187822,0.112200,0.001692,0.011336
2020-12-31,LQD,0.106907,0.003822,0.023484,-0.018991,-0.000583,0.004174,0.093563,0.165272,0.061885,0.002511,0.023529
2020-12-31,HYG,0.116888,0.002656,0.024966,0.001831,0.001166,0.004949,0.150395,0.109946,0.090322,0.002918,0.024999
2020-12-31,GLD,0.099556,0.005223,0.049000,-0.035041,0.006338,0.005397,0.047259,0.179508,0.071901,0.004878,0.049128
2020-12-31,SLV,0.090264,0.002148,0.116068,-0.001221,0.020850,0.004439,0.062777,0.110787,0.097227,0.010477,0.116193
2020-12-31,DBC,0.104961,0.002969,0.045524,0.061225,0.007369,-0.000949,0.134306,0.099076,0.081501,0.004778,0.045592
2020-12-31,VNQ,0.117697,0.002721,0.070441,0.029318,0.008813,0.005827,0.121703,0.140546,0.090842,0.008291,0.070537
2021-01-29,SPY,0.185743,0.004811,0.053849,0.044505,0.013340,0.009159,0.189570,0.158276,0.209384,0.010002,0.053978
2021-01-29,QQQ,0.164753,0.003097,0.068456,0.012207,0.013958,0.014734,0.142049,0.161870,0.190340,0.011278,0.068562
2021-01-29,IWM,0.177198,0.003775,0.073354,0.078615,0.017724,0.008480,0.192240,0.174297,0.165056,0.012998,0.073492
2021-01-29,EFA,0.189167,0.004800,0.053970,0.040475,0.012579,0.004430,0.183557,0.177899,0.206045,0.010209,0.054099
2021-01-29,EEM,0.176312,0.003690,0.062112,0.024761,0.011354,0.005746,0.143832,0.186775,0.198328,0.010951,0.062226
2021-01-29,SHY,0.164895,0.004028,0.001379,-0.000440,0.000508,0.001588,0.162873,0.127488,0.204324,0.000227,0.001382
2021-01-29,IEF,0.160603,0.003602,0.012249,-0.022958,0.005127,0.004163,0.173714,0.119499,0.188598,0.001967,0.012271
2021-01-29,TLT,0.140472,0.004232,0.037634,-0.069714,0.004575,0.005839,0.167363,0.094985,0.159069,0.005287,0.037714
2021-01-29,AGG,0.164360,0.002929,0.010471,-0.015523,0.006150,0.003271,0.177941,0.128798,0.186342,0.001721,0.010486
2021-01-29,LQD,0.161028,0.005242,0.021695,-0.022788,0.006983,0.004616,0.174604,0.168385,0.140094,0.003493,0.021752
2021-01-29,HYG,0.220140,0.006601,0.021911,0.007247,0.010871,0.004954,0.238370,0.176385,0.245666,0.004823,0.021983
2021-01-29,GLD,0.145826,0.002631,0.049766,-0.059093,0.003954,0.006680,0.160718,0.142230,0.134529,0.007257,0.049831
2021-01-29,SLV,0.113871,0.002370,0.116905,-0.007603,-0.003659,0.006761,0.107032,0.120837,0.113744,0.013312,0.117043
2021-01-29,DBC,0.129718,0.004304,0.045766,0.096774,0.003383,-0.000964,0.099371,0.153297,0.136485,0.005937,0.045864
2021-01-29,VNQ,0.240014,0.005542,0.066009,0.028837,0.009512,0.005763,0.248985,0.200660,0.270396,0.015843,0.066192
2021-02-26,SPY,0.164859,0.003308,0.050622,0.043948,0.010487,0.009159,0.133691,0.204404,0.156481,0.008345,0.050706
2021-02-26,QQQ,0.203512,0.005583,0.066333,0.006904,0.011070,0.014734,0.175788,0.257121,0.177627,0.013500,0.066518
2021-02-26,IWM,0.151654,0.002918,0.073770,-0.016063,0.016746,0.008480,0.124653,0.179208,0.151101,0.011188,0.073878
2021-02-26,EFA,0.129954,0.003308,0.049409,0.030942,0.011226,0.004430,0.105506,0.164228,0.120127,0.006421,0.049491
2021-02-26,EEM,0.167494,0.002539,0.061258,-0.015448,0.012758,0.005746,0.166785,0.188569,0.147127,0.010260,0.061336
2021-02-26,SHY,0.146893,0.002968,0.001716,-0.000208,0.003019,0.001588,0.135503,0.140488,0.164687,0.000252,0.001719
2021-02-26,IEF,0.144028,0.003541,0.015309,-0.021609,0.003753,0.004163,0.147295,0.122003,0.162786,0.002205,0.015336
2021-02-26,TLT,0.150194,0.003385,0.042721,-0.052103,0.000573,0.005839,0.165415,0.116604,0.168563,0.006416,0.042793
2021-02-26,AGG,0.139487,0.002226,0.012325,-0.012419,0.002745,0.003271,0.135959,0.120519,0.161984,0.001719,0.012339
2021-02-26,LQD,0.137740,0.002509,0.023822,-0.020386,0.002616,0.004616,0.143751,0.132554,0.136914,0.003281,0.023852
2021-02-26,HYG,0.158297,0.003759,0.019955,0.009717,0.011604,0.004954,0.158153,0.153636,0.163102,0.003159,0.019992
2021-02-26,GLD,0.119753,0.002737,0.050889,-0.009270,0.006758,0.006680,0.122531,0.153024,0.083703,0.006094,0.050959
2021-02-26,SLV,0.121580,0.003365,0.121171,-0.070965,-0.005243,0.006761,0.106021,0.155408,0.103311,0.014732,0.121375
2021-02-26,DBC,0.148930,0.002308,0.047736,0.003586,0.006567,-0.000964,0.159098,0.163836,0.123857,0.007109,0.047791
2021-02-26,VNQ,0.126213,0.003032,0.060187,0.056557,0.012728,0.005763,0.126335,0.144075,0.108228,0.007596,0.060278
2021-03-31,SPY,0.126446,0.002042,0.048938,0.052910,0.007407,0.009159,0.115927,0.149021,0.114390,0.006188,0.048988
2021-03-31,QQQ,0.092679,0.002012,0.071574,0.059098,0.003231,0.014734,0.063392,0.140753,0.073892,0.006633,0.071646
2021-03-31,IWM,0.145693,0.002165,0.080895,0.017878,0.011054,0.008480,0.157681,0.143681,0.135716,0.011786,0.080983
2021-03-31,EFA,0.132750,0.002404,0.045132,0.029524,0.009083,0.004430,0.109588,0.164108,0.124555,0.005991,0.045186
2021-03-31,EEM,0.096231,0.001988,0.065737,0.011998,0.004219,0.005746,0.067708,0.126906,0.094079,0.006326,0.065802
2021-03-31,SHY,0.091723,0.002881,0.001505,0.000568,0.007472,0.001588,0.062508,0.139902,0.072758,0.000138,0.001507
2021-03-31,IEF,0.069562,0.001685,0.015302,0.010012,0.008787,0.004163,0.054114,0.094658,0.059915,0.001064,0.015315
2021-03-31,TLT,0.069104,0.001685,0.041801,0.024951,0.008547,0.005839,0.059920,0.080055,0.067338,0.002889,0.041836
2021-03-31,AGG,0.049767,0.001167,0.011708,0.007320,0.005748,0.003271,0.047787,0.049475,0.052040,0.000583,0.011715
2021-03-31,LQD,0.074536,0.001743,0.023018,0.010432,0.000736,0.004616,0.086343,0.070065,0.067201,0.001716,0.023038
2021-03-31,HYG,0.106660,0.001861,0.019377,0.006376,0.000496,0.004954,0.110318,0.112096,0.097564,0.002067,0.019395
2021-03-31,GLD,0.091434,0.002352,0.047595,0.035634,0.008314,0.006680,0.055616,0.133308,0.085380,0.004352,0.047651
2021-03-31,SLV,0.113617,0.003212,0.107846,0.057709,0.003639,0.006761,0.068617,0.170450,0.101785,0.012253,0.108019
2021-03-31,DBC,0.129864,0.002690,0.060626,0.078266,0.000540,-0.000964,0.149573,0.145698,0.094322,0.007873,0.060707
2021-03-31,VNQ,0.170764,0.003359,0.055851,0.078598,0.008424,0.005763,0.180109,0.159401,0.172782,0.009537,0.055945
2021-04-30,SPY,0.152204,0.002801,0.044307,0.005680,0.015202,0.009159,0.141503,0.170058,0.145052,0.006744,0.044369
2021-04-30,QQQ,0.140884,0.003534,0.064348,-0.015296,0.020168,0.014734,0.107262,0.172971,0.142418,0.009066,0.064462
2021-04-30,IWM,0.131548,0.002840,0.073059,0.014096,0.021357,0.008480,0.135296,0.158718,0.100631,0.009611,0.073163
2021-04-30,EFA,0.147404,0.002427,0.042993,0.038535,0.013134,0.004430,0.137333,0.159629,0.145250,0.006337,0.043045
2021-04-30,EEM,0.131668,0.002816,0.058572,0.037421,0.015227,0.005746,0.088957,0.150080,0.155966,0.007712,0.058654
2021-04-30,SHY,0.064794,0.002374,0.001367,0.000394,0.001689,0.001588,0.041212,0.101105,0.052066,0.000089,0.001369
2021-04-30,IEF,0.086989,0.002100,0.014591,0.004064,0.007427,0.004163,0.061178,0.105900,0.093890,0.001269,0.014606
2021-04-30,TLT,0.119284,0.001881,0.038839,-0.000203,0.011595,0.005839,0.108062,0.144726,0.105065,0.004633,0.038876
2021-04-30,AGG,0.100335,0.002097,0.010891,0.001574,0.005518,0.003271,0.078799,0.127078,0.095128,0.001093,0.010902
2021-04-30,LQD,0.116254,0.001798,0.021225,0.006356,0.006941,0.004616,0.097784,0.140007,0.110970,0.002467,0.021244
2021-04-30,HYG,0.143640,0.002535,0.016762,0.003395,0.006118,0.004954,0.144803,0.140126,0.145991,0.002408,0.016783
2021-04-30,GLD,0.094575,0.003521,0.043300,0.073886,0.011728,0.006680,0.042402,0.117350,0.123975,0.004095,0.043376
2021-04-30,SLV,0.140483,0.004411,0.095343,0.076218,0.011971,0.006761,0.101225,0.124135,0.196089,0.013394,0.095553
2021-04-30,DBC,0.160379,0.002074,0.055067,0.056951,0.010589,-0.000964,0.155517,0.172656,0.152963,0.008832,0.055124
2021-04-30,VNQ,0.149938,0.003143,0.049733,0.026241,0.011736,0.005763,0.160101,0.154753,0.134960,0.007457,0.049811
2021-05-28,SPY,0.151578,0.003091,0.042822,0.021568,0.004078,0.009159,0.146541,0.135774,0.172419,0.006491,0.042888
2021-05-28,QQQ,0.144738,0.003197,0.062188,0.064300,0.006554,0.014734,0.115995,0.147364,0.170855,0.009001,0.062287
2021-05-28,IWM,0.148066,0.002298,0.070022,0.018557,0.005290,0.008480,0.160329,0.134634,0.149235,0.010368,0.070102
2021-05-28,EFA,0.153693,0.002681,0.042837,-0.003130,-0.000477,0.004430,0.158936,0.149311,0.152832,0.006584,0.042894
2021-05-28,EEM,0.162211,0.002975,0.056051,0.016094,0.001798,0.005746,0.171157,0.162933,0.152544,0.009092,0.056134
2021-05-28,SHY,0.115947,0.003616,0.001264,-0.001946,0.001789,0.001588,0.088664,0.162069,0.097108,0.000147,0.001266
2021-05-28,IEF,0.091642,0.003356,0.013453,0.008651,0.007180,0.004163,0.040138,0.153364,0.081425,0.001233,0.013476
2021-05-28,TLT,0.099281,0.005199,0.035460,0.039562,0.010381,0.005839,0.037310,0.153751,0.106783,0.003521,0.035552
2021-05-28,AGG,0.093929,0.003042,0.010076,0.007580,0.005623,0.003271,0.049538,0.133924,0.098326,0.000946,0.010091
2021-05-28,LQD,0.120938,0.002848,0.019662,0.020973,0.005651,0.004616,0.094446,0.150413,0.117955,0.002378,0.019690
2021-05-28,HYG,0.159924,0.002196,0.015098,0.013132,0.006654,0.004954,0.165292,0.145582,0.168897,0.002415,0.015115
2021-05-28,GLD,0.108951,0.003509,0.040424,-0.075961,0.007165,0.006680,0.071458,0.159083,0.096311,0.004404,0.040495
2021-05-28,SLV,0.144733,0.003664,0.089099,-0.077606,0.005065,0.006761,0.113059,0.207697,0.113443,0.012896,0.089262
2021-05-28,DBC,0.123600,0.002488,0.054661,0.025269,0.003912,-0.000964,0.147482,0.118136,0.105181,0.006756,0.054729
2021-05-28,VNQ,0.149127,0.002889,0.048351,0.031820,0.000643,0.005763,0.159838,0.135808,0.151735,0.007210,0.048421
2021-06-30,SPY,0.135719,0.002448,0.038066,0.024413,0.007031,0.009159,0.148007,0.120605,0.138544,0.005166,0.038113
2021-06-30,QQQ,0.152040,0.002813,0.054849,0.028609,0.011210,0.014734,0.160165,0.148603,0.147353,0.008339,0.054926
2021-06-30,IWM,0.071840,0.001656,0.063287,-0.036273,0.009511,0.008480,0.077935,0.084729,0.052855,0.004547,0.063339
2021-06-30,EFA,0.131747,0.002456,0.039907,0.007733,0.009170,0.004430,0.126614,0.134070,0.134559,0.005258,0.039956
2021-06-30,EEM,0.160177,0.003015,0.050307,-0.064370,0.007232,0.005746,0.184183,0.129865,0.166482,0.008058,0.050383
2021-06-30,SHY,0.086041,0.001952,0.001456,0.001660,0.001873,0.001588,0.071397,0.098495,0.088230,0.000125,0.001457
2021-06-30,IEF,0.085272,0.001755,0.013627,0.019902,0.003369,0.004163,0.063115,0.087990,0.104711,0.001162,0.013639
2021-06-30,TLT,0.091245,0.001612,0.036560,0.037166,0.005536,0.005839,0.087817,0.086717,0.099202,0.003336,0.036589
2021-06-30,AGG,0.086373,0.002150,0.009836,0.011166,0.002361,0.003271,0.063135,0.097908,0.098075,0.000850,0.009847
2021-06-30,LQD,0.086675,0.001729,0.018545,0.014190,0.002491,0.004616,0.054189,0.108521,0.097314,0.001607,0.018561
2021-06-30,HYG,0.124112,0.002502,0.012997,0.001048,0.002412,0.004954,0.123490,0.131825,0.117022,0.001613,0.013013
2021-06-30,GLD,0.142271,0.003964,0.042561,0.025297,0.004096,0.006680,0.112800,0.171899,0.142114,0.006055,0.042645
2021-06-30,SLV,0.120838,0.002885,0.082287,-0.024360,-0.002562,0.006761,0.141099,0.099835,0.121580,0.009943,0.082406
2021-06-30,DBC,0.093776,0.001571,0.050964,0.012987,0.001297,-0.000964,0.106706,0.100307,0.074316,0.004779,0.051004
2021-06-30,VNQ,0.135107,0.002243,0.045977,0.044209,0.013367,0.005763,0.114438,0.176888,0.113994,0.006212,0.046029
2021-07-30,SPY,0.121324,0.002270,0.036426,0.031288,0.010460,0.009159,0.125409,0.113161,0.125401,0.004419,0.036467
2021-07-30,QQQ,0.126732,0.002573,0.048899,0.043037,0.014245,0.014734,0.135727,0.113878,0.130589,0.006197,0.048962
2021-07-30,IWM,0.111521,0.002581,0.063231,0.020041,0.000750,0.008480,0.093461,0.117990,0.123111,0.007052,0.063313
2021-07-30,EFA,0.105601,0.002277,0.039525,0.014971,0.003116,0.004430,0.085572,0.106563,0.124667,0.004174,0.039570
2021-07-30,EEM,0.108326,0.002188,0.053050,0.001938,0.000174,0.005746,0.122203,0.091309,0.111466,0.005747,0.053108
2021-07-30,SHY,0.111961,0.002018,0.001505,-0.000209,-0.000271,0.001588,0.088147,0.135461,0.112275,0.000169,0.001507
2021-07-30,IEF,0.106132,0.001541,0.014620,-0.002074,0.003032,0.004163,0.089637,0.124022,0.104737,0.001552,0.014631
2021-07-30,TLT,0.113319,0.001821,0.038485,0.003429,0.006447,0.005839,0.107199,0.127031,0.105729,0.004361,0.038520
2021-07-30,AGG,0.108655,0.002060,0.009999,-0.000542,0.002198,0.003271,0.091265,0.114562,0.120140,0.001086,0.010009
2021-07-30,LQD,0.110981,0.002107,0.017422,-0.001157,0.003492,0.004616,0.092325,0.122934,0.117683,0.001934,0.017440
2021-07-30,HYG,0.134785,0.002398,0.012423,0.005859,0.004521,0.004954,0.126447,0.122742,0.155167,0.001674,0.012438
2021-07-30,GLD,0.122939,0.002218,0.037918,-0.002768,0.010510,0.006680,0.127001,0.120729,0.121087,0.004662,0.037960
2021-07-30,SLV,0.155065,0.003588,0.075412,-0.057977,0.001753,0.006761,0.169549,0.123740,0.171905,0.011694,0.075547
2021-07-30,DBC,0.130560,0.002727,0.055295,-0.011795,-0.002178,-0.000964,0.136971,0.154167,0.100543,0.007219,0.055370
2021-07-30,VNQ,0.111366,0.003798,0.044720,0.016746,0.009383,0.005763,0.073525,0.166769,0.093803,0.004980,0.044805
2021-08-31,SPY,0.136184,0.003683,0.033096,-0.046605,0.008637,0.009159,0.096808,0.143559,0.168184,0.004507,0.033157
2021-08-31,QQQ,0.151019,0.004013,0.044012,-0.056832,0.010744,0.014734,0.128304,0.154779,0.169973,0.006647,0.044100
2021-08-31,IWM,0.114540,0.006929,0.060222,-0.028803,0.000715,0.008480,0.062127,0.099620,0.181873,0.006898,0.060430
2021-08-31,EFA,0.160823,0.007094,0.035600,-0.032614,0.005687,0.004430,0.087781,0.146368,0.248319,0.005725,0.035726
2021-08-31,EEM,0.135501,0.004280,0.051129,-0.038733,-0.000311,0.005746,0.074026,0.159622,0.172855,0.006928,0.051238
2021-08-31,SHY,0.080118,0.001740,0.001438,-0.001008,0.002359,0.001588,0.077622,0.103550,0.059181,0.000115,0.001439
2021-08-31,IEF,0.122164,0.002628,0.013913,-0.015970,0.007460,0.004163,0.096354,0.155792,0.114347,0.001700,0.013931
2021-08-31,TLT,0.133576,0.002462,0.036079,-0.029070,0.011099,0.005839,0.106971,0.163396,0.130363,0.004819,0.036123
2021-08-31,AGG,0.127116,0.002380,0.009415,-0.009172,0.005437,0.003271,0.096778,0.161366,0.123203,0.001197,0.009426
2021-08-31,LQD,0.146247,0.002824,0.016552,-0.015074,0.004864,0.004616,0.102975,0.171197,0.164570,0.002421,0.016575
2021-08-31,HYG,0.139590,0.004267,0.011325,-0.003701,0.002006,0.004954,0.100752,0.150281,0.167735,0.001581,0.011349
2021-08-31,GLD,0.133145,0.002401,0.038978,-0.032235,0.004729,0.006680,0.118997,0.148059,0.132381,0.005190,0.039025
2021-08-31,SLV,0.102571,0.002231,0.073234,-0.073171,0.000638,0.006761,0.088504,0.112520,0.106691,0.007512,0.073316
2021-08-31,DBC,0.097264,0.001755,0.058823,0.052138,-0.005046,-0.000964,0.093315,0.110453,0.088022,0.005721,0.058875
2021-08-31,VNQ,0.166975,0.007645,0.039889,-0.056815,0.007093,0.005763,0.099753,0.182353,0.218818,0.006660,0.040041
2021-09-30,SPY,0.167376,0.003337,0.034915,0.070164,0.009283,0.009159,0.153748,0.163951,0.184429,0.005844,0.034973
2021-09-30,QQQ,0.201855,0.004367,0.043970,0.078640,0.013423,0.014734,0.203648,0.193824,0.208093,0.008876,0.044066
2021-09-30,IWM,0.141209,0.001844,0.058013,0.042514,0.004572,0.008480,0.135066,0.141713,0.146848,0.008192,0.058066
2021-09-30,EFA,0.142103,0.002332,0.037404,0.031791,0.005151,0.004430,0.137544,0.150414,0.138352,0.005315,0.037448
2021-09-30,EEM,0.118221,0.003369,0.049962,0.010719,0.005318,0.005746,0.099023,0.117589,0.138050,0.005907,0.050046
2021-09-30,SHY,0.117244,0.002685,0.001406,-0.003355,0.004105,0.001588,0.138220,0.104783,0.108729,0.000165,0.001408
2021-09-30,IEF,0.135018,0.002727,0.014347,-0.004430,0.008447,0.004163,0.154498,0.123058,0.127499,0.001937,0.014367
2021-09-30,TLT,0.167967,0.003465,0.038065,0.024650,0.010465,0.005839,0.174680,0.184026,0.145194,0.006394,0.038131
2021-09-30,AGG,0.155370,0.003275,0.009473,-0.000087,0.008518,0.003271,0.176252,0.138776,0.151080,0.001472,0.009488
2021-09-30,LQD,0.170836,0.003426,0.017037,0.005310,0.009118,0.004616,0.179162,0.178964,0.154381,0.002911,0.017066
2021-09-30,HYG,0.162467,0.003317,0.010568,-0.003107,0.010883,0.004954,0.125296,0.172238,0.189868,0.001717,0.010586
2021-09-30,GLD,0.129126,0.002613,0.040310,0.014797,0.004368,0.006680,0.109731,0.132367,0.145279,0.005205,0.040363
2021-09-30,SLV,0.103974,0.002541,0.076834,0.076511,0.001876,0.006761,0.077027,0.103127,0.131769,0.007989,0.076932
2021-09-30,DBC,0.092314,0.001811,0.054428,0.057978,0.002017,-0.000964,0.072216,0.102240,0.102487,0.005024,0.054477
2021-09-30,VNQ,0.152264,0.003885,0.041421,0.071330,0.007391,0.005763,0.122903,0.144794,0.189094,0.006307,0.041501
2021-10-29,SPY,0.121700,0.002426,0.034402,-0.008035,0.006318,0.009159,0.106874,0.114966,0.143259,0.004187,0.034444
2021-10-29,QQQ,0.109713,0.002132,0.043442,0.019968,0.009584,0.014734,0.103284,0.115217,0.110638,0.004766,0.043488
2021-10-29,IWM,0.170213,0.004086,0.054243,-0.043324,0.003590,0.008480,0.175315,0.155784,0.179539,0.009233,0.054354
2021-10-29,EFA,0.138771,0.002803,0.034918,-0.045347,0.002446,0.004430,0.151833,0.141172,0.123309,0.004846,0.034967
2021-10-29,EEM,0.100065,0.002858,0.047151,-0.040848,0.008021,0.005746,0.082836,0.118837,0.098523,0.004718,0.047218
2021-10-29,SHY,0.087760,0.002449,0.001660,-0.000571,0.004504,0.001588,0.074120,0.097316,0.091843,0.000146,0.001662
2021-10-29,IEF,0.077733,0.001869,0.014047,0.010921,0.004980,0.004163,0.055953,0.103661,0.073584,0.001092,0.014060
2021-10-29,TLT,0.068561,0.001532,0.038733,0.027715,0.004916,0.005839,0.052487,0.099586,0.053611,0.002656,0.038763
2021-10-29,AGG,0.075602,0.001791,0.009488,0.002708,0.002486,0.003271,0.056247,0.095235,0.075324,0.000717,0.009496
2021-10-29,LQD,0.076141,0.001750,0.017353,-0.001186,0.002666,0.004616,0.051189,0.092234,0.085002,0.001321,0.017368
2021-10-29,HYG,0.116130,0.002143,0.010556,-0.011690,0.005261,0.004954,0.098779,0.111839,0.137771,0.001226,0.010567
2021-10-29,GLD,0.145490,0.003367,0.037885,-0.006901,0.010028,0.006680,0.171709,0.137063,0.127696,0.005512,0.037949
2021-10-29,SLV,0.102865,0.002709,0.071038,-0.046627,0.010466,0.006761,0.114218,0.124959,0.069418,0.007307,0.071134
2021-10-29,DBC,0.165995,0.003051,0.051854,-0.087588,0.003639,-0.000964,0.187451,0.167496,0.143038,0.008607,0.051933
2021-10-29,VNQ,0.148308,0.002716,0.040663,-0.021093,0.007156,0.005763,0.141489,0.145706,0.157729,0.006031,0.040718
2021-11-30,SPY,0.106151,0.002156,0.035580,0.048891,0.014511,0.009159,0.090520,0.138160,0.089774,0.003777,0.035618
2021-11-30,QQQ,0.156750,0.003244,0.044609,0.017880,0.015592,0.014734,0.131673,0.177272,0.161305,0.006992,0.044681
2021-11-30,IWM,0.125615,0.002192,0.056576,0.024922,0.008186,0.008480,0.134096,0.129114,0.113635,0.007107,0.056638
2021-11-30,EFA,0.090286,0.001681,0.035904,0.044838,0.006088,0.004430,0.069159,0.093486,0.108214,0.003242,0.035934
2021-11-30,EEM,0.158923,0.002461,0.046825,0.020058,0.007015,0.005746,0.157771,0.139734,0.179263,0.007442,0.046883
2021-11-30,SHY,0.101077,0.001890,0.002593,-0.002006,0.000806,0.001588,0.114306,0.107443,0.081482,0.000262,0.002595
2021-11-30,IEF,0.096842,0.001556,0.017462,-0.004115,-0.000452,0.004163,0.097470,0.111726,0.081329,0.001691,0.017476
2021-11-30,TLT,0.112966,0.003283,0.044440,-0.022055,0.002675,0.005839,0.082637,0.147303,0.108958,0.005020,0.044513
2021-11-30,AGG,0.118677,0.002411,0.011403,-0.003237,0.000732,0.003271,0.113795,0.133747,0.108487,0.001353,0.011417
2021-11-30,LQD,0.140475,0.002222,0.019464,0.001167,0.002814,0.004616,0.132271,0.156292,0.132861,0.002734,0.019486
2021-11-30,HYG,0.120319,0.002477,0.011890,0.023076,0.006038,0.004954,0.109740,0.116493,0.134726,0.001431,0.011905
2021-11-30,GLD,0.124578,0.002281,0.037880,0.025982,0.009014,0.006680,0.150150,0.105384,0.118201,0.004719,0.037923
2021-11-30,SLV,0.116649,0.003278,0.067172,0.013295,0.007180,0.006761,0.089151,0.105966,0.154829,0.007836,0.067282
2021-11-30,DBC,0.128977,0.001310,0.062966,0.071869,-0.003252,-0.000964,0.120923,0.134510,0.131497,0.008121,0.063007
2021-11-30,VNQ,0.108412,0.002486,0.041777,0.094030,0.010506,0.005763,0.104116,0.152206,0.068915,0.004529,0.041829
2021-12-31,SPY,0.086700,0.002293,0.039867,-0.046341,0.006227,0.009159,0.061498,0.122234,0.076367,0.003456,0.039913
2021-12-31,QQQ,0.108761,0.002529,0.052070,-0.081262,0.007371,0.014734,0.071795,0.126859,0.127627,0.005663,0.052136
2021-12-31,IWM,0.122502,0.002386,0.061291,-0.085817,0.002899,0.008480,0.103435,0.149875,0.114197,0.007508,0.061364
2021-12-31,EFA,0.098168,0.002893,0.036599,-0.027199,0.002686,0.004430,0.069181,0.140238,0.085086,0.003593,0.036652
2021-12-31,EEM,0.107440,0.003305,0.044938,0.005937,0.004254,0.005746,0.070681,0.128391,0.123248,0.004828,0.045012
2021-12-31,SHY,0.079021,0.001259,0.002580,-0.006979,0.003812,0.001588,0.069507,0.094342,0.073212,0.000204,0.002582
2021-12-31,IEF,0.123888,0.003492,0.016346,-0.022454,0.009464,0.004163,0.099022,0.160126,0.112516,0.002025,0.016375
2021-12-31,TLT,0.132326,0.003246,0.042620,-0.042328,0.006978,0.005839,0.119517,0.168446,0.109015,0.005640,0.042689
2021-12-31,AGG,0.127724,0.003467,0.010547,-0.020328,0.007972,0.003271,0.101384,0.170744,0.111044,0.001347,0.010565
2021-12-31,LQD,0.120822,0.002717,0.018464,-0.034316,0.007883,0.004616,0.090532,0.163023,0.108912,0.002231,0.018489
2021-12-31,HYG,0.068843,0.001496,0.012350,-0.022683,0.004804,0.004954,0.057354,0.095290,0.053883,0.000850,0.012359
2021-12-31,GLD,0.095512,0.003367,0.034480,-0.015969,0.004101,0.006680,0.047334,0.154988,0.084214,0.003293,0.034538
2021-12-31,SLV,0.093040,0.002971,0.062048,-0.026499,0.003712,0.006761,0.042754,0.149377,0.086990,0.005773,0.062140
2021-12-31,DBC,0.085363,0.001376,0.058502,0.083253,0.002503,-0.000964,0.072989,0.105934,0.077165,0.004994,0.058542
2021-12-31,VNQ,0.094547,0.002890,0.045372,-0.087492,0.004637,0.005763,0.055710,0.163109,0.064824,0.004290,0.045438
2022-01-31,SPY,0.110758,0.002561,0.044912,-0.026717,0.001494,0.010182,0.085901,0.122333,0.124041,0.004974,0.044969
2022-01-31,QQQ,0.107592,0.001542,0.063364,-0.043603,0.000523,0.015603,0.088762,0.107863,0.126153,0.006817,0.063413
2022-01-31,IWM,0.125134,0.001700,0.068390,0.014908,0.000580,0.009286,0.109885,0.135409,0.130108,0.008558,0.068448
2022-01-31,EFA,0.109149,0.002998,0.037044,-0.043524,0.001257,0.005172,0.075173,0.116454,0.135821,0.004043,0.037099
2022-01-31,EEM,0.101015,0.001997,0.050846,-0.054259,0.001761,0.005858,0.071060,0.127864,0.104120,0.005136,0.050897
2022-01-31,SHY,0.047686,0.002080,0.003016,-0.005323,0.006841,0.001455,0.015980,0.078113,0.048964,0.000144,0.003019
2022-01-31,IEF,0.060030,0.001263,0.017261,-0.008461,0.001657,0.003721,0.054934,0.068548,0.056608,0.001036,0.017272
2022-01-31,TLT,0.068651,0.001675,0.044028,-0.038970,0.000518,0.005171,0.073133,0.068076,0.064743,0.003023,0.044065
2022-01-31,AGG,0.056478,0.001500,0.011885,-0.017817,0.003312,0.002965,0.049460,0.069749,0.050226,0.000671,0.011894
2022-01-31,LQD,0.057844,0.001895,0.019542,-0.032898,0.004108,0.004187,0.048164,0.070328,0.055039,0.001130,0.019561
2022-01-31,HYG,0.103691,0.002453,0.012815,-0.008983,0.007108,0.004889,0.088382,0.138602,0.084088,0.001329,0.012831
2022-01-31,GLD,0.076825,0.001267,0.035782,0.069249,0.005055,0.006199,0.083546,0.096697,0.050234,0.002749,0.035805
2022-01-31,SLV,0.084026,0.001513,0.065737,0.123558,0.004298,0.006451,0.093419,0.096123,0.062537,0.005524,0.065787
2022-01-31,DBC,0.162345,0.004829,0.052741,0.143622,0.004610,0.001338,0.117856,0.182128,0.187051,0.008562,0.052868
2022-01-31,VNQ,0.115895,0.001819,0.049979,-0.021931,-0.000416,0.007191,0.110596,0.107151,0.129939,0.005792,0.050024
2022-02-28,SPY,0.103531,0.002269,0.050924,0.060357,0.003828,0.010182,0.055152,0.142772,0.112670,0.005272,0.050982
2022-02-28,QQQ,0.108424,0.003246,0.072956,0.071652,0.005592,0.015603,0.066994,0.135518,0.122759,0.007910,0.073074
2022-02-28,IWM,0.087568,0.002447,0.070017,0.043312,0.005948,0.009286,0.064758,0.139668,0.058280,0.006131,0.070103
2022-02-28,EFA,0.104910,0.002314,0.044679,0.026359,0.001250,0.005172,0.061327,0.157135,0.096268,0.004687,0.044731
2022-02-28,EEM,0.120793,0.004056,0.052812,-0.016264,0.005231,0.005858,0.068941,0.174414,0.119025,0.006379,0.052919
2022-02-28,SHY,0.067207,0.002152,0.004765,-0.014728,-0.000889,0.001455,0.055103,0.100046,0.046473,0.000320,0.004770
2022-02-28,IEF,0.064783,0.002074,0.019706,-0.046144,-0.003242,0.003721,0.048380,0.087442,0.058528,0.001277,0.019726
2022-02-28,TLT,0.085152,0.001809,0.045044,-0.064037,-0.001489,0.005171,0.052299,0.106843,0.096315,0.003836,0.045085
2022-02-28,AGG,0.067399,0.001377,0.014185,-0.030300,-0.000864,0.002965,0.047187,0.093845,0.061165,0.000956,0.014195
2022-02-28,LQD,0.078823,0.002020,0.022798,-0.028938,-0.000416,0.004187,0.056774,0.100713,0.078982,0.001797,0.022821
2022-02-28,HYG,0.103575,0.002143,0.016242,-0.006274,-0.000682,0.004889,0.076714,0.145550,0.088460,0.001682,0.016259
2022-02-28,GLD,0.117883,0.002522,0.035492,0.004261,0.003546,0.006199,0.099405,0.150813,0.103433,0.004184,0.035537
2022-02-28,SLV,0.125281,0.003332,0.063106,0.012820,0.008427,0.006451,0.112967,0.161778,0.101098,0.007906,0.063211
2022-02-28,DBC,0.159951,0.004550,0.050678,0.092585,0.001892,0.001338,0.126842,0.245513,0.107499,0.008106,0.050793
2022-02-28,VNQ,0.124300,0.002398,0.053287,0.083623,0.003686,0.007191,0.079753,0.160723,0.132423,0.006624,0.053351
2022-03-31,SPY,0.079440,0.002877,0.056017,-0.082278,0.007830,0.010182,0.056432,0.144768,0.037121,0.004450,0.056098
2022-03-31,QQQ,0.069747,0.003166,0.079387,-0.121531,0.009506,0.015603,0.038902,0.134018,0.036321,0.005537,0.079513
2022-03-31,IWM,0.086275,0.001906,0.072884,-0.089541,0.007032,0.009286,0.068132,0.133806,0.056885,0.006288,0.072953
2022-03-31,EFA,0.073536,0.003109,0.059508,-0.069701,-0.002529,0.005172,0.041333,0.132422,0.046852,0.004376,0.059600
2022-03-31,EEM,0.092666,0.003265,0.073989,-0.062680,-0.004252,0.005858,0.064854,0.161075,0.052068,0.006856,0.074110
2022-03-31,SHY,0.063092,0.001906,0.005494,-0.005041,0.006963,0.001455,0.032705,0.099045,0.057526,0.000347,0.005499
2022-03-31,IEF,0.061493,0.001413,0.024379,-0.049418,0.001824,0.003721,0.038338,0.091902,0.054239,0.001499,0.024396
2022-03-31,TLT,0.054554,0.001586,0.051974,-0.109939,0.001089,0.005171,0.032017,0.083258,0.048385,0.002835,0.052015
2022-03-31,AGG,0.058488,0.001918,0.017685,-0.043295,0.003179,0.002965,0.032832,0.092779,0.049854,0.001034,0.017702
2022-03-31,LQD,0.053834,0.001689,0.027471,-0.072523,0.001695,0.004187,0.029433,0.081965,0.050103,0.001479,0.027494
2022-03-31,HYG,0.067119,0.002464,0.023467,-0.041741,-0.001860,0.004889,0.037868,0.117673,0.045816,0.001575,0.023496
2022-03-31,GLD,0.116155,0.003632,0.044862,-0.038860,0.005345,0.006199,0.060173,0.165821,0.122472,0.005211,0.044943
2022-03-31,SLV,0.128496,0.002750,0.067147,-0.087850,0.010795,0.006451,0.090381,0.168601,0.126506,0.008628,0.067239
2022-03-31,DBC,0.110672,0.002911,0.087555,0.072525,-0.003056,0.001338,0.073527,0.152096,0.106395,0.009690,0.087682
2022-03-31,VNQ,0.076136,0.002872,0.053797,-0.064040,0.007994,0.007191,0.038111,0.137453,0.052843,0.004096,0.053874
2022-04-29,SPY,0.130903,0.003443,0.062594,0.002257,0.003949,0.010182,0.078973,0.151616,0.162121,0.008194,0.062702
2022-04-29,QQQ,0.129963,0.004250,0.087456,-0.015866,0.003749,0.015603,0.076423,0.159002,0.154464,0.011366,0.087642
2022-04-29,IWM,0.122867,0.003792,0.074024,0.001947,0.004474,0.009286,0.054462,0.137724,0.176416,0.009095,0.074164
2022-04-29,EFA,0.129977,0.004691,0.057191,0.019959,0.005023,0.005172,0.060432,0.144612,0.184887,0.007434,0.057325
2022-04-29,EEM,0.108840,0.003503,0.069334,0.006135,0.006615,0.005858,0.053792,0.125560,0.147168,0.007546,0.069455
2022-04-29,SHY,0.074938,0.001847,0.005773,0.005961,0.009159,0.001455,0.048941,0.109464,0.066410,0.000433,0.005778
2022-04-29,IEF,0.067434,0.001712,0.024860,0.006184,0.007615,0.003721,0.046883,0.097328,0.058090,0.001676,0.024881
2022-04-29,TLT,0.081827,0.001773,0.051955,-0.022533,0.006148,0.005171,0.066472,0.115723,0.063286,0.004251,0.052001
2022-04-29,AGG,0.069724,0.002329,0.019014,0.007605,0.007963,0.002965,0.045937,0.105497,0.057739,0.001326,0.019036
2022-04-29,LQD,0.068199,0.001861,0.031020,0.018639,0.006286,0.004187,0.036890,0.110337,0.057370,0.002116,0.031049
2022-04-29,HYG,0.094994,0.002897,0.025962,0.016299,0.006068,0.004889,0.050339,0.127946,0.106696,0.002466,0.026000
2022-04-29,GLD,0.105240,0.002610,0.041940,-0.032615,0.011488,0.006199,0.069053,0.147948,0.098720,0.004414,0.041995
2022-04-29,SLV,0.145134,0.003672,0.065604,-0.057034,0.009377,0.006451,0.117880,0.167451,0.150071,0.009521,0.065724
2022-04-29,DBC,0.112575,0.002620,0.081033,0.046131,0.007962,0.001338,0.062018,0.150451,0.125257,0.009122,0.081139
2022-04-29,VNQ,0.125343,0.002938,0.060243,-0.046854,0.007356,0.007191,0.085928,0.171709,0.118392,0.007551,0.060331
2022-05-31,SPY,0.091446,0.001721,0.071036,-0.082460,-0.002197,0.010182,0.086005,0.111619,0.076712,0.006496,0.071097
2022-05-31,QQQ,0.089161,0.001351,0.097556,-0.089079,-0.000956,0.015603,0.083045,0.100662,0.083775,0.008698,0.097622
2022-05-31,IWM,0.099480,0.001098,0.083517,-0.083663,-0.000719,0.009286,0.093201,0.107592,0.097646,0.008308,0.083563
2022-05-31,EFA,0.089060,0.002224,0.060991,-0.087666,-0.000662,0.005172,0.073051,0.131475,0.062652,0.005432,0.061059
2022-05-31,EEM,0.084887,0.002660,0.071311,-0.051577,0.002505,0.005858,0.077879,0.123107,0.053674,0.006053,0.071406
2022-05-31,SHY,0.102806,0.002209,0.005813,-0.005943,0.002641,0.001455,0.079215,0.127962,0.101241,0.000598,0.005819
2022-05-31,IEF,0.110005,0.002622,0.025704,-0.008635,0.005830,0.003721,0.075265,0.153511,0.101238,0.002828,0.025738
2022-05-31,TLT,0.114869,0.003219,0.055498,-0.012746,0.005148,0.005171,0.077298,0.167926,0.099382,0.006375,0.055587
2022-05-31,AGG,0.101230,0.002603,0.019694,-0.015530,0.003985,0.002965,0.062909,0.147940,0.092841,0.001994,0.019720
2022-05-31,LQD,0.106302,0.002582,0.031189,-0.036228,0.003187,0.004187,0.072226,0.150523,0.096157,0.003315,0.031229
2022-05-31,HYG,0.100611,0.001367,0.030035,-0.070499,-0.000774,0.004889,0.093934,0.106519,0.101380,0.003022,0.030056
2022-05-31,GLD,0.120650,0.003542,0.041384,-0.015660,0.009734,0.006199,0.069328,0.167450,0.125171,0.004993,0.041457
2022-05-31,SLV,0.119664,0.002875,0.071405,-0.060484,0.006796,0.006451,0.082641,0.154627,0.121723,0.008545,0.071508
2022-05-31,DBC,0.111579,0.003961,0.078844,-0.075000,0.011731,0.001338,0.069636,0.164096,0.101005,0.008797,0.079000
2022-05-31,VNQ,0.103086,0.001984,0.067769,-0.074489,-0.004236,0.007191,0.079934,0.128474,0.100852,0.006986,0.067836
2022-06-30,SPY,0.069549,0.002315,0.075684,0.088853,0.002010,0.010182,0.044662,0.085412,0.078573,0.005264,0.075772
2022-06-30,QQQ,0.070284,0.001786,0.100217,0.124839,0.006196,0.015603,0.040870,0.083394,0.086589,0.007044,0.100306
2022-06-30,IWM,0.079251,0.002164,0.086995,0.105220,0.004787,0.009286,0.050137,0.081601,0.106016,0.006894,0.087089
2022-06-30,EFA,0.079388,0.001841,0.064563,0.053128,-0.000012,0.005172,0.068230,0.090050,0.079885,0.005126,0.064622
2022-06-30,EEM,0.079335,0.001917,0.071242,-0.011970,0.006027,0.005858,0.068455,0.077323,0.092227,0.005652,0.071310
2022-06-30,SHY,0.075088,0.002145,0.007042,0.004074,-0.000747,0.001455,0.038338,0.102675,0.084251,0.000529,0.007050
2022-06-30,IEF,0.065924,0.001692,0.028899,0.035637,-0.001739,0.003721,0.025076,0.105953,0.066743,0.001905,0.028923
2022-06-30,TLT,0.052163,0.001721,0.057767,0.048979,0.000079,0.005171,0.010184,0.085257,0.061048,0.003013,0.057817
2022-06-30,AGG,0.054619,0.002470,0.022383,0.028935,-0.000365,0.002965,0.016739,0.093067,0.054051,0.001223,0.022411
2022-06-30,LQD,0.051417,0.001987,0.033336,0.046509,0.002466,0.004187,0.018356,0.083576,0.052319,0.001714,0.033369
2022-06-30,HYG,0.054750,0.001836,0.037608,0.067318,0.000702,0.004889,0.034173,0.066595,0.063482,0.002059,0.037643
2022-06-30,GLD,0.132192,0.003457,0.041371,-0.020361,0.010924,0.006199,0.128027,0.169046,0.099502,0.005469,0.041442
2022-06-30,SLV,0.143423,0.002786,0.072536,0.008047,0.010952,0.006451,0.138775,0.164236,0.127258,0.010403,0.072637
2022-06-30,DBC,0.137710,0.002237,0.076388,-0.039790,0.014527,0.001338,0.120728,0.147888,0.144512,0.010519,0.076473
2022-06-30,VNQ,0.056606,0.001665,0.073574,0.077379,-0.001128,0.007191,0.029327,0.068546,0.071943,0.004165,0.073635
2022-07-29,SPY,0.121838,0.002564,0.071178,-0.022719,0.010781,0.010182,0.081722,0.159213,0.124579,0.008672,0.071269
2022-07-29,QQQ,0.119104,0.002486,0.095267,-0.035028,0.018684,0.015603,0.083461,0.156912,0.116940,0.011347,0.095385
2022-07-29,IWM,0.124391,0.002782,0.081906,-0.000053,0.016913,0.009286,0.090757,0.168041,0.114374,0.010188,0.082020
2022-07-29,EFA,0.137040,0.002505,0.063185,-0.047931,0.001879,0.005172,0.093980,0.172794,0.144347,0.008659,0.063264
2022-07-29,EEM,0.133470,0.003668,0.065707,-0.005005,0.006397,0.005858,0.096889,0.184491,0.119031,0.008770,0.065827
2022-07-29,SHY,0.072659,0.001335,0.006979,-0.007498,-0.000369,0.001455,0.071522,0.097280,0.049175,0.000507,0.006984
2022-07-29,IEF,0.077673,0.001675,0.028925,-0.034252,0.002617,0.003721,0.069534,0.107186,0.056300,0.002247,0.028949
2022-07-29,TLT,0.080767,0.002850,0.054778,-0.038706,0.007991,0.005171,0.054149,0.126461,0.061691,0.004424,0.054856
2022-07-29,AGG,0.075763,0.001946,0.021985,-0.026475,0.002609,0.002965,0.066132,0.108663,0.052493,0.001666,0.022006
2022-07-29,LQD,0.083091,0.002619,0.032397,-0.035370,0.005229,0.004187,0.049796,0.130386,0.069092,0.002692,0.032439
2022-07-29,HYG,0.084762,0.003048,0.037420,-0.030378,0.004213,0.004889,0.059811,0.133686,0.060790,0.003172,0.037477
2022-07-29,GLD,0.065236,0.002180,0.040835,-0.013650,0.002685,0.006199,0.049961,0.097261,0.048487,0.002664,0.040879
2022-07-29,SLV,0.062968,0.002499,0.077358,-0.075401,-0.003842,0.006451,0.039372,0.103725,0.045808,0.004871,0.077455
2022-07-29,DBC,0.148677,0.002937,0.084693,0.034852,-0.004134,0.001338,0.119345,0.183412,0.143273,0.012592,0.084817
2022-07-29,VNQ,0.123182,0.002111,0.068575,-0.042441,0.010350,0.007191,0.100795,0.160508,0.108243,0.008447,0.068647
2022-08-31,SPY,0.120435,0.003047,0.066711,-0.092446,0.015639,0.010182,0.092599,0.168459,0.100247,0.008034,0.066813
2022-08-31,QQQ,0.123045,0.002331,0.088638,-0.105355,0.019259,0.015603,0.110855,0.163924,0.094356,0.010906,0.088741
2022-08-31,IWM,0.120900,0.002254,0.077293,-0.096605,0.016858,0.009286,0.114904,0.135368,0.112427,0.009345,0.077380
2022-08-31,EFA,0.084442,0.003020,0.058642,-0.092220,0.013820,0.005172,0.039344,0.124258,0.089722,0.004952,0.058730
2022-08-31,EEM,0.071969,0.002198,0.058724,-0.115394,0.015268,0.005858,0.026319,0.107586,0.082002,0.004226,0.058789
2022-08-31,SHY,0.131647,0.001807,0.006667,-0.011924,0.010174,0.001455,0.127016,0.133270,0.134656,0.000878,0.006673
2022-08-31,IEF,0.125312,0.002348,0.028254,-0.047350,0.011300,0.003721,0.129836,0.134686,0.111413,0.003541,0.028287
2022-08-31,TLT,0.130743,0.002551,0.055203,-0.082351,0.009888,0.005171,0.117737,0.142783,0.131708,0.007217,0.055273
2022-08-31,AGG,0.131653,0.002060,0.021984,-0.041450,0.011922,0.002965,0.136408,0.150138,0.108414,0.002894,0.022007
2022-08-31,LQD,0.130034,0.001832,0.033537,-0.059798,0.012399,0.004187,0.139920,0.148867,0.101314,0.004361,0.033568
2022-08-31,HYG,0.096696,0.002447,0.036874,-0.037404,0.011429,0.004889,0.074957,0.128101,0.087029,0.003566,0.036919
2022-08-31,GLD,0.142477,0.004539,0.038806,-0.028882,0.011430,0.006199,0.128428,0.115569,0.183434,0.005529,0.038894
2022-08-31,SLV,0.136217,0.002352,0.077116,0.055489,0.005316,0.006451,0.134787,0.139941,0.133924,0.010505,0.077207
2022-08-31,DBC,0.135172,0.002651,0.078027,-0.070373,0.008655,0.001338,0.127677,0.138163,0.139676,0.010547,0.078130
2022-08-31,VNQ,0.129036,0.002860,0.063864,-0.128713,0.014732,0.007191,0.113034,0.155640,0.118434,0.008241,0.063955
2022-09-30,SPY,0.118016,0.002847,0.067935,0.081276,0.006186,0.010182,0.085936,0.116618,0.151493,0.008017,0.068032
2022-09-30,QQQ,0.131327,0.003049,0.087260,0.039999,0.010839,0.015603,0.098141,0.130967,0.164873,0.011460,0.087393
2022-09-30,IWM,0.146008,0.002730,0.078547,0.111630,0.006806,0.009286,0.106850,0.150766,0.180408,0.011468,0.078654
2022-09-30,EFA,0.106711,0.001935,0.062649,0.058918,0.003253,0.005172,0.072314,0.111149,0.136669,0.006685,0.062710
2022-09-30,EEM,0.138373,0.003404,0.059455,-0.019782,0.007181,0.005858,0.101315,0.151334,0.162471,0.008227,0.059556
2022-09-30,SHY,0.084948,0.002390,0.007077,-0.001257,0.006356,0.001455,0.036225,0.092233,0.126385,0.000601,0.007085
2022-09-30,IEF,0.101740,0.002600,0.032119,-0.014540,0.005125,0.003721,0.059565,0.127571,0.118083,0.003268,0.032161
2022-09-30,TLT,0.123604,0.003284,0.060641,-0.059644,0.006212,0.005171,0.084382,0.164800,0.121632,0.007495,0.060740
2022-09-30,AGG,0.105904,0.002204,0.024685,-0.012785,0.006780,0.002965,0.058438,0.139524,0.119749,0.002614,0.024712
2022-09-30,LQD,0.107132,0.002466,0.037012,-0.007453,0.007997,0.004187,0.068556,0.134710,0.118129,0.003965,0.037058
2022-09-30,HYG,0.112981,0.002728,0.038543,0.033658,0.006319,0.004889,0.071819,0.115665,0.151460,0.004355,0.038596
2022-09-30,GLD,0.109070,0.002959,0.040352,-0.017844,0.003225,0.006199,0.064939,0.129484,0.132787,0.004401,0.040412
2022-09-30,SLV,0.088704,0.003237,0.082983,0.006857,0.001589,0.006451,0.022377,0.138938,0.104799,0.007361,0.083117
2022-09-30,DBC,0.145139,0.002842,0.077655,0.050606,0.000935,0.001338,0.098953,0.182727,0.153737,0.011271,0.077765
2022-09-30,VNQ,0.115609,0.002750,0.069543,0.035051,0.000551,0.007191,0.077446,0.132052,0.137329,0.008040,0.069639
2022-10-31,SPY,0.077294,0.003033,0.071584,0.055592,0.008199,0.010182,0.057054,0.129624,0.045205,0.005533,0.071692
2022-10-31,QQQ,0.075273,0.002943,0.089460,0.055442,0.015431,0.015603,0.053033,0.121758,0.051028,0.006734,0.089592
2022-10-31,IWM,0.072562,0.002620,0.081450,0.022037,0.011576,0.009286,0.066407,0.112222,0.039056,0.005910,0.081557
2022-10-31,EFA,0.060091,0.004070,0.065658,0.131681,0.007572,0.005172,0.020963,0.135075,0.024236,0.003945,0.065791
2022-10-31,EEM,0.092086,0.003683,0.064646,0.155894,0.009451,0.005858,0.042829,0.148868,0.084560,0.005953,0.064765
2022-10-31,SHY,0.052872,0.002606,0.006928,0.006938,0.005920,0.001455,0.047066,0.098571,0.012978,0.000366,0.006937
2022-10-31,IEF,0.056759,0.002165,0.031204,0.036123,0.010285,0.003721,0.063422,0.088466,0.018390,0.001771,0.031238
2022-10-31,TLT,0.068736,0.001885,0.059760,0.071510,0.013908,0.005171,0.076252,0.094429,0.035528,0.004108,0.059816
2022-10-31,AGG,0.049879,0.002379,0.023920,0.038084,0.010214,0.002965,0.049807,0.083612,0.016218,0.001193,0.023948
2022-10-31,LQD,0.049929,0.002186,0.036487,0.066477,0.012304,0.004187,0.040029,0.097677,0.012080,0.001822,0.036527
2022-10-31,HYG,0.076561,0.004532,0.039732,0.034313,0.006597,0.004889,0.056560,0.142536,0.030588,0.003042,0.039822
2022-10-31,GLD,0.108398,0.003640,0.041909,0.084919,0.008659,0.006199,0.070995,0.161680,0.092520,0.004543,0.041985
2022-10-31,SLV,0.094824,0.003151,0.093056,0.159478,0.002220,0.006451,0.073155,0.155045,0.056271,0.008824,0.093202
2022-10-31,DBC,0.129009,0.002664,0.071706,0.014729,0.004985,0.001338,0.103001,0.152921,0.131105,0.009251,0.071801
2022-10-31,VNQ,0.078921,0.003089,0.075925,0.061461,0.002083,0.007191,0.067166,0.130671,0.038927,0.005992,0.076042
2022-11-30,SPY,0.074899,0.001447,0.073892,-0.057628,0.007637,0.010182,0.065688,0.100760,0.058250,0.005534,0.073945
2022-11-30,QQQ,0.075998,0.001757,0.095219,-0.090137,0.014031,0.015603,0.078513,0.098462,0.051018,0.007236,0.095303
2022-11-30,IWM,0.081759,0.001890,0.083627,-0.065141,0.007126,0.009286,0.086177,0.096784,0.062318,0.006837,0.083706
2022-11-30,EFA,0.084704,0.001700,0.070642,-0.018129,0.007239,0.005172,0.059032,0.106308,0.088773,0.005984,0.070702
2022-11-30,EEM,0.102207,0.001777,0.070791,-0.026375,0.011037,0.005858,0.090047,0.128780,0.087794,0.007235,0.070854
2022-11-30,SHY,0.070884,0.003326,0.007053,0.001177,-0.000475,0.001455,0.020780,0.126584,0.065287,0.000500,0.007065
2022-11-30,IEF,0.060688,0.002519,0.030967,-0.014881,0.006468,0.003721,0.006869,0.114681,0.060513,0.001879,0.031006
2022-11-30,TLT,0.052989,0.002650,0.060125,-0.026200,0.015261,0.005171,0.009464,0.097389,0.052114,0.003186,0.060205
2022-11-30,AGG,0.058507,0.003096,0.025081,-0.008705,0.005540,0.002965,0.008644,0.109704,0.057174,0.001467,0.025120
2022-11-30,LQD,0.055945,0.002474,0.039044,-0.015512,0.009799,0.004187,0.011736,0.107866,0.048232,0.002184,0.039092
2022-11-30,HYG,0.087345,0.002566,0.041015,-0.017570,0.003418,0.004889,0.061726,0.128189,0.072122,0.003582,0.041068
2022-11-30,GLD,0.098936,0.003619,0.045916,0.029306,0.006309,0.006199,0.036283,0.134432,0.126093,0.004543,0.045999
2022-11-30,SLV,0.099015,0.002388,0.099327,0.077827,0.005532,0.006451,0.058314,0.123531,0.115200,0.009835,0.099446
2022-11-30,DBC,0.091377,0.001938,0.070268,-0.027115,-0.003330,0.001338,0.108911,0.097108,0.068113,0.006421,0.070336
2022-11-30,VNQ,0.077199,0.002974,0.081846,-0.050343,0.004978,0.007191,0.036879,0.122612,0.072107,0.006318,0.081968
2022-12-30,SPY,0.164527,0.003076,0.068075,0.074183,0.015113,0.010182,0.140859,0.198749,0.153973,0.011200,0.068180
2022-12-30,QQQ,0.147787,0.002962,0.087671,0.130089,0.022041,0.015603,0.117775,0.184416,0.141171,0.012957,0.087801
2022-12-30,IWM,0.180118,0.002573,0.077650,0.115451,0.014249,0.009286,0.165649,0.197020,0.177685,0.013986,0.077750
2022-12-30,EFA,0.153454,0.002505,0.063783,0.099787,0.014734,0.005172,0.128675,0.170809,0.160877,0.009788,0.063863
2022-12-30,EEM,0.123589,0.003389,0.064327,0.104749,0.016286,0.005858,0.071291,0.151968,0.147507,0.007950,0.064436
2022-12-30,SHY,0.126809,0.002864,0.006714,0.009514,0.009261,0.001455,0.140426,0.160576,0.079425,0.000851,0.006724
2022-12-30,IEF,0.111596,0.003105,0.029933,0.043261,0.013152,0.003721,0.093932,0.149694,0.091162,0.003340,0.029979
2022-12-30,TLT,0.091859,0.002581,0.061924,0.089377,0.015247,0.005171,0.062123,0.129645,0.083810,0.005688,0.062004
2022-12-30,AGG,0.112592,0.003176,0.024381,0.040589,0.014514,0.002965,0.094880,0.158338,0.084559,0.002745,0.024420
2022-12-30,LQD,0.105547,0.003084,0.037406,0.062274,0.016637,0.004187,0.073578,0.154306,0.088757,0.003948,0.037464
2022-12-30,HYG,0.144319,0.002342,0.038404,0.047560,0.012965,0.004889,0.128179,0.169694,0.135085,0.005542,0.038449
2022-12-30,GLD,0.136164,0.003683,0.045442,0.070915,0.003584,0.006199,0.104385,0.170293,0.133813,0.006188,0.045526
2022-12-30,SLV,0.129590,0.001432,0.098350,0.002725,0.009550,0.006451,0.109266,0.174791,0.104714,0.012745,0.098420
2022-12-30,DBC,0.132705,0.003319,0.065397,-0.010142,-0.003291,0.001338,0.072108,0.166474,0.159533,0.008679,0.065505
2022-12-30,VNQ,0.160349,0.002071,0.074681,0.110815,0.014900,0.007191,0.152065,0.175796,0.153187,0.011975,0.074758
2023-01-31,SPY,0.100885,0.002953,0.063042,-0.021329,0.009586,0.009456,0.064315,0.104365,0.133974,0.006360,0.063135
2023-01-31,QQQ,0.089448,0.002668,0.082128,-0.003428,0.017090,0.013660,0.056911,0.095270,0.116163,0.007346,0.082237
2023-01-31,IWM,0.113563,0.001718,0.072377,-0.013631,0.010094,0.008532,0.078950,0.132326,0.129412,0.008219,0.072439
2023-01-31,EFA,0.114438,0.002733,0.057677,-0.023620,0.009052,0.004669,0.086722,0.127763,0.128828,0.006600,0.057756
2023-01-31,EEM,0.115051,0.002098,0.060649,-0.052466,0.013219,0.004704,0.113852,0.102946,0.128355,0.006978,0.060713
2023-01-31,SHY,0.126788,0.002106,0.006620,-0.009507,0.001826,0.001133,0.114721,0.134369,0.131273,0.000839,0.006627
2023-01-31,IEF,0.120773,0.001421,0.029585,-0.044388,0.005231,0.002657,0.094468,0.131243,0.136608,0.003573,0.029606
2023-01-31,TLT,0.122762,0.002470,0.060491,-0.067074,0.008071,0.002882,0.083171,0.148959,0.136156,0.007426,0.060566
2023-01-31,AGG,0.113299,0.001811,0.023751,-0.034236,0.005125,0.002059,0.079067,0.123783,0.137047,0.002691,0.023772
2023-01-31,LQD,0.124159,0.003321,0.035406,-0.046848,0.006805,0.003003,0.072478,0.147768,0.152232,0.004396,0.035465
2023-01-31,HYG,0.126411,0.002534,0.034862,-0.020441,0.007422,0.004307,0.093943,0.129473,0.155818,0.004407,0.034906
2023-01-31,GLD,0.145554,0.002358,0.043282,-0.048771,0.008670,0.005811,0.160829,0.124950,0.150883,0.006300,0.043333
2023-01-31,SLV,0.190870,0.003601,0.089233,-0.118644,0.009627,0.006424,0.194171,0.169403,0.209037,0.017032,0.089394
2023-01-31,DBC,0.184641,0.002647,0.061462,-0.031765,0.006020,0.003502,0.197567,0.193422,0.162936,0.011348,0.061543
2023-01-31,VNQ,0.109990,0.001342,0.073044,-0.059631,0.007219,0.006135,0.099675,0.125403,0.104891,0.008034,0.073093
2023-02-28,SPY,0.120177,0.002706,0.058258,0.016710,0.014524,0.009456,0.089411,0.147322,0.123796,0.007001,0.058337
2023-02-28,QQQ,0.130110,0.004328,0.079021,0.066917,0.015908,0.013660,0.091325,0.165270,0.133736,0.010281,0.079192
2023-02-28,IWM,0.116724,0.002997,0.067819,-0.064368,0.009465,0.008532,0.083694,0.133222,0.133255,0.007916,0.067921
2023-02-28,EFA,0.144239,0.002698,0.052716,0.014275,0.012432,0.004669,0.117385,0.177394,0.137939,0.007604,0.052787
2023-02-28,EEM,0.124547,0.004314,0.056885,0.023280,0.008191,0.004704,0.066790,0.183374,0.123478,0.007085,0.057008
2023-02-28,SHY,0.155011,0.001749,0.006596,0.015119,0.006166,0.001133,0.153522,0.169526,0.141986,0.001022,0.006602
2023-02-28,IEF,0.149411,0.002762,0.028168,0.029990,0.006698,0.002657,0.159153,0.139692,0.149389,0.004209,0.028207
2023-02-28,TLT,0.138184,0.001797,0.056792,0.028188,0.010394,0.002882,0.137589,0.137155,0.139808,0.007848,0.056843
2023-02-28,AGG,0.138068,0.001767,0.022994,0.020335,0.007522,0.002059,0.146185,0.129405,0.138614,0.003175,0.023014
2023-02-28,LQD,0.126028,0.001895,0.034153,0.027779,0.008030,0.003003,0.134244,0.123822,0.120019,0.004304,0.034185
2023-02-28,HYG,0.117405,0.001875,0.034312,0.002970,0.005037,0.004307,0.092400,0.129506,0.130308,0.004028,0.034344
2023-02-28,GLD,0.130446,0.001536,0.042273,0.075097,0.007372,0.005811,0.125012,0.140084,0.126243,0.005514,0.042305
2023-02-28,SLV,0.127125,0.002005,0.084418,0.115505,0.011408,0.006424,0.111950,0.136273,0.133152,0.010732,0.084503
2023-02-28,DBC,0.136388,0.003587,0.057706,-0.017256,0.003564,0.003502,0.114319,0.120573,0.174274,0.007870,0.057809
2023-02-28,VNQ,0.096992,0.001650,0.067210,-0.054429,0.012522,0.006135,0.074271,0.110553,0.106153,0.006519,0.067265
2023-03-31,SPY,0.191755,0.003416,0.056153,0.003542,0.007279,0.009456,0.155579,0.207182,0.212504,0.010768,0.056249
2023-03-31,QQQ,0.187562,0.003365,0.073194,-0.004830,0.016763,0.013660,0.139060,0.224673,0.198953,0.013728,0.073317
2023-03-31,IWM,0.174285,0.003257,0.069728,-0.037556,0.002153,0.008532,0.144609,0.173221,0.205026,0.012153,0.069841
2023-03-31,EFA,0.205090,0.003794,0.053013,0.017478,0.004800,0.004669,0.162123,0.200225,0.252923,0.010872,0.053113
2023-03-31,EEM,0.170955,0.002943,0.054020,-0.021287,0.008188,0.004704,0.152316,0.162920,0.197630,0.009235,0.054099
2023-03-31,SHY,0.126457,0.003243,0.010912,0.003552,0.001180,0.001133,0.066033,0.150975,0.162362,0.001380,0.010930
2023-03-31,IEF,0.163677,0.003750,0.032072,0.009252,0.003497,0.002657,0.110694,0.169067,0.211271,0.005249,0.032132
2023-03-31,TLT,0.167958,0.002939,0.058164,-0.001265,0.008176,0.002882,0.128112,0.197634,0.178127,0.009769,0.058249
2023-03-31,AGG,0.173413,0.003140,0.024222,0.005140,0.003473,0.002059,0.123815,0.181233,0.215192,0.004200,0.024260
2023-03-31,LQD,0.203986,0.004636,0.032234,0.001743,0.006073,0.003003,0.164181,0.206803,0.240974,0.006575,0.032309
2023-03-31,HYG,0.195095,0.003805,0.032492,-0.003508,0.000302,0.004307,0.143313,0.216621,0.225351,0.006339,0.032554
2023-03-31,GLD,0.194350,0.002790,0.048085,0.023469,0.007234,0.005811,0.171910,0.222881,0.188258,0.009345,0.048152
2023-03-31,SLV,0.175888,0.002896,0.086889,0.055606,0.011222,0.006424,0.156960,0.181565,0.189138,0.015283,0.087015
2023-03-31,DBC,0.180584,0.004252,0.054841,-0.038332,0.004463,0.003502,0.158135,0.162638,0.220979,0.009903,0.054957
2023-03-31,VNQ,0.167295,0.002757,0.071779,-0.021195,0.007109,0.006135,0.137372,0.202317,0.162197,0.012008,0.071878
2023-04-28,SPY,0.151732,0.002588,0.051187,0.010218,0.007263,0.009456,0.124896,0.171936,0.158364,0.007767,0.051253
2023-04-28,QQQ,0.151561,0.003736,0.066960,0.085007,0.010762,0.013660,0.121662,0.176882,0.156138,0.010149,0.067085
2023-04-28,IWM,0.126380,0.002218,0.064430,0.001713,0.009591,0.008532,0.103111,0.156105,0.119923,0.008143,0.064501
2023-04-28,EFA,0.153207,0.003563,0.047686,-0.030019,0.012307,0.004669,0.128015,0.192860,0.138745,0.007306,0.047771
2023-04-28,EEM,0.149655,0.003319,0.049887,-0.014823,0.012422,0.004704,0.118135,0.172153,0.158679,0.007466,0.049970
2023-04-28,SHY,0.141366,0.004627,0.010223,-0.004744,0.003971,0.001133,0.116026,0.215610,0.092464,0.001445,0.010247
2023-04-28,IEF,0.158142,0.003946,0.030204,-0.018102,0.006342,0.002657,0.139276,0.221738,0.113411,0.004777,0.030264
2023-04-28,TLT,0.188834,0.004576,0.054344,-0.038534,0.010558,0.002882,0.153712,0.249701,0.163090,0.010262,0.054468
2023-04-28,AGG,0.165860,0.004516,0.022575,-0.014953,0.006022,0.002059,0.143219,0.227828,0.126534,0.003744,0.022626
2023-04-28,LQD,0.179894,0.004684,0.029104,-0.020884,0.007072,0.003003,0.148042,0.245020,0.146621,0.005236,0.029172
2023-04-28,HYG,0.151564,0.003555,0.028681,-0.009249,0.003505,0.004307,0.129132,0.206313,0.119248,0.004347,0.028732
2023-04-28,GLD,0.153581,0.002243,0.045237,-0.014935,0.013925,0.005811,0.142234,0.187679,0.130830,0.006948,0.045288
2023-04-28,SLV,0.148002,0.003040,0.079170,-0.073913,0.015311,0.006424,0.148161,0.177308,0.118536,0.011717,0.079290
2023-04-28,DBC,0.128852,0.003002,0.050660,-0.053480,0.013045,0.003502,0.110982,0.098678,0.176895,0.006528,0.050736
2023-04-28,VNQ,0.146460,0.002241,0.065748,-0.044418,0.013329,0.006135,0.126960,0.180699,0.131722,0.009629,0.065822
2023-05-31,SPY,0.113177,0.003624,0.046900,0.064800,0.005042,0.009456,0.103554,0.086108,0.149870,0.005308,0.046985
2023-05-31,QQQ,0.119001,0.004230,0.062852,0.063039,0.012854,0.013660,0.107081,0.092175,0.157746,0.007479,0.062985
2023-05-31,IWM,0.097448,0.002088,0.060383,0.080673,0.009642,0.008532,0.087395,0.072888,0.132061,0.005884,0.060446
2023-05-31,EFA,0.124387,0.004357,0.044320,0.044701,0.012458,0.004669,0.102051,0.093081,0.178028,0.005513,0.044416
2023-05-31,EEM,0.117983,0.003879,0.047857,0.043989,0.010279,0.004704,0.068042,0.116531,0.169377,0.005646,0.047950
2023-05-31,SHY,0.150148,0.003103,0.009407,-0.004946,0.005879,0.001133,0.165291,0.169780,0.115373,0.001412,0.009422
2023-05-31,IEF,0.144664,0.002180,0.028830,-0.012553,0.005031,0.002657,0.172277,0.128520,0.133194,0.004171,0.028861
2023-05-31,TLT,0.136568,0.001413,0.052257,0.002171,0.004785,0.002882,0.155307,0.120637,0.133760,0.007137,0.052294
2023-05-31,AGG,0.132383,0.002523,0.021900,-0.003682,0.003824,0.002059,0.161606,0.108629,0.126913,0.002899,0.021928
2023-05-31,LQD,0.110004,0.002668,0.028243,0.008101,0.002832,0.003003,0.135905,0.079506,0.114602,0.003107,0.028281
2023-05-31,HYG,0.113279,0.003155,0.025870,0.017802,0.006020,0.004307,0.133791,0.081714,0.124332,0.002931,0.025911
2023-05-31,GLD,0.151195,0.002334,0.042951,-0.022214,0.008614,0.005811,0.172152,0.154276,0.127157,0.006494,0.043001
2023-05-31,SLV,0.135531,0.002165,0.077031,-0.033318,0.002450,0.006424,0.154844,0.119304,0.132446,0.010440,0.077114
2023-05-31,DBC,0.117700,0.003118,0.052554,0.029478,0.011180,0.003502,0.084156,0.101473,0.167470,0.006186,0.052636
2023-05-31,VNQ,0.104675,0.002035,0.061019,0.056295,0.009510,0.006135,0.109540,0.078291,0.126193,0.006387,0.061081
2023-06-30,SPY,0.173685,0.003397,0.043038,0.029778,0.010049,0.009456,0.150688,0.174029,0.196339,0.007475,0.043111
2023-06-30,QQQ,0.166981,0.002863,0.058978,0.036192,0.020090,0.013660,0.148260,0.155180,0.197502,0.009848,0.059062
2023-06-30,IWM,0.161377,0.003570,0.060094,0.056229,0.008805,0.008532,0.131972,0.160577,0.191583,0.009698,0.060201
2023-06-30,EFA,0.140414,0.003643,0.042973,0.014207,0.005040,0.004669,0.123549,0.120575,0.177117,0.006034,0.043051
2023-06-30,EEM,0.159275,0.003710,0.046467,0.047017,0.008109,0.004704,0.146725,0.124325,0.206776,0.007401,0.046553
2023-06-30,SHY,0.139832,0.004305,0.008576,0.002199,0.006735,0.001133,0.087948,0.183918,0.147631,0.001199,0.008594
2023-06-30,IEF,0.149917,0.003641,0.027152,-0.012322,0.007579,0.002657,0.097770,0.187162,0.164818,0.004071,0.027201
2023-06-30,TLT,0.140196,0.003018,0.048956,-0.041413,0.006821,0.002882,0.077026,0.182162,0.161401,0.006863,0.049030
2023-06-30,AGG,0.151551,0.004145,0.020667,-0.006774,0.006091,0.002059,0.093572,0.178559,0.182523,0.003132,0.020710
2023-06-30,LQD,0.149936,0.003479,0.026380,-0.009431,0.001287,0.003003,0.092687,0.162615,0.194507,0.003955,0.026426
2023-06-30,HYG,0.166762,0.003280,0.023364,0.006150,0.003004,0.004307,0.141549,0.154314,0.204423,0.003896,0.023402
2023-06-30,GLD,0.144992,0.003545,0.039770,0.012285,0.006501,0.005811,0.131498,0.128706,0.174772,0.005766,0.039840
2023-06-30,SLV,0.133771,0.003595,0.075168,0.067018,0.000630,0.006424,0.176040,0.102094,0.123179,0.010055,0.075303
2023-06-30,DBC,0.173708,0.003352,0.052009,0.081498,0.004365,0.003502,0.201413,0.164262,0.155450,0.009034,0.052096
2023-06-30,VNQ,0.143519,0.002071,0.058213,0.018669,0.009704,0.006135,0.138484,0.161078,0.130994,0.008355,0.058273
2023-07-31,SPY,0.106806,0.004420,0.038411,-0.018852,0.008014,0.009456,0.073673,0.079226,0.167521,0.004103,0.038496
2023-07-31,QQQ,0.118597,0.003130,0.054559,-0.023222,0.015169,0.013660,0.085017,0.118267,0.152508,0.006471,0.054644
2023-07-31,IWM,0.103901,0.003935,0.056385,-0.052740,0.002663,0.008532,0.071433,0.084453,0.155816,0.005858,0.056496
2023-07-31,EFA,0.114039,0.002656,0.041210,-0.035052,0.001905,0.004669,0.074472,0.113574,0.154071,0.004700,0.041265
2023-07-31,EEM,0.101349,0.002032,0.048372,-0.051490,-0.002596,0.004704,0.094920,0.088839,0.120289,0.004902,0.048421
2023-07-31,SHY,0.170691,0.002303,0.007947,0.003114,0.001154,0.001133,0.183977,0.181115,0.146982,0.001356,0.007956
2023-07-31,IEF,0.147057,0.002054,0.026312,-0.009194,0.004538,0.002657,0.138062,0.145469,0.157641,0.003869,0.026339
2023-07-31,TLT,0.150701,0.004244,0.046041,-0.034729,0.006771,0.002882,0.107270,0.153723,0.191110,0.006938,0.046139
2023-07-31,AGG,0.147711,0.002615,0.020222,-0.007340,0.002816,0.002059,0.133437,0.146711,0.162987,0.002987,0.020248
2023-07-31,LQD,0.141155,0.003086,0.026668,-0.012570,0.001679,0.003003,0.103731,0.143296,0.176437,0.003764,0.026709
2023-07-31,HYG,0.123861,0.003841,0.022729,0.002901,0.001783,0.004307,0.098864,0.086133,0.186588,0.002815,0.022773
2023-07-31,GLD,0.164328,0.003039,0.037252,-0.013600,0.003807,0.005811,0.156713,0.165090,0.171181,0.006122,0.037309
2023-07-31,SLV,0.125282,0.003092,0.076597,0.000881,0.003456,0.006424,0.109772,0.119469,0.146605,0.009596,0.076715
2023-07-31,DBC,0.132013,0.003260,0.048008,-0.008914,0.006478,0.003502,0.122321,0.122018,0.151701,0.006338,0.048086
2023-07-31,VNQ,0.109021,0.003747,0.053130,-0.030143,0.010554,0.006135,0.083937,0.079865,0.163262,0.005792,0.053229
2023-08-31,SPY,0.160068,0.006011,0.037387,-0.047813,0.005567,0.009456,0.173718,0.085490,0.220996,0.005984,0.037499
2023-08-31,QQQ,0.141598,0.004724,0.053704,-0.042877,0.012577,0.013660,0.160645,0.083205,0.180945,0.007604,0.053831
2023-08-31,IWM,0.136100,0.005699,0.050806,-0.072758,0.003124,0.008532,0.129145,0.089327,0.189828,0.006915,0.050951
2023-08-31,EFA,0.165850,0.004698,0.040257,-0.050608,0.002345,0.004669,0.159515,0.125599,0.212435,0.006677,0.040351
2023-08-31,EEM,0.133022,0.002867,0.046733,-0.035997,0.003439,0.004704,0.117227,0.125257,0.156583,0.006217,0.046800
2023-08-31,SHY,0.146983,0.001828,0.007001,-0.001792,-0.000095,0.001133,0.156358,0.158731,0.125861,0.001029,0.007007
2023-08-31,IEF,0.159718,0.002582,0.025229,-0.039245,0.000417,0.002657,0.157129,0.169663,0.152362,0.004030,0.025262
2023-08-31,TLT,0.144187,0.003092,0.047527,-0.094921,-0.001853,0.002882,0.128426,0.155128,0.149008,0.006853,0.047600
2023-08-31,AGG,0.156416,0.002636,0.019867,-0.032678,-0.000520,0.002059,0.154989,0.152917,0.161342,0.003108,0.019893
2023-08-31,LQD,0.154314,0.003726,0.026714,-0.044408,-0.000004,0.003003,0.157211,0.121438,0.184293,0.004122,0.026764
2023-08-31,HYG,0.159996,0.003984,0.020959,-0.022106,0.001913,0.004307,0.161738,0.126713,0.191536,0.003353,0.021001
2023-08-31,GLD,0.172515,0.003980,0.032832,-0.057605,0.004184,0.005811,0.204810,0.126693,0.186041,0.005664,0.032897
2023-08-31,SLV,0.161887,0.003652,0.072876,-0.132648,0.006846,0.006424,0.148981,0.136626,0.200053,0.011798,0.073009
2023-08-31,DBC,0.133852,0.003383,0.042157,0.007320,0.000782,0.003502,0.140903,0.109420,0.151232,0.005643,0.042228
2023-08-31,VNQ,0.138723,0.003505,0.048441,-0.089675,0.003513,0.006135,0.134452,0.113703,0.168015,0.006720,0.048526
2023-09-29,SPY,0.198344,0.003971,0.036194,-0.027814,0.010151,0.009456,0.188765,0.242897,0.163370,0.007179,0.036266
2023-09-29,QQQ,0.202592,0.003108,0.050521,-0.025316,0.014487,0.013660,0.191552,0.230019,0.186204,0.010235,0.050599
2023-09-29,IWM,0.183482,0.003006,0.048764,-0.077119,0.007180,0.008532,0.172446,0.208832,0.169168,0.008947,0.048837
2023-09-29,EFA,0.133295,0.002459,0.038073,-0.032502,0.006175,0.004669,0.108828,0.163680,0.127375,0.005075,0.038120
2023-09-29,EEM,0.121394,0.003314,0.044137,-0.027404,0.005202,0.004704,0.104425,0.134764,0.124994,0.005358,0.044210
2023-09-29,SHY,0.193242,0.003935,0.006237,0.003702,0.000820,0.001133,0.145663,0.206013,0.228049,0.001205,0.006249
2023-09-29,IEF,0.202090,0.005357,0.023158,-0.017197,0.005841,0.002657,0.143962,0.218026,0.244282,0.004680,0.023220
2023-09-29,TLT,0.199452,0.004897,0.047515,-0.049994,0.003544,0.002882,0.146104,0.203354,0.248897,0.009477,0.047631
2023-09-29,AGG,0.208993,0.004277,0.018808,-0.015067,0.005835,0.002059,0.152885,0.228871,0.245225,0.003931,0.018848
2023-09-29,LQD,0.219466,0.006072,0.025222,-0.022741,0.007456,0.003003,0.171615,0.233183,0.253598,0.005535,0.025298
2023-09-29,HYG,0.212949,0.003743,0.019319,-0.013023,0.006344,0.004307,0.196435,0.240793,0.201619,0.004114,0.019355
2023-09-29,GLD,0.148809,0.002570,0.031175,0.079615,0.008169,0.005811,0.122913,0.168615,0.154899,0.004639,0.031215
2023-09-29,SLV,0.157726,0.001932,0.067918,0.049164,0.004712,0.006424,0.160601,0.164069,0.148508,0.010712,0.067984
2023-09-29,DBC,0.145394,0.002275,0.037782,-0.014423,0.010027,0.003502,0.148627,0.146245,0.141310,0.005493,0.037825
2023-09-29,VNQ,0.181692,0.004084,0.049411,-0.052339,0.005900,0.006135,0.161897,0.193842,0.189337,0.008978,0.049512
2023-10-31,SPY,0.115785,0.005476,0.037474,0.091344,0.007652,0.009456,0.111366,0.049220,0.186770,0.004339,0.037576
2023-10-31,QQQ,0.134088,0.005095,0.051573,0.108188,0.012113,0.013660,0.141698,0.065346,0.195219,0.006915,0.051704
2023-10-31,IWM,0.117252,0.004124,0.050989,0.092025,0.007802,0.008532,0.118967,0.059689,0.173099,0.005979,0.051094
2023-10-31,EFA,0.106881,0.005544,0.038889,0.082188,0.001676,0.004669,0.093442,0.047260,0.179942,0.004157,0.038997
2023-10-31,EEM,0.151744,0.011198,0.043328,0.077929,0.005468,0.004704,0.082518,0.111077,0.261637,0.006575,0.043570
2023-10-31,SHY,0.162296,0.006028,0.006079,0.010520,0.001787,0.001133,0.088640,0.211213,0.187036,0.000987,0.006097
2023-10-31,IEF,0.140109,0.003783,0.025278,0.045544,0.002470,0.002657,0.089889,0.203101,0.127336,0.003542,0.025326
2023-10-31,TLT,0.129540,0.003681,0.055337,0.099239,0.001027,0.002882,0.085652,0.194035,0.108934,0.007168,0.055439
2023-10-31,AGG,0.139569,0.003586,0.020846,0.045929,0.002220,0.002059,0.092472,0.192992,0.133243,0.002909,0.020883
2023-10-31,LQD,0.139073,0.002309,0.027662,0.075744,0.003305,0.003003,0.103070,0.178600,0.135550,0.003847,0.027694
2023-10-31,HYG,0.142036,0.002613,0.019280,0.048877,0.000279,0.004307,0.128275,0.116446,0.181388,0.002738,0.019305
2023-10-31,GLD,0.173592,0.005239,0.036298,0.025314,0.002687,0.005811,0.119729,0.201213,0.199834,0.006301,0.036393
2023-10-31,SLV,0.181703,0.004711,0.070137,0.102479,0.002648,0.006424,0.132037,0.185786,0.227286,0.012744,0.070302
2023-10-31,DBC,0.197870,0.003308,0.043354,-0.024480,0.001944,0.003502,0.171946,0.205152,0.216511,0.008578,0.043426
2023-10-31,VNQ,0.118921,0.003472,0.055076,0.120817,0.004719,0.006135,0.104670,0.085770,0.166324,0.006550,0.055172
2023-11-30,SPY,0.127227,0.002218,0.036891,0.039804,0.009030,0.009456,0.083914,0.157808,0.139958,0.004694,0.036932
2023-11-30,QQQ,0.119711,0.002069,0.049496,0.038002,0.016184,0.013660,0.094322,0.131254,0.133556,0.005925,0.049547
2023-11-30,IWM,0.100246,0.003078,0.059436,0.114614,0.006394,0.008532,0.067586,0.123915,0.109238,0.005958,0.059527
2023-11-30,EFA,0.127656,0.003393,0.039072,0.041766,0.005150,0.004669,0.073062,0.159825,0.150080,0.004988,0.039138
2023-11-30,EEM,0.129122,0.003161,0.044219,0.023548,0.006293,0.004704,0.100154,0.114288,0.172925,0.005710,0.044289
2023-11-30,SHY,0.185503,0.005742,0.006399,0.009802,-0.000819,0.001133,0.144702,0.150707,0.261099,0.001187,0.006417
2023-11-30,IEF,0.152010,0.002094,0.026694,0.033847,0.001655,0.002657,0.126969,0.161772,0.167289,0.004058,0.026722
2023-11-30,TLT,0.132016,0.002339,0.057028,0.080593,0.004706,0.002882,0.116237,0.164434,0.115376,0.007529,0.057095
2023-11-30,AGG,0.143025,0.002436,0.022348,0.032066,0.001343,0.002059,0.124444,0.162394,0.142235,0.003196,0.022375
2023-11-30,LQD,0.135353,0.001947,0.029683,0.041645,0.003249,0.003003,0.118247,0.168424,0.119388,0.004018,0.029712
2023-11-30,HYG,0.141821,0.003496,0.020482,0.028458,0.002419,0.004307,0.108090,0.178435,0.138940,0.002905,0.020518
2023-11-30,GLD,0.213446,0.003110,0.034995,0.010437,-0.000531,0.005811,0.216401,0.182640,0.241297,0.007470,0.035049
2023-11-30,SLV,0.164573,0.004256,0.068939,-0.063986,0.001784,0.006424,0.154843,0.120946,0.217931,0.011346,0.069086
2023-11-30,DBC,0.177506,0.003245,0.046064,-0.040811,0.003098,0.003502,0.142612,0.175705,0.214203,0.008177,0.046139
2023-11-30,VNQ,0.101500,0.001881,0.061355,0.103867,0.007047,0.006135,0.075965,0.117233,0.111303,0.006228,0.061413
2023-12-29,SPY,0.189106,0.006760,0.034660,0.015926,0.007692,0.009456,0.099395,0.253577,0.214346,0.006554,0.034777
2023-12-29,QQQ,0.197807,0.007151,0.045635,0.018192,0.011375,0.013660,0.105204,0.256057,0.232158,0.009027,0.045798
2023-12-29,IWM,0.164178,0.004359,0.062949,-0.039012,0.009619,0.008532,0.098338,0.219198,0.175000,0.010335,0.063086
2023-12-29,EFA,0.165625,0.005201,0.037623,-0.004512,0.001423,0.004669,0.084514,0.221962,0.190400,0.006231,0.037721
2023-12-29,EEM,0.172069,0.006688,0.043206,-0.045263,-0.000192,0.004704,0.103472,0.243837,0.168899,0.007434,0.043350
2023-12-29,SHY,0.208910,0.003792,0.006648,0.003169,-0.000034,0.001133,0.157228,0.247643,0.221860,0.001389,0.006661
2023-12-29,IEF,0.188218,0.005276,0.026278,0.000726,0.002810,0.002657,0.143577,0.238089,0.182987,0.004946,0.026347
2023-12-29,TLT,0.167570,0.003147,0.056523,-0.022451,0.003191,0.002882,0.127281,0.211570,0.163859,0.009472,0.056612
2023-12-29,AGG,0.187475,0.004264,0.022230,-0.001511,0.002430,0.002059,0.143382,0.234248,0.184794,0.004168,0.022277
2023-12-29,LQD,0.186855,0.002869,0.029528,-0.004428,0.003232,0.003003,0.146344,0.224183,0.190038,0.005517,0.029570
2023-12-29,HYG,0.169219,0.004721,0.020566,0.001163,0.005742,0.004307,0.107441,0.188907,0.211308,0.003480,0.020614
2023-12-29,GLD,0.176190,0.006584,0.037985,-0.014228,-0.000535,0.005811,0.099867,0.244631,0.184073,0.006693,0.038110
2023-12-29,SLV,0.160439,0.005133,0.071352,-0.039945,0.001101,0.006424,0.077480,0.220462,0.183375,0.011448,0.071535
2023-12-29,DBC,0.118043,0.002242,0.045392,0.013158,0.003182,0.003502,0.072880,0.138813,0.142437,0.005358,0.045443
2023-12-29,VNQ,0.154550,0.003121,0.061630,-0.050589,0.005673,0.006135,0.103603,0.209940,0.150108,0.009525,0.061726
2024-01-31,SPY,0.258796,0.009200,0.033895,0.062065,0.006345,0.009475,0.363366,0.199247,0.213774,0.008772,0.034051
2024-01-31,QQQ,0.280916,0.017512,0.045869,0.068686,0.009541,0.014332,0.447357,0.189389,0.206003,0.012885,0.046269
2024-01-31,IWM,0.217797,0.004877,0.061014,0.067452,0.002911,0.007841,0.249961,0.206577,0.196852,0.013289,0.061163
2024-01-31,EFA,0.222199,0.005718,0.035984,0.039861,-0.002106,0.004801,0.255508,0.238220,0.172869,0.007996,0.036087
2024-01-31,EEM,0.298205,0.016883,0.042834,0.054441,0.000808,0.004757,0.450438,0.240657,0.203519,0.012773,0.043194
2024-01-31,SHY,0.290458,0.010655,0.006281,-0.001920,-0.002289,0.001204,0.355455,0.286702,0.229216,0.001824,0.006314
2024-01-31,IEF,0.266325,0.007625,0.024294,-0.016357,-0.004611,0.002302,0.322126,0.284040,0.192810,0.006470,0.024386
2024-01-31,TLT,0.264190,0.009561,0.051624,-0.016431,-0.002198,0.002042,0.339890,0.282906,0.169774,0.013639,0.051870
2024-01-31,AGG,0.276581,0.008310,0.020390,-0.010016,-0.003807,0.001880,0.359274,0.275528,0.194940,0.005639,0.020475
2024-01-31,LQD,0.286040,0.015592,0.027030,-0.013350,-0.002470,0.002840,0.406537,0.272000,0.179584,0.007732,0.027240
2024-01-31,HYG,0.290814,0.011825,0.019023,0.006792,0.004643,0.004246,0.415775,0.240947,0.215722,0.005532,0.019135
2024-01-31,GLD,0.300042,0.018778,0.034828,0.023561,0.002599,0.006252,0.435759,0.260749,0.203619,0.010450,0.035153
2024-01-31,SLV,0.284061,0.011366,0.066818,0.012434,0.000902,0.006603,0.400760,0.246387,0.205036,0.018980,0.067197
2024-01-31,DBC,0.111324,0.008682,0.042355,-0.010300,0.000077,0.002758,0.020536,0.217068,0.096369,0.004715,0.042538
2024-01-31,VNQ,0.252322,0.005726,0.057594,0.031947,0.006408,0.005297,0.302434,0.220427,0.234103,0.014532,0.057759
2024-02-29,SPY,0.325686,0.019736,0.034468,0.030905,0.004534,0.009475,0.475585,0.280271,0.221204,0.011226,0.034806
2024-02-29,QQQ,0.312191,0.008993,0.046359,0.014894,0.007332,0.014332,0.428102,0.269136,0.239334,0.014473,0.046567
2024-02-29,IWM,0.319983,0.027774,0.064422,0.025126,-0.003226,0.007841,0.511584,0.263489,0.184877,0.020614,0.065310
2024-02-29,EFA,0.357482,0.030253,0.034568,0.029385,0.002196,0.004801,0.548617,0.296255,0.227575,0.012357,0.035087
2024-02-29,EEM,0.278006,0.008063,0.042246,0.029007,0.003865,0.004757,0.348643,0.277646,0.207730,0.011745,0.042416
2024-02-29,SHY,0.296469,0.006883,0.006202,0.001343,0.003449,0.001204,0.347515,0.276392,0.265502,0.001839,0.006223
2024-02-29,IEF,0.330918,0.015189,0.024065,-0.001783,0.000915,0.002302,0.455983,0.243730,0.293042,0.007964,0.024247
2024-02-29,TLT,0.345424,0.022830,0.050182,-0.010958,-0.000242,0.002042,0.529589,0.244467,0.262218,0.017334,0.050752
2024-02-29,AGG,0.342301,0.020135,0.020071,0.001688,0.002141,0.001880,0.500230,0.241273,0.285400,0.006870,0.020272
2024-02-29,LQD,0.384077,0.029366,0.025739,0.005688,0.005049,0.002840,0.589495,0.257759,0.304977,0.009886,0.026114
2024-02-29,HYG,0.402979,0.044564,0.018137,0.006781,0.001571,0.004246,0.623125,0.277142,0.308669,0.007309,0.018537
2024-02-29,GLD,0.222726,0.005619,0.032279,0.097776,0.000479,0.006252,0.196596,0.249934,0.221647,0.007189,0.032370
2024-02-29,SLV,0.214437,0.008978,0.065763,0.102750,-0.000203,0.006603,0.144151,0.275961,0.223199,0.014102,0.066058
2024-02-29,DBC,0.204232,0.003419,0.039374,0.049568,0.000994,0.002758,0.205341,0.203649,0.203705,0.008041,0.039441
2024-02-29,VNQ,0.264544,0.009160,0.055873,0.002416,-0.003713,0.005297,0.344835,0.266239,0.182559,0.014781,0.056128
2024-03-28,SPY,0.222642,0.009136,0.032677,-0.024872,0.010293,0.009475,0.295066,0.238174,0.134684,0.007275,0.032826
2024-03-28,QQQ,0.182905,0.005955,0.045025,-0.025360,0.015804,0.014332,0.193724,0.223654,0.131337,0.008235,0.045159
2024-03-28,IWM,0.192728,0.008273,0.059755,-0.049168,0.006402,0.007841,0.253423,0.216635,0.108126,0.011516,0.060002
2024-03-28,EFA,0.163898,0.005955,0.032446,-0.020035,0.007403,0.004801,0.164274,0.225736,0.101684,0.005318,0.032542
2024-03-28,EEM,0.130627,0.003265,0.039047,0.011928,0.003717,0.004757,0.092633,0.177590,0.121657,0.005101,0.039111
2024-03-28,SHY,0.129057,0.003851,0.005650,-0.003190,0.001849,0.001204,0.120223,0.176247,0.090702,0.000729,0.005661
2024-03-28,IEF,0.115287,0.004803,0.021793,-0.026742,0.004016,0.002302,0.065869,0.185262,0.094730,0.002512,0.021845
2024-03-28,TLT,0.128843,0.005235,0.045203,-0.056496,0.008745,0.002042,0.078331,0.208825,0.099372,0.005824,0.045321
2024-03-28,AGG,0.112064,0.006351,0.018198,-0.020789,0.003636,0.001880,0.046208,0.200468,0.089516,0.002039,0.018256
2024-03-28,LQD,0.122971,0.007386,0.023274,-0.027085,0.004316,0.002840,0.071644,0.218985,0.078285,0.002862,0.023360
2024-03-28,HYG,0.174388,0.009478,0.016423,-0.006271,0.005783,0.004246,0.202775,0.235429,0.084960,0.002864,0.016501
2024-03-28,GLD,0.072896,0.009369,0.034210,0.050846,0.006506,0.006252,-0.048561,0.165850,0.101398,0.002494,0.034370
2024-03-28,SLV,0.096404,0.005732,0.067291,0.091429,0.005831,0.006603,0.008783,0.153691,0.126738,0.006487,0.067484
2024-03-28,DBC,0.100570,0.014332,0.037079,0.029168,-0.001363,0.002758,-0.050325,0.198975,0.153061,0.003729,0.037344
2024-03-28,VNQ,0.212052,0.011808,0.052863,-0.063598,0.007075,0.005297,0.310919,0.206959,0.118278,0.011210,0.053174
2024-04-30,SPY,0.325926,0.013399,0.034643,0.041097,0.016175,0.009475,0.487405,0.267335,0.223037,0.011291,0.034874
2024-04-30,QQQ,0.286745,0.011459,0.047829,0.063497,0.016466,0.014332,0.395048,0.252556,0.212632,0.013715,0.048102
2024-04-30,IWM,0.273239,0.019500,0.057998,0.041603,0.013179,0.007841,0.422820,0.226110,0.170788,0.015847,0.058561
2024-04-30,EFA,0.250423,0.008181,0.033376,0.040637,0.010182,0.004801,0.329097,0.226324,0.195846,0.008358,0.033512
2024-04-30,EEM,0.178508,0.003375,0.039780,0.029519,0.004145,0.004757,0.148929,0.215783,0.170811,0.007101,0.039847
2024-04-30,SHY,0.189289,0.003137,0.005604,0.005835,0.006324,0.001204,0.176780,0.208369,0.182718,0.001061,0.005613
2024-04-30,IEF,0.222350,0.003735,0.021940,0.013285,0.006590,0.002302,0.244912,0.210892,0.211245,0.004878,0.021981
2024-04-30,TLT,0.236292,0.006159,0.044268,0.021931,0.009717,0.002042,0.270601,0.204582,0.233691,0.010460,0.044404
2024-04-30,AGG,0.234500,0.003994,0.018254,0.013430,0.006479,0.001880,0.264921,0.221617,0.216964,0.004281,0.018290
2024-04-30,LQD,0.251059,0.004897,0.023455,0.017643,0.007569,0.002840,0.300355,0.224429,0.228392,0.005889,0.023512
2024-04-30,HYG,0.320282,0.015274,0.016553,0.012782,0.007924,0.004246,0.467220,0.254836,0.238792,0.005302,0.016679
2024-04-30,GLD,0.191520,0.005705,0.041034,0.022183,0.012461,0.006252,0.264646,0.182901,0.127012,0.007859,0.041151
2024-04-30,SLV,0.130090,0.003447,0.077941,0.181705,0.010732,0.006603,0.111028,0.172053,0.107188,0.010139,0.078075
2024-04-30,DBC,0.174651,0.002972,0.034473,0.001714,0.007213,0.002758,0.184115,0.195158,0.144682,0.006021,0.034524
2024-04-30,VNQ,0.212739,0.005337,0.055000,0.026379,0.009039,0.005297,0.253316,0.211014,0.173886,0.011701,0.055147
2024-05-31,SPY,0.204613,0.004849,0.032815,0.044392,0.013895,0.009475,0.222996,0.210492,0.180350,0.006714,0.032894
2024-05-31,QQQ,0.224199,0.004283,0.044294,0.082190,0.019518,0.014332,0.274205,0.201697,0.196695,0.009931,0.044389
2024-05-31,IWM,0.139265,0.003434,0.053803,-0.016166,0.011121,0.007841,0.102001,0.205563,0.110233,0.007493,0.053895
2024-05-31,EFA,0.158770,0.004560,0.033690,-0.014131,0.006914,0.004801,0.107266,0.204425,0.164618,0.005349,0.033767
2024-05-31,EEM,0.152876,0.007086,0.038816,0.031722,0.013343,0.004757,0.062063,0.209711,0.186854,0.005934,0.038953
2024-05-31,SHY,0.228121,0.008665,0.005245,0.005443,-0.000227,0.001204,0.294876,0.229050,0.160435,0.001196,0.005268
2024-05-31,IEF,0.226527,0.004989,0.020584,0.008430,0.002888,0.002302,0.259326,0.249116,0.171140,0.004663,0.020635
2024-05-31,TLT,0.192356,0.005964,0.041275,0.008389,0.005892,0.002042,0.157059,0.239149,0.180861,0.007939,0.041398
2024-05-31,AGG,0.219686,0.003828,0.017184,0.006780,0.003267,0.001880,0.231418,0.251233,0.176407,0.003775,0.017217
2024-05-31,LQD,0.223105,0.004785,0.022180,0.006397,0.003617,0.002840,0.226398,0.262314,0.180604,0.004948,0.022233
2024-05-31,HYG,0.260807,0.006663,0.015888,0.007347,0.004557,0.004246,0.341534,0.254739,0.186148,0.004144,0.015941
2024-05-31,GLD,0.191684,0.004063,0.042690,0.001208,0.009665,0.006252,0.238720,0.185131,0.151201,0.008183,0.042777
2024-05-31,SLV,0.226987,0.008111,0.093432,-0.028458,0.004261,0.006603,0.324393,0.199193,0.157376,0.021208,0.093810
2024-05-31,DBC,0.140990,0.006744,0.036141,0.012462,0.002940,0.002758,0.059470,0.206297,0.157204,0.005096,0.036263
2024-05-31,VNQ,0.126251,0.006629,0.053008,0.013891,0.005255,0.005297,0.057569,0.207766,0.113417,0.006692,0.053183
2024-06-28,SPY,0.126105,0.004215,0.029678,-0.004079,0.012344,0.009475,0.056299,0.180193,0.141824,0.003743,0.029740
2024-06-28,QQQ,0.123539,0.006028,0.042311,-0.045042,0.014687,0.014332,0.030513,0.172072,0.168033,0.005227,0.042438
2024-06-28,IWM,0.107014,0.003348,0.050170,0.096998,0.001382,0.007841,0.070166,0.152800,0.098077,0.005369,0.050254
2024-06-28,EFA,0.161913,0.003258,0.033425,0.011617,0.007640,0.004801,0.175839,0.170625,0.139276,0.005412,0.033479
2024-06-28,EEM,0.126886,0.007856,0.037076,-0.013149,0.001969,0.004757,0.041636,0.189360,0.149662,0.004704,0.037221
2024-06-28,SHY,0.153851,0.004609,0.005073,0.009707,0.001579,0.001204,0.157854,0.181353,0.122346,0.000780,0.005085
2024-06-28,IEF,0.116836,0.003985,0.020812,0.021475,0.005113,0.002302,0.073699,0.175988,0.100822,0.002432,0.020853
2024-06-28,TLT,0.108986,0.004009,0.043253,0.025807,0.004841,0.002042,0.045708,0.176517,0.104732,0.004714,0.043340
2024-06-28,AGG,0.111749,0.005543,0.017167,0.018715,0.006116,0.001880,0.050962,0.179893,0.104391,0.001918,0.017215
2024-06-28,LQD,0.101728,0.006030,0.021585,0.020479,0.007681,0.002840,0.025753,0.174037,0.105394,0.002196,0.021650
2024-06-28,HYG,0.125561,0.004405,0.014460,0.019873,0.006964,0.004246,0.086139,0.166717,0.123826,0.001816,0.014492
2024-06-28,GLD,0.272627,0.016569,0.045838,0.034929,0.004437,0.006252,0.400750,0.240817,0.176313,0.012497,0.046216
2024-06-28,SLV,0.215327,0.005883,0.099428,-0.027851,0.000327,0.006603,0.258739,0.241763,0.145481,0.021410,0.099720
2024-06-28,DBC,0.205029,0.007152,0.036296,-0.049935,-0.002394,0.002758,0.145253,0.288202,0.181631,0.007442,0.036426
2024-06-28,VNQ,0.119033,0.002909,0.047410,0.083214,-0.000114,0.005297,0.093523,0.168813,0.094762,0.005643,0.047479
2024-07-31,SPY,0.245026,0.004536,0.033974,0.013689,0.008443,0.009475,0.265338,0.249096,0.220645,0.008325,0.034051
2024-07-31,QQQ,0.203983,0.003701,0.052357,-0.000870,0.008702,0.014332,0.193841,0.226658,0.191452,0.010680,0.052454
2024-07-31,IWM,0.132533,0.007654,0.057290,-0.022559,0.005258,0.007841,0.029677,0.200236,0.167686,0.007593,0.057509
2024-07-31,EFA,0.198792,0.005305,0.035235,0.030986,0.002259,0.004801,0.181538,0.242501,0.172336,0.007004,0.035328
2024-07-31,EEM,0.158097,0.009969,0.039423,0.007683,0.004846,0.004757,0.061838,0.230072,0.182382,0.006233,0.039619
2024-07-31,SHY,0.170653,0.004090,0.004919,0.008920,-0.002093,0.001204,0.189708,0.206343,0.115907,0.000839,0.004929
2024-07-31,IEF,0.141294,0.003503,0.019869,0.017008,-0.003215,0.002302,0.109430,0.197681,0.116771,0.002807,0.019904
2024-07-31,TLT,0.128524,0.005787,0.041685,0.032118,-0.002686,0.002042,0.078081,0.168262,0.139227,0.005358,0.041805
2024-07-31,AGG,0.149504,0.004178,0.016425,0.017043,-0.001954,0.001880,0.122737,0.193107,0.132669,0.002456,0.016459
2024-07-31,LQD,0.172677,0.003659,0.021090,0.021545,-0.001385,0.002840,0.143672,0.220105,0.154255,0.003642,0.021129
2024-07-31,HYG,0.216103,0.006253,0.013430,0.015346,0.001400,0.004246,0.192408,0.276692,0.179208,0.002902,0.013472
2024-07-31,GLD,0.104255,0.004168,0.046662,0.028250,0.005847,0.006252,0.051384,0.165340,0.096043,0.004865,0.046759
2024-07-31,SLV,0.112405,0.006115,0.094284,0.015915,0.010142,0.006603,0.028459,0.196146,0.112608,0.010598,0.094572
2024-07-31,DBC,0.091127,0.004461,0.037227,-0.009743,-0.000887,0.002758,0.036727,0.148135,0.088521,0.003392,0.037310
2024-07-31,VNQ,0.165452,0.007184,0.046691,0.042141,0.003622,0.005297,0.077602,0.231733,0.187019,0.007725,0.046858
2024-08-30,SPY,0.121240,0.004489,0.040504,0.011858,0.002920,0.009475,0.043784,0.183741,0.136195,0.004911,0.040595
2024-08-30,QQQ,0.111298,0.007034,0.058278,0.011918,0.006367,0.014332,0.006172,0.169777,0.157945,0.006486,0.058483
2024-08-30,IWM,0.093335,0.003452,0.064914,-0.006573,-0.002800,0.007841,0.052917,0.138842,0.088245,0.006059,0.065026
2024-08-30,EFA,0.087689,0.005794,0.040792,0.000362,0.001946,0.004801,0.036648,0.165975,0.060444,0.003577,0.040910
2024-08-30,EEM,0.129478,0.003504,0.043890,0.065022,0.001336,0.004757,0.115530,0.166546,0.106358,0.005683,0.043967
2024-08-30,SHY,0.178777,0.005773,0.005690,0.008377,0.000802,0.001204,0.158975,0.259033,0.118323,0.001017,0.005706
2024-08-30,IEF,0.148445,0.006651,0.020382,0.017514,0.006519,0.002302,0.087310,0.239957,0.118067,0.003026,0.020450
2024-08-30,TLT,0.159129,0.008388,0.042626,0.027359,0.005117,0.002042,0.101116,0.239580,0.136690,0.006783,0.042804
2024-08-30,AGG,0.136427,0.007950,0.016433,0.016008,0.005735,0.001880,0.069412,0.230636,0.109232,0.002242,0.016498
2024-08-30,LQD,0.118456,0.007267,0.020278,0.024529,0.006210,0.002840,0.030171,0.224565,0.100633,0.002402,0.020352
2024-08-30,HYG,0.133449,0.006716,0.013099,0.016462,0.002426,0.004246,0.082742,0.211560,0.106045,0.001748,0.013143
2024-08-30,GLD,0.160128,0.004945,0.044995,0.061914,0.009583,0.006252,0.182908,0.191043,0.106432,0.007205,0.045106
2024-08-30,SLV,0.128429,0.004558,0.091281,0.084630,0.011473,0.006603,0.127964,0.188847,0.068476,0.011723,0.091489
2024-08-30,DBC,0.077750,0.003672,0.039736,0.024876,0.001419,0.002758,0.018611,0.122850,0.091789,0.003089,0.039809
2024-08-30,VNQ,0.106626,0.007056,0.046379,0.026019,-0.001480,0.005297,0.024676,0.180250,0.114952,0.004945,0.046542
2024-09-30,SPY,0.153124,0.005056,0.039568,0.013961,0.004884,0.009475,0.205383,0.148516,0.105472,0.006059,0.039668
2024-09-30,QQQ,0.142644,0.003460,0.057796,0.024771,0.008539,0.014332,0.187936,0.151047,0.088948,0.008244,0.057896
2024-09-30,IWM,0.165063,0.005292,0.062018,0.003848,0.000801,0.007841,0.208640,0.169051,0.117497,0.010237,0.062182
2024-09-30,EFA,0.191664,0.005494,0.042566,-0.040655,-0.000689,0.004801,0.253653,0.173654,0.147684,0.008158,0.042683
2024-09-30,EEM,0.192739,0.007534,0.052786,-0.014828,0.001462,0.004757,0.293211,0.169966,0.115040,0.010174,0.052984
2024-09-30,SHY,0.204563,0.009055,0.005466,-0.005635,0.004850,0.001204,0.287372,0.201990,0.124325,0.001118,0.005491
2024-09-30,IEF,0.213184,0.009880,0.018650,-0.031932,0.007440,0.002302,0.289102,0.226724,0.123725,0.003976,0.018742
2024-09-30,TLT,0.184744,0.007885,0.039606,-0.058844,0.007202,0.002042,0.231335,0.207309,0.115588,0.007317,0.039762
2024-09-30,AGG,0.228012,0.012265,0.014951,-0.023999,0.006959,0.001880,0.333387,0.227337,0.123313,0.003409,0.015042
2024-09-30,LQD,0.232977,0.011273,0.018699,-0.028596,0.006389,0.002840,0.362725,0.221979,0.114226,0.004356,0.018804
2024-09-30,HYG,0.290505,0.020218,0.012181,-0.005131,0.002836,0.004246,0.489791,0.244246,0.137478,0.003539,0.012304
2024-09-30,GLD,0.179512,0.003170,0.043371,0.053608,0.008893,0.006252,0.183737,0.193924,0.160875,0.007786,0.043440
2024-09-30,SLV,0.131886,0.002658,0.095030,0.104893,0.005540,0.006603,0.115593,0.166635,0.113430,0.012533,0.095156
2024-09-30,DBC,0.303899,0.032181,0.042217,-0.004939,-0.003945,0.002758,0.520994,0.228841,0.161862,0.012830,0.042891
2024-09-30,VNQ,0.230886,0.010486,0.042227,-0.021248,0.007274,0.005297,0.343848,0.193052,0.155759,0.009750,0.042448
2024-10-31,SPY,0.247844,0.005563,0.037225,0.061533,0.019191,0.009475,0.322647,0.222117,0.198769,0.009226,0.037328
2024-10-31,QQQ,0.264675,0.009211,0.054002,0.064979,0.020878,0.014332,0.389137,0.224943,0.179946,0.014293,0.054250
2024-10-31,IWM,0.165538,0.003458,0.056959,0.110167,0.012910,0.007841,0.161925,0.166584,0.168104,0.009429,0.057057
2024-10-31,EFA,0.108463,0.006792,0.039172,-0.000379,0.010571,0.004801,0.008062,0.166985,0.150341,0.004249,0.039305
2024-10-31,EEM,0.209661,0.005344,0.050183,-0.022947,0.010379,0.004757,0.195365,0.259391,0.174228,0.010521,0.050317
2024-10-31,SHY,0.307053,0.015210,0.005188,0.002900,0.008493,0.001204,0.454162,0.212428,0.254567,0.001593,0.005227
2024-10-31,IEF,0.292480,0.024313,0.017938,0.010124,0.008167,0.002302,0.472818,0.198770,0.205852,0.005247,0.018155
2024-10-31,TLT,0.283656,0.029749,0.037871,0.022323,0.004223,0.002042,0.483495,0.191725,0.175748,0.010742,0.038430
2024-10-31,AGG,0.307334,0.021567,0.014428,0.011233,0.008168,0.001880,0.488251,0.205417,0.228334,0.004434,0.014583
2024-10-31,LQD,0.292673,0.017004,0.018453,0.019507,0.009536,0.002840,0.441782,0.208761,0.227477,0.005401,0.018609
2024-10-31,HYG,0.308617,0.009069,0.011457,0.016075,0.013100,0.004246,0.419743,0.253499,0.252610,0.003536,0.011509
2024-10-31,GLD,0.165934,0.004065,0.040830,-0.039722,0.008329,0.006252,0.151045,0.201417,0.145342,0.006775,0.040913
2024-10-31,SLV,0.164092,0.004062,0.095460,-0.067762,0.007000,0.006603,0.141506,0.209575,0.141196,0.015664,0.095654
2024-10-31,DBC,0.144198,0.003842,0.048008,-0.027003,-0.002963,0.002758,0.097719,0.187689,0.147187,0.006923,0.048100
2024-10-31,VNQ,0.287248,0.008908,0.041764,0.027403,0.014529,0.005297,0.368635,0.227708,0.265401,0.011997,0.041950
2024-11-29,SPY,0.081609,0.005183,0.036542,-0.024060,0.006553,0.009475,-0.013781,0.147764,0.110845,0.002982,0.036637
2024-11-29,QQQ,0.078123,0.006488,0.051779,0.004540,0.008857,0.014332,-0.008898,0.151852,0.091414,0.004045,0.051947
2024-11-29,IWM,0.076854,0.008194,0.062955,-0.083739,0.005560,0.007841,-0.024872,0.144329,0.111106,0.004838,0.063212
2024-11-29,EFA,0.075763,0.003103,0.038958,-0.029502,-0.001230,0.004801,0.013077,0.133160,0.081052,0.002952,0.039018
2024-11-29,EEM,0.073182,0.003795,0.048824,-0.016967,0.005848,0.004757,0.020166,0.129525,0.069856,0.003573,0.048917
2024-11-29,SHY,0.122851,0.008512,0.004992,0.002504,-0.005874,0.001204,0.019745,0.189279,0.159529,0.000613,0.005013
2024-11-29,IEF,0.088741,0.005867,0.019080,-0.022584,-0.004822,0.002302,-0.008899,0.157948,0.117176,0.001693,0.019136
2024-11-29,TLT,0.081212,0.006596,0.042970,-0.063810,-0.005344,0.002042,-0.012349,0.152937,0.103049,0.003490,0.043111
2024-11-29,AGG,0.083795,0.008431,0.015515,-0.016934,-0.004694,0.001880,-0.021201,0.163080,0.109505,0.001300,0.015580
2024-11-29,LQD,0.076694,0.008305,0.021204,-0.026758,-0.003993,0.002840,-0.039459,0.159181,0.110358,0.001626,0.021292
2024-11-29,HYG,0.080984,0.007260,0.011087,-0.007803,0.001697,0.004246,-0.012284,0.132459,0.122777,0.000898,0.011127
2024-11-29,GLD,0.151067,0.004248,0.047874,-0.014088,0.001651,0.006252,0.141171,0.195730,0.116299,0.007232,0.047976
2024-11-29,SLV,0.126426,0.004310,0.091715,-0.056948,-0.002038,0.006603,0.069650,0.192014,0.117613,0.011595,0.091912
2024-11-29,DBC,0.090905,0.004369,0.047240,0.017227,0.000683,0.002758,0.017007,0.174706,0.081003,0.004294,0.047343
2024-11-29,VNQ,0.135291,0.003885,0.042704,-0.083722,0.003197,0.005297,0.097669,0.139477,0.168728,0.005777,0.042787
2024-12-31,SPY,0.197403,0.008042,0.038152,0.019946,0.012654,0.009475,0.247595,0.216189,0.128425,0.007531,0.038305
2024-12-31,QQQ,0.180693,0.005682,0.053432,0.013458,0.015076,0.014332,0.234504,0.182294,0.125281,0.009655,0.053584
2024-12-31,IWM,0.183370,0.004260,0.061273,0.012989,0.009806,0.007841,0.181709,0.229836,0.138567,0.011236,0.061403
2024-12-31,EFA,0.227789,0.012537,0.037040,0.035709,0.007810,0.004801,0.321169,0.233828,0.128371,0.008437,0.037271
2024-12-31,EEM,0.241464,0.016939,0.046049,0.014108,0.010837,0.004757,0.385032,0.215512,0.123847,0.011119,0.046437
2024-12-31,SHY,0.193344,0.004452,0.004549,0.003084,-0.001126,0.001204,0.138516,0.243746,0.197769,0.000880,0.004559
2024-12-31,IEF,0.209306,0.005443,0.018207,0.006882,0.006241,0.002302,0.187282,0.234203,0.206433,0.003811,0.018256
2024-12-31,TLT,0.196719,0.004500,0.041161,0.013106,0.006846,0.002042,0.181327,0.221755,0.187075,0.008097,0.041254
2024-12-31,AGG,0.222708,0.005417,0.014861,0.006112,0.006244,0.001880,0.225057,0.244007,0.199061,0.003310,0.014901
2024-12-31,LQD,0.242654,0.005660,0.020776,0.007390,0.007321,0.002840,0.296564,0.242556,0.188840,0.005041,0.020835
2024-12-31,HYG,0.215887,0.007204,0.012436,0.012328,0.007337,0.004246,0.228651,0.268571,0.150438,0.002685,0.012481
2024-12-31,GLD,0.153146,0.009568,0.045344,0.073556,0.009017,0.006252,0.076858,0.259667,0.122912,0.006944,0.045560
2024-12-31,SLV,0.147767,0.004400,0.084423,0.088872,0.009373,0.006603,0.118187,0.217913,0.107202,0.012475,0.084609
2024-12-31,DBC,0.237057,0.012440,0.042687,0.035547,-0.006507,0.002758,0.347702,0.242956,0.120511,0.010119,0.042952
2024-12-31,VNQ,0.166702,0.004591,0.046974,0.014369,0.004855,0.005297,0.142516,0.237553,0.120037,0.007831,0.047082
2025-01-31,SPY,0.086415,0.002756,0.038518,-0.041474,0.008610,0.010375,0.088614,0.098461,0.072169,0.003329,0.038571
2025-01-31,QQQ,0.113962,0.002690,0.054683,-0.051198,0.009663,0.015004,0.104759,0.095705,0.141423,0.006232,0.054757
2025-01-31,IWM,0.023354,0.010128,0.057207,-0.088573,0.006738,0.008927,0.082738,0.087239,-0.099915,0.001336,0.057496
2025-01-31,EFA,0.043985,0.006336,0.037064,0.040636,0.004363,0.005069,0.063447,0.116251,-0.047742,0.001630,0.037181
2025-01-31,EEM,0.038960,0.006846,0.045599,0.011002,0.002942,0.005222,0.050764,0.125768,-0.059653,0.001777,0.045755
2025-01-31,SHY,0.088934,0.004068,0.004314,0.008122,-0.000111,0.001345,0.086911,0.101627,0.078263,0.000384,0.004323
2025-01-31,IEF,0.022660,0.007287,0.017869,0.028484,0.000640,0.002386,0.078671,0.070592,-0.081282,0.000405,0.017934
2025-01-31,TLT,0.004252,0.007637,0.038450,0.048826,0.003116,0.002177,0.061659,0.057958,-0.106860,0.000164,0.038597
2025-01-31,AGG,0.025135,0.007752,0.014603,0.022002,0.002237,0.002058,0.087485,0.065937,-0.078017,0.000367,0.014659
2025-01-31,LQD,-0.000451,0.009183,0.020242,0.023573,0.002817,0.003074,0.069808,0.052323,-0.123484,-0.000009,0.020335
2025-01-31,HYG,0.024942,0.008615,0.012421,0.007475,0.005790,0.004591,0.079621,0.083422,-0.088218,0.000310,0.012474
2025-01-31,GLD,0.006644,0.009851,0.043412,0.040610,0.008144,0.007447,0.047548,0.095682,-0.123300,0.000288,0.043625
2025-01-31,SLV,-0.010438,0.009161,0.079034,0.017187,0.008791,0.007968,0.018746,0.086090,-0.136150,-0.000825,0.079395
2025-01-31,DBC,0.061080,0.003602,0.041602,-0.001821,0.003272,0.002547,0.049810,0.122240,0.011189,0.002541,0.041677
2025-01-31,VNQ,0.003723,0.007704,0.050320,0.029818,0.003019,0.006037,0.064600,0.050532,-0.103964,0.000187,0.050513
2025-02-28,SPY,0.320647,0.062497,0.038393,-0.055719,0.011246,0.010375,0.147309,0.159463,0.655168,0.012311,0.039575
2025-02-28,QQQ,0.305936,0.063542,0.054735,-0.075862,0.014553,0.015004,0.129473,0.160249,0.628085,0.016745,0.056447
2025-02-28,IWM,0.208551,0.021610,0.055311,-0.068541,0.010902,0.008927,0.128232,0.110287,0.387134,0.011535,0.055905
2025-02-28,EFA,0.254622,0.026696,0.036517,0.001839,0.002767,0.005069,0.152729,0.144181,0.466956,0.009298,0.037001
2025-02-28,EEM,0.232776,0.024421,0.045263,0.011340,0.009701,0.005222,0.121749,0.128339,0.448238,0.010536,0.045812
2025-02-28,SHY,0.217999,0.009826,0.004407,0.004407,-0.002572,0.001345,0.217334,0.132406,0.304256,0.000961,0.004429
2025-02-28,IEF,0.105589,0.003753,0.018500,0.003420,-0.002462,0.002386,0.126287,0.104143,0.086336,0.001953,0.018535
2025-02-28,TLT,0.074641,0.002895,0.040223,-0.012047,-0.003184,0.002177,0.076883,0.097129,0.049912,0.003002,0.040281
2025-02-28,AGG,0.118377,0.002107,0.015034,-0.000263,-0.002033,0.002058,0.130400,0.109521,0.115211,0.001780,0.015050
2025-02-28,LQD,0.102049,0.003307,0.019943,-0.004625,-0.001348,0.003074,0.112304,0.100778,0.093066,0.002035,0.019976
2025-02-28,HYG,0.255624,0.033847,0.011734,-0.010858,-0.000412,0.004591,0.158997,0.139064,0.468810,0.002999,0.011931
2025-02-28,GLD,0.151341,0.007336,0.042906,0.094466,0.014065,0.007447,0.134346,0.083628,0.236050,0.006493,0.043063
2025-02-28,SLV,0.174068,0.014686,0.072130,0.094666,0.014973,0.007968,0.142376,0.072144,0.307682,0.012556,0.072658
2025-02-28,DBC,0.079189,0.002906,0.040512,0.022727,0.006607,0.002547,0.103703,0.052575,0.081289,0.003208,0.040571
2025-02-28,VNQ,0.168084,0.004898,0.045717,-0.025878,0.000493,0.006037,0.116484,0.120374,0.267395,0.007684,0.045829
2025-03-31,SPY,0.069690,0.002170,0.045613,-0.008670,0.004873,0.010375,0.078009,0.078770,0.052292,0.003179,0.045662
2025-03-31,QQQ,0.061741,0.001968,0.062481,0.013968,0.009073,0.015004,0.078161,0.061865,0.045198,0.003858,0.062542
2025-03-31,IWM,0.075772,0.002212,0.058689,-0.023209,0.008706,0.008927,0.066482,0.093643,0.067190,0.004447,0.058754
2025-03-31,EFA,0.100700,0.002806,0.040673,0.036951,0.007391,0.005069,0.062607,0.114914,0.124581,0.004096,0.040730
2025-03-31,EEM,0.119277,0.004202,0.047892,0.001373,0.004718,0.005222,0.086523,0.122417,0.148890,0.005712,0.047993
2025-03-31,SHY,0.181088,0.003943,0.004296,0.008126,-0.004960,0.001345,0.153338,0.170257,0.219669,0.000778,0.004304
2025-03-31,IEF,0.132914,0.004847,0.018039,0.010561,-0.004117,0.002386,0.134927,0.169678,0.094136,0.002398,0.018083
2025-03-31,TLT,0.106218,0.005067,0.038227,-0.013605,-0.001998,0.002177,0.122895,0.150457,0.045301,0.004060,0.038324
2025-03-31,AGG,0.132954,0.003431,0.014313,0.004310,-0.001789,0.002058,0.139516,0.166309,0.093037,0.001903,0.014338
2025-03-31,LQD,0.105599,0.003915,0.018729,-0.002706,0.001139,0.003074,0.127721,0.152859,0.036217,0.001978,0.018766
2025-03-31,HYG,0.085984,0.002874,0.012396,0.001172,0.007558,0.004591,0.096051,0.110441,0.051459,0.001066,0.012414
2025-03-31,GLD,0.119329,0.003330,0.041920,0.054244,0.003914,0.007447,0.092760,0.143684,0.121543,0.005002,0.041990
2025-03-31,SLV,0.153002,0.007191,0.069548,-0.044853,0.002244,0.007968,0.089967,0.136082,0.232957,0.010641,0.069798
2025-03-31,DBC,0.135505,0.003444,0.036585,-0.085778,-0.006327,0.002547,0.126479,0.116430,0.163606,0.004957,0.036648
2025-03-31,VNQ,0.038921,0.004196,0.048068,-0.024409,-0.002183,0.006037,0.066255,0.086469,-0.035961,0.001871,0.048169
2025-04-30,SPY,0.038451,0.003069,0.087768,0.062845,-0.010926,0.010375,0.062336,0.074700,-0.021684,0.003375,0.087903
2025-04-30,QQQ,0.031206,0.003944,0.102647,0.091783,-0.007468,0.015004,0.067456,0.073091,-0.046930,0.003203,0.102849
2025-04-30,IWM,0.065605,0.002070,0.087126,0.052397,-0.005460,0.008927,0.074064,0.082433,0.040317,0.005716,0.087216
2025-04-30,EFA,0.060329,0.003834,0.070140,0.047906,-0.009305,0.005069,0.091555,0.094207,-0.004775,0.004231,0.070274
2025-04-30,EEM,0.035873,0.005365,0.070499,0.040219,-0.011819,0.005222,0.080502,0.091208,-0.064090,0.002529,0.070688
2025-04-30,SHY,0.104361,0.002761,0.004753,-0.002547,-0.003081,0.001345,0.079693,0.127144,0.106247,0.000496,0.004760
2025-04-30,IEF,0.088082,0.002493,0.019854,-0.012396,-0.001101,0.002386,0.071271,0.115826,0.077149,0.001749,0.019879
2025-04-30,TLT,0.077327,0.002927,0.044360,-0.032106,-0.001425,0.002177,0.072380,0.097577,0.062023,0.003430,0.044425
2025-04-30,AGG,0.076565,0.003462,0.016612,-0.006069,0.000253,0.002058,0.069032,0.115700,0.044964,0.001272,0.016641
2025-04-30,LQD,0.075282,0.002465,0.026231,0.002064,-0.000078,0.003074,0.067410,0.107211,0.051224,0.001975,0.026263
2025-04-30,HYG,0.086882,0.002093,0.024459,0.017532,-0.000096,0.004591,0.080407,0.088323,0.091915,0.002125,0.024485
2025-04-30,GLD,0.121490,0.005331,0.057697,-0.000560,0.007013,0.007447,0.081476,0.092455,0.190540,0.007010,0.057851
2025-04-30,SLV,0.053620,0.002785,0.082494,0.013514,-0.010036,0.007968,0.102174,0.058686,0.000001,0.004423,0.082609
2025-04-30,DBC,0.049051,0.003690,0.052524,0.015070,-0.005424,0.002547,0.067092,0.093687,-0.013625,0.002576,0.052621
2025-04-30,VNQ,0.124144,0.004257,0.067200,0.011208,-0.010899,0.006037,0.066549,0.101776,0.204107,0.008342,0.067343
2025-05-30,SPY,0.025253,0.006449,0.078070,0.051046,0.010611,0.010375,0.050272,0.100786,-0.075300,0.001971,0.078321
2025-05-30,QQQ,0.036073,0.004885,0.091367,0.054891,0.015926,0.015004,0.051605,0.108915,-0.052299,0.003296,0.091590
2025-05-30,IWM,0.028232,0.007995,0.080767,0.066040,0.009798,0.008927,0.071590,0.102509,-0.089402,0.002280,0.081089
2025-05-30,EFA,0.062354,0.003071,0.061306,0.022244,0.007967,0.005069,0.076287,0.097888,0.012887,0.003823,0.061400
2025-05-30,EEM,0.037393,0.006343,0.062990,0.072017,0.010693,0.005222,0.068343,0.098454,-0.054619,0.002355,0.063189
2025-05-30,SHY,0.085536,0.002842,0.004808,0.004804,-0.001630,0.001345,0.111963,0.067799,0.076847,0.000411,0.004815
2025-05-30,IEF,0.045099,0.002399,0.019558,0.014136,-0.001315,0.002386,0.078861,0.064195,-0.007758,0.000882,0.019581
2025-05-30,TLT,0.025260,0.004060,0.041868,0.029186,0.000845,0.002177,0.067916,0.067863,-0.059999,0.001058,0.041953
2025-05-30,AGG,0.035599,0.003238,0.016134,0.013620,-0.001844,0.002058,0.075191,0.061593,-0.029988,0.000574,0.016160
2025-05-30,LQD,0.029888,0.003950,0.024665,0.022058,-0.003117,0.003074,0.068331,0.074241,-0.052908,0.000737,0.024714
2025-05-30,HYG,0.037724,0.003938,0.021997,0.017104,0.001730,0.004591,0.068956,0.090293,-0.046078,0.000830,0.022040
2025-05-30,GLD,0.112381,0.005842,0.063562,0.013010,0.008166,0.007447,0.064383,0.088233,0.184528,0.007143,0.063747
2025-05-30,SLV,0.096996,0.002957,0.077154,0.091000,0.004395,0.007968,0.105672,0.129833,0.055481,0.007484,0.077268
2025-05-30,DBC,0.127576,0.003527,0.048599,0.050287,0.007771,0.002547,0.091602,0.127191,0.163933,0.006200,0.048685
2025-05-30,VNQ,-0.000744,0.010659,0.061883,0.014234,0.002647,0.006037,0.072397,0.060298,-0.134928,-0.000046,0.062212
2025-06-30,SPY,0.071003,0.003126,0.067685,0.026884,0.003522,0.010375,0.080264,0.114442,0.018303,0.004806,0.067791
2025-06-30,QQQ,0.086429,0.003338,0.079411,0.029693,0.005870,0.015004,0.090839,0.126106,0.042342,0.006863,0.079543
2025-06-30,IWM,0.035733,0.006172,0.072271,0.026739,0.007605,0.008927,0.057894,0.107277,-0.057973,0.002582,0.072494
2025-06-30,EFA,0.118884,0.003202,0.054871,-0.010292,0.004382,0.005069,0.122462,0.123162,0.111028,0.006523,0.054959
2025-06-30,EEM,0.082666,0.005802,0.058043,0.012438,0.003739,0.005222,0.121811,0.138060,-0.011873,0.004798,0.058211
2025-06-30,SHY,0.257792,0.018809,0.004661,-0.000920,-0.000158,0.001345,0.147780,0.206806,0.418791,0.001202,0.004705
2025-06-30,IEF,0.269390,0.016195,0.018866,-0.006777,-0.000482,0.002386,0.158470,0.224084,0.425617,0.005082,0.019018
2025-06-30,TLT,0.284388,0.021790,0.040250,-0.011965,0.000361,0.002177,0.161412,0.214453,0.477299,0.011447,0.040686
2025-06-30,AGG,0.254625,0.014870,0.015513,-0.003145,-0.000452,0.002058,0.150030,0.222814,0.391030,0.003950,0.015628
2025-06-30,LQD,0.219741,0.009459,0.022765,-0.001172,-0.000568,0.003074,0.132392,0.202304,0.324526,0.005002,0.022872
2025-06-30,HYG,0.119267,0.003383,0.019180,0.000735,-0.001684,0.004591,0.087399,0.147029,0.123374,0.002288,0.019212
2025-06-30,GLD,0.258832,0.020929,0.059770,-0.012696,0.017449,0.007447,0.136276,0.205618,0.434601,0.015470,0.060392
2025-06-30,SLV,0.289710,0.029637,0.078004,0.021335,0.011862,0.007968,0.188709,0.183183,0.497238,0.022599,0.079151
2025-06-30,DBC,0.118147,0.003227,0.054858,0.038056,0.004891,0.002547,0.080649,0.150104,0.123689,0.006481,0.054946
2025-06-30,VNQ,0.085842,0.003081,0.055541,0.015158,0.009364,0.006037,0.103050,0.109092,0.045384,0.004768,0.055626
2025-07-31,SPY,0.104612,0.004691,0.056928,0.020520,0.008091,0.010375,0.121180,0.148609,0.044047,0.005955,0.057061
2025-07-31,QQQ,0.085923,0.005200,0.066783,0.009540,0.010969,0.015004,0.121308,0.134861,0.001600,0.005738,0.066956
2025-07-31,IWM,0.114496,0.005103,0.065448,0.071927,0.012730,0.008927,0.130723,0.175752,0.037012,0.007494,0.065615
2025-07-31,EFA,0.188879,0.006691,0.050754,0.045247,0.013477,0.005069,0.165618,0.152329,0.248691,0.009586,0.050924
2025-07-31,EEM,0.137972,0.004831,0.050210,0.026771,0.012447,0.005222,0.158717,0.110117,0.145081,0.006928,0.050331
2025-07-31,SHY,0.224750,0.019412,0.004276,0.008875,0.005229,0.001345,0.116822,0.156888,0.400540,0.000961,0.004317
2025-07-31,IEF,0.190560,0.008641,0.017567,0.016482,0.001873,0.002386,0.126952,0.131121,0.313605,0.003348,0.017643
2025-07-31,TLT,0.163400,0.008249,0.037955,0.000127,0.003065,0.002177,0.120959,0.116235,0.253007,0.006202,0.038111
2025-07-31,AGG,0.197701,0.013312,0.014257,0.011904,0.001360,0.002058,0.134467,0.144713,0.313924,0.002819,0.014352
2025-07-31,LQD,0.215633,0.009831,0.020675,0.010436,0.002034,0.003074,0.137485,0.178298,0.331115,0.004458,0.020776
2025-07-31,HYG,0.187659,0.006023,0.016398,0.011053,0.004825,0.004591,0.137081,0.165289,0.260606,0.003077,0.016447
2025-07-31,GLD,0.193188,0.017737,0.053805,0.049875,0.016751,0.007447,0.089361,0.114853,0.375349,0.010394,0.054280
2025-07-31,SLV,0.261658,0.029593,0.075377,0.086134,0.013949,0.007968,0.119971,0.165395,0.499608,0.019723,0.076484
2025-07-31,DBC,0.091791,0.002278,0.048911,-0.010691,0.000705,0.002547,0.100981,0.086089,0.088303,0.004490,0.048967
2025-07-31,VNQ,0.141389,0.002977,0.051788,0.034777,0.010293,0.006037,0.146713,0.133217,0.144238,0.007322,0.051865
2025-08-29,SPY,0.190374,0.015702,0.050849,0.035620,0.006839,0.010375,0.070414,0.173958,0.326750,0.009680,0.051247
2025-08-29,QQQ,0.224507,0.027599,0.060409,0.053762,0.013247,0.015004,0.071530,0.191489,0.410502,0.013562,0.061237
2025-08-29,IWM,0.148270,0.010181,0.065335,0.031791,0.004296,0.008927,0.073697,0.139834,0.231280,0.009687,0.065667
2025-08-29,EFA,0.206552,0.011947,0.046059,0.020660,0.012213,0.005069,0.101016,0.201129,0.317511,0.009514,0.046333
2025-08-29,EEM,0.342300,0.052108,0.046458,0.070999,0.009138,0.005222,0.142148,0.265663,0.619090,0.015903,0.047653
2025-08-29,SHY,0.094531,0.003463,0.004796,0.002877,-0.001919,0.001345,0.158554,0.058738,0.066303,0.000453,0.004804
2025-08-29,IEF,0.049794,0.004063,0.016786,0.006511,-0.001496,0.002386,0.115469,0.040747,-0.006835,0.000836,0.016820
2025-08-29,TLT,0.037374,0.004577,0.034777,0.035910,0.008756,0.002177,0.098451,0.047023,-0.033351,0.001300,0.034856
2025-08-29,AGG,0.054684,0.003584,0.013611,0.011268,0.000700,0.002058,0.118561,0.048941,-0.003452,0.000744,0.013635
2025-08-29,LQD,0.068545,0.003029,0.019224,0.018772,0.006980,0.003074,0.119803,0.067543,0.018289,0.001318,0.019253
2025-08-29,HYG,0.128447,0.004308,0.014968,0.008860,0.003096,0.004591,0.090852,0.131658,0.162832,0.001923,0.015000
2025-08-29,GLD,0.233508,0.016996,0.048780,0.117584,0.005983,0.007447,0.168944,0.157810,0.373771,0.011391,0.049193
2025-08-29,SLV,0.210627,0.009161,0.070365,0.170765,0.003708,0.007968,0.145536,0.169191,0.317154,0.014821,0.070687
2025-08-29,DBC,0.177748,0.004877,0.043465,0.014408,-0.006983,0.002547,0.162105,0.142586,0.228553,0.007726,0.043571
2025-08-29,VNQ,0.053730,0.005344,0.047879,0.000576,0.000589,0.006037,0.079483,0.116057,-0.034349,0.002573,0.048007
2025-09-30,SPY,0.206095,0.015823,0.044000,0.031838,0.010900,0.010375,0.124267,0.128799,0.365221,0.009068,0.044347
2025-09-30,QQQ,0.215114,0.023365,0.052275,0.058964,0.018341,0.015004,0.129646,0.116723,0.398975,0.011245,0.052882
2025-09-30,IWM,0.190278,0.011481,0.059020,0.020169,0.010945,0.008927,0.141787,0.120395,0.308652,0.011230,0.059358
2025-09-30,EFA,0.090843,0.004304,0.041006,0.018743,0.006264,0.005069,0.084694,0.131728,0.056109,0.003725,0.041094
2025-09-30,EEM,0.113582,0.003654,0.041862,0.048876,0.010415,0.005222,0.118485,0.110085,0.112176,0.004755,0.041938
2025-09-30,SHY,0.068628,0.001942,0.004266,0.002854,0.001222,0.001345,0.070441,0.079891,0.055550,0.000293,0.004270
2025-09-30,IEF,0.053132,0.002894,0.015452,0.008153,0.005936,0.002386,0.071399,0.076795,0.011201,0.000821,0.015474
2025-09-30,TLT,0.043726,0.004470,0.033777,0.022794,0.004398,0.002177,0.080966,0.078238,-0.028026,0.001477,0.033852
2025-09-30,AGG,0.053780,0.003232,0.012644,0.008656,0.004557,0.002058,0.077013,0.086900,-0.002572,0.000680,0.012664
2025-09-30,LQD,0.072429,0.003371,0.018073,0.010949,0.006174,0.003074,0.094650,0.115604,0.007032,0.001309,0.018103
2025-09-30,HYG,0.123474,0.002856,0.013160,0.001745,0.004908,0.004591,0.109383,0.114299,0.146738,0.001625,0.013179
2025-09-30,GLD,0.033703,0.011557,0.047658,0.021183,0.008504,0.007447,0.100941,0.092689,-0.092521,0.001606,0.047933
2025-09-30,SLV,0.135427,0.005950,0.070782,0.020297,0.012646,0.007968,0.107488,0.125656,0.173136,0.009586,0.070992
2025-09-30,DBC,0.148469,0.007710,0.041230,0.007989,0.000734,0.002547,0.058465,0.139279,0.247662,0.006121,0.041389
2025-09-30,VNQ,0.127916,0.006044,0.044001,-0.031612,0.002501,0.006037,0.097527,0.106861,0.179358,0.005628,0.044134
2025-10-31,SPY,0.090776,0.004046,0.042343,-0.000777,0.011158,0.010375,0.086232,0.118545,0.067551,0.003844,0.042429
2025-10-31,QQQ,0.079579,0.003909,0.052711,-0.011239,0.015040,0.015004,0.078284,0.113805,0.046646,0.004195,0.052814
2025-10-31,IWM,0.103543,0.003301,0.059245,-0.004305,0.010624,0.008927,0.087287,0.105982,0.117359,0.006134,0.059343
2025-10-31,EFA,0.139823,0.004006,0.037727,0.005821,0.008259,0.005069,0.110483,0.134094,0.174891,0.005275,0.037802
2025-10-31,EEM,0.113978,0.002701,0.047206,-0.018083,0.006628,0.005222,0.116009,0.111390,0.114535,0.005380,0.047270
2025-10-31,SHY,0.191041,0.018099,0.004118,0.004134,0.006612,0.001345,0.098671,0.142408,0.332043,0.000787,0.004155
2025-10-31,IEF,0.196000,0.017332,0.014482,0.005290,0.007498,0.002386,0.087662,0.134825,0.365513,0.002838,0.014607
2025-10-31,TLT,0.144071,0.009974,0.031226,-0.009313,0.006525,0.002177,0.066819,0.103773,0.261620,0.004499,0.031381
2025-10-31,AGG,0.177821,0.016365,0.011611,0.003014,0.008641,0.002058,0.079048,0.116383,0.338032,0.002065,0.011706
2025-10-31,LQD,0.129558,0.007448,0.016564,0.004539,0.012373,0.003074,0.067842,0.100222,0.220609,0.002146,0.016626
2025-10-31,HYG,0.090937,0.002294,0.012795,0.007526,0.007484,0.004591,0.091681,0.084144,0.096985,0.001164,0.012810
2025-10-31,GLD,0.129004,0.006543,0.067268,0.051940,0.010099,0.007447,0.097312,0.079855,0.209846,0.008678,0.067488
2025-10-31,SLV,0.108348,0.003602,0.091709,0.207226,0.014635,0.007968,0.091749,0.088498,0.144798,0.009937,0.091874
2025-10-31,DBC,0.015684,0.005633,0.041461,0.006119,-0.001495,0.002547,0.066012,0.073454,-0.092414,0.000650,0.041578
2025-10-31,VNQ,0.118761,0.003289,0.044010,0.008859,0.005492,0.006037,0.087032,0.123105,0.146147,0.005227,0.044082
2025-11-28,SPY,0.091314,0.001946,0.042628,0.008268,0.005948,0.010375,0.097074,0.120308,0.056560,0.003893,0.042669
2025-11-28,QQQ,0.077150,0.003478,0.055421,0.001579,0.008491,0.015004,0.098466,0.106882,0.026103,0.004276,0.055517
2025-11-28,IWM,0.070367,0.004574,0.062159,0.000449,0.003939,0.008927,0.087802,0.116910,0.006388,0.004374,0.062301
2025-11-28,EFA,0.038556,0.004617,0.038919,0.031490,0.001506,0.005069,0.077996,0.078348,-0.040677,0.001501,0.039009
2025-11-28,EEM,0.068176,0.003775,0.045335,0.024768,0.007462,0.005222,0.097866,0.098809,0.007854,0.003091,0.045420
2025-11-28,SHY,0.182985,0.012147,0.003776,0.003311,-0.000391,0.001345,0.109983,0.117912,0.321060,0.000691,0.003799
2025-11-28,IEF,0.150265,0.010796,0.013529,-0.004309,0.000413,0.002386,0.095127,0.081982,0.273685,0.002033,0.013602
2025-11-28,TLT,0.077583,0.002743,0.028954,-0.018768,-0.000978,0.002177,0.085209,0.067892,0.079647,0.002246,0.028994
2025-11-28,AGG,0.145264,0.012951,0.010749,-0.000394,-0.000537,0.002058,0.092472,0.080656,0.262664,0.001561,0.010818
2025-11-28,LQD,0.110272,0.005491,0.015620,-0.003141,-0.001024,0.003074,0.071691,0.075140,0.183985,0.001722,0.015663
2025-11-28,HYG,0.097039,0.003185,0.011952,0.005923,0.000815,0.004591,0.079994,0.110920,0.100204,0.001160,0.011971
2025-11-28,GLD,0.137360,0.006141,0.063469,0.028385,0.008084,0.007447,0.095440,0.109109,0.207530,0.008718,0.063664
2025-11-28,SLV,0.052665,0.002299,0.100179,0.347003,0.016647,0.007968,0.059074,0.078521,0.020401,0.005276,0.100294
2025-11-28,DBC,0.226406,0.018811,0.039786,0.014830,0.000189,0.002547,0.121655,0.176527,0.381036,0.009008,0.040158
2025-11-28,VNQ,0.098610,0.002616,0.041885,-0.014298,0.000406,0.006037,0.109029,0.106449,0.080351,0.004130,0.041940
2025-12-31,SPY,0.291098,0.012735,0.037881,0.019782,0.014033,0.010375,0.220864,0.230576,0.421854,0.011027,0.038121
2025-12-31,QQQ,0.266392,0.008103,0.050261,0.019257,0.017747,0.015004,0.211923,0.223523,0.363730,0.013389,0.050464
2025-12-31,IWM,0.288652,0.023396,0.056220,0.065080,0.018276,0.008927,0.187018,0.216640,0.462300,0.016228,0.056874
2025-12-31,EFA,0.244311,0.006111,0.034706,0.055920,0.008175,0.005069,0.181753,0.239643,0.311536,0.008479,0.034812
2025-12-31,EEM,0.235724,0.010894,0.040674,0.083531,0.005720,0.005222,0.173009,0.205550,0.328613,0.009588,0.040895
2025-12-31,SHY,0.281300,0.032614,0.003485,0.001568,0.001231,0.001345,0.145046,0.197461,0.501393,0.000980,0.003541
2025-12-31,IEF,0.288108,0.023724,0.012587,-0.004249,0.006236,0.002386,0.187984,0.193313,0.483027,0.003626,0.012735
2025-12-31,TLT,0.242780,0.013608,0.027050,-0.003200,0.006922,0.002177,0.190706,0.178473,0.359160,0.006567,0.027233
2025-12-31,AGG,0.329081,0.026816,0.010092,0.001348,0.005489,0.002058,0.208328,0.234312,0.544603,0.003321,0.010226
2025-12-31,LQD,0.375727,0.058434,0.014746,0.002519,0.007717,0.003074,0.234340,0.220808,0.672034,0.005540,0.015171
2025-12-31,HYG,0.355078,0.035250,0.010553,0.006688,0.002892,0.004591,0.246593,0.246630,0.572011,0.003747,0.010737
2025-12-31,GLD,0.154406,0.004102,0.061723,0.077767,0.016737,0.007447,0.117319,0.116450,0.229450,0.009530,0.061849
2025-12-31,SLV,0.130026,0.002281,0.131755,0.124496,0.034070,0.007968,0.111867,0.137287,0.140924,0.017132,0.131905
2025-12-31,DBC,0.218740,0.014458,0.038618,0.052773,0.001641,0.002547,0.138066,0.150112,0.368042,0.008447,0.038896
2025-12-31,VNQ,0.291109,0.021518,0.036819,0.015482,0.006948,0.006037,0.204595,0.219075,0.449659,0.010718,0.037213
2026-01-30,SPY,0.141318,0.002182,0.035551,-0.016821,0.011762,0.010346,0.151501,0.159143,0.113308,0.005024,0.035590
2026-01-30,QQQ,0.137004,0.001532,0.047169,-0.032627,0.016159,0.015059,0.151231,0.151033,0.108748,0.006462,0.047205
2026-01-30,IWM,0.133532,0.002808,0.053522,-0.001579,0.019132,0.008513,0.126900,0.174618,0.099079,0.007147,0.053597
2026-01-30,EFA,0.158834,0.001776,0.035725,-0.006452,0.010143,0.005844,0.153218,0.188650,0.134633,0.005674,0.035757
2026-01-30,EEM,0.154084,0.002486,0.044951,-0.011506,0.015544,0.006158,0.136493,0.198691,0.127069,0.006926,0.045007
2026-01-30,SHY,0.130856,0.001859,0.003084,0.003415,-0.006092,0.001479,0.127609,0.135545,0.129414,0.000404,0.003087
2026-01-30,IEF,0.128295,0.001844,0.011689,0.017390,0.005543,0.002517,0.117430,0.148805,0.118649,0.001500,0.011700
2026-01-30,TLT,0.133598,0.001650,0.026329,0.033750,0.006419,0.002093,0.142712,0.144740,0.113341,0.003517,0.026351
2026-01-30,AGG,0.131970,0.001683,0.009340,0.010815,0.006157,0.002189,0.132893,0.146822,0.116194,0.001233,0.009348
2026-01-30,LQD,0.124883,0.001609,0.013955,0.009890,0.007646,0.003196,0.126291,0.141155,0.107204,0.001743,0.013966
2026-01-30,HYG,0.124533,0.002397,0.009367,-0.002577,0.004090,0.004647,0.093206,0.153808,0.126587,0.001167,0.009378
2026-01-30,GLD,0.140043,0.003347,0.091749,0.052118,0.024673,0.009216,0.085413,0.202312,0.132406,0.012849,0.091902
2026-01-30,SLV,0.119236,0.002705,0.230061,-0.010074,0.035854,0.010732,0.075475,0.172175,0.110057,0.027431,0.230372
2026-01-30,DBC,0.189214,0.005179,0.046343,0.060581,0.006089,0.002896,0.134798,0.249892,0.182952,0.008769,0.046463
2026-01-30,VNQ,0.162195,0.002457,0.037011,0.050881,0.002917,0.005554,0.159385,0.174023,0.153176,0.006003,0.037056
2026-02-27,SPY,0.186768,0.002953,0.036002,-0.076231,0.008382,0.010346,0.157288,0.240998,0.162016,0.006724,0.036055
2026-02-27,QQQ,0.178529,0.003676,0.048611,-0.079544,0.007198,0.015059,0.148357,0.232686,0.154544,0.008678,0.048700
2026-02-27,IWM,0.187513,0.005168,0.054943,-0.081763,0.009400,0.008513,0.153768,0.252617,0.156154,0.010303,0.055085
2026-02-27,EFA,0.167667,0.002997,0.035845,-0.107326,0.005891,0.005844,0.131718,0.202521,0.168761,0.006010,0.035899
2026-02-27,EEM,0.162898,0.002863,0.047103,-0.125120,0.007178,0.006158,0.128887,0.186249,0.173558,0.007673,0.047170
2026-02-27,SHY,0.164426,0.001954,0.003194,-0.005509,-0.001325,0.001479,0.141357,0.186978,0.164942,0.000525,0.003197
2026-02-27,IEF,0.156482,0.002157,0.012157,-0.024942,0.000893,0.002517,0.157259,0.161274,0.150913,0.001902,0.012170
2026-02-27,TLT,0.146031,0.002225,0.026074,-0.041306,0.001023,0.002093,0.163870,0.139186,0.135037,0.003808,0.026103
2026-02-27,AGG,0.157016,0.001882,0.009281,-0.020221,0.000940,0.002189,0.165460,0.154997,0.150592,0.001457,0.009290
2026-02-27,LQD,0.171558,0.002588,0.012694,-0.026838,0.004861,0.003196,0.159465,0.190172,0.165039,0.002178,0.012710
2026-02-27,HYG,0.162882,0.003577,0.008501,-0.018873,0.010928,0.004647,0.139438,0.210384,0.138824,0.001385,0.008516
2026-02-27,GLD,0.153777,0.002424,0.099201,-0.142987,0.003794,0.009216,0.116855,0.165165,0.179311,0.015255,0.099321
2026-02-27,SLV,0.135479,0.003542,0.246467,-0.252618,0.002960,0.010732,0.079149,0.176308,0.150979,0.033391,0.246903
2026-02-27,DBC,0.142194,0.003365,0.053094,0.165737,-0.006653,0.002896,0.089136,0.194639,0.142808,0.007550,0.053183
2026-02-27,VNQ,0.133334,0.001523,0.037265,-0.077610,0.003314,0.005554,0.135668,0.136396,0.127939,0.004969,0.037293
2026-03-31,SPY,0.177319,0.003166,0.042432,0.105053,0.001986,0.010346,0.122705,0.221617,0.187637,0.007524,0.042499
2026-03-31,QQQ,0.177171,0.003900,0.054436,0.156901,0.005579,0.015059,0.119919,0.225212,0.186383,0.009645,0.054542
2026-03-31,IWM,0.170627,0.005337,0.061756,0.120847,-0.000467,0.008513,0.106649,0.225136,0.180096,0.010537,0.061921
2026-03-31,EFA,0.150536,0.002768,0.053525,0.053434,-0.003170,0.005844,0.132132,0.191815,0.127662,0.008057,0.053599
2026-03-31,EEM,0.158654,0.003048,0.070322,0.126783,-0.003866,0.006158,0.119232,0.198584,0.158146,0.011157,0.070429
2026-03-31,SHY,0.168048,0.001600,0.004269,0.001907,0.002553,0.001479,0.157225,0.185813,0.161108,0.000717,0.004272
2026-03-31,IEF,0.173834,0.002898,0.015021,-0.001503,0.001572,0.002517,0.171877,0.204920,0.144705,0.002611,0.015043
2026-03-31,TLT,0.207453,0.003532,0.030247,-0.008397,-0.001597,0.002093,0.192637,0.244989,0.184734,0.006275,0.030300
2026-03-31,AGG,0.181250,0.002728,0.012192,0.001688,0.001534,0.002189,0.172430,0.219520,0.151801,0.002210,0.012209
2026-03-31,LQD,0.186368,0.003655,0.018051,0.002819,-0.000806,0.003196,0.161379,0.230691,0.167035,0.003364,0.018084
2026-03-31,HYG,0.190755,0.004030,0.014408,0.015207,-0.000392,0.004647,0.139989,0.247350,0.184927,0.002748,0.014437
2026-03-31,GLD,0.145824,0.001817,0.103138,-0.015408,0.004595,0.009216,0.129942,0.163952,0.143580,0.015040,0.103232
2026-03-31,SLV,0.136568,0.002806,0.229411,-0.021720,0.031430,0.010732,0.097610,0.176485,0.135610,0.031330,0.229733
2026-03-31,DBC,0.174230,0.003208,0.065152,0.074266,0.009355,0.002896,0.138695,0.171771,0.212224,0.011351,0.065256
2026-03-31,VNQ,0.182006,0.003871,0.040273,0.086020,-0.001063,0.005554,0.131487,0.213218,0.201313,0.007330,0.040351
2026-04-30,SPY,0.132753,0.004349,0.041396,0.055492,0.009442,0.010346,0.070797,0.184664,0.142797,0.005495,0.041486
2026-04-30,QQQ,0.118508,0.003334,0.054049,0.112319,0.015351,0.015059,0.065775,0.163831,0.125917,0.006405,0.054139
2026-04-30,IWM,0.136898,0.003997,0.059163,0.039609,0.012107,0.008513,0.079482,0.196298,0.134912,0.008099,0.059281
2026-04-30,EFA,0.132834,0.004738,0.054913,0.020719,0.006139,0.005844,0.063235,0.205921,0.129347,0.007294,0.055043
2026-04-30,EEM,0.129250,0.003623,0.072295,0.095171,0.009681,0.006158,0.068593,0.195907,0.123252,0.009344,0.072426
2026-04-30,SHY,0.214375,0.003662,0.004180,0.000193,0.004403,0.001479,0.150572,0.262216,0.230339,0.000896,0.004188
2026-04-30,IEF,0.220517,0.006636,0.014155,-0.001918,0.007423,0.002517,0.136860,0.275219,0.249474,0.003121,0.014202
2026-04-30,TLT,0.231729,0.007972,0.027415,0.005875,0.008789,0.002093,0.140338,0.277626,0.277222,0.006353,0.027524
2026-04-30,AGG,0.218478,0.007942,0.011522,0.002438,0.007925,0.002189,0.130854,0.277712,0.246868,0.002517,0.011568
2026-04-30,LQD,0.197128,0.007308,0.016875,0.008466,0.008519,0.003196,0.106112,0.264572,0.220700,0.003327,0.016937
2026-04-30,HYG,0.157140,0.005178,0.013677,0.003598,0.005292,0.004647,0.079804,0.225274,0.166343,0.002149,0.013712
2026-04-30,GLD,0.134367,0.001968,0.092204,-0.029269,0.025275,0.009216,0.109829,0.158718,0.134554,0.012389,0.092295
2026-04-30,SLV,0.114401,0.001453,0.201681,0.015151,0.060130,0.010732,0.086531,0.137888,0.118785,0.023073,0.201827
2026-04-30,DBC,0.135245,0.001892,0.064848,-0.035691,0.007642,0.002896,0.130109,0.160980,0.114647,0.008770,0.064909
2026-04-30,VNQ,0.156995,0.005977,0.041541,-0.023253,0.004956,0.005554,0.088378,0.239863,0.142744,0.006522,0.041665
2026-05-29,SPY,0.198724,0.003868,0.038307,-0.010293,0.007406,0.010346,0.177115,0.267270,0.151788,0.007613,0.038381
2026-05-29,QQQ,0.183519,0.003632,0.052962,-0.001491,0.014202,0.015059,0.160459,0.243381,0.146717,0.009720,0.053058
2026-05-29,IWM,0.186592,0.003023,0.058207,0.036961,0.008588,0.008513,0.168757,0.233649,0.157370,0.010861,0.058295
2026-05-29,EFA,0.161491,0.003665,0.053512,0.006907,0.007217,0.005844,0.144809,0.215142,0.124521,0.008642,0.053610
2026-05-29,EEM,0.155284,0.001963,0.075543,0.002414,0.010992,0.006158,0.127669,0.196850,0.141332,0.011731,0.075617
2026-05-29,SHY,0.155824,0.002766,0.004015,0.000646,-0.001290,0.001479,0.112044,0.166171,0.189258,0.000626,0.004021
2026-05-29,IEF,0.152206,0.003286,0.014574,0.002512,-0.001442,0.002517,0.090997,0.193253,0.172368,0.002218,0.014598
2026-05-29,TLT,0.163607,0.004442,0.027698,0.011659,-0.003316,0.002093,0.101999,0.199611,0.189212,0.004532,0.027759
2026-05-29,AGG,0.153770,0.003563,0.012033,0.002542,-0.000731,0.002189,0.103522,0.191143,0.166645,0.001850,0.012054
2026-05-29,LQD,0.159754,0.002933,0.016826,0.001129,-0.001163,0.003196,0.105039,0.203529,0.170695,0.002688,0.016851
2026-05-29,HYG,0.172481,0.002600,0.013260,0.000863,-0.000347,0.004647,0.145046,0.218124,0.154273,0.002287,0.013277
2026-05-29,GLD,0.114289,0.002171,0.083146,-0.116849,0.017201,0.009216,0.076271,0.153829,0.112767,0.009503,0.083236
2026-05-29,SLV,0.142411,0.002010,0.191092,-0.217474,0.040148,0.010732,0.114611,0.168175,0.144448,0.027214,0.191284
2026-05-29,DBC,0.136492,0.002036,0.064622,-0.095658,0.017322,0.002896,0.093755,0.167893,0.147828,0.008820,0.064688
2026-05-29,VNQ,0.170217,0.002280,0.039323,0.016509,0.010879,0.005554,0.172241,0.211768,0.126642,0.006693,0.039368
2026-06-30,SPY,0.172546,0.002387,0.042296,-0.006803,0.000912,0.010346,0.121932,0.200869,0.194836,0.007298,0.042346
2026-06-30,QQQ,0.174137,0.003896,0.067744,-0.071768,0.000154,0.015059,0.116011,0.229177,0.177223,0.011797,0.067876
2026-06-30,IWM,0.157805,0.002819,0.058786,-0.026161,0.002448,0.008513,0.110915,0.187315,0.175186,0.009277,0.058869
2026-06-30,EFA,0.180171,0.002545,0.052981,0.022719,0.000177,0.005844,0.158070,0.205679,0.176762,0.009546,0.053048
2026-06-30,EEM,0.176815,0.002930,0.089967,-0.070458,0.000061,0.006158,0.139118,0.221733,0.169594,0.015908,0.090099
2026-06-30,SHY,0.177646,0.002515,0.004372,0.001686,0.003393,0.001479,0.173081,0.213246,0.146611,0.000777,0.004377
2026-06-30,IEF,0.185279,0.003149,0.014927,-0.011129,0.002771,0.002517,0.161609,0.241900,0.152330,0.002766,0.014950
2026-06-30,TLT,0.198722,0.005770,0.027720,-0.038350,0.004252,0.002093,0.158549,0.281800,0.155817,0.005509,0.027800
2026-06-30,AGG,0.196095,0.003588,0.012048,-0.010431,0.004889,0.002189,0.173702,0.253254,0.161329,0.002363,0.012070
2026-06-30,LQD,0.195538,0.003426,0.016311,-0.020959,0.005480,0.003196,0.170240,0.250041,0.166333,0.003189,0.016339
2026-06-30,HYG,0.167697,0.001581,0.012483,-0.001646,0.001850,0.004647,0.153301,0.183939,0.165852,0.002093,0.012493
2026-06-30,GLD,0.181911,0.003877,0.084134,0.023834,0.004850,0.009216,0.128268,0.198667,0.218797,0.015305,0.084297
2026-06-30,SLV,0.161657,0.003535,0.181681,0.000561,0.000218,0.010732,0.120416,0.180359,0.184197,0.029370,0.182002
2026-06-30,DBC,0.136812,0.002756,0.062073,0.099775,0.011002,0.002896,0.092086,0.150256,0.168093,0.008492,0.062158
2026-06-30,VNQ,0.141780,0.002032,0.044619,0.031733,0.005779,0.005554,0.104246,0.182188,0.138905,0.006326,0.044664
2026-07-31,SPY,0.134100,0.002340,0.040187,0.026799,0.006842,0.010346,0.114554,0.153987,0.133758,0.005389,0.040234
2026-07-31,QQQ,0.143503,0.002622,0.068112,0.041817,0.008888,0.015059,0.113893,0.160206,0.156409,0.009774,0.068201
2026-07-31,IWM,0.142086,0.002782,0.053015,0.009375,0.012326,0.008513,0.102935,0.159793,0.163530,0.007533,0.053089
2026-07-31,EFA,0.126010,0.002032,0.051077,0.017712,0.000036,0.005844,0.091035,0.153092,0.133901,0.006436,0.051129
2026-07-31,EEM,0.147129,0.002498,0.090421,0.045717,0.001800,0.006158,0.107056,0.181656,0.152676,0.013304,0.090534
2026-07-31,SHY,0.123407,0.002510,0.004138,0.001725,0.001551,0.001479,0.086657,0.174983,0.108581,0.000511,0.004143
2026-07-31,IEF,0.122053,0.003737,0.014018,0.001166,0.007406,0.002517,0.087305,0.179924,0.098929,0.001711,0.014044
2026-07-31,TLT,0.139338,0.002286,0.027269,0.007324,0.006553,0.002093,0.118403,0.183047,0.116565,0.003800,0.027300
2026-07-31,AGG,0.123403,0.003225,0.011517,0.003896,0.007372,0.002189,0.097750,0.186271,0.086187,0.001421,0.011536
2026-07-31,LQD,0.130674,0.004094,0.015586,0.003951,0.005298,0.003196,0.111877,0.197713,0.082431,0.002037,0.015618
2026-07-31,HYG,0.120296,0.003739,0.011198,0.009027,0.005212,0.004647,0.089055,0.171295,0.100537,0.001347,0.011219
2026-07-31,GLD,0.184252,0.003368,0.077597,0.099263,0.007761,0.009216,0.143989,0.183329,0.225437,0.014297,0.077728
2026-07-31,SLV,0.141648,0.002092,0.161762,0.148396,0.009267,0.010732,0.124114,0.146585,0.154246,0.022913,0.161931
2026-07-31,DBC,0.173893,0.001586,0.065490,0.062818,0.010476,0.002896,0.155559,0.216896,0.149223,0.011388,0.065542
2026-07-31,VNQ,0.125050,0.002763,0.044041,-0.025366,0.010480,0.005554,0.081384,0.187056,0.106709,0.005507,0.044102
