date,ticker,open,high,low,close,adj_close,volume
2006-01-03,AGG,100.47000122070312,100.72000122070312,100.36000061035156,100.63999938964844,52.40461349487305,170600
2006-01-04,AGG,100.69000244140625,100.87999725341797,100.61000061035156,100.87999725341797,52.52960968017578,284500
2006-01-05,AGG,100.81999969482422,100.91000366210938,100.61000061035156,100.87999725341797,52.52960968017578,203100
2006-01-06,AGG,100.87999725341797,100.88999938964844,100.5999984741211,100.6500015258789,52.409854888916016,201100
2006-01-09,AGG,100.73999786376953,100.88999938964844,100.5999984741211,100.76000213623047,52.467098236083984,170500
2006-01-10,AGG,100.81999969482422,100.83999633789062,100.55000305175781,100.55999755859375,52.362953186035156,251500
2006-01-11,AGG,100.7300033569336,100.75,100.41000366210938,100.48999786376953,52.32648468017578,111000
2006-01-12,AGG,100.5199966430664,100.80999755859375,100.3499984741211,100.75,52.461891174316406,188200
2006-01-13,AGG,100.87999725341797,101.12999725341797,100.80999755859375,101.02999877929688,52.607696533203125,108400
2006-01-17,AGG,101.05000305175781,101.12999725341797,100.79000091552734,101.08000183105469,52.63368606567383,253000
2006-01-18,AGG,101.3499984741211,101.3499984741211,101.0,101.19999694824219,52.69623947143555,142600
2006-01-19,AGG,101.04000091552734,101.11000061035156,100.80999755859375,101.05000305175781,52.61812973022461,156500
2006-01-20,AGG,101.08999633789062,101.19000244140625,100.80000305175781,101.0999984741211,52.64414978027344,134100
2006-01-23,AGG,101.0199966430664,101.19999694824219,100.9000015258789,101.0999984741211,52.64414978027344,221900
2006-01-24,AGG,101.0999984741211,101.12999725341797,100.80000305175781,100.93000030517578,52.55561828613281,209400
2006-01-25,AGG,100.93000030517578,100.93000030517578,100.4000015258789,100.68000030517578,52.4254264831543,162600
2006-01-26,AGG,100.55000305175781,100.5999984741211,100.16000366210938,100.37000274658203,52.26398468017578,183800
2006-01-27,AGG,100.58999633789062,100.58999633789062,100.25,100.5,52.331687927246094,164400
2006-01-30,AGG,100.5,100.54000091552734,100.2699966430664,100.51000213623047,52.33689880371094,130800
2006-01-31,AGG,100.51000213623047,100.5999984741211,100.25,100.52999877929688,52.34734344482422,174300
2006-02-01,AGG,100.1500015258789,100.19999694824219,99.80000305175781,99.87999725341797,52.20149230957031,459300
2006-02-02,AGG,99.98999786376953,100.11000061035156,99.80999755859375,99.94999694824219,52.238075256347656,150400
2006-02-03,AGG,99.83999633789062,100.2300033569336,99.80000305175781,100.2300033569336,52.38443374633789,145000
2006-02-06,AGG,100.06999969482422,100.29000091552734,100.01000213623047,100.20999908447266,52.373992919921875,119800
2006-02-07,AGG,100.33000183105469,100.33999633789062,99.93000030517578,100.13999938964844,52.33739471435547,122900
2006-02-08,AGG,100.19000244140625,100.23999786376953,100.02999877929688,100.08999633789062,52.311256408691406,146800
2006-02-09,AGG,100.12999725341797,100.25,99.91000366210938,100.1500015258789,52.34260177612305,144200
2006-02-10,AGG,100.13999938964844,100.2300033569336,99.81999969482422,99.94000244140625,52.232879638671875,118100
2006-02-13,AGG,99.98999786376953,100.01000213623047,99.81999969482422,100.01000213623047,52.26945495605469,109600
2006-02-14,AGG,99.8499984741211,99.9800033569336,99.75,99.8499984741211,52.185821533203125,237600
2006-02-15,AGG,100.08000183105469,100.0999984741211,99.81999969482422,99.95999908447266,52.24333953857422,199000
2006-02-16,AGG,99.94999694824219,100.05000305175781,99.8499984741211,99.86000061035156,52.191043853759766,148300
2006-02-17,AGG,99.91999816894531,100.30999755859375,99.91999816894531,100.2699966430664,52.40533447265625,155800
2006-02-21,AGG,100.2699966430664,100.29000091552734,99.87999725341797,99.9000015258789,52.211952209472656,276700
2006-02-22,AGG,100.13999938964844,100.41000366210938,100.13999938964844,100.30000305175781,52.420997619628906,79400
2006-02-23,AGG,100.33999633789062,100.33999633789062,100.04000091552734,100.23999786376953,52.389617919921875,157900
2006-02-24,AGG,100.12999725341797,100.4000015258789,100.02999877929688,100.31999969482422,52.43147277832031,150500
2006-02-27,AGG,100.38999938964844,100.41999816894531,100.02999877929688,100.11000061035156,52.32170867919922,189300
2006-02-28,AGG,100.45999908447266,100.56999969482422,100.30000305175781,100.31999969482422,52.43147277832031,169000
2006-03-01,AGG,100.12000274658203,100.1500015258789,99.77999877929688,99.94999694824219,52.43303298950195,182800
2006-03-02,AGG,99.8499984741211,99.8499984741211,99.47000122070312,99.69999694824219,52.30191421508789,134000
2006-03-03,AGG,99.62999725341797,99.62999725341797,99.41999816894531,99.5,52.19694900512695,229300
2006-03-06,AGG,99.4000015258789,99.45999908447266,98.91999816894531,98.94999694824219,51.90842056274414,237300
2006-03-07,AGG,99.25,99.37000274658203,99.0999984741211,99.19999694824219,52.03957748413086,211200
2006-03-08,AGG,99.3499984741211,99.3499984741211,99.0999984741211,99.25,52.06583023071289,196100
2006-03-09,AGG,99.30999755859375,99.38999938964844,99.08000183105469,99.12000274658203,51.99761199951172,105700
2006-03-10,AGG,99.2300033569336,99.31999969482422,98.97000122070312,99.16000366210938,52.01862335205078,85600
2006-03-13,AGG,99.26000213623047,99.33999633789062,99.18000030517578,99.33999633789062,52.1130256652832,198900
2006-03-14,AGG,99.41000366210938,99.66999816894531,99.30000305175781,99.66999816894531,52.28614807128906,345800
2006-03-15,AGG,99.37999725341797,99.58000183105469,99.27999877929688,99.4000015258789,52.14453125,181100
2006-03-16,AGG,99.61000061035156,99.87999725341797,99.52999877929688,99.81999969482422,52.364845275878906,122000
2006-03-17,AGG,99.79000091552734,99.79000091552734,99.5,99.5999984741211,52.24946594238281,253400
2006-03-20,AGG,99.69999694824219,99.75,99.54000091552734,99.55999755859375,52.228424072265625,460900
2006-03-21,AGG,99.58000183105469,99.6500015258789,99.2300033569336,99.30000305175781,52.092044830322266,165400
2006-03-22,AGG,99.62000274658203,99.72000122070312,99.44999694824219,99.4800033569336,52.18648910522461,117200
2006-03-23,AGG,99.69999694824219,99.73999786376953,99.4000015258789,99.4000015258789,52.14453125,168700
2006-03-24,AGG,99.58000183105469,99.9000015258789,99.5,99.56999969482422,52.23373794555664,109300
2006-03-27,AGG,99.70999908447266,99.75,99.5,99.6500015258789,52.275638580322266,190100
2006-03-28,AGG,99.5999984741211,99.63999938964844,99.30000305175781,99.4000015258789,52.14453125,181600
2006-03-29,AGG,99.31999969482422,99.41000366210938,99.01000213623047,99.19999694824219,52.03957748413086,370200
2006-03-30,AGG,99.11000061035156,99.2300033569336,98.69999694824219,98.75,51.80351257324219,857800
2006-03-31,AGG,98.91000366210938,99.16999816894531,98.91000366210938,99.08000183105469,51.976661682128906,154000
2006-04-03,AGG,98.52999877929688,98.68000030517578,98.41999816894531,98.5999984741211,51.92557144165039,175400
2006-04-04,AGG,98.66000366210938,98.87999725341797,98.5999984741211,98.7300033569336,51.9940299987793,499500
2006-04-05,AGG,98.95999908447266,98.95999908447266,98.69999694824219,98.80000305175781,52.030906677246094,195900
2006-04-06,AGG,98.79000091552734,98.80000305175781,98.5999984741211,98.72000122070312,51.9887809753418,282000
2006-04-07,AGG,98.56999969482422,98.56999969482422,98.16999816894531,98.38999938964844,51.81493377685547,250100
2006-04-10,AGG,98.05999755859375,98.33000183105469,98.05999755859375,98.30000305175781,51.76754379272461,267400
2006-04-11,AGG,98.48999786376953,98.58999633789062,98.26000213623047,98.5,51.87289047241211,194800
2006-04-12,AGG,98.41999816894531,98.63999938964844,98.20999908447266,98.41000366210938,51.82551193237305,171400
2006-04-13,AGG,98.19000244140625,98.3499984741211,98.05000305175781,98.20999908447266,51.72016906738281,182200
2006-04-17,AGG,98.25,98.38999938964844,98.05000305175781,98.37000274658203,51.804447174072266,109200
2006-04-18,AGG,98.37000274658203,98.5,98.2699966430664,98.30000305175781,51.76754379272461,205900
2006-04-19,AGG,98.41000366210938,98.44999694824219,98.0999984741211,98.38999938964844,51.81493377685547,233000
2006-04-20,AGG,98.41000366210938,98.44000244140625,98.05999755859375,98.23999786376953,51.73597717285156,242300
2006-04-21,AGG,98.23999786376953,98.41999816894531,98.08000183105469,98.2300033569336,51.73069381713867,396000
2006-04-24,AGG,98.48999786376953,98.6500015258789,98.31999969482422,98.5999984741211,51.92557144165039,141300
2006-04-25,AGG,98.55000305175781,98.55000305175781,98.02999877929688,98.2699966430664,51.75171661376953,110000
2006-04-26,AGG,98.12000274658203,98.19999694824219,97.94999694824219,98.0999984741211,51.662235260009766,128300
2006-04-27,AGG,98.0,98.45999908447266,97.94999694824219,98.33000183105469,51.78337097167969,143400
2006-04-28,AGG,98.44000244140625,98.55000305175781,98.20999908447266,98.55000305175781,51.89925003051758,219900
2006-05-01,AGG,98.08999633789062,98.08999633789062,97.68000030517578,97.79000091552734,51.69569778442383,163000
2006-05-02,AGG,97.83000183105469,97.95999908447266,97.69999694824219,97.88999938964844,51.74853515625,123000
2006-05-03,AGG,97.88999938964844,97.93000030517578,97.51000213623047,97.81999969482422,51.7115478515625,128600
2006-05-04,AGG,97.33999633789062,97.86000061035156,97.33999633789062,97.7699966430664,51.685142517089844,103100
2006-05-05,AGG,98.13999938964844,98.13999938964844,97.7699966430664,97.94999694824219,51.78028106689453,128600
2006-05-08,AGG,97.98999786376953,98.05000305175781,97.86000061035156,98.0199966430664,51.81726837158203,116000
2006-05-09,AGG,97.94000244140625,98.0199966430664,97.86000061035156,97.97000122070312,51.79082489013672,172500
2006-05-10,AGG,97.97000122070312,98.19000244140625,97.22000122070312,97.86000061035156,51.73270797729492,170700
2006-05-11,AGG,97.91000366210938,97.91000366210938,97.69999694824219,97.80000305175781,51.70102310180664,186900
2006-05-12,AGG,97.72000122070312,97.80000305175781,97.37000274658203,97.58999633789062,51.58998489379883,181800
2006-05-15,AGG,97.69999694824219,97.87000274658203,97.61000061035156,97.6500015258789,51.62172317504883,126100
2006-05-16,AGG,97.6500015258789,98.16999816894531,97.6500015258789,98.12999725341797,51.875431060791016,471300
2006-05-17,AGG,97.76000213623047,97.8499984741211,97.41000366210938,97.8499984741211,51.72745132446289,163200
2006-05-18,AGG,98.06999969482422,98.26000213623047,98.04000091552734,98.26000213623047,51.944175720214844,224200
2006-05-19,AGG,98.16999816894531,98.41000366210938,98.12999725341797,98.23999786376953,51.933570861816406,316800
2006-05-22,AGG,98.43000030517578,98.55000305175781,98.16999816894531,98.26000213623047,51.944175720214844,374300
2006-05-23,AGG,98.05000305175781,98.19999694824219,97.91000366210938,97.98999786376953,51.80145263671875,246100
2006-05-24,AGG,98.19000244140625,98.41999816894531,98.01000213623047,98.01000213623047,51.81199264526367,192300
2006-05-25,AGG,98.25,98.38999938964844,97.91999816894531,98.0,51.80668258666992,189500
2006-05-26,AGG,98.29000091552734,98.52999877929688,98.01000213623047,98.41999816894531,52.02873229980469,275000
2006-05-30,AGG,98.19999694824219,98.2699966430664,98.0999984741211,98.19999694824219,51.91248321533203,203400
2006-05-31,AGG,98.30999755859375,98.30999755859375,97.91000366210938,97.9800033569336,51.79613494873047,415500
2006-06-01,AGG,97.63999938964844,97.72000122070312,97.41000366210938,97.5199966430664,51.7552604675293,461500
2006-06-02,AGG,98.1500015258789,98.27999877929688,98.0,98.2699966430664,52.15331268310547,115500
2006-06-05,AGG,97.95999908447266,98.26000213623047,97.94999694824219,97.94999694824219,51.98347854614258,356200
2006-06-06,AGG,98.08000183105469,98.25,97.87999725341797,98.20999908447266,52.121490478515625,255500
2006-06-07,AGG,98.12000274658203,98.13999938964844,97.8499984741211,97.9000015258789,51.956947326660156,320000
2006-06-08,AGG,98.18000030517578,98.44000244140625,98.01000213623047,98.2300033569336,52.13208770751953,205100
2006-06-09,AGG,98.11000061035156,98.41000366210938,98.11000061035156,98.37000274658203,52.206390380859375,166800
2006-06-12,AGG,98.36000061035156,98.36000061035156,98.05999755859375,98.06999969482422,52.04719924926758,193700
2006-06-13,AGG,98.4000015258789,98.44000244140625,98.11000061035156,98.3499984741211,52.19576644897461,258900
2006-06-14,AGG,98.19999694824219,98.25,97.8499984741211,97.9800033569336,51.99940490722656,158000
2006-06-15,AGG,97.91999816894531,97.94000244140625,96.0,97.81999969482422,51.91447830200195,114800
2006-06-16,AGG,97.97000122070312,98.0,97.55999755859375,97.76000213623047,51.88264465332031,227900
2006-06-19,AGG,97.63999938964844,97.75,97.41999816894531,97.5,51.74468994140625,164400
2006-06-20,AGG,97.61000061035156,97.62999725341797,97.41999816894531,97.55999755859375,51.77650451660156,109200
2006-06-21,AGG,97.51000213623047,97.69000244140625,97.41000366210938,97.58999633789062,51.792442321777344,95700
2006-06-22,AGG,97.58000183105469,97.58000183105469,97.08000183105469,97.16999816894531,51.56948471069336,248700
2006-06-23,AGG,97.2300033569336,97.30999755859375,97.11000061035156,97.22000122070312,51.59606170654297,331800
2006-06-26,AGG,97.01000213623047,97.27999877929688,96.91000366210938,96.94000244140625,51.44743347167969,561200
2006-06-27,AGG,97.27999877929688,97.30000305175781,97.01000213623047,97.20999908447266,51.590728759765625,746000
2006-06-28,AGG,97.36000061035156,97.36000061035156,97.0999984741211,97.11000061035156,51.53770446777344,108000
2006-06-29,AGG,97.1500015258789,97.47000122070312,97.0999984741211,97.44999694824219,51.718143463134766,248100
2006-06-30,AGG,97.55000305175781,97.62000274658203,97.4000015258789,97.44000244140625,51.71282958984375,187400
2006-07-03,AGG,96.98999786376953,97.36000061035156,96.98999786376953,97.19999694824219,51.791709899902344,88800
2006-07-05,AGG,97.22000122070312,97.22000122070312,96.70999908447266,96.91000366210938,51.63716506958008,260100
2006-07-06,AGG,97.08999633789062,97.08999633789062,96.87000274658203,97.0,51.68513107299805,137000
2006-07-07,AGG,97.12999725341797,97.54000091552734,97.11000061035156,97.36000061035156,51.876953125,427600
2006-07-10,AGG,97.4800033569336,97.54000091552734,97.36000061035156,97.44999694824219,51.92490768432617,92600
2006-07-11,AGG,97.5999984741211,97.69999694824219,97.45999908447266,97.61000061035156,52.0101432800293,204000
2006-07-12,AGG,97.5,97.66999816894531,97.4000015258789,97.66999816894531,52.04208755493164,173100
2006-07-13,AGG,97.52999877929688,97.80000305175781,97.52999877929688,97.75,52.08476257324219,499200
2006-07-14,AGG,97.80000305175781,97.88999938964844,97.62999725341797,97.87999725341797,52.15402603149414,738700
2006-07-17,AGG,97.79000091552734,97.83000183105469,97.6500015258789,97.66999816894531,52.04208755493164,187300
2006-07-18,AGG,97.58000183105469,97.69999694824219,97.47000122070312,97.5999984741211,52.00481414794922,223900
2006-07-19,AGG,97.47000122070312,97.9800033569336,97.41000366210938,97.9800033569336,52.20729064941406,121400
2006-07-20,AGG,97.83999633789062,98.16000366210938,97.80999755859375,98.08000183105469,52.26057052612305,91500
2006-07-21,AGG,98.26000213623047,98.27999877929688,98.01000213623047,98.0199966430664,52.228580474853516,139800
2006-07-24,AGG,98.08000183105469,98.20999908447266,98.05000305175781,98.16999816894531,52.308536529541016,172500
2006-07-25,AGG,98.16000366210938,98.16000366210938,97.93000030517578,98.08999633789062,52.265892028808594,86500
2006-07-26,AGG,98.05999755859375,98.33000183105469,97.94999694824219,98.1500015258789,52.29789352416992,117200
2006-07-27,AGG,98.29000091552734,98.4000015258789,98.05000305175781,98.30999755859375,52.38315200805664,135700
2006-07-28,AGG,98.52999877929688,98.58999633789062,98.36000061035156,98.5199966430664,52.49504470825195,105400
2006-07-31,AGG,98.5,98.61000061035156,98.4000015258789,98.4000015258789,52.43110275268555,491100
2006-08-01,AGG,98.18000030517578,98.25,97.91000366210938,98.2300033569336,52.558982849121094,195000
2006-08-02,AGG,98.33999633789062,98.43000030517578,98.19999694824219,98.2699966430664,52.580352783203125,127400
2006-08-03,AGG,98.38999938964844,98.44000244140625,98.1500015258789,98.29000091552734,52.5910530090332,330100
2006-08-04,AGG,98.55000305175781,98.70999908447266,98.55000305175781,98.5999984741211,52.75693893432617,136000
2006-08-07,AGG,98.62000274658203,98.66999816894531,98.51000213623047,98.61000061035156,52.76230239868164,209400
2006-08-08,AGG,98.58999633789062,98.7699966430664,98.51000213623047,98.61000061035156,52.76230239868164,137300
2006-08-09,AGG,98.44999694824219,98.70999908447266,98.44999694824219,98.69000244140625,52.80508041381836,131700
2006-08-10,AGG,98.69000244140625,98.69999694824219,98.3499984741211,98.63999938964844,52.77833557128906,143700
2006-08-11,AGG,98.5199966430664,98.5199966430664,98.38999938964844,98.47000122070312,52.68739318847656,109600
2006-08-14,AGG,98.41999816894531,98.44000244140625,98.23999786376953,98.36000061035156,52.6285285949707,195400
2006-08-15,AGG,98.66000366210938,98.73999786376953,98.52999877929688,98.5999984741211,52.75693893432617,269400
2006-08-16,AGG,99.05000305175781,99.05000305175781,98.9000015258789,98.93000030517578,52.933509826660156,188300
2006-08-17,AGG,99.13999938964844,99.13999938964844,98.91000366210938,98.94000244140625,52.938865661621094,143200
2006-08-18,AGG,99.12000274658203,99.16000366210938,98.98999786376953,99.01000213623047,52.97633743286133,449000
2006-08-21,AGG,99.19000244140625,99.26000213623047,99.06999969482422,99.25,53.10475540161133,350600
2006-08-22,AGG,99.20999908447266,99.30000305175781,99.12999725341797,99.2699966430664,53.115421295166016,432000
2006-08-23,AGG,99.19999694824219,99.30000305175781,99.05999755859375,99.2300033569336,53.094032287597656,157200
2006-08-24,AGG,99.36000061035156,99.37000274658203,99.22000122070312,99.22000122070312,53.08863830566406,199600
2006-08-25,AGG,99.31999969482422,99.44000244140625,99.22000122070312,99.31999969482422,53.14219665527344,173600
2006-08-28,AGG,99.22000122070312,99.4000015258789,99.18000030517578,99.2300033569336,53.094032287597656,294200
2006-08-29,AGG,99.26000213623047,99.30000305175781,99.05000305175781,99.2699966430664,53.115421295166016,134600
2006-08-30,AGG,99.30999755859375,99.44999694824219,99.30999755859375,99.41999816894531,53.195674896240234,146500
2006-08-31,AGG,99.48999786376953,99.72000122070312,99.45999908447266,99.55000305175781,53.2652587890625,169200
2006-09-01,AGG,99.1500015258789,99.29000091552734,99.05999755859375,99.16999816894531,53.272239685058594,125000
2006-09-05,AGG,99.19999694824219,99.29000091552734,99.04000091552734,99.05000305175781,53.20783233642578,137500
2006-09-06,AGG,99.01000213623047,99.12000274658203,98.94000244140625,99.06999969482422,53.21848678588867,142200
2006-09-07,AGG,99.05000305175781,99.23999786376953,98.95999908447266,99.04000091552734,53.20237731933594,273300
2006-09-08,AGG,99.2699966430664,99.33000183105469,99.16999816894531,99.16999816894531,53.272239685058594,120400
2006-09-11,AGG,99.26000213623047,99.30000305175781,99.05999755859375,99.0999984741211,53.23459243774414,190800
2006-09-12,AGG,99.16999816894531,99.37000274658203,99.08999633789062,99.33999633789062,53.363525390625,126600
2006-09-13,AGG,99.48999786376953,99.52999877929688,99.31999969482422,99.41999816894531,53.40655517578125,130600
2006-09-14,AGG,99.38999938964844,99.45999908447266,99.26000213623047,99.27999877929688,53.331298828125,172400
2006-09-15,AGG,99.44999694824219,99.44999694824219,99.25,99.25,53.31523513793945,122500
2006-09-18,AGG,98.86000061035156,99.25,98.86000061035156,99.2300033569336,53.304439544677734,237400
2006-09-19,AGG,99.47000122070312,99.56999969482422,99.4000015258789,99.45999908447266,53.42802429199219,133100
2006-09-20,AGG,99.69000244140625,99.75,99.51000213623047,99.56999969482422,53.48711013793945,215500
2006-09-21,AGG,99.69000244140625,100.02999877929688,99.5,100.0,53.718055725097656,259600
2006-09-22,AGG,100.12999725341797,100.23999786376953,100.05000305175781,100.05999755859375,53.75035095214844,271000
2006-09-25,AGG,100.26000213623047,100.41999816894531,100.22000122070312,100.26000213623047,53.857730865478516,177400
2006-09-26,AGG,100.3499984741211,100.37999725341797,100.20999908447266,100.25,53.8524055480957,340200
2006-09-27,AGG,100.4000015258789,100.52999877929688,100.20999908447266,100.20999908447266,53.83089828491211,430400
2006-09-28,AGG,100.29000091552734,100.29000091552734,100.08000183105469,100.23999786376953,53.84703063964844,155400
2006-09-29,AGG,100.22000122070312,100.3499984741211,100.08000183105469,100.16000366210938,53.80404281616211,414400
2006-10-02,AGG,99.73999786376953,99.94999694824219,99.69999694824219,99.83999633789062,53.854705810546875,174200
2006-10-03,AGG,99.88999938964844,99.9000015258789,99.61000061035156,99.81999969482422,53.84394454956055,342400
2006-10-04,AGG,99.9000015258789,100.22000122070312,99.80999755859375,100.20999908447266,54.0543212890625,252200
2006-10-05,AGG,100.11000061035156,100.11000061035156,99.9000015258789,99.9000015258789,53.88711929321289,207800
2006-10-06,AGG,99.86000061035156,99.86000061035156,99.52999877929688,99.52999877929688,53.68752670288086,328500
2006-10-09,AGG,99.62000274658203,99.75,99.58000183105469,99.73999786376953,53.80078887939453,181900
2006-10-10,AGG,99.47000122070312,99.5,99.31999969482422,99.3499984741211,53.590423583984375,336400
2006-10-11,AGG,99.4800033569336,99.51000213623047,99.1500015258789,99.23999786376953,53.531131744384766,275600
2006-10-12,AGG,99.33999633789062,99.5,99.23999786376953,99.33999633789062,53.585018157958984,261200
2006-10-13,AGG,99.19999694824219,99.22000122070312,99.05999755859375,99.08999633789062,53.450199127197266,257400
2006-10-16,AGG,99.33999633789062,99.33999633789062,99.1500015258789,99.25,53.5365104675293,192400
2006-10-17,AGG,99.58000183105469,99.5999984741211,99.31999969482422,99.4000015258789,53.617374420166016,144600
2006-10-18,AGG,99.41999816894531,99.55000305175781,99.36000061035156,99.5199966430664,53.68214416503906,304700
2006-10-19,AGG,99.38999938964844,99.4800033569336,99.29000091552734,99.47000122070312,53.655189514160156,174200
2006-10-20,AGG,99.4800033569336,99.5,99.36000061035156,99.44000244140625,53.63896942138672,143300
2006-10-23,AGG,99.19999694824219,99.25,99.11000061035156,99.1500015258789,53.48257827758789,199000
2006-10-24,AGG,99.23999786376953,99.31999969482422,99.19999694824219,99.26000213623047,53.54193115234375,209000
2006-10-25,AGG,99.19999694824219,99.58999633789062,99.19999694824219,99.5,53.671302795410156,239900
2006-10-26,AGG,99.69000244140625,99.86000061035156,99.5999984741211,99.83999633789062,53.854705810546875,185900
2006-10-27,AGG,100.12000274658203,100.12000274658203,99.81999969482422,100.04000091552734,53.962608337402344,266300
2006-10-30,AGG,100.0199966430664,100.06999969482422,99.93000030517578,100.05999755859375,53.97342300415039,175300
2006-10-31,AGG,100.05999755859375,100.43000030517578,100.0199966430664,100.43000030517578,54.1729850769043,189800
2006-11-01,AGG,100.05000305175781,100.19000244140625,99.80000305175781,100.18000030517578,54.26615524291992,773100
2006-11-02,AGG,100.0,100.08999633789062,99.9800033569336,100.06999969482422,54.206565856933594,249400
2006-11-03,AGG,99.66000366210938,99.69999694824219,99.37999725341797,99.55000305175781,53.924903869628906,172600
2006-11-06,AGG,99.5,99.62999725341797,99.41999816894531,99.55000305175781,53.924903869628906,240000
2006-11-07,AGG,99.8499984741211,100.0,99.7699966430664,99.80000305175781,54.06039047241211,225400
2006-11-08,AGG,99.86000061035156,100.08999633789062,99.86000061035156,100.06999969482422,54.206565856933594,185400
2006-11-09,AGG,100.02999877929688,100.12000274658203,99.94999694824219,100.0999984741211,54.222835540771484,127200
2006-11-10,AGG,100.25,100.33999633789062,100.12000274658203,100.31999969482422,54.34199142456055,145400
2006-11-13,AGG,100.16999816894531,100.25,100.05000305175781,100.19999694824219,54.2769660949707,187800
2006-11-14,AGG,100.44000244140625,100.4800033569336,100.29000091552734,100.33999633789062,54.35285568237305,191800
2006-11-15,AGG,100.27999877929688,100.27999877929688,100.06999969482422,100.1500015258789,54.249900817871094,213000
2006-11-16,AGG,100.36000061035156,100.37000274658203,99.9800033569336,100.05999755859375,54.20115661621094,305100
2006-11-17,AGG,100.11000061035156,100.3499984741211,100.08000183105469,100.31999969482422,54.34199142456055,534400
2006-11-20,AGG,100.3499984741211,100.43000030517578,100.23999786376953,100.38999938964844,54.37993240356445,222200
2006-11-21,AGG,100.38999938964844,100.54000091552734,100.30000305175781,100.5199966430664,54.450340270996094,251200
2006-11-22,AGG,100.47000122070312,100.68000030517578,100.44999694824219,100.66000366210938,54.526187896728516,274000
2006-11-24,AGG,100.69999694824219,100.77999877929688,100.6500015258789,100.69000244140625,54.54246139526367,176200
2006-11-27,AGG,100.5199966430664,100.7300033569336,100.41000366210938,100.63999938964844,54.515357971191406,191000
2006-11-28,AGG,100.87000274658203,100.94000244140625,100.5999984741211,100.91000366210938,54.661651611328125,269600
2006-11-29,AGG,100.94000244140625,100.94999694824219,100.69000244140625,100.76000213623047,54.58037185668945,300900
2006-11-30,AGG,100.94000244140625,101.12999725341797,100.86000061035156,101.06999969482422,54.7482795715332,210500
2006-12-01,AGG,100.63999938964844,100.97000122070312,100.55000305175781,100.86000061035156,54.85055160522461,354500
2006-12-04,AGG,100.86000061035156,100.98999786376953,100.72000122070312,100.95999908447266,54.904930114746094,184600
2006-12-05,AGG,101.02999877929688,101.02999877929688,100.75,100.9000015258789,54.87225341796875,348500
2006-12-06,AGG,100.81999969482422,100.88999938964844,100.75,100.81999969482422,54.82874298095703,222800
2006-12-07,AGG,100.73999786376953,100.7699966430664,100.62000274658203,100.7300033569336,54.7797737121582,169600
2006-12-08,AGG,100.68000030517578,100.7300033569336,100.48999786376953,100.5199966430664,54.66560745239258,364200
2006-12-11,AGG,100.58999633789062,100.6500015258789,100.5,100.5,54.654727935791016,249200
2006-12-12,AGG,100.69999694824219,100.80000305175781,100.5999984741211,100.77999877929688,54.80695343017578,222000
2006-12-13,AGG,100.58999633789062,100.62000274658203,100.4000015258789,100.47000122070312,54.63836669921875,215700
2006-12-14,AGG,100.4800033569336,100.4800033569336,100.26000213623047,100.33000183105469,54.562286376953125,2320000
2006-12-15,AGG,100.83000183105469,100.83000183105469,100.22000122070312,100.30999755859375,54.55138397216797,314000
2006-12-18,AGG,100.37000274658203,100.38999938964844,100.26000213623047,100.37000274658203,54.58402633666992,236000
2006-12-19,AGG,100.31999969482422,100.44999694824219,100.29000091552734,100.44000244140625,54.62207794189453,252900
2006-12-20,AGG,100.41000366210938,100.5,100.33999633789062,100.4000015258789,54.600345611572266,333500
2006-12-21,AGG,100.4800033569336,100.66000366210938,100.2300033569336,100.5999984741211,54.70913314819336,306000
2006-12-22,AGG,100.5199966430664,100.54000091552734,100.27999877929688,100.51000213623047,54.6601448059082,461300
2006-12-26,AGG,100.27999877929688,100.5,100.27999877929688,100.4800033569336,54.64385223388672,166000
2006-12-27,AGG,100.01000213623047,100.11000061035156,99.66000366210938,99.83999633789062,54.495906829833984,781500
2006-12-28,AGG,99.94999694824219,99.9800033569336,99.61000061035156,99.70999908447266,54.42499542236328,326900
2006-12-29,AGG,99.7300033569336,99.7300033569336,99.61000061035156,99.69999694824219,54.41950225830078,278800
2007-01-03,AGG,100.0,100.06999969482422,99.79000091552734,99.91000366210938,54.53411865234375,471200
2007-01-04,AGG,100.02999877929688,100.19000244140625,99.94000244140625,100.12000274658203,54.64876937866211,1745500
2007-01-05,AGG,100.0,100.08999633789062,99.9000015258789,100.05000305175781,54.61056137084961,318200
2007-01-08,AGG,100.1500015258789,100.1500015258789,100.01000213623047,100.11000061035156,54.643333435058594,281700
2007-01-09,AGG,100.16999816894531,100.16999816894531,100.04000091552734,100.11000061035156,54.643333435058594,361300
2007-01-10,AGG,100.11000061035156,100.11000061035156,99.91000366210938,100.0,54.58327102661133,697900
2007-01-11,AGG,100.04000091552734,100.08999633789062,99.73999786376953,99.80999755859375,54.479557037353516,445200
2007-01-12,AGG,99.80000305175781,99.8499984741211,99.5999984741211,99.66999816894531,54.40316390991211,232500
2007-01-16,AGG,99.81999969482422,99.91999816894531,99.66999816894531,99.80000305175781,54.47406768798828,448700
2007-01-17,AGG,99.88999938964844,99.95999908447266,99.66999816894531,99.73999786376953,54.441314697265625,258800
2007-01-18,AGG,99.73999786376953,99.91000366210938,99.6500015258789,99.87999725341797,54.51774215698242,290600
2007-01-19,AGG,99.93000030517578,99.93000030517578,99.7300033569336,99.83999633789062,54.495906829833984,309200
2007-01-22,AGG,99.91000366210938,99.91999816894531,99.79000091552734,99.88999938964844,54.52322006225586,263600
2007-01-23,AGG,99.88999938964844,99.88999938964844,99.63999938964844,99.69999694824219,54.41950225830078,334200
2007-01-24,AGG,99.83999633789062,99.83999633789062,99.6500015258789,99.66999816894531,54.40316390991211,358000
2007-01-25,AGG,99.70999908447266,99.70999908447266,99.44000244140625,99.54000091552734,54.33218765258789,296700
2007-01-26,AGG,99.45999908447266,99.56999969482422,99.3499984741211,99.52999877929688,54.32668685913086,289500
2007-01-29,AGG,99.68000030517578,99.69000244140625,99.33999633789062,99.4000015258789,54.255741119384766,388400
2007-01-30,AGG,99.55000305175781,99.55999755859375,99.37000274658203,99.55000305175781,54.33766174316406,293100
2007-01-31,AGG,99.51000213623047,99.81999969482422,99.44999694824219,99.62999725341797,54.38129806518555,386400
2007-02-01,AGG,99.76000213623047,99.76000213623047,99.22000122070312,99.29000091552734,54.410369873046875,821500
2007-02-02,AGG,99.38999938964844,99.48999786376953,99.27999877929688,99.43000030517578,54.48702621459961,445100
2007-02-05,AGG,99.56999969482422,99.61000061035156,99.47000122070312,99.58999633789062,54.574771881103516,248000
2007-02-06,AGG,99.69999694824219,99.80000305175781,99.37000274658203,99.77999877929688,54.67888641357422,236400
2007-02-07,AGG,99.86000061035156,99.94000244140625,99.72000122070312,99.9000015258789,54.74463653564453,289800
2007-02-08,AGG,99.87000274658203,100.0,99.80999755859375,99.95999908447266,54.77751159667969,353800
2007-02-09,AGG,99.80000305175781,99.83000183105469,99.5199966430664,99.7300033569336,54.6514778137207,419600
2007-02-12,AGG,99.68000030517578,99.7300033569336,99.45999908447266,99.62999725341797,54.596641540527344,304700
2007-02-13,AGG,99.52999877929688,99.70999908447266,99.37999725341797,99.62000274658203,54.59123992919922,227400
2007-02-14,AGG,99.79000091552734,100.0199966430664,99.68000030517578,100.0,54.799407958984375,269400
2007-02-15,AGG,100.16000366210938,100.22000122070312,100.05999755859375,100.13999938964844,54.876136779785156,438500
2007-02-16,AGG,100.13999938964844,100.23999786376953,100.08999633789062,100.20999908447266,54.91450500488281,309400
2007-02-20,AGG,100.16000366210938,100.29000091552734,100.05000305175781,100.26000213623047,54.941917419433594,252400
2007-02-21,AGG,100.16000366210938,100.2699966430664,100.0199966430664,100.25,54.93641662597656,223600
2007-02-22,AGG,100.18000030517578,100.18000030517578,100.01000213623047,100.05000305175781,54.82682418823242,188000
2007-02-23,AGG,100.11000061035156,100.37000274658203,100.11000061035156,100.29000091552734,54.95833206176758,360200
2007-02-26,AGG,100.41000366210938,100.54000091552734,100.3499984741211,100.51000213623047,55.078914642333984,222700
2007-02-27,AGG,100.91999816894531,101.66999816894531,100.55999755859375,100.91999816894531,55.303585052490234,379300
2007-02-28,AGG,100.91999816894531,100.95999908447266,100.62000274658203,100.8499984741211,55.26519775390625,533700
2007-03-01,AGG,100.69999694824219,100.72000122070312,100.29000091552734,100.44000244140625,55.25643539428711,662900
2007-03-02,AGG,100.54000091552734,100.68000030517578,100.38999938964844,100.6500015258789,55.37194061279297,187600
2007-03-05,AGG,100.69000244140625,100.69000244140625,100.43000030517578,100.58999633789062,55.33893966674805,264700
2007-03-06,AGG,100.41000366210938,100.5999984741211,100.41000366210938,100.5199966430664,55.300418853759766,221300
2007-03-07,AGG,100.56999969482422,100.69000244140625,100.45999908447266,100.5999984741211,55.344459533691406,296500
2007-03-08,AGG,100.5999984741211,100.66000366210938,100.45999908447266,100.51000213623047,55.2949104309082,351700
2007-03-09,AGG,100.33000183105469,100.38999938964844,100.20999908447266,100.2300033569336,55.1408805847168,309900
2007-03-12,AGG,100.47000122070312,100.55000305175781,100.31999969482422,100.54000091552734,55.31144332885742,224200
2007-03-13,AGG,100.66999816894531,100.80000305175781,100.55000305175781,100.80000305175781,55.454498291015625,344300
2007-03-14,AGG,100.72000122070312,100.87000274658203,100.61000061035156,100.68000030517578,55.38847732543945,468700
2007-03-15,AGG,100.80999755859375,100.80999755859375,100.5199966430664,100.56999969482422,55.32794189453125,201400
2007-03-16,AGG,100.55000305175781,100.63999938964844,100.44999694824219,100.58000183105469,55.333465576171875,264100
2007-03-19,AGG,100.48999786376953,100.52999877929688,100.36000061035156,100.51000213623047,55.2949104309082,181300
2007-03-20,AGG,100.68000030517578,100.69000244140625,100.5,100.61000061035156,55.34991455078125,446400
2007-03-21,AGG,100.55000305175781,100.81999969482422,100.4800033569336,100.73999786376953,55.42142868041992,664300
2007-03-22,AGG,100.69000244140625,100.70999908447266,100.4000015258789,100.55000305175781,55.31696319580078,210200
2007-03-23,AGG,100.66999816894531,100.66999816894531,100.30999755859375,100.41000366210938,55.239891052246094,226200
2007-03-26,AGG,100.4000015258789,100.6500015258789,100.27999877929688,100.3499984741211,55.206905364990234,444100
2007-03-27,AGG,100.44999694824219,100.48999786376953,100.2699966430664,100.37000274658203,55.217926025390625,275600
2007-03-28,AGG,100.55000305175781,100.6500015258789,100.33999633789062,100.41999816894531,55.24541473388672,217600
2007-03-29,AGG,100.36000061035156,100.41999816894531,100.20999908447266,100.26000213623047,55.157386779785156,223000
2007-03-30,AGG,100.41999816894531,100.43000030517578,100.06999969482422,100.26000213623047,55.157386779785156,435200
2007-04-02,AGG,100.19000244140625,100.19000244140625,99.80999755859375,100.0,55.22863006591797,1065300
2007-04-03,AGG,99.9800033569336,100.0199966430664,99.77999877929688,99.9000015258789,55.173431396484375,390600
2007-04-04,AGG,100.01000213623047,100.11000061035156,99.91000366210938,100.01000213623047,55.234214782714844,181400
2007-04-05,AGG,100.01000213623047,100.0199966430664,99.81999969482422,99.91999816894531,55.1844596862793,269600
2007-04-09,AGG,99.69999694824219,99.70999908447266,99.5,99.54000091552734,54.97456741333008,324200
2007-04-10,AGG,99.73999786376953,99.86000061035156,99.54000091552734,99.69000244140625,55.05741882324219,314700
2007-04-11,AGG,99.83999633789062,99.91000366210938,99.51000213623047,99.62999725341797,55.024261474609375,344200
2007-04-12,AGG,99.6500015258789,99.83000183105469,99.62999725341797,99.75,55.09058380126953,274100
2007-04-13,AGG,99.79000091552734,99.79000091552734,99.45999908447266,99.58999633789062,55.002193450927734,291600
2007-04-16,AGG,99.6500015258789,99.80000305175781,99.56999969482422,99.79000091552734,55.11268997192383,396400
2007-04-17,AGG,99.91000366210938,100.08000183105469,99.83999633789062,100.08000183105469,55.2728157043457,368200
2007-04-18,AGG,100.19000244140625,100.23999786376953,100.05999755859375,100.2300033569336,55.355655670166016,160100
2007-04-19,AGG,100.30000305175781,100.30000305175781,100.05000305175781,100.19000244140625,55.333560943603516,223500
2007-04-20,AGG,100.26000213623047,100.26000213623047,100.0199966430664,100.13999938964844,55.30594253540039,162100
2007-04-23,AGG,100.18000030517578,100.30000305175781,100.02999877929688,100.23999786376953,55.3612060546875,409600
2007-04-24,AGG,100.30999755859375,100.44999694824219,100.26000213623047,100.29000091552734,55.38877868652344,227500
2007-04-25,AGG,100.37000274658203,100.44999694824219,100.19999694824219,100.33000183105469,55.410858154296875,401800
2007-04-26,AGG,100.30999755859375,100.30999755859375,100.05999755859375,100.13999938964844,55.30594253540039,251900
2007-04-27,AGG,100.16000366210938,100.20999908447266,100.02999877929688,100.12000274658203,55.29488754272461,169100
2007-04-30,AGG,100.30000305175781,100.45999908447266,100.23999786376953,100.45999908447266,55.482688903808594,298600
2007-05-01,AGG,100.0,100.0999984741211,99.80000305175781,100.0199966430664,55.45052719116211,1029900
2007-05-02,AGG,100.08000183105469,100.7699966430664,99.80000305175781,100.05000305175781,55.467166900634766,255200
2007-05-03,AGG,100.01000213623047,100.05999755859375,99.80999755859375,99.94000244140625,55.40619659423828,267900
2007-05-04,AGG,100.05999755859375,100.12999725341797,99.94000244140625,100.06999969482422,55.47830581665039,233700
2007-05-07,AGG,100.05000305175781,100.16999816894531,99.97000122070312,100.16999816894531,55.53372573852539,301500
2007-05-08,AGG,100.19000244140625,100.19999694824219,100.0199966430664,100.05999755859375,55.472721099853516,291000
2007-05-09,AGG,100.19000244140625,100.19000244140625,99.93000030517578,99.94000244140625,55.40619659423828,302100
2007-05-10,AGG,100.05000305175781,100.12000274658203,99.94000244140625,100.11000061035156,55.50042724609375,218200
2007-05-11,AGG,100.22000122070312,100.2300033569336,99.83999633789062,99.91000366210938,55.38953399658203,185100
2007-05-14,AGG,100.0,100.0199966430664,99.76000213623047,99.93000030517578,55.400634765625,247300
2007-05-15,AGG,99.98999786376953,100.0,99.75,99.88999938964844,55.378448486328125,266100
2007-05-16,AGG,99.75,99.93000030517578,99.69999694824219,99.91000366210938,55.38953399658203,238800
2007-05-17,AGG,99.79000091552734,99.83000183105469,99.66999816894531,99.73999786376953,55.295310974121094,212200
2007-05-18,AGG,99.68000030517578,99.73999786376953,99.41000366210938,99.44999694824219,55.134525299072266,431900
2007-05-21,AGG,99.52999877929688,99.6500015258789,99.41000366210938,99.6500015258789,55.245399475097656,316500
2007-05-22,AGG,99.63999938964844,99.63999938964844,99.30999755859375,99.44999694824219,55.134525299072266,353000
2007-05-23,AGG,99.4000015258789,99.5199966430664,99.16000366210938,99.37000274658203,55.09020233154297,1081300
2007-05-24,AGG,99.23999786376953,99.41000366210938,99.04000091552734,99.41000366210938,55.11236572265625,339300
2007-05-25,AGG,99.31999969482422,99.41000366210938,99.16999816894531,99.36000061035156,55.084598541259766,222200
2007-05-29,AGG,99.36000061035156,99.38999938964844,99.1500015258789,99.26000213623047,55.02921676635742,222700
2007-05-30,AGG,99.44999694824219,99.47000122070312,99.2699966430664,99.37999725341797,55.09573745727539,577600
2007-05-31,AGG,99.25,99.3499984741211,99.12000274658203,99.16000366210938,54.97374725341797,506000
2007-06-01,AGG,98.72000122070312,98.7699966430664,98.52999877929688,98.62999725341797,54.91694259643555,942500
2007-06-04,AGG,98.70999908447266,98.7699966430664,98.61000061035156,98.75,54.98378372192383,299000
2007-06-05,AGG,98.66999816894531,98.69999694824219,98.37000274658203,98.47000122070312,54.827850341796875,244800
2007-06-06,AGG,98.5199966430664,98.54000091552734,98.30000305175781,98.51000213623047,54.850154876708984,1001300
2007-06-07,AGG,98.2300033569336,98.2300033569336,97.69999694824219,97.83000183105469,54.47150421142578,319500
2007-06-08,AGG,97.5999984741211,97.86000061035156,97.56999969482422,97.70999908447266,54.404693603515625,389700
2007-06-11,AGG,97.58000183105469,97.88999938964844,97.56999969482422,97.77999877929688,54.44369888305664,261000
2007-06-12,AGG,97.55000305175781,97.56999969482422,97.11000061035156,97.19999694824219,54.12075424194336,380400
2007-06-13,AGG,97.11000061035156,97.5,97.0999984741211,97.3499984741211,54.20430374145508,407100
2007-06-14,AGG,97.47000122070312,97.68000030517578,97.38999938964844,97.54000091552734,54.3100700378418,230700
2007-06-15,AGG,97.66000366210938,97.91000366210938,97.54000091552734,97.88999938964844,54.504947662353516,470200
2007-06-18,AGG,97.8499984741211,97.9800033569336,97.66000366210938,97.95999908447266,54.54393768310547,242200
2007-06-19,AGG,98.12000274658203,98.33999633789062,98.0199966430664,98.2699966430664,54.716529846191406,300900
2007-06-20,AGG,98.04000091552734,98.1500015258789,97.8499984741211,97.97000122070312,54.5494384765625,298700
2007-06-21,AGG,97.94000244140625,98.05000305175781,97.77999877929688,97.8499984741211,54.482666015625,340000
2007-06-22,AGG,97.8499984741211,98.08000183105469,97.62999725341797,98.08000183105469,54.610755920410156,357900
2007-06-25,AGG,98.23999786376953,98.29000091552734,98.04000091552734,98.16999816894531,54.660888671875,305000
2007-06-26,AGG,98.16999816894531,98.2699966430664,98.01000213623047,98.05000305175781,54.59404373168945,639900
2007-06-27,AGG,98.36000061035156,98.45999908447266,98.12999725341797,98.23999786376953,54.699825286865234,214500
2007-06-28,AGG,98.20999908447266,98.33000183105469,98.04000091552734,98.16999816894531,54.660888671875,293500
2007-06-29,AGG,98.30999755859375,98.45999908447266,98.18000030517578,98.36000061035156,54.766658782958984,506700
2007-07-02,AGG,97.95999908447266,98.36000061035156,97.95999908447266,98.19999694824219,54.91251754760742,2726200
2007-07-03,AGG,98.33999633789062,98.48999786376953,98.04000091552734,98.08999633789062,54.85103225708008,384200
2007-07-05,AGG,97.95999908447266,97.95999908447266,97.5,97.68000030517578,54.62179946899414,453000
2007-07-06,AGG,97.41000366210938,97.5999984741211,97.31999969482422,97.51000213623047,54.526763916015625,281300
2007-07-09,AGG,97.70999908447266,97.7300033569336,97.5199966430664,97.68000030517578,54.62179946899414,232100
2007-07-10,AGG,97.94999694824219,98.11000061035156,97.77999877929688,98.0999984741211,54.85664367675781,712600
2007-07-11,AGG,98.20999908447266,98.20999908447266,97.76000213623047,97.87999725341797,54.73360824584961,233300
2007-07-12,AGG,98.0199966430664,98.0199966430664,97.66999816894531,97.77999877929688,54.677738189697266,234100
2007-07-13,AGG,97.9800033569336,98.0,97.69999694824219,97.9000015258789,54.744842529296875,247600
2007-07-16,AGG,97.97000122070312,98.22000122070312,97.87000274658203,98.0999984741211,54.85664367675781,279500
2007-07-17,AGG,98.04000091552734,98.12999725341797,97.8499984741211,97.91999816894531,54.75604248046875,221300
2007-07-18,AGG,97.94999694824219,98.31999969482422,97.93000030517578,98.16999816894531,54.89585876464844,226700
2007-07-19,AGG,98.05999755859375,98.22000122070312,98.0,98.16999816894531,54.89585876464844,321200
2007-07-20,AGG,98.1500015258789,98.58000183105469,98.12000274658203,98.4000015258789,55.02439498901367,316300
2007-07-23,AGG,98.23999786376953,98.4800033569336,98.22000122070312,98.33999633789062,54.99089050292969,255600
2007-07-24,AGG,98.38999938964844,98.55999755859375,98.3499984741211,98.54000091552734,55.10275650024414,208800
2007-07-25,AGG,98.2300033569336,98.6500015258789,98.2300033569336,98.4800033569336,55.06913757324219,580900
2007-07-26,AGG,98.56999969482422,99.0,98.55000305175781,98.83000183105469,55.264888763427734,324600
2007-07-27,AGG,98.70999908447266,98.88999938964844,98.58000183105469,98.7300033569336,55.20893859863281,329000
2007-07-30,AGG,98.80999755859375,98.87000274658203,98.61000061035156,98.68000030517578,55.18098449707031,389300
2007-07-31,AGG,98.62999725341797,99.01000213623047,98.5999984741211,98.98999786376953,55.35432815551758,529100
2007-08-01,AGG,98.5199966430664,98.5999984741211,98.33000183105469,98.33000183105469,55.225730895996094,814500
2007-08-02,AGG,98.31999969482422,98.4800033569336,98.16000366210938,98.27999877929688,55.19763946533203,566300
2007-08-03,AGG,98.5199966430664,98.70999908447266,98.38999938964844,98.70999908447266,55.439151763916016,371600
2007-08-06,AGG,98.86000061035156,98.86000061035156,98.44999694824219,98.55000305175781,55.34928894042969,231000
2007-08-07,AGG,98.5999984741211,98.77999877929688,98.41000366210938,98.4800033569336,55.30995178222656,280300
2007-08-08,AGG,98.4800033569336,98.48999786376953,98.16999816894531,98.36000061035156,55.2425651550293,277200
2007-08-09,AGG,98.45999908447266,98.56999969482422,98.31999969482422,98.4800033569336,55.30995178222656,271600
2007-08-10,AGG,98.68000030517578,98.68000030517578,98.12000274658203,98.1500015258789,55.124637603759766,398700
2007-08-13,AGG,98.04000091552734,98.48999786376953,98.04000091552734,98.33000183105469,55.225730895996094,220200
2007-08-14,AGG,98.29000091552734,98.68000030517578,98.29000091552734,98.5999984741211,55.377384185791016,250900
2007-08-15,AGG,98.79000091552734,98.80000305175781,98.47000122070312,98.7300033569336,55.45036315917969,224900
2007-08-16,AGG,98.72000122070312,98.9800033569336,98.43000030517578,98.66999816894531,55.41669464111328,541400
2007-08-17,AGG,98.66999816894531,98.97000122070312,98.41999816894531,98.88999938964844,55.540199279785156,311800
2007-08-20,AGG,98.9000015258789,99.0199966430664,98.79000091552734,98.80000305175781,55.48969650268555,252400
2007-08-21,AGG,99.30999755859375,99.37999725341797,99.11000061035156,99.26000213623047,55.74806213378906,224600
2007-08-22,AGG,99.1500015258789,99.26000213623047,98.95999908447266,99.18000030517578,55.703086853027344,545300
2007-08-23,AGG,99.16000366210938,99.31999969482422,99.01000213623047,99.30000305175781,55.770511627197266,522300
2007-08-24,AGG,99.2699966430664,99.30999755859375,99.02999877929688,99.05000305175781,55.63007736206055,293700
2007-08-27,AGG,99.23999786376953,99.44000244140625,99.16999816894531,99.3499984741211,55.798587799072266,301600
2007-08-28,AGG,99.41000366210938,99.7699966430664,99.37000274658203,99.75,56.023231506347656,187700
2007-08-29,AGG,99.7699966430664,99.8499984741211,99.54000091552734,99.55000305175781,55.910945892333984,201400
2007-08-30,AGG,99.73999786376953,99.83000183105469,99.63999938964844,99.76000213623047,56.02883529663086,186400
2007-08-31,AGG,99.69999694824219,100.08999633789062,99.5199966430664,99.81999969482422,56.062557220458984,201000
2007-09-04,AGG,99.9800033569336,101.0,99.0999984741211,99.27999877929688,55.99997329711914,554500
2007-09-05,AGG,99.08999633789062,99.73999786376953,99.08999633789062,99.5999984741211,56.18043899536133,294600
2007-09-06,AGG,99.63999938964844,99.7300033569336,99.51000213623047,99.58000183105469,56.169193267822266,761000
2007-09-07,AGG,99.93000030517578,100.2300033569336,99.75,100.19999694824219,56.51887512207031,353400
2007-09-10,AGG,100.29000091552734,100.54000091552734,100.12999725341797,100.44000244140625,56.6542854309082,285900
2007-09-11,AGG,100.02999877929688,100.41000366210938,100.02999877929688,100.26000213623047,56.552738189697266,687000
2007-09-12,AGG,100.20999908447266,100.26000213623047,100.0199966430664,100.12000274658203,56.47380447387695,2039700
2007-09-13,AGG,99.80000305175781,99.94000244140625,99.62999725341797,99.83000183105469,56.31016159057617,790400
2007-09-14,AGG,100.0999984741211,100.12999725341797,99.69999694824219,99.9000015258789,56.34967803955078,320600
2007-09-17,AGG,99.86000061035156,99.95999908447266,99.7699966430664,99.94000244140625,56.372196197509766,278000
2007-09-18,AGG,99.83000183105469,100.3499984741211,99.5999984741211,100.1500015258789,56.49068069458008,628000
2007-09-19,AGG,100.0999984741211,100.19000244140625,99.83000183105469,100.12999725341797,56.479393005371094,441200
2007-09-20,AGG,99.94000244140625,99.95999908447266,99.3499984741211,99.41999816894531,56.07891845703125,282100
2007-09-21,AGG,99.5999984741211,99.73999786376953,99.33000183105469,99.70999908447266,56.24250030517578,465700
2007-09-24,AGG,99.7300033569336,99.73999786376953,99.5,99.72000122070312,56.2481575012207,274000
2007-09-25,AGG,99.95999908447266,100.01000213623047,99.76000213623047,99.80000305175781,56.29328536987305,260000
2007-09-26,AGG,99.66999816894531,99.83999633789062,99.44999694824219,99.69999694824219,56.23686218261719,702100
2007-09-27,AGG,99.6500015258789,100.0,99.6500015258789,99.87000274658203,56.33271408081055,380900
2007-09-28,AGG,99.9800033569336,100.26000213623047,99.80999755859375,100.0199966430664,56.417381286621094,336100
2007-10-01,AGG,99.81999969482422,99.83000183105469,99.2699966430664,99.2699966430664,56.227027893066406,3538500
2007-10-02,AGG,99.18000030517578,99.73999786376953,99.18000030517578,99.6500015258789,56.442291259765625,282100
2007-10-03,AGG,99.86000061035156,99.9000015258789,99.51000213623047,99.69999694824219,56.47059631347656,327100
2007-10-04,AGG,99.79000091552734,99.9000015258789,99.51000213623047,99.66000366210938,56.44792556762695,445000
2007-10-05,AGG,99.31999969482422,99.6500015258789,98.23999786376953,98.87000274658203,56.00046920776367,750200
2007-10-08,AGG,99.36000061035156,99.94999694824219,99.08000183105469,99.6500015258789,56.442291259765625,367700
2007-10-09,AGG,99.52999877929688,99.58999633789062,99.16000366210938,99.44000244140625,56.32331085205078,182700
2007-10-10,AGG,99.45999908447266,99.6500015258789,99.19000244140625,99.56999969482422,56.39695358276367,711600
2007-10-11,AGG,99.38999938964844,99.63999938964844,99.23999786376953,99.63999938964844,56.436614990234375,258000
2007-10-12,AGG,99.55000305175781,99.6500015258789,99.31999969482422,99.44999694824219,56.328983306884766,470400
2007-10-15,AGG,99.43000030517578,99.5,99.25,99.4800033569336,56.34601593017578,200800
2007-10-16,AGG,99.66000366210938,99.72000122070312,99.44999694824219,99.63999938964844,56.436614990234375,266400
2007-10-17,AGG,99.66000366210938,100.02999877929688,99.62000274658203,99.9800033569336,56.6291618347168,243600
2007-10-18,AGG,100.27999877929688,100.30000305175781,100.06999969482422,100.2699966430664,56.793418884277344,270000
2007-10-19,AGG,100.5,100.7300033569336,100.33999633789062,100.7300033569336,57.053985595703125,732700
2007-10-22,AGG,100.80999755859375,100.80999755859375,100.5,100.69999694824219,57.03700256347656,284500
2007-10-23,AGG,100.63999938964844,100.66999816894531,100.44999694824219,100.66999816894531,57.02002716064453,328900
2007-10-24,AGG,100.87000274658203,101.19999694824219,100.69999694824219,101.11000061035156,57.26926040649414,1018400
2007-10-25,AGG,101.12999725341797,101.13999938964844,100.83000183105469,100.8499984741211,57.12199020385742,236200
2007-10-26,AGG,100.76000213623047,101.0,100.61000061035156,100.76000213623047,57.071006774902344,348000
2007-10-29,AGG,100.77999877929688,100.88999938964844,100.5999984741211,100.76000213623047,57.071006774902344,261000
2007-10-30,AGG,100.8499984741211,100.88999938964844,100.69999694824219,100.88999938964844,57.14460754394531,252400
2007-10-31,AGG,100.55999755859375,100.86000061035156,100.41000366210938,100.61000061035156,56.98604965209961,767000
2007-11-01,AGG,100.30000305175781,100.66000366210938,100.26000213623047,100.44000244140625,57.12654113769531,251200
2007-11-02,AGG,100.45999908447266,100.9000015258789,100.43000030517578,100.55000305175781,57.189083099365234,401100
2007-11-05,AGG,100.7699966430664,100.7699966430664,100.45999908447266,100.45999908447266,57.137874603271484,509700
2007-11-06,AGG,100.4000015258789,100.51000213623047,100.16999816894531,100.33000183105469,57.06391906738281,418000
2007-11-07,AGG,100.4000015258789,100.41999816894531,100.12000274658203,100.3499984741211,57.07533264160156,716100
2007-11-08,AGG,100.51000213623047,100.56999969482422,100.27999877929688,100.44999694824219,57.132240295410156,469700
2007-11-09,AGG,100.66999816894531,100.83999633789062,100.55000305175781,100.80000305175781,57.331298828125,184600
2007-11-12,AGG,100.5,100.83999633789062,100.5,100.66000366210938,57.25160217285156,224000
2007-11-13,AGG,100.75,100.80999755859375,100.55000305175781,100.66999816894531,57.25735855102539,276100
2007-11-14,AGG,100.54000091552734,100.6500015258789,100.4000015258789,100.62999725341797,57.234596252441406,336000
2007-11-15,AGG,100.80999755859375,101.11000061035156,100.62999725341797,101.05999755859375,57.47917938232422,493500
2007-11-16,AGG,101.0,101.0999984741211,100.8499984741211,100.98999786376953,57.43936538696289,1810900
2007-11-19,AGG,100.80999755859375,101.37999725341797,100.80999755859375,101.20999908447266,57.56447219848633,416800
2007-11-20,AGG,101.2300033569336,101.25,100.88999938964844,101.0,57.44500732421875,332100
2007-11-21,AGG,101.41000366210938,101.7699966430664,101.18000030517578,101.7699966430664,57.88297653198242,789200
2007-11-23,AGG,101.54000091552734,101.77999877929688,101.25,101.25,57.58719253540039,137700
2007-11-26,AGG,101.52999877929688,102.41999816894531,101.41000366210938,102.16999816894531,58.110477447509766,441900
2007-11-27,AGG,102.20999908447266,102.20999908447266,101.43000030517578,101.75,57.871612548828125,933000
2007-11-28,AGG,101.62000274658203,101.76000213623047,101.41999816894531,101.5,57.729400634765625,536500
2007-11-29,AGG,101.86000061035156,102.08000183105469,101.51000213623047,101.79000091552734,57.89435958862305,1496800
2007-11-30,AGG,101.5199966430664,102.11000061035156,101.27999877929688,102.0,58.0138053894043,1734300
2007-12-03,AGG,101.9000015258789,102.58000183105469,101.73999786376953,102.12999725341797,58.32038497924805,630100
2007-12-04,AGG,102.16999816894531,102.2300033569336,101.66000366210938,101.73999786376953,58.09770584106445,580800
2007-12-05,AGG,101.80000305175781,101.81999969482422,101.54000091552734,101.55000305175781,57.98918533325195,442400
2007-12-06,AGG,101.37000274658203,101.69999694824219,101.13999938964844,101.44000244140625,57.92641067504883,805900
2007-12-07,AGG,101.26000213623047,101.26000213623047,100.58999633789062,100.86000061035156,57.5952262878418,406200
2007-12-10,AGG,100.87999725341797,100.87999725341797,100.31999969482422,100.66000366210938,57.480960845947266,916400
2007-12-11,AGG,100.88999938964844,101.41000366210938,100.6500015258789,101.1500015258789,57.76081085205078,1153500
2007-12-12,AGG,100.7699966430664,101.2300033569336,100.5199966430664,101.05000305175781,57.70368957519531,500900
2007-12-13,AGG,100.94000244140625,100.94000244140625,100.55999755859375,100.66000366210938,57.480960845947266,425500
2007-12-14,AGG,100.5999984741211,100.62000274658203,100.23999786376953,100.37999725341797,57.32111740112305,515300
2007-12-17,AGG,100.68000030517578,100.7699966430664,100.36000061035156,100.52999877929688,57.40675354003906,550800
2007-12-18,AGG,100.93000030517578,101.0999984741211,100.68000030517578,101.05999755859375,57.709415435791016,402300
2007-12-19,AGG,101.13999938964844,101.55999755859375,100.88999938964844,101.2699966430664,57.82933044433594,634800
2007-12-20,AGG,101.55000305175781,101.66000366210938,101.18000030517578,101.18000030517578,57.7779541015625,489200
2007-12-21,AGG,101.26000213623047,101.26000213623047,100.73999786376953,100.73999786376953,57.52665328979492,411900
2007-12-24,AGG,100.75,100.83999633789062,100.62000274658203,100.7699966430664,57.543853759765625,190700
2007-12-26,AGG,100.75,100.94000244140625,100.3499984741211,100.45999908447266,57.366798400878906,259200
2007-12-27,AGG,100.52999877929688,100.5999984741211,100.19999694824219,100.5999984741211,57.68158721923828,427200
2007-12-28,AGG,100.81999969482422,101.20999908447266,100.69000244140625,101.13999938964844,57.99121856689453,442500
2007-12-31,AGG,101.31999969482422,101.37999725341797,100.8499984741211,101.16999816894531,58.008365631103516,708000
2008-01-02,AGG,101.36000061035156,102.61000061035156,101.05999755859375,101.6500015258789,58.28361129760742,888900
2008-01-03,AGG,101.62000274658203,101.91999816894531,101.37000274658203,101.91999816894531,58.438438415527344,370600
2008-01-04,AGG,101.80999755859375,102.37000274658203,101.80999755859375,102.12999725341797,58.558799743652344,497700
2008-01-07,AGG,102.20999908447266,102.36000061035156,101.83000183105469,102.26000213623047,58.633419036865234,693600
2008-01-08,AGG,102.16000366210938,102.5199966430664,101.94000244140625,102.5199966430664,58.7824592590332,1544400
2008-01-09,AGG,102.44000244140625,102.5,102.11000061035156,102.27999877929688,58.64482116699219,437700
2008-01-10,AGG,102.23999786376953,102.29000091552734,101.80000305175781,102.06999969482422,58.52444076538086,291900
2008-01-11,AGG,102.19999694824219,102.5199966430664,102.18000030517578,102.51000213623047,58.776710510253906,315700
2008-01-14,AGG,102.51000213623047,102.6500015258789,102.37999725341797,102.58999633789062,58.8226203918457,290400
2008-01-15,AGG,102.80999755859375,102.95999908447266,102.62000274658203,102.95999908447266,59.034698486328125,361400
2008-01-16,AGG,102.95999908447266,103.06999969482422,102.5999984741211,102.6500015258789,58.85694122314453,620900
2008-01-17,AGG,102.7699966430664,103.2699966430664,102.58000183105469,103.2699966430664,59.21250915527344,807500
2008-01-18,AGG,102.95999908447266,103.25,102.80000305175781,103.25,59.20097351074219,809400
2008-01-22,AGG,103.97000122070312,105.48999786376953,102.87999725341797,103.41000366210938,59.29277801513672,793000
2008-01-23,AGG,104.38999938964844,104.38999938964844,103.05000305175781,103.0999984741211,59.114986419677734,911200
2008-01-24,AGG,103.44999694824219,103.44999694824219,102.70999908447266,102.83999633789062,58.965946197509766,469200
2008-01-25,AGG,102.58000183105469,103.26000213623047,102.22000122070312,103.0199966430664,59.0691032409668,585400
2008-01-28,AGG,103.01000213623047,103.36000061035156,102.97000122070312,103.22000122070312,59.183834075927734,484000
2008-01-29,AGG,103.1500015258789,103.2300033569336,102.83000183105469,102.9000015258789,59.000362396240234,450900
2008-01-30,AGG,103.0199966430664,103.18000030517578,102.7699966430664,103.05999755859375,59.092079162597656,557800
2008-01-31,AGG,103.4800033569336,103.62000274658203,103.06999969482422,103.51000213623047,59.350120544433594,649200
2008-02-01,AGG,103.2699966430664,103.31999969482422,102.98999786376953,102.98999786376953,59.28966522216797,610300
2008-02-04,AGG,102.8499984741211,103.01000213623047,102.66000366210938,102.93000030517578,59.25514602661133,336200
2008-02-05,AGG,103.3499984741211,103.43000030517578,102.91999816894531,103.25,59.439292907714844,622800
2008-02-06,AGG,103.23999786376953,103.23999786376953,102.91999816894531,103.16999816894531,59.393253326416016,698600
2008-02-07,AGG,103.12999725341797,103.1500015258789,102.05000305175781,102.26000213623047,58.869441986083984,622300
2008-02-08,AGG,102.63999938964844,102.9000015258789,102.4800033569336,102.75,59.151466369628906,543400
2008-02-11,AGG,102.87999725341797,103.16999816894531,102.7699966430664,102.97000122070312,59.278133392333984,746300
2008-02-12,AGG,102.68000030517578,102.97000122070312,102.45999908447266,102.93000030517578,59.25514602661133,653400
2008-02-13,AGG,102.6500015258789,102.83000183105469,102.31999969482422,102.31999969482422,58.90394973754883,510400
2008-02-14,AGG,102.13999938964844,102.33000183105469,101.73999786376953,102.0,58.71974182128906,578800
2008-02-15,AGG,102.12999725341797,102.12999725341797,101.87999725341797,101.94999694824219,58.69094467163086,455300
2008-02-19,AGG,101.86000061035156,101.9800033569336,101.30999755859375,101.45999908447266,58.40887451171875,597200
2008-02-20,AGG,101.22000122070312,101.5999984741211,101.08999633789062,101.30000305175781,58.31675338745117,405300
2008-02-21,AGG,101.76000213623047,102.19000244140625,101.51000213623047,102.12999725341797,58.794532775878906,486400
2008-02-22,AGG,101.86000061035156,102.25,101.55000305175781,101.58999633789062,58.483665466308594,987700
2008-02-25,AGG,101.68000030517578,101.73999786376953,101.08999633789062,101.2300033569336,58.27647018432617,557900
2008-02-26,AGG,101.41000366210938,101.72000122070312,101.30000305175781,101.72000122070312,58.558528900146484,638400
2008-02-27,AGG,101.91999816894531,101.97000122070312,101.66000366210938,101.93000030517578,58.67939376831055,633000
2008-02-28,AGG,102.3499984741211,102.62999725341797,102.18000030517578,102.54000091552734,59.03062438964844,434500
2008-02-29,AGG,102.9000015258789,103.30000305175781,102.48999786376953,102.93000030517578,59.25514602661133,922900
2008-03-03,AGG,102.38999938964844,102.79000091552734,102.3499984741211,102.52999877929688,59.24528121948242,388300
2008-03-04,AGG,102.41000366210938,102.56999969482422,101.77999877929688,102.08999633789062,58.991031646728516,385300
2008-03-05,AGG,102.08999633789062,102.12000274658203,101.37000274658203,101.44000244140625,58.61542892456055,432100
2008-03-06,AGG,101.55999755859375,101.70999908447266,101.2699966430664,101.29000091552734,58.52878952026367,1161200
2008-03-07,AGG,101.87999725341797,101.93000030517578,101.22000122070312,101.5999984741211,58.707881927490234,1087600
2008-03-10,AGG,101.88999938964844,102.19999694824219,101.73999786376953,102.13999938964844,59.01997756958008,444500
2008-03-11,AGG,101.54000091552734,101.70999908447266,101.2699966430664,101.5199966430664,58.66167449951172,564200
2008-03-12,AGG,101.88999938964844,102.62000274658203,101.62000274658203,102.55999755859375,59.26265335083008,429500
2008-03-13,AGG,102.3499984741211,102.5199966430664,101.72000122070312,102.12000274658203,59.00839614868164,417500
2008-03-14,AGG,102.45999908447266,102.83999633789062,102.1500015258789,102.55000305175781,59.25688552856445,490900
2008-03-17,AGG,102.41999816894531,103.26000213623047,102.13999938964844,102.98999786376953,59.51108932495117,722200
2008-03-18,AGG,103.02999877929688,103.31999969482422,102.55000305175781,102.75,59.37241744995117,398200
2008-03-19,AGG,102.7699966430664,103.37000274658203,102.7300033569336,103.05999755859375,59.55158615112305,403300
2008-03-20,AGG,103.30000305175781,103.47000122070312,102.87000274658203,103.41999816894531,59.75955581665039,315600
2008-03-24,AGG,102.87999725341797,102.87999725341797,102.3499984741211,102.66000366210938,59.32042694091797,423000
2008-03-25,AGG,102.75,102.97000122070312,102.55999755859375,102.8499984741211,59.430206298828125,490500
2008-03-26,AGG,102.8499984741211,103.1500015258789,102.5199966430664,102.55000305175781,59.25688552856445,341300
2008-03-27,AGG,102.5,102.7699966430664,102.30000305175781,102.58999633789062,59.27993392944336,371300
2008-03-28,AGG,102.62000274658203,102.86000061035156,102.5199966430664,102.83999633789062,59.42443084716797,466000
2008-03-31,AGG,102.94000244140625,103.1500015258789,102.68000030517578,102.68000030517578,59.33199691772461,555900
2008-04-01,AGG,102.13999938964844,102.29000091552734,101.55000305175781,101.56999969482422,58.92869186401367,1209100
2008-04-02,AGG,101.77999877929688,101.97000122070312,101.41999816894531,101.62000274658203,58.95774841308594,499400
2008-04-03,AGG,101.88999938964844,102.08000183105469,101.5999984741211,101.94000244140625,59.143375396728516,480900
2008-04-04,AGG,102.44999694824219,102.7300033569336,102.27999877929688,102.45999908447266,59.445091247558594,431000
2008-04-07,AGG,102.25,102.4800033569336,102.04000091552734,102.44999694824219,59.43927001953125,417000
2008-04-08,AGG,102.51000213623047,102.83000183105469,102.38999938964844,102.44000244140625,59.43352127075195,408800
2008-04-09,AGG,102.61000061035156,103.0,102.45999908447266,102.88999938964844,59.694549560546875,492700
2008-04-10,AGG,102.68000030517578,102.88999938964844,102.27999877929688,102.56999969482422,59.50889587402344,456500
2008-04-11,AGG,102.77999877929688,102.93000030517578,102.55999755859375,102.79000091552734,59.63656997680664,263600
2008-04-14,AGG,102.55000305175781,102.83999633789062,102.47000122070312,102.66999816894531,59.56693649291992,683200
2008-04-15,AGG,102.2699966430664,102.4800033569336,102.06999969482422,102.12000274658203,59.247833251953125,635600
2008-04-16,AGG,102.02999877929688,102.25,101.56999969482422,101.75,59.03319549560547,386500
2008-04-17,AGG,101.7699966430664,101.79000091552734,101.3499984741211,101.7300033569336,59.02159881591797,487200
2008-04-18,AGG,101.4000015258789,102.0199966430664,101.18000030517578,102.0,59.1782112121582,620000
2008-04-21,AGG,101.94999694824219,102.05999755859375,101.72000122070312,102.01000213623047,59.18400955200195,438600
2008-04-22,AGG,102.0,102.27999877929688,101.80000305175781,102.16000366210938,59.2711067199707,569100
2008-04-23,AGG,102.02999877929688,102.08999633789062,101.80999755859375,102.05999755859375,59.213008880615234,496300
2008-04-24,AGG,101.6500015258789,101.80000305175781,101.41000366210938,101.68000030517578,58.9925651550293,364000
2008-04-25,AGG,101.5199966430664,101.66999816894531,101.33999633789062,101.58000183105469,58.93458557128906,507900
2008-04-28,AGG,101.54000091552734,101.86000061035156,101.43000030517578,101.83000183105469,59.079586029052734,513500
2008-04-29,AGG,102.0199966430664,102.12999725341797,101.7300033569336,101.9800033569336,59.1666259765625,697500
2008-04-30,AGG,101.97000122070312,102.5999984741211,101.4800033569336,102.5999984741211,59.52631378173828,813300
2008-05-01,AGG,102.36000061035156,102.37000274658203,101.91999816894531,102.0999984741211,59.42503356933594,503200
2008-05-02,AGG,101.5999984741211,102.08999633789062,101.52999877929688,101.93000030517578,59.326148986816406,462100
2008-05-05,AGG,102.01000213623047,102.05999755859375,101.69999694824219,101.97000122070312,59.34942626953125,541600
2008-05-06,AGG,102.13999938964844,102.13999938964844,101.55000305175781,101.63999938964844,59.1573486328125,930100
2008-05-07,AGG,101.56999969482422,101.94000244140625,101.41000366210938,101.93000030517578,59.326148986816406,299200
2008-05-08,AGG,102.0,102.87999725341797,101.81999969482422,102.19000244140625,59.47745895385742,731300
2008-05-09,AGG,102.44000244140625,102.5999984741211,102.08000183105469,102.2300033569336,59.500732421875,433600
2008-05-12,AGG,102.16999816894531,102.38999938964844,102.0,102.05000305175781,59.39595031738281,579400
2008-05-13,AGG,101.80999755859375,101.9000015258789,101.41000366210938,101.47000122070312,59.05835723876953,482700
2008-05-14,AGG,101.81999969482422,101.83000183105469,101.31999969482422,101.62000274658203,59.14567565917969,292000
2008-05-15,AGG,101.69999694824219,102.16000366210938,101.58000183105469,102.16000366210938,59.460025787353516,350600
2008-05-16,AGG,101.87000274658203,102.30999755859375,101.77999877929688,101.91000366210938,59.3144645690918,387200
2008-05-19,AGG,102.1500015258789,102.19000244140625,101.80000305175781,102.08000183105469,59.413455963134766,630400
2008-05-20,AGG,102.30000305175781,102.33000183105469,102.0999984741211,102.30000305175781,59.54145812988281,670700
2008-05-21,AGG,102.16000366210938,102.2699966430664,101.97000122070312,102.16000366210938,59.460025787353516,540800
2008-05-22,AGG,101.91000366210938,101.91000366210938,101.30000305175781,101.55000305175781,59.104942321777344,509300
2008-05-23,AGG,101.73999786376953,101.94999694824219,101.5999984741211,101.94000244140625,59.331886291503906,584000
2008-05-27,AGG,101.5,101.69000244140625,101.3499984741211,101.37000274658203,59.00015640258789,865300
2008-05-28,AGG,101.2699966430664,101.38999938964844,100.73999786376953,100.9000015258789,58.72663116455078,371500
2008-05-29,AGG,100.87000274658203,100.87000274658203,100.44000244140625,100.62000274658203,58.56363296508789,621300
2008-05-30,AGG,100.95999908447266,101.2699966430664,100.8499984741211,100.9800033569336,58.77322006225586,1132500
2008-06-02,AGG,100.76000213623047,101.2300033569336,100.55999755859375,100.95999908447266,58.99171447753906,601800
2008-06-03,AGG,100.68000030517578,101.18000030517578,100.51000213623047,101.1500015258789,59.10272216796875,476200
2008-06-04,AGG,101.29000091552734,101.30000305175781,100.62999725341797,100.79000091552734,58.89237594604492,390900
2008-06-05,AGG,100.5199966430664,100.69999694824219,100.33999633789062,100.41999816894531,58.6761474609375,378000
2008-06-06,AGG,100.91000366210938,101.05999755859375,100.69999694824219,100.9800033569336,59.00341033935547,434800
2008-06-09,AGG,100.5,100.73999786376953,100.36000061035156,100.47000122070312,58.70539855957031,555500
2008-06-10,AGG,100.25,100.37999725341797,99.8499984741211,99.94000244140625,58.39570617675781,557200
2008-06-11,AGG,100.18000030517578,100.43000030517578,99.91000366210938,100.06999969482422,58.4716796875,508600
2008-06-12,AGG,99.88999938964844,99.91000366210938,99.41000366210938,99.44999694824219,58.10939025878906,513700
2008-06-13,AGG,99.56999969482422,99.87000274658203,99.19000244140625,99.19999694824219,57.96329879760742,799000
2008-06-16,AGG,99.56999969482422,99.5999984741211,99.19000244140625,99.30999755859375,58.027587890625,460400
2008-06-17,AGG,99.69999694824219,99.72000122070312,99.45999908447266,99.6500015258789,58.226287841796875,407200
2008-06-18,AGG,99.86000061035156,100.08999633789062,99.7300033569336,100.06999969482422,58.4716796875,345900
2008-06-19,AGG,99.91000366210938,99.98999786376953,99.55999755859375,99.55999755859375,58.1736946105957,435900
2008-06-20,AGG,100.11000061035156,100.12999725341797,99.76000213623047,99.86000061035156,58.3489875793457,419000
2008-06-23,AGG,99.93000030517578,99.9800033569336,99.5999984741211,99.7300033569336,58.27301788330078,515600
2008-06-24,AGG,99.93000030517578,100.06999969482422,99.69999694824219,99.93000030517578,58.38988494873047,514300
2008-06-25,AGG,100.04000091552734,100.05000305175781,99.38999938964844,99.9800033569336,58.419090270996094,487100
2008-06-26,AGG,100.25,100.37000274658203,99.98999786376953,100.11000061035156,58.49500274658203,540200
2008-06-27,AGG,99.98999786376953,100.54000091552734,99.98999786376953,100.3499984741211,58.6352653503418,466000
2008-06-30,AGG,100.66000366210938,100.76000213623047,100.36000061035156,100.4000015258789,58.664459228515625,639600
2008-07-01,AGG,100.62000274658203,100.62000274658203,99.66999816894531,99.66999816894531,58.46153259277344,854500
2008-07-02,AGG,100.01000213623047,100.04000091552734,99.55000305175781,99.55000305175781,58.39118576049805,812400
2008-07-03,AGG,99.87000274658203,99.97000122070312,99.55999755859375,99.58000183105469,58.40868377685547,281300
2008-07-07,AGG,99.58999633789062,100.08999633789062,99.33999633789062,99.93000030517578,58.614051818847656,603100
2008-07-08,AGG,100.0,100.4000015258789,99.83000183105469,100.31999969482422,58.84278869628906,327300
2008-07-09,AGG,100.5,100.80000305175781,100.2699966430664,100.70999908447266,59.07157516479492,392000
2008-07-10,AGG,100.7699966430664,100.87999725341797,100.44999694824219,100.80000305175781,59.124324798583984,577200
2008-07-11,AGG,101.05999755859375,101.05999755859375,100.13999938964844,100.2300033569336,58.79002380371094,478200
2008-07-14,AGG,100.22000122070312,100.83999633789062,100.22000122070312,100.37999725341797,58.87801742553711,366000
2008-07-15,AGG,100.63999938964844,100.9800033569336,100.61000061035156,100.7699966430664,59.106746673583984,433400
2008-07-16,AGG,100.51000213623047,100.5199966430664,100.0,100.0,58.65510559082031,487400
2008-07-17,AGG,100.0,100.0999984741211,99.38999938964844,99.55999755859375,58.397010803222656,503300
2008-07-18,AGG,99.33999633789062,99.68000030517578,98.9800033569336,98.9800033569336,58.05683898925781,438400
2008-07-21,AGG,99.33000183105469,99.5,99.12000274658203,99.5,58.361854553222656,317500
2008-07-22,AGG,99.41999816894531,99.44000244140625,99.0199966430664,99.16000366210938,58.16243362426758,302900
2008-07-23,AGG,99.19999694824219,99.30000305175781,99.02999877929688,99.27999877929688,58.23281478881836,405700
2008-07-24,AGG,99.41000366210938,100.01000213623047,99.3499984741211,99.97000122070312,58.63754653930664,320200
2008-07-25,AGG,99.80000305175781,99.81999969482422,99.30999755859375,99.45999908447266,58.33838653564453,394300
2008-07-28,AGG,99.94999694824219,100.01000213623047,99.70999908447266,99.91000366210938,58.602325439453125,458500
2008-07-29,AGG,99.80000305175781,99.88999938964844,99.54000091552734,99.79000091552734,58.53196334838867,279200
2008-07-30,AGG,99.87000274658203,99.9800033569336,99.4800033569336,99.9000015258789,58.59645462036133,403800
2008-07-31,AGG,100.37000274658203,100.6500015258789,100.11000061035156,100.41000366210938,58.89559555053711,559600
2008-08-01,AGG,100.19000244140625,100.19000244140625,99.6500015258789,99.88999938964844,58.826107025146484,331500
2008-08-04,AGG,99.80999755859375,100.0199966430664,99.56999969482422,99.5999984741211,58.65530776977539,391600
2008-08-05,AGG,99.80000305175781,99.80000305175781,99.41000366210938,99.43000030517578,58.555233001708984,489500
2008-08-06,AGG,99.44999694824219,99.44999694824219,98.9800033569336,99.31999969482422,58.490421295166016,463000
2008-08-07,AGG,99.44999694824219,99.9000015258789,99.30999755859375,99.83999633789062,58.7966423034668,391300
2008-08-08,AGG,99.80000305175781,99.91999816894531,99.62000274658203,99.69000244140625,58.70832061767578,359600
2008-08-11,AGG,99.51000213623047,99.81999969482422,99.3499984741211,99.44000244140625,58.56105041503906,460700
2008-08-12,AGG,99.69000244140625,99.87999725341797,99.63999938964844,99.86000061035156,58.80841827392578,392600
2008-08-13,AGG,99.86000061035156,99.9800033569336,99.5199966430664,99.69000244140625,58.70832061767578,301000
2008-08-14,AGG,99.87999725341797,100.0,99.69000244140625,99.93000030517578,58.84967803955078,417900
2008-08-15,AGG,100.2300033569336,100.23999786376953,100.0,100.22000122070312,59.020450592041016,333200
2008-08-18,AGG,100.25,100.41999816894531,100.12999725341797,100.38999938964844,59.120540618896484,526500
2008-08-19,AGG,100.37999725341797,100.37999725341797,100.0999984741211,100.30999755859375,59.07344436645508,284400
2008-08-20,AGG,100.45999908447266,100.72000122070312,100.2699966430664,100.47000122070312,59.16770553588867,277400
2008-08-21,AGG,100.44999694824219,100.56999969482422,100.2300033569336,100.48999786376953,59.17948913574219,361800
2008-08-22,AGG,100.19000244140625,100.41000366210938,100.11000061035156,100.37999725341797,59.11466598510742,497800
2008-08-25,AGG,100.76000213623047,100.76000213623047,100.52999877929688,100.69000244140625,59.29720687866211,267900
2008-08-26,AGG,100.5199966430664,100.7300033569336,100.44000244140625,100.56999969482422,59.226600646972656,634400
2008-08-27,AGG,100.58000183105469,100.87999725341797,100.38999938964844,100.69000244140625,59.29720687866211,334400
2008-08-28,AGG,100.80999755859375,100.97000122070312,100.62999725341797,100.77999877929688,59.35020446777344,372600
2008-08-29,AGG,101.26000213623047,101.26000213623047,100.41999816894531,100.75,59.332557678222656,701500
2008-09-02,AGG,100.30999755859375,100.72000122070312,100.04000091552734,100.69000244140625,59.53001022338867,1275500
2008-09-03,AGG,100.69999694824219,100.87000274658203,100.5,100.66999816894531,59.518218994140625,419800
2008-09-04,AGG,100.98999786376953,101.19000244140625,100.81999969482422,101.04000091552734,59.736976623535156,338800
2008-09-05,AGG,101.23999786376953,101.37999725341797,100.73999786376953,100.73999786376953,59.559627532958984,667100
2008-09-08,AGG,100.95999908447266,101.51000213623047,100.83999633789062,101.37000274658203,59.93210983276367,873300
2008-09-09,AGG,101.47000122070312,101.87999725341797,101.30999755859375,101.81999969482422,60.1981086730957,540400
2008-09-10,AGG,101.4000015258789,101.81999969482422,101.4000015258789,101.75,60.156707763671875,515400
2008-09-11,AGG,101.9000015258789,101.9000015258789,101.5,101.62000274658203,60.07988357543945,371800
2008-09-12,AGG,101.69999694824219,101.72000122070312,101.0,101.20999908447266,59.837486267089844,514800
2008-09-15,AGG,101.3499984741211,101.8499984741211,101.25,101.61000061035156,60.07390213012695,386900
2008-09-16,AGG,102.0199966430664,102.08000183105469,100.58000183105469,100.58000183105469,59.465003967285156,676000
2008-09-17,AGG,100.7699966430664,101.2699966430664,100.5999984741211,100.83000183105469,59.61281204223633,707900
2008-09-18,AGG,100.5,101.19000244140625,100.25,100.55000305175781,59.44723892211914,1016900
2008-09-19,AGG,100.0,101.48999786376953,99.7699966430664,101.0,59.71329116821289,1985000
2008-09-22,AGG,99.87999725341797,100.72000122070312,99.0,99.41999816894531,58.77919006347656,1719500
2008-09-23,AGG,99.31999969482422,99.5999984741211,99.0,99.2699966430664,58.690494537353516,435500
2008-09-24,AGG,99.0,99.44999694824219,98.75,99.38999938964844,58.76148223876953,2371500
2008-09-25,AGG,99.5,99.5,98.5999984741211,99.20999908447266,58.655033111572266,633200
2008-09-26,AGG,98.66000366210938,99.30000305175781,98.1500015258789,98.70999908447266,58.35945129394531,473200
2008-09-29,AGG,98.55000305175781,99.22000122070312,97.0,98.26000213623047,58.0933723449707,751500
2008-09-30,AGG,98.25,99.29000091552734,97.02999877929688,98.58999633789062,58.2884635925293,655400
2008-10-01,AGG,97.9000015258789,98.77999877929688,94.5,97.5,57.87297821044922,800000
2008-10-02,AGG,97.44999694824219,98.41999816894531,96.91999816894531,97.87999725341797,58.098533630371094,400400
2008-10-03,AGG,98.22000122070312,98.62000274658203,96.86000061035156,98.62000274658203,58.53775405883789,501200
2008-10-06,AGG,98.62000274658203,99.44999694824219,95.55000305175781,98.6500015258789,58.555633544921875,798300
2008-10-07,AGG,98.41000366210938,98.5999984741211,96.5199966430664,96.61000061035156,57.34469223022461,818000
2008-10-08,AGG,96.16999816894531,96.95999908447266,93.05000305175781,94.66999816894531,56.193172454833984,835000
2008-10-09,AGG,94.5199966430664,95.37000274658203,92.9000015258789,94.88999938964844,56.323768615722656,946600
2008-10-10,AGG,91.30000305175781,91.98999786376953,86.80000305175781,88.4000015258789,52.47151184082031,1559700
2008-10-13,AGG,90.38999938964844,93.55999755859375,90.0,91.81999969482422,54.50153732299805,911000
2008-10-14,AGG,92.62999725341797,95.25,92.5999984741211,93.75,55.64706802368164,773100
2008-10-15,AGG,94.41999816894531,95.80000305175781,92.79000091552734,95.25,56.53742599487305,678200
2008-10-16,AGG,95.25,95.79000091552734,93.48999786376953,93.75,55.64706802368164,482900
2008-10-17,AGG,93.37999725341797,95.95999908447266,92.51000213623047,94.08999633789062,55.84891128540039,588500
2008-10-20,AGG,94.88999938964844,96.16000366210938,94.41000366210938,95.7699966430664,56.846107482910156,537600
2008-10-21,AGG,96.41000366210938,97.22000122070312,94.5999984741211,96.61000061035156,57.34469223022461,571000
2008-10-22,AGG,97.2699966430664,98.0,96.75,97.7300033569336,58.009521484375,666800
2008-10-23,AGG,97.97000122070312,97.97000122070312,95.51000213623047,96.01000213623047,56.988563537597656,855400
2008-10-24,AGG,96.1500015258789,96.3499984741211,94.88999938964844,95.19999694824219,56.50775909423828,400100
2008-10-27,AGG,94.69999694824219,95.8499984741211,93.69999694824219,94.25,55.94391632080078,675400
2008-10-28,AGG,94.69999694824219,95.23999786376953,93.75,94.58000183105469,56.13971710205078,602700
2008-10-29,AGG,95.20999908447266,96.5,94.68000030517578,96.37999725341797,57.20814514160156,597800
2008-10-30,AGG,96.3499984741211,96.3499984741211,95.37000274658203,96.26000213623047,57.136940002441406,386400
2008-10-31,AGG,95.54000091552734,96.30000305175781,95.11000061035156,95.95999908447266,56.9588623046875,732700
2008-11-03,AGG,95.98999786376953,95.98999786376953,93.51000213623047,94.04000091552734,56.052860260009766,613700
2008-11-04,AGG,95.16000366210938,95.77999877929688,94.52999877929688,95.55000305175781,56.95293045043945,531100
2008-11-05,AGG,96.83000183105469,97.0,96.19000244140625,97.0,57.81719970703125,612600
2008-11-06,AGG,97.48999786376953,97.48999786376953,96.30999755859375,96.5999984741211,57.57880783081055,516000
2008-11-07,AGG,96.87000274658203,97.13999938964844,95.2300033569336,97.08999633789062,57.87085723876953,878500
2008-11-10,AGG,97.29000091552734,97.41000366210938,95.91000366210938,96.47000122070312,57.50129318237305,424400
2008-11-11,AGG,95.94999694824219,97.37999725341797,95.94999694824219,97.19999694824219,57.93640899658203,402500
2008-11-12,AGG,97.58000183105469,97.61000061035156,96.02999877929688,96.36000061035156,57.43572235107422,823300
2008-11-13,AGG,96.68000030517578,97.16000366210938,96.16000366210938,96.69000244140625,57.63242721557617,523800
2008-11-14,AGG,97.0,97.0,96.31999969482422,96.9800033569336,57.805294036865234,546100
2008-11-17,AGG,96.91000366210938,97.23999786376953,96.62000274658203,97.23999786376953,57.96025466918945,407500
2008-11-18,AGG,97.06999969482422,97.4000015258789,96.95999908447266,97.0999984741211,57.87679672241211,415000
2008-11-19,AGG,97.45999908447266,97.88999938964844,97.30000305175781,97.37999725341797,58.04372024536133,546500
2008-11-20,AGG,97.9000015258789,97.94000244140625,97.16000366210938,97.4000015258789,58.05561447143555,826200
2008-11-21,AGG,97.4000015258789,97.86000061035156,96.41999816894531,96.62000274658203,57.59069061279297,1015200
2008-11-24,AGG,97.11000061035156,97.76000213623047,96.04000091552734,96.61000061035156,57.58470916748047,1524000
2008-11-25,AGG,97.73999786376953,99.12000274658203,97.66999816894531,99.0199966430664,59.02121353149414,1049800
2008-11-26,AGG,99.19999694824219,99.7699966430664,98.29000091552734,98.63999938964844,58.79473876953125,859500
2008-11-28,AGG,98.93000030517578,99.26000213623047,98.0999984741211,98.44999694824219,58.681495666503906,294800
2008-12-01,AGG,98.9800033569336,99.4800033569336,98.43000030517578,99.43000030517578,59.509239196777344,604100
2008-12-02,AGG,99.01000213623047,99.68000030517578,98.86000061035156,99.52999877929688,59.56907272338867,641600
2008-12-03,AGG,99.5999984741211,99.5999984741211,98.9000015258789,99.54000091552734,59.5750732421875,583300
2008-12-04,AGG,99.62000274658203,99.87000274658203,99.0199966430664,99.87000274658203,59.77253723144531,713900
2008-12-05,AGG,99.51000213623047,99.97000122070312,97.87999725341797,99.31999969482422,59.4433708190918,616400
2008-12-08,AGG,99.81999969482422,99.81999969482422,99.0,99.19000244140625,59.36552429199219,653600
2008-12-09,AGG,99.75,100.12000274658203,99.20999908447266,100.12000274658203,59.92216873168945,762100
2008-12-10,AGG,99.6500015258789,100.1500015258789,99.62000274658203,99.94000244140625,59.8144645690918,810100
2008-12-11,AGG,100.19999694824219,100.45999908447266,99.73999786376953,100.45999908447266,60.12565612792969,682100
2008-12-12,AGG,100.5999984741211,100.6500015258789,99.69999694824219,100.48999786376953,60.14363479614258,679800
2008-12-15,AGG,100.43000030517578,100.7300033569336,100.18000030517578,100.7300033569336,60.28727722167969,501000
2008-12-16,AGG,101.12999725341797,101.12999725341797,100.30000305175781,101.12999725341797,60.52665710449219,670800
2008-12-17,AGG,101.76000213623047,102.08999633789062,101.01000213623047,101.66999816894531,60.84980010986328,934200
2008-12-18,AGG,101.91000366210938,102.45999908447266,101.12000274658203,102.30999755859375,61.23291778564453,931100
2008-12-19,AGG,101.93000030517578,102.30999755859375,101.5,101.9800033569336,61.0354118347168,829700
2008-12-22,AGG,102.30000305175781,102.54000091552734,101.9800033569336,102.52999877929688,61.36456298828125,1490200
2008-12-23,AGG,102.29000091552734,103.54000091552734,102.13999938964844,103.52999877929688,61.963043212890625,774200
2008-12-24,AGG,103.27999877929688,104.19000244140625,103.16999816894531,104.0199966430664,62.25633239746094,491500
2008-12-26,AGG,104.0999984741211,104.22000122070312,103.4800033569336,103.66999816894531,62.046844482421875,467300
2008-12-29,AGG,103.02999877929688,104.19000244140625,103.02999877929688,104.08999633789062,62.52500915527344,614000
2008-12-30,AGG,103.66000366210938,104.3499984741211,103.55000305175781,104.12999725341797,62.549034118652344,570300
2008-12-31,AGG,104.23999786376953,104.33000183105469,103.54000091552734,104.19999694824219,62.59108352661133,611900
2009-01-02,AGG,103.75,104.38999938964844,103.5,103.55000305175781,62.200584411621094,484600
2009-01-05,AGG,103.5,105.31999969482422,103.0999984741211,105.19999694824219,63.19175338745117,3306400
2009-01-06,AGG,104.73999786376953,104.87000274658203,103.41000366210938,104.61000061035156,62.83734893798828,670200
2009-01-07,AGG,104.20999908447266,104.27999877929688,103.26000213623047,103.6500015258789,62.26073455810547,1222800
2009-01-08,AGG,103.91000366210938,104.05999755859375,102.5999984741211,102.86000061035156,61.78615951538086,1616300
2009-01-09,AGG,102.70999908447266,103.30999755859375,102.33999633789062,102.51000213623047,61.575923919677734,1137600
2009-01-12,AGG,102.5,103.27999877929688,102.37000274658203,103.05000305175781,61.90031814575195,774400
2009-01-13,AGG,103.30000305175781,103.30999755859375,102.79000091552734,103.22000122070312,62.002403259277344,585600
2009-01-14,AGG,103.44999694824219,103.44999694824219,102.61000061035156,103.08000183105469,61.91835403442383,951900
2009-01-15,AGG,102.8499984741211,103.5199966430664,102.6500015258789,103.06999969482422,61.912330627441406,1047400
2009-01-16,AGG,102.97000122070312,103.86000061035156,102.80999755859375,103.5999984741211,62.230682373046875,608700
2009-01-20,AGG,102.70999908447266,103.19000244140625,102.63999938964844,103.05999755859375,61.90632629394531,663100
2009-01-21,AGG,103.2300033569336,103.2300033569336,102.51000213623047,102.5199966430664,61.58195114135742,621200
2009-01-22,AGG,102.69000244140625,102.69000244140625,101.80000305175781,102.08000183105469,61.317623138427734,446800
2009-01-23,AGG,102.0199966430664,102.38999938964844,101.63999938964844,101.91999816894531,61.221500396728516,578000
2009-01-26,AGG,101.7300033569336,102.06999969482422,100.87999725341797,101.81999969482422,61.161407470703125,550800
2009-01-27,AGG,101.62999725341797,102.5,101.44999694824219,102.33999633789062,61.47378921508789,541200
2009-01-28,AGG,102.73999786376953,102.7699966430664,102.12999725341797,102.4000015258789,61.50987243652344,478400
2009-01-29,AGG,102.2699966430664,102.54000091552734,101.4000015258789,101.48999786376953,60.96322250366211,869600
2009-01-30,AGG,101.6500015258789,102.33000183105469,101.62999725341797,102.12999725341797,61.34764862060547,608300
2009-02-02,AGG,101.72000122070312,102.16000366210938,101.56999969482422,101.58999633789062,61.24279022216797,592000
2009-02-03,AGG,101.76000213623047,102.0,101.13999938964844,101.13999938964844,60.97153091430664,575200
2009-02-04,AGG,101.30000305175781,101.45999908447266,100.87000274658203,101.0,60.88711929321289,673400
2009-02-05,AGG,101.2699966430664,101.47000122070312,100.61000061035156,100.68000030517578,60.694183349609375,702200
2009-02-06,AGG,100.91999816894531,101.18000030517578,99.97000122070312,100.94999694824219,60.856937408447266,1936800
2009-02-09,AGG,101.1500015258789,101.23999786376953,100.7300033569336,100.95999908447266,60.86293411254883,588300
2009-02-10,AGG,101.1500015258789,101.80000305175781,100.8499984741211,101.58000183105469,61.236759185791016,524800
2009-02-11,AGG,101.4800033569336,102.1500015258789,101.4000015258789,101.55999755859375,61.22466278076172,518800
2009-02-12,AGG,101.9000015258789,102.19999694824219,101.6500015258789,102.0999984741211,61.55023956298828,366900
2009-02-13,AGG,101.38999938964844,102.02999877929688,101.38999938964844,101.79000091552734,61.363380432128906,851900
2009-02-17,AGG,102.1500015258789,102.26000213623047,101.63999938964844,101.87000274658203,61.41157913208008,436100
2009-02-18,AGG,101.88999938964844,102.0999984741211,101.58999633789062,101.66000366210938,61.284976959228516,495800
2009-02-19,AGG,101.5999984741211,101.69999694824219,101.26000213623047,101.5,61.18854522705078,532400
2009-02-20,AGG,101.68000030517578,101.91000366210938,100.7699966430664,100.9800033569336,60.87508010864258,656300
2009-02-23,AGG,101.6500015258789,101.6500015258789,100.9000015258789,101.5,61.18854522705078,621500
2009-02-24,AGG,101.33999633789062,101.8499984741211,101.11000061035156,101.30000305175781,61.06798553466797,605600
2009-02-25,AGG,101.25,101.41999816894531,101.04000091552734,101.20999908447266,61.013702392578125,485800
2009-02-26,AGG,100.7699966430664,101.0999984741211,100.61000061035156,100.68000030517578,60.694183349609375,509300
2009-02-27,AGG,100.62000274658203,100.94999694824219,100.5,100.69000244140625,60.70020294189453,463800
2009-03-02,AGG,100.69999694824219,100.81999969482422,100.30000305175781,100.69999694824219,60.90403747558594,627400
2009-03-03,AGG,100.55000305175781,100.68000030517578,100.08999633789062,100.56999969482422,60.82539749145508,970700
2009-03-04,AGG,100.37999725341797,100.37999725341797,99.7699966430664,100.0999984741211,60.54115676879883,548900
2009-03-05,AGG,100.29000091552734,100.66999816894531,100.05000305175781,100.43000030517578,60.740692138671875,685000
2009-03-06,AGG,100.55999755859375,100.70999908447266,100.1500015258789,100.69999694824219,60.90403747558594,701200
2009-03-09,AGG,100.70999908447266,100.70999908447266,100.01000213623047,100.01000213623047,60.486717224121094,645300
2009-03-10,AGG,99.9000015258789,100.25,99.81999969482422,100.23999786376953,60.62583923339844,507500
2009-03-11,AGG,100.33000183105469,100.56999969482422,99.8499984741211,100.4800033569336,60.77100372314453,607500
2009-03-12,AGG,100.43000030517578,100.7300033569336,100.25,100.56999969482422,60.82539749145508,603500
2009-03-13,AGG,100.4000015258789,100.73999786376953,100.3499984741211,100.66999816894531,60.885902404785156,561400
2009-03-16,AGG,100.23999786376953,100.47000122070312,100.16999816894531,100.36000061035156,60.69844055175781,644000
2009-03-17,AGG,100.5199966430664,100.5999984741211,100.02999877929688,100.05999755859375,60.51695251464844,644200
2009-03-18,AGG,100.19999694824219,101.87999725341797,100.12000274658203,101.6500015258789,61.47861099243164,493700
2009-03-19,AGG,101.73999786376953,102.88999938964844,101.41000366210938,101.9000015258789,61.62980651855469,738500
2009-03-20,AGG,101.88999938964844,102.02999877929688,101.26000213623047,101.33000183105469,61.28507614135742,513100
2009-03-23,AGG,101.44000244140625,101.48999786376953,101.16999816894531,101.33000183105469,61.28507614135742,518100
2009-03-24,AGG,100.83000183105469,101.18000030517578,100.63999938964844,100.63999938964844,60.867759704589844,934100
2009-03-25,AGG,100.66000366210938,101.0,100.08999633789062,100.19999694824219,60.601619720458984,1241000
2009-03-26,AGG,100.37999725341797,100.47000122070312,100.05000305175781,100.4000015258789,60.72261428833008,1187900
2009-03-27,AGG,100.62000274658203,100.88999938964844,100.13999938964844,100.4800033569336,60.77100372314453,1303900
2009-03-30,AGG,100.41000366210938,101.08999633789062,100.41000366210938,100.94999694824219,61.05519485473633,616300
2009-03-31,AGG,101.0,101.47000122070312,100.7300033569336,101.47000122070312,61.36975860595703,638100
2009-04-01,AGG,101.19000244140625,101.27999877929688,100.61000061035156,101.06999969482422,61.34000015258789,579100
2009-04-02,AGG,101.11000061035156,101.12000274658203,100.54000091552734,100.75,61.145790100097656,960500
2009-04-03,AGG,100.9000015258789,100.9000015258789,100.01000213623047,100.41999816894531,60.94548797607422,3081500
2009-04-06,AGG,100.66000366210938,100.68000030517578,100.0999984741211,100.4000015258789,60.933349609375,495100
2009-04-07,AGG,100.41999816894531,100.47000122070312,100.01000213623047,100.23999786376953,60.83627700805664,807100
2009-04-08,AGG,100.43000030517578,100.72000122070312,100.30000305175781,100.56999969482422,61.03654861450195,528400
2009-04-09,AGG,100.27999877929688,100.70999908447266,100.20999908447266,100.41999816894531,60.94548797607422,564100
2009-04-13,AGG,100.81999969482422,101.1500015258789,100.33000183105469,101.1500015258789,61.38856506347656,475800
2009-04-14,AGG,100.69999694824219,101.13999938964844,100.62999725341797,101.12999725341797,61.37641143798828,594200
2009-04-15,AGG,101.20999908447266,101.41000366210938,101.0,101.41000366210938,61.54637145996094,534500
2009-04-16,AGG,101.26000213623047,101.31999969482422,101.0199966430664,101.2300033569336,61.43712615966797,457700
2009-04-17,AGG,101.05000305175781,101.11000061035156,100.66999816894531,100.66999816894531,61.09727096557617,486900
2009-04-20,AGG,101.11000061035156,101.25,100.77999877929688,101.25,61.44921112060547,705600
2009-04-21,AGG,101.41000366210938,101.41999816894531,100.86000061035156,100.93000030517578,61.255035400390625,702100
2009-04-22,AGG,101.0199966430664,101.26000213623047,100.8499984741211,101.19999694824219,61.4189338684082,448500
2009-04-23,AGG,101.19999694824219,101.36000061035156,100.95999908447266,101.33000183105469,61.49778366088867,318700
2009-04-24,AGG,101.37000274658203,101.44000244140625,101.0,101.44000244140625,61.56450271606445,533400
2009-04-27,AGG,101.58000183105469,101.83000183105469,101.25,101.5999984741211,61.66168212890625,614400
2009-04-28,AGG,101.91000366210938,101.91000366210938,101.41000366210938,101.56999969482422,61.643489837646484,397800
2009-04-29,AGG,101.69000244140625,101.69000244140625,101.0999984741211,101.1500015258789,61.38856506347656,488000
2009-04-30,AGG,101.33000183105469,101.63999938964844,100.95999908447266,101.63999938964844,61.68592834472656,760700
2009-05-01,AGG,101.08000183105469,101.16000366210938,100.75,100.91999816894531,61.44786071777344,536100
2009-05-04,AGG,101.30999755859375,101.41000366210938,100.77999877929688,101.0,61.49654769897461,690600
2009-05-05,AGG,101.31999969482422,101.58000183105469,101.01000213623047,101.20999908447266,61.624454498291016,886600
2009-05-06,AGG,101.37999725341797,101.69999694824219,101.29000091552734,101.44000244140625,61.764427185058594,833700
2009-05-07,AGG,101.5,101.66999816894531,100.80000305175781,100.98999786376953,61.49046325683594,1418800
2009-05-08,AGG,101.08000183105469,101.41999816894531,100.83999633789062,101.18000030517578,61.60618591308594,706000
2009-05-11,AGG,101.13999938964844,101.56999969482422,101.13999938964844,101.25,61.64876174926758,431900
2009-05-12,AGG,101.30000305175781,101.83999633789062,101.2699966430664,101.80999755859375,61.98979949951172,786700
2009-05-13,AGG,101.94999694824219,102.13999938964844,101.5999984741211,101.9000015258789,62.04458999633789,430700
2009-05-14,AGG,102.05000305175781,102.08000183105469,101.69000244140625,101.95999908447266,62.08110809326172,453900
2009-05-15,AGG,101.83999633789062,102.19000244140625,101.83999633789062,102.19000244140625,62.22112274169922,616200
2009-05-18,AGG,102.19000244140625,102.22000122070312,101.80000305175781,101.88999938964844,62.03847885131836,420900
2009-05-19,AGG,101.8499984741211,102.05000305175781,101.80000305175781,101.9800033569336,62.093265533447266,586100
2009-05-20,AGG,101.94999694824219,102.5,101.91999816894531,102.29000091552734,62.282012939453125,543600
2009-05-21,AGG,102.30000305175781,102.44000244140625,101.75,101.97000122070312,62.08716583251953,393400
2009-05-22,AGG,101.88999938964844,101.95999908447266,101.5999984741211,101.69999694824219,61.922760009765625,433400
2009-05-26,AGG,101.87000274658203,101.88999938964844,101.3499984741211,101.47000122070312,61.78276062011719,469300
2009-05-27,AGG,101.44999694824219,101.55999755859375,100.75,100.91000366210938,61.441802978515625,636200
2009-05-28,AGG,100.83999633789062,101.06999969482422,100.41999816894531,100.94999694824219,61.46612548828125,634200
2009-05-29,AGG,100.80000305175781,102.1500015258789,100.80000305175781,102.02999877929688,62.12370300292969,1142100
2009-06-01,AGG,101.2300033569336,101.3499984741211,100.38999938964844,100.45999908447266,61.35296630859375,1111000
2009-06-02,AGG,101.05999755859375,101.2300033569336,100.55999755859375,101.1500015258789,61.77440643310547,618100
2009-06-03,AGG,101.0,101.4800033569336,101.0,101.43000030517578,61.94540023803711,797700
2009-06-04,AGG,101.29000091552734,101.29000091552734,100.54000091552734,100.58999633789062,61.4323844909668,591900
2009-06-05,AGG,100.5,100.56999969482422,100.06999969482422,100.06999969482422,61.11479949951172,479100
2009-06-08,AGG,100.05000305175781,100.30000305175781,99.80000305175781,99.80000305175781,60.9499626159668,648800
2009-06-09,AGG,100.13999938964844,100.37000274658203,99.9800033569336,100.25,61.22475051879883,442300
2009-06-10,AGG,100.01000213623047,100.54000091552734,99.97000122070312,99.97000122070312,61.05377197265625,772600
2009-06-11,AGG,99.9000015258789,100.66999816894531,99.55999755859375,100.31999969482422,61.26748275756836,481900
2009-06-12,AGG,100.33000183105469,100.91000366210938,100.33000183105469,100.80999755859375,61.56672668457031,358000
2009-06-15,AGG,101.0999984741211,101.19000244140625,100.77999877929688,101.19000244140625,61.798828125,491000
2009-06-16,AGG,101.12999725341797,101.43000030517578,100.94999694824219,101.33000183105469,61.88431930541992,430900
2009-06-17,AGG,101.5,101.7699966430664,101.33999633789062,101.52999877929688,62.00647735595703,454900
2009-06-18,AGG,101.3499984741211,101.36000061035156,100.8499984741211,100.87000274658203,61.60336685180664,550300
2009-06-19,AGG,100.66000366210938,101.25,100.66000366210938,101.23999786376953,61.829345703125,584400
2009-06-22,AGG,101.55999755859375,101.63999938964844,101.25,101.38999938964844,61.92095184326172,516800
2009-06-23,AGG,101.44000244140625,101.80000305175781,101.29000091552734,101.72000122070312,62.122501373291016,524300
2009-06-24,AGG,101.6500015258789,101.98999786376953,101.44999694824219,101.44999694824219,61.95759963989258,525700
2009-06-25,AGG,101.58000183105469,102.12000274658203,101.44000244140625,101.91999816894531,62.244625091552734,575200
2009-06-26,AGG,102.08999633789062,102.22000122070312,101.91999816894531,102.22000122070312,62.4278450012207,471300
2009-06-29,AGG,102.02999877929688,102.37000274658203,102.02999877929688,102.12999725341797,62.3729133605957,398400
2009-06-30,AGG,101.9800033569336,102.30000305175781,101.91999816894531,102.1500015258789,62.38515853881836,805500
2009-07-01,AGG,101.62000274658203,101.87000274658203,101.55999755859375,101.7699966430664,62.36180114746094,450600
2009-07-02,AGG,101.75,102.16000366210938,101.75,102.01000213623047,62.5089111328125,533000
2009-07-06,AGG,101.88999938964844,102.0999984741211,101.8499984741211,101.93000030517578,62.459869384765625,436600
2009-07-07,AGG,101.98999786376953,102.30000305175781,101.97000122070312,102.26000213623047,62.66210174560547,518600
2009-07-08,AGG,102.2300033569336,102.81999969482422,102.2300033569336,102.81999969482422,63.00522994995117,790000
2009-07-09,AGG,102.45999908447266,102.69000244140625,102.30999755859375,102.52999877929688,62.82750701904297,600100
2009-07-10,AGG,102.72000122070312,103.0,102.62999725341797,102.87999725341797,63.042015075683594,504600
2009-07-13,AGG,102.9000015258789,103.12000274658203,102.7699966430664,102.83000183105469,63.011329650878906,397800
2009-07-14,AGG,102.5999984741211,102.7699966430664,102.41000366210938,102.5199966430664,62.82144546508789,529700
2009-07-15,AGG,102.20999908447266,102.38999938964844,101.8499984741211,101.8499984741211,62.410831451416016,849600
2009-07-16,AGG,102.01000213623047,102.36000061035156,102.01000213623047,102.16999816894531,62.6069221496582,410800
2009-07-17,AGG,102.01000213623047,102.2699966430664,101.9800033569336,102.16999816894531,62.6069221496582,437300
2009-07-20,AGG,102.01000213623047,102.48999786376953,101.97000122070312,102.29000091552734,62.68042755126953,675400
2009-07-21,AGG,102.08999633789062,103.01000213623047,102.08999633789062,103.0,63.11555862426758,812700
2009-07-22,AGG,102.88999938964844,102.95999908447266,102.52999877929688,102.6500015258789,62.90107727050781,450600
2009-07-23,AGG,102.73999786376953,102.73999786376953,102.23999786376953,102.38999938964844,62.74168395996094,564500
2009-07-24,AGG,102.19999694824219,102.55000305175781,102.11000061035156,102.38999938964844,62.74168395996094,579900
2009-07-27,AGG,102.0,102.37000274658203,101.8499984741211,102.08000183105469,62.55177307128906,883400
2009-07-28,AGG,102.01000213623047,102.52999877929688,102.01000213623047,102.2699966430664,62.66822052001953,674500
2009-07-29,AGG,102.55999755859375,102.68000030517578,102.16000366210938,102.44999694824219,62.77850341796875,451400
2009-07-30,AGG,102.27999877929688,102.69999694824219,102.20999908447266,102.58000183105469,62.858177185058594,1108700
2009-07-31,AGG,102.94999694824219,103.33000183105469,102.75,103.0999984741211,63.176788330078125,1058900
2009-08-03,AGG,102.77999877929688,102.79000091552734,102.30999755859375,102.55000305175781,63.04399871826172,716600
2009-08-04,AGG,102.79000091552734,102.86000061035156,102.13999938964844,102.23999786376953,62.85342788696289,629900
2009-08-05,AGG,102.33000183105469,102.33000183105469,102.0,102.1500015258789,62.798126220703125,608200
2009-08-06,AGG,102.19999694824219,102.3499984741211,102.02999877929688,102.19999694824219,62.828853607177734,564300
2009-08-07,AGG,101.70999908447266,102.08999633789062,101.36000061035156,101.58999633789062,62.45384216308594,1076900
2009-08-10,AGG,102.04000091552734,102.43000030517578,101.66000366210938,102.37999725341797,62.939491271972656,920700
2009-08-11,AGG,102.62999725341797,102.75,102.44000244140625,102.73999786376953,63.16080093383789,741400
2009-08-12,AGG,102.77999877929688,102.81999969482422,102.31999969482422,102.69000244140625,63.13008117675781,672100
2009-08-13,AGG,102.76000213623047,103.16999816894531,102.62000274658203,102.94999694824219,63.28990936279297,523700
2009-08-14,AGG,103.16999816894531,103.44000244140625,103.0199966430664,103.12999725341797,63.400577545166016,453600
2009-08-17,AGG,103.33000183105469,103.58999633789062,103.04000091552734,103.55999755859375,63.66493606567383,631300
2009-08-18,AGG,103.41999816894531,103.55000305175781,103.22000122070312,103.22000122070312,63.45589065551758,442400
2009-08-19,AGG,103.33000183105469,103.5999984741211,103.20999908447266,103.43000030517578,63.58499526977539,486900
2009-08-20,AGG,103.5199966430664,103.61000061035156,100.22000122070312,103.5999984741211,63.68950271606445,596600
2009-08-21,AGG,103.62999725341797,103.66000366210938,103.0,103.0,63.32067108154297,504900
2009-08-24,AGG,103.0999984741211,103.55999755859375,102.94999694824219,103.41999816894531,63.57887268066406,434400
2009-08-25,AGG,103.22000122070312,103.69999694824219,103.22000122070312,103.58999633789062,63.683345794677734,477400
2009-08-26,AGG,103.68000030517578,103.83999633789062,103.61000061035156,103.73999786376953,63.77554702758789,692400
2009-08-27,AGG,103.5,103.7300033569336,103.41999816894531,103.66000366210938,63.72639846801758,487300
2009-08-28,AGG,103.48999786376953,103.87000274658203,103.43000030517578,103.58999633789062,63.683345794677734,503600
2009-08-31,AGG,103.75,104.0199966430664,103.69999694824219,104.0199966430664,63.94771957397461,809600
2009-09-01,AGG,103.55999755859375,103.80999755859375,103.36000061035156,103.51000213623047,63.83795928955078,816200
2009-09-02,AGG,103.66000366210938,104.18000030517578,103.51000213623047,104.05999755859375,64.17717742919922,843200
2009-09-03,AGG,103.83000183105469,104.02999877929688,103.66000366210938,103.87000274658203,64.06000518798828,750900
2009-09-04,AGG,103.8499984741211,103.95999908447266,103.58999633789062,103.66999816894531,63.936607360839844,542300
2009-09-08,AGG,103.55000305175781,103.79000091552734,103.5199966430664,103.5199966430664,63.84410095214844,473500
2009-09-09,AGG,103.4800033569336,103.79000091552734,103.41000366210938,103.72000122070312,63.96749496459961,605800
2009-09-10,AGG,103.87000274658203,104.33999633789062,103.72000122070312,104.25,64.29438018798828,567200
2009-09-11,AGG,104.30999755859375,104.47000122070312,104.13999938964844,104.23999786376953,64.28811645507812,447500
2009-09-14,AGG,104.0,104.37999725341797,104.0,104.08999633789062,64.19566345214844,375400
2009-09-15,AGG,103.95999908447266,104.16000366210938,103.9000015258789,103.93000030517578,64.09699249267578,471600
2009-09-16,AGG,104.11000061035156,104.13999938964844,103.88999938964844,104.01000213623047,64.14631652832031,594600
2009-09-17,AGG,104.06999969482422,104.5,103.98999786376953,104.5,64.44850158691406,468400
2009-09-18,AGG,104.25,104.38999938964844,104.12000274658203,104.23999786376953,64.28811645507812,470300
2009-09-21,AGG,104.19999694824219,104.38999938964844,104.08999633789062,104.16000366210938,64.23880004882812,433600
2009-09-22,AGG,104.02999877929688,104.31999969482422,104.02999877929688,104.08999633789062,64.19566345214844,567000
2009-09-23,AGG,104.13999938964844,104.38999938964844,104.0,104.3499984741211,64.35601043701172,616700
2009-09-24,AGG,104.38999938964844,104.58999633789062,104.33000183105469,104.4800033569336,64.43614959716797,459200
2009-09-25,AGG,104.55999755859375,104.79000091552734,104.47000122070312,104.79000091552734,64.62738037109375,512100
2009-09-28,AGG,104.7300033569336,104.83000183105469,104.58999633789062,104.77999877929688,64.62117767333984,610400
2009-09-29,AGG,104.66999816894531,104.8499984741211,104.52999877929688,104.7300033569336,64.59034729003906,937700
2009-09-30,AGG,104.6500015258789,104.91999816894531,104.63999938964844,104.91999816894531,64.70751190185547,818800
2009-10-01,AGG,104.63999938964844,104.83999633789062,104.4000015258789,104.81999969482422,64.8572769165039,784700
2009-10-02,AGG,105.01000213623047,107.94999694824219,104.52999877929688,104.62000274658203,64.73350524902344,683700
2009-10-05,AGG,104.81999969482422,104.94999694824219,104.6500015258789,104.69000244140625,64.77685546875,666900
2009-10-06,AGG,104.79000091552734,104.81999969482422,104.54000091552734,104.54000091552734,64.68402099609375,509000
2009-10-07,AGG,104.86000061035156,105.05999755859375,104.77999877929688,104.95999908447266,64.9438705444336,531500
2009-10-08,AGG,105.0999984741211,105.12000274658203,104.68000030517578,104.88999938964844,64.90056610107422,512000
2009-10-09,AGG,104.68000030517578,104.70999908447266,104.1500015258789,104.16000366210938,64.4488754272461,567500
2009-10-12,AGG,104.43000030517578,104.45999908447266,104.19999694824219,104.4000015258789,64.59736633300781,417000
2009-10-13,AGG,104.55999755859375,104.68000030517578,104.45999908447266,104.66000366210938,64.75824737548828,380200
2009-10-14,AGG,104.29000091552734,104.54000091552734,104.29000091552734,104.41000366210938,64.60359191894531,491400
2009-10-15,AGG,104.2300033569336,104.31999969482422,104.02999877929688,104.25,64.5046157836914,727700
2009-10-16,AGG,104.18000030517578,104.33000183105469,104.08000183105469,104.23999786376953,64.49833679199219,458700
2009-10-19,AGG,104.30999755859375,104.44999694824219,104.02999877929688,104.44999694824219,64.62837219238281,455500
2009-10-20,AGG,104.55999755859375,104.69999694824219,104.51000213623047,104.69999694824219,64.78296661376953,473300
2009-10-21,AGG,104.52999877929688,104.62999725341797,104.27999877929688,104.62999725341797,64.73968505859375,460500
2009-10-22,AGG,104.4000015258789,104.54000091552734,104.30000305175781,104.47000122070312,64.64073181152344,518700
2009-10-23,AGG,104.33000183105469,104.44999694824219,104.23999786376953,104.33999633789062,64.56024169921875,677300
2009-10-26,AGG,104.27999877929688,104.47000122070312,104.02999877929688,104.05999755859375,64.38703918457031,470500
2009-10-27,AGG,104.20999908447266,104.52999877929688,104.0999984741211,104.47000122070312,64.64073181152344,420100
2009-10-28,AGG,104.4800033569336,104.66000366210938,104.33000183105469,104.62000274658203,64.73350524902344,651700
2009-10-29,AGG,104.52999877929688,104.56999969482422,104.29000091552734,104.41000366210938,64.60359191894531,590400
2009-10-30,AGG,104.5,104.83999633789062,104.45999908447266,104.80999755859375,64.85110473632812,515200
2009-11-02,AGG,104.55000305175781,104.5999984741211,104.23999786376953,104.31999969482422,64.748046875,1036700
2009-11-03,AGG,104.4000015258789,104.51000213623047,104.16999816894531,104.18000030517578,64.66114807128906,684600
2009-11-04,AGG,104.23999786376953,104.41000366210938,104.01000213623047,104.01000213623047,64.5556640625,490700
2009-11-05,AGG,104.0,104.33000183105469,103.69999694824219,104.27999877929688,64.7232666015625,899100
2009-11-06,AGG,104.23999786376953,104.45999908447266,104.18000030517578,104.37000274658203,64.77913665771484,435500
2009-11-09,AGG,104.44999694824219,104.56999969482422,104.3499984741211,104.51000213623047,64.865966796875,509400
2009-11-10,AGG,104.5999984741211,104.68000030517578,104.41000366210938,104.54000091552734,64.88455200195312,464500
2009-11-11,AGG,104.5,104.80999755859375,104.45999908447266,104.58000183105469,64.90945434570312,509800
2009-11-12,AGG,104.5199966430664,104.79000091552734,104.33999633789062,104.79000091552734,65.03978729248047,507000
2009-11-13,AGG,104.7699966430664,104.9000015258789,104.58000183105469,104.9000015258789,65.10807800292969,408000
2009-11-16,AGG,104.81999969482422,105.29000091552734,104.81999969482422,105.1500015258789,65.26323699951172,479900
2009-11-17,AGG,105.05999755859375,105.23999786376953,105.0,105.23999786376953,65.31905364990234,681400
2009-11-18,AGG,105.19000244140625,105.36000061035156,104.9000015258789,105.0199966430664,65.18252563476562,528100
2009-11-19,AGG,105.18000030517578,105.23999786376953,104.98999786376953,105.12999725341797,65.25079345703125,393600
2009-11-20,AGG,105.16000366210938,105.19999694824219,105.02999877929688,105.16999816894531,65.27560424804688,422500
2009-11-23,AGG,105.05000305175781,105.16999816894531,104.91999816894531,105.1500015258789,65.26323699951172,470600
2009-11-24,AGG,105.26000213623047,105.45999908447266,105.02999877929688,105.45999908447266,65.45565032958984,508000
2009-11-25,AGG,105.41000366210938,105.55999755859375,105.29000091552734,105.55999755859375,65.5177001953125,418200
2009-11-27,AGG,105.30999755859375,105.6500015258789,105.30000305175781,105.6500015258789,65.57353210449219,182500
2009-11-30,AGG,105.62999725341797,105.83000183105469,105.33999633789062,105.83000183105469,65.68525695800781,632700
2009-12-01,AGG,105.3499984741211,105.41999816894531,105.16999816894531,105.22000122070312,65.52519226074219,788800
2009-12-02,AGG,105.19000244140625,105.30000305175781,104.94000244140625,105.0199966430664,65.40068817138672,480300
2009-12-03,AGG,104.94999694824219,105.02999877929688,104.7699966430664,105.02999877929688,65.40689849853516,744800
2009-12-04,AGG,104.66999816894531,104.9000015258789,104.47000122070312,104.81999969482422,65.2761001586914,1243100
2009-12-07,AGG,104.86000061035156,105.0,104.75,104.91999816894531,65.3384017944336,558200
2009-12-08,AGG,105.1500015258789,105.27999877929688,105.02999877929688,105.05999755859375,65.42554473876953,708300
2009-12-09,AGG,105.0999984741211,105.19999694824219,104.9000015258789,104.94999694824219,65.35710906982422,455200
2009-12-10,AGG,104.87000274658203,104.94999694824219,104.70999908447266,104.87000274658203,65.30719757080078,533100
2009-12-11,AGG,104.73999786376953,104.76000213623047,104.55999755859375,104.62000274658203,65.15157318115234,517200
2009-12-14,AGG,104.81999969482422,104.83000183105469,104.63999938964844,104.68000030517578,65.18893432617188,423300
2009-12-15,AGG,104.44999694824219,104.55999755859375,104.36000061035156,104.38999938964844,65.00833129882812,475200
2009-12-16,AGG,104.51000213623047,104.72000122070312,104.5,104.58000183105469,65.12664794921875,519000
2009-12-17,AGG,104.80000305175781,104.8499984741211,104.62000274658203,104.75,65.23252868652344,481700
2009-12-18,AGG,104.81999969482422,105.0,104.73999786376953,104.75,65.23252868652344,525900
2009-12-21,AGG,104.66999816894531,104.69999694824219,104.29000091552734,104.30999755859375,64.9585189819336,628500
2009-12-22,AGG,104.12999725341797,104.16999816894531,103.87999725341797,104.01000213623047,64.77169799804688,609400
2009-12-23,AGG,104.08000183105469,104.19999694824219,104.0,104.05000305175781,64.79661560058594,589100
2009-12-24,AGG,103.87999725341797,103.98999786376953,103.7300033569336,103.87000274658203,64.68457794189453,388700
2009-12-28,AGG,103.7699966430664,103.9000015258789,103.19999694824219,103.23999786376953,64.29216766357422,3458400
2009-12-29,AGG,103.11000061035156,103.19999694824219,103.0,103.05999755859375,64.36837768554688,833800
2009-12-30,AGG,103.30000305175781,103.31999969482422,103.08000183105469,103.31999969482422,64.5307846069336,532000
2009-12-31,AGG,103.04000091552734,103.30000305175781,102.77999877929688,103.19000244140625,64.44955444335938,651800
2010-01-04,AGG,103.2699966430664,103.41000366210938,103.1500015258789,103.30999755859375,64.52454376220703,987900
2010-01-05,AGG,103.62000274658203,103.81999969482422,103.5199966430664,103.77999877929688,64.81808471679688,500500
2010-01-06,AGG,103.81999969482422,103.81999969482422,103.41000366210938,103.72000122070312,64.78060150146484,714300
2010-01-07,AGG,103.66000366210938,103.70999908447266,103.47000122070312,103.5999984741211,64.70564270019531,705700
2010-01-08,AGG,103.87000274658203,103.87000274658203,103.54000091552734,103.66000366210938,64.74317169189453,412300
2010-01-11,AGG,103.6500015258789,103.72000122070312,103.51000213623047,103.58000183105469,64.69313049316406,684400
2010-01-12,AGG,103.87000274658203,104.23999786376953,103.81999969482422,104.23999786376953,65.1053695678711,1818500
2010-01-13,AGG,104.08999633789062,104.16999816894531,103.79000091552734,103.80000305175781,64.83056640625,530900
2010-01-14,AGG,103.97000122070312,104.18000030517578,103.87000274658203,104.06999969482422,64.99917602539062,498600
2010-01-15,AGG,104.30000305175781,104.4000015258789,104.18000030517578,104.2699966430664,65.1240463256836,575300
2010-01-19,AGG,104.19999694824219,104.26000213623047,104.0,104.0999984741211,65.0179443359375,754800
2010-01-20,AGG,104.2699966430664,104.4000015258789,104.19999694824219,104.37000274658203,65.18658447265625,614200
2010-01-21,AGG,104.37000274658203,104.6500015258789,104.2699966430664,104.4000015258789,65.20526885986328,540200
2010-01-22,AGG,104.37999725341797,104.63999938964844,104.3499984741211,104.45999908447266,65.24279022216797,426600
2010-01-25,AGG,104.48999786376953,104.48999786376953,104.26000213623047,104.44999694824219,65.23651123046875,514200
2010-01-26,AGG,104.6500015258789,104.70999908447266,104.47000122070312,104.58000183105469,65.31771850585938,1288200
2010-01-27,AGG,104.47000122070312,104.70999908447266,104.43000030517578,104.5,65.26775360107422,618300
2010-01-28,AGG,104.4000015258789,104.55999755859375,104.33999633789062,104.41000366210938,65.21149444580078,640300
2010-01-29,AGG,104.33999633789062,104.72000122070312,104.31999969482422,104.6500015258789,65.3614273071289,748600
2010-02-01,AGG,104.36000061035156,104.4000015258789,104.12999725341797,104.18000030517578,65.27186584472656,501300
2010-02-02,AGG,104.19999694824219,104.33000183105469,104.19000244140625,104.30000305175781,65.34703063964844,619000
2010-02-03,AGG,104.13999938964844,104.25,103.88999938964844,104.11000061035156,65.2280502319336,2040600
2010-02-04,AGG,104.27999877929688,104.5199966430664,104.22000122070312,104.36000061035156,65.38461303710938,595300
2010-02-05,AGG,104.43000030517578,104.73999786376953,104.27999877929688,104.4000015258789,65.40965270996094,777600
2010-02-08,AGG,104.51000213623047,104.5999984741211,104.33000183105469,104.5999984741211,65.53496551513672,658400
2010-02-09,AGG,104.41000366210938,104.63999938964844,104.3499984741211,104.41000366210938,65.41590118408203,707100
2010-02-10,AGG,104.41999816894531,104.47000122070312,104.04000091552734,104.16999816894531,65.26559448242188,458300
2010-02-11,AGG,104.04000091552734,104.0999984741211,103.81999969482422,104.0,65.15906524658203,547400
2010-02-12,AGG,104.23999786376953,104.26000213623047,104.0199966430664,104.0199966430664,65.17162322998047,506100
2010-02-16,AGG,104.02999877929688,104.33000183105469,103.97000122070312,104.27999877929688,65.33451843261719,592800
2010-02-17,AGG,104.23999786376953,104.26000213623047,103.91000366210938,103.95999908447266,65.13400268554688,509200
2010-02-18,AGG,103.98999786376953,104.0999984741211,103.75,103.91999816894531,65.10894012451172,400100
2010-02-19,AGG,103.75,104.0,103.69000244140625,104.0,65.15906524658203,501500
2010-02-22,AGG,103.87999725341797,104.01000213623047,103.77999877929688,103.81999969482422,65.04632568359375,1120700
2010-02-23,AGG,103.91999816894531,104.25,103.91999816894531,104.19000244140625,65.27806854248047,539400
2010-02-24,AGG,104.30999755859375,104.41000366210938,104.16999816894531,104.30000305175781,65.34703063964844,542100
2010-02-25,AGG,104.45999908447266,104.51000213623047,104.2300033569336,104.51000213623047,65.47859191894531,658800
2010-02-26,AGG,104.5,104.6500015258789,104.5,104.52999877929688,65.49114990234375,658600
2010-03-01,AGG,104.3499984741211,104.4800033569336,104.25,104.36000061035156,65.58731079101562,618000
2010-03-02,AGG,104.29000091552734,104.44999694824219,104.29000091552734,104.4000015258789,65.61238861083984,661200
2010-03-03,AGG,104.30000305175781,104.44999694824219,104.29000091552734,104.4000015258789,65.61238861083984,492600
2010-03-04,AGG,104.33999633789062,104.62999725341797,104.33999633789062,104.58999633789062,65.73184967041016,782700
2010-03-05,AGG,104.5,104.5,104.25,104.38999938964844,65.60612487792969,1057500
2010-03-08,AGG,104.38999938964844,104.47000122070312,104.30000305175781,104.45999908447266,65.6501693725586,1827100
2010-03-09,AGG,104.62000274658203,104.63999938964844,104.4800033569336,104.58000183105469,65.72557830810547,1140200
2010-03-10,AGG,104.37999725341797,104.51000213623047,104.37999725341797,104.51000213623047,65.68155670166016,512000
2010-03-11,AGG,104.47000122070312,104.5999984741211,104.41999816894531,104.51000213623047,65.68155670166016,540000
2010-03-12,AGG,104.48999786376953,104.62999725341797,104.4000015258789,104.5199966430664,65.68781280517578,854200
2010-03-15,AGG,104.62000274658203,104.66000366210938,104.5,104.6500015258789,65.76953887939453,832600
2010-03-16,AGG,104.63999938964844,104.88999938964844,104.58999633789062,104.83999633789062,65.88896179199219,507700
2010-03-17,AGG,104.80000305175781,104.97000122070312,104.80000305175781,104.91999816894531,65.93924713134766,662100
2010-03-18,AGG,104.91000366210938,104.91999816894531,104.79000091552734,104.83000183105469,65.88267517089844,618200
2010-03-19,AGG,104.75,104.8499984741211,104.69999694824219,104.75,65.8323745727539,388600
2010-03-22,AGG,104.87000274658203,104.91000366210938,104.75,104.83000183105469,65.88267517089844,526700
2010-03-23,AGG,104.79000091552734,104.94000244140625,104.79000091552734,104.8499984741211,65.89521026611328,725700
2010-03-24,AGG,104.66999816894531,104.66999816894531,104.22000122070312,104.31999969482422,65.56218719482422,602700
2010-03-25,AGG,104.2300033569336,104.23999786376953,103.86000061035156,104.05000305175781,65.39247131347656,1416700
2010-03-26,AGG,103.97000122070312,104.25,103.95999908447266,104.22000122070312,65.49932098388672,1251100
2010-03-29,AGG,104.25,104.25,104.04000091552734,104.0999984741211,65.42391967773438,480000
2010-03-30,AGG,104.12000274658203,104.19999694824219,104.0199966430664,104.13999938964844,65.44903564453125,460500
2010-03-31,AGG,104.16999816894531,104.33999633789062,104.1500015258789,104.19999694824219,65.48674774169922,808300
2010-04-01,AGG,103.81999969482422,103.93000030517578,103.72000122070312,103.83999633789062,65.46216583251953,1386100
2010-04-05,AGG,103.58999633789062,103.58999633789062,103.12999725341797,103.19999694824219,65.05867004394531,849300
2010-04-06,AGG,103.27999877929688,103.47000122070312,103.27999877929688,103.33000183105469,65.14070892333984,934800
2010-04-07,AGG,103.4000015258789,103.7699966430664,103.4000015258789,103.7699966430664,65.41802978515625,746600
2010-04-08,AGG,103.91000366210938,103.94000244140625,103.63999938964844,103.66999816894531,65.35496520996094,406700
2010-04-09,AGG,103.70999908447266,103.81999969482422,103.5999984741211,103.77999877929688,65.42427062988281,414200
2010-04-12,AGG,103.91000366210938,104.04000091552734,103.80000305175781,104.0199966430664,65.57563018798828,476500
2010-04-13,AGG,104.12000274658203,104.22000122070312,104.05000305175781,104.19000244140625,65.68281555175781,680900
2010-04-14,AGG,104.1500015258789,104.25,103.97000122070312,104.06999969482422,65.6071548461914,513500
2010-04-15,AGG,104.04000091552734,104.2699966430664,103.88999938964844,104.26000213623047,65.72693634033203,837700
2010-04-16,AGG,104.30000305175781,104.5,104.22000122070312,104.41999816894531,65.82780456542969,479300
2010-04-19,AGG,104.41000366210938,104.5,104.20999908447266,104.2300033569336,65.70802307128906,769500
2010-04-20,AGG,104.2300033569336,104.4000015258789,104.19999694824219,104.4000015258789,65.8152084350586,652200
2010-04-21,AGG,104.4000015258789,104.58000183105469,104.31999969482422,104.58000183105469,65.92866516113281,747600
2010-04-22,AGG,104.55000305175781,104.6500015258789,104.29000091552734,104.37000274658203,65.79630279541016,221600
2010-04-23,AGG,104.19999694824219,104.29000091552734,104.12999725341797,104.23999786376953,65.71430969238281,481000
2010-04-26,AGG,104.30000305175781,104.37999725341797,104.19999694824219,104.2300033569336,65.70802307128906,587100
2010-04-27,AGG,104.37000274658203,104.72000122070312,104.3499984741211,104.55999755859375,65.9160385131836,950900
2010-04-28,AGG,104.41000366210938,104.55999755859375,104.30000305175781,104.4000015258789,65.8152084350586,929600
2010-04-29,AGG,104.41999816894531,104.52999877929688,104.33000183105469,104.44000244140625,65.84037017822266,662300
2010-04-30,AGG,104.48999786376953,104.94999694824219,104.48999786376953,104.88999938964844,66.12408447265625,920200
2010-05-03,AGG,104.4000015258789,104.48999786376953,104.25,104.37999725341797,65.9989013671875,638600
2010-05-04,AGG,104.73999786376953,104.81999969482422,104.55999755859375,104.80000305175781,66.26445770263672,690200
2010-05-05,AGG,104.88999938964844,105.0,104.72000122070312,104.72000122070312,66.21387481689453,662400
2010-05-06,AGG,104.91000366210938,105.58999633789062,104.72000122070312,104.87000274658203,66.3087158203125,1366600
2010-05-07,AGG,105.0999984741211,105.5,104.4000015258789,104.41000366210938,66.01788330078125,1415400
2010-05-10,AGG,104.41999816894531,104.62000274658203,104.33999633789062,104.4000015258789,66.0115737915039,1173600
2010-05-11,AGG,104.80000305175781,104.80000305175781,104.44999694824219,104.79000091552734,66.25816345214844,417500
2010-05-12,AGG,104.66999816894531,104.79000091552734,104.56999969482422,104.68000030517578,66.18856811523438,426600
2010-05-13,AGG,104.87999725341797,104.91999816894531,104.66000366210938,104.83000183105469,66.283447265625,352700
2010-05-14,AGG,105.16999816894531,105.36000061035156,104.9800033569336,105.20999908447266,66.52366638183594,585600
2010-05-17,AGG,105.12999725341797,105.48999786376953,105.05000305175781,105.12999725341797,66.4731216430664,312900
2010-05-18,AGG,105.27999877929688,105.54000091552734,105.16000366210938,105.48999786376953,66.70076751708984,572400
2010-05-19,AGG,105.5199966430664,105.62999725341797,105.33999633789062,105.54000091552734,66.73235321044922,577300
2010-05-20,AGG,105.76000213623047,105.83000183105469,105.30000305175781,105.44999694824219,66.67543029785156,876900
2010-05-21,AGG,105.76000213623047,105.97000122070312,105.55999755859375,105.9000015258789,66.96001434326172,1048200
2010-05-24,AGG,105.9000015258789,106.0,105.81999969482422,105.83999633789062,66.92205047607422,1322700
2010-05-25,AGG,106.0999984741211,106.2699966430664,105.93000030517578,105.97000122070312,67.00431060791016,1154700
2010-05-26,AGG,105.91000366210938,105.94000244140625,105.69999694824219,105.8499984741211,66.92835998535156,886400
2010-05-27,AGG,105.66999816894531,105.66999816894531,105.37000274658203,105.5999984741211,66.77030944824219,1072500
2010-05-28,AGG,105.58000183105469,105.80999755859375,105.56999969482422,105.70999908447266,66.83983612060547,658900
2010-06-01,AGG,105.33000183105469,105.61000061035156,105.29000091552734,105.55999755859375,66.95023345947266,1717500
2010-06-02,AGG,105.58999633789062,105.62999725341797,105.44000244140625,105.44999694824219,66.88045501708984,1241600
2010-06-03,AGG,105.31999969482422,105.51000213623047,105.2300033569336,105.4000015258789,66.8487777709961,1231300
2010-06-04,AGG,105.66999816894531,105.81999969482422,105.51000213623047,105.66999816894531,67.01996612548828,1365400
2010-06-07,AGG,105.56999969482422,105.98999786376953,105.56999969482422,105.9800033569336,67.21659851074219,417100
2010-06-08,AGG,105.95999908447266,106.04000091552734,105.86000061035156,105.86000061035156,67.14051055908203,636400
2010-06-09,AGG,105.80000305175781,105.95999908447266,105.66999816894531,105.91999816894531,67.17852020263672,539000
2010-06-10,AGG,105.76000213623047,105.83000183105469,105.55000305175781,105.5999984741211,66.97561645507812,649200
2010-06-11,AGG,105.63999938964844,105.88999938964844,105.56999969482422,105.66000366210938,67.01361846923828,442000
2010-06-14,AGG,105.63999938964844,105.80999755859375,105.45999908447266,105.80999755859375,67.1087875366211,600200
2010-06-15,AGG,105.86000061035156,105.94999694824219,105.6500015258789,105.80999755859375,67.1087875366211,882800
2010-06-16,AGG,105.72000122070312,105.98999786376953,105.72000122070312,105.97000122070312,67.21028900146484,654100
2010-06-17,AGG,105.94999694824219,106.3499984741211,105.94999694824219,106.22000122070312,67.36885070800781,776100
2010-06-18,AGG,106.33999633789062,106.33999633789062,106.02999877929688,106.05000305175781,67.26102447509766,634000
2010-06-21,AGG,105.97000122070312,106.27999877929688,105.81999969482422,106.27999877929688,67.40684509277344,696100
2010-06-22,AGG,106.27999877929688,106.45999908447266,106.12999725341797,106.38999938964844,67.47660064697266,560100
2010-06-23,AGG,106.3499984741211,106.73999786376953,106.3499984741211,106.66000366210938,67.64786529541016,334200
2010-06-24,AGG,106.80000305175781,106.87999725341797,106.48999786376953,106.56999969482422,67.5907974243164,812300
2010-06-25,AGG,106.47000122070312,106.79000091552734,106.47000122070312,106.72000122070312,67.68592834472656,513800
2010-06-28,AGG,106.97000122070312,107.0,106.80999755859375,106.91999816894531,67.81278991699219,529600
2010-06-29,AGG,107.16999816894531,107.26000213623047,106.9800033569336,107.23999786376953,68.01569366455078,469000
2010-06-30,AGG,107.31999969482422,107.3499984741211,107.04000091552734,107.25,68.02203369140625,1050800
2010-07-01,AGG,107.01000213623047,107.12000274658203,106.79000091552734,106.87999725341797,67.98644256591797,744800
2010-07-02,AGG,106.69000244140625,106.88999938964844,106.68000030517578,106.7300033569336,67.89102935791016,586100
2010-07-06,AGG,106.8499984741211,107.0999984741211,106.75,107.05999755859375,68.1009292602539,553200
2010-07-07,AGG,107.12999725341797,107.1500015258789,106.9000015258789,106.91999816894531,68.01187896728516,1011200
2010-07-08,AGG,106.81999969482422,106.9800033569336,106.66999816894531,106.9000015258789,67.99915313720703,622100
2010-07-09,AGG,106.66999816894531,106.91000366210938,106.66999816894531,106.73999786376953,67.89739990234375,490600
2010-07-12,AGG,106.9000015258789,107.0,106.80000305175781,106.86000061035156,67.97371673583984,323500
2010-07-13,AGG,106.86000061035156,106.87000274658203,106.58000183105469,106.58999633789062,67.80199432373047,402300
2010-07-14,AGG,106.73999786376953,106.9800033569336,106.7300033569336,106.94999694824219,68.03097534179688,786900
2010-07-15,AGG,107.05999755859375,107.23999786376953,106.97000122070312,107.0999984741211,68.1263656616211,1254100
2010-07-16,AGG,107.29000091552734,107.48999786376953,107.19999694824219,107.43000030517578,68.33628845214844,386100
2010-07-19,AGG,107.37999725341797,107.47000122070312,107.26000213623047,107.33000183105469,68.27267456054688,425600
2010-07-20,AGG,107.4000015258789,107.5,107.23999786376953,107.25,68.2218017578125,616900
2010-07-21,AGG,107.26000213623047,107.75,107.26000213623047,107.72000122070312,68.52079010009766,518400
2010-07-22,AGG,107.62999725341797,107.62999725341797,107.48999786376953,107.62000274658203,68.4571304321289,920000
2010-07-23,AGG,107.63999938964844,107.63999938964844,107.29000091552734,107.43000030517578,68.33628845214844,708800
2010-07-26,AGG,107.47000122070312,107.47000122070312,107.23999786376953,107.41000366210938,68.32357025146484,836300
2010-07-27,AGG,107.38999938964844,107.48999786376953,107.31999969482422,107.37000274658203,68.29814147949219,516900
2010-07-28,AGG,107.37000274658203,107.61000061035156,107.36000061035156,107.56999969482422,68.42535400390625,495000
2010-07-29,AGG,107.44000244140625,107.66999816894531,107.4000015258789,107.66999816894531,68.48899841308594,444800
2010-07-30,AGG,107.94000244140625,107.95999908447266,107.72000122070312,107.8499984741211,68.60346984863281,937100
2010-08-02,AGG,107.48999786376953,107.55999755859375,107.31999969482422,107.41000366210938,68.51033782958984,1532400
2010-08-03,AGG,107.55999755859375,107.62999725341797,107.41999816894531,107.4800033569336,68.55496215820312,1150000
2010-08-04,AGG,107.4800033569336,107.58000183105469,107.1500015258789,107.29000091552734,68.43379211425781,981700
2010-08-05,AGG,107.43000030517578,107.48999786376953,107.27999877929688,107.41999816894531,68.51673889160156,972200
2010-08-06,AGG,107.66999816894531,107.73999786376953,107.4800033569336,107.62999725341797,68.6506576538086,809200
2010-08-09,AGG,107.66000366210938,107.68000030517578,107.52999877929688,107.62999725341797,68.6506576538086,506900
2010-08-10,AGG,107.62999725341797,107.91999816894531,107.55999755859375,107.80999755859375,68.76542663574219,571900
2010-08-11,AGG,107.91000366210938,107.95999908447266,107.79000091552734,107.91000366210938,68.82929992675781,682300
2010-08-12,AGG,107.93000030517578,107.9800033569336,107.66999816894531,107.73999786376953,68.72078704833984,671600
2010-08-13,AGG,107.7699966430664,108.0,107.66999816894531,107.98999786376953,68.88028717041016,580300
2010-08-16,AGG,108.33000183105469,108.37000274658203,108.20999908447266,108.3499984741211,69.10992431640625,773200
2010-08-17,AGG,108.23999786376953,108.26000213623047,108.11000061035156,108.22000122070312,69.02696228027344,513500
2010-08-18,AGG,108.33999633789062,108.33999633789062,108.05000305175781,108.0999984741211,68.9504623413086,558300
2010-08-19,AGG,108.11000061035156,108.5,108.08000183105469,108.44999694824219,69.17373657226562,469500
2010-08-20,AGG,108.41000366210938,108.43000030517578,108.19000244140625,108.30000305175781,69.07801055908203,665300
2010-08-23,AGG,108.30999755859375,108.41000366210938,108.19999694824219,108.41000366210938,69.14820098876953,479900
2010-08-24,AGG,108.56999969482422,108.86000061035156,108.37999725341797,108.83999633789062,69.42247009277344,834000
2010-08-25,AGG,108.95999908447266,109.08999633789062,108.55000305175781,108.58999633789062,69.26301574707031,486000
2010-08-26,AGG,108.62999725341797,108.94000244140625,108.55999755859375,108.7300033569336,69.352294921875,1177900
2010-08-27,AGG,108.5999984741211,108.83000183105469,108.12000274658203,108.12999725341797,68.9696044921875,475500
2010-08-30,AGG,108.4800033569336,108.86000061035156,108.33000183105469,108.86000061035156,69.43521881103516,429900
2010-08-31,AGG,108.8499984741211,108.98999786376953,108.73999786376953,108.94000244140625,69.48625946044922,737700
2010-09-01,AGG,108.41999816894531,108.55000305175781,108.06999969482422,108.41000366210938,69.33789825439453,976100
2010-09-02,AGG,108.25,108.27999877929688,108.0999984741211,108.2699966430664,69.2483139038086,1217500
2010-09-03,AGG,107.9000015258789,108.08000183105469,107.77999877929688,108.0199966430664,69.08837127685547,856000
2010-09-07,AGG,108.13999938964844,108.43000030517578,108.08999633789062,108.33000183105469,69.28670501708984,512400
2010-09-08,AGG,108.19999694824219,108.33999633789062,108.13999938964844,108.25,69.23548889160156,819800
2010-09-09,AGG,108.0,108.08000183105469,107.69999694824219,107.7300033569336,68.90292358398438,769800
2010-09-10,AGG,107.62000274658203,107.72000122070312,107.4800033569336,107.5,68.75585174560547,770900
2010-09-13,AGG,107.5199966430664,107.83000183105469,107.47000122070312,107.73999786376953,68.9093017578125,1044100
2010-09-14,AGG,107.81999969482422,108.13999938964844,107.7699966430664,108.12999725341797,69.15877532958984,792300
2010-09-15,AGG,108.0,108.16999816894531,107.87999725341797,107.93000030517578,69.0307846069336,813500
2010-09-16,AGG,107.79000091552734,107.88999938964844,107.55999755859375,107.75,68.91571807861328,691600
2010-09-17,AGG,107.73999786376953,108.0,107.73999786376953,107.88999938964844,69.00526428222656,719400
2010-09-20,AGG,107.8499984741211,108.0,107.7699966430664,107.93000030517578,69.0307846069336,717000
2010-09-21,AGG,108.01000213623047,108.45999908447266,107.98999786376953,108.38999938964844,69.3250961303711,497200
2010-09-22,AGG,108.47000122070312,108.62000274658203,108.36000061035156,108.41999816894531,69.34423065185547,652900
2010-09-23,AGG,108.66000366210938,108.66000366210938,108.4000015258789,108.54000091552734,69.42098236083984,837200
2010-09-24,AGG,108.36000061035156,108.4000015258789,108.12999725341797,108.13999938964844,69.16520690917969,1116600
2010-09-27,AGG,108.38999938964844,108.58000183105469,108.30000305175781,108.51000213623047,69.40182495117188,956800
2010-09-28,AGG,108.48999786376953,108.87000274658203,108.48999786376953,108.7699966430664,69.56808471679688,980300
2010-09-29,AGG,108.72000122070312,108.80000305175781,108.5999984741211,108.69000244140625,69.5169448852539,833500
2010-09-30,AGG,108.63999938964844,108.69999694824219,108.29000091552734,108.6500015258789,69.4913330078125,2628600
2010-10-01,AGG,108.26000213623047,108.37000274658203,108.13999938964844,108.26000213623047,69.41122436523438,1366700
2010-10-04,AGG,108.29000091552734,108.51000213623047,108.26000213623047,108.44000244140625,69.52659606933594,772100
2010-10-05,AGG,108.61000061035156,108.61000061035156,108.37999725341797,108.44000244140625,69.52659606933594,758500
2010-10-06,AGG,108.66999816894531,108.7699966430664,108.54000091552734,108.55000305175781,69.5971450805664,1041900
2010-10-07,AGG,108.69000244140625,108.7300033569336,108.55999755859375,108.5999984741211,69.6292495727539,962900
2010-10-08,AGG,108.91000366210938,108.93000030517578,108.76000213623047,108.81999969482422,69.7702407836914,604500
2010-10-11,AGG,108.81999969482422,108.8499984741211,108.72000122070312,108.76000213623047,69.73173522949219,434600
2010-10-12,AGG,108.81999969482422,108.9000015258789,108.5999984741211,108.6500015258789,69.66127014160156,573300
2010-10-13,AGG,108.69999694824219,108.72000122070312,108.44999694824219,108.63999938964844,69.65485382080078,984200
2010-10-14,AGG,108.62000274658203,108.66999816894531,108.19999694824219,108.23999786376953,69.39837646484375,1091800
2010-10-15,AGG,108.20999908447266,108.2300033569336,107.97000122070312,108.0199966430664,69.25732421875,882600
2010-10-18,AGG,108.25,108.47000122070312,108.16999816894531,108.4000015258789,69.5009994506836,755700
2010-10-19,AGG,108.30000305175781,108.62000274658203,108.25,108.48999786376953,69.55866241455078,607200
2010-10-20,AGG,108.48999786376953,108.72000122070312,108.41000366210938,108.62000274658203,69.64202117919922,849500
2010-10-21,AGG,108.58000183105469,108.66000366210938,108.44999694824219,108.44999694824219,69.53305053710938,507100
2010-10-22,AGG,108.44999694824219,108.56999969482422,108.41000366210938,108.5,69.56509399414062,551400
2010-10-25,AGG,108.80000305175781,108.80000305175781,108.48999786376953,108.51000213623047,69.57150268554688,723500
2010-10-26,AGG,108.37999725341797,108.41000366210938,108.19999694824219,108.26000213623047,69.41122436523438,433200
2010-10-27,AGG,108.1500015258789,108.3499984741211,108.0199966430664,108.05000305175781,69.27660369873047,587900
2010-10-28,AGG,108.1500015258789,108.3499984741211,108.1500015258789,108.31999969482422,69.44965362548828,505300
2010-10-29,AGG,108.44999694824219,108.55000305175781,108.36000061035156,108.55000305175781,69.5971450805664,963600
2010-11-01,AGG,108.37999725341797,108.48999786376953,108.12000274658203,108.2300033569336,69.5688247680664,737100
2010-11-02,AGG,108.47000122070312,108.47000122070312,108.33000183105469,108.41999816894531,69.69095611572266,1052600
2010-11-03,AGG,108.61000061035156,108.81999969482422,108.29000091552734,108.4000015258789,69.67816162109375,462600
2010-11-04,AGG,108.75,108.98999786376953,108.66999816894531,108.91999816894531,70.01238250732422,626100
2010-11-05,AGG,108.62000274658203,108.75,108.5199966430664,108.62000274658203,69.81954193115234,1150200
2010-11-08,AGG,108.61000061035156,108.75,108.54000091552734,108.56999969482422,69.78740692138672,370500
2010-11-09,AGG,108.55000305175781,108.5999984741211,108.0,108.04000091552734,69.44671630859375,686800
2010-11-10,AGG,108.02999877929688,108.13999938964844,107.62000274658203,107.94999694824219,69.38888549804688,910100
2010-11-11,AGG,107.94999694824219,108.0,107.80999755859375,107.94000244140625,69.38243865966797,425100
2010-11-12,AGG,107.80000305175781,107.94000244140625,107.51000213623047,107.51000213623047,69.10604095458984,759500
2010-11-15,AGG,107.30000305175781,107.4000015258789,106.88999938964844,106.91999816894531,68.726806640625,2020300
2010-11-16,AGG,107.01000213623047,107.20999908447266,106.68000030517578,107.18000030517578,68.89389038085938,1459500
2010-11-17,AGG,107.33000183105469,107.47000122070312,107.1500015258789,107.20999908447266,68.91323852539062,822500
2010-11-18,AGG,107.08000183105469,107.19999694824219,106.93000030517578,107.18000030517578,68.89389038085938,916100
2010-11-19,AGG,107.22000122070312,107.37000274658203,107.19000244140625,107.30000305175781,68.97103118896484,658200
2010-11-22,AGG,107.44000244140625,107.61000061035156,107.44000244140625,107.55999755859375,69.13818359375,512200
2010-11-23,AGG,107.83999633789062,107.88999938964844,107.66999816894531,107.66999816894531,69.2088623046875,412300
2010-11-24,AGG,107.5,107.5199966430664,107.13999938964844,107.1500015258789,68.87464141845703,740700
2010-11-26,AGG,107.2300033569336,107.41999816894531,107.22000122070312,107.37000274658203,69.01605224609375,134200
2010-11-29,AGG,107.58999633789062,107.58999633789062,107.3499984741211,107.44000244140625,69.06108856201172,658900
2010-11-30,AGG,107.73999786376953,107.73999786376953,107.33000183105469,107.37000274658203,69.01605224609375,767900
2010-12-01,AGG,106.55999755859375,106.55999755859375,106.25,106.26000213623047,68.65614318847656,950600
2010-12-02,AGG,106.31999969482422,106.3499984741211,106.04000091552734,106.05000305175781,68.52042388916016,1124900
2010-12-03,AGG,106.44000244140625,106.5,106.12000274658203,106.26000213623047,68.65614318847656,660000
2010-12-06,AGG,106.44999694824219,106.6500015258789,106.4000015258789,106.6500015258789,68.9081802368164,2606200
2010-12-07,AGG,106.26000213623047,106.33000183105469,105.68000030517578,105.81999969482422,68.37191009521484,1214600
2010-12-08,AGG,105.55000305175781,105.55000305175781,104.93000030517578,105.30999755859375,68.0423355102539,1856200
2010-12-09,AGG,105.4800033569336,105.62999725341797,105.2699966430664,105.5,68.16507720947266,805800
2010-12-10,AGG,105.48999786376953,105.48999786376953,105.20999908447266,105.30000305175781,68.03590393066406,1217500
2010-12-13,AGG,105.06999969482422,105.4800033569336,104.97000122070312,105.37000274658203,68.08112335205078,1813000
2010-12-14,AGG,105.16000366210938,105.27999877929688,104.5999984741211,104.77999877929688,67.69988250732422,941200
2010-12-15,AGG,104.86000061035156,104.98999786376953,104.36000061035156,104.5999984741211,67.5836410522461,1357500
2010-12-16,AGG,104.5,104.83999633789062,104.30000305175781,104.80000305175781,67.71285247802734,1647800
2010-12-17,AGG,104.83000183105469,105.41000366210938,104.83000183105469,105.37000274658203,68.08112335205078,1579300
2010-12-20,AGG,105.41000366210938,105.66999816894531,105.26000213623047,105.44000244140625,68.12635040283203,930100
2010-12-21,AGG,105.48999786376953,105.6500015258789,105.37999725341797,105.63999938964844,68.25558471679688,1520300
2010-12-22,AGG,105.70999908447266,105.70999908447266,105.4000015258789,105.5199966430664,68.17800903320312,669500
2010-12-23,AGG,105.41000366210938,105.44000244140625,105.25,105.31999969482422,68.04886627197266,1285800
2010-12-27,AGG,105.36000061035156,105.68000030517578,105.16000366210938,105.62000274658203,68.24264526367188,686600
2010-12-28,AGG,105.16000366210938,105.27999877929688,104.66000366210938,104.66000366210938,67.8433609008789,709000
2010-12-29,AGG,104.70999908447266,105.47000122070312,104.68000030517578,105.4000015258789,68.32304382324219,487100
2010-12-30,AGG,105.27999877929688,105.38999938964844,105.0999984741211,105.31999969482422,68.27118682861328,780500
2010-12-31,AGG,105.37999725341797,105.75,105.37000274658203,105.75,68.54995727539062,551600
2011-01-03,AGG,105.4000015258789,105.68000030517578,105.30000305175781,105.62999725341797,68.47212219238281,739700
2011-01-04,AGG,105.68000030517578,105.7699966430664,105.5,105.66000366210938,68.4915771484375,625500
2011-01-05,AGG,105.27999877929688,105.36000061035156,104.94000244140625,105.1500015258789,68.1609878540039,864200
2011-01-06,AGG,105.30999755859375,105.30999755859375,105.11000061035156,105.16999816894531,68.17394256591797,2032600
2011-01-07,AGG,105.30999755859375,105.61000061035156,105.18000030517578,105.51000213623047,68.39435577392578,968500
2011-01-10,AGG,105.58999633789062,105.79000091552734,105.55000305175781,105.79000091552734,68.57585144042969,566000
2011-01-11,AGG,105.80999755859375,105.80999755859375,105.44000244140625,105.58000183105469,68.43975067138672,620800
2011-01-12,AGG,105.48999786376953,105.5999984741211,105.30999755859375,105.56999969482422,68.43326568603516,562400
2011-01-13,AGG,105.43000030517578,105.94999694824219,105.41999816894531,105.94999694824219,68.67957305908203,943500
2011-01-14,AGG,105.98999786376953,106.0,105.7300033569336,105.7300033569336,68.53693389892578,751900
2011-01-18,AGG,105.69000244140625,105.73999786376953,105.45999908447266,105.66000366210938,68.4915771484375,445200
2011-01-19,AGG,105.55999755859375,105.76000213623047,105.52999877929688,105.68000030517578,68.5045394897461,912100
2011-01-20,AGG,105.51000213623047,105.58000183105469,105.19999694824219,105.27999877929688,68.2452621459961,846300
2011-01-21,AGG,105.25,105.61000061035156,105.23999786376953,105.61000061035156,68.45923614501953,578200
2011-01-24,AGG,105.48999786376953,105.69000244140625,105.48999786376953,105.55000305175781,68.4202880859375,535300
2011-01-25,AGG,105.56999969482422,105.93000030517578,105.4800033569336,105.87999725341797,68.63417053222656,483400
2011-01-26,AGG,105.73999786376953,105.77999877929688,105.51000213623047,105.52999877929688,68.40730285644531,568400
2011-01-27,AGG,105.63999938964844,105.75,105.5199966430664,105.70999908447266,68.52395629882812,598500
2011-01-28,AGG,105.5999984741211,105.97000122070312,105.58000183105469,105.86000061035156,68.62120819091797,783100
2011-01-31,AGG,105.8499984741211,105.94000244140625,105.58999633789062,105.66000366210938,68.4915771484375,1691500
2011-02-01,AGG,105.25,105.26000213623047,105.02999877929688,105.12000274658203,68.3459243774414,700500
2011-02-02,AGG,105.1500015258789,105.2300033569336,104.87999725341797,105.0,68.2679214477539,513000
2011-02-03,AGG,104.79000091552734,104.87000274658203,104.61000061035156,104.61000061035156,68.01435852050781,912300
2011-02-04,AGG,104.47000122070312,104.62999725341797,104.19999694824219,104.26000213623047,67.78678131103516,1116600
2011-02-07,AGG,104.16999816894531,104.33000183105469,104.11000061035156,104.30000305175781,67.81275939941406,604700
2011-02-08,AGG,104.30999755859375,104.31999969482422,103.91000366210938,104.0,67.61779022216797,741000
2011-02-09,AGG,104.04000091552734,104.31999969482422,103.93000030517578,104.19000244140625,67.74121856689453,518100
2011-02-10,AGG,104.11000061035156,104.16999816894531,103.8499984741211,103.88999938964844,67.54621887207031,520800
2011-02-11,AGG,104.30999755859375,104.36000061035156,104.06999969482422,104.30000305175781,67.81275939941406,797200
2011-02-14,AGG,104.20999908447266,104.44999694824219,104.20999908447266,104.3499984741211,67.8453140258789,1024900
2011-02-15,AGG,104.3499984741211,104.48999786376953,104.31999969482422,104.4800033569336,67.9298324584961,513500
2011-02-16,AGG,104.4800033569336,104.6500015258789,104.4000015258789,104.4800033569336,67.9298324584961,474800
2011-02-17,AGG,104.69999694824219,104.81999969482422,104.66000366210938,104.7300033569336,68.0924072265625,606300
2011-02-18,AGG,104.56999969482422,104.72000122070312,104.5,104.69000244140625,68.06636810302734,694400
2011-02-22,AGG,104.80999755859375,105.13999938964844,104.80000305175781,105.06999969482422,68.31346130371094,1033400
2011-02-23,AGG,105.19999694824219,105.29000091552734,105.04000091552734,105.1500015258789,68.36544036865234,707000
2011-02-24,AGG,105.23999786376953,105.33999633789062,105.16000366210938,105.16999816894531,68.37843322753906,1135300
2011-02-25,AGG,105.2699966430664,105.47000122070312,105.25,105.44999694824219,68.5604476928711,542000
2011-02-28,AGG,105.52999877929688,105.6500015258789,105.45999908447266,105.6500015258789,68.6905288696289,558200
2011-03-01,AGG,105.0999984741211,105.37999725341797,105.05000305175781,105.27999877929688,68.6351089477539,735700
2011-03-02,AGG,105.30999755859375,105.38999938964844,105.08999633789062,105.11000061035156,68.52429962158203,506200
2011-03-03,AGG,104.91000366210938,104.91999816894531,104.68000030517578,104.73999786376953,68.28307342529297,618700
2011-03-04,AGG,104.88999938964844,105.11000061035156,104.8499984741211,105.0199966430664,68.4655990600586,761700
2011-03-07,AGG,104.94000244140625,105.22000122070312,104.80999755859375,105.06999969482422,68.49822235107422,621200
2011-03-08,AGG,104.94999694824219,105.06999969482422,104.9000015258789,104.98999786376953,68.44601440429688,527200
2011-03-09,AGG,105.05000305175781,105.37000274658203,104.95999908447266,105.23999786376953,68.60906219482422,590600
2011-03-10,AGG,105.41000366210938,105.66000366210938,105.27999877929688,105.61000061035156,68.85026550292969,467900
2011-03-11,AGG,105.63999938964844,105.73999786376953,105.51000213623047,105.62999725341797,68.86332702636719,473800
2011-03-14,AGG,105.81999969482422,105.9800033569336,105.69000244140625,105.69000244140625,68.90242767333984,415900
2011-03-15,AGG,106.0,106.05999755859375,105.70999908447266,105.7300033569336,68.92852020263672,672500
2011-03-16,AGG,105.95999908447266,106.54000091552734,105.86000061035156,106.02999877929688,69.12408447265625,1012200
2011-03-17,AGG,105.87000274658203,106.08000183105469,105.73999786376953,105.95999908447266,69.07844543457031,584800
2011-03-18,AGG,105.80999755859375,105.95999908447266,105.7300033569336,105.91999816894531,69.05236053466797,382900
2011-03-21,AGG,105.87000274658203,105.87999725341797,105.55000305175781,105.66999816894531,68.88937377929688,460900
2011-03-22,AGG,105.55999755859375,105.7300033569336,105.54000091552734,105.68000030517578,68.89590454101562,604800
2011-03-23,AGG,105.83000183105469,105.8499984741211,105.58000183105469,105.62999725341797,68.86332702636719,472300
2011-03-24,AGG,105.45999908447266,105.52999877929688,105.27999877929688,105.33999633789062,68.67423248291016,1570000
2011-03-25,AGG,105.52999877929688,105.52999877929688,105.18000030517578,105.25,68.61560821533203,811200
2011-03-28,AGG,105.12999725341797,105.26000213623047,105.08000183105469,105.19999694824219,68.58295440673828,1443600
2011-03-29,AGG,105.12000274658203,105.30999755859375,105.02999877929688,105.06999969482422,68.49822235107422,538100
2011-03-30,AGG,105.16999816894531,105.30000305175781,105.0999984741211,105.25,68.61560821533203,791500
2011-03-31,AGG,105.37000274658203,105.4000015258789,105.12999725341797,105.12999725341797,68.53732299804688,1014400
2011-04-01,AGG,104.70999908447266,105.02999877929688,104.68000030517578,104.95999908447266,68.63079071044922,983700
2011-04-04,AGG,105.02999877929688,105.25,105.0199966430664,105.12999725341797,68.7419662475586,517500
2011-04-05,AGG,105.08999633789062,105.11000061035156,104.8499984741211,104.91000366210938,68.59815979003906,801900
2011-04-06,AGG,104.9000015258789,104.91000366210938,104.5999984741211,104.5999984741211,68.3954086303711,980400
2011-04-07,AGG,104.69000244140625,104.91999816894531,104.66000366210938,104.76000213623047,68.50009155273438,681700
2011-04-08,AGG,104.62000274658203,104.69000244140625,104.52999877929688,104.55999755859375,68.3692626953125,392900
2011-04-11,AGG,104.5999984741211,104.75,104.55000305175781,104.66000366210938,68.43465423583984,387000
2011-04-12,AGG,104.83000183105469,105.12000274658203,104.83000183105469,105.05999755859375,68.69617462158203,563000
2011-04-13,AGG,104.88999938964844,105.2300033569336,104.88999938964844,105.16999816894531,68.76815032958984,531500
2011-04-14,AGG,105.19000244140625,105.26000213623047,105.06999969482422,105.06999969482422,68.7027816772461,654100
2011-04-15,AGG,105.30999755859375,105.51000213623047,105.30999755859375,105.44999694824219,68.95123291015625,391100
2011-04-18,AGG,105.48999786376953,105.76000213623047,105.43000030517578,105.62999725341797,69.06896209716797,720400
2011-04-19,AGG,105.80999755859375,105.87999725341797,105.75,105.83999633789062,69.2061996459961,470800
2011-04-20,AGG,105.75,105.83000183105469,105.63999938964844,105.69000244140625,69.10820770263672,388800
2011-04-21,AGG,105.69999694824219,105.83000183105469,105.66999816894531,105.76000213623047,69.15397644042969,447800
2011-04-25,AGG,105.75,105.91999816894531,105.69999694824219,105.81999969482422,69.19316864013672,541700
2011-04-26,AGG,105.91000366210938,106.20999908447266,105.91000366210938,106.20999908447266,69.44815826416016,569700
2011-04-27,AGG,106.0199966430664,106.1500015258789,105.87000274658203,106.12000274658203,69.38929748535156,473300
2011-04-28,AGG,106.27999877929688,106.38999938964844,106.16999816894531,106.37000274658203,69.55279541015625,573100
2011-04-29,AGG,106.23999786376953,106.48999786376953,106.23999786376953,106.45999908447266,69.61161041259766,499000
2011-05-02,AGG,106.20999908447266,106.23999786376953,106.04000091552734,106.19999694824219,69.64844512939453,613500
2011-05-03,AGG,106.26000213623047,106.33999633789062,106.1500015258789,106.2300033569336,69.66807556152344,485900
2011-05-04,AGG,106.22000122070312,106.44000244140625,106.22000122070312,106.43000030517578,69.79917907714844,659200
2011-05-05,AGG,106.47000122070312,106.72000122070312,106.47000122070312,106.66999816894531,69.95662689208984,800700
2011-05-06,AGG,106.55999755859375,106.83000183105469,106.43000030517578,106.66000366210938,69.9500732421875,1020900
2011-05-09,AGG,106.69000244140625,106.81999969482422,106.69000244140625,106.77999877929688,70.02876281738281,502200
2011-05-10,AGG,106.6500015258789,106.7300033569336,106.54000091552734,106.58999633789062,69.90414428710938,536100
2011-05-11,AGG,106.5,106.80999755859375,106.5,106.77999877929688,70.02876281738281,538800
2011-05-12,AGG,106.72000122070312,106.80999755859375,106.52999877929688,106.62000274658203,69.92375946044922,767000
2011-05-13,AGG,106.73999786376953,106.98999786376953,106.69999694824219,106.79000091552734,70.03531646728516,312700
2011-05-16,AGG,106.80000305175781,107.06999969482422,106.77999877929688,107.0199966430664,70.18614196777344,678100
2011-05-17,AGG,107.11000061035156,107.20999908447266,107.05999755859375,107.13999938964844,70.26484680175781,683500
2011-05-18,AGG,107.0999984741211,107.1500015258789,106.9000015258789,106.97000122070312,70.1533203125,618600
2011-05-19,AGG,106.68000030517578,106.94999694824219,106.63999938964844,106.88999938964844,70.10088348388672,632800
2011-05-20,AGG,106.94000244140625,107.04000091552734,106.91000366210938,106.98999786376953,70.16646575927734,938500
2011-05-23,AGG,107.19000244140625,107.2300033569336,107.06999969482422,107.08000183105469,70.22550964355469,804100
2011-05-24,AGG,107.02999877929688,107.16999816894531,106.9800033569336,107.12000274658203,70.25172424316406,579400
2011-05-25,AGG,107.0999984741211,107.23999786376953,107.05999755859375,107.0999984741211,70.2386245727539,543400
2011-05-26,AGG,107.16000366210938,107.38999938964844,107.11000061035156,107.33000183105469,70.38945770263672,861600
2011-05-27,AGG,107.38999938964844,107.51000213623047,107.33000183105469,107.43000030517578,70.45503997802734,509700
2011-05-31,AGG,107.31999969482422,107.62000274658203,107.27999877929688,107.45999908447266,70.47472381591797,1047300
2011-06-01,AGG,107.30999755859375,107.62999725341797,107.30999755859375,107.61000061035156,70.77922058105469,1139400
2011-06-02,AGG,107.30999755859375,107.47000122070312,107.16999816894531,107.18000030517578,70.49642181396484,666600
2011-06-03,AGG,107.52999877929688,107.52999877929688,107.16999816894531,107.31999969482422,70.58848571777344,522300
2011-06-06,AGG,107.2300033569336,107.43000030517578,107.18000030517578,107.33999633789062,70.60163879394531,1477400
2011-06-07,AGG,107.23999786376953,107.55999755859375,107.18000030517578,107.55999755859375,70.74634552001953,1737600
2011-06-08,AGG,107.54000091552734,107.80000305175781,107.54000091552734,107.6500015258789,70.80552673339844,1085200
2011-06-09,AGG,107.5999984741211,107.66000366210938,107.38999938964844,107.48999786376953,70.70033264160156,646500
2011-06-10,AGG,107.52999877929688,107.6500015258789,107.38999938964844,107.4800033569336,70.6937255859375,1160500
2011-06-13,AGG,107.36000061035156,107.61000061035156,107.30999755859375,107.33999633789062,70.60163879394531,956000
2011-06-14,AGG,107.1500015258789,107.18000030517578,107.0199966430664,107.05000305175781,70.41093444824219,1199000
2011-06-15,AGG,107.08000183105469,107.47000122070312,107.05999755859375,107.31999969482422,70.58848571777344,1395500
2011-06-16,AGG,107.4000015258789,107.56999969482422,107.37000274658203,107.38999938964844,70.63452911376953,1211900
2011-06-17,AGG,107.44000244140625,107.51000213623047,107.33999633789062,107.48999786376953,70.70033264160156,871300
2011-06-20,AGG,107.5199966430664,107.5199966430664,107.29000091552734,107.3499984741211,70.60822296142578,731900
2011-06-21,AGG,107.25,107.47000122070312,107.2300033569336,107.44999694824219,70.67401123046875,803600
2011-06-22,AGG,107.5,107.55999755859375,107.23999786376953,107.37999725341797,70.62796020507812,897800
2011-06-23,AGG,107.55000305175781,107.80000305175781,107.52999877929688,107.7300033569336,70.85820007324219,2735300
2011-06-24,AGG,107.62999725341797,107.87999725341797,107.62000274658203,107.62999725341797,70.79244995117188,1084100
2011-06-27,AGG,107.69999694824219,107.69999694824219,107.36000061035156,107.44000244140625,70.66744995117188,730600
2011-06-28,AGG,107.33999633789062,107.37999725341797,106.94999694824219,107.01000213623047,70.38456726074219,1038500
2011-06-29,AGG,107.02999877929688,107.08999633789062,106.68000030517578,106.69000244140625,70.1740951538086,2533800
2011-06-30,AGG,106.87000274658203,106.91000366210938,106.4000015258789,106.66999816894531,70.16098022460938,1295600
2011-07-01,AGG,106.5,106.54000091552734,106.2699966430664,106.4000015258789,70.18341827392578,1970000
2011-07-05,AGG,106.56999969482422,106.81999969482422,106.56999969482422,106.80999755859375,70.45381164550781,799200
2011-07-06,AGG,106.79000091552734,106.93000030517578,106.76000213623047,106.87000274658203,70.49343872070312,774600
2011-07-07,AGG,106.62999725341797,106.66999816894531,106.44999694824219,106.56999969482422,70.29554748535156,1291600
2011-07-08,AGG,106.9800033569336,107.19999694824219,106.93000030517578,107.12000274658203,70.65830993652344,682800
2011-07-11,AGG,107.33999633789062,107.54000091552734,107.25,107.41000366210938,70.84963989257812,615000
2011-07-12,AGG,107.51000213623047,107.61000061035156,107.33000183105469,107.5,70.90900421142578,681500
2011-07-13,AGG,107.43000030517578,107.72000122070312,107.4000015258789,107.70999908447266,71.04747009277344,508400
2011-07-14,AGG,107.56999969482422,107.70999908447266,107.41999816894531,107.44000244140625,70.86942291259766,1724900
2011-07-15,AGG,107.38999938964844,107.69000244140625,107.31999969482422,107.58999633789062,70.96833801269531,638300
2011-07-18,AGG,107.56999969482422,107.6500015258789,107.37999725341797,107.43000030517578,70.86277770996094,641600
2011-07-19,AGG,107.37000274658203,107.66000366210938,107.33000183105469,107.66000366210938,71.01454162597656,780100
2011-07-20,AGG,107.55000305175781,107.80000305175781,107.47000122070312,107.48999786376953,70.90240478515625,627300
2011-07-21,AGG,107.36000061035156,107.47000122070312,107.16999816894531,107.31999969482422,70.79023742675781,839200
2011-07-22,AGG,107.41000366210938,107.56999969482422,107.38999938964844,107.55000305175781,70.94196319580078,458000
2011-07-25,AGG,107.29000091552734,107.55999755859375,107.20999908447266,107.23999786376953,70.73751068115234,1154600
2011-07-26,AGG,107.3499984741211,107.58999633789062,107.30999755859375,107.48999786376953,70.90240478515625,832200
2011-07-27,AGG,107.33999633789062,107.51000213623047,107.25,107.30999755859375,70.78362274169922,662700
2011-07-28,AGG,107.51000213623047,107.62999725341797,107.41000366210938,107.5199966430664,70.92218017578125,823600
2011-07-29,AGG,107.80000305175781,108.19999694824219,107.69999694824219,108.16000366210938,71.34432220458984,1400700
2011-08-01,AGG,107.83999633789062,108.2300033569336,107.81999969482422,108.12000274658203,71.51628112792969,1300600
2011-08-02,AGG,108.29000091552734,108.66999816894531,108.13999938964844,108.58000183105469,71.82057189941406,1010600
2011-08-03,AGG,108.69000244140625,108.94999694824219,108.61000061035156,108.69000244140625,71.89334869384766,1237500
2011-08-04,AGG,108.80000305175781,109.37000274658203,108.76000213623047,109.2699966430664,72.27696228027344,1585700
2011-08-05,AGG,108.97000122070312,109.26000213623047,108.41999816894531,108.55000305175781,71.80075073242188,2184400
2011-08-08,AGG,108.68000030517578,108.80000305175781,108.51000213623047,108.5999984741211,71.83381652832031,2068500
2011-08-09,AGG,108.5999984741211,109.97000122070312,108.44999694824219,109.23999786376953,72.25708770751953,1642600
2011-08-10,AGG,109.75,110.16999816894531,109.63999938964844,110.12999725341797,72.84580993652344,1102400
2011-08-11,AGG,109.94000244140625,109.94000244140625,108.7300033569336,108.76000213623047,71.93963623046875,2596300
2011-08-12,AGG,109.16000366210938,109.55999755859375,108.93000030517578,109.23999786376953,72.25708770751953,2472300
2011-08-15,AGG,109.52999877929688,109.56999969482422,109.25,109.41000366210938,72.36959838867188,1034200
2011-08-16,AGG,109.29000091552734,109.76000213623047,109.29000091552734,109.63999938964844,72.52169799804688,900100
2011-08-17,AGG,109.7300033569336,109.97000122070312,109.5,109.81999969482422,72.64080810546875,1119500
2011-08-18,AGG,110.23999786376953,110.5,109.9000015258789,109.9800033569336,72.7466049194336,954300
2011-08-19,AGG,109.9800033569336,110.05999755859375,109.80999755859375,110.02999877929688,72.7796859741211,1271800
2011-08-22,AGG,109.81999969482422,109.9800033569336,109.72000122070312,109.88999938964844,72.68704223632812,761800
2011-08-23,AGG,109.72000122070312,109.72000122070312,109.5,109.62999725341797,72.51509857177734,757100
2011-08-24,AGG,109.5,109.51000213623047,108.93000030517578,109.01000213623047,72.10494995117188,663300
2011-08-25,AGG,109.13999938964844,109.33000183105469,109.02999877929688,109.2300033569336,72.25054168701172,647100
2011-08-26,AGG,109.5199966430664,109.58000183105469,109.19000244140625,109.37999725341797,72.3497085571289,674700
2011-08-29,AGG,109.16000366210938,109.2699966430664,109.08000183105469,109.26000213623047,72.27032470703125,1150700
2011-08-30,AGG,109.55000305175781,109.7699966430664,109.41999816894531,109.5999984741211,72.49524688720703,1108200
2011-08-31,AGG,109.77999877929688,109.87999725341797,109.48999786376953,109.5,72.4291000366211,2444400
2011-09-01,AGG,109.47000122070312,109.69000244140625,109.16000366210938,109.62000274658203,72.66241455078125,1541600
2011-09-02,AGG,109.97000122070312,110.16000366210938,109.80000305175781,109.94999694824219,72.88117218017578,923900
2011-09-06,AGG,110.41000366210938,110.41000366210938,110.19000244140625,110.23999786376953,73.07337951660156,1104100
2011-09-07,AGG,110.05999755859375,110.12000274658203,109.8499984741211,109.9800033569336,72.90108489990234,919500
2011-09-08,AGG,110.16000366210938,110.16999816894531,109.86000061035156,110.01000213623047,72.92090606689453,1169400
2011-09-09,AGG,110.05999755859375,110.2699966430664,109.9800033569336,110.16000366210938,73.0203857421875,809700
2011-09-12,AGG,110.19000244140625,110.19000244140625,109.83999633789062,109.94000244140625,72.87448120117188,1038000
2011-09-13,AGG,110.04000091552734,110.05999755859375,109.8499984741211,109.9800033569336,72.90108489990234,701400
2011-09-14,AGG,109.9000015258789,110.11000061035156,109.86000061035156,110.0,72.9143295288086,1065300
2011-09-15,AGG,109.83999633789062,109.91999816894531,109.68000030517578,109.68000030517578,72.70219421386719,1046700
2011-09-16,AGG,109.66999816894531,109.83999633789062,109.54000091552734,109.83999633789062,72.8082504272461,885700
2011-09-19,AGG,110.18000030517578,110.25,110.05000305175781,110.08000183105469,72.96736145019531,786500
2011-09-20,AGG,110.25,110.30000305175781,110.08000183105469,110.30000305175781,73.1131362915039,701600
2011-09-21,AGG,110.2699966430664,110.52999877929688,110.08000183105469,110.4800033569336,73.23248291015625,1242900
2011-09-22,AGG,110.79000091552734,111.02999877929688,110.63999938964844,110.80000305175781,73.44459533691406,875000
2011-09-23,AGG,110.93000030517578,110.93000030517578,110.20999908447266,110.2300033569336,73.0667724609375,1113400
2011-09-26,AGG,110.13999938964844,110.27999877929688,109.91000366210938,109.9800033569336,72.90108489990234,1158800
2011-09-27,AGG,109.72000122070312,109.8499984741211,109.61000061035156,109.83000183105469,72.8016357421875,1287400
2011-09-28,AGG,109.79000091552734,109.80000305175781,109.5199966430664,109.73999786376953,72.7419662475586,850400
2011-09-29,AGG,109.63999938964844,109.87000274658203,109.55999755859375,109.69999694824219,72.71544647216797,825000
2011-09-30,AGG,110.0,110.22000122070312,109.86000061035156,110.11000061035156,72.98721313476562,1020700
2011-10-03,AGG,110.11000061035156,110.38999938964844,109.94000244140625,110.33999633789062,73.28543853759766,2372400
2011-10-04,AGG,110.43000030517578,110.52999877929688,109.98999786376953,110.0,73.05965423583984,1351400
2011-10-05,AGG,109.9000015258789,109.93000030517578,109.5999984741211,109.62999725341797,72.81390380859375,1499100
2011-10-06,AGG,109.62000274658203,109.7300033569336,109.38999938964844,109.44999694824219,72.69434356689453,1022500
2011-10-07,AGG,109.2300033569336,109.37000274658203,109.02999877929688,109.2300033569336,72.54820251464844,1513800
2011-10-10,AGG,109.16000366210938,109.2300033569336,108.69999694824219,109.01000213623047,72.40209197998047,711500
2011-10-11,AGG,109.08000183105469,109.29000091552734,108.95999908447266,109.2699966430664,72.57474517822266,2155000
2011-10-12,AGG,108.88999938964844,109.16000366210938,108.81999969482422,109.05999755859375,72.43529510498047,1120800
2011-10-13,AGG,109.16999816894531,109.31999969482422,108.93000030517578,109.12000274658203,72.47516632080078,939600
2011-10-14,AGG,108.77999877929688,109.0999984741211,108.77999877929688,108.94000244140625,72.35563659667969,587500
2011-10-17,AGG,109.01000213623047,109.37000274658203,109.0,109.37000274658203,72.64119720458984,826700
2011-10-18,AGG,109.31999969482422,109.54000091552734,109.12000274658203,109.25,72.5615005493164,958800
2011-10-19,AGG,109.2699966430664,109.56999969482422,109.16000366210938,109.41000366210938,72.66780090332031,780200
2011-10-20,AGG,109.37999725341797,109.62999725341797,109.20999908447266,109.3499984741211,72.62791442871094,860800
2011-10-21,AGG,109.45999908447266,109.52999877929688,109.23999786376953,109.41000366210938,72.66780090332031,555300
2011-10-24,AGG,109.45999908447266,109.45999908447266,109.16000366210938,109.23999786376953,72.5548324584961,867600
2011-10-25,AGG,109.33000183105469,109.80999755859375,109.26000213623047,109.80000305175781,72.92681884765625,1478200
2011-10-26,AGG,109.58999633789062,109.7699966430664,109.38999938964844,109.5,72.72754669189453,664200
2011-10-27,AGG,109.38999938964844,109.41999816894531,108.91000366210938,109.08000183105469,72.44860076904297,960200
2011-10-28,AGG,109.16999816894531,109.54000091552734,109.1500015258789,109.51000213623047,72.73424530029297,979100
2011-10-31,AGG,109.83000183105469,110.02999877929688,109.7300033569336,110.02999877929688,73.0795669555664,1747000
2011-11-01,AGG,109.9000015258789,110.29000091552734,109.8499984741211,110.2699966430664,73.4305191040039,1443700
2011-11-02,AGG,109.97000122070312,110.33999633789062,109.91999816894531,110.2699966430664,73.4305191040039,732400
2011-11-03,AGG,109.97000122070312,110.18000030517578,109.87999725341797,110.02999877929688,73.27066040039062,1116000
2011-11-04,AGG,110.02999877929688,110.19999694824219,109.95999908447266,110.0,73.25069427490234,2040100
2011-11-07,AGG,109.98999786376953,110.33999633789062,109.97000122070312,110.08999633789062,73.3106689453125,745300
2011-11-08,AGG,109.94999694824219,110.18000030517578,109.8499984741211,109.94000244140625,73.210693359375,949300
2011-11-09,AGG,110.16999816894531,110.33999633789062,110.0199966430664,110.12999725341797,73.3372802734375,780000
2011-11-10,AGG,109.9000015258789,110.16000366210938,109.66999816894531,109.91999816894531,73.19743347167969,1307800
2011-11-11,AGG,109.80000305175781,109.87000274658203,109.69000244140625,109.79000091552734,73.11087036132812,1803400
2011-11-14,AGG,109.95999908447266,110.01000213623047,109.75,109.87999725341797,73.17078399658203,1189600
2011-11-15,AGG,109.86000061035156,109.93000030517578,109.58999633789062,109.73999786376953,73.07752990722656,787800
2011-11-16,AGG,109.9800033569336,109.98999786376953,109.5999984741211,109.69999694824219,73.05093383789062,1213100
2011-11-17,AGG,109.66000366210938,109.8499984741211,109.5,109.63999938964844,73.01091003417969,1670000
2011-11-18,AGG,109.7300033569336,109.7300033569336,109.44000244140625,109.62000274658203,72.99767303466797,805700
2011-11-21,AGG,109.76000213623047,109.77999877929688,109.56999969482422,109.5999984741211,72.98429870605469,838800
2011-11-22,AGG,109.55999755859375,109.75,109.43000030517578,109.68000030517578,73.03760528564453,1051000
2011-11-23,AGG,109.5999984741211,109.94000244140625,109.54000091552734,109.77999877929688,73.10420989990234,865500
2011-11-25,AGG,109.79000091552734,109.86000061035156,109.58000183105469,109.62999725341797,73.00435638427734,764800
2011-11-28,AGG,109.37000274658203,109.66999816894531,109.23999786376953,109.62000274658203,72.99767303466797,1726100
2011-11-29,AGG,109.48999786376953,109.70999908447266,109.2699966430664,109.66000366210938,73.02426147460938,1718500
2011-11-30,AGG,109.58999633789062,109.61000061035156,109.2699966430664,109.37999725341797,72.83782196044922,1280300
2011-12-01,AGG,108.80000305175781,108.97000122070312,108.5999984741211,108.83999633789062,72.86329650878906,1831000
2011-12-02,AGG,108.80999755859375,109.20999908447266,108.76000213623047,109.12000274658203,73.05070495605469,917500
2011-12-05,AGG,108.98999786376953,109.23999786376953,108.9000015258789,109.23999786376953,73.13105010986328,1063700
2011-12-06,AGG,109.11000061035156,109.20999908447266,108.86000061035156,109.13999938964844,73.06409454345703,1105300
2011-12-07,AGG,109.22000122070312,109.43000030517578,109.05999755859375,109.33999633789062,73.197998046875,691000
2011-12-08,AGG,109.30000305175781,109.58000183105469,109.2699966430664,109.44999694824219,73.2716293334961,1228900
2011-12-09,AGG,109.43000030517578,109.58000183105469,109.26000213623047,109.38999938964844,73.23145294189453,934900
2011-12-12,AGG,109.47000122070312,109.62999725341797,109.41000366210938,109.41999816894531,73.2515640258789,1220900
2011-12-13,AGG,109.43000030517578,109.77999877929688,109.37999725341797,109.63999938964844,73.39881134033203,1468000
2011-12-14,AGG,109.79000091552734,110.04000091552734,109.7300033569336,109.91000366210938,73.57959747314453,928500
2011-12-15,AGG,109.86000061035156,109.95999908447266,109.58999633789062,109.68000030517578,73.42561340332031,3769300
2011-12-16,AGG,109.87999725341797,110.12000274658203,109.83999633789062,110.05000305175781,73.67330932617188,1182000
2011-12-19,AGG,110.05000305175781,110.2300033569336,109.95999908447266,110.16000366210938,73.7469711303711,1123700
2011-12-20,AGG,110.05999755859375,110.19999694824219,109.97000122070312,110.01000213623047,73.64651489257812,2779500
2011-12-21,AGG,109.98999786376953,110.02999877929688,109.69000244140625,109.7300033569336,73.45912170410156,930000
2011-12-22,AGG,109.9000015258789,109.94000244140625,109.77999877929688,109.9000015258789,73.57290649414062,1465900
2011-12-23,AGG,109.70999908447266,109.83000183105469,109.45999908447266,109.7699966430664,73.48587036132812,679700
2011-12-27,AGG,109.69999694824219,109.94000244140625,109.66999816894531,109.94000244140625,73.61845397949219,1090600
2011-12-28,AGG,109.98999786376953,110.2300033569336,109.91000366210938,110.12999725341797,73.74568939208984,873800
2011-12-29,AGG,110.23999786376953,110.44000244140625,110.08000183105469,110.38999938964844,73.9197769165039,985400
2011-12-30,AGG,110.51000213623047,110.63999938964844,110.23999786376953,110.25,73.82603454589844,1098300
2012-01-03,AGG,110.19999694824219,110.19999694824219,109.91999816894531,110.02999877929688,73.67875671386719,1994600
2012-01-04,AGG,110.06999969482422,110.06999969482422,109.7699966430664,109.87999725341797,73.57823944091797,1299200
2012-01-05,AGG,109.91000366210938,110.05000305175781,109.8499984741211,110.02999877929688,73.67875671386719,856500
2012-01-06,AGG,110.02999877929688,110.25,110.0199966430664,110.12000274658203,73.73898315429688,897900
2012-01-09,AGG,110.12999725341797,110.31999969482422,110.0,110.02999877929688,73.67875671386719,976200
2012-01-10,AGG,110.02999877929688,110.16999816894531,109.94000244140625,110.0,73.65860748291016,1002100
2012-01-11,AGG,110.12999725341797,110.38999938964844,110.05999755859375,110.38999938964844,73.9197769165039,789900
2012-01-12,AGG,110.33000183105469,110.37999725341797,110.16999816894531,110.30000305175781,73.85951232910156,844200
2012-01-13,AGG,110.41000366210938,110.6500015258789,110.41000366210938,110.55000305175781,74.02696228027344,765000
2012-01-17,AGG,110.68000030517578,110.75,110.52999877929688,110.58000183105469,74.04701232910156,1272900
2012-01-18,AGG,110.55999755859375,110.68000030517578,110.4000015258789,110.44000244140625,73.95326232910156,1216900
2012-01-19,AGG,110.43000030517578,110.47000122070312,110.16999816894531,110.26000213623047,73.83272552490234,1032300
2012-01-20,AGG,110.31999969482422,110.31999969482422,109.9000015258789,109.9800033569336,73.645263671875,1032600
2012-01-23,AGG,109.7699966430664,109.98999786376953,109.7699966430664,109.88999938964844,73.58494567871094,819600
2012-01-24,AGG,109.97000122070312,109.98999786376953,109.83999633789062,109.9800033569336,73.645263671875,791600
2012-01-25,AGG,109.9800033569336,110.4800033569336,109.8499984741211,110.13999938964844,73.75238037109375,1559600
2012-01-26,AGG,110.38999938964844,110.5,110.33000183105469,110.36000061035156,73.89971923828125,1231700
2012-01-27,AGG,110.52999877929688,110.62000274658203,110.37000274658203,110.54000091552734,74.02024841308594,778100
2012-01-30,AGG,110.75,110.94000244140625,110.69000244140625,110.86000061035156,74.23448181152344,1490300
2012-01-31,AGG,110.83999633789062,111.06999969482422,110.72000122070312,111.05000305175781,74.3617172241211,3255900
2012-02-01,AGG,110.61000061035156,110.72000122070312,110.44999694824219,110.58000183105469,74.2308349609375,1965000
2012-02-02,AGG,110.55000305175781,110.68000030517578,110.47000122070312,110.61000061035156,74.25096893310547,1182200
2012-02-03,AGG,110.30000305175781,110.5999984741211,110.22000122070312,110.55999755859375,74.21737670898438,1142400
2012-02-06,AGG,110.5199966430664,110.63999938964844,110.4000015258789,110.63999938964844,74.27108764648438,1854400
2012-02-07,AGG,110.45999908447266,110.56999969482422,110.33999633789062,110.52999877929688,74.19725036621094,966600
2012-02-08,AGG,110.47000122070312,110.55000305175781,110.33000183105469,110.44000244140625,74.13684844970703,1479600
2012-02-09,AGG,110.37000274658203,110.41999816894531,110.18000030517578,110.26000213623047,74.01602172851562,1068400
2012-02-10,AGG,110.3499984741211,110.52999877929688,110.33999633789062,110.41000366210938,74.1167221069336,714900
2012-02-13,AGG,110.4800033569336,110.55000305175781,110.38999938964844,110.44999694824219,74.14356994628906,914800
2012-02-14,AGG,110.55999755859375,110.72000122070312,110.5199966430664,110.54000091552734,74.20399475097656,876200
2012-02-15,AGG,110.6500015258789,110.68000030517578,110.48999786376953,110.5,74.17716979980469,875500
2012-02-16,AGG,110.5,110.58000183105469,110.37999725341797,110.4800033569336,74.1636962890625,918800
2012-02-17,AGG,110.31999969482422,110.37000274658203,110.19999694824219,110.33999633789062,74.06967163085938,853700
2012-02-21,AGG,110.2699966430664,110.31999969482422,110.16000366210938,110.16999816894531,73.95559692382812,1043800
2012-02-22,AGG,110.33999633789062,110.4800033569336,110.27999877929688,110.4800033569336,74.1636962890625,975200
2012-02-23,AGG,110.41999816894531,110.5999984741211,110.37000274658203,110.56999969482422,74.22413635253906,788400
2012-02-24,AGG,110.63999938964844,110.79000091552734,110.58000183105469,110.5999984741211,74.24429321289062,1364300
2012-02-27,AGG,110.83000183105469,110.94999694824219,110.76000213623047,110.94999694824219,74.47918701171875,712000
2012-02-28,AGG,111.0199966430664,111.05000305175781,110.80999755859375,110.87000274658203,74.42546844482422,795300
2012-02-29,AGG,110.94000244140625,110.94000244140625,110.5999984741211,110.76000213623047,74.35164642333984,1993600
2012-03-01,AGG,110.2300033569336,110.30999755859375,110.08000183105469,110.26000213623047,74.2015609741211,1242600
2012-03-02,AGG,110.31999969482422,110.51000213623047,110.30000305175781,110.5,74.36315155029297,863900
2012-03-05,AGG,110.4800033569336,110.5199966430664,110.31999969482422,110.33999633789062,74.25538635253906,1098100
2012-03-06,AGG,110.55000305175781,110.62000274658203,110.44999694824219,110.55999755859375,74.4034652709961,1056500
2012-03-07,AGG,110.55000305175781,110.55999755859375,110.41999816894531,110.45999908447266,74.33615112304688,836100
2012-03-08,AGG,110.44999694824219,110.4800033569336,110.18000030517578,110.20999908447266,74.16793060302734,971300
2012-03-09,AGG,110.2300033569336,110.2300033569336,110.12999725341797,110.19000244140625,74.15443420410156,710900
2012-03-12,AGG,110.38999938964844,110.44999694824219,110.25,110.29000091552734,74.22179412841797,1096600
2012-03-13,AGG,110.22000122070312,110.2300033569336,109.9000015258789,109.91999816894531,73.97279357910156,1444700
2012-03-14,AGG,109.76000213623047,109.83999633789062,109.25,109.31999969482422,73.5689926147461,1119800
2012-03-15,AGG,109.26000213623047,109.45999908447266,109.25,109.2699966430664,73.53532409667969,800500
2012-03-16,AGG,109.1500015258789,109.31999969482422,109.05999755859375,109.27999877929688,73.54206848144531,933900
2012-03-19,AGG,109.30000305175781,109.30000305175781,108.88999938964844,108.93000030517578,73.30652618408203,1146800
2012-03-20,AGG,108.91999816894531,109.08999633789062,108.83999633789062,109.08999633789062,73.41426849365234,960400
2012-03-21,AGG,109.2300033569336,109.38999938964844,109.12999725341797,109.3499984741211,73.5892105102539,590700
2012-03-22,AGG,109.3499984741211,109.47000122070312,109.3499984741211,109.44999694824219,73.65647888183594,666900
2012-03-23,AGG,109.47000122070312,109.69999694824219,109.44000244140625,109.69999694824219,73.82471466064453,758400
2012-03-26,AGG,109.6500015258789,109.68000030517578,109.44000244140625,109.62000274658203,73.77085876464844,867800
2012-03-27,AGG,109.69000244140625,109.80000305175781,109.61000061035156,109.73999786376953,73.85163116455078,2551700
2012-03-28,AGG,109.7300033569336,109.87999725341797,109.68000030517578,109.72000122070312,73.83818817138672,812700
2012-03-29,AGG,109.94999694824219,110.05999755859375,109.83999633789062,110.0199966430664,74.04004669189453,1208100
2012-03-30,AGG,110.11000061035156,110.11000061035156,109.69000244140625,109.8499984741211,73.92567443847656,1121300
2012-04-02,AGG,109.87999725341797,109.87999725341797,109.45999908447266,109.62000274658203,73.93443298339844,2398400
2012-04-03,AGG,109.70999908447266,109.79000091552734,109.06999969482422,109.1500015258789,73.61741638183594,767100
2012-04-04,AGG,109.3499984741211,109.41000366210938,109.20999908447266,109.37999725341797,73.7725830078125,1137200
2012-04-05,AGG,109.5999984741211,109.62999725341797,109.41000366210938,109.62999725341797,73.94120025634766,749100
2012-04-09,AGG,110.18000030517578,110.19000244140625,110.04000091552734,110.11000061035156,74.26493835449219,575600
2012-04-10,AGG,110.19000244140625,110.33999633789062,110.06999969482422,110.12000274658203,74.27165985107422,1893900
2012-04-11,AGG,110.05000305175781,110.12999725341797,109.88999938964844,110.12999725341797,74.2784423828125,1203100
2012-04-12,AGG,110.0999984741211,110.13999938964844,110.0,110.0199966430664,74.20417785644531,505900
2012-04-13,AGG,110.30000305175781,110.37999725341797,110.20999908447266,110.36000061035156,74.43352508544922,1103900
2012-04-16,AGG,110.23999786376953,110.48999786376953,110.23999786376953,110.37999725341797,74.4469985961914,1121200
2012-04-17,AGG,110.30000305175781,110.4000015258789,110.25,110.4000015258789,74.46052551269531,737600
2012-04-18,AGG,110.44000244140625,110.54000091552734,110.3499984741211,110.54000091552734,74.55499267578125,884300
2012-04-19,AGG,110.5,110.58000183105469,110.45999908447266,110.45999908447266,74.50096130371094,618700
2012-04-20,AGG,110.4800033569336,110.5199966430664,110.37000274658203,110.4800033569336,74.51448822021484,1530200
2012-04-23,AGG,110.73999786376953,110.73999786376953,110.52999877929688,110.58999633789062,74.58866882324219,787100
2012-04-24,AGG,110.52999877929688,110.58000183105469,110.41000366210938,110.43000030517578,74.4807357788086,627500
2012-04-25,AGG,110.41000366210938,110.5,110.23999786376953,110.4800033569336,74.51448822021484,982300
2012-04-26,AGG,110.63999938964844,110.69000244140625,110.54000091552734,110.6500015258789,74.62911987304688,1021600
2012-04-27,AGG,110.61000061035156,110.66999816894531,110.55000305175781,110.63999938964844,74.62236785888672,656600
2012-04-30,AGG,110.7300033569336,110.7300033569336,110.58999633789062,110.5999984741211,74.59539031982422,881900
2012-05-01,AGG,110.45999908447266,110.5,110.26000213623047,110.33000183105469,74.56837463378906,772800
2012-05-02,AGG,110.45999908447266,110.51000213623047,110.36000061035156,110.44000244140625,74.64269256591797,1298500
2012-05-03,AGG,110.43000030517578,110.55999755859375,110.41000366210938,110.55999755859375,74.72380828857422,575400
2012-05-04,AGG,110.66000366210938,110.69999694824219,110.56999969482422,110.66999816894531,74.79814910888672,611500
2012-05-07,AGG,110.73999786376953,110.7699966430664,110.66999816894531,110.70999908447266,74.82522583007812,646100
2012-05-08,AGG,110.83999633789062,110.94999694824219,110.77999877929688,110.79000091552734,74.87928009033203,580200
2012-05-09,AGG,110.91999816894531,110.91999816894531,110.72000122070312,110.81999969482422,74.8995132446289,930000
2012-05-10,AGG,110.72000122070312,110.76000213623047,110.62999725341797,110.70999908447266,74.82522583007812,527000
2012-05-11,AGG,110.91999816894531,110.93000030517578,110.75,110.79000091552734,74.87928009033203,446300
2012-05-14,AGG,111.0,111.05999755859375,110.93000030517578,111.04000091552734,75.0482177734375,763300
2012-05-15,AGG,111.0999984741211,111.0999984741211,110.87999725341797,110.9800033569336,75.00770568847656,1187200
2012-05-16,AGG,110.87000274658203,111.08999633789062,110.83000183105469,110.95999908447266,74.99417114257812,986400
2012-05-17,AGG,110.87999725341797,111.12999725341797,110.83000183105469,111.02999877929688,75.04150390625,1420700
2012-05-18,AGG,110.98999786376953,111.08000183105469,110.9000015258789,111.0,75.0212173461914,1184700
2012-05-21,AGG,111.0199966430664,111.05000305175781,110.97000122070312,110.9800033569336,75.00770568847656,1208500
2012-05-22,AGG,110.81999969482422,110.91999816894531,110.70999908447266,110.70999908447266,74.82522583007812,1007400
2012-05-23,AGG,110.94999694824219,111.01000213623047,110.81999969482422,110.83999633789062,74.9130859375,696000
2012-05-24,AGG,110.87999725341797,110.87999725341797,110.70999908447266,110.75,74.85222625732422,938900
2012-05-25,AGG,110.83999633789062,110.94999694824219,110.80999755859375,110.91999816894531,74.9671401977539,454300
2012-05-29,AGG,110.94999694824219,110.98999786376953,110.83000183105469,110.86000061035156,74.92655181884766,1192100
2012-05-30,AGG,111.19999694824219,111.30000305175781,111.11000061035156,111.2300033569336,75.17664337158203,547100
2012-05-31,AGG,111.44999694824219,111.62000274658203,111.3499984741211,111.55999755859375,75.39966583251953,2984100
2012-06-01,AGG,111.5,111.66999816894531,111.41000366210938,111.5999984741211,75.5879898071289,1851600
2012-06-04,AGG,111.31999969482422,111.87000274658203,111.31999969482422,111.33999633789062,75.41187286376953,1046100
2012-06-05,AGG,111.16999816894531,111.33000183105469,111.0999984741211,111.11000061035156,75.25611114501953,951100
2012-06-06,AGG,111.2300033569336,111.2300033569336,110.77999877929688,110.77999877929688,75.03257751464844,1864400
2012-06-07,AGG,110.81999969482422,110.94999694824219,110.77999877929688,110.94999694824219,75.14771270751953,751800
2012-06-08,AGG,111.16999816894531,111.18000030517578,110.83999633789062,110.9000015258789,75.11383056640625,710200
2012-06-11,AGG,110.87000274658203,111.08999633789062,110.80999755859375,111.0,75.1815414428711,516100
2012-06-12,AGG,110.9800033569336,111.04000091552734,110.83000183105469,110.91000366210938,75.12060546875,482000
2012-06-13,AGG,110.98999786376953,111.22000122070312,110.8499984741211,111.19999694824219,75.31705474853516,2650900
2012-06-14,AGG,111.0999984741211,111.18000030517578,111.02999877929688,111.12000274658203,75.26290130615234,559200
2012-06-15,AGG,111.3499984741211,111.38999938964844,111.2300033569336,111.37999725341797,75.43898010253906,1030800
2012-06-18,AGG,111.33000183105469,111.43000030517578,111.2300033569336,111.3499984741211,75.41861724853516,696000
2012-06-19,AGG,111.30000305175781,111.30000305175781,111.11000061035156,111.22000122070312,75.33058166503906,605500
2012-06-20,AGG,111.06999969482422,111.20999908447266,110.87999725341797,111.05000305175781,75.21548461914062,1256100
2012-06-21,AGG,111.18000030517578,111.31999969482422,111.05999755859375,111.19999694824219,75.31705474853516,939900
2012-06-22,AGG,111.16999816894531,111.19999694824219,111.04000091552734,111.04000091552734,75.20869445800781,600200
2012-06-25,AGG,111.25,111.4000015258789,111.22000122070312,111.38999938964844,75.44575500488281,2321900
2012-06-26,AGG,111.2699966430664,111.37000274658203,111.23999786376953,111.2699966430664,75.36447143554688,789100
2012-06-27,AGG,111.3499984741211,111.38999938964844,111.23999786376953,111.31999969482422,75.39830780029297,1552600
2012-06-28,AGG,111.52999877929688,111.55999755859375,111.41999816894531,111.44999694824219,75.48636627197266,1180400
2012-06-29,AGG,111.25,111.33000183105469,111.19999694824219,111.30000305175781,75.38477325439453,2052800
2012-07-02,AGG,111.16999816894531,111.31999969482422,111.08000183105469,111.29000091552734,75.52938842773438,1994500
2012-07-03,AGG,111.20999908447266,111.29000091552734,111.18000030517578,111.20999908447266,75.47503662109375,1002900
2012-07-05,AGG,111.23999786376953,111.5,111.23999786376953,111.5,75.67183685302734,740700
2012-07-06,AGG,111.51000213623047,111.68000030517578,111.5,111.58000183105469,75.72615814208984,1520200
2012-07-09,AGG,111.66999816894531,111.81999969482422,111.6500015258789,111.80000305175781,75.87543487548828,472600
2012-07-10,AGG,111.76000213623047,111.91000366210938,111.7300033569336,111.8499984741211,75.90937042236328,521600
2012-07-11,AGG,111.86000061035156,112.0,111.80999755859375,111.83999633789062,75.90260314941406,566400
2012-07-12,AGG,112.0,112.04000091552734,111.93000030517578,112.04000091552734,76.03836059570312,382700
2012-07-13,AGG,112.06999969482422,112.08999633789062,111.94000244140625,112.08000183105469,76.06550598144531,435300
2012-07-16,AGG,112.20999908447266,112.31999969482422,112.16000366210938,112.16999816894531,76.1265640258789,480800
2012-07-17,AGG,112.20999908447266,112.23999786376953,112.12000274658203,112.12999725341797,76.09943389892578,600200
2012-07-18,AGG,112.23999786376953,112.36000061035156,112.23999786376953,112.3499984741211,76.24872589111328,470300
2012-07-19,AGG,112.30000305175781,112.43000030517578,112.2300033569336,112.26000213623047,76.18765258789062,901600
2012-07-20,AGG,112.38999938964844,112.55000305175781,112.38999938964844,112.41999816894531,76.29621124267578,602200
2012-07-23,AGG,112.62000274658203,112.62000274658203,112.48999786376953,112.5199966430664,76.36408996582031,498200
2012-07-24,AGG,112.47000122070312,112.68000030517578,112.43000030517578,112.66000366210938,76.45913696289062,521200
2012-07-25,AGG,112.62999725341797,112.70999908447266,112.61000061035156,112.69999694824219,76.48627471923828,874700
2012-07-26,AGG,112.66000366210938,112.69000244140625,112.62000274658203,112.62999725341797,76.43875122070312,857900
2012-07-27,AGG,112.44999694824219,112.45999908447266,112.1500015258789,112.29000091552734,76.2079849243164,1010200
2012-07-30,AGG,112.30999755859375,112.5199966430664,112.2699966430664,112.4800033569336,76.33692932128906,618400
2012-07-31,AGG,112.58000183105469,112.6500015258789,112.43000030517578,112.58999633789062,76.4115982055664,983600
2012-08-01,AGG,112.25,112.38999938964844,111.98999786376953,112.23999786376953,76.32318878173828,2480600
2012-08-02,AGG,112.33000183105469,112.5,112.26000213623047,112.26000213623047,76.3367919921875,846300
2012-08-03,AGG,112.0999984741211,112.16000366210938,111.95999908447266,111.98999786376953,76.15325164794922,1832400
2012-08-06,AGG,112.12000274658203,112.2300033569336,112.04000091552734,112.16000366210938,76.2687759399414,1832500
2012-08-07,AGG,111.83999633789062,111.91000366210938,111.80999755859375,111.86000061035156,76.06478881835938,1733100
2012-08-08,AGG,111.94000244140625,111.94000244140625,111.69999694824219,111.72000122070312,75.96958923339844,550400
2012-08-09,AGG,111.62999725341797,111.77999877929688,111.55000305175781,111.69000244140625,75.94923400878906,835900
2012-08-10,AGG,111.9800033569336,111.9800033569336,111.79000091552734,111.87000274658203,76.07160186767578,627400
2012-08-13,AGG,111.91999816894531,111.98999786376953,111.86000061035156,111.86000061035156,76.06478881835938,570500
2012-08-14,AGG,111.58999633789062,111.68000030517578,111.54000091552734,111.5999984741211,75.88801574707031,567100
2012-08-15,AGG,111.44999694824219,111.44999694824219,111.19000244140625,111.23999786376953,75.64323425292969,550000
2012-08-16,AGG,111.30000305175781,111.31999969482422,110.97000122070312,111.0999984741211,75.54802703857422,668300
2012-08-17,AGG,111.19000244140625,111.29000091552734,111.1500015258789,111.2300033569336,75.6364517211914,505700
2012-08-20,AGG,111.1500015258789,111.2699966430664,111.13999938964844,111.19000244140625,75.60919952392578,419000
2012-08-21,AGG,111.18000030517578,111.3499984741211,111.04000091552734,111.33999633789062,75.71121978759766,738600
2012-08-22,AGG,111.5999984741211,111.81999969482422,111.51000213623047,111.81999969482422,76.03764343261719,405500
2012-08-23,AGG,111.83999633789062,111.94000244140625,111.83000183105469,111.9000015258789,76.09199523925781,421500
2012-08-24,AGG,111.9800033569336,111.9800033569336,111.79000091552734,111.81999969482422,76.03764343261719,649600
2012-08-27,AGG,111.9000015258789,112.0,111.88999938964844,111.97000122070312,76.13963317871094,493100
2012-08-28,AGG,112.04000091552734,112.11000061035156,111.9800033569336,112.05999755859375,76.2008285522461,699200
2012-08-29,AGG,112.01000213623047,112.04000091552734,111.9000015258789,111.94999694824219,76.12600708007812,717100
2012-08-30,AGG,112.0199966430664,112.13999938964844,112.0199966430664,112.0199966430664,76.17359924316406,436200
2012-08-31,AGG,112.0999984741211,112.43000030517578,112.06999969482422,112.37000274658203,76.41160583496094,1203400
2012-09-04,AGG,112.13999938964844,112.1500015258789,111.95999908447266,112.12999725341797,76.39733123779297,1596700
2012-09-05,AGG,112.05000305175781,112.16999816894531,112.02999877929688,112.12999725341797,76.39733123779297,503000
2012-09-06,AGG,111.88999938964844,111.88999938964844,111.76000213623047,111.87000274658203,76.22013092041016,1805200
2012-09-07,AGG,112.1500015258789,112.19999694824219,111.8499984741211,111.88999938964844,76.23373413085938,1554400
2012-09-10,AGG,111.9000015258789,111.93000030517578,111.7699966430664,111.91000366210938,76.24742126464844,1303000
2012-09-11,AGG,111.7699966430664,111.87999725341797,111.75,111.77999877929688,76.15880584716797,3037100
2012-09-12,AGG,111.66000366210938,111.69000244140625,111.5199966430664,111.56999969482422,76.01577758789062,1679500
2012-09-13,AGG,111.75,111.88999938964844,111.37000274658203,111.83000183105469,76.19290161132812,2165200
2012-09-14,AGG,111.61000061035156,111.61000061035156,111.33000183105469,111.37000274658203,75.87950134277344,1011200
2012-09-17,AGG,111.51000213623047,111.62000274658203,111.43000030517578,111.55000305175781,76.00215911865234,1063800
2012-09-18,AGG,111.72000122070312,111.80999755859375,111.61000061035156,111.62000274658203,76.0498046875,1133600
2012-09-19,AGG,111.87000274658203,111.91000366210938,111.76000213623047,111.83999633789062,76.19969940185547,732200
2012-09-20,AGG,111.94999694824219,111.95999908447266,111.75,111.7699966430664,76.15201568603516,2518600
2012-09-21,AGG,111.7699966430664,111.94999694824219,111.75,111.94999694824219,76.274658203125,829200
2012-09-24,AGG,111.94000244140625,112.08999633789062,111.94000244140625,112.06999969482422,76.35643768310547,1220800
2012-09-25,AGG,112.12000274658203,112.25,112.01000213623047,112.25,76.47903442382812,836400
2012-09-26,AGG,112.36000061035156,112.4000015258789,112.26000213623047,112.36000061035156,76.5539779663086,793500
2012-09-27,AGG,112.30000305175781,112.37999725341797,112.2699966430664,112.29000091552734,76.50634765625,1127100
2012-09-28,AGG,112.38999938964844,112.45999908447266,112.25,112.44999694824219,76.6153335571289,2745500
2012-10-01,AGG,112.16999816894531,112.25,112.06999969482422,112.19999694824219,76.58599090576172,1674400
2012-10-02,AGG,112.16000366210938,112.29000091552734,112.11000061035156,112.29000091552734,76.6474380493164,903300
2012-10-03,AGG,112.18000030517578,112.30999755859375,112.18000030517578,112.25,76.62006378173828,1187500
2012-10-04,AGG,112.16000366210938,112.25,112.06999969482422,112.08999633789062,76.51090240478516,459200
2012-10-05,AGG,111.94000244140625,111.98999786376953,111.83999633789062,111.86000061035156,76.35389709472656,580200
2012-10-08,AGG,111.9000015258789,112.05000305175781,111.9000015258789,112.02999877929688,76.46989440917969,524800
2012-10-09,AGG,111.94000244140625,112.06999969482422,111.86000061035156,111.91000366210938,76.3880386352539,2316400
2012-10-10,AGG,111.9000015258789,112.16000366210938,111.87999725341797,112.08999633789062,76.51090240478516,555400
2012-10-11,AGG,111.97000122070312,112.25,111.97000122070312,112.2300033569336,76.60643005371094,523400
2012-10-12,AGG,112.31999969482422,112.41000366210938,112.26000213623047,112.31999969482422,76.66792297363281,1646900
2012-10-15,AGG,112.30000305175781,112.37999725341797,112.25,112.37999725341797,76.70889282226562,1646300
2012-10-16,AGG,112.30999755859375,112.36000061035156,112.16999816894531,112.19999694824219,76.58599090576172,978500
2012-10-17,AGG,112.04000091552734,112.05000305175781,111.81999969482422,111.8499984741211,76.34709930419922,1199200
2012-10-18,AGG,111.93000030517578,111.93000030517578,111.70999908447266,111.80999755859375,76.31976318359375,1249500
2012-10-19,AGG,111.79000091552734,112.02999877929688,111.79000091552734,111.94999694824219,76.41531372070312,683700
2012-10-22,AGG,111.9000015258789,111.95999908447266,111.80000305175781,111.80000305175781,76.3129653930664,438100
2012-10-23,AGG,111.87000274658203,112.06999969482422,111.87000274658203,112.05000305175781,76.48356628417969,628100
2012-10-24,AGG,111.94999694824219,112.05999755859375,111.9000015258789,111.97000122070312,76.42903137207031,604900
2012-10-25,AGG,111.77999877929688,111.94999694824219,111.70999908447266,111.7300033569336,76.2651596069336,970700
2012-10-26,AGG,111.88999938964844,112.08000183105469,111.87999725341797,112.02999877929688,76.46989440917969,908900
2012-10-31,AGG,112.04000091552734,112.23999786376953,112.0,112.19000244140625,76.57915496826172,2200200
2012-11-01,AGG,112.05000305175781,112.05000305175781,111.77999877929688,111.80000305175781,76.47859954833984,1350800
2012-11-02,AGG,111.83000183105469,111.91999816894531,111.66999816894531,111.87000274658203,76.52647399902344,961700
2012-11-05,AGG,112.0,112.08999633789062,111.94999694824219,112.05999755859375,76.65644073486328,2684000
2012-11-06,AGG,112.0,112.01000213623047,111.72000122070312,111.73999786376953,76.43753814697266,589600
2012-11-07,AGG,112.16000366210938,112.20999908447266,112.0,112.0,76.61537170410156,1563100
2012-11-08,AGG,111.9800033569336,112.20999908447266,111.94999694824219,112.13999938964844,76.71118927001953,1411400
2012-11-09,AGG,112.01000213623047,112.11000061035156,111.91999816894531,112.08000183105469,76.67008972167969,1295200
2012-11-12,AGG,112.12999725341797,112.1500015258789,112.0199966430664,112.05000305175781,76.64958190917969,612700
2012-11-13,AGG,112.27999877929688,112.33000183105469,112.11000061035156,112.25,76.78643798828125,3355800
2012-11-14,AGG,112.05000305175781,112.27999877929688,112.04000091552734,112.27999877929688,76.80695343017578,1242700
2012-11-15,AGG,112.19000244140625,112.2300033569336,112.11000061035156,112.16999816894531,76.73174285888672,1532600
2012-11-16,AGG,112.19999694824219,112.30000305175781,112.1500015258789,112.20999908447266,76.75907135009766,981700
2012-11-19,AGG,112.08999633789062,112.29000091552734,112.05999755859375,112.29000091552734,76.81380462646484,917000
2012-11-20,AGG,112.19000244140625,112.23999786376953,112.05999755859375,112.08000183105469,76.67008972167969,666800
2012-11-21,AGG,111.97000122070312,112.05999755859375,111.87999725341797,111.88999938964844,76.54014587402344,1160800
2012-11-23,AGG,111.95999908447266,111.9800033569336,111.88999938964844,111.95999908447266,76.5880126953125,220300
2012-11-26,AGG,112.0199966430664,112.08999633789062,111.94999694824219,112.0,76.61537170410156,629500
2012-11-27,AGG,112.01000213623047,112.16999816894531,112.01000213623047,112.1500015258789,76.718017578125,571900
2012-11-28,AGG,112.19999694824219,112.26000213623047,112.16000366210938,112.16999816894531,76.73174285888672,458700
2012-11-29,AGG,112.13999938964844,112.30999755859375,112.13999938964844,112.30999755859375,76.82743072509766,661800
2012-11-30,AGG,112.26000213623047,112.31999969482422,112.19000244140625,112.25,76.78643798828125,908600
2012-12-03,AGG,111.44999694824219,111.61000061035156,111.36000061035156,111.5999984741211,76.79747772216797,809900
2012-12-04,AGG,111.5999984741211,111.69000244140625,111.51000213623047,111.66999816894531,76.84559631347656,871900
2012-12-05,AGG,111.69000244140625,111.79000091552734,111.68000030517578,111.7699966430664,76.9144515991211,538200
2012-12-06,AGG,111.7699966430664,111.83999633789062,111.7300033569336,111.76000213623047,76.90757751464844,519400
2012-12-07,AGG,111.61000061035156,111.70999908447266,111.55000305175781,111.66000366210938,76.83871459960938,966200
2012-12-10,AGG,111.63999938964844,111.70999908447266,111.61000061035156,111.68000030517578,76.85247039794922,843500
2012-12-11,AGG,111.5999984741211,111.6500015258789,111.55000305175781,111.63999938964844,76.82495880126953,814100
2012-12-12,AGG,111.58999633789062,111.66000366210938,111.33000183105469,111.33000183105469,76.61161041259766,1448600
2012-12-13,AGG,111.30000305175781,111.33999633789062,111.13999938964844,111.1500015258789,76.48777770996094,1209700
2012-12-14,AGG,111.33999633789062,111.41999816894531,111.27999877929688,111.3499984741211,76.62541198730469,1678800
2012-12-17,AGG,111.3499984741211,111.36000061035156,111.04000091552734,111.08000183105469,76.4395980834961,1464100
2012-12-18,AGG,111.0,111.06999969482422,110.73999786376953,110.81999969482422,76.26065826416016,1411500
2012-12-19,AGG,110.91999816894531,111.0999984741211,110.91999816894531,111.01000213623047,76.39144897460938,1114000
2012-12-20,AGG,111.0999984741211,111.16000366210938,110.9800033569336,111.0199966430664,76.3982925415039,1122600
2012-12-21,AGG,111.19000244140625,111.2300033569336,111.08999633789062,111.12000274658203,76.46713256835938,973700
2012-12-24,AGG,111.08999633789062,111.16000366210938,111.08000183105469,111.12999725341797,76.47399139404297,329200
2012-12-26,AGG,110.95999908447266,111.06999969482422,110.95999908447266,111.05000305175781,76.57746887207031,575800
2012-12-27,AGG,111.05000305175781,111.25,110.98999786376953,111.11000061035156,76.61882781982422,722100
2012-12-28,AGG,111.29000091552734,111.30000305175781,111.1500015258789,111.27999877929688,76.73605346679688,1295800
2012-12-31,AGG,111.25,111.26000213623047,111.0199966430664,111.08000183105469,76.59814453125,905400
2013-01-02,AGG,110.81999969482422,111.0,110.81999969482422,110.94999694824219,76.50846099853516,1137300
2013-01-03,AGG,111.01000213623047,111.08000183105469,110.63999938964844,110.66999816894531,76.31537628173828,1762900
2013-01-04,AGG,110.58999633789062,110.80000305175781,110.55000305175781,110.79000091552734,76.39816284179688,1286800
2013-01-07,AGG,110.79000091552734,110.81999969482422,110.68000030517578,110.7300033569336,76.35672760009766,1854400
2013-01-08,AGG,110.79000091552734,110.88999938964844,110.75,110.83000183105469,76.42573547363281,1784500
2013-01-09,AGG,110.8499984741211,110.8499984741211,110.70999908447266,110.75,76.37057495117188,1346900
2013-01-10,AGG,110.69999694824219,110.80999755859375,110.6500015258789,110.73999786376953,76.36365509033203,1128700
2013-01-11,AGG,110.63999938964844,110.91000366210938,110.62000274658203,110.8499984741211,76.4395523071289,1120000
2013-01-14,AGG,110.94000244140625,111.01000213623047,110.87000274658203,110.94999694824219,76.50846099853516,870200
2013-01-15,AGG,111.01000213623047,111.06999969482422,110.94999694824219,110.9800033569336,76.52916717529297,2561100
2013-01-16,AGG,111.0199966430664,111.0999984741211,110.91999816894531,111.04000091552734,76.57054138183594,1232000
2013-01-17,AGG,110.77999877929688,110.91000366210938,110.70999908447266,110.80000305175781,76.4050521850586,1281000
2013-01-18,AGG,110.87999725341797,110.94000244140625,110.83000183105469,110.93000030517578,76.4947280883789,654700
2013-01-22,AGG,110.75,110.94999694824219,110.75,110.87000274658203,76.45332336425781,1459000
2013-01-23,AGG,110.95999908447266,111.01000213623047,110.5,110.98999786376953,76.53607940673828,1393800
2013-01-24,AGG,110.88999938964844,110.94999694824219,110.81999969482422,110.83999633789062,76.43266296386719,659800
2013-01-25,AGG,110.5999984741211,110.69000244140625,110.48999786376953,110.56999969482422,76.24647521972656,877800
2013-01-28,AGG,110.27999877929688,110.41999816894531,110.2699966430664,110.41000366210938,76.1361083984375,1067500
2013-01-29,AGG,110.41000366210938,110.48999786376953,110.26000213623047,110.33999633789062,76.08782196044922,837700
2013-01-30,AGG,110.20999908447266,110.30000305175781,110.1500015258789,110.29000091552734,76.05335998535156,1362200
2013-01-31,AGG,110.30000305175781,110.38999938964844,110.26000213623047,110.38999938964844,76.12228393554688,1970000
2013-02-01,AGG,110.37999725341797,110.38999938964844,109.91999816894531,109.94000244140625,75.95718383789062,1340000
2013-02-04,AGG,110.08999633789062,110.27999877929688,110.08999633789062,110.25,76.1713638305664,805400
2013-02-05,AGG,110.04000091552734,110.11000061035156,110.0199966430664,110.0199966430664,76.01246643066406,1905900
2013-02-06,AGG,110.12000274658203,110.26000213623047,110.11000061035156,110.20999908447266,76.14376068115234,1229600
2013-02-07,AGG,110.18000030517578,110.33999633789062,110.16000366210938,110.25,76.1713638305664,1147900
2013-02-08,AGG,110.16999816894531,110.27999877929688,110.05000305175781,110.27999877929688,76.19215393066406,681400
2013-02-11,AGG,110.25,110.25,110.13999938964844,110.16999816894531,76.11610412597656,1384100
2013-02-12,AGG,110.0999984741211,110.18000030517578,110.08000183105469,110.1500015258789,76.10234832763672,666800
2013-02-13,AGG,109.94000244140625,110.08999633789062,109.94000244140625,110.04000091552734,76.02626037597656,902200
2013-02-14,AGG,110.01000213623047,110.23999786376953,110.01000213623047,110.23999786376953,76.16448211669922,731900
2013-02-15,AGG,110.19000244140625,110.25,110.05999755859375,110.25,76.1713638305664,1864700
2013-02-19,AGG,110.26000213623047,110.29000091552734,110.06999969482422,110.12000274658203,76.0815658569336,1391300
2013-02-20,AGG,110.08999633789062,110.25,110.02999877929688,110.19000244140625,76.12992858886719,2028900
2013-02-21,AGG,110.26000213623047,110.37000274658203,110.23999786376953,110.25,76.1713638305664,829600
2013-02-22,AGG,110.30999755859375,110.3499984741211,110.29000091552734,110.30999755859375,76.21282958984375,955700
2013-02-25,AGG,110.29000091552734,110.77999877929688,110.19999694824219,110.7300033569336,76.50297546386719,1181500
2013-02-26,AGG,110.63999938964844,110.83000183105469,110.63999938964844,110.69999694824219,76.48225402832031,801300
2013-02-27,AGG,110.83000183105469,110.83999633789062,110.62000274658203,110.7300033569336,76.50297546386719,520300
2013-02-28,AGG,110.69000244140625,110.83000183105469,110.69000244140625,110.83000183105469,76.57207489013672,1211900
2013-03-01,AGG,110.63999938964844,110.72000122070312,110.56999969482422,110.66000366210938,76.59909057617188,1076800
2013-03-04,AGG,110.6500015258789,110.66000366210938,110.56999969482422,110.58000183105469,76.54369354248047,782100
2013-03-05,AGG,110.54000091552734,110.56999969482422,110.4800033569336,110.48999786376953,76.4814453125,804400
2013-03-06,AGG,110.4000015258789,110.44999694824219,110.33000183105469,110.37000274658203,76.39833068847656,974300
2013-03-07,AGG,110.26000213623047,110.26000213623047,109.97000122070312,110.13999938964844,76.23918151855469,1047000
2013-03-08,AGG,109.86000061035156,109.95999908447266,109.77999877929688,109.81999969482422,76.01766204833984,2006800
2013-03-11,AGG,109.83999633789062,109.91999816894531,109.81999969482422,109.87999725341797,76.05916595458984,1163500
2013-03-12,AGG,109.94000244140625,110.08000183105469,109.93000030517578,110.08000183105469,76.19761657714844,1656200
2013-03-13,AGG,109.91999816894531,110.08000183105469,109.91999816894531,109.98999786376953,76.13530731201172,1137000
2013-03-14,AGG,109.9000015258789,110.1500015258789,109.9000015258789,110.11000061035156,76.21839141845703,1090700
2013-03-15,AGG,110.06999969482422,110.25,110.06999969482422,110.20999908447266,76.28761291503906,661500
2013-03-18,AGG,110.36000061035156,110.37999725341797,110.27999877929688,110.30999755859375,76.35682678222656,1231900
2013-03-19,AGG,110.41999816894531,110.61000061035156,110.38999938964844,110.47000122070312,76.46756744384766,1104800
2013-03-20,AGG,110.38999938964844,110.4800033569336,110.31999969482422,110.3499984741211,76.38455200195312,1275100
2013-03-21,AGG,110.43000030517578,110.45999908447266,110.3499984741211,110.37000274658203,76.39833068847656,906400
2013-03-22,AGG,110.5199966430664,110.5199966430664,110.3499984741211,110.41000366210938,76.42606353759766,776000
2013-03-25,AGG,110.4000015258789,110.5199966430664,110.36000061035156,110.37000274658203,76.39833068847656,981100
2013-03-26,AGG,110.30999755859375,110.5199966430664,110.30999755859375,110.5,76.48832702636719,964700
2013-03-27,AGG,110.62000274658203,110.75,110.56999969482422,110.7300033569336,76.64752960205078,1028800
2013-03-28,AGG,110.68000030517578,110.77999877929688,110.6500015258789,110.7300033569336,76.64752960205078,2343300
2013-04-01,AGG,110.44000244140625,110.58000183105469,110.38999938964844,110.56999969482422,76.71698760986328,1580800
2013-04-02,AGG,110.51000213623047,110.5199966430664,110.41000366210938,110.44999694824219,76.6336669921875,875300
2013-04-03,AGG,110.54000091552734,110.69000244140625,110.48999786376953,110.56999969482422,76.71698760986328,1260300
2013-04-04,AGG,110.72000122070312,110.87999725341797,110.70999908447266,110.87999725341797,76.9320068359375,1263800
2013-04-05,AGG,111.16999816894531,111.26000213623047,111.11000061035156,111.19999694824219,77.15406799316406,1013800
2013-04-08,AGG,111.1500015258789,111.2300033569336,111.01000213623047,111.01000213623047,77.02223205566406,1027000
2013-04-09,AGG,111.0999984741211,111.12999725341797,110.94999694824219,111.05000305175781,77.04999542236328,1286600
2013-04-10,AGG,110.9000015258789,110.91000366210938,110.7699966430664,110.81999969482422,76.89037322998047,1281600
2013-04-11,AGG,110.83999633789062,110.91000366210938,110.81999969482422,110.83999633789062,76.9043197631836,1037400
2013-04-12,AGG,111.0199966430664,111.20999908447266,110.97000122070312,111.19999694824219,77.15406799316406,873700
2013-04-15,AGG,111.16000366210938,111.29000091552734,111.12999725341797,111.25,77.1887435913086,1521700
2013-04-16,AGG,111.22000122070312,111.27999877929688,111.16000366210938,111.25,77.1887435913086,593000
2013-04-17,AGG,111.19999694824219,111.44000244140625,111.19999694824219,111.25,77.1887435913086,1078500
2013-04-18,AGG,111.29000091552734,111.3499984741211,111.20999908447266,111.2300033569336,77.17488098144531,1153800
2013-04-19,AGG,111.25,111.27999877929688,111.19999694824219,111.23999786376953,77.18177795410156,373600
2013-04-22,AGG,111.2699966430664,111.38999938964844,111.25,111.37999725341797,77.27890014648438,1113800
2013-04-23,AGG,111.44999694824219,111.51000213623047,111.29000091552734,111.33000183105469,77.24422454833984,747900
2013-04-24,AGG,111.27999877929688,111.37999725341797,111.26000213623047,111.30999755859375,77.2303695678711,743900
2013-04-25,AGG,111.27999877929688,111.30000305175781,111.20999908447266,111.26000213623047,77.19570922851562,848700
2013-04-26,AGG,111.37000274658203,111.52999877929688,111.3499984741211,111.48999786376953,77.35525512695312,678500
2013-04-29,AGG,111.48999786376953,111.56999969482422,111.47000122070312,111.55999755859375,77.40383911132812,869400
2013-04-30,AGG,111.58999633789062,111.68000030517578,111.4800033569336,111.54000091552734,77.38998413085938,1853100
2013-05-01,AGG,111.4800033569336,111.5,111.36000061035156,111.38999938964844,77.42604064941406,1741300
2013-05-02,AGG,111.37000274658203,111.4800033569336,111.36000061035156,111.4000015258789,77.43303680419922,875500
2013-05-03,AGG,111.19999694824219,111.19999694824219,110.94000244140625,110.98999786376953,77.14802551269531,580000
2013-05-06,AGG,110.94000244140625,111.0,110.80999755859375,110.80999755859375,77.02294158935547,686300
2013-05-07,AGG,110.79000091552734,110.8499984741211,110.75,110.75,76.98126983642578,931600
2013-05-08,AGG,110.83000183105469,110.9000015258789,110.76000213623047,110.8499984741211,77.05074310302734,1032600
2013-05-09,AGG,110.8499984741211,110.94999694824219,110.69999694824219,110.69999694824219,76.94645690917969,537900
2013-05-10,AGG,110.69000244140625,110.73999786376953,110.3499984741211,110.4800033569336,76.79354858398438,423100
2013-05-13,AGG,110.3499984741211,110.38999938964844,110.29000091552734,110.37999725341797,76.7239990234375,563400
2013-05-14,AGG,110.37999725341797,110.44999694824219,110.12000274658203,110.12000274658203,76.54329681396484,994500
2013-05-15,AGG,110.2699966430664,110.31999969482422,110.0999984741211,110.27999877929688,76.65459442138672,926800
2013-05-16,AGG,110.36000061035156,110.58000183105469,110.36000061035156,110.58000183105469,76.86305236816406,1965700
2013-05-17,AGG,110.5,110.51000213623047,110.25,110.30999755859375,76.6754150390625,621800
2013-05-20,AGG,110.31999969482422,110.37999725341797,110.11000061035156,110.19999694824219,76.59892272949219,1710100
2013-05-21,AGG,110.12999725341797,110.31999969482422,110.06999969482422,110.29000091552734,76.66151428222656,992300
2013-05-22,AGG,110.36000061035156,110.4800033569336,109.83000183105469,109.91999816894531,76.40428161621094,1134400
2013-05-23,AGG,110.02999877929688,110.05000305175781,109.80000305175781,109.87999725341797,76.37651062011719,1107200
2013-05-24,AGG,109.94000244140625,110.05000305175781,109.83000183105469,109.87999725341797,76.37651062011719,640100
2013-05-28,AGG,109.7699966430664,109.77999877929688,109.16999816894531,109.19999694824219,75.90382385253906,1082800
2013-05-29,AGG,109.26000213623047,109.37999725341797,109.18000030517578,109.3499984741211,76.0080795288086,1369400
2013-05-30,AGG,109.36000061035156,109.4800033569336,109.29000091552734,109.31999969482422,75.98723602294922,1301000
2013-05-31,AGG,109.4000015258789,109.47000122070312,108.87999725341797,109.11000061035156,75.84130096435547,1616800
2013-06-03,AGG,108.79000091552734,109.08000183105469,108.7300033569336,108.97000122070312,75.87960052490234,2110400
2013-06-04,AGG,108.83000183105469,108.88999938964844,108.68000030517578,108.7300033569336,75.71246337890625,980500
2013-06-05,AGG,108.8499984741211,108.9000015258789,108.66999816894531,108.66999816894531,75.67068481445312,1160600
2013-06-06,AGG,108.66000366210938,109.08999633789062,108.61000061035156,108.94999694824219,75.86565399169922,1142500
2013-06-07,AGG,108.66999816894531,108.91000366210938,108.54000091552734,108.61000061035156,75.62893676757812,1337400
2013-06-10,AGG,108.3499984741211,108.51000213623047,108.33000183105469,108.38999938964844,75.47571563720703,1173300
2013-06-11,AGG,108.19000244140625,108.44999694824219,108.0,108.4000015258789,75.48265838623047,1118700
2013-06-12,AGG,108.33000183105469,108.5,108.19999694824219,108.22000122070312,75.35733032226562,1469500
2013-06-13,AGG,108.23999786376953,108.75,108.23999786376953,108.75,75.72640228271484,999000
2013-06-14,AGG,108.81999969482422,109.0,108.77999877929688,108.77999877929688,75.74723815917969,1219800
2013-06-17,AGG,108.8499984741211,108.94000244140625,108.68000030517578,108.69999694824219,75.69157409667969,1694700
2013-06-18,AGG,108.62999725341797,108.7300033569336,108.5199966430664,108.66000366210938,75.66371154785156,1067500
2013-06-19,AGG,108.81999969482422,108.81999969482422,107.80000305175781,107.93000030517578,75.15540313720703,975800
2013-06-20,AGG,107.33000183105469,107.52999877929688,107.12000274658203,107.20999908447266,74.65400695800781,3057100
2013-06-21,AGG,107.11000061035156,107.30999755859375,106.52999877929688,106.61000061035156,74.23622131347656,1979500
2013-06-24,AGG,106.01000213623047,106.5999984741211,105.81999969482422,106.18000030517578,73.93680572509766,2270900
2013-06-25,AGG,106.47000122070312,106.5999984741211,106.20999908447266,106.30000305175781,74.0203857421875,1687400
2013-06-26,AGG,106.72000122070312,106.87999725341797,106.55000305175781,106.75,74.33378601074219,995800
2013-06-27,AGG,106.9800033569336,107.19999694824219,106.9000015258789,107.19999694824219,74.6470718383789,1333700
2013-06-28,AGG,106.93000030517578,107.3499984741211,106.8499984741211,107.20999908447266,74.65400695800781,2674000
2013-07-01,AGG,106.91999816894531,107.20999908447266,106.91999816894531,107.16000366210938,74.75730895996094,950300
2013-07-02,AGG,107.23999786376953,107.30999755859375,107.12999725341797,107.16000366210938,74.75730895996094,636900
2013-07-03,AGG,107.22000122070312,107.27999877929688,107.01000213623047,107.01000213623047,74.65264892578125,442600
2013-07-05,AGG,106.16999816894531,106.2699966430664,105.81999969482422,105.83999633789062,73.83643341064453,1476400
2013-07-08,AGG,106.11000061035156,106.44000244140625,106.11000061035156,106.38999938964844,74.22012329101562,641800
2013-07-09,AGG,106.56999969482422,106.56999969482422,106.43000030517578,106.5,74.29683685302734,1726000
2013-07-10,AGG,106.58999633789062,106.58999633789062,106.22000122070312,106.22000122070312,74.1015396118164,717100
2013-07-11,AGG,106.7699966430664,106.94000244140625,106.62000274658203,106.93000030517578,74.59681701660156,1044200
2013-07-12,AGG,107.13999938964844,107.13999938964844,106.68000030517578,106.80999755859375,74.51311492919922,616300
2013-07-15,AGG,106.91999816894531,107.04000091552734,106.83000183105469,107.04000091552734,74.67354583740234,757500
2013-07-16,AGG,107.13999938964844,107.22000122070312,107.06999969482422,107.20999908447266,74.79214477539062,585900
2013-07-17,AGG,107.44000244140625,107.55000305175781,107.30000305175781,107.44000244140625,74.95262908935547,693500
2013-07-18,AGG,107.37000274658203,107.44000244140625,107.18000030517578,107.23999786376953,74.8130874633789,576900
2013-07-19,AGG,107.38999938964844,107.55000305175781,107.29000091552734,107.5199966430664,75.00840759277344,563200
2013-07-22,AGG,107.52999877929688,107.69000244140625,107.5199966430664,107.66000366210938,75.10609436035156,684100
2013-07-23,AGG,107.51000213623047,107.62000274658203,107.43000030517578,107.5999984741211,75.06416320800781,502200
2013-07-24,AGG,107.23999786376953,107.33000183105469,107.02999877929688,107.25,74.82006072998047,956800
2013-07-25,AGG,107.0199966430664,107.30000305175781,106.94999694824219,107.29000091552734,74.84797668457031,917100
2013-07-26,AGG,107.3499984741211,107.37000274658203,107.22000122070312,107.26000213623047,74.8270492553711,771600
2013-07-29,AGG,107.26000213623047,107.2699966430664,107.12999725341797,107.26000213623047,74.8270492553711,459600
2013-07-30,AGG,107.26000213623047,107.33999633789062,107.0999984741211,107.22000122070312,74.79914093017578,662400
2013-07-31,AGG,106.80999755859375,107.31999969482422,106.7699966430664,107.30000305175781,74.8549575805664,1361900
2013-08-01,AGG,106.83999633789062,106.8499984741211,106.4000015258789,106.48999786376953,74.43208312988281,1162600
2013-08-02,AGG,106.80000305175781,106.95999908447266,106.70999908447266,106.8499984741211,74.68368530273438,841800
2013-08-05,AGG,106.93000030517578,106.94999694824219,106.73999786376953,106.9000015258789,74.71865844726562,1166600
2013-08-06,AGG,106.8499984741211,106.9000015258789,106.75,106.79000091552734,74.64177703857422,595700
2013-08-07,AGG,106.91999816894531,107.02999877929688,106.87000274658203,106.93000030517578,74.73963165283203,460600
2013-08-08,AGG,107.0999984741211,107.20999908447266,107.0199966430664,107.08000183105469,74.84444427490234,848700
2013-08-09,AGG,107.05999755859375,107.19000244140625,106.97000122070312,107.1500015258789,74.89341735839844,389800
2013-08-12,AGG,107.2699966430664,107.2699966430664,107.0,107.08000183105469,74.84444427490234,713400
2013-08-13,AGG,106.68000030517578,106.75,106.5199966430664,106.6500015258789,74.54389953613281,525100
2013-08-14,AGG,106.55000305175781,106.6500015258789,106.5,106.51000213623047,74.44607543945312,756200
2013-08-15,AGG,106.2300033569336,106.33999633789062,106.05999755859375,106.12999725341797,74.18045043945312,765600
2013-08-16,AGG,106.20999908447266,106.20999908447266,105.7300033569336,105.83000183105469,73.97076416015625,777300
2013-08-19,AGG,105.79000091552734,105.79000091552734,105.47000122070312,105.5,73.7400894165039,734000
2013-08-20,AGG,105.75,105.83999633789062,105.69999694824219,105.80999755859375,73.956787109375,984600
2013-08-21,AGG,105.70999908447266,105.8499984741211,105.41999816894531,105.41999816894531,73.68421936035156,656300
2013-08-22,AGG,105.5199966430664,105.5999984741211,105.33000183105469,105.55000305175781,73.77506256103516,821600
2013-08-23,AGG,105.54000091552734,105.93000030517578,105.44999694824219,105.9000015258789,74.01971435546875,653100
2013-08-26,AGG,106.11000061035156,106.11000061035156,106.0,106.08999633789062,74.1524887084961,922400
2013-08-27,AGG,106.30999755859375,106.44999694824219,106.16000366210938,106.37000274658203,74.34822082519531,676400
2013-08-28,AGG,106.31999969482422,106.31999969482422,106.12999725341797,106.16999816894531,74.20841979980469,648500
2013-08-29,AGG,106.08000183105469,106.43000030517578,106.0,106.37999725341797,74.35520935058594,476200
2013-08-30,AGG,106.4000015258789,106.5199966430664,106.20999908447266,106.20999908447266,74.23633575439453,1670400
2013-09-03,AGG,105.62999725341797,105.95999908447266,105.52999877929688,105.75,74.0528793334961,1345200
2013-09-04,AGG,105.8499984741211,105.8499984741211,105.54000091552734,105.5999984741211,73.94788360595703,546100
2013-09-05,AGG,105.33999633789062,105.33999633789062,104.87999725341797,104.88999938964844,73.45069122314453,1058500
2013-09-06,AGG,105.33000183105469,105.4800033569336,105.2300033569336,105.27999877929688,73.72377014160156,639500
2013-09-09,AGG,105.5999984741211,105.61000061035156,105.41000366210938,105.48999786376953,73.87086486816406,897200
2013-09-10,AGG,105.33999633789062,105.4800033569336,105.25,105.30000305175781,73.73777770996094,628400
2013-09-11,AGG,105.44000244140625,105.66000366210938,105.38999938964844,105.66000366210938,73.98986053466797,2315600
2013-09-12,AGG,105.80000305175781,105.83000183105469,105.54000091552734,105.54000091552734,73.90585327148438,846400
2013-09-13,AGG,105.63999938964844,105.76000213623047,105.61000061035156,105.69000244140625,74.0108871459961,655300
2013-09-16,AGG,106.27999877929688,106.27999877929688,105.86000061035156,105.91000366210938,74.16494750976562,866200
2013-09-17,AGG,106.0,106.05999755859375,105.9000015258789,106.01000213623047,74.2349624633789,865400
2013-09-18,AGG,105.93000030517578,106.98999786376953,105.80000305175781,106.9000015258789,74.85819244384766,1113400
2013-09-19,AGG,106.86000061035156,106.94000244140625,106.69999694824219,106.7699966430664,74.76722717285156,661800
2013-09-20,AGG,106.83999633789062,106.87000274658203,106.69000244140625,106.7699966430664,74.76722717285156,482800
2013-09-23,AGG,106.80000305175781,106.91999816894531,106.72000122070312,106.8499984741211,74.82313537597656,855800
2013-09-24,AGG,106.98999786376953,107.16000366210938,106.94000244140625,107.0999984741211,74.9982681274414,718200
2013-09-25,AGG,107.08000183105469,107.31999969482422,107.05999755859375,107.25,75.1032943725586,647700
2013-09-26,AGG,107.19999694824219,107.2300033569336,107.0999984741211,107.2300033569336,75.08928680419922,588100
2013-09-27,AGG,107.19999694824219,107.36000061035156,107.16999816894531,107.29000091552734,75.13130187988281,427900
2013-09-30,AGG,107.29000091552734,107.33000183105469,107.1500015258789,107.19999694824219,75.06827545166016,1439500
2013-10-01,AGG,107.08000183105469,107.0999984741211,106.86000061035156,106.93000030517578,75.01285552978516,2278900
2013-10-02,AGG,107.08999633789062,107.19000244140625,106.98999786376953,107.06999969482422,75.11109924316406,576900
2013-10-03,AGG,106.95999908447266,107.22000122070312,106.95999908447266,107.1500015258789,75.16720581054688,905000
2013-10-04,AGG,107.05999755859375,107.0999984741211,106.95999908447266,107.05999755859375,75.10408020019531,558700
2013-10-07,AGG,107.2300033569336,107.25,107.0199966430664,107.04000091552734,75.09004974365234,559600
2013-10-08,AGG,107.06999969482422,107.1500015258789,106.97000122070312,106.98999786376953,75.05494689941406,407000
2013-10-09,AGG,107.0999984741211,107.0999984741211,106.87999725341797,106.91000366210938,74.99885559082031,771500
2013-10-10,AGG,106.83999633789062,107.08000183105469,106.75,107.02999877929688,75.0829849243164,2191900
2013-10-11,AGG,107.22000122070312,107.2699966430664,107.04000091552734,107.06999969482422,75.11109924316406,1032200
2013-10-14,AGG,107.0999984741211,107.12000274658203,106.8499984741211,106.87000274658203,74.97077941894531,412900
2013-10-15,AGG,107.05999755859375,107.08999633789062,106.79000091552734,106.81999969482422,74.9356689453125,946900
2013-10-16,AGG,106.77999877929688,107.27999877929688,106.73999786376953,107.27999877929688,75.25836944580078,774700
2013-10-17,AGG,107.5,107.68000030517578,107.44000244140625,107.58000183105469,75.46880340576172,1027300
2013-10-18,AGG,107.75,107.81999969482422,107.68000030517578,107.76000213623047,75.59513854980469,632400
2013-10-21,AGG,107.70999908447266,107.7300033569336,107.58000183105469,107.66000366210938,75.52499389648438,734700
2013-10-22,AGG,107.9800033569336,108.06999969482422,107.91999816894531,108.04000091552734,75.79155731201172,1572300
2013-10-23,AGG,108.06999969482422,108.16000366210938,108.0,108.01000213623047,75.77050018310547,694300
2013-10-24,AGG,108.13999938964844,108.13999938964844,107.94000244140625,107.97000122070312,75.742431640625,532800
2013-10-25,AGG,108.01000213623047,108.0999984741211,107.95999908447266,108.01000213623047,75.77050018310547,484300
2013-10-28,AGG,108.0,108.08999633789062,107.94000244140625,107.95999908447266,75.73543548583984,936200
2013-10-29,AGG,107.91999816894531,108.08999633789062,107.87000274658203,108.08999633789062,75.82660675048828,521400
2013-10-30,AGG,108.11000061035156,108.20999908447266,107.81999969482422,107.88999938964844,75.68633270263672,492100
2013-10-31,AGG,108.11000061035156,108.12000274658203,107.80000305175781,107.9000015258789,75.69332885742188,1793600
2013-11-01,AGG,107.63999938964844,107.6500015258789,107.41000366210938,107.44999694824219,75.5106201171875,1262300
2013-11-04,AGG,107.55000305175781,107.5999984741211,107.4800033569336,107.55999755859375,75.58795166015625,421700
2013-11-05,AGG,107.4000015258789,107.43000030517578,107.22000122070312,107.23999786376953,75.36302947998047,873100
2013-11-06,AGG,107.38999938964844,107.45999908447266,107.3499984741211,107.41000366210938,75.4825210571289,557300
2013-11-07,AGG,107.5,107.58999633789062,107.43000030517578,107.48999786376953,75.5386962890625,804300
2013-11-08,AGG,106.88999938964844,106.94000244140625,106.76000213623047,106.81999969482422,75.0678939819336,796600
2013-11-11,AGG,106.81999969482422,106.83000183105469,106.68000030517578,106.76000213623047,75.02574157714844,1281400
2013-11-12,AGG,106.70999908447266,106.79000091552734,106.66999816894531,106.72000122070312,74.9976577758789,1130600
2013-11-13,AGG,106.94000244140625,107.04000091552734,106.87000274658203,107.0,75.1943359375,673300
2013-11-14,AGG,107.12000274658203,107.33000183105469,107.0999984741211,107.33000183105469,75.4262924194336,1437800
2013-11-15,AGG,107.37000274658203,107.38999938964844,107.27999877929688,107.36000061035156,75.44738006591797,1853400
2013-11-18,AGG,107.43000030517578,107.56999969482422,107.41999816894531,107.56999969482422,75.59495544433594,856100
2013-11-19,AGG,107.4800033569336,107.5,107.26000213623047,107.27999877929688,75.3911361694336,1703100
2013-11-20,AGG,107.33999633789062,107.45999908447266,106.94000244140625,106.9800033569336,75.18032836914062,984800
2013-11-21,AGG,106.91999816894531,107.11000061035156,106.80000305175781,107.08999633789062,75.25762939453125,1362900
2013-11-22,AGG,107.12999725341797,107.2699966430664,107.12000274658203,107.23999786376953,75.36302947998047,919400
2013-11-25,AGG,107.25,107.38999938964844,107.2300033569336,107.31999969482422,75.41925811767578,692300
2013-11-26,AGG,107.33999633789062,107.5199966430664,107.33000183105469,107.3499984741211,75.44038391113281,1625600
2013-11-27,AGG,107.44000244140625,107.4800033569336,107.20999908447266,107.4000015258789,75.47550964355469,932800
2013-11-29,AGG,107.30000305175781,107.48999786376953,107.20999908447266,107.44000244140625,75.50363159179688,956500
2013-12-02,AGG,107.0999984741211,107.12000274658203,106.83000183105469,106.83000183105469,75.2170181274414,1518700
2013-12-03,AGG,106.97000122070312,107.0199966430664,106.9000015258789,106.95999908447266,75.30856323242188,1478600
2013-12-04,AGG,106.61000061035156,106.7699966430664,106.58999633789062,106.68000030517578,75.11140441894531,1205300
2013-12-05,AGG,106.62000274658203,106.69999694824219,106.44999694824219,106.44999694824219,74.94953155517578,1882800
2013-12-06,AGG,106.52999877929688,106.70999908447266,106.4800033569336,106.62999725341797,75.07624053955078,2883600
2013-12-09,AGG,106.69999694824219,106.80999755859375,106.66000366210938,106.76000213623047,75.16777038574219,1379500
2013-12-10,AGG,107.05000305175781,107.06999969482422,106.88999938964844,106.93000030517578,75.28746795654297,2986900
2013-12-11,AGG,106.93000030517578,106.94999694824219,106.76000213623047,106.76000213623047,75.16777038574219,4010300
2013-12-12,AGG,106.72000122070312,106.72000122070312,106.56999969482422,106.5999984741211,75.05508422851562,2260000
2013-12-13,AGG,106.8499984741211,106.8499984741211,106.62000274658203,106.6500015258789,75.09029388427734,3461600
2013-12-16,AGG,106.91999816894531,106.91999816894531,106.66999816894531,106.7300033569336,75.14659881591797,804900
2013-12-17,AGG,106.7699966430664,106.95999908447266,106.7300033569336,106.91000366210938,75.27334594726562,1381500
2013-12-18,AGG,106.80000305175781,107.0999984741211,106.5,106.86000061035156,75.23815155029297,1446100
2013-12-19,AGG,106.58000183105469,106.75,106.47000122070312,106.68000030517578,75.11140441894531,2011400
2013-12-20,AGG,106.86000061035156,106.93000030517578,106.69000244140625,106.86000061035156,75.23815155029297,1378300
2013-12-23,AGG,106.86000061035156,106.97000122070312,106.7699966430664,106.80999755859375,75.20296478271484,1926700
2013-12-24,AGG,106.72000122070312,106.76000213623047,106.62999725341797,106.66000366210938,75.0973129272461,688500
2013-12-26,AGG,106.3499984741211,106.41999816894531,105.3499984741211,106.38999938964844,75.05496978759766,750800
2013-12-27,AGG,106.37999725341797,106.45999908447266,106.29000091552734,106.43000030517578,75.08319091796875,1320400
2013-12-30,AGG,106.51000213623047,106.58999633789062,106.44000244140625,106.52999877929688,75.15380859375,1226500
2013-12-31,AGG,106.4800033569336,106.58000183105469,106.37000274658203,106.43000030517578,75.08319091796875,3280300
2014-01-02,AGG,106.44999694824219,106.56999969482422,106.43000030517578,106.5,75.13261413574219,1346600
2014-01-03,AGG,106.44999694824219,106.62999725341797,106.38999938964844,106.54000091552734,75.16080474853516,2293500
2014-01-06,AGG,106.52999877929688,106.68000030517578,106.52999877929688,106.68000030517578,75.25959014892578,4413900
2014-01-07,AGG,106.73999786376953,106.77999877929688,106.66999816894531,106.7300033569336,75.29490661621094,1255700
2014-01-08,AGG,106.56999969482422,106.62000274658203,106.4000015258789,106.41000366210938,75.06914520263672,1090800
2014-01-09,AGG,106.55999755859375,106.58000183105469,106.41999816894531,106.55999755859375,75.17495727539062,829400
2014-01-10,AGG,106.91999816894531,107.0999984741211,106.83999633789062,107.0999984741211,75.55593872070312,1484400
2014-01-13,AGG,107.1500015258789,107.30999755859375,107.13999938964844,107.19999694824219,75.6264419555664,1139500
2014-01-14,AGG,107.18000030517578,107.25,106.9800033569336,107.04000091552734,75.51356506347656,987500
2014-01-15,AGG,106.87999725341797,106.9800033569336,106.81999969482422,106.94999694824219,75.45006561279297,1664800
2014-01-16,AGG,107.12999725341797,107.20999908447266,107.06999969482422,107.19999694824219,75.6264419555664,3113700
2014-01-17,AGG,107.18000030517578,107.30000305175781,107.0999984741211,107.25,75.66171264648438,588700
2014-01-21,AGG,107.20999908447266,107.33999633789062,107.16999816894531,107.30000305175781,75.69698333740234,1777100
2014-01-22,AGG,107.11000061035156,107.23999786376953,107.0199966430664,107.06999969482422,75.53471374511719,892900
2014-01-23,AGG,107.2699966430664,107.5199966430664,107.26000213623047,107.3499984741211,75.73226165771484,1901200
2014-01-24,AGG,107.4800033569336,107.6500015258789,107.45999908447266,107.58000183105469,75.8945083618164,783200
2014-01-27,AGG,107.52999877929688,107.63999938964844,107.33999633789062,107.3499984741211,75.73226165771484,1335000
2014-01-28,AGG,107.45999908447266,107.55999755859375,107.38999938964844,107.52999877929688,75.85923767089844,1306400
2014-01-29,AGG,107.68000030517578,107.91999816894531,107.68000030517578,107.8499984741211,76.0849609375,1116200
2014-01-30,AGG,107.76000213623047,107.87999725341797,107.70999908447266,107.87000274658203,76.09911346435547,3074400
2014-01-31,AGG,108.0,108.06999969482422,107.91000366210938,108.06999969482422,76.24021911621094,3195200
2014-02-03,AGG,107.77999877929688,108.2300033569336,107.70999908447266,108.2300033569336,76.49891662597656,1976100
2014-02-04,AGG,107.95999908447266,108.08000183105469,107.87999725341797,107.97000122070312,76.31507110595703,2289000
2014-02-05,AGG,107.87999725341797,107.91999816894531,107.69000244140625,107.69999694824219,76.12425994873047,1162000
2014-02-06,AGG,107.62000274658203,107.66999816894531,107.55000305175781,107.6500015258789,76.08893585205078,1127700
2014-02-07,AGG,107.68000030517578,107.9000015258789,107.6500015258789,107.81999969482422,76.20909881591797,611700
2014-02-10,AGG,107.86000061035156,107.97000122070312,107.80999755859375,107.93000030517578,76.286865234375,1097200
2014-02-11,AGG,107.69999694824219,107.77999877929688,107.62999725341797,107.72000122070312,76.13838195800781,1493200
2014-02-12,AGG,107.58000183105469,107.61000061035156,107.44999694824219,107.54000091552734,76.01118469238281,714100
2014-02-13,AGG,107.75,107.81999969482422,107.69000244140625,107.7699966430664,76.17373657226562,777400
2014-02-14,AGG,107.75,107.77999877929688,107.66000366210938,107.7699966430664,76.17373657226562,708800
2014-02-18,AGG,107.76000213623047,107.94000244140625,107.73999786376953,107.83999633789062,76.22315979003906,940900
2014-02-19,AGG,107.97000122070312,108.05999755859375,107.7300033569336,107.76000213623047,76.16665649414062,902600
2014-02-20,AGG,107.70999908447266,107.76000213623047,107.56999969482422,107.69999694824219,76.12425994873047,894000
2014-02-21,AGG,107.62000274658203,107.80000305175781,107.61000061035156,107.80000305175781,76.19499206542969,395300
2014-02-24,AGG,107.80000305175781,107.80000305175781,107.68000030517578,107.69999694824219,76.12425994873047,838500
2014-02-25,AGG,107.8499984741211,108.0199966430664,107.8499984741211,107.98999786376953,76.3292465209961,542100
2014-02-26,AGG,108.04000091552734,108.22000122070312,108.0,108.22000122070312,76.49182891845703,617000
2014-02-27,AGG,108.25,108.37000274658203,108.2300033569336,108.33000183105469,76.56956481933594,628900
2014-02-28,AGG,108.23999786376953,108.31999969482422,108.12000274658203,108.2699966430664,76.52716064453125,1589500
2014-03-03,AGG,108.20999908447266,108.37999725341797,108.1500015258789,108.3499984741211,76.7254409790039,2533900
2014-03-04,AGG,108.25,108.25,107.91999816894531,107.94999694824219,76.44219970703125,953700
2014-03-05,AGG,107.83000183105469,108.0199966430664,107.80999755859375,108.01000213623047,76.48467254638672,2852300
2014-03-06,AGG,107.76000213623047,107.83000183105469,107.69000244140625,107.7699966430664,76.31466674804688,689200
2014-03-07,AGG,107.45999908447266,107.55999755859375,107.41999816894531,107.47000122070312,76.10230255126953,701700
2014-03-10,AGG,107.5,107.55999755859375,107.45999908447266,107.47000122070312,76.10230255126953,877800
2014-03-11,AGG,107.52999877929688,107.55999755859375,107.44000244140625,107.45999908447266,76.0951919555664,2060700
2014-03-12,AGG,107.66999816894531,107.72000122070312,107.5999984741211,107.69999694824219,76.26517486572266,943300
2014-03-13,AGG,107.56999969482422,108.05999755859375,107.55000305175781,107.9800033569336,76.46345520019531,660900
2014-03-14,AGG,108.12999725341797,108.16999816894531,107.93000030517578,107.93000030517578,76.42807006835938,741800
2014-03-17,AGG,107.91000366210938,107.9800033569336,107.83000183105469,107.87000274658203,76.38555145263672,590800
2014-03-18,AGG,107.87999725341797,108.0,107.8499984741211,108.0,76.47762298583984,568500
2014-03-19,AGG,107.9800033569336,107.9800033569336,107.41000366210938,107.5199966430664,76.13768768310547,702000
2014-03-20,AGG,107.44999694824219,107.52999877929688,107.38999938964844,107.44000244140625,76.0810546875,1100600
2014-03-21,AGG,107.5199966430664,107.6500015258789,107.45999908447266,107.58999633789062,76.18721771240234,756600
2014-03-24,AGG,107.58000183105469,107.7699966430664,107.5,107.75,76.30056762695312,712800
2014-03-25,AGG,107.69000244140625,107.83000183105469,107.62999725341797,107.63999938964844,76.2226791381836,1377600
2014-03-26,AGG,107.75,107.9800033569336,107.72000122070312,107.9800033569336,76.46345520019531,593900
2014-03-27,AGG,107.87000274658203,108.08000183105469,107.8499984741211,108.05999755859375,76.52007293701172,1299200
2014-03-28,AGG,108.0999984741211,108.0999984741211,107.83999633789062,107.9000015258789,76.40680694580078,865600
2014-03-31,AGG,107.83000183105469,107.9800033569336,107.73999786376953,107.91000366210938,76.41388702392578,1452200
2014-04-01,AGG,107.66000366210938,107.66999816894531,107.54000091552734,107.54000091552734,76.29679107666016,760000
2014-04-02,AGG,107.3499984741211,107.48999786376953,107.33000183105469,107.36000061035156,76.16907501220703,1550700
2014-04-03,AGG,107.45999908447266,107.54000091552734,107.38999938964844,107.44000244140625,76.22584533691406,1126700
2014-04-04,AGG,107.66000366210938,107.8499984741211,107.6500015258789,107.77999877929688,76.46709442138672,1043600
2014-04-07,AGG,107.94000244140625,108.05999755859375,107.88999938964844,107.94000244140625,76.58062744140625,679500
2014-04-08,AGG,107.9800033569336,108.1500015258789,107.93000030517578,108.06999969482422,76.67281341552734,1435700
2014-04-09,AGG,108.0,108.20999908447266,107.93000030517578,108.08000183105469,76.679931640625,1167100
2014-04-10,AGG,108.16999816894531,108.48999786376953,108.1500015258789,108.33000183105469,76.85726165771484,1033300
2014-04-11,AGG,108.58000183105469,108.58000183105469,108.41000366210938,108.43000030517578,76.92823791503906,1168700
2014-04-14,AGG,108.43000030517578,108.5,108.4000015258789,108.47000122070312,76.95662689208984,1002800
2014-04-15,AGG,108.44000244140625,108.62000274658203,108.38999938964844,108.4800033569336,76.9637222290039,1442100
2014-04-16,AGG,108.41000366210938,108.54000091552734,108.33999633789062,108.54000091552734,77.00627136230469,2245600
2014-04-17,AGG,108.52999877929688,108.52999877929688,108.0999984741211,108.19000244140625,76.75796508789062,1262900
2014-04-21,AGG,108.2699966430664,108.29000091552734,108.12999725341797,108.18000030517578,76.7508544921875,1018200
2014-04-22,AGG,108.0999984741211,108.16000366210938,108.05000305175781,108.16000366210938,76.73665618896484,1034800
2014-04-23,AGG,108.23999786376953,108.36000061035156,108.20999908447266,108.2699966430664,76.81468200683594,746000
2014-04-24,AGG,108.22000122070312,108.37000274658203,108.18000030517578,108.37000274658203,76.88565826416016,494000
2014-04-25,AGG,108.43000030517578,108.55000305175781,108.37999725341797,108.38999938964844,76.89985656738281,489700
2014-04-28,AGG,108.38999938964844,108.45999908447266,108.26000213623047,108.31999969482422,76.85018920898438,523300
2014-04-29,AGG,108.26000213623047,108.4000015258789,108.23999786376953,108.37000274658203,76.88565826416016,858600
2014-04-30,AGG,108.45999908447266,108.61000061035156,108.37999725341797,108.58999633789062,77.041748046875,1313000
2014-05-01,AGG,108.37999725341797,108.69999694824219,108.37999725341797,108.55000305175781,77.15403747558594,1727500
2014-05-02,AGG,108.44999694824219,108.77999877929688,108.3499984741211,108.68000030517578,77.24642944335938,1075300
2014-05-05,AGG,108.72000122070312,108.73999786376953,108.55999755859375,108.63999938964844,77.21802520751953,1261100
2014-05-06,AGG,108.69000244140625,108.7300033569336,108.62000274658203,108.72000122070312,77.27484130859375,786800
2014-05-07,AGG,108.69999694824219,108.80000305175781,108.62000274658203,108.72000122070312,77.27484130859375,664900
2014-05-08,AGG,108.77999877929688,108.9000015258789,108.68000030517578,108.79000091552734,77.32463836669922,2023400
2014-05-09,AGG,108.75,108.81999969482422,108.66000366210938,108.69000244140625,77.25353240966797,812800
2014-05-12,AGG,108.63999938964844,108.6500015258789,108.54000091552734,108.5999984741211,77.1895751953125,472900
2014-05-13,AGG,108.76000213623047,108.80000305175781,108.72000122070312,108.77999877929688,77.31751251220703,577500
2014-05-14,AGG,108.91000366210938,109.1500015258789,108.91000366210938,109.08999633789062,77.537841796875,1321600
2014-05-15,AGG,109.30000305175781,109.44999694824219,109.2300033569336,109.31999969482422,77.70133972167969,2408900
2014-05-16,AGG,109.22000122070312,109.3499984741211,109.16999816894531,109.19999694824219,77.61602783203125,558700
2014-05-19,AGG,109.33999633789062,109.38999938964844,109.1500015258789,109.16000366210938,77.58761596679688,945900
2014-05-20,AGG,109.16000366210938,109.30999755859375,109.16000366210938,109.20999908447266,77.62318420410156,1102200
2014-05-21,AGG,109.1500015258789,109.18000030517578,109.08000183105469,109.16999816894531,77.59469604492188,804400
2014-05-22,AGG,109.13999938964844,109.18000030517578,109.05999755859375,109.12000274658203,77.55921173095703,633900
2014-05-23,AGG,109.18000030517578,109.25,109.13999938964844,109.2300033569336,77.63738250732422,435500
2014-05-27,AGG,109.25,109.33000183105469,109.0999984741211,109.33000183105469,77.70846557617188,762600
2014-05-28,AGG,109.48999786376953,109.69000244140625,109.43000030517578,109.62999725341797,77.92171478271484,692300
2014-05-29,AGG,109.73999786376953,109.83000183105469,109.54000091552734,109.56999969482422,77.87899780273438,981400
2014-05-30,AGG,109.5199966430664,109.66999816894531,109.44999694824219,109.66999816894531,77.95010375976562,5554700
2014-06-02,AGG,109.29000091552734,109.36000061035156,109.08999633789062,109.12999725341797,77.71295928955078,2822900
2014-06-03,AGG,109.0199966430664,109.04000091552734,108.77999877929688,108.83999633789062,77.50645446777344,864600
2014-06-04,AGG,108.87999725341797,108.87999725341797,108.7300033569336,108.80000305175781,77.4780044555664,1445700
2014-06-05,AGG,108.81999969482422,108.9800033569336,108.7699966430664,108.94000244140625,77.57764434814453,643500
2014-06-06,AGG,109.0999984741211,109.12000274658203,108.87999725341797,108.87999725341797,77.5349349975586,839500
2014-06-09,AGG,108.83999633789062,108.87000274658203,108.76000213623047,108.77999877929688,77.46373748779297,1133400
2014-06-10,AGG,108.66000366210938,108.73999786376953,108.62000274658203,108.62000274658203,77.34979248046875,823300
2014-06-11,AGG,108.7300033569336,108.77999877929688,108.63999938964844,108.69999694824219,77.40679168701172,1171200
2014-06-12,AGG,108.73999786376953,109.0,108.68000030517578,108.91000366210938,77.55632781982422,1224200
2014-06-13,AGG,108.75,108.91000366210938,108.70999908447266,108.87999725341797,77.5349349975586,1040900
2014-06-16,AGG,108.87000274658203,108.95999908447266,108.80000305175781,108.81999969482422,77.49224853515625,1308900
2014-06-17,AGG,108.76000213623047,108.79000091552734,108.61000061035156,108.62000274658203,77.34979248046875,842300
2014-06-18,AGG,108.7300033569336,108.91000366210938,108.63999938964844,108.91000366210938,77.55632781982422,504400
2014-06-19,AGG,109.0,109.02999877929688,108.68000030517578,108.75,77.44237518310547,690000
2014-06-20,AGG,108.7300033569336,108.94000244140625,108.7300033569336,108.94000244140625,77.57764434814453,690600
2014-06-23,AGG,108.98999786376953,109.0199966430664,108.83999633789062,108.83999633789062,77.50645446777344,559700
2014-06-24,AGG,108.95999908447266,109.05000305175781,108.87999725341797,109.02999877929688,77.64173126220703,740800
2014-06-25,AGG,109.19999694824219,109.27999877929688,109.11000061035156,109.18000030517578,77.7485580444336,713700
2014-06-26,AGG,109.25,109.41000366210938,109.25,109.38999938964844,77.89811706542969,673700
2014-06-27,AGG,109.44999694824219,109.5,109.3499984741211,109.38999938964844,77.89811706542969,668200
2014-06-30,AGG,109.47000122070312,109.5,109.36000061035156,109.4000015258789,77.90521240234375,1046900
2014-07-01,AGG,109.11000061035156,109.18000030517578,109.05000305175781,109.06999969482422,77.80962371826172,1038500
2014-07-02,AGG,108.94000244140625,108.94000244140625,108.69000244140625,108.69000244140625,77.53856658935547,1381400
2014-07-03,AGG,108.55000305175781,108.66000366210938,108.47000122070312,108.62000274658203,77.48866271972656,634500
2014-07-07,AGG,108.68000030517578,108.75,108.62000274658203,108.6500015258789,77.51006317138672,1253300
2014-07-08,AGG,108.83999633789062,108.9800033569336,108.83999633789062,108.87000274658203,77.6669692993164,2024000
2014-07-09,AGG,108.87999725341797,109.04000091552734,108.77999877929688,108.95999908447266,77.7311782836914,785500
2014-07-10,AGG,109.18000030517578,109.19000244140625,109.01000213623047,109.01000213623047,77.76686096191406,791500
2014-07-11,AGG,109.16000366210938,109.2699966430664,109.13999938964844,109.16000366210938,77.87387084960938,606800
2014-07-14,AGG,109.11000061035156,109.12999725341797,109.0,109.06999969482422,77.80962371826172,710400
2014-07-15,AGG,108.98999786376953,109.16000366210938,108.9000015258789,108.93000030517578,77.70977020263672,660200
2014-07-16,AGG,109.01000213623047,109.05000305175781,108.95999908447266,109.0199966430664,77.77398681640625,725600
2014-07-17,AGG,109.22000122070312,109.37999725341797,109.12000274658203,109.33999633789062,78.00223541259766,1158400
2014-07-18,AGG,109.27999877929688,109.33000183105469,109.18000030517578,109.22000122070312,77.9166259765625,543600
2014-07-21,AGG,109.3499984741211,109.44999694824219,109.26000213623047,109.26000213623047,77.9451675415039,585700
2014-07-22,AGG,109.37999725341797,109.44999694824219,109.27999877929688,109.44000244140625,78.07357788085938,724700
2014-07-23,AGG,109.5,109.55000305175781,109.41000366210938,109.45999908447266,78.08785247802734,711800
2014-07-24,AGG,109.31999969482422,109.31999969482422,109.12000274658203,109.12000274658203,77.84532928466797,853400
2014-07-25,AGG,109.36000061035156,109.38999938964844,109.26000213623047,109.33000183105469,77.99512481689453,506200
2014-07-28,AGG,109.37000274658203,109.43000030517578,109.2699966430664,109.3499984741211,78.0093765258789,673000
2014-07-29,AGG,109.44999694824219,109.5199966430664,109.33999633789062,109.45999908447266,78.08785247802734,2977100
2014-07-30,AGG,109.25,109.29000091552734,109.0199966430664,109.06999969482422,77.80962371826172,1245000
2014-07-31,AGG,108.9000015258789,109.08999633789062,108.87999725341797,108.93000030517578,77.70977020263672,1066400
2014-08-01,AGG,108.88999938964844,109.19000244140625,108.76000213623047,109.13999938964844,78.00285339355469,1064400
2014-08-04,AGG,109.19999694824219,109.27999877929688,109.12000274658203,109.12000274658203,77.988525390625,1496900
2014-08-05,AGG,109.12000274658203,109.19999694824219,108.94999694824219,109.12000274658203,77.988525390625,1875100
2014-08-06,AGG,109.2699966430664,109.2699966430664,109.11000061035156,109.12999725341797,77.99565124511719,708800
2014-08-07,AGG,109.19000244140625,109.4000015258789,109.0999984741211,109.33999633789062,78.14572143554688,1246500
2014-08-08,AGG,109.47000122070312,109.62999725341797,109.3499984741211,109.37999725341797,78.17434692382812,1339200
2014-08-11,AGG,109.4000015258789,109.48999786376953,109.3499984741211,109.38999938964844,78.18152618408203,1632900
2014-08-12,AGG,109.44000244140625,109.44000244140625,109.30999755859375,109.33999633789062,78.14572143554688,876000
2014-08-13,AGG,109.44000244140625,109.56999969482422,109.38999938964844,109.55999755859375,78.30301666259766,3471700
2014-08-14,AGG,109.6500015258789,109.68000030517578,109.54000091552734,109.62000274658203,78.3458251953125,1072900
2014-08-15,AGG,109.69999694824219,110.12000274658203,109.5999984741211,109.88999938964844,78.538818359375,2593200
2014-08-18,AGG,109.79000091552734,109.81999969482422,109.62000274658203,109.66000366210938,78.37445068359375,1424400
2014-08-19,AGG,109.76000213623047,109.80000305175781,109.48999786376953,109.51000213623047,78.26725769042969,1820700
2014-08-20,AGG,109.54000091552734,109.54000091552734,109.36000061035156,109.38999938964844,78.18152618408203,929500
2014-08-21,AGG,109.4800033569336,109.5999984741211,109.44999694824219,109.58000183105469,78.31726837158203,775600
2014-08-22,AGG,109.52999877929688,109.61000061035156,109.3499984741211,109.55999755859375,78.30301666259766,801900
2014-08-25,AGG,109.69000244140625,109.69000244140625,109.5199966430664,109.6500015258789,78.36729431152344,3473800
2014-08-26,AGG,109.7300033569336,109.7300033569336,109.61000061035156,109.66000366210938,78.37445068359375,543400
2014-08-27,AGG,109.7300033569336,109.8499984741211,109.69999694824219,109.80000305175781,78.47449493408203,866100
2014-08-28,AGG,109.95999908447266,110.05000305175781,109.88999938964844,110.0199966430664,78.63174438476562,1123700
2014-08-29,AGG,110.0,110.08999633789062,109.94000244140625,109.9800033569336,78.60319519042969,1473300
2014-09-02,AGG,109.55000305175781,109.62999725341797,109.44999694824219,109.44999694824219,78.36329650878906,1029300
2014-09-03,AGG,109.38999938964844,109.58000183105469,109.37000274658203,109.56999969482422,78.44920349121094,1311700
2014-09-04,AGG,109.44000244140625,109.54000091552734,109.30999755859375,109.43000030517578,78.3490219116211,1308900
2014-09-05,AGG,109.44000244140625,109.54000091552734,109.29000091552734,109.37000274658203,78.3060302734375,798500
2014-09-08,AGG,109.48999786376953,109.54000091552734,109.26000213623047,109.26000213623047,78.22727966308594,895300
2014-09-09,AGG,109.16999816894531,109.2300033569336,109.08999633789062,109.11000061035156,78.1198959350586,689500
2014-09-10,AGG,108.9800033569336,109.01000213623047,108.91000366210938,108.95999908447266,78.01248168945312,974400
2014-09-11,AGG,109.01000213623047,109.05999755859375,108.83000183105469,108.8499984741211,77.9336929321289,753500
2014-09-12,AGG,108.69000244140625,108.73999786376953,108.5999984741211,108.62999725341797,77.77621459960938,1327600
2014-09-15,AGG,108.7300033569336,108.76000213623047,108.58999633789062,108.61000061035156,77.76190185546875,1210800
2014-09-16,AGG,108.69999694824219,108.7699966430664,108.61000061035156,108.61000061035156,77.76190185546875,851000
2014-09-17,AGG,108.73999786376953,108.83999633789062,108.4800033569336,108.48999786376953,77.67599487304688,707200
2014-09-18,AGG,108.5,108.55000305175781,108.44999694824219,108.5,77.68315887451172,707600
2014-09-19,AGG,108.55999755859375,108.7300033569336,108.51000213623047,108.68000030517578,77.81200408935547,929900
2014-09-22,AGG,108.86000061035156,108.91000366210938,108.76000213623047,108.83000183105469,77.9194107055664,592400
2014-09-23,AGG,108.91000366210938,108.94999694824219,108.83000183105469,108.93000030517578,77.99102783203125,705200
2014-09-24,AGG,109.08000183105469,109.08000183105469,108.83999633789062,108.86000061035156,77.94087219238281,836700
2014-09-25,AGG,108.9800033569336,109.0999984741211,108.9800033569336,109.06999969482422,78.0911865234375,1161900
2014-09-26,AGG,109.05999755859375,109.08999633789062,108.87999725341797,109.05999755859375,78.08406829833984,1729500
2014-09-29,AGG,109.16000366210938,109.23999786376953,109.05999755859375,109.18000030517578,78.16996765136719,7243700
2014-09-30,AGG,109.19000244140625,109.27999877929688,109.08999633789062,109.11000061035156,78.1198959350586,2335400
2014-10-01,AGG,109.19999694824219,109.54000091552734,109.19999694824219,109.52999877929688,78.55662536621094,6605200
2014-10-02,AGG,109.55999755859375,109.62999725341797,109.3499984741211,109.3499984741211,78.42753601074219,4826800
2014-10-03,AGG,109.30999755859375,109.36000061035156,109.19999694824219,109.30000305175781,78.39171600341797,2928900
2014-10-06,AGG,109.4000015258789,109.55000305175781,109.30999755859375,109.4000015258789,78.4634017944336,2145800
2014-10-07,AGG,109.61000061035156,109.8499984741211,109.55999755859375,109.81999969482422,78.76464080810547,2328400
2014-10-08,AGG,109.9000015258789,110.13999938964844,109.68000030517578,110.12999725341797,78.98700714111328,2477900
2014-10-09,AGG,110.06999969482422,110.06999969482422,109.87000274658203,109.91000366210938,78.82920837402344,1502800
2014-10-10,AGG,109.95999908447266,110.02999877929688,109.87000274658203,109.98999786376953,78.88658142089844,1734400
2014-10-13,AGG,110.1500015258789,110.33999633789062,110.04000091552734,110.30999755859375,79.11610412597656,1098500
2014-10-14,AGG,110.5,110.58000183105469,110.27999877929688,110.55999755859375,79.29542541503906,3518500
2014-10-15,AGG,111.19999694824219,112.08000183105469,110.62999725341797,110.76000213623047,79.43883514404297,2275400
2014-10-16,AGG,111.0,111.1500015258789,110.54000091552734,110.66999816894531,79.37427520751953,1792900
2014-10-17,AGG,110.51000213623047,110.6500015258789,110.4000015258789,110.5199966430664,79.26667022705078,2065800
2014-10-20,AGG,110.69000244140625,110.7300033569336,110.56999969482422,110.6500015258789,79.35991668701172,1518300
2014-10-21,AGG,110.55000305175781,110.68000030517578,110.48999786376953,110.55000305175781,79.28825378417969,2625000
2014-10-22,AGG,110.5,110.54000091552734,110.4000015258789,110.48999786376953,79.24517822265625,3179200
2014-10-23,AGG,110.36000061035156,110.36000061035156,110.12999725341797,110.2300033569336,79.05870819091797,1863100
2014-10-24,AGG,110.2699966430664,110.3499984741211,110.1500015258789,110.2699966430664,79.08741760253906,1188900
2014-10-27,AGG,110.27999877929688,110.33000183105469,110.19000244140625,110.30999755859375,79.11610412597656,1073100
2014-10-28,AGG,110.20999908447266,110.25,110.0999984741211,110.13999938964844,78.99419403076172,1128600
2014-10-29,AGG,110.02999877929688,110.16000366210938,109.8499984741211,109.9000015258789,78.82201385498047,1591000
2014-10-30,AGG,110.05000305175781,110.19000244140625,110.02999877929688,110.08000183105469,78.95114135742188,2479500
2014-10-31,AGG,109.93000030517578,110.08000183105469,109.9000015258789,110.08000183105469,78.95114135742188,3145100
2014-11-03,AGG,109.83000183105469,109.8499984741211,109.55999755859375,109.68000030517578,78.80167388916016,2282400
2014-11-04,AGG,109.69999694824219,109.86000061035156,109.66999816894531,109.69000244140625,78.8088607788086,2346300
2014-11-05,AGG,109.6500015258789,109.73999786376953,109.58999633789062,109.7300033569336,78.8376235961914,2699600
2014-11-06,AGG,109.5199966430664,109.66999816894531,109.5,109.54000091552734,78.70110321044922,1391400
2014-11-07,AGG,109.61000061035156,109.91999816894531,109.5999984741211,109.91000366210938,78.96693420410156,1661400
2014-11-10,AGG,109.9000015258789,109.91000366210938,109.6500015258789,109.6500015258789,78.7801284790039,846900
2014-11-11,AGG,109.66000366210938,109.70999908447266,109.58999633789062,109.69999694824219,78.8160629272461,1138500
2014-11-12,AGG,109.73999786376953,109.87999725341797,109.66000366210938,109.70999908447266,78.82325744628906,1123700
2014-11-13,AGG,109.75,109.80000305175781,109.66000366210938,109.76000213623047,78.85919189453125,860800
2014-11-14,AGG,109.68000030517578,109.94000244140625,109.63999938964844,109.86000061035156,78.93104553222656,1073000
2014-11-17,AGG,109.95999908447266,109.95999908447266,109.72000122070312,109.7300033569336,78.8376235961914,1403000
2014-11-18,AGG,109.81999969482422,109.87999725341797,109.7699966430664,109.83000183105469,78.90941619873047,1318400
2014-11-19,AGG,109.68000030517578,109.83999633789062,109.55999755859375,109.56999969482422,78.72264862060547,1361800
2014-11-20,AGG,109.87000274658203,109.93000030517578,109.69000244140625,109.7699966430664,78.86634826660156,1155800
2014-11-21,AGG,109.91999816894531,109.95999908447266,109.83999633789062,109.9000015258789,78.95973205566406,1295000
2014-11-24,AGG,109.8499984741211,110.04000091552734,109.83999633789062,109.94000244140625,78.98848724365234,1355100
2014-11-25,AGG,109.95999908447266,110.22000122070312,109.95999908447266,110.18000030517578,79.16092681884766,3187700
2014-11-26,AGG,110.33000183105469,110.33999633789062,110.23999786376953,110.2699966430664,79.2256088256836,1205700
2014-11-28,AGG,110.43000030517578,110.62000274658203,110.4000015258789,110.61000061035156,79.4698486328125,2072800
2014-12-01,AGG,110.5999984741211,110.5999984741211,110.08000183105469,110.08000183105469,79.29122924804688,2811700
2014-12-02,AGG,109.98999786376953,109.98999786376953,109.80999755859375,109.86000061035156,79.13279724121094,1469400
2014-12-03,AGG,109.83000183105469,109.87000274658203,109.7300033569336,109.76000213623047,79.06075286865234,1998000
2014-12-04,AGG,109.8499984741211,110.11000061035156,109.77999877929688,110.08999633789062,79.29841613769531,3001700
2014-12-05,AGG,109.87000274658203,109.94000244140625,109.61000061035156,109.62000274658203,78.95986938476562,3477700
2014-12-08,AGG,109.80999755859375,110.0,109.55999755859375,109.88999938964844,79.15435028076172,984100
2014-12-09,AGG,110.13999938964844,110.2300033569336,109.94999694824219,110.05999755859375,79.27682495117188,1203000
2014-12-10,AGG,110.0,110.30999755859375,109.9800033569336,110.25,79.4136962890625,1208000
2014-12-11,AGG,110.1500015258789,110.2300033569336,110.0199966430664,110.20999908447266,79.3848648071289,1447700
2014-12-12,AGG,110.5,110.66000366210938,110.30999755859375,110.55999755859375,79.63699340820312,1714100
2014-12-15,AGG,110.37999725341797,110.54000091552734,110.25,110.26000213623047,79.4208755493164,2540700
2014-12-16,AGG,110.5999984741211,110.5999984741211,110.31999969482422,110.52999877929688,79.6153793334961,1411700
2014-12-17,AGG,110.5,110.68000030517578,110.27999877929688,110.38999938964844,79.51455688476562,2167500
2014-12-18,AGG,110.16999816894531,110.22000122070312,110.05999755859375,110.0999984741211,79.30561828613281,1865800
2014-12-19,AGG,110.08000183105469,110.37999725341797,110.08000183105469,110.27999877929688,79.43527221679688,1865000
2014-12-22,AGG,110.3499984741211,110.45999908447266,110.2699966430664,110.44999694824219,79.5577163696289,3827800
2014-12-23,AGG,110.30000305175781,110.38999938964844,109.9000015258789,109.94000244140625,79.19037628173828,2790800
2014-12-24,AGG,109.62999725341797,109.70999908447266,109.45999908447266,109.69000244140625,79.27641296386719,922100
2014-12-26,AGG,109.72000122070312,109.87000274658203,109.62000274658203,109.73999786376953,79.3125,1124900
2014-12-29,AGG,109.94000244140625,110.05000305175781,109.83000183105469,109.97000122070312,79.47875213623047,2199200
2014-12-30,AGG,110.19999694824219,110.26000213623047,110.01000213623047,110.08999633789062,79.56547546386719,2069600
2014-12-31,AGG,110.13999938964844,110.26000213623047,110.0999984741211,110.12000274658203,79.5871810913086,2493900
2015-01-02,AGG,110.18000030517578,110.5,110.18000030517578,110.43000030517578,79.81123352050781,2090200
2015-01-05,AGG,110.55999755859375,110.76000213623047,110.4800033569336,110.66999816894531,79.98466491699219,3446200
2015-01-06,AGG,110.95999908447266,111.3499984741211,110.88999938964844,110.94999694824219,80.18706512451172,3688100
2015-01-07,AGG,111.0,111.04000091552734,110.73999786376953,110.93000030517578,80.17259216308594,3984400
2015-01-08,AGG,110.83999633789062,110.83999633789062,110.62999725341797,110.76000213623047,80.04973602294922,2212200
2015-01-09,AGG,110.88999938964844,111.13999938964844,110.7300033569336,111.02999877929688,80.24482727050781,1322600
2015-01-12,AGG,111.16000366210938,111.26000213623047,111.08000183105469,111.12000274658203,80.30989074707031,2185700
2015-01-13,AGG,111.1500015258789,111.33000183105469,111.02999877929688,111.1500015258789,80.3315658569336,5537000
2015-01-14,AGG,111.63999938964844,111.6500015258789,111.4000015258789,111.41999816894531,80.52674865722656,3043600
2015-01-15,AGG,111.48999786376953,111.94000244140625,111.48999786376953,111.93000030517578,80.89532470703125,2084000
2015-01-16,AGG,111.68000030517578,111.83000183105469,111.41999816894531,111.5,80.58450317382812,2744500
2015-01-20,AGG,111.75,111.83999633789062,111.55000305175781,111.69000244140625,80.72187042236328,2059400
2015-01-21,AGG,111.68000030517578,111.80999755859375,111.38999938964844,111.48999786376953,80.5772933959961,2020200
2015-01-22,AGG,111.72000122070312,111.72000122070312,111.29000091552734,111.43000030517578,80.53392791748047,2030400
2015-01-23,AGG,111.6500015258789,111.80999755859375,111.54000091552734,111.70999908447266,80.736328125,1535000
2015-01-26,AGG,111.79000091552734,111.79000091552734,111.44999694824219,111.66000366210938,80.70014190673828,2705200
2015-01-27,AGG,111.97000122070312,111.97000122070312,111.55000305175781,111.5999984741211,80.65682220458984,1635900
2015-01-28,AGG,111.69999694824219,112.22000122070312,111.66999816894531,112.06999969482422,80.99650573730469,1327800
2015-01-29,AGG,111.93000030517578,112.05999755859375,111.81999969482422,111.9800033569336,80.93146514892578,1752600
2015-01-30,AGG,112.3499984741211,112.5199966430664,112.23999786376953,112.37999725341797,81.22052764892578,6252800
2015-02-02,AGG,112.05999755859375,112.2300033569336,112.0,112.19999694824219,81.21764373779297,2792100
2015-02-03,AGG,112.0999984741211,112.0999984741211,111.76000213623047,111.7699966430664,80.90641021728516,1815400
2015-02-04,AGG,111.63999938964844,111.94999694824219,111.5,111.94000244140625,81.02946472167969,1953000
2015-02-05,AGG,111.79000091552734,111.8499984741211,111.56999969482422,111.70999908447266,80.86295318603516,2409600
2015-02-06,AGG,111.41000366210938,111.41000366210938,111.02999877929688,111.05999755859375,80.39242553710938,2531300
2015-02-09,AGG,111.30999755859375,111.30999755859375,111.04000091552734,111.04000091552734,80.3779525756836,1724900
2015-02-10,AGG,110.95999908447266,111.05999755859375,110.81999969482422,110.91999816894531,80.29106140136719,1272500
2015-02-11,AGG,110.87999725341797,110.98999786376953,110.73999786376953,110.87000274658203,80.25489044189453,1803400
2015-02-12,AGG,110.91000366210938,111.12000274658203,110.87000274658203,110.88999938964844,80.26931762695312,2123700
2015-02-13,AGG,110.94999694824219,110.97000122070312,110.70999908447266,110.76000213623047,80.17528533935547,1706200
2015-02-17,AGG,110.66999816894531,110.7300033569336,110.23999786376953,110.30999755859375,79.84954071044922,2043000
2015-02-18,AGG,110.38999938964844,110.75,110.30999755859375,110.62000274658203,80.07394409179688,1442400
2015-02-19,AGG,110.62000274658203,110.76000213623047,110.4800033569336,110.52999877929688,80.00882720947266,1443000
2015-02-20,AGG,110.68000030517578,110.87999725341797,110.37000274658203,110.55000305175781,80.02326965332031,2280700
2015-02-23,AGG,110.69000244140625,110.80999755859375,110.66000366210938,110.75,80.16805267333984,1688200
2015-02-24,AGG,110.73999786376953,111.2699966430664,110.55000305175781,111.23999786376953,80.52273559570312,1736700
2015-02-25,AGG,111.19999694824219,111.31999969482422,111.06999969482422,111.31999969482422,80.58062744140625,2319300
2015-02-26,AGG,111.20999908447266,111.27999877929688,110.86000061035156,110.91999816894531,80.29106140136719,1837300
2015-02-27,AGG,111.13999938964844,111.22000122070312,110.88999938964844,111.19999694824219,80.49380493164062,3816400
2015-03-02,AGG,110.98999786376953,110.98999786376953,110.44999694824219,110.44999694824219,80.08480834960938,7881900
2015-03-03,AGG,110.44000244140625,110.56999969482422,110.30999755859375,110.30999755859375,79.98332977294922,4228400
2015-03-04,AGG,110.44000244140625,110.51000213623047,110.27999877929688,110.37000274658203,80.02682495117188,1477100
2015-03-05,AGG,110.43000030517578,110.54000091552734,110.30000305175781,110.41999816894531,80.06305694580078,1053000
2015-03-06,AGG,110.08000183105469,110.08999633789062,109.5999984741211,109.69999694824219,79.5409927368164,1872900
2015-03-09,AGG,110.16999816894531,110.16999816894531,109.91000366210938,109.9800033569336,79.74407196044922,2724700
2015-03-10,AGG,110.2300033569336,110.36000061035156,110.1500015258789,110.23999786376953,79.93256378173828,1708100
2015-03-11,AGG,110.20999908447266,110.52999877929688,110.20999908447266,110.45999908447266,80.09205627441406,1171600
2015-03-12,AGG,110.69000244140625,110.72000122070312,110.41999816894531,110.55000305175781,80.15736389160156,1416600
2015-03-13,AGG,110.44000244140625,110.62999725341797,110.25,110.33999633789062,80.00505828857422,3235500
2015-03-16,AGG,110.62000274658203,110.66999816894531,110.41999816894531,110.58000183105469,80.17908477783203,1305800
2015-03-17,AGG,110.63999938964844,110.68000030517578,110.54000091552734,110.55999755859375,80.1646499633789,1423700
2015-03-18,AGG,110.79000091552734,111.38999938964844,110.58000183105469,111.37000274658203,80.7519302368164,1997800
2015-03-19,AGG,111.23999786376953,111.30000305175781,110.94000244140625,110.9800033569336,80.46912384033203,1929700
2015-03-20,AGG,111.2300033569336,111.33999633789062,111.18000030517578,111.31999969482422,80.71563720703125,3833600
2015-03-23,AGG,111.37000274658203,111.4000015258789,111.2300033569336,111.33999633789062,80.73014831542969,1120900
2015-03-24,AGG,111.4800033569336,111.66999816894531,111.37000274658203,111.63999938964844,80.9476547241211,2647300
2015-03-25,AGG,111.75,111.75,111.43000030517578,111.43000030517578,80.7953872680664,1612300
2015-03-26,AGG,111.30999755859375,111.36000061035156,111.0,111.02999877929688,80.50537109375,1377600
2015-03-27,AGG,111.18000030517578,111.33999633789062,111.16000366210938,111.19000244140625,80.6214370727539,5610200
2015-03-30,AGG,111.33999633789062,111.33999633789062,111.16000366210938,111.23999786376953,80.65765380859375,1310700
2015-03-31,AGG,111.2699966430664,111.44999694824219,111.18000030517578,111.43000030517578,80.7953872680664,2958100
2015-04-01,AGG,111.41999816894531,111.62999725341797,111.30999755859375,111.58000183105469,81.05769348144531,1927300
2015-04-02,AGG,111.56999969482422,111.56999969482422,111.37999725341797,111.43000030517578,80.94871520996094,1761700
2015-04-06,AGG,111.77999877929688,111.77999877929688,111.37000274658203,111.5,80.99951171875,1431000
2015-04-07,AGG,111.44999694824219,111.56999969482422,111.27999877929688,111.5199966430664,81.01409149169922,1415200
2015-04-08,AGG,111.55999755859375,111.58999633789062,111.36000061035156,111.52999877929688,81.02133178710938,903000
2015-04-09,AGG,111.55999755859375,111.55999755859375,111.16999816894531,111.25,80.81794738769531,1728500
2015-04-10,AGG,111.43000030517578,111.45999908447266,111.19999694824219,111.25,80.81794738769531,2055600
2015-04-13,AGG,111.25,111.37000274658203,111.25,111.37000274658203,80.9051284790039,951000
2015-04-14,AGG,111.69999694824219,111.79000091552734,111.48999786376953,111.48999786376953,80.9923095703125,1157400
2015-04-15,AGG,111.66000366210938,111.70999908447266,111.55000305175781,111.63999938964844,81.10124206542969,1296800
2015-04-16,AGG,111.69999694824219,111.69999694824219,111.4000015258789,111.58000183105469,81.05769348144531,1000800
2015-04-17,AGG,111.52999877929688,111.80000305175781,111.45999908447266,111.66999816894531,81.12307739257812,1274300
2015-04-20,AGG,111.66999816894531,111.7300033569336,111.47000122070312,111.58999633789062,81.06494903564453,1289400
2015-04-21,AGG,111.56999969482422,111.5999984741211,111.44000244140625,111.47000122070312,80.97772979736328,1522700
2015-04-22,AGG,111.44000244140625,111.44000244140625,111.0999984741211,111.13999938964844,80.73800659179688,916400
2015-04-23,AGG,111.1500015258789,111.41999816894531,111.13999938964844,111.30999755859375,80.86152648925781,1483900
2015-04-24,AGG,111.4800033569336,111.56999969482422,111.41000366210938,111.5,80.99951171875,837700
2015-04-27,AGG,111.51000213623047,111.55999755859375,111.33999633789062,111.54000091552734,81.0285873413086,1595600
2015-04-28,AGG,111.33999633789062,111.44000244140625,111.11000061035156,111.11000061035156,80.71621704101562,1602000
2015-04-29,AGG,110.88999938964844,110.97000122070312,110.69999694824219,110.86000061035156,80.53462982177734,1313200
2015-04-30,AGG,110.69000244140625,110.91999816894531,110.51000213623047,110.86000061035156,80.53462982177734,3328600
2015-05-01,AGG,110.5199966430664,110.52999877929688,110.25,110.33999633789062,80.30606842041016,1357200
2015-05-04,AGG,110.41999816894531,110.47000122070312,110.12000274658203,110.12999725341797,80.15323638916016,1651900
2015-05-05,AGG,110.19000244140625,110.22000122070312,109.83999633789062,110.02999877929688,80.08043670654297,1481200
2015-05-06,AGG,109.94999694824219,109.97000122070312,109.61000061035156,109.66000366210938,79.81121826171875,1566000
2015-05-07,AGG,109.8499984741211,110.04000091552734,109.76000213623047,109.93000030517578,80.00765228271484,1986200
2015-05-08,AGG,110.36000061035156,110.43000030517578,110.20999908447266,110.29000091552734,80.26970672607422,1933600
2015-05-11,AGG,110.0199966430664,110.05999755859375,109.56999969482422,109.58999633789062,79.76028442382812,2984900
2015-05-12,AGG,109.5,109.76000213623047,109.37999725341797,109.58000183105469,79.7529525756836,1394900
2015-05-13,AGG,109.91000366210938,109.91999816894531,109.44999694824219,109.56999969482422,79.74565124511719,2441600
2015-05-14,AGG,109.6500015258789,109.79000091552734,109.58000183105469,109.73999786376953,79.86940002441406,1796900
2015-05-15,AGG,109.95999908447266,110.22000122070312,109.87999725341797,110.19999694824219,80.20417785644531,1047500
2015-05-18,AGG,109.93000030517578,110.01000213623047,109.76000213623047,109.77999877929688,79.89850616455078,863900
2015-05-19,AGG,109.45999908447266,109.70999908447266,109.38999938964844,109.4000015258789,79.62194061279297,1664400
2015-05-20,AGG,109.58000183105469,109.69000244140625,109.45999908447266,109.56999969482422,79.74565124511719,1584100
2015-05-21,AGG,109.6500015258789,109.93000030517578,109.6500015258789,109.91000366210938,79.99311065673828,2652600
2015-05-22,AGG,109.8499984741211,109.86000061035156,109.62000274658203,109.79000091552734,79.90576171875,1087000
2015-05-26,AGG,109.80000305175781,110.0999984741211,109.75,110.05999755859375,80.102294921875,2775000
2015-05-27,AGG,110.05999755859375,110.19000244140625,109.9000015258789,110.16999816894531,80.18235778808594,888700
2015-05-28,AGG,110.13999938964844,110.22000122070312,110.05000305175781,110.12999725341797,80.15323638916016,1298900
2015-05-29,AGG,110.18000030517578,110.30000305175781,110.08000183105469,110.16999816894531,80.18235778808594,2780300
2015-06-01,AGG,109.94999694824219,109.98999786376953,109.55999755859375,109.66000366210938,79.96070861816406,4327300
2015-06-02,AGG,109.43000030517578,109.44999694824219,109.16999816894531,109.2300033569336,79.64715576171875,1830400
2015-06-03,AGG,108.9800033569336,109.01000213623047,108.66999816894531,108.80000305175781,79.33363342285156,3413100
2015-06-04,AGG,108.88999938964844,109.16999816894531,108.88999938964844,109.02999877929688,79.50133514404297,1907900
2015-06-05,AGG,108.62999725341797,108.79000091552734,108.51000213623047,108.55000305175781,79.15127563476562,1619000
2015-06-08,AGG,108.76000213623047,108.80000305175781,108.66000366210938,108.70999908447266,79.26799774169922,1289700
2015-06-09,AGG,108.6500015258789,108.6500015258789,108.31999969482422,108.4000015258789,79.04195404052734,1206700
2015-06-10,AGG,108.23999786376953,108.30000305175781,108.04000091552734,108.12999725341797,78.84503173828125,1491200
2015-06-11,AGG,108.33000183105469,108.70999908447266,108.27999877929688,108.70999908447266,79.26799774169922,1539600
2015-06-12,AGG,108.68000030517578,108.9000015258789,108.5199966430664,108.58000183105469,79.17320251464844,1365900
2015-06-15,AGG,108.95999908447266,108.95999908447266,108.62999725341797,108.70999908447266,79.26799774169922,1666600
2015-06-16,AGG,108.83000183105469,108.88999938964844,108.68000030517578,108.88999938964844,79.39923095703125,1309900
2015-06-17,AGG,108.83999633789062,108.9000015258789,108.44000244140625,108.9000015258789,79.40652465820312,1895700
2015-06-18,AGG,108.80999755859375,108.87000274658203,108.62000274658203,108.87000274658203,79.38462829589844,2917400
2015-06-19,AGG,109.0999984741211,109.26000213623047,109.04000091552734,109.20999908447266,79.6325454711914,2048500
2015-06-22,AGG,108.94999694824219,109.0,108.63999938964844,108.66999816894531,79.23880004882812,1173800
2015-06-23,AGG,108.41000366210938,108.63999938964844,108.3499984741211,108.41999816894531,79.05650329589844,1339000
2015-06-24,AGG,108.55000305175781,108.68000030517578,108.44999694824219,108.58999633789062,79.18041229248047,1527800
2015-06-25,AGG,108.58000183105469,108.5999984741211,108.38999938964844,108.47000122070312,79.0929946899414,1222000
2015-06-26,AGG,108.29000091552734,108.30999755859375,108.11000061035156,108.20999908447266,78.90339660644531,1054900
2015-06-29,AGG,108.5999984741211,108.94000244140625,108.37999725341797,108.8499984741211,79.37005615234375,3278900
2015-06-30,AGG,108.72000122070312,109.0,108.61000061035156,108.77999877929688,79.31902313232422,2159500
2015-07-01,AGG,108.33000183105469,108.37999725341797,108.1500015258789,108.29000091552734,79.11876678466797,6010300
2015-07-02,AGG,108.4800033569336,108.5999984741211,108.43000030517578,108.44000244140625,79.22843170166016,994600
2015-07-06,AGG,108.87999725341797,108.98999786376953,108.62999725341797,108.83000183105469,79.51342010498047,1108000
2015-07-07,AGG,109.12000274658203,109.37999725341797,108.95999908447266,108.9800033569336,79.62296295166016,2502500
2015-07-08,AGG,109.16000366210938,109.36000061035156,109.02999877929688,109.23999786376953,79.81289672851562,2892900
2015-07-09,AGG,109.08999633789062,109.08999633789062,108.81999969482422,108.83999633789062,79.52066802978516,1932800
2015-07-10,AGG,108.47000122070312,108.58000183105469,108.27999877929688,108.37999725341797,79.18458557128906,2163700
2015-07-13,AGG,108.23999786376953,108.37000274658203,108.13999938964844,108.22000122070312,79.06769561767578,1938300
2015-07-14,AGG,108.43000030517578,108.5,108.31999969482422,108.4000015258789,79.19921875,1441400
2015-07-15,AGG,108.36000061035156,108.72000122070312,108.36000061035156,108.69000244140625,79.41108703613281,1781400
2015-07-16,AGG,108.54000091552734,108.79000091552734,108.5,108.77999877929688,79.47683715820312,1294800
2015-07-17,AGG,108.7300033569336,108.86000061035156,108.72000122070312,108.79000091552734,79.48411560058594,897600
2015-07-20,AGG,108.66999816894531,108.72000122070312,108.55000305175781,108.5999984741211,79.3453140258789,1245100
2015-07-21,AGG,108.54000091552734,108.8499984741211,108.51000213623047,108.77999877929688,79.47683715820312,1191500
2015-07-22,AGG,108.83000183105469,108.98999786376953,108.81999969482422,108.83000183105469,79.51342010498047,1100000
2015-07-23,AGG,108.83999633789062,109.1500015258789,108.80999755859375,109.13999938964844,79.7398910522461,1021400
2015-07-24,AGG,109.2300033569336,109.23999786376953,109.05999755859375,109.12000274658203,79.72527313232422,1192500
2015-07-27,AGG,109.25,109.3499984741211,109.20999908447266,109.26000213623047,79.82756042480469,2666000
2015-07-28,AGG,109.12999725341797,109.22000122070312,109.08999633789062,109.1500015258789,79.74716186523438,1873200
2015-07-29,AGG,109.08999633789062,109.12000274658203,108.94000244140625,109.05999755859375,79.6814193725586,2273500
2015-07-30,AGG,109.08000183105469,109.1500015258789,108.97000122070312,109.06999969482422,79.68867492675781,1959000
2015-07-31,AGG,109.44000244140625,109.51000213623047,109.3499984741211,109.5,80.00289916992188,2084300
2015-08-03,AGG,109.29000091552734,109.54000091552734,109.19000244140625,109.4000015258789,80.08560180664062,2563900
2015-08-04,AGG,109.3499984741211,109.43000030517578,109.06999969482422,109.08000183105469,79.85132598876953,1659900
2015-08-05,AGG,108.94000244140625,109.08000183105469,108.72000122070312,108.87999725341797,79.7049560546875,2346600
2015-08-06,AGG,108.93000030517578,109.0999984741211,108.9000015258789,109.01000213623047,79.80009460449219,1038100
2015-08-07,AGG,109.13999938964844,109.27999877929688,109.04000091552734,109.19999694824219,79.939208984375,2154700
2015-08-10,AGG,109.1500015258789,109.16999816894531,108.8499984741211,109.05999755859375,79.83671569824219,1280200
2015-08-11,AGG,109.41999816894531,109.58000183105469,109.27999877929688,109.41999816894531,80.1002197265625,1537300
2015-08-12,AGG,109.55000305175781,109.70999908447266,109.3499984741211,109.3499984741211,80.04898834228516,1563900
2015-08-13,AGG,109.36000061035156,109.37000274658203,109.11000061035156,109.12000274658203,79.88067626953125,1571700
2015-08-14,AGG,109.12000274658203,109.23999786376953,109.0199966430664,109.06999969482422,79.843994140625,1890500
2015-08-17,AGG,109.33000183105469,109.4000015258789,109.19999694824219,109.26000213623047,79.98312377929688,1387100
2015-08-18,AGG,109.19000244140625,109.23999786376953,109.04000091552734,109.05999755859375,79.83671569824219,785400
2015-08-19,AGG,109.04000091552734,109.4800033569336,108.95999908447266,109.4000015258789,80.08560180664062,2184900
2015-08-20,AGG,109.58000183105469,109.63999938964844,109.44999694824219,109.56999969482422,80.21004486083984,1075600
2015-08-21,AGG,109.68000030517578,109.87000274658203,109.56999969482422,109.76000213623047,80.34920501708984,2443400
2015-08-24,AGG,110.0,110.33999633789062,109.56999969482422,109.72000122070312,80.31987762451172,5440200
2015-08-25,AGG,109.69999694824219,109.69999694824219,109.12999725341797,109.45999908447266,80.12954711914062,4070000
2015-08-26,AGG,109.08000183105469,109.41000366210938,108.87999725341797,108.94999694824219,79.75618743896484,3994200
2015-08-27,AGG,108.94999694824219,109.19999694824219,108.93000030517578,109.0999984741211,79.86598205566406,4040500
2015-08-28,AGG,109.33999633789062,109.37000274658203,108.93000030517578,109.0,79.79279327392578,4774600
2015-08-31,AGG,109.27999877929688,109.37000274658203,108.9000015258789,108.91999816894531,79.73420715332031,4145600
2015-09-01,AGG,108.88999938964844,109.11000061035156,108.7699966430664,109.0199966430664,79.97041320800781,3386000
2015-09-02,AGG,108.91999816894531,109.05000305175781,108.80999755859375,108.87999725341797,79.86775970458984,3442000
2015-09-03,AGG,109.05999755859375,109.12000274658203,108.87000274658203,109.04000091552734,79.98509979248047,1935100
2015-09-04,AGG,109.19000244140625,109.33000183105469,109.0199966430664,109.2699966430664,80.15381622314453,1748100
2015-09-08,AGG,108.95999908447266,109.04000091552734,108.91000366210938,109.01000213623047,79.96305847167969,2130400
2015-09-09,AGG,108.77999877929688,109.08000183105469,108.69999694824219,109.05000305175781,79.99239349365234,2891400
2015-09-10,AGG,109.0,109.01000213623047,108.80999755859375,108.93000030517578,79.90440368652344,2564400
2015-09-11,AGG,109.05000305175781,109.16999816894531,109.01000213623047,109.05999755859375,79.9997787475586,2001600
2015-09-14,AGG,109.18000030517578,109.19999694824219,109.04000091552734,109.08999633789062,80.02177429199219,1543600
2015-09-15,AGG,109.0,109.0,108.5,108.5999984741211,79.66230010986328,1541200
2015-09-16,AGG,108.58999633789062,108.66000366210938,108.41000366210938,108.51000213623047,79.5963363647461,1810100
2015-09-17,AGG,108.4800033569336,109.19000244140625,108.4000015258789,109.19000244140625,80.0951156616211,1955400
2015-09-18,AGG,109.26000213623047,109.38999938964844,109.1500015258789,109.27999877929688,80.1611328125,4510600
2015-09-21,AGG,109.16999816894531,109.16999816894531,108.87999725341797,108.98999786376953,79.94842529296875,2325800
2015-09-22,AGG,109.19000244140625,109.38999938964844,109.12000274658203,109.25,80.13912200927734,2044800
2015-09-23,AGG,109.29000091552734,109.29000091552734,109.0999984741211,109.16000366210938,80.0731201171875,1562100
2015-09-24,AGG,109.48999786376953,109.51000213623047,109.23999786376953,109.30000305175781,80.17581176757812,2700000
2015-09-25,AGG,109.16000366210938,109.2300033569336,109.02999877929688,109.11000061035156,80.03643798828125,1225500
2015-09-28,AGG,109.19000244140625,109.41000366210938,109.11000061035156,109.37000274658203,80.22715759277344,1884400
2015-09-29,AGG,109.44000244140625,109.5999984741211,109.37000274658203,109.54000091552734,80.35183715820312,1506800
2015-09-30,AGG,109.47000122070312,109.62999725341797,109.44000244140625,109.58000183105469,80.3812026977539,3121600
2015-10-01,AGG,109.4800033569336,109.6500015258789,109.44999694824219,109.45999908447266,80.44367980957031,4274900
2015-10-02,AGG,109.8499984741211,110.1500015258789,109.69999694824219,109.79000091552734,80.6861572265625,3553300
2015-10-05,AGG,109.62999725341797,109.68000030517578,109.37000274658203,109.37999725341797,80.38484954833984,4604500
2015-10-06,AGG,109.47000122070312,109.69000244140625,109.37000274658203,109.6500015258789,80.58329010009766,5013800
2015-10-07,AGG,109.55000305175781,109.68000030517578,109.4800033569336,109.56999969482422,80.52449798583984,1983200
2015-10-08,AGG,109.69999694824219,109.69999694824219,109.30000305175781,109.41999816894531,80.41424560546875,2038700
2015-10-09,AGG,109.31999969482422,109.47000122070312,109.23999786376953,109.33000183105469,80.34809112548828,3235500
2015-10-12,AGG,109.4800033569336,109.6500015258789,109.33000183105469,109.61000061035156,80.55386352539062,1268800
2015-10-13,AGG,109.75,109.75,109.48999786376953,109.62000274658203,80.5612564086914,1500200
2015-10-14,AGG,109.83000183105469,110.05000305175781,109.7300033569336,110.02999877929688,80.86248779296875,3912000
2015-10-15,AGG,109.93000030517578,110.05000305175781,109.79000091552734,109.87999725341797,80.75235748291016,2044800
2015-10-16,AGG,109.9000015258789,109.94000244140625,109.7699966430664,109.7699966430664,80.67151641845703,1630000
2015-10-19,AGG,109.77999877929688,109.9000015258789,109.6500015258789,109.87999725341797,80.75235748291016,1534900
2015-10-20,AGG,109.77999877929688,109.77999877929688,109.55000305175781,109.66000366210938,80.59064483642578,1805400
2015-10-21,AGG,109.7300033569336,109.94999694824219,109.7300033569336,109.91999816894531,80.78170776367188,1278200
2015-10-22,AGG,109.9000015258789,110.05000305175781,109.83000183105469,109.94000244140625,80.7964096069336,2276300
2015-10-23,AGG,109.79000091552734,109.79000091552734,109.69000244140625,109.75,80.65679168701172,2237400
2015-10-26,AGG,109.8499984741211,109.9000015258789,109.73999786376953,109.80000305175781,80.69354248046875,1541300
2015-10-27,AGG,110.02999877929688,110.02999877929688,109.87999725341797,109.95999908447266,80.81111907958984,2021900
2015-10-28,AGG,109.9800033569336,110.05000305175781,109.56999969482422,109.62999725341797,80.5686264038086,1661300
2015-10-29,AGG,109.33999633789062,109.41999816894531,109.12999725341797,109.16000366210938,80.22319793701172,2333200
2015-10-30,AGG,109.19000244140625,109.45999908447266,109.1500015258789,109.44999694824219,80.43633270263672,10577000
2015-11-02,AGG,109.08000183105469,109.19000244140625,108.9800033569336,109.0199966430664,80.27799224853516,8049400
2015-11-03,AGG,108.94999694824219,109.0,108.79000091552734,108.81999969482422,80.1307373046875,3033400
2015-11-04,AGG,108.91000366210938,108.98999786376953,108.70999908447266,108.81999969482422,80.1307373046875,3542500
2015-11-05,AGG,108.87000274658203,108.88999938964844,108.5999984741211,108.7699966430664,80.09391784667969,2185900
2015-11-06,AGG,108.36000061035156,108.38999938964844,108.19000244140625,108.25,79.71099090576172,1829500
2015-11-09,AGG,108.05999755859375,108.36000061035156,108.04000091552734,108.18000030517578,79.65943908691406,12843200
2015-11-10,AGG,108.29000091552734,108.4800033569336,108.19999694824219,108.37999725341797,79.80670166015625,5233200
2015-11-11,AGG,108.31999969482422,108.37000274658203,108.23999786376953,108.23999786376953,79.70369720458984,1603400
2015-11-12,AGG,108.3499984741211,108.44999694824219,108.20999908447266,108.33999633789062,79.77728271484375,3448700
2015-11-13,AGG,108.4800033569336,108.58999633789062,108.44999694824219,108.55000305175781,79.93189239501953,3784100
2015-11-16,AGG,108.62999725341797,108.69999694824219,108.55999755859375,108.63999938964844,79.9981918334961,3326000
2015-11-17,AGG,108.48999786376953,108.77999877929688,108.41999816894531,108.72000122070312,80.05709075927734,2461300
2015-11-18,AGG,108.6500015258789,108.70999908447266,108.54000091552734,108.63999938964844,79.9981918334961,1952100
2015-11-19,AGG,108.9000015258789,108.9000015258789,108.68000030517578,108.69000244140625,80.03499603271484,4232700
2015-11-20,AGG,108.7699966430664,108.81999969482422,108.5999984741211,108.62000274658203,79.98345184326172,2034400
2015-11-23,AGG,108.6500015258789,108.76000213623047,108.56999969482422,108.6500015258789,80.00556945800781,1976000
2015-11-24,AGG,108.75,108.80000305175781,108.66000366210938,108.75,80.07915496826172,1335300
2015-11-25,AGG,108.7699966430664,108.83999633789062,108.69000244140625,108.80000305175781,80.11601257324219,1169300
2015-11-27,AGG,108.8499984741211,108.87000274658203,108.7699966430664,108.7699966430664,80.09391784667969,946100
2015-11-30,AGG,108.83000183105469,108.87000274658203,108.7699966430664,108.80999755859375,80.1233901977539,2397000
2015-12-01,AGG,108.54000091552734,108.83999633789062,108.43000030517578,108.81999969482422,80.40414428710938,4260000
2015-12-02,AGG,108.7300033569336,108.77999877929688,108.61000061035156,108.69000244140625,80.30807495117188,2462800
2015-12-03,AGG,108.41000366210938,108.41000366210938,107.80999755859375,107.88999938964844,79.7170181274414,4634100
2015-12-04,AGG,108.05000305175781,108.30000305175781,108.0,108.23999786376953,79.97560119628906,2181300
2015-12-07,AGG,108.30000305175781,108.58000183105469,108.2300033569336,108.4000015258789,80.09381103515625,2143800
2015-12-08,AGG,108.58999633789062,108.5999984741211,108.37000274658203,108.44000244140625,80.1233901977539,2311800
2015-12-09,AGG,108.33999633789062,108.58000183105469,108.20999908447266,108.44000244140625,80.1233901977539,2791000
2015-12-10,AGG,108.51000213623047,108.51000213623047,108.36000061035156,108.41999816894531,80.1085433959961,2001500
2015-12-11,AGG,108.69999694824219,108.86000061035156,108.56999969482422,108.69000244140625,80.30807495117188,2321400
2015-12-14,AGG,108.52999877929688,108.58000183105469,108.16999816894531,108.18000030517578,79.93126678466797,3351900
2015-12-15,AGG,108.08000183105469,108.19000244140625,107.91000366210938,108.19000244140625,79.93861389160156,2955900
2015-12-16,AGG,108.12000274658203,108.2699966430664,107.93000030517578,108.0,79.79822540283203,2946800
2015-12-17,AGG,108.23999786376953,108.30000305175781,108.0199966430664,108.1500015258789,79.90906524658203,5407800
2015-12-18,AGG,108.3499984741211,108.45999908447266,108.25,108.37999725341797,80.07901000976562,4006400
2015-12-21,AGG,108.48999786376953,108.54000091552734,108.23999786376953,108.27999877929688,80.0051040649414,3233500
2015-12-22,AGG,108.2699966430664,108.27999877929688,108.12000274658203,108.19999694824219,79.9460220336914,4507600
2015-12-23,AGG,108.01000213623047,108.19000244140625,108.0,108.18000030517578,79.93126678466797,3599600
2015-12-24,AGG,107.94999694824219,108.05000305175781,107.91999816894531,108.01000213623047,79.9697494506836,1248800
2015-12-28,AGG,108.02999877929688,108.12999725341797,107.98999786376953,108.01000213623047,79.9697494506836,3736400
2015-12-29,AGG,107.91999816894531,107.9800033569336,107.62000274658203,107.73999786376953,79.76988220214844,3094500
2015-12-30,AGG,107.63999938964844,107.77999877929688,107.5999984741211,107.72000122070312,79.75499725341797,3731400
2015-12-31,AGG,107.87000274658203,108.02999877929688,107.81999969482422,108.01000213623047,79.9697494506836,3406100
2016-01-04,AGG,108.08999633789062,108.29000091552734,107.93000030517578,107.97000122070312,79.940185546875,3691000
2016-01-05,AGG,107.87000274658203,108.12000274658203,107.87000274658203,108.0199966430664,79.9771728515625,2732900
2016-01-06,AGG,108.33999633789062,108.45999908447266,108.22000122070312,108.43000030517578,80.28071594238281,2915800
2016-01-07,AGG,108.4000015258789,108.47000122070312,108.20999908447266,108.41999816894531,80.2733154296875,2469000
2016-01-08,AGG,108.56999969482422,108.70999908447266,108.3499984741211,108.66000366210938,80.45104217529297,4016900
2016-01-11,AGG,108.38999938964844,108.58999633789062,108.33999633789062,108.3499984741211,80.22150421142578,2820200
2016-01-12,AGG,108.44000244140625,108.81999969482422,108.36000061035156,108.58999633789062,80.399169921875,3318400
2016-01-13,AGG,108.5999984741211,108.93000030517578,108.55000305175781,108.83999633789062,80.58425903320312,3011500
2016-01-14,AGG,108.79000091552734,108.88999938964844,108.58000183105469,108.80000305175781,80.5546875,5322700
2016-01-15,AGG,109.08000183105469,109.12000274658203,108.83000183105469,108.93000030517578,80.65091705322266,3348900
2016-01-19,AGG,108.8499984741211,108.95999908447266,108.72000122070312,108.81999969482422,80.56946563720703,4209800
2016-01-20,AGG,109.0999984741211,109.18000030517578,108.87000274658203,108.91000366210938,80.6361083984375,4349900
2016-01-21,AGG,109.08000183105469,109.08000183105469,108.73999786376953,108.76000213623047,80.5250473022461,7256000
2016-01-22,AGG,108.72000122070312,108.8499984741211,108.58999633789062,108.83999633789062,80.58425903320312,3258700
2016-01-25,AGG,108.94999694824219,108.9800033569336,108.7699966430664,108.77999877929688,80.53987121582031,3285000
2016-01-26,AGG,108.9000015258789,109.0,108.7699966430664,108.91999816894531,80.64353942871094,2604100
2016-01-27,AGG,108.91000366210938,109.01000213623047,108.72000122070312,108.94000244140625,80.65831756591797,1645300
2016-01-28,AGG,108.98999786376953,109.0999984741211,108.81999969482422,109.02999877929688,80.72494506835938,2390600
2016-01-29,AGG,109.41000366210938,109.4800033569336,109.25,109.3499984741211,80.96189880371094,8633000
2016-02-01,AGG,109.0999984741211,109.25,108.83999633789062,108.98999786376953,80.86397552490234,4512300
2016-02-02,AGG,109.2300033569336,109.37999725341797,109.12999725341797,109.31999969482422,81.10879516601562,4835100
2016-02-03,AGG,109.26000213623047,109.63999938964844,109.19999694824219,109.30999755859375,81.10137176513672,3700300
2016-02-04,AGG,109.33999633789062,109.45999908447266,109.23999786376953,109.41999816894531,81.18299102783203,1880300
2016-02-05,AGG,109.23999786376953,109.44000244140625,109.1500015258789,109.31999969482422,81.10879516601562,2155500
2016-02-08,AGG,109.58999633789062,109.87000274658203,109.5,109.73999786376953,81.42041015625,2818600
2016-02-09,AGG,109.91999816894531,109.93000030517578,109.66000366210938,109.7300033569336,81.41301727294922,3023800
2016-02-10,AGG,109.81999969482422,110.0,109.5999984741211,110.0,81.61333465576172,2319000
2016-02-11,AGG,110.41000366210938,110.5,110.01000213623047,110.06999969482422,81.6652603149414,2928000
2016-02-12,AGG,109.91999816894531,109.95999908447266,109.55000305175781,109.7699966430664,81.44266510009766,2968800
2016-02-16,AGG,109.54000091552734,109.61000061035156,109.43000030517578,109.5,81.2423095703125,2356200
2016-02-17,AGG,109.43000030517578,109.45999908447266,109.22000122070312,109.44000244140625,81.19780731201172,2446600
2016-02-18,AGG,109.5,109.80999755859375,109.44999694824219,109.7699966430664,81.44266510009766,2844400
2016-02-19,AGG,109.80000305175781,109.8499984741211,109.63999938964844,109.79000091552734,81.4574966430664,2278800
2016-02-22,AGG,109.7699966430664,109.87999725341797,109.72000122070312,109.81999969482422,81.47975158691406,2421800
2016-02-23,AGG,109.62999725341797,110.0,109.5199966430664,109.83999633789062,81.49457550048828,2337800
2016-02-24,AGG,110.12000274658203,110.31999969482422,109.83999633789062,109.87999725341797,81.5242691040039,2473200
2016-02-25,AGG,110.08999633789062,110.30999755859375,110.0,110.16000366210938,81.73202514648438,2335700
2016-02-26,AGG,109.9000015258789,109.97000122070312,109.80000305175781,109.95999908447266,81.58363342285156,2068100
2016-02-29,AGG,109.94000244140625,110.0999984741211,109.91000366210938,110.08999633789062,81.68009185791016,3694200
2016-03-01,AGG,109.93000030517578,110.05000305175781,109.4000015258789,109.54000091552734,81.43547821044922,3984500
2016-03-02,AGG,109.44999694824219,109.4800033569336,109.31999969482422,109.41999816894531,81.34628295898438,2624500
2016-03-03,AGG,109.47000122070312,109.61000061035156,109.37000274658203,109.55000305175781,81.44294738769531,3632800
2016-03-04,AGG,109.5,109.58000183105469,109.27999877929688,109.37999725341797,81.31654357910156,4461100
2016-03-07,AGG,109.38999938964844,109.38999938964844,109.20999908447266,109.3499984741211,81.29426574707031,2823200
2016-03-08,AGG,109.7300033569336,109.83000183105469,109.55999755859375,109.62000274658203,81.49496459960938,1984400
2016-03-09,AGG,109.55999755859375,109.66000366210938,109.44999694824219,109.56999969482422,81.45780181884766,1468700
2016-03-10,AGG,109.6500015258789,109.73999786376953,109.37999725341797,109.62000274658203,81.49496459960938,2828700
2016-03-11,AGG,109.6500015258789,109.70999908447266,109.38999938964844,109.41999816894531,81.34628295898438,2065000
2016-03-14,AGG,109.48999786376953,109.5999984741211,109.44999694824219,109.4800033569336,81.39088439941406,2186900
2016-03-15,AGG,109.68000030517578,109.69999694824219,109.37999725341797,109.37999725341797,81.31654357910156,1746100
2016-03-16,AGG,109.38999938964844,109.86000061035156,109.29000091552734,109.8499984741211,81.6659164428711,1888200
2016-03-17,AGG,109.94999694824219,110.12999725341797,109.9000015258789,110.08000183105469,81.83695983886719,4116500
2016-03-18,AGG,110.19000244140625,110.29000091552734,110.12000274658203,110.16999816894531,81.90388488769531,1909600
2016-03-21,AGG,110.05999755859375,110.12999725341797,109.91000366210938,109.93000030517578,81.72543334960938,2152300
2016-03-22,AGG,110.2699966430664,110.2699966430664,109.83000183105469,109.86000061035156,81.67337799072266,2023000
2016-03-23,AGG,109.95999908447266,110.13999938964844,109.86000061035156,110.0999984741211,81.85181427001953,2885000
2016-03-24,AGG,110.29000091552734,110.29000091552734,110.02999877929688,110.11000061035156,81.8592758178711,2846400
2016-03-28,AGG,110.1500015258789,110.30000305175781,110.08000183105469,110.19000244140625,81.91870880126953,2918100
2016-03-29,AGG,110.3499984741211,110.56999969482422,110.20999908447266,110.5199966430664,82.16409301757812,1885900
2016-03-30,AGG,110.48999786376953,110.55999755859375,110.30999755859375,110.4800033569336,82.13430786132812,2764500
2016-03-31,AGG,110.5199966430664,110.8499984741211,110.5199966430664,110.83000183105469,82.39454650878906,7003600
2016-04-01,AGG,110.52999877929688,110.66000366210938,110.3499984741211,110.51000213623047,82.32157135009766,5374200
2016-04-04,AGG,110.5999984741211,110.66999816894531,110.51000213623047,110.62000274658203,82.4034194946289,3176200
2016-04-05,AGG,110.94999694824219,110.9800033569336,110.70999908447266,110.7699966430664,82.51522064208984,2954100
2016-04-06,AGG,110.80000305175781,110.80000305175781,110.62000274658203,110.75,82.50027465820312,2027400
2016-04-07,AGG,110.9800033569336,111.05000305175781,110.7699966430664,110.98999786376953,82.67910766601562,1876100
2016-04-08,AGG,111.0,111.0,110.80999755859375,110.87999725341797,82.59712982177734,2318300
2016-04-11,AGG,110.87000274658203,110.95999908447266,110.76000213623047,110.95999908447266,82.6567153930664,1718400
2016-04-12,AGG,110.8499984741211,110.86000061035156,110.6500015258789,110.77999877929688,82.52266693115234,1984500
2016-04-13,AGG,110.73999786376953,110.91999816894531,110.68000030517578,110.83000183105469,82.55990600585938,1769000
2016-04-14,AGG,110.76000213623047,110.80999755859375,110.63999938964844,110.63999938964844,82.41837310791016,3596400
2016-04-15,AGG,110.80000305175781,110.9800033569336,110.75,110.94999694824219,82.64928436279297,1579500
2016-04-18,AGG,110.91000366210938,110.94999694824219,110.79000091552734,110.94000244140625,82.64183044433594,2146600
2016-04-19,AGG,110.94000244140625,111.0,110.7699966430664,110.93000030517578,82.63434600830078,2019200
2016-04-20,AGG,111.0199966430664,111.02999877929688,110.5999984741211,110.66000366210938,82.43324279785156,2376000
2016-04-21,AGG,110.5199966430664,110.62000274658203,110.44999694824219,110.51000213623047,82.32157135009766,2692800
2016-04-22,AGG,110.6500015258789,110.72000122070312,110.5199966430664,110.5199966430664,82.3289566040039,3795600
2016-04-25,AGG,110.5199966430664,110.58999633789062,110.38999938964844,110.4000015258789,82.23957824707031,3118800
2016-04-26,AGG,110.4800033569336,110.4800033569336,110.2300033569336,110.3499984741211,82.20231628417969,2326100
2016-04-27,AGG,110.52999877929688,110.69000244140625,110.33000183105469,110.68000030517578,82.44813537597656,2337100
2016-04-28,AGG,110.68000030517578,110.94999694824219,110.58999633789062,110.9000015258789,82.61199951171875,9405200
2016-04-29,AGG,110.81999969482422,110.93000030517578,110.75,110.88999938964844,82.60460662841797,5112900
2016-05-02,AGG,110.73999786376953,110.73999786376953,110.5199966430664,110.61000061035156,82.548583984375,3553900
2016-05-03,AGG,110.88999938964844,110.94999694824219,110.75,110.80999755859375,82.69786071777344,3044900
2016-05-04,AGG,110.91000366210938,110.93000030517578,110.76000213623047,110.86000061035156,82.73518371582031,2920200
2016-05-05,AGG,110.91999816894531,111.16000366210938,110.80000305175781,111.13999938964844,82.94413757324219,3008100
2016-05-06,AGG,111.12000274658203,111.12000274658203,110.97000122070312,110.97000122070312,82.8172836303711,2718500
2016-05-09,AGG,111.11000061035156,111.13999938964844,111.01000213623047,111.04000091552734,82.86953735351562,2173500
2016-05-10,AGG,111.05999755859375,111.0999984741211,110.98999786376953,111.08999633789062,82.9068603515625,2103800
2016-05-11,AGG,111.05999755859375,111.26000213623047,111.0199966430664,111.08999633789062,82.9068603515625,2507000
2016-05-12,AGG,110.91999816894531,111.0999984741211,110.91999816894531,110.98999786376953,82.83222961425781,1938800
2016-05-13,AGG,111.08000183105469,111.2300033569336,111.02999877929688,111.19999694824219,82.98887634277344,1511400
2016-05-16,AGG,111.19000244140625,111.19000244140625,110.9800033569336,111.01000213623047,82.84712219238281,3134400
2016-05-17,AGG,111.02999877929688,111.05000305175781,110.86000061035156,110.86000061035156,82.73518371582031,1769700
2016-05-18,AGG,110.77999877929688,110.80000305175781,110.31999969482422,110.4000015258789,82.39192199707031,1900800
2016-05-19,AGG,110.47000122070312,110.55999755859375,110.4000015258789,110.47000122070312,82.44416046142578,3461900
2016-05-20,AGG,110.54000091552734,110.62000274658203,110.44000244140625,110.54000091552734,82.4963607788086,2655700
2016-05-23,AGG,110.54000091552734,110.5999984741211,110.43000030517578,110.5199966430664,82.48143005371094,2244300
2016-05-24,AGG,110.55999755859375,110.55999755859375,110.33999633789062,110.45999908447266,82.43667602539062,1759800
2016-05-25,AGG,110.54000091552734,110.55000305175781,110.38999938964844,110.4800033569336,82.45162200927734,2735700
2016-05-26,AGG,110.63999938964844,110.7300033569336,110.55999755859375,110.6500015258789,82.57846069335938,1614800
2016-05-27,AGG,110.68000030517578,110.69999694824219,110.4800033569336,110.62999725341797,82.56354522705078,2164800
2016-05-31,AGG,110.41000366210938,110.76000213623047,110.36000061035156,110.69999694824219,82.61581420898438,3368800
2016-06-01,AGG,110.58999633789062,110.6500015258789,110.41000366210938,110.41999816894531,82.56945037841797,2941300
2016-06-02,AGG,110.55999755859375,110.73999786376953,110.55999755859375,110.69999694824219,82.77882385253906,2013900
2016-06-03,AGG,111.1500015258789,111.30000305175781,111.12000274658203,111.30000305175781,83.2274398803711,2210500
2016-06-06,AGG,111.16999816894531,111.2300033569336,111.06999969482422,111.1500015258789,83.11529541015625,3278900
2016-06-07,AGG,111.23999786376953,111.30999755859375,111.19999694824219,111.25,83.19007110595703,2157100
2016-06-08,AGG,111.30000305175781,111.33999633789062,111.22000122070312,111.29000091552734,83.21998596191406,2148000
2016-06-09,AGG,111.5,111.5,111.36000061035156,111.37000274658203,83.27983093261719,1543600
2016-06-10,AGG,111.54000091552734,111.66000366210938,111.44999694824219,111.5199966430664,83.3919906616211,1368300
2016-06-13,AGG,111.56999969482422,111.66999816894531,111.52999877929688,111.61000061035156,83.45924377441406,1661400
2016-06-14,AGG,111.68000030517578,111.7300033569336,111.55000305175781,111.55999755859375,83.42192840576172,1871500
2016-06-15,AGG,111.66999816894531,111.93000030517578,111.63999938964844,111.80000305175781,83.60136413574219,1732100
2016-06-16,AGG,111.91999816894531,112.06999969482422,111.77999877929688,111.87000274658203,83.65364837646484,2533000
2016-06-17,AGG,111.86000061035156,111.87000274658203,111.66000366210938,111.79000091552734,83.59387969970703,2730900
2016-06-20,AGG,111.56999969482422,111.58000183105469,111.44999694824219,111.4800033569336,83.3620376586914,2043800
2016-06-21,AGG,111.55000305175781,111.56999969482422,111.3499984741211,111.4000015258789,83.30223083496094,1882500
2016-06-22,AGG,111.44000244140625,111.51000213623047,111.3499984741211,111.47000122070312,83.3546142578125,1734300
2016-06-23,AGG,111.33000183105469,111.43000030517578,111.25,111.27999877929688,83.21251678466797,1721100
2016-06-24,AGG,112.11000061035156,112.1500015258789,111.79000091552734,111.87999725341797,83.66117858886719,4081200
2016-06-27,AGG,112.33000183105469,112.48999786376953,112.30999755859375,112.33000183105469,83.99764251708984,3018800
2016-06-28,AGG,112.54000091552734,112.54000091552734,112.37000274658203,112.47000122070312,84.10236358642578,2951700
2016-06-29,AGG,112.52999877929688,112.5999984741211,112.33999633789062,112.38999938964844,84.04256439208984,2745800
2016-06-30,AGG,112.51000213623047,112.69000244140625,112.4000015258789,112.62000274658203,84.21451568603516,4154300
2016-07-01,AGG,112.72000122070312,112.7699966430664,112.5199966430664,112.6500015258789,84.39579010009766,5235200
2016-07-05,AGG,113.02999877929688,113.12000274658203,112.87000274658203,112.94999694824219,84.62056732177734,4740000
2016-07-06,AGG,113.08999633789062,113.16999816894531,112.94000244140625,113.16000366210938,84.7779312133789,3150500
2016-07-07,AGG,113.0,113.16999816894531,112.91999816894531,113.08000183105469,84.71797180175781,3122200
2016-07-08,AGG,113.08000183105469,113.2699966430664,113.0,113.25,84.84532165527344,2910500
2016-07-11,AGG,113.19000244140625,113.23999786376953,112.93000030517578,112.94999694824219,84.62056732177734,4424000
2016-07-12,AGG,112.80999755859375,112.80999755859375,112.48999786376953,112.61000061035156,84.36587524414062,1970600
2016-07-13,AGG,112.81999969482422,112.87999725341797,112.73999786376953,112.7699966430664,84.48571014404297,2363300
2016-07-14,AGG,112.51000213623047,112.69999694824219,112.5,112.66999816894531,84.4107894897461,3345200
2016-07-15,AGG,112.58000183105469,112.58000183105469,112.22000122070312,112.26000213623047,84.10368347167969,3612200
2016-07-18,AGG,112.48999786376953,112.48999786376953,112.19999694824219,112.27999877929688,84.11859893798828,1547300
2016-07-19,AGG,112.4800033569336,112.5199966430664,112.37000274658203,112.51000213623047,84.29095458984375,1786900
2016-07-20,AGG,112.41999816894531,112.44000244140625,112.30000305175781,112.41000366210938,84.21607971191406,1808800
2016-07-21,AGG,112.2699966430664,112.54000091552734,112.19999694824219,112.51000213623047,84.29095458984375,3043500
2016-07-22,AGG,112.37999725341797,112.61000061035156,112.3499984741211,112.52999877929688,84.30596160888672,2315900
2016-07-25,AGG,112.58000183105469,112.58000183105469,112.4000015258789,112.4000015258789,84.20858764648438,1680800
2016-07-26,AGG,112.58000183105469,112.58000183105469,112.30999755859375,112.4000015258789,84.20858764648438,3540000
2016-07-27,AGG,112.5199966430664,112.73999786376953,112.44000244140625,112.7300033569336,84.45576477050781,3047200
2016-07-28,AGG,112.63999938964844,112.76000213623047,112.55999755859375,112.72000122070312,84.44827270507812,2640600
2016-07-29,AGG,112.87999725341797,113.02999877929688,112.76000213623047,113.0199966430664,84.67301940917969,3671000
2016-08-01,AGG,112.5,112.68000030517578,112.47000122070312,112.55000305175781,84.47563934326172,3149300
2016-08-02,AGG,112.36000061035156,112.45999908447266,112.19000244140625,112.22000122070312,84.22794342041016,3643900
2016-08-03,AGG,112.30999755859375,112.36000061035156,112.0999984741211,112.33999633789062,84.3180160522461,3777800
2016-08-04,AGG,112.54000091552734,112.66000366210938,112.5,112.55000305175781,84.47563934326172,2002800
2016-08-05,AGG,112.54000091552734,112.54000091552734,112.13999938964844,112.16999816894531,84.1904067993164,2474600
2016-08-08,AGG,112.16000366210938,112.31999969482422,112.02999877929688,112.23999786376953,84.24295043945312,2604000
2016-08-09,AGG,112.4000015258789,112.54000091552734,112.30000305175781,112.52999877929688,84.46064758300781,2981100
2016-08-10,AGG,112.61000061035156,112.7300033569336,112.54000091552734,112.66000366210938,84.55819702148438,3185800
2016-08-11,AGG,112.7300033569336,112.7300033569336,112.30999755859375,112.36000061035156,84.33304595947266,1807200
2016-08-12,AGG,112.72000122070312,112.83000183105469,112.62999725341797,112.62999725341797,84.53562927246094,1889600
2016-08-15,AGG,112.56999969482422,112.62000274658203,112.41999816894531,112.43000030517578,84.38556671142578,1950500
2016-08-16,AGG,112.48999786376953,112.5199966430664,112.36000061035156,112.36000061035156,84.33304595947266,6250200
2016-08-17,AGG,112.44999694824219,112.66000366210938,112.36000061035156,112.56999969482422,84.49063110351562,5210700
2016-08-18,AGG,112.63999938964844,112.77999877929688,112.54000091552734,112.7300033569336,84.61074829101562,1962900
2016-08-19,AGG,112.52999877929688,112.62000274658203,112.38999938964844,112.4800033569336,84.42305755615234,3287600
2016-08-22,AGG,112.66000366210938,112.73999786376953,112.55999755859375,112.6500015258789,84.55067443847656,1808500
2016-08-23,AGG,112.77999877929688,112.83000183105469,112.62999725341797,112.68000030517578,84.57324981689453,2583000
2016-08-24,AGG,112.79000091552734,112.80000305175781,112.62999725341797,112.63999938964844,84.5431900024414,2312800
2016-08-25,AGG,112.55000305175781,112.66999816894531,112.5199966430664,112.5199966430664,84.45313262939453,1613500
2016-08-26,AGG,112.69000244140625,112.86000061035156,112.27999877929688,112.33999633789062,84.3180160522461,2513700
2016-08-29,AGG,112.55000305175781,112.68000030517578,112.45999908447266,112.6500015258789,84.55067443847656,2156400
2016-08-30,AGG,112.70999908447266,112.70999908447266,112.55000305175781,112.58999633789062,84.50569915771484,1712300
2016-08-31,AGG,112.63999938964844,112.70999908447266,112.51000213623047,112.56999969482422,84.49063110351562,3025000
2016-09-01,AGG,112.0999984741211,112.5,112.05000305175781,112.45999908447266,84.5643310546875,3777100
2016-09-02,AGG,112.44000244140625,112.44000244140625,112.18000030517578,112.30999755859375,84.4515380859375,1730900
2016-09-06,AGG,112.36000061035156,112.68000030517578,112.29000091552734,112.55000305175781,84.63204193115234,3745800
2016-09-07,AGG,112.76000213623047,112.76000213623047,112.58999633789062,112.61000061035156,84.67713165283203,1839600
2016-09-08,AGG,112.5,112.55999755859375,112.13999938964844,112.22000122070312,84.38385009765625,2605500
2016-09-09,AGG,111.95999908447266,111.98999786376953,111.7300033569336,111.7300033569336,84.01539611816406,2763900
2016-09-12,AGG,111.76000213623047,111.88999938964844,111.6500015258789,111.81999969482422,84.0831069946289,2358200
2016-09-13,AGG,111.93000030517578,111.93000030517578,111.33999633789062,111.51000213623047,83.84999084472656,3005400
2016-09-14,AGG,111.47000122070312,111.75,111.47000122070312,111.6500015258789,83.9552230834961,2089700
2016-09-15,AGG,111.5999984741211,111.76000213623047,111.48999786376953,111.72000122070312,84.0079116821289,2253800
2016-09-16,AGG,111.75,111.87000274658203,111.69999694824219,111.80000305175781,84.06806945800781,1701000
2016-09-19,AGG,111.7300033569336,111.8499984741211,111.69000244140625,111.70999908447266,84.00039672851562,2026900
2016-09-20,AGG,111.9000015258789,111.94000244140625,111.73999786376953,111.75,84.03047943115234,2078500
2016-09-21,AGG,111.69000244140625,112.02999877929688,111.6500015258789,112.02999877929688,84.24102020263672,1899500
2016-09-22,AGG,112.0999984741211,112.3499984741211,112.0999984741211,112.26000213623047,84.4139633178711,2017200
2016-09-23,AGG,112.30999755859375,112.3499984741211,112.20999908447266,112.2300033569336,84.39138793945312,3415700
2016-09-26,AGG,112.27999877929688,112.44999694824219,112.27999877929688,112.37000274658203,84.49666595458984,2326900
2016-09-27,AGG,112.56999969482422,112.61000061035156,112.41000366210938,112.51000213623047,84.60193634033203,2881300
2016-09-28,AGG,112.58000183105469,112.61000061035156,112.47000122070312,112.54000091552734,84.62447357177734,2853900
2016-09-29,AGG,112.41000366210938,112.63999938964844,112.37000274658203,112.54000091552734,84.62447357177734,1668000
2016-09-30,AGG,112.56999969482422,112.6500015258789,112.2699966430664,112.41999816894531,84.53426361083984,3679800
2016-10-03,AGG,112.20999908447266,112.25,112.06999969482422,112.08999633789062,84.4385757446289,9372900
2016-10-04,AGG,112.08999633789062,112.08999633789062,111.69999694824219,111.70999908447266,84.15235900878906,5022400
2016-10-05,AGG,111.69000244140625,111.73999786376953,111.51000213623047,111.55999755859375,84.03934478759766,3368700
2016-10-06,AGG,111.56999969482422,111.66999816894531,111.44999694824219,111.55999755859375,84.03934478759766,2059400
2016-10-07,AGG,111.63999938964844,111.66999816894531,111.41000366210938,111.58000183105469,84.05440521240234,1867600
2016-10-10,AGG,111.58000183105469,111.58000183105469,111.38999938964844,111.52999877929688,84.01676177978516,1295400
2016-10-11,AGG,111.48999786376953,111.54000091552734,111.3499984741211,111.36000061035156,83.888671875,2753300
2016-10-12,AGG,111.38999938964844,111.43000030517578,111.26000213623047,111.4000015258789,83.91881561279297,1668500
2016-10-13,AGG,111.5999984741211,111.68000030517578,111.52999877929688,111.55999755859375,84.03934478759766,1964600
2016-10-14,AGG,111.47000122070312,111.61000061035156,111.33000183105469,111.37000274658203,83.89622497558594,2471500
2016-10-17,AGG,111.44999694824219,111.61000061035156,111.38999938964844,111.55999755859375,84.03934478759766,1556800
2016-10-18,AGG,111.54000091552734,111.73999786376953,111.47000122070312,111.73999786376953,84.17491149902344,1582900
2016-10-19,AGG,111.68000030517578,111.83000183105469,111.63999938964844,111.80000305175781,84.22013854980469,1550000
2016-10-20,AGG,111.83999633789062,111.9000015258789,111.7300033569336,111.76000213623047,84.19001770019531,1420800
2016-10-21,AGG,111.80000305175781,111.9000015258789,111.69000244140625,111.83000183105469,84.24270629882812,1776900
2016-10-24,AGG,111.80999755859375,111.83000183105469,111.5999984741211,111.66000366210938,84.11465454101562,1385600
2016-10-25,AGG,111.58000183105469,111.80000305175781,111.58000183105469,111.66000366210938,84.11465454101562,2344400
2016-10-26,AGG,111.56999969482422,111.56999969482422,111.43000030517578,111.44000244140625,83.94895935058594,2684000
2016-10-27,AGG,111.27999877929688,111.27999877929688,111.04000091552734,111.16000366210938,83.73802185058594,2330700
2016-10-28,AGG,111.11000061035156,111.26000213623047,111.08000183105469,111.16000366210938,83.73802185058594,1713800
2016-10-31,AGG,111.30000305175781,111.33000183105469,111.20999908447266,111.30000305175781,83.84346771240234,3260300
2016-11-01,AGG,110.87999725341797,111.12999725341797,110.81999969482422,111.02999877929688,83.79816436767578,4725000
2016-11-02,AGG,111.12000274658203,111.31999969482422,111.05999755859375,111.16000366210938,83.89632415771484,2572600
2016-11-03,AGG,111.02999877929688,111.16000366210938,111.01000213623047,111.01000213623047,83.78307342529297,3254500
2016-11-04,AGG,111.1500015258789,111.31999969482422,111.12999725341797,111.23999786376953,83.95669555664062,2013300
2016-11-07,AGG,111.13999938964844,111.18000030517578,111.06999969482422,111.11000061035156,83.85855865478516,2031000
2016-11-08,AGG,111.12999725341797,111.16000366210938,110.87000274658203,110.93000030517578,83.72270202636719,2107400
2016-11-09,AGG,110.52999877929688,110.56999969482422,109.77999877929688,109.9000015258789,82.94532775878906,3657200
2016-11-10,AGG,109.66000366210938,109.87999725341797,109.41999816894531,109.44999694824219,82.605712890625,4179200
2016-11-11,AGG,109.45999908447266,109.5,109.22000122070312,109.25,82.45471954345703,2804600
2016-11-14,AGG,108.63999938964844,109.05999755859375,108.63999938964844,108.80999755859375,82.12269592285156,3054900
2016-11-15,AGG,109.0,109.06999969482422,108.87000274658203,108.88999938964844,82.18303680419922,2252200
2016-11-16,AGG,109.01000213623047,109.12999725341797,108.91999816894531,109.12999725341797,82.36416625976562,2164800
2016-11-17,AGG,109.01000213623047,109.0199966430664,108.66999816894531,108.72000122070312,82.05477142333984,1903700
2016-11-18,AGG,108.80999755859375,108.81999969482422,108.36000061035156,108.37000274658203,81.79061889648438,2767000
2016-11-21,AGG,108.55999755859375,108.56999969482422,108.37000274658203,108.45999908447266,81.8585205078125,1705600
2016-11-22,AGG,108.58999633789062,108.66000366210938,108.45999908447266,108.55999755859375,81.93401336669922,3465300
2016-11-23,AGG,108.18000030517578,108.33000183105469,107.91999816894531,108.18000030517578,81.64717864990234,2497600
2016-11-25,AGG,108.30000305175781,108.37000274658203,108.08999633789062,108.16999816894531,81.63960266113281,1071500
2016-11-28,AGG,108.37999725341797,108.56999969482422,108.33000183105469,108.55000305175781,81.92642974853516,2476800
2016-11-29,AGG,108.5,108.72000122070312,108.43000030517578,108.66999816894531,82.01700592041016,2178600
2016-11-30,AGG,108.2300033569336,108.43000030517578,108.12999725341797,108.23999786376953,81.69249725341797,4627500
2016-12-01,AGG,107.75,107.79000091552734,107.47000122070312,107.68000030517578,81.42330169677734,4691900
2016-12-02,AGG,107.93000030517578,108.19999694824219,107.8499984741211,108.0199966430664,81.68038940429688,4269200
2016-12-05,AGG,107.94000244140625,108.26000213623047,107.77999877929688,108.11000061035156,81.74847412109375,3398000
2016-12-06,AGG,108.13999938964844,108.18000030517578,108.04000091552734,108.08999633789062,81.73335266113281,3306900
2016-12-07,AGG,108.22000122070312,108.37999725341797,108.19999694824219,108.37000274658203,81.94503021240234,3796800
2016-12-08,AGG,108.18000030517578,108.22000122070312,108.05000305175781,108.16999816894531,81.79383850097656,2822600
2016-12-09,AGG,108.08000183105469,108.18000030517578,107.72000122070312,107.83999633789062,81.54422760009766,4530900
2016-12-12,AGG,107.69999694824219,107.81999969482422,107.61000061035156,107.73999786376953,81.46865844726562,3074200
2016-12-13,AGG,107.87000274658203,107.94000244140625,107.70999908447266,107.87999725341797,81.57450103759766,3665900
2016-12-14,AGG,108.06999969482422,108.12000274658203,107.29000091552734,107.29000091552734,81.12837982177734,3544100
2016-12-15,AGG,107.37000274658203,107.41999816894531,107.1500015258789,107.16000366210938,81.03010559082031,4619100
2016-12-16,AGG,107.16000366210938,107.38999938964844,107.05999755859375,107.2300033569336,81.0830307006836,2981600
2016-12-19,AGG,107.4000015258789,107.55000305175781,107.3499984741211,107.51000213623047,81.29476165771484,3202500
2016-12-20,AGG,107.30000305175781,107.44000244140625,107.2699966430664,107.41000366210938,81.21912384033203,2871900
2016-12-21,AGG,107.5,107.66000366210938,107.43000030517578,107.63999938964844,81.39305114746094,4066900
2016-12-22,AGG,107.33999633789062,107.45999908447266,107.23999786376953,107.38999938964844,81.3923110961914,4110200
2016-12-23,AGG,107.54000091552734,107.54000091552734,107.38999938964844,107.41999816894531,81.41503143310547,3821100
2016-12-27,AGG,107.19000244140625,107.33999633789062,107.19000244140625,107.33999633789062,81.35436248779297,2661500
2016-12-28,AGG,107.33000183105469,107.5999984741211,107.30000305175781,107.51000213623047,81.48323059082031,5609600
2016-12-29,AGG,107.7300033569336,107.87999725341797,107.6500015258789,107.83999633789062,81.73332214355469,3649600
2016-12-30,AGG,107.87999725341797,108.12000274658203,107.8499984741211,108.05999755859375,81.90011596679688,3690100
2017-01-03,AGG,107.7300033569336,108.22000122070312,107.7300033569336,108.16999816894531,81.98347473144531,5079200
2017-01-04,AGG,108.16000366210938,108.20999908447266,108.02999877929688,108.19999694824219,82.00617218017578,3297100
2017-01-05,AGG,108.37000274658203,108.68000030517578,108.22000122070312,108.6500015258789,82.34725952148438,5165900
2017-01-06,AGG,108.43000030517578,108.5,108.26000213623047,108.29000091552734,82.07440948486328,2910100
2017-01-09,AGG,108.54000091552734,108.54000091552734,108.43000030517578,108.47000122070312,82.21085357666016,3030500
2017-01-10,AGG,108.44999694824219,108.55000305175781,108.41999816894531,108.44000244140625,82.18810272216797,2396300
2017-01-11,AGG,108.52999877929688,108.93000030517578,108.41999816894531,108.56999969482422,82.28662872314453,4465500
2017-01-12,AGG,108.77999877929688,108.9000015258789,108.61000061035156,108.61000061035156,82.31690216064453,3036600
2017-01-13,AGG,108.5,108.55000305175781,108.26000213623047,108.41999816894531,82.17290496826172,3293600
2017-01-17,AGG,108.80999755859375,108.87000274658203,108.6500015258789,108.79000091552734,82.4533462524414,3685700
2017-01-18,AGG,108.5999984741211,108.66999816894531,108.23999786376953,108.31999969482422,82.09710693359375,3115600
2017-01-19,AGG,108.05999755859375,108.16000366210938,107.93000030517578,108.04000091552734,81.8849105834961,2388000
2017-01-20,AGG,107.94000244140625,108.12000274658203,107.83000183105469,108.08000183105469,81.91524505615234,3525000
2017-01-23,AGG,108.22000122070312,108.56999969482422,108.0999984741211,108.37999725341797,82.14260864257812,3063400
2017-01-24,AGG,108.33000183105469,108.4000015258789,108.0999984741211,108.20999908447266,82.0137710571289,2049500
2017-01-25,AGG,107.9800033569336,108.04000091552734,107.83000183105469,107.91999816894531,81.7939682006836,2912900
2017-01-26,AGG,107.86000061035156,108.02999877929688,107.70999908447266,107.98999786376953,81.84700012207031,2046300
2017-01-27,AGG,108.02999877929688,108.16000366210938,108.0199966430664,108.08000183105469,81.91524505615234,3096800
2017-01-30,AGG,108.16000366210938,108.20999908447266,108.02999877929688,108.02999877929688,81.87733459472656,2946200
2017-01-31,AGG,108.08000183105469,108.37000274658203,108.08000183105469,108.29000091552734,82.07440948486328,7552700
2017-02-01,AGG,107.7699966430664,108.01000213623047,107.69000244140625,107.91999816894531,81.9589614868164,2994200
2017-02-02,AGG,108.05999755859375,108.18000030517578,107.94999694824219,107.9800033569336,82.00454711914062,3490700
2017-02-03,AGG,108.12000274658203,108.27999877929688,107.86000061035156,108.01000213623047,82.02725982666016,2728400
2017-02-06,AGG,108.22000122070312,108.37999725341797,108.0999984741211,108.31999969482422,82.26273345947266,1827000
2017-02-07,AGG,108.30000305175781,108.58000183105469,108.25,108.43000030517578,82.34627532958984,2659100
2017-02-08,AGG,108.61000061035156,108.83000183105469,108.61000061035156,108.73999786376953,82.58171081542969,3873200
2017-02-09,AGG,108.61000061035156,108.66999816894531,108.43000030517578,108.4800033569336,82.38424682617188,2736000
2017-02-10,AGG,108.26000213623047,108.47000122070312,108.26000213623047,108.45999908447266,82.36909484863281,2365300
2017-02-13,AGG,108.33999633789062,108.3499984741211,108.2300033569336,108.30000305175781,82.2475814819336,2189800
2017-02-14,AGG,108.30000305175781,108.30000305175781,107.91000366210938,108.05999755859375,82.06529235839844,2809500
2017-02-15,AGG,107.91999816894531,108.0,107.86000061035156,107.88999938964844,81.93620300292969,2138900
2017-02-16,AGG,108.01000213623047,108.27999877929688,108.01000213623047,108.12000274658203,82.11088562011719,5257400
2017-02-17,AGG,108.37000274658203,108.44999694824219,108.31999969482422,108.36000061035156,82.29310607910156,2228100
2017-02-21,AGG,108.23999786376953,108.44999694824219,108.22000122070312,108.3499984741211,82.28553771972656,1980300
2017-02-22,AGG,108.54000091552734,108.55000305175781,108.19999694824219,108.41999816894531,82.33867645263672,2655500
2017-02-23,AGG,108.55999755859375,108.6500015258789,108.52999877929688,108.5999984741211,82.47541809082031,2169000
2017-02-24,AGG,108.87999725341797,109.05999755859375,108.81999969482422,109.0,82.77918243408203,2670900
2017-02-27,AGG,108.94999694824219,108.9800033569336,108.7699966430664,108.80000305175781,82.62727355957031,1998200
2017-02-28,AGG,108.80000305175781,108.94000244140625,108.75,108.7699966430664,82.6044921875,3840100
2017-03-01,AGG,108.12000274658203,108.13999938964844,107.9800033569336,108.04000091552734,82.21639251708984,3280200
2017-03-02,AGG,107.93000030517578,107.98999786376953,107.75,107.83999633789062,82.06417083740234,2299700
2017-03-03,AGG,107.91999816894531,107.97000122070312,107.73999786376953,107.91999816894531,82.12505340576172,4293900
2017-03-06,AGG,107.94000244140625,107.98999786376953,107.81999969482422,107.87000274658203,82.08702850341797,3678300
2017-03-07,AGG,107.80000305175781,107.83999633789062,107.69000244140625,107.7300033569336,81.98048400878906,2237900
2017-03-08,AGG,107.38999938964844,107.5,107.33999633789062,107.47000122070312,81.7826156616211,2834700
2017-03-09,AGG,107.31999969482422,107.33999633789062,107.12000274658203,107.13999938964844,81.53150177001953,3527300
2017-03-10,AGG,107.2300033569336,107.31999969482422,107.16000366210938,107.30000305175781,81.65325164794922,1906000
2017-03-13,AGG,107.20999908447266,107.27999877929688,107.0999984741211,107.12000274658203,81.51627349853516,1658500
2017-03-14,AGG,107.08000183105469,107.23999786376953,107.08000183105469,107.16000366210938,81.54669189453125,2639200
2017-03-15,AGG,107.25,107.79000091552734,107.19999694824219,107.77999877929688,82.01853942871094,2162900
2017-03-16,AGG,107.68000030517578,107.75,107.62000274658203,107.66000366210938,81.92723846435547,2369700
2017-03-17,AGG,107.72000122070312,107.91000366210938,107.69000244140625,107.88999938964844,82.10224151611328,2368800
2017-03-20,AGG,107.86000061035156,108.05000305175781,107.83999633789062,108.05000305175781,82.2239761352539,1635200
2017-03-21,AGG,107.93000030517578,108.2699966430664,107.93000030517578,108.2699966430664,82.39138793945312,2049700
2017-03-22,AGG,108.44000244140625,108.54000091552734,108.36000061035156,108.41999816894531,82.5055160522461,2643600
2017-03-23,AGG,108.44000244140625,108.51000213623047,108.26000213623047,108.44999694824219,82.52837371826172,2071400
2017-03-24,AGG,108.3499984741211,108.51000213623047,108.30999755859375,108.36000061035156,82.45989990234375,3374900
2017-03-27,AGG,108.6500015258789,108.70999908447266,108.52999877929688,108.62000274658203,82.65774536132812,1977300
2017-03-28,AGG,108.62999725341797,108.68000030517578,108.3499984741211,108.37000274658203,82.46749114990234,2016100
2017-03-29,AGG,108.4800033569336,108.62000274658203,108.45999908447266,108.61000061035156,82.65013885498047,1965600
2017-03-30,AGG,108.5199966430664,108.58000183105469,108.37999725341797,108.41000366210938,82.49796295166016,1733900
2017-03-31,AGG,108.44000244140625,108.52999877929688,108.41999816894531,108.48999786376953,82.5588607788086,3717700
2017-04-03,AGG,108.30999755859375,108.68000030517578,108.30000305175781,108.66999816894531,82.86540985107422,5197800
2017-04-04,AGG,108.61000061035156,108.6500015258789,108.5199966430664,108.56999969482422,82.78913116455078,1627500
2017-04-05,AGG,108.4800033569336,108.73999786376953,108.44999694824219,108.69000244140625,82.88065338134766,2304100
2017-04-06,AGG,108.63999938964844,108.70999908447266,108.4800033569336,108.68000030517578,82.87300109863281,1725300
2017-04-07,AGG,108.80000305175781,108.88999938964844,108.41999816894531,108.44000244140625,82.68998718261719,1783600
2017-04-10,AGG,108.52999877929688,108.6500015258789,108.48999786376953,108.58000183105469,82.79680633544922,1903800
2017-04-11,AGG,108.76000213623047,108.9800033569336,108.75,108.88999938964844,83.0331039428711,2200800
2017-04-12,AGG,108.93000030517578,109.19999694824219,108.88999938964844,109.12999725341797,83.21612548828125,2433000
2017-04-13,AGG,109.25,109.38999938964844,109.12999725341797,109.2699966430664,83.3228759765625,2339900
2017-04-17,AGG,109.30000305175781,109.4000015258789,109.18000030517578,109.20999908447266,83.2771224975586,1646100
2017-04-18,AGG,109.41000366210938,109.69999694824219,109.38999938964844,109.6500015258789,83.6126480102539,2369500
2017-04-19,AGG,109.47000122070312,109.55999755859375,109.38999938964844,109.4800033569336,83.48307037353516,2148500
2017-04-20,AGG,109.30999755859375,109.4000015258789,109.19999694824219,109.30999755859375,83.35337829589844,1867800
2017-04-21,AGG,109.4000015258789,109.48999786376953,109.30000305175781,109.33999633789062,83.37628936767578,1539300
2017-04-24,AGG,109.05000305175781,109.22000122070312,109.0,109.18000030517578,83.2542724609375,2745400
2017-04-25,AGG,108.98999786376953,109.05000305175781,108.7699966430664,108.81999969482422,82.9797592163086,1888500
2017-04-26,AGG,108.8499984741211,108.97000122070312,108.7699966430664,108.95999908447266,83.0865249633789,2893700
2017-04-27,AGG,108.94000244140625,109.0999984741211,108.91000366210938,109.05999755859375,83.16278076171875,1660900
2017-04-28,AGG,108.9800033569336,109.25,108.91000366210938,109.25,83.30768585205078,5774800
2017-05-01,AGG,108.86000061035156,108.95999908447266,108.62000274658203,108.7300033569336,83.09294128417969,2510000
2017-05-02,AGG,108.68000030517578,108.94000244140625,108.68000030517578,108.87999725341797,83.20752716064453,2841400
2017-05-03,AGG,108.97000122070312,108.98999786376953,108.7699966430664,108.7699966430664,83.12346649169922,1923400
2017-05-04,AGG,108.55000305175781,108.69999694824219,108.55000305175781,108.68000030517578,83.05472564697266,1897900
2017-05-05,AGG,108.72000122070312,108.73999786376953,108.56999969482422,108.69999694824219,83.06996154785156,1421800
2017-05-08,AGG,108.62999725341797,108.66999816894531,108.48999786376953,108.48999786376953,82.90953063964844,3568400
2017-05-09,AGG,108.43000030517578,108.51000213623047,108.4000015258789,108.5,82.9171142578125,3084900
2017-05-10,AGG,108.5999984741211,108.66000366210938,108.44000244140625,108.52999877929688,82.9400634765625,1653400
2017-05-11,AGG,108.3499984741211,108.54000091552734,108.33999633789062,108.5199966430664,82.9323959350586,2331000
2017-05-12,AGG,108.80999755859375,108.94000244140625,108.77999877929688,108.91999816894531,83.2381362915039,1329700
2017-05-15,AGG,108.8499984741211,108.94000244140625,108.81999969482422,108.87999725341797,83.20752716064453,1771000
2017-05-16,AGG,108.87999725341797,109.0999984741211,108.87999725341797,109.0199966430664,83.3144760131836,2051800
2017-05-17,AGG,109.3499984741211,109.5999984741211,109.27999877929688,109.58000183105469,83.7424545288086,2464500
2017-05-18,AGG,109.54000091552734,109.62999725341797,109.44000244140625,109.5199966430664,83.6966552734375,2107000
2017-05-19,AGG,109.51000213623047,109.54000091552734,109.3499984741211,109.5199966430664,83.6966552734375,1504000
2017-05-22,AGG,109.43000030517578,109.4800033569336,109.4000015258789,109.44999694824219,83.6431655883789,1642700
2017-05-23,AGG,109.5,109.52999877929688,109.20999908447266,109.23999786376953,83.48267364501953,1334500
2017-05-24,AGG,109.25,109.5,109.20999908447266,109.43000030517578,83.62782287597656,2719200
2017-05-25,AGG,109.44999694824219,109.48999786376953,109.37000274658203,109.4800033569336,83.66608428955078,1558100
2017-05-26,AGG,109.45999908447266,109.54000091552734,109.44000244140625,109.44000244140625,83.635498046875,955300
2017-05-30,AGG,109.58000183105469,109.66000366210938,109.54000091552734,109.6500015258789,83.79596710205078,2093200
2017-05-31,AGG,109.63999938964844,109.80999755859375,109.63999938964844,109.76000213623047,83.88007354736328,2416500
2017-06-01,AGG,109.36000061035156,109.5,109.33999633789062,109.4800033569336,83.84175109863281,2454500
2017-06-02,AGG,109.73999786376953,109.88999938964844,109.69000244140625,109.83999633789062,84.11743927001953,1507400
2017-06-05,AGG,109.66000366210938,109.73999786376953,109.5999984741211,109.66999816894531,83.9872817993164,2450600
2017-06-06,AGG,109.87000274658203,109.94999694824219,109.80999755859375,109.88999938964844,84.15572357177734,1607700
2017-06-07,AGG,109.80999755859375,109.87000274658203,109.69999694824219,109.76000213623047,84.05618286132812,1903500
2017-06-08,AGG,109.69999694824219,109.69999694824219,109.51000213623047,109.6500015258789,83.97193908691406,1532700
2017-06-09,AGG,109.51000213623047,109.62999725341797,109.45999908447266,109.55999755859375,83.90298461914062,1616800
2017-06-12,AGG,109.51000213623047,109.69999694824219,109.47000122070312,109.55999755859375,83.90298461914062,1394800
2017-06-13,AGG,109.43000030517578,109.5999984741211,109.43000030517578,109.58999633789062,83.9260025024414,1474300
2017-06-14,AGG,110.0,110.18000030517578,109.8499984741211,109.94000244140625,84.19402313232422,2627500
2017-06-15,AGG,109.9000015258789,109.9000015258789,109.77999877929688,109.87000274658203,84.14041900634766,2233900
2017-06-16,AGG,109.86000061035156,109.97000122070312,109.8499984741211,109.94000244140625,84.19402313232422,2216600
2017-06-19,AGG,109.87000274658203,109.9000015258789,109.73999786376953,109.79000091552734,84.07915496826172,1610400
2017-06-20,AGG,109.8499984741211,110.02999877929688,109.80000305175781,109.95999908447266,84.20930480957031,2195100
2017-06-21,AGG,109.87999725341797,110.02999877929688,109.87999725341797,109.9800033569336,84.22467041015625,1217400
2017-06-22,AGG,110.05999755859375,110.08999633789062,109.94999694824219,110.02999877929688,84.26296997070312,1427400
2017-06-23,AGG,110.01000213623047,110.11000061035156,109.9800033569336,110.05000305175781,84.27824401855469,1259100
2017-06-26,AGG,110.19000244140625,110.23999786376953,110.12999725341797,110.1500015258789,84.35484313964844,1914400
2017-06-27,AGG,109.93000030517578,109.9800033569336,109.79000091552734,109.81999969482422,84.10215759277344,3072300
2017-06-28,AGG,109.8499984741211,109.87999725341797,109.68000030517578,109.86000061035156,84.13276672363281,12184400
2017-06-29,AGG,109.52999877929688,109.68000030517578,109.47000122070312,109.6500015258789,83.97193908691406,3377200
2017-06-30,AGG,109.62000274658203,109.62999725341797,109.45999908447266,109.51000213623047,83.86473846435547,2626900
2017-07-03,AGG,109.30000305175781,109.30000305175781,109.01000213623047,109.08999633789062,83.71505737304688,1817300
2017-07-05,AGG,109.08000183105469,109.18000030517578,109.0,109.1500015258789,83.76116180419922,4288600
2017-07-06,AGG,108.94999694824219,109.0,108.81999969482422,108.94000244140625,83.59998321533203,2284900
2017-07-07,AGG,108.88999938964844,108.94999694824219,108.83000183105469,108.9000015258789,83.56929779052734,2727400
2017-07-10,AGG,108.97000122070312,109.0199966430664,108.88999938964844,108.94999694824219,83.60765838623047,2386400
2017-07-11,AGG,108.97000122070312,109.0999984741211,108.93000030517578,109.05000305175781,83.6844253540039,1969100
2017-07-12,AGG,109.37999725341797,109.43000030517578,109.26000213623047,109.37999725341797,83.93763732910156,2129900
2017-07-13,AGG,109.29000091552734,109.30999755859375,109.12999725341797,109.26000213623047,83.84556579589844,1568300
2017-07-14,AGG,109.54000091552734,109.55999755859375,109.29000091552734,109.37000274658203,83.92994689941406,1916600
2017-07-17,AGG,109.4000015258789,109.4800033569336,109.31999969482422,109.41999816894531,83.96834564208984,4078500
2017-07-18,AGG,109.63999938964844,109.70999908447266,109.58000183105469,109.66999816894531,84.16018676757812,2878400
2017-07-19,AGG,109.72000122070312,109.75,109.62999725341797,109.69999694824219,84.18324279785156,1577700
2017-07-20,AGG,109.8499984741211,109.87999725341797,109.69999694824219,109.7300033569336,84.20620727539062,1802600
2017-07-21,AGG,109.87999725341797,109.95999908447266,109.83000183105469,109.91999816894531,84.3520278930664,1531700
2017-07-24,AGG,109.83999633789062,109.91999816894531,109.76000213623047,109.81999969482422,84.27530670166016,1946000
2017-07-25,AGG,109.5999984741211,109.62999725341797,109.38999938964844,109.43000030517578,83.97599029541016,2601700
2017-07-26,AGG,109.37000274658203,109.70999908447266,109.3499984741211,109.63999938964844,84.13716125488281,2249800
2017-07-27,AGG,109.51000213623047,109.58999633789062,109.43000030517578,109.4800033569336,84.01437377929688,1868600
2017-07-28,AGG,109.54000091552734,109.69999694824219,109.48999786376953,109.69999694824219,84.18324279785156,1894200
2017-07-31,AGG,109.69000244140625,109.7300033569336,109.58000183105469,109.6500015258789,84.14482116699219,2363000
2017-08-01,AGG,109.37999725341797,109.72000122070312,109.36000061035156,109.72000122070312,84.37554168701172,2338900
2017-08-02,AGG,109.70999908447266,109.7699966430664,109.63999938964844,109.63999938964844,84.31401062011719,2253300
2017-08-03,AGG,109.7699966430664,109.94000244140625,109.73999786376953,109.86000061035156,84.48321533203125,1485200
2017-08-04,AGG,109.69999694824219,109.72000122070312,109.54000091552734,109.68000030517578,84.34477996826172,2300900
2017-08-07,AGG,109.69000244140625,109.72000122070312,109.61000061035156,109.66999816894531,84.33710479736328,2359800
2017-08-08,AGG,109.66999816894531,109.69000244140625,109.5,109.56999969482422,84.26017761230469,2570800
2017-08-09,AGG,109.87000274658203,109.87000274658203,109.66000366210938,109.66999816894531,84.33710479736328,2308900
2017-08-10,AGG,109.69999694824219,109.8499984741211,109.66999816894531,109.77999877929688,84.42166137695312,2004200
2017-08-11,AGG,109.75,109.94000244140625,109.68000030517578,109.87000274658203,84.49089050292969,1913300
2017-08-14,AGG,109.83999633789062,109.9000015258789,109.73999786376953,109.81999969482422,84.45244598388672,2293900
2017-08-15,AGG,109.55999755859375,109.72000122070312,109.55999755859375,109.66000366210938,84.32939147949219,2177400
2017-08-16,AGG,109.54000091552734,109.93000030517578,109.54000091552734,109.86000061035156,84.48321533203125,1956500
2017-08-17,AGG,109.83000183105469,110.0199966430664,109.77999877929688,110.0199966430664,84.60625457763672,5403500
2017-08-18,AGG,110.05000305175781,110.13999938964844,109.88999938964844,109.94999694824219,84.55240631103516,1564800
2017-08-21,AGG,110.01000213623047,110.08999633789062,109.97000122070312,110.02999877929688,84.61395263671875,1717600
2017-08-22,AGG,109.98999786376953,110.0199966430664,109.87000274658203,109.93000030517578,84.5370101928711,1992300
2017-08-23,AGG,110.08000183105469,110.19000244140625,110.01000213623047,110.18000030517578,84.72925567626953,1894900
2017-08-24,AGG,110.06999969482422,110.16000366210938,109.98999786376953,110.04000091552734,84.62161254882812,2102100
2017-08-25,AGG,110.05000305175781,110.19000244140625,110.01000213623047,110.12000274658203,84.6831283569336,2326800
2017-08-28,AGG,110.16999816894531,110.23999786376953,110.0999984741211,110.16000366210938,84.71392822265625,4476000
2017-08-29,AGG,110.4800033569336,110.48999786376953,110.26000213623047,110.31999969482422,84.83696746826172,2092200
2017-08-30,AGG,110.2699966430664,110.33000183105469,110.23999786376953,110.30000305175781,84.8215560913086,1505700
2017-08-31,AGG,110.30999755859375,110.45999908447266,110.30999755859375,110.44999694824219,84.9368896484375,5308300
2017-09-01,AGG,110.19000244140625,110.22000122070312,109.91000366210938,109.97000122070312,84.7442855834961,2824200
2017-09-05,AGG,110.2699966430664,110.5,110.20999908447266,110.41999816894531,85.09107208251953,2257000
2017-09-06,AGG,110.41999816894531,110.5199966430664,110.2300033569336,110.30000305175781,84.99860382080078,2720200
2017-09-07,AGG,110.43000030517578,110.66000366210938,110.41999816894531,110.56999969482422,85.2066421508789,1648800
2017-09-08,AGG,110.54000091552734,110.58000183105469,110.43000030517578,110.44000244140625,85.10647583007812,2363200
2017-09-11,AGG,110.2699966430664,110.29000091552734,110.0999984741211,110.13999938964844,84.87525177001953,2492700
2017-09-12,AGG,110.04000091552734,110.05999755859375,109.91999816894531,109.9800033569336,84.75199890136719,2403600
2017-09-13,AGG,110.0,110.04000091552734,109.86000061035156,109.87000274658203,84.66718292236328,1304100
2017-09-14,AGG,109.80999755859375,109.97000122070312,109.80999755859375,109.93000030517578,84.71343994140625,1704200
2017-09-15,AGG,110.0,110.04000091552734,109.86000061035156,109.91000366210938,84.69802856445312,2818000
2017-09-18,AGG,109.86000061035156,109.9000015258789,109.7699966430664,109.86000061035156,84.6594467163086,1946300
2017-09-19,AGG,109.91000366210938,109.95999908447266,109.79000091552734,109.80000305175781,84.6132583618164,1407200
2017-09-20,AGG,109.83999633789062,109.91999816894531,109.58999633789062,109.70999908447266,84.54391479492188,1356800
2017-09-21,AGG,109.81999969482422,109.8499984741211,109.68000030517578,109.69000244140625,84.52850341796875,2210900
2017-09-22,AGG,109.86000061035156,109.9000015258789,109.75,109.7699966430664,84.59014129638672,1461800
2017-09-25,AGG,109.8499984741211,110.04000091552734,109.81999969482422,110.02999877929688,84.7905044555664,3937600
2017-09-26,AGG,109.94999694824219,110.0199966430664,109.87999725341797,109.98999786376953,84.75965118408203,2749900
2017-09-27,AGG,109.66999816894531,109.75,109.5999984741211,109.66999816894531,84.51303100585938,3042800
2017-09-28,AGG,109.58000183105469,109.72000122070312,109.51000213623047,109.68000030517578,84.52078247070312,1702500
2017-09-29,AGG,109.73999786376953,109.7699966430664,109.54000091552734,109.58999633789062,84.45138549804688,5770800
2017-10-02,AGG,109.43000030517578,109.51000213623047,109.33000183105469,109.43000030517578,84.50318908691406,5692200
2017-10-03,AGG,109.45999908447266,109.54000091552734,109.4000015258789,109.5199966430664,84.57267761230469,2462200
2017-10-04,AGG,109.55999755859375,109.56999969482422,109.41000366210938,109.48999786376953,84.54947662353516,2673200
2017-10-05,AGG,109.54000091552734,109.54000091552734,109.37000274658203,109.44000244140625,84.5108642578125,1909900
2017-10-06,AGG,109.22000122070312,109.41999816894531,109.1500015258789,109.27999877929688,84.3873519897461,1824000
2017-10-09,AGG,109.3499984741211,109.43000030517578,109.30000305175781,109.43000030517578,84.50318908691406,1131500
2017-10-10,AGG,109.47000122070312,109.61000061035156,109.4000015258789,109.44000244140625,84.5108642578125,1635800
2017-10-11,AGG,109.47000122070312,109.52999877929688,109.41999816894531,109.45999908447266,84.5263442993164,1866400
2017-10-12,AGG,109.55999755859375,109.61000061035156,109.4800033569336,109.58999633789062,84.62671661376953,1933400
2017-10-13,AGG,109.81999969482422,109.87000274658203,109.69000244140625,109.86000061035156,84.83519744873047,1743800
2017-10-16,AGG,109.75,109.80999755859375,109.66000366210938,109.75,84.75027465820312,3788100
2017-10-17,AGG,109.62000274658203,109.73999786376953,109.55000305175781,109.70999908447266,84.71939849853516,1764400
2017-10-18,AGG,109.51000213623047,109.55999755859375,109.45999908447266,109.54000091552734,84.58808135986328,1663800
2017-10-19,AGG,109.70999908447266,109.75,109.54000091552734,109.62000274658203,84.64994812011719,1877000
2017-10-20,AGG,109.31999969482422,109.41000366210938,109.26000213623047,109.30000305175781,84.40274810791016,2014200
2017-10-23,AGG,109.4000015258789,109.47000122070312,109.36000061035156,109.41999816894531,84.49546813964844,2000800
2017-10-24,AGG,109.2300033569336,109.29000091552734,109.16999816894531,109.19000244140625,84.31782531738281,1722300
2017-10-25,AGG,108.95999908447266,109.12999725341797,108.94999694824219,109.12000274658203,84.26375579833984,2945400
2017-10-26,AGG,109.19999694824219,109.2300033569336,108.9800033569336,109.0,84.17110443115234,2163500
2017-10-27,AGG,109.06999969482422,109.26000213623047,109.04000091552734,109.23999786376953,84.35643005371094,1902500
2017-10-30,AGG,109.43000030517578,109.55999755859375,109.36000061035156,109.54000091552734,84.58808135986328,2384800
2017-10-31,AGG,109.5199966430664,109.55000305175781,109.44000244140625,109.47000122070312,84.5340347290039,3719900
2017-11-01,AGG,109.16999816894531,109.41000366210938,109.16999816894531,109.29000091552734,84.57119750976562,2959400
2017-11-02,AGG,109.3499984741211,109.5,109.33000183105469,109.3499984741211,84.61762237548828,2160500
2017-11-03,AGG,109.4800033569336,109.4800033569336,109.29000091552734,109.44999694824219,84.69499206542969,1781200
2017-11-06,AGG,109.55999755859375,109.58999633789062,109.45999908447266,109.55000305175781,84.77238464355469,1293000
2017-11-07,AGG,109.58000183105469,109.61000061035156,109.48999786376953,109.58000183105469,84.79558563232422,2015500
2017-11-08,AGG,109.54000091552734,109.5999984741211,109.45999908447266,109.51000213623047,84.7414779663086,2742600
2017-11-09,AGG,109.38999938964844,109.45999908447266,109.30000305175781,109.43000030517578,84.6795425415039,2479800
2017-11-10,AGG,109.05999755859375,109.1500015258789,108.97000122070312,108.98999786376953,84.33899688720703,1751100
2017-11-13,AGG,109.11000061035156,109.11000061035156,108.95999908447266,108.98999786376953,84.33899688720703,1891600
2017-11-14,AGG,109.01000213623047,109.12000274658203,109.0,109.0999984741211,84.42418670654297,2799900
2017-11-15,AGG,109.26000213623047,109.37999725341797,109.13999938964844,109.30999755859375,84.58668518066406,2495700
2017-11-16,AGG,109.22000122070312,109.31999969482422,109.18000030517578,109.19000244140625,84.49378967285156,1912600
2017-11-17,AGG,109.33000183105469,109.38999938964844,109.26000213623047,109.30999755859375,84.58668518066406,3544600
2017-11-20,AGG,109.2300033569336,109.30000305175781,109.18000030517578,109.25,84.54024505615234,2639100
2017-11-21,AGG,109.38999938964844,109.43000030517578,109.22000122070312,109.36000061035156,84.62535095214844,2297400
2017-11-22,AGG,109.4000015258789,109.55999755859375,109.37999725341797,109.55000305175781,84.77238464355469,6104100
2017-11-24,AGG,109.5,109.55999755859375,109.4800033569336,109.52999877929688,84.75689697265625,1693500
2017-11-27,AGG,109.52999877929688,109.58000183105469,109.44000244140625,109.52999877929688,84.75689697265625,2653300
2017-11-28,AGG,109.58999633789062,109.62999725341797,109.47000122070312,109.52999877929688,84.75689697265625,5126900
2017-11-29,AGG,109.2699966430664,109.31999969482422,109.18000030517578,109.26000213623047,84.5479736328125,2423700
2017-11-30,AGG,109.25,109.30000305175781,109.0199966430664,109.08000183105469,84.40872192382812,4011300
2017-12-01,AGG,109.0199966430664,109.4800033569336,108.8499984741211,109.16000366210938,84.64990234375,3410200
2017-12-04,AGG,109.02999877929688,109.16999816894531,109.0,109.1500015258789,84.64208221435547,2652800
2017-12-05,AGG,109.26000213623047,109.26000213623047,109.08000183105469,109.26000213623047,84.7274169921875,2995500
2017-12-06,AGG,109.44000244140625,109.5199966430664,109.37000274658203,109.37000274658203,84.8127670288086,2965800
2017-12-07,AGG,109.37999725341797,109.45999908447266,109.1500015258789,109.2300033569336,84.70413208007812,2584100
2017-12-08,AGG,109.20999908447266,109.29000091552734,109.1500015258789,109.19000244140625,84.6730728149414,1685000
2017-12-11,AGG,109.13999938964844,109.31999969482422,109.12999725341797,109.1500015258789,84.64208221435547,2612400
2017-12-12,AGG,109.0999984741211,109.11000061035156,108.94999694824219,109.0999984741211,84.60330963134766,3142400
2017-12-13,AGG,109.2300033569336,109.55000305175781,109.13999938964844,109.41000366210938,84.84375762939453,3109500
2017-12-14,AGG,109.30999755859375,109.51000213623047,109.2300033569336,109.44000244140625,84.86697387695312,4126100
2017-12-15,AGG,109.41999816894531,109.55000305175781,109.31999969482422,109.47000122070312,84.89027404785156,2403700
2017-12-18,AGG,109.47000122070312,109.47000122070312,109.25,109.33000183105469,84.78167724609375,4474300
2017-12-19,AGG,109.13999938964844,109.16000366210938,108.88999938964844,109.01000213623047,84.53353118896484,2820900
2017-12-20,AGG,108.75,108.87999725341797,108.70999908447266,108.76000213623047,84.33964538574219,4002500
2017-12-21,AGG,108.76000213623047,108.87000274658203,108.7300033569336,108.81999969482422,84.41412353515625,2374500
2017-12-22,AGG,108.81999969482422,108.88999938964844,108.80999755859375,108.87000274658203,84.45292663574219,3292800
2017-12-26,AGG,108.91000366210938,109.01000213623047,108.87000274658203,108.95999908447266,84.522705078125,1873400
2017-12-27,AGG,109.0199966430664,109.33000183105469,109.0199966430664,109.30000305175781,84.78646087646484,2046900
2017-12-28,AGG,109.22000122070312,109.26000213623047,109.13999938964844,109.22000122070312,84.72445678710938,2895400
2017-12-29,AGG,109.27999877929688,109.38999938964844,109.23999786376953,109.33000183105469,84.80975341796875,2813400
2018-01-02,AGG,109.26000213623047,109.30999755859375,108.97000122070312,109.16999816894531,84.68565368652344,8850900
2018-01-03,AGG,109.25,109.25,109.08999633789062,109.18000030517578,84.69341278076172,2441700
2018-01-04,AGG,109.0199966430664,109.1500015258789,108.97000122070312,109.11000061035156,84.63912963867188,2945400
2018-01-05,AGG,109.1500015258789,109.1500015258789,108.94999694824219,109.04000091552734,84.58479309082031,4322900
2018-01-08,AGG,109.11000061035156,109.11000061035156,108.94999694824219,109.01000213623047,84.56153869628906,3394500
2018-01-09,AGG,108.91000366210938,108.91000366210938,108.69000244140625,108.70999908447266,84.32879638671875,2301300
2018-01-10,AGG,108.4800033569336,108.72000122070312,108.43000030517578,108.70999908447266,84.32879638671875,4194300
2018-01-11,AGG,108.66000366210938,108.86000061035156,108.61000061035156,108.76000213623047,84.3675765991211,3470400
2018-01-12,AGG,108.63999938964844,108.83000183105469,108.62999725341797,108.73999786376953,84.35210418701172,3605900
2018-01-16,AGG,108.87000274658203,108.9800033569336,108.72000122070312,108.7699966430664,84.37535858154297,6794400
2018-01-17,AGG,108.7300033569336,108.83999633789062,108.62000274658203,108.6500015258789,84.28226470947266,3146300
2018-01-18,AGG,108.43000030517578,108.52999877929688,108.3499984741211,108.41000366210938,84.09611511230469,2896500
2018-01-19,AGG,108.4000015258789,108.4000015258789,108.13999938964844,108.18000030517578,83.91767120361328,2933800
2018-01-22,AGG,108.22000122070312,108.30000305175781,108.11000061035156,108.13999938964844,83.88665771484375,3983200
2018-01-23,AGG,108.33000183105469,108.44000244140625,108.29000091552734,108.4000015258789,84.08834838867188,4775600
2018-01-24,AGG,108.25,108.31999969482422,108.1500015258789,108.29000091552734,84.00299072265625,2362300
2018-01-25,AGG,108.26000213623047,108.56999969482422,108.19000244140625,108.56999969482422,84.2201919555664,9851600
2018-01-26,AGG,108.51000213623047,108.51000213623047,108.2699966430664,108.37000274658203,84.0650634765625,3808000
2018-01-29,AGG,108.13999938964844,108.25,108.0199966430664,108.18000030517578,83.91767120361328,3974900
2018-01-30,AGG,108.12000274658203,108.12000274658203,107.91999816894531,108.01000213623047,83.78582763671875,3659500
2018-01-31,AGG,108.19999694824219,108.20999908447266,107.87999725341797,108.0999984741211,83.85562896728516,8066500
2018-02-01,AGG,107.75,107.83000183105469,107.4800033569336,107.5199966430664,83.59283447265625,9678700
2018-02-02,AGG,107.25,107.3499984741211,107.0999984741211,107.19999694824219,83.34405517578125,4779300
2018-02-05,AGG,107.12999725341797,107.80999755859375,107.0,107.62999725341797,83.67835998535156,5991700
2018-02-06,AGG,107.45999908447266,107.55999755859375,107.27999877929688,107.31999969482422,83.43733215332031,6031400
2018-02-07,AGG,107.43000030517578,107.44000244140625,107.0,107.08000183105469,83.2507553100586,4115600
2018-02-08,AGG,106.83999633789062,107.13999938964844,106.7699966430664,106.9000015258789,83.11080169677734,4761600
2018-02-09,AGG,106.72000122070312,107.06999969482422,106.69999694824219,106.76000213623047,83.0019760131836,5926100
2018-02-12,AGG,106.73999786376953,106.94999694824219,106.66000366210938,106.79000091552734,83.02530670166016,5421400
2018-02-13,AGG,106.79000091552734,106.91000366210938,106.69999694824219,106.81999969482422,83.04865264892578,4256200
2018-02-14,AGG,106.56999969482422,106.66000366210938,106.4000015258789,106.45999908447266,82.76873016357422,4317000
2018-02-15,AGG,106.55999755859375,106.7300033569336,106.52999877929688,106.58999633789062,82.8698501586914,2878900
2018-02-16,AGG,106.8499984741211,106.87999725341797,106.70999908447266,106.80000305175781,83.03307342529297,3648900
2018-02-20,AGG,106.69000244140625,106.70999908447266,106.55000305175781,106.69000244140625,82.94755554199219,2907400
2018-02-21,AGG,106.7699966430664,106.80000305175781,106.26000213623047,106.3499984741211,82.68318939208984,3223800
2018-02-22,AGG,106.48999786376953,106.55999755859375,106.36000061035156,106.36000061035156,82.69095611572266,2485400
2018-02-23,AGG,106.61000061035156,106.76000213623047,106.56999969482422,106.62999725341797,82.90092468261719,2398100
2018-02-26,AGG,106.87999725341797,106.94999694824219,106.69000244140625,106.70999908447266,82.96308898925781,4617300
2018-02-27,AGG,106.77999877929688,106.81999969482422,106.37999725341797,106.4800033569336,82.7842788696289,5704700
2018-02-28,AGG,106.58999633789062,106.7699966430664,106.54000091552734,106.7699966430664,83.00972747802734,9614100
2018-03-01,AGG,106.54000091552734,106.72000122070312,106.37999725341797,106.62999725341797,83.08377075195312,7335500
2018-03-02,AGG,106.47000122070312,106.55000305175781,106.36000061035156,106.45999908447266,82.95130157470703,3717300
2018-03-05,AGG,106.5999984741211,106.6500015258789,106.27999877929688,106.4000015258789,82.90457153320312,3307200
2018-03-06,AGG,106.44999694824219,106.55999755859375,106.37999725341797,106.41999816894531,82.92015075683594,1932100
2018-03-07,AGG,106.51000213623047,106.55000305175781,106.37000274658203,106.4000015258789,82.90457153320312,3448700
2018-03-08,AGG,106.41999816894531,106.62999725341797,106.41999816894531,106.56999969482422,83.0370101928711,2396200
2018-03-09,AGG,106.43000030517578,106.45999908447266,106.30000305175781,106.37000274658203,82.8812026977539,3669400
2018-03-12,AGG,106.43000030517578,106.48999786376953,106.37000274658203,106.43000030517578,82.92794036865234,4149500
2018-03-13,AGG,106.58999633789062,106.5999984741211,106.44999694824219,106.56999969482422,83.0370101928711,2727500
2018-03-14,AGG,106.54000091552734,106.8499984741211,106.5199966430664,106.75,83.17723846435547,3126400
2018-03-15,AGG,106.7300033569336,106.80999755859375,106.63999938964844,106.76000213623047,83.18507385253906,3045500
2018-03-16,AGG,106.62000274658203,106.72000122070312,106.5999984741211,106.69999694824219,83.13829040527344,2552700
2018-03-19,AGG,106.55999755859375,106.73999786376953,106.52999877929688,106.58999633789062,83.05262756347656,2263200
2018-03-20,AGG,106.44000244140625,106.51000213623047,106.4000015258789,106.41999816894531,82.92015075683594,3000700
2018-03-21,AGG,106.31999969482422,106.4800033569336,106.08000183105469,106.41000366210938,82.91238403320312,2994400
2018-03-22,AGG,106.66999816894531,106.80000305175781,106.48999786376953,106.61000061035156,83.06819915771484,3334400
2018-03-23,AGG,106.45999908447266,106.69999694824219,106.45999908447266,106.61000061035156,83.06819915771484,3618700
2018-03-26,AGG,106.63999938964844,106.70999908447266,106.47000122070312,106.56999969482422,83.0370101928711,4546500
2018-03-27,AGG,106.62999725341797,106.94999694824219,106.61000061035156,106.87999725341797,83.27855682373047,4537700
2018-03-28,AGG,107.05000305175781,107.0999984741211,106.87999725341797,106.94000244140625,83.32530975341797,5617200
2018-03-29,AGG,106.94999694824219,107.26000213623047,106.94999694824219,107.25,83.56685638427734,8300000
2018-04-02,AGG,106.9000015258789,107.04000091552734,106.81999969482422,106.9000015258789,83.48328399658203,7280300
2018-04-03,AGG,106.81999969482422,106.87000274658203,106.73999786376953,106.77999877929688,83.38958740234375,9916100
2018-04-04,AGG,106.9000015258789,106.93000030517578,106.79000091552734,106.81999969482422,83.42082977294922,6200900
2018-04-05,AGG,106.70999908447266,106.76000213623047,106.62999725341797,106.66999816894531,83.3036880493164,2592500
2018-04-06,AGG,106.88999938964844,106.9800033569336,106.79000091552734,106.91000366210938,83.49111938476562,2814800
2018-04-09,AGG,106.83000183105469,107.0,106.77999877929688,107.0,83.56137084960938,3746500
2018-04-10,AGG,106.94999694824219,106.98999786376953,106.83000183105469,106.91999816894531,83.4989242553711,2941900
2018-04-11,AGG,107.05000305175781,107.05999755859375,106.93000030517578,107.01000213623047,83.56922149658203,8598800
2018-04-12,AGG,106.91000366210938,106.93000030517578,106.76000213623047,106.7699966430664,83.38178253173828,3899000
2018-04-13,AGG,106.69000244140625,106.83999633789062,106.66999816894531,106.80000305175781,83.40523529052734,2764800
2018-04-16,AGG,106.63999938964844,106.83999633789062,106.61000061035156,106.81999969482422,83.42082977294922,3860800
2018-04-17,AGG,106.80999755859375,106.88999938964844,106.75,106.8499984741211,83.44426727294922,2363000
2018-04-18,AGG,106.73999786376953,106.75,106.54000091552734,106.55000305175781,83.2099380493164,2231700
2018-04-19,AGG,106.33999633789062,106.38999938964844,106.23999786376953,106.29000091552734,83.0069580078125,10985100
2018-04-20,AGG,106.1500015258789,106.23999786376953,106.0,106.0,82.78047943115234,2766000
2018-04-23,AGG,105.9800033569336,106.01000213623047,105.9000015258789,105.94999694824219,82.74141693115234,2620800
2018-04-24,AGG,105.8499984741211,105.91999816894531,105.77999877929688,105.80999755859375,82.632080078125,3442300
2018-04-25,AGG,105.72000122070312,105.73999786376953,105.5999984741211,105.66999816894531,82.52276611328125,3785000
2018-04-26,AGG,105.83000183105469,105.9000015258789,105.76000213623047,105.8499984741211,82.66331481933594,4870300
2018-04-27,AGG,105.95999908447266,106.04000091552734,105.94000244140625,105.9800033569336,82.76485443115234,3806400
2018-04-30,AGG,106.01000213623047,106.12000274658203,105.98999786376953,106.0,82.78047943115234,4692600
2018-05-01,AGG,105.7300033569336,105.79000091552734,105.5999984741211,105.66999816894531,82.71001434326172,3027000
2018-05-02,AGG,105.69999694824219,105.77999877929688,105.62000274658203,105.66999816894531,82.71001434326172,2560800
2018-05-03,AGG,105.81999969482422,105.94999694824219,105.77999877929688,105.79000091552734,82.80397033691406,4499200
2018-05-04,AGG,105.91999816894531,105.93000030517578,105.70999908447266,105.86000061035156,82.85873413085938,2317100
2018-05-07,AGG,105.87999725341797,105.87999725341797,105.7699966430664,105.80999755859375,82.81958770751953,1533400
2018-05-08,AGG,105.66000366210938,105.75,105.5999984741211,105.69000244140625,82.72565460205078,2591700
2018-05-09,AGG,105.55999755859375,105.63999938964844,105.5199966430664,105.56999969482422,82.63172912597656,2507500
2018-05-10,AGG,105.75,105.81999969482422,105.69000244140625,105.80999755859375,82.81958770751953,2096700
2018-05-11,AGG,105.9000015258789,105.9000015258789,105.76000213623047,105.86000061035156,82.85873413085938,2034100
2018-05-14,AGG,105.79000091552734,105.8499984741211,105.73999786376953,105.76000213623047,82.78047180175781,2183500
2018-05-15,AGG,105.48999786376953,105.48999786376953,105.19000244140625,105.29000091552734,82.41255950927734,2166400
2018-05-16,AGG,105.36000061035156,105.41999816894531,105.1500015258789,105.16999816894531,82.31864166259766,2477500
2018-05-17,AGG,105.19000244140625,105.20999908447266,105.0,105.02999877929688,82.20905303955078,2789000
2018-05-18,AGG,105.16000366210938,105.31999969482422,105.16000366210938,105.30000305175781,82.42037963867188,2151100
2018-05-21,AGG,105.27999877929688,105.37000274658203,105.23999786376953,105.30999755859375,82.42822265625,1952200
2018-05-22,AGG,105.31999969482422,105.37000274658203,105.27999877929688,105.30999755859375,82.42822265625,2246400
2018-05-23,AGG,105.5,105.6500015258789,105.4800033569336,105.5999984741211,82.65524291992188,6061900
2018-05-24,AGG,105.81999969482422,105.95999908447266,105.81999969482422,105.88999938964844,82.88221740722656,2903300
2018-05-25,AGG,106.0999984741211,106.18000030517578,106.02999877929688,106.12000274658203,83.062255859375,2508100
2018-05-29,AGG,106.37000274658203,107.0,106.31999969482422,106.81999969482422,83.61013793945312,3494200
2018-05-30,AGG,106.54000091552734,106.66999816894531,106.4000015258789,106.55000305175781,83.39875030517578,3158200
2018-05-31,AGG,106.5199966430664,106.66999816894531,106.38999938964844,106.45999908447266,83.3283462524414,5157400
2018-06-01,AGG,105.94999694824219,106.12999725341797,105.91000366210938,106.08000183105469,83.22557830810547,6206800
2018-06-04,AGG,106.0,106.01000213623047,105.79000091552734,105.83000183105469,83.0294189453125,4288100
2018-06-05,AGG,105.98999786376953,106.04000091552734,105.8499984741211,105.91000366210938,83.09217071533203,1848300
2018-06-06,AGG,105.70999908447266,105.75,105.58000183105469,105.66999816894531,82.9039077758789,2705800
2018-06-07,AGG,105.63999938964844,106.12000274658203,105.62000274658203,105.9000015258789,83.0843734741211,2724800
2018-06-08,AGG,105.75,105.9000015258789,105.73999786376953,105.75,82.9666519165039,3416800
2018-06-11,AGG,105.6500015258789,105.73999786376953,105.56999969482422,105.63999938964844,82.88036346435547,4330800
2018-06-12,AGG,105.55999755859375,105.69000244140625,105.55999755859375,105.66999816894531,82.9039077758789,3546500
2018-06-13,AGG,105.68000030517578,105.75,105.37999725341797,105.56999969482422,82.8254623413086,3627200
2018-06-14,AGG,105.75,105.86000061035156,105.69000244140625,105.83999633789062,83.03732299804688,4689600
2018-06-15,AGG,106.01000213623047,106.08999633789062,105.86000061035156,105.87999725341797,83.06865692138672,2361800
2018-06-18,AGG,105.93000030517578,105.93000030517578,105.80000305175781,105.9000015258789,83.0843734741211,2359300
2018-06-19,AGG,106.05000305175781,106.11000061035156,105.9800033569336,106.01000213623047,83.17066192626953,2184200
2018-06-20,AGG,106.05999755859375,106.05999755859375,105.79000091552734,105.80999755859375,83.01371765136719,2403700
2018-06-21,AGG,105.87999725341797,105.95999908447266,105.80999755859375,105.83999633789062,83.03732299804688,2895500
2018-06-22,AGG,105.81999969482422,105.94000244140625,105.80000305175781,105.94000244140625,83.11572265625,1846000
2018-06-25,AGG,105.94999694824219,106.04000091552734,105.86000061035156,105.87999725341797,83.06865692138672,5522900
2018-06-26,AGG,105.98999786376953,106.05000305175781,105.94000244140625,106.05000305175781,83.20201873779297,2665200
2018-06-27,AGG,106.2300033569336,106.30999755859375,106.16000366210938,106.23999786376953,83.35113525390625,3001300
2018-06-28,AGG,106.27999877929688,106.29000091552734,106.16000366210938,106.2300033569336,83.34321594238281,1798900
2018-06-29,AGG,106.30000305175781,106.41999816894531,106.25,106.31999969482422,83.41385650634766,7117300
2018-07-02,AGG,106.0999984741211,106.12999725341797,105.98999786376953,105.98999786376953,83.33442687988281,7159900
2018-07-03,AGG,106.02999877929688,106.20999908447266,106.02999877929688,106.20999908447266,83.50740814208984,2425100
2018-07-05,AGG,106.22000122070312,106.33999633789062,106.20999908447266,106.30999755859375,83.58607482910156,2739900
2018-07-06,AGG,106.41000366210938,106.44999694824219,106.31999969482422,106.41999816894531,83.67254638671875,2598700
2018-07-09,AGG,106.29000091552734,106.33999633789062,106.25,106.31999969482422,83.59390258789062,1926000
2018-07-10,AGG,106.27999877929688,106.30000305175781,106.19000244140625,106.23999786376953,83.53104400634766,2489700
2018-07-11,AGG,106.33000183105469,106.3499984741211,106.22000122070312,106.27999877929688,83.56246185302734,5385000
2018-07-12,AGG,106.26000213623047,106.41999816894531,106.26000213623047,106.41000366210938,83.66468811035156,2145800
2018-07-13,AGG,106.44000244140625,106.5199966430664,106.44000244140625,106.51000213623047,83.74327850341797,2126900
2018-07-16,AGG,106.3499984741211,106.4000015258789,106.23999786376953,106.38999938964844,83.64891815185547,2116500
2018-07-17,AGG,106.4000015258789,106.44999694824219,106.29000091552734,106.3499984741211,83.61751556396484,2964100
2018-07-18,AGG,106.36000061035156,106.38999938964844,106.2699966430664,106.31999969482422,83.59390258789062,1760900
2018-07-19,AGG,106.33999633789062,106.55000305175781,106.30999755859375,106.4800033569336,83.71973419189453,2163200
2018-07-20,AGG,106.37999725341797,106.44000244140625,106.19999694824219,106.2699966430664,83.55461883544922,2920200
2018-07-23,AGG,106.16999816894531,106.19000244140625,105.88999938964844,105.9000015258789,83.26371002197266,1848500
2018-07-24,AGG,105.91999816894531,106.06999969482422,105.9000015258789,106.05000305175781,83.3816146850586,3590200
2018-07-25,AGG,106.12000274658203,106.16999816894531,105.94999694824219,106.05999755859375,83.38947296142578,3318300
2018-07-26,AGG,106.0999984741211,106.1500015258789,105.94999694824219,106.0,83.34231567382812,2245000
2018-07-27,AGG,106.12999725341797,106.16000366210938,106.04000091552734,106.08000183105469,83.40522003173828,2637400
2018-07-30,AGG,105.94000244140625,106.05000305175781,105.91000366210938,105.97000122070312,83.3187026977539,5518200
2018-07-31,AGG,106.11000061035156,106.18000030517578,106.05000305175781,106.05999755859375,83.38947296142578,5928100
2018-08-01,AGG,105.55000305175781,105.76000213623047,105.51000213623047,105.69999694824219,83.30355834960938,4534100
2018-08-02,AGG,105.76000213623047,105.76000213623047,105.6500015258789,105.73999786376953,83.3350830078125,3671900
2018-08-03,AGG,105.80999755859375,105.9800033569336,105.80999755859375,105.97000122070312,83.51637268066406,2542900
2018-08-06,AGG,106.02999877929688,106.11000061035156,106.0,106.04000091552734,83.57156372070312,4120000
2018-08-07,AGG,105.97000122070312,105.97000122070312,105.83000183105469,105.8499984741211,83.42178344726562,2532800
2018-08-08,AGG,105.83000183105469,105.91000366210938,105.80000305175781,105.8499984741211,83.42178344726562,1937500
2018-08-09,AGG,105.97000122070312,106.04000091552734,105.93000030517578,106.0,83.54000854492188,2386400
2018-08-10,AGG,106.11000061035156,106.36000061035156,106.11000061035156,106.2300033569336,83.7212905883789,4136300
2018-08-13,AGG,106.16000366210938,106.30000305175781,106.1500015258789,106.29000091552734,83.76859283447266,2786300
2018-08-14,AGG,106.30000305175781,106.33000183105469,106.16000366210938,106.19000244140625,83.6898193359375,6087400
2018-08-15,AGG,106.29000091552734,106.44000244140625,106.25,106.33999633789062,83.8079833984375,4652700
2018-08-16,AGG,106.37999725341797,106.41999816894531,106.23999786376953,106.4000015258789,83.85526275634766,2658200
2018-08-17,AGG,106.43000030517578,106.55000305175781,106.37999725341797,106.45999908447266,83.9025650024414,2071100
2018-08-20,AGG,106.58999633789062,106.68000030517578,106.52999877929688,106.66999816894531,84.06805419921875,2355500
2018-08-21,AGG,106.58000183105469,106.62000274658203,106.51000213623047,106.58000183105469,83.99711608886719,2835000
2018-08-22,AGG,106.66000366210938,106.70999908447266,106.56999969482422,106.66999816894531,84.06805419921875,2190000
2018-08-23,AGG,106.66999816894531,106.70999908447266,106.61000061035156,106.61000061035156,84.02078247070312,1568600
2018-08-24,AGG,106.5,106.7300033569336,106.48999786376953,106.7300033569336,84.1153335571289,3649700
2018-08-27,AGG,106.58999633789062,106.66000366210938,106.55999755859375,106.58999633789062,84.0050277709961,3233500
2018-08-28,AGG,106.44999694824219,106.48999786376953,106.36000061035156,106.38999938964844,83.84739685058594,2558100
2018-08-29,AGG,106.37999725341797,106.41000366210938,106.29000091552734,106.37000274658203,83.83161163330078,2792400
2018-08-30,AGG,106.47000122070312,106.5,106.37999725341797,106.41999816894531,83.87101745605469,2803200
2018-08-31,AGG,106.58000183105469,106.5999984741211,106.41000366210938,106.41000366210938,83.8631591796875,3308700
2018-09-04,AGG,106.0199966430664,106.12000274658203,105.9800033569336,106.05999755859375,83.7699203491211,3164000
2018-09-05,AGG,106.05000305175781,106.08000183105469,105.95999908447266,106.01000213623047,83.7304458618164,2788300
2018-09-06,AGG,106.08999633789062,106.2699966430664,106.08999633789062,106.19000244140625,83.87267303466797,2248500
2018-09-07,AGG,105.91999816894531,105.94000244140625,105.80999755859375,105.80999755859375,83.57249450683594,2571600
2018-09-10,AGG,105.8499984741211,105.94999694824219,105.8499984741211,105.91000366210938,83.6514892578125,3305700
2018-09-11,AGG,105.77999877929688,105.83999633789062,105.69999694824219,105.7300033569336,83.50927734375,4919000
2018-09-12,AGG,105.80999755859375,105.88999938964844,105.80000305175781,105.80000305175781,83.5645751953125,4168900
2018-09-13,AGG,105.95999908447266,106.0,105.8499984741211,105.87000274658203,83.61988830566406,2280200
2018-09-14,AGG,105.72000122070312,105.79000091552734,105.66000366210938,105.66999816894531,83.46189880371094,2693000
2018-09-17,AGG,105.6500015258789,105.77999877929688,105.5999984741211,105.66999816894531,83.46189880371094,5721700
2018-09-18,AGG,105.58999633789062,105.5999984741211,105.38999938964844,105.44000244140625,83.2802505493164,2206000
2018-09-19,AGG,105.41999816894531,105.43000030517578,105.22000122070312,105.23999786376953,83.12230682373047,2700600
2018-09-20,AGG,105.2300033569336,105.44999694824219,105.2300033569336,105.37999725341797,83.23284912109375,2897700
2018-09-21,AGG,105.33999633789062,105.47000122070312,105.31999969482422,105.45999908447266,83.29608917236328,2792600
2018-09-24,AGG,105.33000183105469,105.45999908447266,105.30999755859375,105.36000061035156,83.21707916259766,1895000
2018-09-25,AGG,105.25,105.30999755859375,105.18000030517578,105.30999755859375,83.17756652832031,2059400
2018-09-26,AGG,105.37000274658203,105.5999984741211,105.33999633789062,105.55999755859375,83.375,2912100
2018-09-27,AGG,105.5,105.63999938964844,105.5,105.62999725341797,83.4302978515625,2528100
2018-09-28,AGG,105.69000244140625,105.70999908447266,105.51000213623047,105.5199966430664,83.34341430664062,4883900
2018-10-01,AGG,105.3499984741211,105.3499984741211,105.19999694824219,105.23999786376953,83.32124328613281,3518400
2018-10-02,AGG,105.31999969482422,105.45999908447266,105.25,105.36000061035156,83.4162826538086,6912600
2018-10-03,AGG,105.22000122070312,105.23999786376953,104.75,104.86000061035156,83.02039337158203,2540500
2018-10-04,AGG,104.6500015258789,104.72000122070312,104.47000122070312,104.55999755859375,82.78287506103516,5268200
2018-10-05,AGG,104.45999908447266,104.4800033569336,104.19000244140625,104.33000183105469,82.60076141357422,3460500
2018-10-08,AGG,104.37999725341797,104.4000015258789,104.29000091552734,104.29000091552734,82.56913757324219,2268000
2018-10-09,AGG,104.38999938964844,104.51000213623047,104.31999969482422,104.44000244140625,82.68790435791016,21903200
2018-10-10,AGG,104.33999633789062,104.45999908447266,104.2300033569336,104.41000366210938,82.66413116455078,3834800
2018-10-11,AGG,104.58999633789062,104.86000061035156,104.51000213623047,104.72000122070312,82.90956115722656,7053900
2018-10-12,AGG,104.70999908447266,104.87000274658203,104.68000030517578,104.75,82.9333267211914,5017400
2018-10-15,AGG,104.7300033569336,104.77999877929688,104.62000274658203,104.68000030517578,82.87789916992188,3047700
2018-10-16,AGG,104.69000244140625,104.73999786376953,104.58000183105469,104.73999786376953,82.92540740966797,5750100
2018-10-17,AGG,104.70999908447266,104.7699966430664,104.5199966430664,104.52999877929688,82.75914764404297,2844200
2018-10-18,AGG,104.38999938964844,104.62000274658203,104.37999725341797,104.45999908447266,82.7037124633789,3158200
2018-10-19,AGG,104.47000122070312,104.55000305175781,104.33999633789062,104.37000274658203,82.63247680664062,2985800
2018-10-22,AGG,104.47000122070312,104.5199966430664,104.33999633789062,104.3499984741211,82.61664581298828,2807300
2018-10-23,AGG,104.66999816894531,104.73999786376953,104.4800033569336,104.4800033569336,82.71955108642578,3524300
2018-10-24,AGG,104.69000244140625,104.80999755859375,104.66999816894531,104.75,82.9333267211914,4465100
2018-10-25,AGG,104.70999908447266,104.7699966430664,104.61000061035156,104.66000366210938,82.86206817626953,8290200
2018-10-26,AGG,104.87999725341797,105.05000305175781,104.87000274658203,104.9000015258789,83.05206298828125,5811400
2018-10-29,AGG,104.86000061035156,104.88999938964844,104.72000122070312,104.79000091552734,82.96499633789062,5075100
2018-10-30,AGG,104.68000030517578,104.77999877929688,104.63999938964844,104.63999938964844,82.84623718261719,2552000
2018-10-31,AGG,104.5,104.69999694824219,104.5,104.58999633789062,82.80664825439453,14880500
2018-11-01,AGG,104.22000122070312,104.41000366210938,104.20999908447266,104.33999633789062,83.015869140625,7919000
2018-11-02,AGG,104.25,104.29000091552734,103.94000244140625,104.02999877929688,82.76924896240234,4491500
2018-11-05,AGG,104.13999938964844,104.16999816894531,104.06999969482422,104.0999984741211,82.82490539550781,3412600
2018-11-06,AGG,104.08999633789062,104.16999816894531,104.05999755859375,104.11000061035156,82.8328857421875,2619900
2018-11-07,AGG,104.25,104.36000061035156,104.13999938964844,104.19999694824219,82.90447235107422,4677200
2018-11-08,AGG,104.19000244140625,104.22000122070312,104.0,104.01000213623047,82.75333404541016,3489200
2018-11-09,AGG,104.06999969482422,104.25,104.06999969482422,104.13999938964844,82.85677337646484,2901900
2018-11-12,AGG,104.30999755859375,104.3499984741211,104.25,104.30999755859375,82.99203491210938,2779700
2018-11-13,AGG,104.30000305175781,104.37000274658203,104.20999908447266,104.3499984741211,83.02384948730469,2977100
2018-11-14,AGG,104.22000122070312,104.5,104.19999694824219,104.36000061035156,83.03181457519531,3395900
2018-11-15,AGG,104.4800033569336,104.51000213623047,104.30999755859375,104.48999786376953,83.13525390625,3861300
2018-11-16,AGG,104.55000305175781,104.70999908447266,104.51000213623047,104.66000366210938,83.27051544189453,3332600
2018-11-19,AGG,104.61000061035156,104.7300033569336,104.61000061035156,104.6500015258789,83.26251983642578,4673200
2018-11-20,AGG,104.66999816894531,104.72000122070312,104.61000061035156,104.61000061035156,83.2307357788086,3162700
2018-11-21,AGG,104.5999984741211,104.69000244140625,104.58000183105469,104.68000030517578,83.2863998413086,5701700
2018-11-23,AGG,104.83999633789062,104.83999633789062,104.6500015258789,104.6500015258789,83.26251983642578,1665900
2018-11-26,AGG,104.66999816894531,104.66999816894531,104.58999633789062,104.62999725341797,83.24664306640625,4326100
2018-11-27,AGG,104.58000183105469,104.73999786376953,104.58000183105469,104.66000366210938,83.27051544189453,4107700
2018-11-28,AGG,104.62999725341797,104.91000366210938,104.56999969482422,104.86000061035156,83.42962646484375,8513900
2018-11-29,AGG,104.91999816894531,104.98999786376953,104.83999633789062,104.91000366210938,83.46942138671875,5922600
2018-11-30,AGG,104.93000030517578,104.95999908447266,104.81999969482422,104.87999725341797,83.44554138183594,6126200
2018-12-03,AGG,104.69000244140625,104.86000061035156,104.62999725341797,104.80000305175781,83.58191680908203,14037900
2018-12-04,AGG,104.9800033569336,105.27999877929688,104.94000244140625,105.08000183105469,83.80522155761719,5365200
2018-12-06,AGG,105.29000091552734,105.54000091552734,105.27999877929688,105.33999633789062,84.0125732421875,7396800
2018-12-07,AGG,105.38999938964844,105.55000305175781,105.27999877929688,105.4800033569336,84.12422180175781,5440200
2018-12-10,AGG,105.55000305175781,105.62999725341797,105.43000030517578,105.55000305175781,84.18009948730469,6096000
2018-12-11,AGG,105.62999725341797,105.72000122070312,105.51000213623047,105.58000183105469,84.20404052734375,8086200
2018-12-12,AGG,105.4800033569336,105.56999969482422,105.45999908447266,105.5,84.14019012451172,8089000
2018-12-13,AGG,105.58999633789062,105.6500015258789,105.52999877929688,105.52999877929688,84.16413116455078,5762500
2018-12-14,AGG,105.68000030517578,105.68000030517578,105.55999755859375,105.55999755859375,84.18805694580078,6265000
2018-12-17,AGG,105.66000366210938,105.77999877929688,105.61000061035156,105.73999786376953,84.33157348632812,7630500
2018-12-18,AGG,105.62999725341797,105.83999633789062,105.62999725341797,105.83999633789062,84.5793228149414,6626100
2018-12-19,AGG,105.87999725341797,106.16999816894531,105.79000091552734,105.94000244140625,84.65924835205078,7264800
2018-12-20,AGG,106.0999984741211,106.12000274658203,105.80999755859375,105.83999633789062,84.5793228149414,7695000
2018-12-21,AGG,105.94000244140625,105.95999908447266,105.76000213623047,105.79000091552734,84.53936004638672,10381200
2018-12-24,AGG,105.94999694824219,106.0,105.80999755859375,105.86000061035156,84.59532928466797,7196100
2018-12-26,AGG,105.91999816894531,106.0,105.62999725341797,105.66000366210938,84.43547821044922,8606900
2018-12-27,AGG,105.94999694824219,106.05999755859375,105.7699966430664,105.83000183105469,84.57137298583984,10562200
2018-12-28,AGG,105.97000122070312,106.22000122070312,105.94000244140625,106.22000122070312,84.88297271728516,7019600
2018-12-31,AGG,106.12000274658203,106.51000213623047,106.11000061035156,106.48999786376953,85.09876251220703,9671800
2019-01-02,AGG,106.55000305175781,106.61000061035156,106.47000122070312,106.56999969482422,85.16264343261719,11200700
2019-01-03,AGG,106.56999969482422,107.08000183105469,106.56999969482422,107.01000213623047,85.51426696777344,6497000
2019-01-04,AGG,106.66000366210938,106.72000122070312,106.55000305175781,106.69000244140625,85.25858306884766,8149000
2019-01-07,AGG,106.72000122070312,106.79000091552734,106.45999908447266,106.51000213623047,85.11473083496094,7433700
2019-01-08,AGG,106.4000015258789,106.52999877929688,106.37999725341797,106.43000030517578,85.05082702636719,4395600
2019-01-09,AGG,106.41999816894531,106.56999969482422,106.4000015258789,106.5199966430664,85.12273406982422,5458100
2019-01-10,AGG,106.5199966430664,106.55999755859375,106.33000183105469,106.4000015258789,85.0268325805664,3532500
2019-01-11,AGG,106.58000183105469,106.66000366210938,106.5,106.55000305175781,85.1467056274414,5759000
2019-01-14,AGG,106.56999969482422,106.61000061035156,106.4000015258789,106.4000015258789,85.0268325805664,7544300
2019-01-15,AGG,106.54000091552734,106.55000305175781,106.33000183105469,106.41999816894531,85.04280090332031,3690200
2019-01-16,AGG,106.33000183105469,106.5199966430664,106.30999755859375,106.51000213623047,85.11473083496094,4007800
2019-01-17,AGG,106.52999877929688,106.52999877929688,106.33999633789062,106.43000030517578,85.05082702636719,5547000
2019-01-18,AGG,106.37000274658203,106.4800033569336,106.27999877929688,106.3499984741211,84.98689270019531,5643400
2019-01-22,AGG,106.44000244140625,106.62000274658203,106.44000244140625,106.44000244140625,85.0588150024414,6824000
2019-01-23,AGG,106.37999725341797,106.58999633789062,106.37000274658203,106.55000305175781,85.1467056274414,3222800
2019-01-24,AGG,106.72000122070312,106.83999633789062,106.66999816894531,106.7300033569336,85.29055786132812,7308900
2019-01-25,AGG,106.63999938964844,106.69999694824219,106.55999755859375,106.68000030517578,85.25059509277344,3469500
2019-01-28,AGG,106.62000274658203,106.75,106.58000183105469,106.62000274658203,85.20263671875,7365700
2019-01-29,AGG,106.7300033569336,106.93000030517578,106.69000244140625,106.9000015258789,85.4264144897461,6158600
2019-01-30,AGG,106.79000091552734,107.1500015258789,106.79000091552734,107.13999938964844,85.61817932128906,6350400
2019-01-31,AGG,107.30000305175781,107.52999877929688,107.29000091552734,107.45999908447266,85.87391662597656,14766500
2019-02-01,AGG,107.08999633789062,107.1500015258789,106.87999725341797,106.97000122070312,85.69605255126953,7227900
2019-02-04,AGG,106.83000183105469,106.9000015258789,106.7699966430664,106.87999725341797,85.62399291992188,14227700
2019-02-05,AGG,106.94999694824219,107.13999938964844,106.94999694824219,107.11000061035156,85.80818939208984,8913500
2019-02-06,AGG,107.19999694824219,107.22000122070312,106.98999786376953,107.05000305175781,85.76016235351562,6449600
2019-02-07,AGG,107.1500015258789,107.19999694824219,107.02999877929688,107.0999984741211,85.80022430419922,3938900
2019-02-08,AGG,107.16999816894531,107.37999725341797,107.16999816894531,107.33999633789062,85.99248504638672,4288600
2019-02-11,AGG,107.2300033569336,107.27999877929688,107.1500015258789,107.2300033569336,85.90435791015625,3521000
2019-02-12,AGG,107.22000122070312,107.26000213623047,107.12000274658203,107.25,85.92037963867188,3136700
2019-02-13,AGG,107.08000183105469,107.13999938964844,107.01000213623047,107.05999755859375,85.7681655883789,2526100
2019-02-14,AGG,107.33000183105469,107.3499984741211,107.16999816894531,107.22000122070312,85.89634704589844,2908500
2019-02-15,AGG,107.25,107.30999755859375,107.19000244140625,107.30000305175781,85.96043395996094,2413900
2019-02-19,AGG,107.43000030517578,107.44999694824219,107.27999877929688,107.36000061035156,86.00849151611328,6235500
2019-02-20,AGG,107.37000274658203,107.38999938964844,107.27999877929688,107.37000274658203,86.01651763916016,3231100
2019-02-21,AGG,107.16000366210938,107.18000030517578,107.0999984741211,107.12999725341797,85.82425689697266,3677000
2019-02-22,AGG,107.25,107.5199966430664,107.22000122070312,107.4000015258789,86.04052734375,2731500
2019-02-25,AGG,107.3499984741211,107.4000015258789,107.30000305175781,107.37000274658203,86.01651763916016,3645400
2019-02-26,AGG,107.52999877929688,107.56999969482422,107.43000030517578,107.48999786376953,86.1126480102539,4759400
2019-02-27,AGG,107.4000015258789,107.4000015258789,107.20999908447266,107.26000213623047,85.92842102050781,2988300
2019-02-28,AGG,107.26000213623047,107.29000091552734,107.02999877929688,107.06999969482422,85.77616882324219,11872100
2019-03-01,AGG,106.7699966430664,106.83999633789062,106.61000061035156,106.62999725341797,85.63724517822266,5527000
2019-03-04,AGG,106.73999786376953,106.83999633789062,106.69000244140625,106.76000213623047,85.74164581298828,3837200
2019-03-05,AGG,106.7300033569336,106.83999633789062,106.66999816894531,106.83000183105469,85.79786682128906,5835800
2019-03-06,AGG,106.87999725341797,107.06999969482422,106.8499984741211,106.98999786376953,85.9263916015625,4834000
2019-03-07,AGG,107.16000366210938,107.3499984741211,107.12000274658203,107.29000091552734,86.16728210449219,6089100
2019-03-08,AGG,107.30999755859375,107.47000122070312,107.23999786376953,107.43000030517578,86.27973937988281,4943100
2019-03-11,AGG,107.44000244140625,107.47000122070312,107.3499984741211,107.44000244140625,86.28776550292969,5638300
2019-03-12,AGG,107.5,107.66999816894531,107.43000030517578,107.63999938964844,86.44841003417969,5243400
2019-03-13,AGG,107.55999755859375,107.61000061035156,107.51000213623047,107.58999633789062,86.40824127197266,2608800
2019-03-14,AGG,107.56999969482422,107.58000183105469,107.38999938964844,107.43000030517578,86.27973937988281,2955400
2019-03-15,AGG,107.6500015258789,107.73999786376953,107.56999969482422,107.69999694824219,86.49654388427734,2756900
2019-03-18,AGG,107.66999816894531,107.69999694824219,107.62999725341797,107.68000030517578,86.48052215576172,2295500
2019-03-19,AGG,107.58000183105469,107.70999908447266,107.52999877929688,107.62000274658203,86.43231201171875,2928300
2019-03-20,AGG,107.70999908447266,108.08999633789062,107.66999816894531,108.05999755859375,86.78572845458984,4236200
2019-03-21,AGG,108.12999725341797,108.18000030517578,108.05000305175781,108.08000183105469,86.80176544189453,4192700
2019-03-22,AGG,108.45999908447266,108.76000213623047,108.37000274658203,108.62000274658203,87.23545837402344,2464100
2019-03-25,AGG,108.62999725341797,108.98999786376953,108.5999984741211,108.81999969482422,87.39608764648438,4971300
2019-03-26,AGG,108.76000213623047,108.93000030517578,108.70999908447266,108.83999633789062,87.41210174560547,3120500
2019-03-27,AGG,109.0,109.18000030517578,108.98999786376953,109.06999969482422,87.59683990478516,3719600
2019-03-28,AGG,109.05999755859375,109.13999938964844,108.95999908447266,109.08000183105469,87.60490417480469,6071000
2019-03-29,AGG,108.8499984741211,109.06999969482422,108.83000183105469,109.06999969482422,87.59683990478516,5988300
2019-04-01,AGG,108.62000274658203,108.62000274658203,108.27999877929688,108.30999755859375,87.1959228515625,11261700
2019-04-02,AGG,108.38999938964844,108.45999908447266,108.31999969482422,108.43000030517578,87.29254150390625,8080100
2019-04-03,AGG,108.23999786376953,108.31999969482422,108.19000244140625,108.2300033569336,87.13155364990234,3731100
2019-04-04,AGG,108.25,108.31999969482422,108.19999694824219,108.30999755859375,87.1959228515625,3676900
2019-04-05,AGG,108.2699966430664,108.41000366210938,108.2300033569336,108.38999938964844,87.26036834716797,2236600
2019-04-08,AGG,108.38999938964844,108.4000015258789,108.30000305175781,108.33999633789062,87.22013092041016,9485300
2019-04-09,AGG,108.47000122070312,108.5199966430664,108.38999938964844,108.4000015258789,87.26840209960938,3753800
2019-04-10,AGG,108.55000305175781,108.63999938964844,108.5,108.61000061035156,87.43743133544922,4682000
2019-04-11,AGG,108.52999877929688,108.52999877929688,108.41999816894531,108.4800033569336,87.33280181884766,2827700
2019-04-12,AGG,108.26000213623047,108.3499984741211,108.22000122070312,108.2699966430664,87.16372680664062,2390600
2019-04-15,AGG,108.20999908447266,108.30000305175781,108.20999908447266,108.25,87.14764404296875,2546200
2019-04-16,AGG,108.12000274658203,108.20999908447266,108.0199966430664,108.05999755859375,86.99467468261719,4093900
2019-04-17,AGG,108.08999633789062,108.19000244140625,108.05000305175781,108.05000305175781,86.98661804199219,3390200
2019-04-18,AGG,108.2300033569336,108.29000091552734,108.16000366210938,108.19000244140625,87.09932708740234,2217200
2019-04-22,AGG,108.12999725341797,108.16000366210938,108.05000305175781,108.05999755859375,86.99467468261719,5725600
2019-04-23,AGG,108.18000030517578,108.27999877929688,108.1500015258789,108.25,87.14764404296875,3422700
2019-04-24,AGG,108.41999816894531,108.52999877929688,108.41999816894531,108.5,87.348876953125,3000000
2019-04-25,AGG,108.47000122070312,108.55000305175781,108.41999816894531,108.48999786376953,87.3408432006836,2648100
2019-04-26,AGG,108.73999786376953,108.75,108.66000366210938,108.70999908447266,87.5179443359375,2299900
2019-04-29,AGG,108.55999755859375,108.62000274658203,108.48999786376953,108.5199966430664,87.36500549316406,2782600
2019-04-30,AGG,108.55999755859375,108.68000030517578,108.51000213623047,108.58999633789062,87.42134094238281,7491500
2019-05-01,AGG,108.47000122070312,108.76000213623047,108.31999969482422,108.4000015258789,87.47782135009766,6387900
2019-05-02,AGG,108.33000183105469,108.33000183105469,108.0999984741211,108.16000366210938,87.28417205810547,3379400
2019-05-03,AGG,108.31999969482422,108.41999816894531,108.27999877929688,108.33999633789062,87.429443359375,2326300
2019-05-06,AGG,108.55999755859375,108.56999969482422,108.44000244140625,108.4800033569336,87.54242706298828,4609100
2019-05-07,AGG,108.62999725341797,108.69999694824219,108.58999633789062,108.61000061035156,87.64733123779297,3051400
2019-05-08,AGG,108.73999786376953,108.80999755859375,108.55000305175781,108.58999633789062,87.63117980957031,5946400
2019-05-09,AGG,108.77999877929688,108.80999755859375,108.55000305175781,108.6500015258789,87.67957305908203,4847600
2019-05-10,AGG,108.73999786376953,108.81999969482422,108.62999725341797,108.66999816894531,87.69574737548828,5257500
2019-05-13,AGG,108.83000183105469,108.9800033569336,108.81999969482422,108.8499984741211,87.84095764160156,6733800
2019-05-14,AGG,108.9000015258789,108.97000122070312,108.87000274658203,108.94000244140625,87.91363525390625,6217000
2019-05-15,AGG,109.16000366210938,109.18000030517578,109.0,109.12999725341797,88.06693267822266,2666500
2019-05-16,AGG,109.04000091552734,109.04000091552734,108.94999694824219,109.0,87.96202850341797,2757000
2019-05-17,AGG,109.12000274658203,109.1500015258789,108.94000244140625,109.02999877929688,87.98623657226562,2090800
2019-05-20,AGG,108.9800033569336,109.05999755859375,108.86000061035156,108.87999725341797,87.86518096923828,2035000
2019-05-21,AGG,108.86000061035156,108.91000366210938,108.80999755859375,108.87000274658203,87.85713958740234,2029800
2019-05-22,AGG,108.94999694824219,109.08999633789062,108.91999816894531,109.05000305175781,88.00237274169922,3509900
2019-05-23,AGG,109.18000030517578,109.5,109.13999938964844,109.37000274658203,88.26061248779297,4922500
2019-05-24,AGG,109.37000274658203,109.44999694824219,109.33000183105469,109.41000366210938,88.29288482666016,2010300
2019-05-28,AGG,109.56999969482422,109.6500015258789,109.5,109.56999969482422,88.42203521728516,6270100
2019-05-29,AGG,109.7300033569336,109.8499984741211,109.5999984741211,109.5999984741211,88.44622802734375,5634400
2019-05-30,AGG,109.7699966430664,109.94000244140625,109.6500015258789,109.88999938964844,88.68022155761719,3305200
2019-05-31,AGG,110.01000213623047,110.63999938964844,110.0,110.4000015258789,89.09182739257812,9204100
2019-06-03,AGG,110.26000213623047,110.5199966430664,110.16999816894531,110.4000015258789,89.30213928222656,7137500
2019-06-04,AGG,110.27999877929688,110.37999725341797,110.12999725341797,110.30000305175781,89.22123718261719,5131700
2019-06-05,AGG,110.36000061035156,110.47000122070312,110.2300033569336,110.23999786376953,89.1727294921875,3253500
2019-06-06,AGG,110.33999633789062,110.41999816894531,110.16000366210938,110.22000122070312,89.15653991699219,2660400
2019-06-07,AGG,110.63999938964844,110.66999816894531,110.44999694824219,110.52999877929688,89.40731048583984,3697100
2019-06-10,AGG,110.36000061035156,110.36000061035156,110.22000122070312,110.23999786376953,89.1727294921875,3992900
2019-06-11,AGG,110.20999908447266,110.25,110.16999816894531,110.22000122070312,89.15653991699219,4374600
2019-06-12,AGG,110.27999877929688,110.41000366210938,110.26000213623047,110.36000061035156,89.26982879638672,2797600
2019-06-13,AGG,110.43000030517578,110.62000274658203,110.4000015258789,110.5999984741211,89.46393585205078,2293200
2019-06-14,AGG,110.51000213623047,110.62999725341797,110.4800033569336,110.56999969482422,89.43965911865234,1901200
2019-06-17,AGG,110.5199966430664,110.5999984741211,110.45999908447266,110.54000091552734,89.41539001464844,3312600
2019-06-18,AGG,110.94000244140625,110.97000122070312,110.70999908447266,110.83999633789062,89.6580810546875,3640300
2019-06-19,AGG,110.70999908447266,111.22000122070312,110.6500015258789,111.22000122070312,89.96542358398438,2895900
2019-06-20,AGG,111.38999938964844,111.56999969482422,111.33999633789062,111.41000366210938,90.11909484863281,4224300
2019-06-21,AGG,111.22000122070312,111.26000213623047,111.04000091552734,111.12000274658203,89.884521484375,4640200
2019-06-24,AGG,111.2300033569336,111.37999725341797,111.22000122070312,111.31999969482422,90.04631042480469,3079800
2019-06-25,AGG,111.36000061035156,111.44000244140625,111.22000122070312,111.33999633789062,90.06253051757812,3111100
2019-06-26,AGG,111.29000091552734,111.30999755859375,111.05999755859375,111.08999633789062,89.86027526855469,3703200
2019-06-27,AGG,111.25,111.41000366210938,111.16000366210938,111.4000015258789,90.11103057861328,2963600
2019-06-28,AGG,111.36000061035156,111.47000122070312,111.31999969482422,111.3499984741211,90.07057189941406,9887800
2019-07-01,AGG,111.25,111.2699966430664,111.01000213623047,111.18000030517578,90.13707733154297,4186800
2019-07-02,AGG,111.19999694824219,111.41000366210938,111.13999938964844,111.37999725341797,90.29923248291016,5765400
2019-07-03,AGG,111.44000244140625,111.5999984741211,111.43000030517578,111.55999755859375,90.44518280029297,1324800
2019-07-05,AGG,111.20999908447266,111.20999908447266,110.91000366210938,111.08999633789062,90.0641098022461,2461200
2019-07-08,AGG,111.2300033569336,111.26000213623047,111.02999877929688,111.02999877929688,90.01546478271484,3041400
2019-07-09,AGG,111.04000091552734,111.05999755859375,110.94999694824219,111.0,89.99115753173828,2525800
2019-07-10,AGG,111.13999938964844,111.16000366210938,110.97000122070312,111.08000183105469,90.05598449707031,4589800
2019-07-11,AGG,111.05999755859375,111.05999755859375,110.66999816894531,110.66999816894531,89.72361755371094,3303700
2019-07-12,AGG,110.66999816894531,110.8499984741211,110.66999816894531,110.79000091552734,89.8208999633789,3836300
2019-07-15,AGG,110.87000274658203,110.95999908447266,110.8499984741211,110.94999694824219,89.9506607055664,3619000
2019-07-16,AGG,110.75,110.83000183105469,110.63999938964844,110.83000183105469,89.85330200195312,2149100
2019-07-17,AGG,110.93000030517578,111.13999938964844,110.91000366210938,111.12000274658203,90.0884017944336,2985600
2019-07-18,AGG,111.0999984741211,111.33000183105469,111.05999755859375,111.30000305175781,90.2343978881836,5982200
2019-07-19,AGG,111.22000122070312,111.29000091552734,111.13999938964844,111.16999816894531,90.12897491455078,3150800
2019-07-22,AGG,111.41000366210938,111.41000366210938,111.30000305175781,111.30999755859375,90.24248504638672,2855100
2019-07-23,AGG,111.2699966430664,111.31999969482422,111.16000366210938,111.19999694824219,90.15330505371094,2659300
2019-07-24,AGG,111.33000183105469,111.41000366210938,111.30000305175781,111.36000061035156,90.28300476074219,2783300
2019-07-25,AGG,111.33000183105469,111.33000183105469,111.05000305175781,111.19000244140625,90.14519500732422,2976800
2019-07-26,AGG,111.31999969482422,111.31999969482422,111.13999938964844,111.20999908447266,90.16136169433594,4669000
2019-07-29,AGG,111.30000305175781,111.3499984741211,111.22000122070312,111.26000213623047,90.20195007324219,4167100
2019-07-30,AGG,111.2699966430664,111.33000183105469,111.16000366210938,111.25,90.19385528564453,2409300
2019-07-31,AGG,111.30000305175781,111.58999633789062,111.06999969482422,111.30000305175781,90.2343978881836,10034500
2019-08-01,AGG,111.33999633789062,111.94999694824219,111.26000213623047,111.91000366210938,90.94135284423828,5709100
2019-08-02,AGG,111.93000030517578,112.04000091552734,111.81999969482422,111.94999694824219,90.9738540649414,3293700
2019-08-05,AGG,112.27999877929688,112.58000183105469,112.25,112.44000244140625,91.37205505371094,7626600
2019-08-06,AGG,112.47000122070312,112.76000213623047,112.4000015258789,112.73999786376953,91.6158447265625,5151800
2019-08-07,AGG,113.16999816894531,113.29000091552734,112.61000061035156,112.68000030517578,91.56707000732422,9156600
2019-08-08,AGG,112.51000213623047,112.81999969482422,112.33000183105469,112.79000091552734,91.65646362304688,3707200
2019-08-09,AGG,112.86000061035156,112.94999694824219,112.58000183105469,112.63999938964844,91.5345687866211,2432300
2019-08-12,AGG,112.93000030517578,113.19000244140625,112.87000274658203,113.05000305175781,91.86775207519531,2474900
2019-08-13,AGG,113.1500015258789,113.1500015258789,112.79000091552734,112.88999938964844,91.73773193359375,3048200
2019-08-14,AGG,113.27999877929688,113.37999725341797,113.20999908447266,113.23999786376953,92.02214050292969,2829900
2019-08-15,AGG,113.38999938964844,113.91000366210938,113.37000274658203,113.76000213623047,92.44469451904297,2815600
2019-08-16,AGG,113.56999969482422,113.69000244140625,113.36000061035156,113.66999816894531,92.37157440185547,5209000
2019-08-19,AGG,113.33999633789062,113.45999908447266,113.2699966430664,113.37000274658203,92.1277847290039,2900800
2019-08-20,AGG,113.66999816894531,113.69999694824219,113.55999755859375,113.68000030517578,92.37969970703125,2253600
2019-08-21,AGG,113.51000213623047,113.83000183105469,113.51000213623047,113.62000274658203,92.33094787597656,3815400
2019-08-22,AGG,113.51000213623047,113.68000030517578,113.30000305175781,113.31999969482422,92.08717346191406,6294900
2019-08-23,AGG,113.33999633789062,113.91000366210938,113.30999755859375,113.77999877929688,92.46096801757812,3772100
2019-08-26,AGG,113.83999633789062,113.94999694824219,113.66999816894531,113.7300033569336,92.42033386230469,5127200
2019-08-27,AGG,113.91000366210938,114.12000274658203,113.87000274658203,114.08999633789062,92.7128677368164,3473400
2019-08-28,AGG,114.30000305175781,114.30000305175781,114.04000091552734,114.0999984741211,92.72100067138672,5102500
2019-08-29,AGG,114.08000183105469,114.08000183105469,113.83999633789062,114.02999877929688,92.66414642333984,2671000
2019-08-30,AGG,113.9000015258789,114.1500015258789,113.88999938964844,114.12999725341797,92.74536895751953,4661600
2019-09-03,AGG,113.86000061035156,114.12000274658203,113.69000244140625,113.83999633789062,92.72338104248047,6197400
2019-09-04,AGG,113.81999969482422,114.08000183105469,113.81999969482422,114.04000091552734,92.88631439208984,3814300
2019-09-05,AGG,113.61000061035156,113.66999816894531,113.30000305175781,113.55000305175781,92.48719024658203,5336500
2019-09-06,AGG,113.66000366210938,113.72000122070312,113.55999755859375,113.66999816894531,92.58491516113281,3675200
2019-09-09,AGG,113.38999938964844,113.38999938964844,113.18000030517578,113.19000244140625,92.19397735595703,2747400
2019-09-10,AGG,113.0999984741211,113.12999725341797,112.58000183105469,112.58000183105469,91.69709777832031,3119300
2019-09-11,AGG,112.58000183105469,112.70999908447266,112.55999755859375,112.5999984741211,91.7134017944336,2646900
2019-09-12,AGG,112.91000366210938,112.91000366210938,112.33999633789062,112.41999816894531,91.56680297851562,4069600
2019-09-13,AGG,112.1500015258789,112.2699966430664,111.75,111.75,91.02103424072266,2506400
2019-09-16,AGG,112.05000305175781,112.1500015258789,111.88999938964844,112.05000305175781,91.26544952392578,2923500
2019-09-17,AGG,112.11000061035156,112.37000274658203,112.0199966430664,112.22000122070312,91.40391540527344,2614200
2019-09-18,AGG,112.5,112.69999694824219,112.29000091552734,112.3499984741211,91.50980377197266,2291300
2019-09-19,AGG,112.63999938964844,112.66000366210938,112.44999694824219,112.51000213623047,91.64009857177734,2280000
2019-09-20,AGG,112.63999938964844,112.94000244140625,112.58999633789062,112.91999816894531,91.97405242919922,2048300
2019-09-23,AGG,113.0199966430664,113.23999786376953,112.94000244140625,112.97000122070312,92.01476287841797,3412000
2019-09-24,AGG,113.02999877929688,113.36000061035156,113.02999877929688,113.27999877929688,92.26730346679688,2602500
2019-09-25,AGG,113.20999908447266,113.2300033569336,112.73999786376953,112.80999755859375,91.88444519042969,3813800
2019-09-26,AGG,113.0,113.0999984741211,112.94000244140625,113.0,92.0392074584961,4869400
2019-09-27,AGG,113.0,113.16999816894531,113.0,113.13999938964844,92.15325164794922,4652500
2019-09-30,AGG,112.93000030517578,113.2699966430664,112.91999816894531,113.16999816894531,92.17766571044922,6359800
2019-10-01,AGG,112.70999908447266,113.25,112.62999725341797,113.12000274658203,92.3449935913086,5980200
2019-10-02,AGG,113.19000244140625,113.30999755859375,113.08999633789062,113.19999694824219,92.41033935546875,8637000
2019-10-03,AGG,113.33999633789062,113.73999786376953,113.31999969482422,113.63999938964844,92.76952362060547,4219100
2019-10-04,AGG,113.68000030517578,113.83000183105469,113.62999725341797,113.81999969482422,92.91646575927734,3331200
2019-10-07,AGG,113.63999938964844,113.70999908447266,113.51000213623047,113.51000213623047,92.66338348388672,2493000
2019-10-08,AGG,113.81999969482422,113.81999969482422,113.48999786376953,113.55000305175781,92.69605255126953,3055700
2019-10-09,AGG,113.55000305175781,113.55999755859375,113.36000061035156,113.48999786376953,92.64707946777344,3332800
2019-10-10,AGG,113.2699966430664,113.33000183105469,113.02999877929688,113.0999984741211,92.32866668701172,4312400
2019-10-11,AGG,112.83999633789062,112.8499984741211,112.58999633789062,112.7300033569336,92.02667236328125,3568600
2019-10-14,AGG,112.93000030517578,112.93000030517578,112.81999969482422,112.91999816894531,92.18175506591797,1716600
2019-10-15,AGG,112.9000015258789,112.91999816894531,112.55000305175781,112.55000305175781,91.87969970703125,4168600
2019-10-16,AGG,112.68000030517578,112.79000091552734,112.62000274658203,112.75,92.04297637939453,2430600
2019-10-17,AGG,112.66999816894531,112.86000061035156,112.62000274658203,112.72000122070312,92.01850128173828,2316400
2019-10-18,AGG,112.76000213623047,112.91000366210938,112.7300033569336,112.80000305175781,92.08378601074219,1454200
2019-10-21,AGG,112.62000274658203,112.70999908447266,112.48999786376953,112.48999786376953,91.83071899414062,4241600
2019-10-22,AGG,112.6500015258789,112.73999786376953,112.51000213623047,112.66000366210938,91.96947479248047,2147400
2019-10-23,AGG,112.81999969482422,112.87999725341797,112.7300033569336,112.75,92.04297637939453,1887800
2019-10-24,AGG,112.83999633789062,112.94999694824219,112.75,112.77999877929688,92.06747436523438,1725800
2019-10-25,AGG,112.83999633789062,112.8499984741211,112.5199966430664,112.62000274658203,91.93682861328125,2486600
2019-10-28,AGG,112.41999816894531,112.44000244140625,112.30999755859375,112.37999725341797,91.74089813232422,2948300
2019-10-29,AGG,112.4800033569336,112.5,112.3499984741211,112.38999938964844,91.74909210205078,2384700
2019-10-30,AGG,112.44999694824219,112.75,112.43000030517578,112.70999908447266,92.01031494140625,2381400
2019-10-31,AGG,112.9800033569336,113.30000305175781,112.88999938964844,113.1500015258789,92.36947631835938,5399100
2019-11-01,AGG,112.9800033569336,113.11000061035156,112.80999755859375,112.93000030517578,92.3948745727539,3988300
2019-11-04,AGG,112.70999908447266,112.72000122070312,112.58999633789062,112.6500015258789,92.16580200195312,2662700
2019-11-05,AGG,112.3499984741211,112.37999725341797,112.1500015258789,112.2300033569336,91.82217407226562,3205500
2019-11-06,AGG,112.4000015258789,112.51000213623047,112.26000213623047,112.4000015258789,91.96123504638672,3840500
2019-11-07,AGG,112.12000274658203,112.12000274658203,111.63999938964844,111.87000274658203,91.52761840820312,4022400
2019-11-08,AGG,111.87000274658203,112.0999984741211,111.80999755859375,111.80999755859375,91.47854614257812,3866100
2019-11-11,AGG,111.95999908447266,111.95999908447266,111.77999877929688,111.83000183105469,91.49490356445312,1559900
2019-11-12,AGG,111.91999816894531,112.02999877929688,111.80000305175781,111.94999694824219,91.59308624267578,2032800
2019-11-13,AGG,112.19999694824219,112.2300033569336,112.08000183105469,112.1500015258789,91.75670623779297,2570200
2019-11-14,AGG,112.5,112.56999969482422,112.43000030517578,112.47000122070312,92.01853942871094,2901000
2019-11-15,AGG,112.45999908447266,112.45999908447266,112.37999725341797,112.41000366210938,91.96942901611328,4400400
2019-11-18,AGG,112.55999755859375,112.6500015258789,112.5199966430664,112.62000274658203,92.14122772216797,5757900
2019-11-19,AGG,112.62999725341797,112.76000213623047,112.5999984741211,112.69999694824219,92.20669555664062,2210700
2019-11-20,AGG,112.83000183105469,112.9800033569336,112.80999755859375,112.97000122070312,92.4275894165039,3474400
2019-11-21,AGG,112.80000305175781,112.88999938964844,112.72000122070312,112.80999755859375,92.29669189453125,6522800
2019-11-22,AGG,112.88999938964844,112.9000015258789,112.76000213623047,112.87000274658203,92.34577178955078,2507000
2019-11-25,AGG,112.91000366210938,113.01000213623047,112.88999938964844,112.9800033569336,92.4357681274414,4251200
2019-11-26,AGG,113.08999633789062,113.16000366210938,113.08000183105469,113.13999938964844,92.56668853759766,2382200
2019-11-27,AGG,113.02999877929688,113.06999969482422,112.95999908447266,113.0,92.45213317871094,3437300
2019-11-29,AGG,113.01000213623047,113.0199966430664,112.8499984741211,112.86000061035156,92.33761596679688,4059000
2019-12-02,AGG,112.30999755859375,112.51000213623047,112.29000091552734,112.48999786376953,92.23592376708984,9325100
2019-12-03,AGG,112.80000305175781,113.12999725341797,112.76000213623047,113.0,92.65412139892578,5283800
2019-12-04,AGG,112.87000274658203,112.94999694824219,112.68000030517578,112.80999755859375,92.49827575683594,5806500
2019-12-05,AGG,112.58000183105469,112.73999786376953,112.52999877929688,112.68000030517578,92.39173889160156,4374700
2019-12-06,AGG,112.47000122070312,112.68000030517578,112.41000366210938,112.5199966430664,92.26050567626953,4648200
2019-12-09,AGG,112.69000244140625,112.72000122070312,112.56999969482422,112.58000183105469,92.30974578857422,7398300
2019-12-10,AGG,112.66999816894531,112.66999816894531,112.48999786376953,112.54000091552734,92.27696990966797,3761100
2019-12-11,AGG,112.66999816894531,112.9000015258789,112.61000061035156,112.83999633789062,92.52293395996094,3764500
2019-12-12,AGG,112.79000091552734,112.79000091552734,112.22000122070312,112.36000061035156,92.12933349609375,5080100
2019-12-13,AGG,112.58000183105469,112.86000061035156,112.4000015258789,112.80999755859375,92.49827575683594,5911000
2019-12-16,AGG,112.68000030517578,112.69000244140625,112.5,112.58000183105469,92.30974578857422,5012100
2019-12-17,AGG,112.69000244140625,112.69999694824219,112.5199966430664,112.58999633789062,92.31793212890625,3016300
2019-12-18,AGG,112.55000305175781,112.55999755859375,112.36000061035156,112.37000274658203,92.13754272460938,6516300
2019-12-19,AGG,112.19000244140625,112.36000061035156,112.12999725341797,112.30000305175781,92.23694610595703,5613800
2019-12-20,AGG,112.20999908447266,112.33000183105469,112.1500015258789,112.31999969482422,92.25335693359375,8809200
2019-12-23,AGG,112.37999725341797,112.38999938964844,112.18000030517578,112.23999786376953,92.1876220703125,3148600
2019-12-24,AGG,112.16999816894531,112.4000015258789,112.12999725341797,112.37999725341797,92.3025894165039,1887800
2019-12-26,AGG,112.41999816894531,112.48999786376953,112.31999969482422,112.4800033569336,92.38479614257812,6072100
2019-12-27,AGG,112.5999984741211,112.63999938964844,112.58000183105469,112.62999725341797,92.5079574584961,4733800
2019-12-30,AGG,112.41999816894531,112.6500015258789,112.33999633789062,112.62999725341797,92.5079574584961,3979100
2019-12-31,AGG,112.54000091552734,112.54000091552734,112.37000274658203,112.37000274658203,92.2944107055664,6807600
2020-01-02,AGG,112.68000030517578,112.80000305175781,112.55999755859375,112.68000030517578,92.54904174804688,6791400
2020-01-03,AGG,112.88999938964844,113.05000305175781,112.77999877929688,113.01000213623047,92.82009887695312,3664300
2020-01-06,AGG,113.12999725341797,113.12999725341797,112.83999633789062,112.91999816894531,92.74617767333984,8131600
2020-01-07,AGG,112.91999816894531,112.91999816894531,112.77999877929688,112.80000305175781,92.64761352539062,2883000
2020-01-08,AGG,112.8499984741211,112.94000244140625,112.55000305175781,112.66999816894531,92.54080200195312,7323100
2020-01-09,AGG,112.48999786376953,112.79000091552734,112.45999908447266,112.79000091552734,92.63936614990234,9110900
2020-01-10,AGG,112.9000015258789,112.98999786376953,112.81999969482422,112.9800033569336,92.7954330444336,4198100
2020-01-13,AGG,112.88999938964844,112.94000244140625,112.83000183105469,112.91000366210938,92.73796081542969,4465300
2020-01-14,AGG,112.97000122070312,113.0199966430664,112.93000030517578,113.01000213623047,92.82009887695312,3625400
2020-01-15,AGG,113.18000030517578,113.19000244140625,113.06999969482422,113.18000030517578,92.9596939086914,3896300
2020-01-16,AGG,113.16000366210938,113.20999908447266,113.05000305175781,113.18000030517578,92.9596939086914,2801400
2020-01-17,AGG,113.0199966430664,113.0999984741211,112.97000122070312,113.05000305175781,92.8529281616211,3003300
2020-01-21,AGG,113.25,113.41000366210938,113.22000122070312,113.37000274658203,93.11576843261719,4672100
2020-01-22,AGG,113.44000244140625,113.48999786376953,113.38999938964844,113.43000030517578,93.16502380371094,3627200
2020-01-23,AGG,113.63999938964844,113.69999694824219,113.58000183105469,113.58000183105469,93.28824615478516,3429500
2020-01-24,AGG,113.68000030517578,113.88999938964844,113.66999816894531,113.79000091552734,93.4607162475586,4199800
2020-01-27,AGG,114.13999938964844,114.16000366210938,114.05000305175781,114.13999938964844,93.74817657470703,4790000
2020-01-28,AGG,114.0999984741211,114.16000366210938,113.94999694824219,114.04000091552734,93.66605377197266,4463800
2020-01-29,AGG,114.12999725341797,114.3499984741211,114.11000061035156,114.30000305175781,93.87960052490234,2890200
2020-01-30,AGG,114.27999877929688,114.54000091552734,114.23999786376953,114.30999755859375,93.88782501220703,6885600
2020-01-31,AGG,114.4800033569336,114.66999816894531,114.37999725341797,114.6500015258789,94.16708374023438,5281900
2020-02-03,AGG,114.19999694824219,114.41000366210938,114.08000183105469,114.37000274658203,94.13663482666016,7214200
2020-02-04,AGG,114.0999984741211,114.0999984741211,113.88999938964844,113.98999786376953,93.82384490966797,5290800
2020-02-05,AGG,113.81999969482422,113.87000274658203,113.76000213623047,113.81999969482422,93.68389892578125,6066900
2020-02-06,AGG,113.81999969482422,113.93000030517578,113.7699966430664,113.88999938964844,93.74153900146484,6838700
2020-02-07,AGG,114.19999694824219,114.27999877929688,114.0999984741211,114.22000122070312,94.01317596435547,5224200
2020-02-10,AGG,114.44000244140625,114.44000244140625,114.29000091552734,114.3499984741211,94.12015533447266,8187800
2020-02-11,AGG,114.3499984741211,114.3499984741211,114.19000244140625,114.20999908447266,94.00491333007812,5633400
2020-02-12,AGG,114.12000274658203,114.13999938964844,114.02999877929688,114.08999633789062,93.90614318847656,6373700
2020-02-13,AGG,114.11000061035156,114.23999786376953,114.0999984741211,114.16999816894531,93.97201538085938,5214400
2020-02-14,AGG,114.3499984741211,114.37999725341797,114.2699966430664,114.29000091552734,94.07077026367188,4004900
2020-02-18,AGG,114.4800033569336,114.55999755859375,114.33999633789062,114.44000244140625,94.19422149658203,4874800
2020-02-19,AGG,114.4000015258789,114.47000122070312,114.33000183105469,114.41000366210938,94.16952514648438,3692200
2020-02-20,AGG,114.52999877929688,114.68000030517578,114.48999786376953,114.66999816894531,94.3835220336914,4056000
2020-02-21,AGG,114.86000061035156,115.0999984741211,114.83999633789062,114.9000015258789,94.57288360595703,4492700
2020-02-24,AGG,115.43000030517578,115.43000030517578,115.2300033569336,115.2699966430664,94.87741088867188,7490100
2020-02-25,AGG,115.27999877929688,115.58000183105469,115.2699966430664,115.47000122070312,95.04203033447266,7474600
2020-02-26,AGG,115.31999969482422,115.61000061035156,115.26000213623047,115.3499984741211,94.94325256347656,4763000
2020-02-27,AGG,115.75,115.75,115.3499984741211,115.37000274658203,94.95970153808594,11606400
2020-02-28,AGG,115.87999725341797,116.33999633789062,115.76000213623047,116.22000122070312,95.65933990478516,17243000
2020-03-02,AGG,116.29000091552734,116.44000244140625,115.88999938964844,115.94000244140625,95.62554168701172,13198200
2020-03-03,AGG,116.05000305175781,117.26000213623047,116.01000213623047,116.7300033569336,96.27708435058594,12541000
2020-03-04,AGG,116.83000183105469,117.12000274658203,116.52999877929688,116.63999938964844,96.2028579711914,6285300
2020-03-05,AGG,116.98999786376953,117.2300033569336,116.93000030517578,117.0,96.49979400634766,6802800
2020-03-06,AGG,118.18000030517578,118.2699966430664,117.5,117.86000061035156,97.20912170410156,17456400
2020-03-09,AGG,119.2699966430664,119.2699966430664,117.0,117.70999908447266,97.08541870117188,13666700
2020-03-10,AGG,117.41000366210938,117.68000030517578,116.16999816894531,116.37999725341797,95.98845672607422,18694100
2020-03-11,AGG,116.69999694824219,116.79000091552734,114.55000305175781,114.72000122070312,94.61930084228516,13053300
2020-03-12,AGG,113.9800033569336,114.75,109.05999755859375,110.12999725341797,90.83352661132812,18684800
2020-03-13,AGG,111.52999877929688,112.45999908447266,110.25,111.86000061035156,92.26042175292969,24960500
2020-03-16,AGG,111.37000274658203,113.94999694824219,110.45999908447266,113.7300033569336,93.8027572631836,12310300
2020-03-17,AGG,112.88999938964844,113.91999816894531,110.58999633789062,110.79000091552734,91.37789154052734,15737200
2020-03-18,AGG,109.36000061035156,110.56999969482422,105.7699966430664,106.56999969482422,87.89727783203125,17061700
2020-03-19,AGG,106.47000122070312,109.22000122070312,105.55999755859375,108.94999694824219,89.86026000976562,11720200
2020-03-20,AGG,108.45999908447266,110.23999786376953,108.45999908447266,110.02999877929688,90.75102233886719,16503700
2020-03-23,AGG,109.9000015258789,112.94000244140625,109.0,112.63999938964844,92.90371704101562,12572200
2020-03-24,AGG,111.5199966430664,113.56999969482422,111.08000183105469,113.56999969482422,93.67078399658203,10253600
2020-03-25,AGG,114.0,114.75,113.69999694824219,114.7300033569336,94.62753295898438,10999700
2020-03-26,AGG,114.19999694824219,115.38999938964844,114.19999694824219,115.08000183105469,94.91618347167969,16611400
2020-03-27,AGG,114.77999877929688,115.58000183105469,114.52999877929688,115.56999969482422,95.32035827636719,10841600
2020-03-30,AGG,115.7699966430664,116.26000213623047,115.62000274658203,115.68000030517578,95.41106414794922,13340200
2020-03-31,AGG,115.70999908447266,115.9800033569336,115.2300033569336,115.37000274658203,95.15538787841797,14018600
2020-04-01,AGG,115.37999725341797,115.4000015258789,114.6500015258789,114.7300033569336,94.8322525024414,14192100
2020-04-02,AGG,115.0199966430664,115.22000122070312,114.69999694824219,114.9000015258789,94.97272491455078,11565400
2020-04-03,AGG,114.94999694824219,115.12999725341797,114.27999877929688,114.9800033569336,95.0388412475586,9786700
2020-04-06,AGG,115.0199966430664,115.61000061035156,115.0199966430664,115.54000091552734,95.50171661376953,8457700
2020-04-07,AGG,115.61000061035156,115.73999786376953,115.36000061035156,115.69999694824219,95.63396453857422,7743900
2020-04-08,AGG,115.69999694824219,115.97000122070312,115.55000305175781,115.80999755859375,95.72490692138672,4674200
2020-04-09,AGG,116.5,117.25,116.16999816894531,117.25,96.91515350341797,5584100
2020-04-13,AGG,117.08999633789062,117.16999816894531,116.52999877929688,116.69999694824219,96.46055603027344,5738300
2020-04-14,AGG,116.98999786376953,117.0,116.58999633789062,116.76000213623047,96.51016235351562,5506700
2020-04-15,AGG,117.02999877929688,117.30999755859375,116.70999908447266,117.23999786376953,96.9068832397461,4367400
2020-04-16,AGG,117.19000244140625,117.52999877929688,117.19000244140625,117.38999938964844,97.03089904785156,4744700
2020-04-17,AGG,117.5199966430664,117.62000274658203,117.04000091552734,117.25,96.91515350341797,4949800
2020-04-20,AGG,117.1500015258789,117.27999877929688,116.94000244140625,117.08000183105469,96.7746353149414,3847900
2020-04-21,AGG,117.43000030517578,117.44000244140625,117.06999969482422,117.13999938964844,96.82420349121094,4660500
2020-04-22,AGG,117.16000366210938,117.23999786376953,116.94000244140625,117.13999938964844,96.82420349121094,4647200
2020-04-23,AGG,117.33000183105469,117.44999694824219,117.19000244140625,117.41999816894531,97.0556869506836,4331100
2020-04-24,AGG,117.22000122070312,117.38999938964844,117.19999694824219,117.36000061035156,97.00607299804688,3161600
2020-04-27,AGG,117.20999908447266,117.36000061035156,116.81999969482422,116.81999969482422,96.55973052978516,5576300
2020-04-28,AGG,117.2699966430664,117.44999694824219,117.12000274658203,117.27999877929688,96.93992614746094,5889800
2020-04-29,AGG,117.29000091552734,117.4800033569336,117.19999694824219,117.36000061035156,97.00607299804688,4653100
2020-04-30,AGG,117.37999725341797,117.48999786376953,117.06999969482422,117.0999984741211,96.79118347167969,10487500
2020-05-01,AGG,116.97000122070312,117.0999984741211,116.68000030517578,116.87000274658203,96.79617309570312,6099500
2020-05-04,AGG,116.88999938964844,117.08999633789062,116.87000274658203,116.97000122070312,96.87895965576172,3684100
2020-05-05,AGG,116.95999908447266,116.97000122070312,116.80999755859375,116.87999725341797,96.80441284179688,4611500
2020-05-06,AGG,116.44000244140625,116.70999908447266,116.30000305175781,116.41000366210938,96.41514587402344,6394900
2020-05-07,AGG,116.61000061035156,116.7699966430664,116.41999816894531,116.7699966430664,96.71331787109375,3786700
2020-05-08,AGG,116.68000030517578,116.76000213623047,116.3499984741211,116.45999908447266,96.45657348632812,3241500
2020-05-11,AGG,116.4000015258789,116.43000030517578,116.06999969482422,116.11000061035156,96.16667938232422,5249500
2020-05-12,AGG,116.45999908447266,116.5999984741211,116.2300033569336,116.41000366210938,96.41514587402344,6161500
2020-05-13,AGG,116.62999725341797,116.76000213623047,116.44999694824219,116.5999984741211,96.57252502441406,4425900
2020-05-14,AGG,116.91000366210938,116.97000122070312,116.72000122070312,116.95999908447266,96.87068176269531,5698900
2020-05-15,AGG,117.04000091552734,117.08999633789062,116.9000015258789,117.02999877929688,96.92864990234375,5897900
2020-05-18,AGG,116.97000122070312,117.08999633789062,116.66000366210938,116.86000061035156,96.7878646850586,5037100
2020-05-19,AGG,116.91000366210938,117.02999877929688,116.80999755859375,116.98999786376953,96.89550018310547,4929500
2020-05-20,AGG,117.02999877929688,117.33999633789062,117.0,117.29000091552734,97.14400482177734,4579200
2020-05-21,AGG,117.3499984741211,117.4800033569336,117.31999969482422,117.37999725341797,97.21853637695312,5143700
2020-05-22,AGG,117.5999984741211,117.5999984741211,117.38999938964844,117.44000244140625,97.26827239990234,2794000
2020-05-26,AGG,117.37999725341797,117.44000244140625,117.23999786376953,117.25,97.1108627319336,6164700
2020-05-27,AGG,117.5,117.54000091552734,117.30000305175781,117.41999816894531,97.2516860961914,4772900
2020-05-28,AGG,117.13999938964844,117.3499984741211,117.13999938964844,117.33999633789062,97.18540954589844,11140200
2020-05-29,AGG,117.43000030517578,117.70999908447266,117.31999969482422,117.6500015258789,97.44217681884766,9228700
2020-06-01,AGG,117.3499984741211,117.4000015258789,117.23999786376953,117.37000274658203,97.38742065429688,5580000
2020-06-02,AGG,117.37999725341797,117.47000122070312,117.30999755859375,117.47000122070312,97.4703598022461,4286800
2020-06-03,AGG,117.26000213623047,117.41000366210938,117.05999755859375,117.18000030517578,97.229736328125,6077600
2020-06-04,AGG,117.2699966430664,117.30000305175781,116.81999969482422,116.83000183105469,96.9393310546875,5002700
2020-06-05,AGG,116.75,116.91000366210938,116.4800033569336,116.9000015258789,96.99742126464844,5166300
2020-06-08,AGG,116.80999755859375,117.11000061035156,116.75,117.02999877929688,97.10529327392578,8551800
2020-06-09,AGG,117.30999755859375,117.33000183105469,117.18000030517578,117.18000030517578,97.229736328125,5512300
2020-06-10,AGG,117.25,117.68000030517578,117.19000244140625,117.66000366210938,97.62804412841797,4680800
2020-06-11,AGG,117.7300033569336,117.80000305175781,117.44000244140625,117.45999908447266,97.46208190917969,7438800
2020-06-12,AGG,117.5999984741211,117.69999694824219,117.44000244140625,117.58000183105469,97.56160736083984,4571800
2020-06-15,AGG,117.72000122070312,117.9800033569336,117.61000061035156,117.97000122070312,97.88524627685547,5870000
2020-06-16,AGG,117.9800033569336,118.0,117.58999633789062,117.73999786376953,97.69438171386719,5327400
2020-06-17,AGG,117.73999786376953,117.76000213623047,117.47000122070312,117.63999938964844,97.61143493652344,3696000
2020-06-18,AGG,117.87999725341797,117.87999725341797,117.63999938964844,117.76000213623047,97.71099853515625,3356800
2020-06-19,AGG,117.80000305175781,117.97000122070312,117.73999786376953,117.80000305175781,97.74418640136719,2917400
2020-06-22,AGG,118.0,118.0,117.7300033569336,117.7699966430664,97.71927642822266,3445700
2020-06-23,AGG,117.79000091552734,117.83000183105469,117.69000244140625,117.75,97.70269012451172,3991400
2020-06-24,AGG,117.69999694824219,117.83999633789062,117.61000061035156,117.7300033569336,97.68611145019531,5040100
2020-06-25,AGG,117.94000244140625,117.94999694824219,117.80000305175781,117.87000274658203,97.80229949951172,4723300
2020-06-26,AGG,117.98999786376953,118.08000183105469,117.8499984741211,118.01000213623047,97.91841888427734,5683400
2020-06-29,AGG,118.01000213623047,118.11000061035156,117.94999694824219,118.11000061035156,98.00140380859375,3517200
2020-06-30,AGG,118.27999877929688,118.31999969482422,117.9800033569336,118.20999908447266,98.08439636230469,7451100
2020-07-01,AGG,117.9000015258789,118.06999969482422,117.76000213623047,118.05000305175781,98.13675689697266,6746500
2020-07-02,AGG,118.05000305175781,118.20999908447266,117.98999786376953,118.19000244140625,98.25312042236328,3614300
2020-07-06,AGG,118.18000030517578,118.20999908447266,118.0,118.18000030517578,98.24481964111328,5945100
2020-07-07,AGG,118.2300033569336,118.37999725341797,118.05999755859375,118.36000061035156,98.39446258544922,5454700
2020-07-08,AGG,118.3499984741211,118.44999694824219,118.22000122070312,118.31999969482422,98.36122131347656,5026800
2020-07-09,AGG,118.4000015258789,118.69999694824219,118.36000061035156,118.62999725341797,98.61890411376953,3804000
2020-07-10,AGG,118.83000183105469,118.83000183105469,118.44999694824219,118.48999786376953,98.50252532958984,3133900
2020-07-13,AGG,118.45999908447266,118.52999877929688,118.37000274658203,118.4800033569336,98.49419403076172,4803200
2020-07-14,AGG,118.58000183105469,118.73999786376953,118.58000183105469,118.66999816894531,98.65217590332031,3986700
2020-07-15,AGG,118.5,118.69999694824219,118.5,118.68000030517578,98.66050720214844,3403600
2020-07-16,AGG,118.83000183105469,118.88999938964844,118.73999786376953,118.76000213623047,98.72700500488281,3526900
2020-07-17,AGG,118.94000244140625,118.98999786376953,118.7699966430664,118.87999725341797,98.8267593383789,2549100
2020-07-20,AGG,119.02999877929688,119.05999755859375,118.91000366210938,119.01000213623047,98.93482971191406,3989200
2020-07-21,AGG,119.0999984741211,119.0999984741211,119.01000213623047,119.08000183105469,98.99298858642578,6098200
2020-07-22,AGG,119.22000122070312,119.2699966430664,119.11000061035156,119.18000030517578,99.0761489868164,6296600
2020-07-23,AGG,119.3499984741211,119.38999938964844,119.25,119.31999969482422,99.19255828857422,12117200
2020-07-24,AGG,119.26000213623047,119.41000366210938,119.19000244140625,119.27999877929688,99.15928649902344,11071700
2020-07-27,AGG,119.4000015258789,119.41999816894531,119.1500015258789,119.19999694824219,99.09276580810547,5606100
2020-07-28,AGG,119.30000305175781,119.3499984741211,119.22000122070312,119.27999877929688,99.15928649902344,6080700
2020-07-29,AGG,119.30000305175781,119.43000030517578,119.23999786376953,119.41999816894531,99.27568054199219,9727900
2020-07-30,AGG,119.51000213623047,119.54000091552734,119.44999694824219,119.51000213623047,99.3504867553711,3052800
2020-07-31,AGG,119.44999694824219,119.62999725341797,119.4000015258789,119.55999755859375,99.39205169677734,5277900
2020-08-03,AGG,119.37000274658203,119.4000015258789,119.19000244140625,119.4000015258789,99.43121337890625,13013600
2020-08-04,AGG,119.41999816894531,119.62999725341797,119.41999816894531,119.62999725341797,99.62272644042969,10935200
2020-08-05,AGG,119.38999938964844,119.48999786376953,119.30999755859375,119.4000015258789,99.43121337890625,17345700
2020-08-06,AGG,119.62000274658203,119.7300033569336,119.52999877929688,119.56999969482422,99.5727310180664,4608600
2020-08-07,AGG,119.66000366210938,119.7300033569336,119.4000015258789,119.43000030517578,99.45618438720703,5559100
2020-08-10,AGG,119.62000274658203,119.63999938964844,119.27999877929688,119.31999969482422,99.36459350585938,5152700
2020-08-11,AGG,119.11000061035156,119.20999908447266,118.83999633789062,118.98999786376953,99.08976745605469,7809900
2020-08-12,AGG,118.7300033569336,118.88999938964844,118.6500015258789,118.75,98.88987731933594,5524500
2020-08-13,AGG,118.77999877929688,118.77999877929688,118.23999786376953,118.30999755859375,98.52347564697266,8023700
2020-08-14,AGG,118.43000030517578,118.48999786376953,118.19999694824219,118.19999694824219,98.43186950683594,4556500
2020-08-17,AGG,118.37999725341797,118.47000122070312,118.30999755859375,118.36000061035156,98.56511688232422,4523900
2020-08-18,AGG,118.43000030517578,118.5999984741211,118.41999816894531,118.52999877929688,98.70667266845703,4765800
2020-08-19,AGG,118.6500015258789,118.69999694824219,118.33999633789062,118.3499984741211,98.55679321289062,4541000
2020-08-20,AGG,118.58000183105469,118.70999908447266,118.55999755859375,118.55999755859375,98.73163604736328,4487500
2020-08-21,AGG,118.73999786376953,118.76000213623047,118.55000305175781,118.68000030517578,98.8315658569336,6373300
2020-08-24,AGG,118.72000122070312,118.81999969482422,118.5999984741211,118.62999725341797,98.78995513916016,4620900
2020-08-25,AGG,118.3499984741211,118.45999908447266,118.18000030517578,118.37999725341797,98.58180236816406,4002300
2020-08-26,AGG,118.3499984741211,118.41999816894531,118.20999908447266,118.36000061035156,98.56511688232422,5139800
2020-08-27,AGG,118.55000305175781,118.55999755859375,117.94999694824219,117.94999694824219,98.22367095947266,5609400
2020-08-28,AGG,118.08000183105469,118.16000366210938,117.98999786376953,118.11000061035156,98.35693359375,6467400
2020-08-31,AGG,118.13999938964844,118.51000213623047,118.13999938964844,118.37000274658203,98.57344055175781,10894500
2020-09-01,AGG,118.12000274658203,118.44000244140625,118.0,118.41999816894531,98.77781677246094,9843200
2020-09-02,AGG,118.41999816894531,118.70999908447266,118.33999633789062,118.66000366210938,98.9780044555664,4838500
2020-09-03,AGG,118.7300033569336,118.87000274658203,118.62000274658203,118.69000244140625,99.00302124023438,6856700
2020-09-04,AGG,118.41000366210938,118.5199966430664,118.08000183105469,118.0999984741211,98.5108871459961,5366800
2020-09-08,AGG,118.33999633789062,118.45999908447266,118.19999694824219,118.2300033569336,98.61931610107422,8894000
2020-09-09,AGG,118.38999938964844,118.38999938964844,118.04000091552734,118.22000122070312,98.61100769042969,7824800
2020-09-10,AGG,118.1500015258789,118.29000091552734,118.0199966430664,118.2300033569336,98.61931610107422,4932600
2020-09-11,AGG,118.41999816894531,118.48999786376953,118.23999786376953,118.37000274658203,98.73607635498047,8200400
2020-09-14,AGG,118.47000122070312,118.48999786376953,118.30999755859375,118.37999725341797,98.7444076538086,6394200
2020-09-15,AGG,118.29000091552734,118.43000030517578,118.29000091552734,118.38999938964844,98.75279235839844,4163000
2020-09-16,AGG,118.52999877929688,118.52999877929688,118.19999694824219,118.33000183105469,98.7027359008789,6452500
2020-09-17,AGG,118.5,118.5199966430664,118.33000183105469,118.36000061035156,98.72775268554688,4882200
2020-09-18,AGG,118.44000244140625,118.44000244140625,118.18000030517578,118.22000122070312,98.61100769042969,5149400
2020-09-21,AGG,118.41000366210938,118.41999816894531,118.23999786376953,118.23999786376953,98.62765502929688,6191900
2020-09-22,AGG,118.25,118.37999725341797,118.23999786376953,118.33000183105469,98.7027359008789,4390200
2020-09-23,AGG,118.3499984741211,118.3499984741211,118.06999969482422,118.08000183105469,98.49418640136719,5392900
2020-09-24,AGG,118.01000213623047,118.16000366210938,118.01000213623047,118.08999633789062,98.50252532958984,4145000
2020-09-25,AGG,118.12000274658203,118.16999816894531,118.05000305175781,118.12999725341797,98.53585815429688,5138200
2020-09-28,AGG,118.18000030517578,118.2300033569336,118.11000061035156,118.2300033569336,98.61931610107422,5830400
2020-09-29,AGG,118.27999877929688,118.33000183105469,118.20999908447266,118.25,98.63600158691406,5301700
2020-09-30,AGG,118.26000213623047,118.26000213623047,117.94999694824219,118.05999755859375,98.4775390625,6090800
2020-10-01,AGG,117.80999755859375,118.04000091552734,117.75,118.0199966430664,98.6128921508789,9741800
2020-10-02,AGG,118.02999877929688,118.04000091552734,117.80999755859375,117.9000015258789,98.51261138916016,5599500
2020-10-05,AGG,117.73999786376953,117.73999786376953,117.5199966430664,117.5199966430664,98.19510650634766,4890800
2020-10-06,AGG,117.5999984741211,117.83999633789062,117.48999786376953,117.62000274658203,98.27865600585938,4338600
2020-10-07,AGG,117.52999877929688,117.66000366210938,117.44999694824219,117.54000091552734,98.21182250976562,4801700
2020-10-08,AGG,117.66999816894531,117.70999908447266,117.58999633789062,117.69000244140625,98.33711242675781,4236000
2020-10-09,AGG,117.6500015258789,117.73999786376953,117.5,117.72000122070312,98.36222076416016,2909300
2020-10-12,AGG,117.8499984741211,117.94999694824219,117.7699966430664,117.94999694824219,98.55439758300781,2999300
2020-10-13,AGG,118.01000213623047,118.06999969482422,117.93000030517578,117.9800033569336,98.57947540283203,3421700
2020-10-14,AGG,118.0999984741211,118.11000061035156,117.98999786376953,118.05000305175781,98.6379623413086,4919700
2020-10-15,AGG,118.1500015258789,118.1500015258789,117.94999694824219,117.94999694824219,98.55439758300781,5459200
2020-10-16,AGG,117.98999786376953,118.08000183105469,117.87999725341797,117.88999938964844,98.50425720214844,3931500
2020-10-19,AGG,117.80999755859375,117.87000274658203,117.72000122070312,117.75,98.38728332519531,4685000
2020-10-20,AGG,117.69999694824219,117.70999908447266,117.58000183105469,117.6500015258789,98.30371856689453,4013600
2020-10-21,AGG,117.58999633789062,117.63999938964844,117.4800033569336,117.51000213623047,98.18675231933594,3688300
2020-10-22,AGG,117.51000213623047,117.54000091552734,117.30000305175781,117.30000305175781,98.01124572753906,4801000
2020-10-23,AGG,117.30000305175781,117.5199966430664,117.30000305175781,117.47000122070312,98.15335845947266,3878700
2020-10-26,AGG,117.6500015258789,117.72000122070312,117.58999633789062,117.62999725341797,98.2869873046875,4962500
2020-10-27,AGG,117.80000305175781,117.91000366210938,117.7300033569336,117.9000015258789,98.51261138916016,5694100
2020-10-28,AGG,117.80999755859375,117.95999908447266,117.72000122070312,117.7300033569336,98.3705825805664,7329200
2020-10-29,AGG,117.76000213623047,117.7699966430664,117.4000015258789,117.5199966430664,98.19510650634766,11775800
2020-10-30,AGG,117.44999694824219,117.5199966430664,117.19999694824219,117.19999694824219,97.92769622802734,10610000
2020-11-02,AGG,117.2699966430664,117.3499984741211,117.18000030517578,117.22000122070312,98.10516357421875,6667900
2020-11-03,AGG,117.22000122070312,117.22000122070312,117.05000305175781,117.16999816894531,98.0632553100586,7519700
2020-11-04,AGG,117.9000015258789,118.04000091552734,117.83000183105469,117.94999694824219,98.71610260009766,5308700
2020-11-05,AGG,118.08999633789062,118.12000274658203,117.91000366210938,118.05999755859375,98.80816650390625,5293900
2020-11-06,AGG,117.80999755859375,117.86000061035156,117.66999816894531,117.80000305175781,98.59058380126953,5929700
2020-11-09,AGG,117.4000015258789,117.47000122070312,117.05999755859375,117.25,98.13023376464844,6625300
2020-11-10,AGG,117.05000305175781,117.2300033569336,117.02999877929688,117.05999755859375,97.97122192382812,5146300
2020-11-11,AGG,117.05999755859375,117.18000030517578,117.0199966430664,117.12999725341797,98.02983093261719,3044300
2020-11-12,AGG,117.37000274658203,117.62999725341797,117.33000183105469,117.62000274658203,98.4399185180664,7740800
2020-11-13,AGG,117.5199966430664,117.69000244140625,117.5199966430664,117.63999938964844,98.45665740966797,5125300
2020-11-16,AGG,117.61000061035156,117.66999816894531,117.58000183105469,117.62999725341797,98.44827270507812,7951400
2020-11-17,AGG,117.75,117.9000015258789,117.75,117.87000274658203,98.64913940429688,4650100
2020-11-18,AGG,117.94999694824219,117.98999786376953,117.88999938964844,117.94999694824219,98.71610260009766,6191100
2020-11-19,AGG,118.08000183105469,118.26000213623047,118.02999877929688,118.16999816894531,98.90026092529297,6680800
2020-11-20,AGG,118.19000244140625,118.33999633789062,118.12999725341797,118.29000091552734,99.00068664550781,7217400
2020-11-23,AGG,118.27999877929688,118.30000305175781,118.16999816894531,118.26000213623047,98.97554779052734,4739000
2020-11-24,AGG,118.23999786376953,118.27999877929688,118.06999969482422,118.0999984741211,98.84164428710938,4696800
2020-11-25,AGG,118.1500015258789,118.20999908447266,118.0199966430664,118.05999755859375,98.80816650390625,4125000
2020-11-27,AGG,118.25,118.29000091552734,118.22000122070312,118.26000213623047,98.97554779052734,3436200
2020-11-30,AGG,118.31999969482422,118.44999694824219,118.25,118.41999816894531,99.10948181152344,8688500
2020-12-01,AGG,118.02999877929688,118.0999984741211,117.7300033569336,117.83999633789062,98.79590606689453,5190800
2020-12-02,AGG,117.80999755859375,117.80999755859375,117.54000091552734,117.70999908447266,98.68692016601562,6121000
2020-12-03,AGG,117.91999816894531,117.9800033569336,117.7699966430664,117.91000366210938,98.8545913696289,5198400
2020-12-04,AGG,117.9000015258789,117.9000015258789,117.51000213623047,117.58999633789062,98.58634948730469,5896100
2020-12-07,AGG,117.76000213623047,117.83000183105469,117.69000244140625,117.7699966430664,98.73721313476562,6127800
2020-12-08,AGG,117.87999725341797,117.95999908447266,117.75,117.77999877929688,98.7455825805664,6807000
2020-12-09,AGG,117.7300033569336,117.77999877929688,117.5199966430664,117.61000061035156,98.60307312011719,6975700
2020-12-10,AGG,117.73999786376953,117.93000030517578,117.69000244140625,117.9000015258789,98.84625244140625,6192200
2020-12-11,AGG,118.01000213623047,118.08999633789062,117.94999694824219,118.02999877929688,98.9551773071289,5636100
2020-12-14,AGG,117.86000061035156,118.02999877929688,117.80000305175781,117.95999908447266,98.8965072631836,4705600
2020-12-15,AGG,117.94999694824219,118.02999877929688,117.9000015258789,118.02999877929688,98.9551773071289,4217800
2020-12-16,AGG,117.83000183105469,118.02999877929688,117.76000213623047,117.9800033569336,98.91329956054688,4467900
2020-12-17,AGG,118.01000213623047,118.05999755859375,117.7300033569336,117.8499984741211,98.90907287597656,6610400
2020-12-18,AGG,117.97000122070312,117.97000122070312,117.76000213623047,117.79000091552734,98.85872650146484,3874700
2020-12-21,AGG,117.91999816894531,117.95999908447266,117.75,117.79000091552734,98.85872650146484,4818300
2020-12-22,AGG,117.87999725341797,117.9800033569336,117.83000183105469,117.95999908447266,99.00140380859375,4516500
2020-12-23,AGG,117.80999755859375,117.87999725341797,117.62999725341797,117.87999725341797,98.93424987792969,4157700
2020-12-24,AGG,117.94000244140625,118.05000305175781,117.93000030517578,117.98999786376953,99.02658081054688,2214500
2020-12-28,AGG,117.97000122070312,118.05000305175781,117.83000183105469,118.01000213623047,99.04338073730469,4567200
2020-12-29,AGG,118.05999755859375,118.05999755859375,117.91999816894531,118.02999877929688,99.06015014648438,4300100
2020-12-30,AGG,118.08999633789062,118.12000274658203,117.9800033569336,118.0999984741211,99.118896484375,2762200
2020-12-31,AGG,118.18000030517578,118.23999786376953,118.12000274658203,118.19000244140625,99.19441986083984,4834700
2021-01-04,AGG,118.08000183105469,118.13999938964844,117.98999786376953,118.04000091552734,99.06855773925781,6414100
2021-01-05,AGG,118.05999755859375,118.05999755859375,117.75,117.91999816894531,98.96781921386719,7477900
2021-01-06,AGG,117.9000015258789,117.9000015258789,117.1500015258789,117.33999633789062,98.48101043701172,10687200
2021-01-07,AGG,117.12999725341797,117.26000213623047,117.06999969482422,117.22000122070312,98.38034057617188,6639400
2021-01-08,AGG,117.18000030517578,117.33999633789062,116.9800033569336,117.08000183105469,98.26282501220703,7335700
2021-01-11,AGG,117.0199966430664,117.05000305175781,116.88999938964844,116.88999938964844,98.10334777832031,8610100
2021-01-12,AGG,116.81999969482422,116.98999786376953,116.68000030517578,116.98999786376953,98.18729400634766,7269600
2021-01-13,AGG,117.62999725341797,117.62999725341797,117.08000183105469,117.36000061035156,98.49785614013672,6788500
2021-01-14,AGG,117.37000274658203,117.44999694824219,117.08000183105469,117.12999725341797,98.3048095703125,6610500
2021-01-15,AGG,117.33999633789062,117.36000061035156,117.18000030517578,117.25,98.40550994873047,6447700
2021-01-19,AGG,117.2699966430664,117.41999816894531,117.22000122070312,117.41000366210938,98.53982543945312,7601100
2021-01-20,AGG,117.3499984741211,117.43000030517578,117.30999755859375,117.41999816894531,98.54822540283203,6229100
2021-01-21,AGG,117.22000122070312,117.30000305175781,117.13999938964844,117.25,98.40550994873047,8301000
2021-01-22,AGG,117.29000091552734,117.31999969482422,117.19000244140625,117.25,98.40550994873047,3513700
2021-01-25,AGG,117.38999938964844,117.55999755859375,117.36000061035156,117.55000305175781,98.65731048583984,4049000
2021-01-26,AGG,117.45999908447266,117.58999633789062,117.43000030517578,117.51000213623047,98.62371826171875,3639500
2021-01-27,AGG,117.61000061035156,117.66999816894531,117.04000091552734,117.5199966430664,98.63214111328125,3619100
2021-01-28,AGG,117.4800033569336,117.48999786376953,117.29000091552734,117.44000244140625,98.56497955322266,6176500
2021-01-29,AGG,117.16000366210938,117.4000015258789,116.55999755859375,117.30999755859375,98.45584869384766,12164800
2021-02-01,AGG,117.19999694824219,117.26000213623047,117.08999633789062,117.2300033569336,98.55003356933594,6621900
2021-02-02,AGG,116.98999786376953,117.08999633789062,116.97000122070312,117.05000305175781,98.39872741699219,7323400
2021-02-03,AGG,116.97000122070312,116.98999786376953,116.87000274658203,116.91000366210938,98.28099822998047,5492400
2021-02-04,AGG,116.75,116.88999938964844,116.69000244140625,116.86000061035156,98.23897552490234,5287400
2021-02-05,AGG,116.91000366210938,116.95999908447266,116.69999694824219,116.70999908447266,98.11289978027344,3446600
2021-02-08,AGG,116.75,116.93000030517578,116.72000122070312,116.83000183105469,98.2137680053711,4704200
2021-02-09,AGG,116.94000244140625,116.97000122070312,116.81999969482422,116.87999725341797,98.25578308105469,4533400
2021-02-10,AGG,116.97000122070312,117.01000213623047,116.91999816894531,116.98999786376953,98.34827423095703,4378300
2021-02-11,AGG,117.02999877929688,117.02999877929688,116.80000305175781,116.8499984741211,98.2305679321289,3470800
2021-02-12,AGG,116.66999816894531,116.73999786376953,116.54000091552734,116.58000183105469,98.00357055664062,3284900
2021-02-16,AGG,116.22000122070312,116.2300033569336,116.0199966430664,116.02999877929688,97.54124450683594,5682700
2021-02-17,AGG,116.22000122070312,116.29000091552734,116.1500015258789,116.26000213623047,97.734619140625,6304100
2021-02-18,AGG,116.13999938964844,116.27999877929688,116.02999877929688,116.19999694824219,97.68417358398438,5333500
2021-02-19,AGG,116.0199966430664,116.05999755859375,115.75,115.83999633789062,97.38150024414062,4673100
2021-02-22,AGG,115.76000213623047,115.87000274658203,115.4800033569336,115.4800033569336,97.0788803100586,4894200
2021-02-23,AGG,115.75,115.75,115.2699966430664,115.51000213623047,97.10408020019531,6035200
2021-02-24,AGG,115.05999755859375,115.5,115.01000213623047,115.47000122070312,97.07050323486328,6232300
2021-02-25,AGG,115.01000213623047,115.29000091552734,114.19999694824219,114.41000366210938,96.17936706542969,14926900
2021-02-26,AGG,114.95999908447266,115.38999938964844,114.58999633789062,115.33999633789062,96.96119689941406,11333400
2021-03-01,AGG,114.97000122070312,115.58999633789062,114.88999938964844,115.08999633789062,96.9106674194336,13018100
2021-03-02,AGG,115.04000091552734,115.12000274658203,114.94999694824219,115.11000061035156,96.9275131225586,10111300
2021-03-03,AGG,114.80000305175781,114.83000183105469,114.5999984741211,114.69000244140625,96.5738525390625,10317500
2021-03-04,AGG,114.79000091552734,114.80000305175781,114.26000213623047,114.36000061035156,96.2959213256836,5953600
2021-03-05,AGG,114.16999816894531,114.31999969482422,114.05000305175781,114.27999877929688,96.22862243652344,8675700
2021-03-08,AGG,114.19999694824219,114.2300033569336,113.83000183105469,113.83000183105469,95.84967803955078,5639400
2021-03-09,AGG,114.19999694824219,114.30999755859375,114.0,114.26000213623047,96.21178436279297,5676800
2021-03-10,AGG,114.30000305175781,114.5,114.27999877929688,114.44999694824219,96.37177276611328,6936900
2021-03-11,AGG,114.47000122070312,114.54000091552734,114.30000305175781,114.44000244140625,96.36336517333984,8827800
2021-03-12,AGG,113.87999725341797,113.91000366210938,113.70999908447266,113.79000091552734,95.8160400390625,5066800
2021-03-15,AGG,113.5999984741211,114.01000213623047,113.5999984741211,113.91000366210938,95.9170913696289,5000500
2021-03-16,AGG,113.97000122070312,114.02999877929688,113.77999877929688,113.87000274658203,95.88336944580078,3990900
2021-03-17,AGG,113.55000305175781,113.9800033569336,113.4800033569336,113.86000061035156,95.87493133544922,6229800
2021-03-18,AGG,113.31999969482422,113.55000305175781,113.19999694824219,113.41999816894531,95.50444793701172,6222200
2021-03-19,AGG,113.4000015258789,113.54000091552734,113.33000183105469,113.51000213623047,95.58023834228516,4701400
2021-03-22,AGG,113.69999694824219,113.80000305175781,113.5999984741211,113.7300033569336,95.7654800415039,5468600
2021-03-23,AGG,113.88999938964844,114.04000091552734,113.7699966430664,114.0199966430664,96.00968170166016,5524900
2021-03-24,AGG,113.9000015258789,114.19999694824219,113.86000061035156,114.16000366210938,96.12757110595703,6352600
2021-03-25,AGG,114.23999786376953,114.29000091552734,113.98999786376953,114.0999984741211,96.0770263671875,5178000
2021-03-26,AGG,113.91000366210938,114.08000183105469,113.86000061035156,113.91000366210938,95.9170913696289,4333900
2021-03-29,AGG,113.5199966430664,114.0,113.5199966430664,113.72000122070312,95.757080078125,7630800
2021-03-30,AGG,113.63999938964844,113.8499984741211,113.52999877929688,113.80999755859375,95.83282470703125,4996900
2021-03-31,AGG,113.83999633789062,113.9800033569336,113.70999908447266,113.83000183105469,95.84967803955078,6309200
2021-04-01,AGG,113.93000030517578,114.05000305175781,113.83000183105469,114.04000091552734,96.17182159423828,10767200
2021-04-05,AGG,113.77999877929688,113.88999938964844,113.69000244140625,113.80999755859375,95.9779281616211,9230100
2021-04-06,AGG,113.9800033569336,114.22000122070312,113.94999694824219,114.20999908447266,96.31519317626953,4864100
2021-04-07,AGG,114.12000274658203,114.30000305175781,114.02999877929688,114.02999877929688,96.16340637207031,4505600
2021-04-08,AGG,114.18000030517578,114.30999755859375,114.12999725341797,114.30999755859375,96.39954376220703,4932100
2021-04-09,AGG,114.11000061035156,114.33000183105469,114.04000091552734,114.18000030517578,96.28990173339844,7467100
2021-04-12,AGG,114.16999816894531,114.16999816894531,114.0,114.1500015258789,96.2646484375,3844900
2021-04-13,AGG,114.12000274658203,114.4800033569336,114.11000061035156,114.4800033569336,96.54292297363281,4040500
2021-04-14,AGG,114.41000366210938,114.44000244140625,114.27999877929688,114.38999938964844,96.46700286865234,3620500
2021-04-15,AGG,113.77999877929688,114.9800033569336,113.77999877929688,114.83999633789062,96.84648895263672,6753200
2021-04-16,AGG,114.55999755859375,114.66999816894531,114.5,114.54000091552734,96.593505859375,3663600
2021-04-19,AGG,114.0,114.5,114.0,114.44999694824219,96.51762390136719,5072800
2021-04-20,AGG,114.41999816894531,114.66999816894531,114.38999938964844,114.62999725341797,96.66939544677734,4322200
2021-04-21,AGG,114.5999984741211,114.73999786376953,114.52999877929688,114.73999786376953,96.76216125488281,5511300
2021-04-22,AGG,114.73999786376953,114.80000305175781,114.58999633789062,114.7699966430664,96.78746795654297,4570700
2021-04-23,AGG,114.80999755859375,115.08999633789062,114.63999938964844,114.75,96.77056121826172,3620700
2021-04-26,AGG,114.73999786376953,114.80000305175781,114.6500015258789,114.6500015258789,96.68624877929688,3480300
2021-04-27,AGG,115.12999725341797,115.12999725341797,114.37000274658203,114.37000274658203,96.45012664794922,3823300
2021-04-28,AGG,114.44999694824219,114.47000122070312,114.19999694824219,114.43000030517578,96.50074768066406,7078600
2021-04-29,AGG,114.13999938964844,114.37000274658203,114.08999633789062,114.37000274658203,96.45012664794922,6254100
2021-04-30,AGG,114.41000366210938,114.5199966430664,114.33000183105469,114.48999786376953,96.55132293701172,6469500
2021-05-03,AGG,114.4000015258789,114.58999633789062,114.33000183105469,114.38999938964844,96.61299133300781,5939500
2021-05-04,AGG,114.55000305175781,114.69999694824219,114.41000366210938,114.52999877929688,96.73123168945312,6291300
2021-05-05,AGG,114.44999694824219,114.62000274658203,114.44999694824219,114.62000274658203,96.80721282958984,3329000
2021-05-06,AGG,114.55000305175781,114.70999908447266,114.52999877929688,114.63999938964844,96.82413482666016,4739400
2021-05-07,AGG,114.8499984741211,114.97000122070312,114.56999969482422,114.61000061035156,96.79878234863281,7005200
2021-05-10,AGG,114.61000061035156,114.72000122070312,114.4000015258789,114.43000030517578,96.64678955078125,5576500
2021-05-11,AGG,114.2300033569336,114.37999725341797,114.12999725341797,114.18000030517578,96.43562316894531,6161400
2021-05-12,AGG,113.9800033569336,114.01000213623047,113.77999877929688,113.77999877929688,96.09781646728516,7000800
2021-05-13,AGG,113.9000015258789,114.05999755859375,113.77999877929688,114.04000091552734,96.3173599243164,6772300
2021-05-14,AGG,114.22000122070312,114.30000305175781,114.12000274658203,114.30000305175781,96.53699493408203,3985500
2021-05-17,AGG,114.20999908447266,114.25,114.1500015258789,114.19999694824219,96.45249938964844,4926600
2021-05-18,AGG,114.11000061035156,114.11000061035156,114.02999877929688,114.05999755859375,96.33425903320312,3674600
2021-05-19,AGG,114.62000274658203,114.62000274658203,113.79000091552734,113.9000015258789,96.19912719726562,6892400
2021-05-20,AGG,114.08000183105469,114.30000305175781,114.08000183105469,114.29000091552734,96.52854919433594,6243300
2021-05-21,AGG,114.36000061035156,114.4000015258789,114.2300033569336,114.33999633789062,96.57073211669922,3873200
2021-05-24,AGG,114.5,114.51000213623047,114.37999725341797,114.44999694824219,96.66368865966797,3867700
2021-05-25,AGG,114.58000183105469,114.75,114.02999877929688,114.7300033569336,96.90016174316406,6351700
2021-05-26,AGG,114.12999725341797,114.80000305175781,114.12999725341797,114.69000244140625,96.86638641357422,3969400
2021-05-27,AGG,114.61000061035156,114.62000274658203,114.44999694824219,114.55000305175781,96.74809265136719,5072300
2021-05-28,AGG,114.55000305175781,114.68000030517578,114.5,114.55000305175781,96.74809265136719,6768200
2021-06-01,AGG,114.36000061035156,114.4000015258789,114.16000366210938,114.33000183105469,96.70329284667969,6209800
2021-06-02,AGG,114.44999694824219,114.51000213623047,114.30000305175781,114.4800033569336,96.83018493652344,6103900
2021-06-03,AGG,114.30999755859375,114.45999908447266,114.20999908447266,114.20999908447266,96.60179901123047,3464300
2021-06-04,AGG,114.38999938964844,114.68000030517578,114.22000122070312,114.68000030517578,96.99932861328125,4535800
2021-06-07,AGG,113.97000122070312,114.63999938964844,113.97000122070312,114.5999984741211,96.93167877197266,3728400
2021-06-08,AGG,114.83999633789062,114.87000274658203,114.77999877929688,114.80999755859375,97.10930633544922,4395100
2021-06-09,AGG,115.43000030517578,115.43000030517578,114.97000122070312,115.04000091552734,97.30381774902344,3643100
2021-06-10,AGG,115.30000305175781,115.30999755859375,114.86000061035156,115.27999877929688,97.50679779052734,4021900
2021-06-11,AGG,115.30999755859375,115.31999969482422,115.16000366210938,115.2300033569336,97.4645767211914,3781900
2021-06-14,AGG,115.18000030517578,115.18000030517578,114.94000244140625,114.94000244140625,97.21926879882812,3270800
2021-06-15,AGG,114.9000015258789,115.0199966430664,114.87000274658203,114.98999786376953,97.26153564453125,8230400
2021-06-16,AGG,115.06999969482422,115.12999725341797,114.51000213623047,114.62000274658203,96.94856262207031,8654200
2021-06-17,AGG,114.79000091552734,115.25,114.79000091552734,114.9800033569336,97.25306701660156,7641700
2021-06-18,AGG,115.05000305175781,115.38999938964844,114.91000366210938,115.29000091552734,97.51526641845703,5690400
2021-06-21,AGG,115.05999755859375,115.12000274658203,114.91999816894531,114.98999786376953,97.26153564453125,6875500
2021-06-22,AGG,114.83000183105469,115.13999938964844,114.83000183105469,115.11000061035156,97.36305236816406,6485100
2021-06-23,AGG,115.05999755859375,115.13999938964844,114.98999786376953,115.05000305175781,97.31229400634766,5070500
2021-06-24,AGG,115.0999984741211,115.16999816894531,115.05000305175781,115.08999633789062,97.34611511230469,8357900
2021-06-25,AGG,115.11000061035156,115.12999725341797,114.75,114.86000061035156,97.15159606933594,6496600
2021-06-28,AGG,115.04000091552734,115.2300033569336,115.04000091552734,115.19000244140625,97.4306869506836,5739000
2021-06-29,AGG,115.05999755859375,115.25,115.05000305175781,115.25,97.48143005371094,5097100
2021-06-30,AGG,115.36000061035156,115.44999694824219,115.30000305175781,115.33000183105469,97.54910278320312,6653100
2021-07-01,AGG,115.1500015258789,115.19000244140625,115.01000213623047,115.11000061035156,97.49492645263672,4744900
2021-07-02,AGG,115.2300033569336,115.37000274658203,115.16999816894531,115.36000061035156,97.70665740966797,4312800
2021-07-06,AGG,115.51000213623047,115.83000183105469,115.51000213623047,115.7300033569336,98.02008056640625,7372900
2021-07-07,AGG,115.83000183105469,116.0199966430664,115.75,115.93000030517578,98.18944549560547,7786400
2021-07-08,AGG,116.04000091552734,116.18000030517578,115.95999908447266,116.05999755859375,98.29955291748047,6538400
2021-07-09,AGG,115.73999786376953,115.76000213623047,115.68000030517578,115.68000030517578,97.97771453857422,4750800
2021-07-12,AGG,115.80000305175781,115.80999755859375,115.5999984741211,115.61000061035156,97.91839599609375,4266600
2021-07-13,AGG,115.6500015258789,115.76000213623047,115.30000305175781,115.36000061035156,97.70665740966797,5145200
2021-07-14,AGG,115.58999633789062,115.76000213623047,115.56999969482422,115.75,98.03695678710938,4977400
2021-07-15,AGG,115.94000244140625,116.0199966430664,115.72000122070312,116.0,98.24871063232422,4480900
2021-07-16,AGG,115.7699966430664,115.95999908447266,115.76000213623047,115.9000015258789,98.16401672363281,3869500
2021-07-19,AGG,116.38999938964844,116.61000061035156,116.3499984741211,116.51000213623047,98.68064880371094,6688100
2021-07-20,AGG,116.77999877929688,116.81999969482422,116.31999969482422,116.4000015258789,98.58751678466797,8474800
2021-07-21,AGG,116.08000183105469,116.1500015258789,115.91999816894531,116.0199966430664,98.26563262939453,9686100
2021-07-22,AGG,116.02999877929688,116.3499984741211,116.02999877929688,116.29000091552734,98.49435424804688,8176300
2021-07-23,AGG,116.02999877929688,116.22000122070312,116.02999877929688,116.20999908447266,98.42657470703125,4441000
2021-07-26,AGG,116.30000305175781,116.33000183105469,116.08999633789062,116.11000061035156,98.34186553955078,7127400
2021-07-27,AGG,116.3499984741211,116.4000015258789,116.2699966430664,116.37999725341797,98.57057189941406,5423800
2021-07-28,AGG,116.23999786376953,116.48999786376953,116.13999938964844,116.48999786376953,98.66370391845703,5463600
2021-07-29,AGG,116.29000091552734,116.36000061035156,116.2300033569336,116.30000305175781,98.50282287597656,6629500
2021-07-30,AGG,116.36000061035156,116.48999786376953,116.3499984741211,116.45999908447266,98.6383056640625,5552100
2021-08-02,AGG,116.36000061035156,116.68000030517578,116.30999755859375,116.54000091552734,98.8478012084961,5753800
2021-08-03,AGG,116.55999755859375,116.69000244140625,116.52999877929688,116.58000183105469,98.88174438476562,3715300
2021-08-04,AGG,116.7699966430664,116.83000183105469,116.30000305175781,116.56999969482422,98.8732681274414,4654300
2021-08-05,AGG,116.45999908447266,116.4800033569336,116.27999877929688,116.30999755859375,98.6527328491211,3283100
2021-08-06,AGG,115.93000030517578,116.0199966430664,115.77999877929688,115.79000091552734,98.21166229248047,3812000
2021-08-09,AGG,115.88999938964844,115.95999908447266,115.58000183105469,115.58000183105469,98.03357696533203,5298600
2021-08-10,AGG,115.6500015258789,115.6500015258789,115.43000030517578,115.43000030517578,97.90635681152344,7332100
2021-08-11,AGG,115.45999908447266,115.69999694824219,115.33999633789062,115.54000091552734,97.99966430664062,6674600
2021-08-12,AGG,115.48999786376953,115.58000183105469,115.4000015258789,115.55000305175781,98.00813293457031,5017300
2021-08-13,AGG,115.6500015258789,115.97000122070312,115.63999938964844,115.97000122070312,98.3643569946289,4599800
2021-08-16,AGG,116.13999938964844,116.2699966430664,116.02999877929688,116.02999877929688,98.41522979736328,3693600
2021-08-17,AGG,115.9800033569336,116.08999633789062,115.93000030517578,115.94000244140625,98.33895111083984,5469200
2021-08-18,AGG,115.94000244140625,116.02999877929688,115.80000305175781,115.94999694824219,98.34741973876953,3981900
2021-08-19,AGG,116.12000274658203,116.16000366210938,116.0199966430664,116.1500015258789,98.51705169677734,4581300
2021-08-20,AGG,116.18000030517578,116.20999908447266,116.08000183105469,116.16000366210938,98.52552032470703,2897800
2021-08-23,AGG,116.08999633789062,116.18000030517578,116.04000091552734,116.16000366210938,98.52552032470703,6585300
2021-08-24,AGG,116.08000183105469,116.13999938964844,115.95999908447266,115.98999786376953,98.38135528564453,5875400
2021-08-25,AGG,115.98999786376953,116.01000213623047,115.68000030517578,115.7699966430664,98.19473266601562,5452000
2021-08-26,AGG,115.76000213623047,115.79000091552734,115.63999938964844,115.77999877929688,98.20323944091797,4879200
2021-08-27,AGG,115.80999755859375,116.0999984741211,115.70999908447266,116.0999984741211,98.47462463378906,5545600
2021-08-30,AGG,116.0199966430664,116.2300033569336,116.0,116.2300033569336,98.58486938476562,3706000
2021-08-31,AGG,116.18000030517578,116.29000091552734,116.0199966430664,116.05999755859375,98.44068908691406,6763900
2021-09-01,AGG,116.0199966430664,116.0199966430664,115.80999755859375,115.93000030517578,98.47212982177734,4154000
2021-09-02,AGG,116.0199966430664,116.05999755859375,115.91999816894531,116.05000305175781,98.5740737915039,5427300
2021-09-03,AGG,115.83999633789062,115.88999938964844,115.7699966430664,115.8499984741211,98.40416717529297,5274300
2021-09-07,AGG,115.63999938964844,115.6500015258789,115.47000122070312,115.54000091552734,98.14086151123047,3579900
2021-09-08,AGG,115.69999694824219,115.81999969482422,115.62000274658203,115.7300033569336,98.30225372314453,3417500
2021-09-09,AGG,115.83999633789062,116.1500015258789,115.76000213623047,116.0999984741211,98.61656188964844,3332600
2021-09-10,AGG,115.98999786376953,116.01000213623047,115.77999877929688,115.87000274658203,98.421142578125,3957300
2021-09-13,AGG,116.0,116.08000183105469,115.95999908447266,116.0199966430664,98.54852294921875,3954100
2021-09-14,AGG,116.06999969482422,116.37999725341797,116.06999969482422,116.27999877929688,98.76942443847656,4183600
2021-09-15,AGG,116.29000091552734,116.29000091552734,116.08999633789062,116.16999816894531,98.67596435546875,3448500
2021-09-16,AGG,115.94999694824219,116.11000061035156,115.91000366210938,115.97000122070312,98.50609588623047,4265500
2021-09-17,AGG,115.80000305175781,115.87999725341797,115.73999786376953,115.87000274658203,98.421142578125,5742500
2021-09-20,AGG,116.0199966430664,116.16999816894531,115.9800033569336,116.08999633789062,98.60802459716797,5464700
2021-09-21,AGG,116.12999725341797,116.16999816894531,116.05000305175781,116.13999938964844,98.6505126953125,5225200
2021-09-22,AGG,116.11000061035156,116.25,116.01000213623047,116.18000030517578,98.68446350097656,7139900
2021-09-23,AGG,115.93000030517578,115.94000244140625,115.56999969482422,115.61000061035156,98.20030212402344,8265000
2021-09-24,AGG,115.5,115.51000213623047,115.31999969482422,115.41000366210938,98.03044128417969,4461900
2021-09-27,AGG,115.20999908447266,115.37999725341797,115.19000244140625,115.25,97.89451599121094,5630600
2021-09-28,AGG,114.9000015258789,115.0,114.69999694824219,114.7699966430664,97.48680877685547,7017100
2021-09-29,AGG,114.97000122070312,115.05999755859375,114.72000122070312,114.8499984741211,97.5547866821289,6161300
2021-09-30,AGG,114.7699966430664,114.86000061035156,114.69000244140625,114.83000183105469,97.53775787353516,5348800
2021-10-01,AGG,114.81999969482422,115.05999755859375,114.79000091552734,115.0,97.83553314208984,7064500
2021-10-04,AGG,114.91999816894531,115.02999877929688,114.80000305175781,114.91999816894531,97.7674789428711,4180600
2021-10-05,AGG,114.81999969482422,114.87000274658203,114.61000061035156,114.6500015258789,97.53777313232422,7421900
2021-10-06,AGG,114.68000030517578,114.7300033569336,114.58999633789062,114.69999694824219,97.58031463623047,4893400
2021-10-07,AGG,114.45999908447266,114.5,114.33999633789062,114.37999725341797,97.30806732177734,4456100
2021-10-08,AGG,114.30999755859375,114.3499984741211,114.06999969482422,114.12999725341797,97.09539031982422,4581900
2021-10-11,AGG,114.01000213623047,114.06999969482422,113.94000244140625,113.94999694824219,96.94224548339844,2178400
2021-10-12,AGG,114.16999816894531,114.37999725341797,114.11000061035156,114.37000274658203,97.29956817626953,3688400
2021-10-13,AGG,114.43000030517578,114.63999938964844,114.41999816894531,114.62999725341797,97.52074432373047,5522700
2021-10-14,AGG,114.69999694824219,114.8499984741211,114.62999725341797,114.8499984741211,97.70793151855469,4094500
2021-10-15,AGG,114.61000061035156,114.62999725341797,114.51000213623047,114.56999969482422,97.46969604492188,4644800
2021-10-18,AGG,114.33000183105469,114.55999755859375,114.25,114.48999786376953,97.40167236328125,5575100
2021-10-19,AGG,114.37000274658203,114.37000274658203,114.16000366210938,114.16000366210938,97.12091064453125,5041000
2021-10-20,AGG,114.16999816894531,114.29000091552734,114.05999755859375,114.08000183105469,97.05284881591797,6183700
2021-10-21,AGG,114.01000213623047,114.04000091552734,113.83999633789062,113.83999633789062,96.84868621826172,5228300
2021-10-22,AGG,113.97000122070312,114.13999938964844,113.9000015258789,114.05999755859375,97.03582763671875,3528600
2021-10-25,AGG,114.05999755859375,114.2699966430664,114.05999755859375,114.16999816894531,97.12942504882812,8569600
2021-10-26,AGG,114.25,114.37999725341797,114.11000061035156,114.37999725341797,97.30806732177734,5429800
2021-10-27,AGG,114.66000366210938,114.91999816894531,114.43000030517578,114.76000213623047,97.63135528564453,8048500
2021-10-28,AGG,114.70999908447266,114.83000183105469,114.56999969482422,114.66999816894531,97.55477905273438,5916000
2021-10-29,AGG,114.3499984741211,114.77999877929688,114.3499984741211,114.63999938964844,97.52924346923828,10047900
2021-11-01,AGG,114.16000366210938,114.41999816894531,114.13999938964844,114.38999938964844,97.46961975097656,6197900
2021-11-02,AGG,114.43000030517578,114.69000244140625,114.43000030517578,114.62000274658203,97.66558837890625,5317000
2021-11-03,AGG,114.6500015258789,114.69000244140625,114.25,114.38999938964844,97.46961975097656,6421700
2021-11-04,AGG,114.51000213623047,114.83999633789062,114.4800033569336,114.7699966430664,97.79339599609375,6618100
2021-11-05,AGG,114.98999786376953,115.31999969482422,114.9000015258789,115.22000122070312,98.17686462402344,7283100
2021-11-08,AGG,115.13999938964844,115.1500015258789,114.94999694824219,115.01000213623047,97.99790954589844,4922800
2021-11-09,AGG,115.37999725341797,115.5,115.29000091552734,115.33000183105469,98.27058410644531,8960500
2021-11-10,AGG,115.11000061035156,115.13999938964844,114.4000015258789,114.55000305175781,97.60595703125,11620300
2021-11-11,AGG,114.51000213623047,114.56999969482422,114.30000305175781,114.33999633789062,97.4270248413086,3937100
2021-11-12,AGG,114.5,114.58999633789062,114.26000213623047,114.31999969482422,97.40997314453125,4554700
2021-11-15,AGG,114.30000305175781,114.30999755859375,113.9000015258789,113.9000015258789,97.05213165283203,6405000
2021-11-16,AGG,113.91999816894531,114.11000061035156,113.83999633789062,113.86000061035156,97.01801300048828,7484000
2021-11-17,AGG,113.79000091552734,114.12999725341797,113.7699966430664,114.12999725341797,97.24812316894531,7173100
2021-11-18,AGG,114.05000305175781,114.27999877929688,114.02999877929688,114.2300033569336,97.33328247070312,4226900
2021-11-19,AGG,114.48999786376953,114.58999633789062,114.41999816894531,114.44999694824219,97.520751953125,5685900
2021-11-22,AGG,114.13999938964844,114.2300033569336,113.81999969482422,113.9000015258789,97.05213165283203,6995300
2021-11-23,AGG,113.70999908447266,113.7699966430664,113.44999694824219,113.44999694824219,96.66867065429688,6268600
2021-11-24,AGG,113.47000122070312,113.7300033569336,113.38999938964844,113.70999908447266,96.89017486572266,8472400
2021-11-26,AGG,114.33000183105469,114.58000183105469,114.19999694824219,114.5199966430664,97.58038330078125,3258900
2021-11-29,AGG,114.1500015258789,114.5999984741211,114.12999725341797,114.58000183105469,97.63150787353516,8982800
2021-11-30,AGG,114.87000274658203,115.11000061035156,114.5,114.7699966430664,97.79339599609375,13109000
2021-12-01,AGG,114.2699966430664,114.63999938964844,114.20999908447266,114.62999725341797,97.81218719482422,12772700
2021-12-02,AGG,114.66999816894531,114.79000091552734,114.4000015258789,114.61000061035156,97.79512786865234,7759700
2021-12-03,AGG,114.5,115.23999786376953,114.45999908447266,115.06999969482422,98.1876449584961,7600800
2021-12-06,AGG,114.9800033569336,115.04000091552734,114.62000274658203,114.66999816894531,97.8462905883789,9416700
2021-12-07,AGG,114.5199966430664,114.70999908447266,114.44999694824219,114.48999786376953,97.69273376464844,6786900
2021-12-08,AGG,114.37000274658203,114.37000274658203,114.05000305175781,114.19000244140625,97.43672943115234,8050100
2021-12-09,AGG,114.27999877929688,114.38999938964844,114.12000274658203,114.19999694824219,97.44525909423828,8646500
2021-12-10,AGG,114.37000274658203,114.51000213623047,114.22000122070312,114.2300033569336,97.47087097167969,6501300
2021-12-13,AGG,114.51000213623047,114.70999908447266,114.45999908447266,114.62999725341797,97.81218719482422,8659300
2021-12-14,AGG,114.45999908447266,114.54000091552734,114.26000213623047,114.41000366210938,97.62445831298828,7503600
2021-12-15,AGG,114.2300033569336,114.44999694824219,114.11000061035156,114.31999969482422,97.54768371582031,7459100
2021-12-16,AGG,114.26000213623047,114.4800033569336,114.26000213623047,114.36000061035156,97.6817626953125,7566600
2021-12-17,AGG,114.55000305175781,114.68000030517578,114.47000122070312,114.5,97.80136108398438,7428000
2021-12-20,AGG,114.56999969482422,114.61000061035156,114.31999969482422,114.33000183105469,97.65612030029297,7382600
2021-12-21,AGG,114.06999969482422,114.31999969482422,113.97000122070312,114.23999786376953,97.57925415039062,12970200
2021-12-22,AGG,114.33000183105469,114.3499984741211,114.16999816894531,114.33999633789062,97.66466522216797,6171700
2021-12-23,AGG,114.29000091552734,114.30999755859375,114.06999969482422,114.19999694824219,97.54508972167969,5506700
2021-12-27,AGG,114.1500015258789,114.30000305175781,114.12999725341797,114.26000213623047,97.59635925292969,5436800
2021-12-28,AGG,114.43000030517578,114.44999694824219,114.16999816894531,114.20999908447266,97.55364227294922,5253800
2021-12-29,AGG,113.98999786376953,114.05000305175781,113.80999755859375,113.87000274658203,97.26323699951172,5933800
2021-12-30,AGG,113.98999786376953,114.12999725341797,113.83000183105469,114.12000274658203,97.47679138183594,5455400
2021-12-31,AGG,114.1500015258789,114.30999755859375,114.05999755859375,114.08000183105469,97.44263458251953,7989500
2022-01-03,AGG,113.66999816894531,113.68000030517578,113.30000305175781,113.30000305175781,96.7763671875,9399200
2022-01-04,AGG,113.22000122070312,113.30000305175781,113.08000183105469,113.29000091552734,96.7677993774414,7772100
2022-01-05,AGG,113.33999633789062,113.36000061035156,112.9000015258789,112.94000244140625,96.46885681152344,8530900
2022-01-06,AGG,112.75,112.83999633789062,112.66000366210938,112.81999969482422,96.36637115478516,8866500
2022-01-07,AGG,112.69000244140625,112.70999908447266,112.33999633789062,112.48999786376953,96.08448028564453,9018900
2022-01-10,AGG,112.2300033569336,112.41999816894531,112.13999938964844,112.38999938964844,95.99906158447266,8074900
2022-01-11,AGG,112.33000183105469,112.62999725341797,112.2699966430664,112.5999984741211,96.1784439086914,6728600
2022-01-12,AGG,112.72000122070312,112.79000091552734,112.58000183105469,112.5999984741211,96.1784439086914,6713200
2022-01-13,AGG,112.5999984741211,112.80000305175781,112.51000213623047,112.80000305175781,96.34930419921875,8454300
2022-01-14,AGG,112.52999877929688,112.55000305175781,112.1500015258789,112.16999816894531,95.81116485595703,9113400
2022-01-18,AGG,111.80999755859375,111.86000061035156,111.47000122070312,111.48999786376953,95.2303237915039,7943800
2022-01-19,AGG,111.69999694824219,111.88999938964844,111.6500015258789,111.7300033569336,95.43531799316406,8321000
2022-01-20,AGG,111.83999633789062,111.9000015258789,111.75,111.79000091552734,95.48660278320312,7186400
2022-01-21,AGG,112.19000244140625,112.3499984741211,112.11000061035156,112.2300033569336,95.8624038696289,8679600
2022-01-24,AGG,112.37999725341797,112.41999816894531,112.0999984741211,112.0999984741211,95.75135803222656,12131400
2022-01-25,AGG,112.18000030517578,112.30000305175781,111.95999908447266,111.98999786376953,95.65739440917969,9541000
2022-01-26,AGG,112.05999755859375,112.12999725341797,111.36000061035156,111.36000061035156,95.1192855834961,10729400
2022-01-27,AGG,111.62000274658203,111.87999725341797,111.62000274658203,111.7300033569336,95.43531799316406,6146800
2022-01-28,AGG,111.45999908447266,111.86000061035156,111.44000244140625,111.80999755859375,95.50364685058594,10855600
2022-01-31,AGG,111.63999938964844,111.88999938964844,111.5999984741211,111.80000305175781,95.49516296386719,12837400
2022-02-01,AGG,111.66000366210938,111.68000030517578,111.37999725341797,111.5999984741211,95.46177673339844,10356000
2022-02-02,AGG,111.69999694824219,111.97000122070312,111.66999816894531,111.72000122070312,95.5644302368164,7967900
2022-02-03,AGG,111.26000213623047,111.37000274658203,111.12999725341797,111.2699966430664,95.17948150634766,10290400
2022-02-04,AGG,110.75,110.75,110.47000122070312,110.56999969482422,94.5806655883789,6967200
2022-02-07,AGG,110.56999969482422,110.70999908447266,110.47000122070312,110.66999816894531,94.66624450683594,6723400
2022-02-08,AGG,110.44000244140625,110.4800033569336,110.31999969482422,110.33000183105469,94.37541961669922,7987000
2022-02-09,AGG,110.51000213623047,110.68000030517578,110.38999938964844,110.4000015258789,94.43529510498047,9194400
2022-02-10,AGG,109.97000122070312,110.05999755859375,109.37999725341797,109.37999725341797,93.56277465820312,10761200
2022-02-11,AGG,109.73999786376953,110.16000366210938,109.33999633789062,110.0999984741211,94.17866516113281,13868300
2022-02-14,AGG,109.66000366210938,109.76000213623047,109.4000015258789,109.45999908447266,93.63121032714844,8843700
2022-02-15,AGG,109.36000061035156,109.51000213623047,109.23999786376953,109.27999877929688,93.47724151611328,5820200
2022-02-16,AGG,109.44000244140625,109.4800033569336,109.0999984741211,109.41000366210938,93.58842468261719,8116000
2022-02-17,AGG,109.58000183105469,109.80999755859375,109.51000213623047,109.63999938964844,93.78516387939453,10217000
2022-02-18,AGG,109.83000183105469,109.87999725341797,109.70999908447266,109.87000274658203,93.9819107055664,7110900
2022-02-22,AGG,109.68000030517578,109.77999877929688,109.55999755859375,109.75,93.8792724609375,7604400
2022-02-23,AGG,109.5199966430664,109.55000305175781,109.2300033569336,109.26000213623047,93.46015167236328,11732100
2022-02-24,AGG,109.66999816894531,109.7699966430664,109.16999816894531,109.45999908447266,93.63121032714844,12372100
2022-02-25,AGG,109.44999694824219,109.58000183105469,109.33000183105469,109.56999969482422,93.72531127929688,10089100
2022-02-28,AGG,110.02999877929688,110.43000030517578,110.0199966430664,110.36000061035156,94.40107727050781,16594600
2022-03-01,AGG,110.5999984741211,111.16999816894531,110.56999969482422,110.81999969482422,94.93306732177734,14355100
2022-03-02,AGG,110.30000305175781,110.37999725341797,109.45999908447266,109.48999786376953,93.79373168945312,9028800
2022-03-03,AGG,109.79000091552734,110.0,109.6500015258789,109.86000061035156,94.11067962646484,15802600
2022-03-04,AGG,110.4000015258789,110.55000305175781,110.2300033569336,110.30000305175781,94.48762512207031,7838500
2022-03-07,AGG,109.87000274658203,110.13999938964844,109.63999938964844,109.66000366210938,93.9393539428711,12740600
2022-03-08,AGG,109.25,109.33000183105469,109.12000274658203,109.2699966430664,93.60525512695312,9933700
2022-03-09,AGG,109.0999984741211,109.20999908447266,108.93000030517578,109.04000091552734,93.40821838378906,11192300
2022-03-10,AGG,108.66000366210938,108.68000030517578,108.25,108.43000030517578,92.88565826416016,16234900
2022-03-11,AGG,108.44000244140625,108.55000305175781,108.33999633789062,108.41000366210938,92.86856079101562,11997800
2022-03-14,AGG,107.79000091552734,107.81999969482422,107.36000061035156,107.36000061035156,91.96905517578125,10961600
2022-03-15,AGG,107.83999633789062,107.91999816894531,107.43000030517578,107.5999984741211,92.1746597290039,14001200
2022-03-16,AGG,107.62999725341797,107.7300033569336,107.0,107.68000030517578,92.24317932128906,16805400
2022-03-17,AGG,107.8499984741211,108.05999755859375,107.7300033569336,107.86000061035156,92.39738464355469,8035400
2022-03-18,AGG,107.93000030517578,108.13999938964844,107.91999816894531,108.0999984741211,92.60296630859375,7864100
2022-03-21,AGG,107.58000183105469,107.6500015258789,106.9800033569336,107.04000091552734,91.69496154785156,8024800
2022-03-22,AGG,106.73999786376953,106.87999725341797,106.61000061035156,106.75,91.4465103149414,16120500
2022-03-23,AGG,106.95999908447266,107.20999908447266,106.70999908447266,107.19000244140625,91.82345581054688,9060700
2022-03-24,AGG,106.72000122070312,107.04000091552734,106.6500015258789,106.94999694824219,91.61782836914062,7480500
2022-03-25,AGG,106.56999969482422,106.6500015258789,105.9800033569336,106.0999984741211,90.88970947265625,10538700
2022-03-28,AGG,106.25,106.52999877929688,106.16000366210938,106.36000061035156,91.11244201660156,8540500
2022-03-29,AGG,106.61000061035156,106.88999938964844,106.45999908447266,106.86000061035156,91.54075622558594,11396500
2022-03-30,AGG,106.5999984741211,107.1500015258789,106.58999633789062,107.1500015258789,91.78917694091797,11544400
2022-03-31,AGG,107.16999816894531,107.37999725341797,107.05999755859375,107.0999984741211,91.74632263183594,13799100
2022-04-01,AGG,106.3499984741211,106.94999694824219,106.25,106.75,91.58332061767578,11581600
2022-04-04,AGG,106.83999633789062,106.87000274658203,106.55999755859375,106.83999633789062,91.66053771972656,9956400
2022-04-05,AGG,106.58000183105469,106.62999725341797,105.73999786376953,105.76000213623047,90.73397827148438,11028300
2022-04-06,AGG,105.20999908447266,105.80999755859375,105.12000274658203,105.48999786376953,90.50234985351562,13116000
2022-04-07,AGG,105.37999725341797,105.51000213623047,105.12999725341797,105.26000213623047,90.30503845214844,7922500
2022-04-08,AGG,104.81999969482422,105.01000213623047,104.62000274658203,104.7300033569336,89.85031127929688,6503200
2022-04-11,AGG,104.44000244140625,104.51000213623047,104.16999816894531,104.27999877929688,89.46427154541016,8381800
2022-04-12,AGG,104.80000305175781,104.91999816894531,104.58000183105469,104.61000061035156,89.74737548828125,8498700
2022-04-13,AGG,104.7699966430664,105.08999633789062,104.73999786376953,104.81999969482422,89.92754364013672,6801000
2022-04-14,AGG,104.7300033569336,104.73999786376953,103.93000030517578,103.97000122070312,89.19831848144531,8510100
2022-04-18,AGG,103.97000122070312,104.0199966430664,103.61000061035156,103.6500015258789,88.92377471923828,8633000
2022-04-19,AGG,103.26000213623047,103.43000030517578,102.97000122070312,103.0199966430664,88.38327026367188,7847500
2022-04-20,AGG,103.36000061035156,103.73999786376953,103.30000305175781,103.61000061035156,88.88943481445312,8460900
2022-04-21,AGG,103.44000244140625,103.47000122070312,102.79000091552734,103.04000091552734,88.40040588378906,11395800
2022-04-22,AGG,102.7300033569336,103.18000030517578,102.66999816894531,102.94000244140625,88.31465148925781,9159000
2022-04-25,AGG,103.47000122070312,103.93000030517578,103.47000122070312,103.62999725341797,88.90658569335938,8777500
2022-04-26,AGG,104.12999725341797,104.12999725341797,103.80000305175781,103.94999694824219,89.18115234375,8535100
2022-04-27,AGG,103.91000366210938,104.01000213623047,103.52999877929688,103.52999877929688,88.82085418701172,11185400
2022-04-28,AGG,103.33000183105469,103.51000213623047,103.16999816894531,103.48999786376953,88.78650665283203,10372200
2022-04-29,AGG,102.91999816894531,103.2699966430664,102.81999969482422,102.87000274658203,88.25459289550781,9924100
2022-05-02,AGG,102.31999969482422,102.36000061035156,102.0,102.12999725341797,87.774169921875,12729000
2022-05-03,AGG,102.70999908447266,102.79000091552734,102.29000091552734,102.36000061035156,87.97184753417969,12165300
2022-05-04,AGG,102.31999969482422,103.05000305175781,102.12000274658203,103.0199966430664,88.53905487060547,14656400
2022-05-05,AGG,102.4800033569336,102.5199966430664,101.58999633789062,102.0,87.66242980957031,17474400
2022-05-06,AGG,101.66000366210938,101.94999694824219,101.48999786376953,101.56999969482422,87.29290008544922,8314100
2022-05-09,AGG,101.54000091552734,102.0999984741211,101.4800033569336,102.06999969482422,87.72262573242188,8640900
2022-05-10,AGG,102.5199966430664,102.72000122070312,102.31999969482422,102.37999725341797,87.98902893066406,18465000
2022-05-11,AGG,102.06999969482422,102.79000091552734,101.95999908447266,102.76000213623047,88.31560516357422,16462000
2022-05-12,AGG,102.94000244140625,103.13999938964844,102.87000274658203,102.94999694824219,88.47891235351562,9015300
2022-05-13,AGG,102.75,102.77999877929688,102.4800033569336,102.51000213623047,88.10076904296875,6715600
2022-05-16,AGG,102.70999908447266,102.97000122070312,102.69000244140625,102.73999786376953,88.2984390258789,7239200
2022-05-17,AGG,102.2699966430664,102.43000030517578,102.13999938964844,102.18000030517578,87.81712341308594,6559000
2022-05-18,AGG,102.11000061035156,102.63999938964844,102.08000183105469,102.58999633789062,88.16948699951172,6093800
2022-05-19,AGG,103.19999694824219,103.22000122070312,102.75,102.8499984741211,88.3929672241211,10504300
2022-05-20,AGG,102.94999694824219,103.20999908447266,102.87999725341797,103.16000366210938,88.65939331054688,6731400
2022-05-23,AGG,103.01000213623047,103.19999694824219,102.7300033569336,102.81999969482422,88.36717224121094,8007200
2022-05-24,AGG,103.13999938964844,103.73999786376953,103.12999725341797,103.61000061035156,89.04612731933594,10332300
2022-05-25,AGG,103.93000030517578,104.06999969482422,103.7699966430664,104.04000091552734,89.41571044921875,7718100
2022-05-26,AGG,104.06999969482422,104.19000244140625,103.80000305175781,103.95999908447266,89.3469467163086,5720000
2022-05-27,AGG,104.08999633789062,104.30999755859375,104.0199966430664,104.12999725341797,89.49303436279297,5496300
2022-05-31,AGG,103.52999877929688,103.63999938964844,103.29000091552734,103.47000122070312,88.9258041381836,10491700
2022-06-01,AGG,103.38999938964844,103.52999877929688,102.75,102.86000061035156,88.56074523925781,8056700
2022-06-02,AGG,103.05999755859375,103.08999633789062,102.7300033569336,102.98999786376953,88.67267608642578,7456800
2022-06-03,AGG,102.66999816894531,102.91000366210938,102.63999938964844,102.81999969482422,88.52629852294922,6561100
2022-06-06,AGG,102.66999816894531,102.7699966430664,102.16000366210938,102.19000244140625,87.98387908935547,5144500
2022-06-07,AGG,102.41999816894531,102.76000213623047,102.4000015258789,102.58000183105469,88.31966400146484,5620200
2022-06-08,AGG,102.41999816894531,102.55999755859375,102.16000366210938,102.16000366210938,87.95809173583984,4150800
2022-06-09,AGG,102.06999969482422,102.22000122070312,101.97000122070312,102.05000305175781,87.86336517333984,5423500
2022-06-10,AGG,101.66999816894531,101.72000122070312,101.02999877929688,101.26000213623047,87.18317413330078,7830000
2022-06-13,AGG,100.0999984741211,100.3499984741211,99.12999725341797,99.5999984741211,85.75395202636719,9479000
2022-06-14,AGG,99.83999633789062,99.94000244140625,98.86000061035156,99.01000213623047,85.24594116210938,10943400
2022-06-15,AGG,99.69000244140625,100.16000366210938,99.18000030517578,100.11000061035156,86.19305419921875,10979000
2022-06-16,AGG,99.23999786376953,100.36000061035156,99.13999938964844,100.3499984741211,86.39968872070312,9329900
2022-06-17,AGG,100.41999816894531,100.56999969482422,99.9800033569336,100.33999633789062,86.39105987548828,9892200
2022-06-21,AGG,100.0199966430664,100.26000213623047,99.79000091552734,99.94000244140625,86.04668426513672,9022500
2022-06-22,AGG,100.66999816894531,100.93000030517578,100.66999816894531,100.79000091552734,86.77850341796875,9437000
2022-06-23,AGG,101.25,101.76000213623047,101.12999725341797,101.20999908447266,87.14013671875,7773900
2022-06-24,AGG,101.11000061035156,101.47000122070312,101.0,101.05000305175781,87.00241088867188,7389600
2022-06-27,AGG,100.66999816894531,100.94999694824219,100.4800033569336,100.5999984741211,86.61493682861328,8319700
2022-06-28,AGG,100.52999877929688,100.66000366210938,100.4000015258789,100.63999938964844,86.64939880371094,6540000
2022-06-29,AGG,100.80000305175781,101.23999786376953,100.68000030517578,101.22000122070312,87.14875030517578,7326500
2022-06-30,AGG,101.5999984741211,101.95999908447266,101.58000183105469,101.68000030517578,87.5447998046875,7521300
2022-07-01,AGG,102.20999908447266,102.79000091552734,102.08999633789062,102.33999633789062,88.27449798583984,7393100
2022-07-05,AGG,102.54000091552734,102.69999694824219,102.3499984741211,102.52999877929688,88.43840026855469,6813100
2022-07-06,AGG,102.77999877929688,102.80000305175781,101.83999633789062,101.83999633789062,87.84327697753906,6647700
2022-07-07,AGG,101.94000244140625,101.9800033569336,101.5199966430664,101.61000061035156,87.64485931396484,8226500
2022-07-08,AGG,101.3499984741211,101.44999694824219,101.16000366210938,101.2300033569336,87.31706237792969,5270100
2022-07-11,AGG,101.66999816894531,101.91999816894531,101.5999984741211,101.69999694824219,87.72248840332031,5758400
2022-07-12,AGG,102.0199966430664,102.19000244140625,101.81999969482422,101.83999633789062,87.84327697753906,6690500
2022-07-13,AGG,101.2300033569336,102.23999786376953,101.19000244140625,102.20999908447266,88.16239166259766,6534700
2022-07-14,AGG,101.51000213623047,101.9800033569336,101.33000183105469,101.8499984741211,87.85186004638672,6233300
2022-07-15,AGG,101.94000244140625,102.3499984741211,101.9000015258789,102.25,88.19688415527344,8640400
2022-07-18,AGG,102.0,102.02999877929688,101.72000122070312,101.91999816894531,87.91223907470703,6006400
2022-07-19,AGG,101.94999694824219,101.98999786376953,101.66000366210938,101.77999877929688,87.79150390625,5936200
2022-07-20,AGG,102.16000366210938,102.16999816894531,101.66999816894531,101.70999908447266,87.73113250732422,6124000
2022-07-21,AGG,101.95999908447266,102.58000183105469,101.95999908447266,102.55999755859375,88.46422576904297,5920000
2022-07-22,AGG,103.26000213623047,103.5999984741211,103.12000274658203,103.36000061035156,89.15434265136719,7323100
2022-07-25,AGG,102.9000015258789,103.08999633789062,102.87000274658203,102.9800033569336,88.82656860351562,3729500
2022-07-26,AGG,103.44000244140625,103.51000213623047,102.95999908447266,102.95999908447266,88.809326171875,6312200
2022-07-27,AGG,103.19000244140625,103.63999938964844,103.18000030517578,103.31999969482422,89.11984252929688,5431400
2022-07-28,AGG,104.08999633789062,104.20999908447266,103.83999633789062,104.05999755859375,89.75812530517578,6473800
2022-07-29,AGG,103.94000244140625,104.4000015258789,103.83000183105469,104.06999969482422,89.7667465209961,7674600
2022-08-01,AGG,103.98999786376953,104.30999755859375,103.91000366210938,104.2300033569336,90.07788848876953,7733700
2022-08-02,AGG,104.2699966430664,104.3499984741211,103.13999938964844,103.16000366210938,89.15314483642578,6869400
2022-08-03,AGG,103.02999877929688,103.63999938964844,102.72000122070312,103.62000274658203,89.55070495605469,6261700
2022-08-04,AGG,103.66999816894531,103.88999938964844,103.56999969482422,103.87000274658203,89.76676940917969,5199700
2022-08-05,AGG,102.80999755859375,102.83000183105469,102.5199966430664,102.70999908447266,88.76427459716797,4847100
2022-08-08,AGG,103.0999984741211,103.29000091552734,103.04000091552734,103.18000030517578,89.17044067382812,3425000
2022-08-09,AGG,102.91999816894531,103.05000305175781,102.83999633789062,102.94999694824219,88.9716796875,3854000
2022-08-10,AGG,103.43000030517578,103.68000030517578,103.11000061035156,103.20999908447266,89.19635772705078,7156200
2022-08-11,AGG,103.37999725341797,103.62999725341797,102.62000274658203,102.66000366210938,88.72103881835938,8518200
2022-08-12,AGG,102.97000122070312,103.12000274658203,102.72000122070312,103.12000274658203,89.11857604980469,3643400
2022-08-15,AGG,103.37000274658203,103.44999694824219,103.23999786376953,103.25,89.23092651367188,3782900
2022-08-16,AGG,103.12999725341797,103.12999725341797,102.79000091552734,103.0999984741211,89.101318359375,4976100
2022-08-17,AGG,102.63999938964844,102.73999786376953,102.33999633789062,102.48999786376953,88.57412719726562,7222300
2022-08-18,AGG,102.69999694824219,102.93000030517578,102.63999938964844,102.70999908447266,88.76427459716797,4260600
2022-08-19,AGG,102.12999725341797,102.12999725341797,101.8499984741211,101.98999786376953,88.14202117919922,4575500
2022-08-22,AGG,101.81999969482422,101.88999938964844,101.5199966430664,101.55000305175781,87.76176452636719,7133200
2022-08-23,AGG,101.54000091552734,101.97000122070312,101.4000015258789,101.51000213623047,87.72718048095703,7369600
2022-08-24,AGG,101.3499984741211,101.4000015258789,101.1500015258789,101.23999786376953,87.49385070800781,6318900
2022-08-25,AGG,101.33000183105469,101.87000274658203,101.23999786376953,101.80000305175781,87.97779083251953,8217300
2022-08-26,AGG,101.66999816894531,101.8499984741211,101.41999816894531,101.61000061035156,87.81360626220703,5584800
2022-08-29,AGG,101.2699966430664,101.27999877929688,101.05999755859375,101.12000274658203,87.39013671875,7509000
2022-08-30,AGG,101.26000213623047,101.44999694824219,100.93000030517578,101.25,87.50250244140625,6573600
2022-08-31,AGG,101.04000091552734,101.2300033569336,100.63999938964844,100.70999908447266,87.03581237792969,6116500
2022-09-01,AGG,100.06999969482422,100.1500015258789,99.66000366210938,100.06999969482422,86.65824127197266,8961600
2022-09-02,AGG,100.37000274658203,100.66999816894531,100.12999725341797,100.36000061035156,86.90939331054688,5966800
2022-09-06,AGG,99.95999908447266,99.97000122070312,99.41000366210938,99.41999816894531,86.09535217285156,5341300
2022-09-07,AGG,99.7300033569336,100.12999725341797,99.72000122070312,100.11000061035156,86.69290161132812,3607100
2022-09-08,AGG,100.0,100.18000030517578,99.79000091552734,99.79000091552734,86.415771484375,5546200
2022-09-09,AGG,99.98999786376953,100.12999725341797,99.7300033569336,99.77999877929688,86.40711212158203,7496100
2022-09-12,AGG,100.0,100.08999633789062,99.51000213623047,99.62999725341797,86.27721405029297,8535500
2022-09-13,AGG,98.91000366210938,99.19000244140625,98.9000015258789,99.06999969482422,85.79228210449219,4957400
2022-09-14,AGG,99.0,99.3499984741211,98.97000122070312,99.19999694824219,85.90483093261719,7557300
2022-09-15,AGG,99.04000091552734,99.11000061035156,98.83999633789062,98.9000015258789,85.64506530761719,6016600
2022-09-16,AGG,98.66000366210938,99.01000213623047,98.61000061035156,98.83000183105469,85.5844497680664,6965400
2022-09-19,AGG,98.52999877929688,98.83999633789062,98.4800033569336,98.68000030517578,85.4545669555664,5982200
2022-09-20,AGG,98.20999908447266,98.4000015258789,98.08000183105469,98.23999786376953,85.07351684570312,11271700
2022-09-21,AGG,98.4000015258789,98.5999984741211,97.86000061035156,98.55000305175781,85.34198760986328,7094400
2022-09-22,AGG,97.9000015258789,97.91999816894531,97.4000015258789,97.5,84.43266296386719,7092400
2022-09-23,AGG,97.4000015258789,97.44999694824219,96.88999938964844,97.19999694824219,84.17285919189453,11059300
2022-09-26,AGG,96.87000274658203,96.91000366210938,95.87000274658203,95.94999694824219,83.09041595458984,9009900
2022-09-27,AGG,95.97000122070312,96.08000183105469,95.37999725341797,95.54000091552734,82.73538970947266,11440200
2022-09-28,AGG,96.47000122070312,97.12999725341797,96.2699966430664,97.08000183105469,84.06896209716797,10539800
2022-09-29,AGG,96.4800033569336,96.80000305175781,96.29000091552734,96.56999969482422,83.62734985351562,8666100
2022-09-30,AGG,96.86000061035156,97.08999633789062,96.19000244140625,96.33999633789062,83.42816162109375,14376300
2022-10-03,AGG,96.88999938964844,97.4800033569336,96.63999938964844,96.91000366210938,84.10597229003906,9617900
2022-10-04,AGG,97.20999908447266,97.55000305175781,97.08000183105469,97.16999816894531,84.33161926269531,6964200
2022-10-05,AGG,96.69000244140625,96.98999786376953,96.2699966430664,96.66000366210938,83.88899993896484,9512800
2022-10-06,AGG,96.58999633789062,96.70999908447266,96.20999908447266,96.27999877929688,83.55921173095703,5625100
2022-10-07,AGG,95.80999755859375,96.01000213623047,95.68000030517578,95.7699966430664,83.1165771484375,6149600
2022-10-10,AGG,95.7300033569336,95.75,95.1500015258789,95.33999633789062,82.743408203125,4074700
2022-10-11,AGG,95.62999725341797,95.83000183105469,95.2699966430664,95.4000015258789,82.79549407958984,8892800
2022-10-12,AGG,95.25,95.61000061035156,95.2300033569336,95.4800033569336,82.8648910522461,5651200
2022-10-13,AGG,94.2300033569336,95.44000244140625,94.18000030517578,95.18000030517578,82.60452270507812,6254400
2022-10-14,AGG,95.62999725341797,95.62999725341797,94.61000061035156,94.66000366210938,82.15323638916016,8580700
2022-10-17,AGG,95.25,95.4000015258789,94.83000183105469,94.86000061035156,82.32682800292969,5460600
2022-10-18,AGG,95.11000061035156,95.18000030517578,94.63999938964844,95.0199966430664,82.46565246582031,6389100
2022-10-19,AGG,94.41000366210938,94.55999755859375,94.1500015258789,94.19999694824219,81.75403594970703,6316100
2022-10-20,AGG,94.05999755859375,94.26000213623047,93.55999755859375,93.62999725341797,81.25931549072266,9012900
2022-10-21,AGG,93.2699966430664,93.87000274658203,93.19999694824219,93.7699966430664,81.38082885742188,8371100
2022-10-24,AGG,93.7699966430664,94.02999877929688,93.44999694824219,93.63999938964844,81.26801300048828,6090400
2022-10-25,AGG,94.38999938964844,94.70999908447266,94.36000061035156,94.55999755859375,82.06644439697266,11710400
2022-10-26,AGG,94.77999877929688,95.16999816894531,94.76000213623047,94.9800033569336,82.43094635009766,7884100
2022-10-27,AGG,95.20999908447266,95.62000274658203,94.98999786376953,95.45999908447266,82.84754180908203,6913500
2022-10-28,AGG,95.01000213623047,95.45999908447266,94.9800033569336,95.22000122070312,82.63926696777344,6229200
2022-10-31,AGG,95.01000213623047,95.05999755859375,94.5999984741211,94.9000015258789,82.36153411865234,10946400
2022-11-01,AGG,95.25,95.3499984741211,94.6500015258789,94.86000061035156,82.51463317871094,8096800
2022-11-02,AGG,94.9800033569336,95.51000213623047,94.52999877929688,94.69999694824219,82.37542724609375,8584100
2022-11-03,AGG,93.97000122070312,94.51000213623047,93.93000030517578,94.3499984741211,82.07101440429688,9314800
2022-11-04,AGG,94.43000030517578,94.63999938964844,94.16999816894531,94.33999633789062,82.06230926513672,6918300
2022-11-07,AGG,94.41000366210938,94.45999908447266,94.02999877929688,94.04000091552734,81.80136108398438,7597200
2022-11-08,AGG,94.23999786376953,94.61000061035156,94.22000122070312,94.44000244140625,82.14927673339844,5834900
2022-11-09,AGG,94.38999938964844,94.69999694824219,94.25,94.55000305175781,82.24497985839844,6694200
2022-11-10,AGG,95.9800033569336,96.58000183105469,95.79000091552734,96.58000183105469,84.01079559326172,8494800
2022-11-11,AGG,96.2300033569336,96.61000061035156,96.2300033569336,96.51000213623047,83.94986724853516,4953100
2022-11-14,AGG,96.43000030517578,96.44999694824219,96.18000030517578,96.23999786376953,83.71504974365234,7457600
2022-11-15,AGG,96.80000305175781,96.94999694824219,96.61000061035156,96.94999694824219,84.33261108398438,7962000
2022-11-16,AGG,97.25,97.62999725341797,97.13999938964844,97.55000305175781,84.85453796386719,11075000
2022-11-17,AGG,97.02999877929688,97.16999816894531,96.8499984741211,97.13999938964844,84.49791717529297,6889000
2022-11-18,AGG,97.22000122070312,97.33000183105469,96.91000366210938,97.0,84.3761215209961,4714900
2022-11-21,AGG,97.2699966430664,97.33999633789062,96.91000366210938,96.94000244140625,84.32392883300781,6829100
2022-11-22,AGG,97.18000030517578,97.5,97.18000030517578,97.44000244140625,84.75886535644531,8039000
2022-11-23,AGG,97.58000183105469,98.0199966430664,97.58000183105469,98.0199966430664,85.26338195800781,5885600
2022-11-25,AGG,97.80999755859375,98.04000091552734,97.80999755859375,98.04000091552734,85.28077697753906,2718600
2022-11-28,AGG,98.13999938964844,98.19000244140625,97.83999633789062,97.87999725341797,85.1415786743164,7920700
2022-11-29,AGG,97.54000091552734,97.79000091552734,97.48999786376953,97.52999877929688,84.83715057373047,6643300
2022-11-30,AGG,97.4800033569336,98.31999969482422,97.29000091552734,98.29000091552734,85.49821472167969,8963500
2022-12-01,AGG,98.30000305175781,98.88999938964844,98.16999816894531,98.87999725341797,86.2096939086914,12471300
2022-12-02,AGG,98.48999786376953,99.30000305175781,98.30000305175781,99.29000091552734,86.5671157836914,6368000
2022-12-05,AGG,98.81999969482422,99.29000091552734,98.30000305175781,98.51000213623047,85.8870849609375,8072500
2022-12-06,AGG,98.70999908447266,98.91999816894531,98.58999633789062,98.80000305175781,86.13993072509766,7660100
2022-12-07,AGG,99.29000091552734,99.7300033569336,99.16999816894531,99.68000030517578,86.90717315673828,6752900
2022-12-08,AGG,99.38999938964844,99.5999984741211,99.23999786376953,99.37999725341797,86.6456298828125,6307200
2022-12-09,AGG,99.12000274658203,99.20999908447266,98.7699966430664,98.79000091552734,86.13121795654297,8994400
2022-12-12,AGG,99.19000244140625,99.23999786376953,98.62999725341797,98.80999755859375,86.14863586425781,10384200
2022-12-13,AGG,100.18000030517578,100.18000030517578,99.4000015258789,99.47000122070312,86.72407531738281,9120600
2022-12-14,AGG,99.5199966430664,99.79000091552734,99.16999816894531,99.69000244140625,86.91588592529297,10624000
2022-12-15,AGG,99.56999969482422,99.69999694824219,99.37000274658203,99.61000061035156,87.04345703125,9423900
2022-12-16,AGG,98.95999908447266,99.5199966430664,98.94000244140625,99.3499984741211,86.81625366210938,7546100
2022-12-19,AGG,98.9000015258789,98.93000030517578,98.61000061035156,98.73999786376953,86.283203125,10351000
2022-12-20,AGG,98.0999984741211,98.26000213623047,97.9800033569336,98.06999969482422,85.69776916503906,10282200
2022-12-21,AGG,98.48999786376953,98.54000091552734,98.19000244140625,98.33999633789062,85.93368530273438,8489300
2022-12-22,AGG,98.31999969482422,98.47000122070312,98.22000122070312,98.30999755859375,85.90747833251953,8267800
2022-12-23,AGG,98.05000305175781,98.11000061035156,97.9000015258789,97.97000122070312,85.61036682128906,4823400
2022-12-27,AGG,97.45999908447266,97.62000274658203,97.20999908447266,97.26000213623047,84.98993682861328,7925700
2022-12-28,AGG,97.47000122070312,97.5,97.08000183105469,97.08999633789062,84.84138488769531,12131200
2022-12-29,AGG,97.20999908447266,97.47000122070312,97.18000030517578,97.44999694824219,85.15596771240234,7763300
2022-12-30,AGG,97.25,97.36000061035156,96.97000122070312,96.98999786376953,84.75399017333984,8469000
2023-01-03,AGG,97.97000122070312,97.97000122070312,97.37000274658203,97.55999755859375,85.25208282470703,19930800
2023-01-04,AGG,98.16999816894531,98.25,97.88999938964844,98.0999984741211,85.72393035888672,10080100
2023-01-05,AGG,97.63999938964844,98.05999755859375,97.56999969482422,98.0199966430664,85.654052734375,9682000
2023-01-06,AGG,98.12999725341797,99.1500015258789,98.04000091552734,99.08999633789062,86.58902740478516,8503000
2023-01-09,AGG,99.05999755859375,99.5,99.0,99.33999633789062,86.80753326416016,7849600
2023-01-10,AGG,99.0199966430664,99.1500015258789,98.73999786376953,98.95999908447266,86.4754638671875,7291300
2023-01-11,AGG,99.27999877929688,99.56999969482422,99.26000213623047,99.56999969482422,87.00847625732422,6102900
2023-01-12,AGG,99.83999633789062,100.52999877929688,99.48999786376953,100.29000091552734,87.63766479492188,8342700
2023-01-13,AGG,100.0199966430664,100.26000213623047,99.83000183105469,99.91999816894531,87.31436157226562,6719000
2023-01-17,AGG,99.73999786376953,99.95999908447266,99.6500015258789,99.73999786376953,87.15703582763672,8174700
2023-01-18,AGG,100.76000213623047,100.87999725341797,100.37000274658203,100.7300033569336,88.0221939086914,7779300
2023-01-19,AGG,100.7300033569336,100.7300033569336,100.33000183105469,100.5,87.82118225097656,8633700
2023-01-20,AGG,100.16999816894531,100.26000213623047,99.88999938964844,100.08999633789062,87.46290588378906,6095800
2023-01-23,AGG,99.80000305175781,100.05999755859375,99.77999877929688,99.83999633789062,87.24443054199219,6573200
2023-01-24,AGG,99.83999633789062,100.31999969482422,99.68000030517578,100.27999877929688,87.62892150878906,6538600
2023-01-25,AGG,100.26000213623047,100.47000122070312,100.0999984741211,100.4000015258789,87.7337875366211,5431000
2023-01-26,AGG,100.33000183105469,100.45999908447266,100.06999969482422,100.2300033569336,87.5852279663086,5399100
2023-01-27,AGG,99.95999908447266,100.13999938964844,99.91000366210938,100.08000183105469,87.45417785644531,5123100
2023-01-30,AGG,99.9000015258789,100.08999633789062,99.80000305175781,99.80999755859375,87.21824645996094,6822000
2023-01-31,AGG,100.16000366210938,100.33999633789062,99.83000183105469,100.22000122070312,87.57648468017578,12083600
2023-02-01,AGG,100.19000244140625,100.77999877929688,99.86000061035156,100.68000030517578,88.19409942626953,11593300
2023-02-02,AGG,101.04000091552734,101.1500015258789,100.73999786376953,100.79000091552734,88.29043579101562,9197800
2023-02-03,AGG,99.94999694824219,100.12999725341797,99.5199966430664,99.81999969482422,87.44071960449219,9083000
2023-02-06,AGG,99.30999755859375,99.41999816894531,99.2300033569336,99.2699966430664,86.95891571044922,9198900
2023-02-07,AGG,99.1500015258789,99.56999969482422,99.05999755859375,99.0999984741211,86.81000518798828,6224800
2023-02-08,AGG,99.13999938964844,99.43000030517578,98.94999694824219,99.23999786376953,86.93264770507812,4900600
2023-02-09,AGG,99.54000091552734,99.55999755859375,98.83000183105469,98.8499984741211,86.59101104736328,5594800
2023-02-10,AGG,98.81999969482422,98.83000183105469,98.4000015258789,98.41999816894531,86.21436309814453,5068200
2023-02-13,AGG,98.48999786376953,98.72000122070312,98.45999908447266,98.72000122070312,86.47712707519531,6832700
2023-02-14,AGG,98.66999816894531,98.76000213623047,98.11000061035156,98.37000274658203,86.17056274414062,9559500
2023-02-15,AGG,98.23999786376953,98.36000061035156,98.02999877929688,98.18000030517578,86.0041275024414,6486500
2023-02-16,AGG,97.87999725341797,98.02999877929688,97.69000244140625,97.7699966430664,85.64495086669922,5235600
2023-02-17,AGG,97.52999877929688,98.01000213623047,97.52999877929688,98.0,85.84642028808594,5956300
2023-02-21,AGG,97.36000061035156,97.45999908447266,97.08000183105469,97.08000183105469,85.04052734375,8369600
2023-02-22,AGG,97.4000015258789,97.58999633789062,97.30000305175781,97.33999633789062,85.26829528808594,5862300
2023-02-23,AGG,97.4000015258789,97.72000122070312,97.37000274658203,97.69000244140625,85.57489013671875,8527200
2023-02-24,AGG,97.22000122070312,97.26000213623047,96.97000122070312,97.12999725341797,85.0843276977539,4866800
2023-02-27,AGG,97.41000366210938,97.48999786376953,97.22000122070312,97.31999969482422,85.2507553100586,5040000
2023-02-28,AGG,96.98999786376953,97.37000274658203,96.93000030517578,97.30999755859375,85.24199676513672,8575000
2023-03-01,AGG,96.83000183105469,97.04000091552734,96.5,96.5199966430664,84.75377655029297,9125300
2023-03-02,AGG,96.1500015258789,96.3499984741211,96.11000061035156,96.31999969482422,84.57817840576172,9247400
2023-03-03,AGG,96.8499984741211,97.08000183105469,96.58999633789062,97.08000183105469,85.24551391601562,7267000
2023-03-06,AGG,97.2699966430664,97.29000091552734,96.80999755859375,96.83999633789062,85.03478240966797,4188500
2023-03-07,AGG,96.9800033569336,97.02999877929688,96.56999969482422,96.70999908447266,84.92063903808594,6013200
2023-03-08,AGG,96.9000015258789,97.08000183105469,96.4800033569336,96.61000061035156,84.83284759521484,8044000
2023-03-09,AGG,96.76000213623047,97.1500015258789,96.69999694824219,96.95999908447266,85.14014434814453,7054400
2023-03-10,AGG,97.79000091552734,98.31999969482422,97.76000213623047,98.08999633789062,86.13238525390625,7515700
2023-03-13,AGG,99.05000305175781,99.6500015258789,98.62000274658203,98.87000274658203,86.81732177734375,10343900
2023-03-14,AGG,98.7699966430664,98.81999969482422,98.08999633789062,98.29000091552734,86.30799102783203,8159800
2023-03-15,AGG,99.43000030517578,99.69999694824219,98.80999755859375,99.2699966430664,87.16854095458984,11133700
2023-03-16,AGG,99.52999877929688,99.72000122070312,98.68000030517578,98.87999725341797,86.82608795166016,15217800
2023-03-17,AGG,99.29000091552734,99.80000305175781,99.20999908447266,99.5,87.37053680419922,8277500
2023-03-20,AGG,99.7300033569336,99.7300033569336,99.0199966430664,99.0999984741211,87.0192642211914,6346400
2023-03-21,AGG,98.87999725341797,99.02999877929688,98.69999694824219,98.80000305175781,86.755859375,5499100
2023-03-22,AGG,98.80000305175781,99.81999969482422,98.63999938964844,99.75,87.59002685546875,7585400
2023-03-23,AGG,99.68000030517578,100.05000305175781,99.51000213623047,99.98999786376953,87.80077362060547,9949700
2023-03-24,AGG,100.27999877929688,100.48999786376953,99.94999694824219,100.16000366210938,87.95004272460938,6217700
2023-03-27,AGG,99.38999938964844,99.5199966430664,99.06999969482422,99.08000183105469,87.00172424316406,6823400
2023-03-28,AGG,98.9800033569336,99.05000305175781,98.81999969482422,98.93000030517578,86.8699951171875,6356200
2023-03-29,AGG,98.73999786376953,99.11000061035156,98.72000122070312,99.05000305175781,86.9753646850586,5111300
2023-03-30,AGG,99.02999877929688,99.2300033569336,98.94999694824219,99.16000366210938,87.07195281982422,4251900
2023-03-31,AGG,99.38999938964844,99.69000244140625,99.16000366210938,99.63999938964844,87.49344635009766,8521600
2023-04-03,AGG,99.27999877929688,99.86000061035156,99.20999908447266,99.81999969482422,87.87374114990234,7567100
2023-04-04,AGG,99.55000305175781,100.30000305175781,99.5,100.19000244140625,88.19945526123047,8925200
2023-04-05,AGG,100.5,100.9800033569336,100.41000366210938,100.52999877929688,88.49877166748047,9883500
2023-04-06,AGG,100.55999755859375,100.69000244140625,100.44000244140625,100.44000244140625,88.4195327758789,6105200
2023-04-10,AGG,99.88999938964844,99.91000366210938,99.5999984741211,99.75,87.81212615966797,4478000
2023-04-11,AGG,99.80999755859375,99.87999725341797,99.58999633789062,99.80999755859375,87.86494445800781,4543800
2023-04-12,AGG,100.16999816894531,100.19999694824219,99.61000061035156,99.93000030517578,87.97057342529297,7226000
2023-04-13,AGG,100.16000366210938,100.2699966430664,99.80999755859375,99.88999938964844,87.93536376953125,3964800
2023-04-14,AGG,99.55999755859375,99.58999633789062,99.31999969482422,99.4000015258789,87.50399780273438,4794100
2023-04-17,AGG,99.12999725341797,99.18000030517578,98.87999725341797,98.9000015258789,87.0638198852539,4441300
2023-04-18,AGG,98.91000366210938,99.16000366210938,98.91000366210938,99.04000091552734,87.1871109008789,4753000
2023-04-19,AGG,98.88999938964844,98.93000030517578,98.70999908447266,98.88999938964844,87.05506134033203,3592900
2023-04-20,AGG,99.20999908447266,99.36000061035156,99.19000244140625,99.33999633789062,87.45121765136719,5092400
2023-04-21,AGG,99.51000213623047,99.55999755859375,99.11000061035156,99.16999816894531,87.3015365600586,5367300
2023-04-24,AGG,99.41999816894531,99.58999633789062,99.36000061035156,99.55999755859375,87.64486694335938,3256900
2023-04-25,AGG,99.97000122070312,100.25,99.95999908447266,100.18000030517578,88.19064331054688,5065400
2023-04-26,AGG,100.16000366210938,100.22000122070312,99.72000122070312,99.80999755859375,87.86494445800781,3723600
2023-04-27,AGG,99.61000061035156,99.62999725341797,99.38999938964844,99.44999694824219,87.54800415039062,4018300
2023-04-28,AGG,99.98999786376953,99.98999786376953,99.72000122070312,99.95999908447266,87.99698638916016,5469900
2023-05-01,AGG,99.3499984741211,99.41000366210938,98.5999984741211,98.69000244140625,87.0959243774414,10631600
2023-05-02,AGG,98.95999908447266,99.66999816894531,98.93000030517578,99.6500015258789,87.94316101074219,6085800
2023-05-03,AGG,99.88999938964844,100.12999725341797,99.69000244140625,100.08999633789062,88.33145904541016,5637200
2023-05-04,AGG,99.7699966430664,100.41999816894531,99.75,99.97000122070312,88.22557830810547,5262200
2023-05-05,AGG,99.63999938964844,99.72000122070312,99.44999694824219,99.6500015258789,87.94316101074219,4003000
2023-05-08,AGG,99.20999908447266,99.3499984741211,99.08000183105469,99.0999984741211,87.457763671875,5481300
2023-05-09,AGG,99.11000061035156,99.19000244140625,99.01000213623047,99.01000213623047,87.37832641601562,5712200
2023-05-10,AGG,99.43000030517578,99.68000030517578,99.38999938964844,99.6500015258789,87.94316101074219,4803000
2023-05-11,AGG,100.11000061035156,100.19000244140625,99.87999725341797,99.94999694824219,88.20789337158203,7703800
2023-05-12,AGG,99.88999938964844,99.94999694824219,99.38999938964844,99.38999938964844,87.71369934082031,4285900
2023-05-15,AGG,99.20999908447266,99.22000122070312,99.0999984741211,99.13999938964844,87.49304962158203,8532600
2023-05-16,AGG,98.88999938964844,98.94999694824219,98.73999786376953,98.91000366210938,87.29010772705078,6728500
2023-05-17,AGG,98.98999786376953,99.02999877929688,98.68000030517578,98.76000213623047,87.1576919555664,6318700
2023-05-18,AGG,98.48999786376953,98.51000213623047,98.2699966430664,98.30000305175781,86.75177001953125,4811300
2023-05-19,AGG,98.12999725341797,98.44000244140625,98.0,98.08000183105469,86.55758666992188,10285900
2023-05-22,AGG,98.13999938964844,98.33000183105469,97.97000122070312,97.98999786376953,86.47816467285156,8551100
2023-05-23,AGG,97.91999816894531,98.20999908447266,97.80999755859375,98.0999984741211,86.57523345947266,7641200
2023-05-24,AGG,98.16999816894531,98.19000244140625,97.81999969482422,97.8499984741211,86.3546142578125,7719200
2023-05-25,AGG,97.73999786376953,97.80000305175781,97.44000244140625,97.48999786376953,86.03690338134766,5941300
2023-05-26,AGG,97.36000061035156,97.58999633789062,97.23999786376953,97.56999969482422,86.1075210571289,3889800
2023-05-30,AGG,97.9000015258789,98.23999786376953,97.8499984741211,98.22000122070312,86.68118286132812,7349900
2023-05-31,AGG,98.22000122070312,98.72000122070312,98.20999908447266,98.56999969482422,86.99003601074219,10559900
2023-06-01,AGG,98.5999984741211,98.80000305175781,98.4800033569336,98.61000061035156,87.25373840332031,9029800
2023-06-02,AGG,98.54000091552734,98.58000183105469,98.08000183105469,98.08999633789062,86.79358673095703,6877200
2023-06-05,AGG,97.8499984741211,98.31999969482422,97.7699966430664,98.08000183105469,86.78475189208984,7246200
2023-06-06,AGG,98.12000274658203,98.20999908447266,97.88999938964844,98.19999694824219,86.89093780517578,3816000
2023-06-07,AGG,98.1500015258789,98.22000122070312,97.58999633789062,97.68000030517578,86.43082427978516,5131500
2023-06-08,AGG,97.80000305175781,98.20999908447266,97.7699966430664,98.19999694824219,86.89093780517578,5041900
2023-06-09,AGG,97.91000366210938,98.05000305175781,97.79000091552734,97.97000122070312,86.68740844726562,7140700
2023-06-12,AGG,98.08999633789062,98.16000366210938,97.7300033569336,98.13999938964844,86.83783721923828,5436300
2023-06-13,AGG,98.4800033569336,98.4800033569336,97.5999984741211,97.68000030517578,86.43082427978516,9568100
2023-06-14,AGG,97.87999725341797,97.98999786376953,97.44999694824219,97.7699966430664,86.51045989990234,8360100
2023-06-15,AGG,98.29000091552734,98.45999908447266,98.12999725341797,98.44999694824219,87.11214447021484,7472000
2023-06-16,AGG,98.08999633789062,98.27999877929688,97.91000366210938,98.13999938964844,86.83783721923828,5653700
2023-06-20,AGG,98.27999877929688,98.51000213623047,98.16999816894531,98.31999969482422,86.99713897705078,6694200
2023-06-21,AGG,98.08999633789062,98.52999877929688,97.9800033569336,98.4800033569336,87.13866424560547,5579900
2023-06-22,AGG,98.16999816894531,98.33000183105469,97.91999816894531,97.97000122070312,86.68740844726562,7147600
2023-06-23,AGG,98.48999786376953,98.5,98.0999984741211,98.26000213623047,86.94402313232422,4792900
2023-06-26,AGG,98.5,98.51000213623047,98.30999755859375,98.37999725341797,87.05020141601562,10632300
2023-06-27,AGG,98.44999694824219,98.58999633789062,98.0999984741211,98.19000244140625,86.88208770751953,7803300
2023-06-28,AGG,98.33999633789062,98.54000091552734,98.19999694824219,98.4800033569336,87.13866424560547,8622900
2023-06-29,AGG,97.80000305175781,97.87000274658203,97.61000061035156,97.72000122070312,86.46621704101562,8877500
2023-06-30,AGG,97.86000061035156,98.0999984741211,97.73999786376953,97.94999694824219,86.66973114013672,13417300
2023-07-03,AGG,97.81999969482422,98.04000091552734,97.54000091552734,97.58000183105469,86.56768798828125,3691600
2023-07-05,AGG,97.51000213623047,97.52999877929688,97.05000305175781,97.13999938964844,86.17733764648438,6046200
2023-07-06,AGG,96.55999755859375,96.63999938964844,96.27999877929688,96.51000213623047,85.61845397949219,9534200
2023-07-07,AGG,96.41999816894531,96.75,96.41999816894531,96.52999877929688,85.6362075805664,8311000
2023-07-10,AGG,96.56999969482422,96.94000244140625,96.55000305175781,96.80000305175781,85.87571716308594,8827400
2023-07-11,AGG,96.94000244140625,97.0999984741211,96.86000061035156,97.01000213623047,86.06202697753906,5978500
2023-07-12,AGG,97.51000213623047,97.8499984741211,97.44999694824219,97.80000305175781,86.76285552978516,7189100
2023-07-13,AGG,98.18000030517578,98.44000244140625,98.12000274658203,98.41000366210938,87.30403137207031,7458500
2023-07-14,AGG,98.2300033569336,98.30999755859375,97.91999816894531,97.94000244140625,86.88707733154297,7208400
2023-07-17,AGG,97.94999694824219,98.0999984741211,97.8499984741211,98.05000305175781,86.98466491699219,4689500
2023-07-18,AGG,98.33000183105469,98.41000366210938,98.12999725341797,98.12999725341797,87.05563354492188,5593200
2023-07-19,AGG,98.3499984741211,98.4800033569336,98.19000244140625,98.43000030517578,87.32174682617188,7467900
2023-07-20,AGG,98.05999755859375,98.08000183105469,97.7300033569336,97.91999816894531,86.86932373046875,12562400
2023-07-21,AGG,98.11000061035156,98.1500015258789,97.94000244140625,97.98999786376953,86.93142700195312,7605200
2023-07-24,AGG,98.0999984741211,98.16000366210938,97.79000091552734,97.80999755859375,86.77175903320312,6656600
2023-07-25,AGG,97.58000183105469,97.79000091552734,97.56999969482422,97.69999694824219,86.67415618896484,5794800
2023-07-26,AGG,97.93000030517578,98.06999969482422,97.68000030517578,98.0199966430664,86.95804595947266,5907400
2023-07-27,AGG,97.83999633789062,97.93000030517578,97.11000061035156,97.18000030517578,86.21286010742188,6937900
2023-07-28,AGG,97.38999938964844,97.58999633789062,97.30999755859375,97.55999755859375,86.5499496459961,9233600
2023-07-31,AGG,97.52999877929688,97.80000305175781,97.5199966430664,97.68000030517578,86.65641021728516,11079100
2023-08-01,AGG,97.01000213623047,97.08999633789062,96.70999908447266,96.7699966430664,86.08262634277344,8810400
2023-08-02,AGG,96.4800033569336,96.55999755859375,96.2300033569336,96.54000091552734,85.8780517578125,8551900
2023-08-03,AGG,95.93000030517578,96.0199966430664,95.80000305175781,95.88999938964844,85.29983520507812,7532700
2023-08-04,AGG,96.25,96.75,96.25,96.68000030517578,86.00255584716797,6400400
2023-08-07,AGG,96.63999938964844,96.69999694824219,96.4800033569336,96.69999694824219,86.02037811279297,9732600
2023-08-08,AGG,96.94000244140625,97.11000061035156,96.83999633789062,96.93000030517578,86.22496032714844,6867300
2023-08-09,AGG,97.01000213623047,97.12000274658203,96.91000366210938,97.0,86.28724670410156,5634700
2023-08-10,AGG,97.05999755859375,97.22000122070312,96.37000274658203,96.37000274658203,85.7268295288086,15516100
2023-08-11,AGG,96.12000274658203,96.41999816894531,96.06999969482422,96.06999969482422,85.45996856689453,9016700
2023-08-14,AGG,95.9800033569336,96.22000122070312,95.83000183105469,96.0,85.39771270751953,7901300
2023-08-15,AGG,95.80999755859375,96.06999969482422,95.73999786376953,95.73999786376953,85.16638946533203,6522500
2023-08-16,AGG,95.76000213623047,95.93000030517578,95.44999694824219,95.51000213623047,84.96182250976562,8964600
2023-08-17,AGG,95.5,95.55000305175781,95.20999908447266,95.41000366210938,84.87284851074219,8162300
2023-08-18,AGG,95.47000122070312,95.75,95.43000030517578,95.62000274658203,85.05964660644531,6154600
2023-08-21,AGG,95.26000213623047,95.30000305175781,95.04000091552734,95.13999938964844,84.63265991210938,13362300
2023-08-22,AGG,95.16999816894531,95.31999969482422,95.05999755859375,95.23999786376953,84.72162628173828,6156200
2023-08-23,AGG,95.75,96.1500015258789,95.7300033569336,96.1500015258789,85.5311279296875,7831600
2023-08-24,AGG,95.98999786376953,96.12000274658203,95.8499984741211,95.93000030517578,85.33539581298828,8247700
2023-08-25,AGG,95.81999969482422,96.08000183105469,95.5999984741211,95.87000274658203,85.28206634521484,7917900
2023-08-28,AGG,96.0999984741211,96.11000061035156,95.93000030517578,96.08000183105469,85.46886444091797,6544500
2023-08-29,AGG,95.91000366210938,96.70999908447266,95.91000366210938,96.69999694824219,86.02037811279297,7386300
2023-08-30,AGG,96.77999877929688,96.83000183105469,96.62000274658203,96.66000366210938,85.98479461669922,8752300
2023-08-31,AGG,96.77999877929688,96.95999908447266,96.72000122070312,96.80000305175781,86.10931396484375,7230100
2023-09-01,AGG,96.54000091552734,96.56999969482422,95.9800033569336,96.04000091552734,85.66336822509766,8132400
2023-09-05,AGG,95.8499984741211,95.87000274658203,95.5199966430664,95.5199966430664,85.19956970214844,6111400
2023-09-06,AGG,95.62999725341797,95.63999938964844,95.30999755859375,95.43000030517578,85.1192626953125,8379200
2023-09-07,AGG,95.58999633789062,95.73999786376953,95.48999786376953,95.7300033569336,85.38687133789062,5077800
2023-09-08,AGG,95.93000030517578,96.0199966430664,95.76000213623047,95.77999877929688,85.43144226074219,4774200
2023-09-11,AGG,95.66000366210938,95.7300033569336,95.56999969482422,95.66999816894531,85.33333587646484,4077200
2023-09-12,AGG,95.70999908447266,95.7300033569336,95.56999969482422,95.69999694824219,85.36007690429688,4583400
2023-09-13,AGG,95.61000061035156,95.94999694824219,95.58999633789062,95.83999633789062,85.4849624633789,5953600
2023-09-14,AGG,95.95999908447266,95.9800033569336,95.68000030517578,95.70999908447266,85.36903381347656,5952800
2023-09-15,AGG,95.63999938964844,95.69999694824219,95.4800033569336,95.48999786376953,85.17276763916016,5667700
2023-09-18,AGG,95.37000274658203,95.63999938964844,95.36000061035156,95.62999725341797,85.29766845703125,6066200
2023-09-19,AGG,95.54000091552734,95.58999633789062,95.3499984741211,95.3499984741211,85.04792022705078,5327900
2023-09-20,AGG,95.56999969482422,95.69999694824219,95.30000305175781,95.30000305175781,85.00334167480469,6282700
2023-09-21,AGG,94.80000305175781,94.80999755859375,94.63999938964844,94.6500015258789,84.42351531982422,8028900
2023-09-22,AGG,94.77999877929688,95.08999633789062,94.7300033569336,95.05000305175781,84.78032684326172,7294200
2023-09-25,AGG,94.48999786376953,94.62000274658203,94.29000091552734,94.30000305175781,84.11135864257812,7485000
2023-09-26,AGG,94.47000122070312,94.51000213623047,94.1500015258789,94.18000030517578,84.00432586669922,15549200
2023-09-27,AGG,94.47000122070312,94.51000213623047,93.66000366210938,93.8499984741211,83.70997619628906,14560500
2023-09-28,AGG,93.69999694824219,94.16000366210938,93.52999877929688,94.12999725341797,83.959716796875,13334200
2023-09-29,AGG,94.5,94.56999969482422,93.97000122070312,94.04000091552734,83.87945556640625,13483500
2023-10-02,AGG,93.43000030517578,93.51000213623047,93.0999984741211,93.12999725341797,83.29541015625,8880000
2023-10-03,AGG,92.98999786376953,93.08999633789062,92.37000274658203,92.4000015258789,82.64248657226562,12058400
2023-10-04,AGG,92.7699966430664,93.05000305175781,92.55000305175781,93.05000305175781,83.22386169433594,14097800
2023-10-05,AGG,93.16999816894531,93.22000122070312,92.98999786376953,93.11000061035156,83.27753448486328,7129400
2023-10-06,AGG,92.45999908447266,92.9800033569336,92.37000274658203,92.75,82.95553588867188,9569500
2023-10-09,AGG,93.22000122070312,93.72000122070312,93.1500015258789,93.70999908447266,83.81414794921875,4353100
2023-10-10,AGG,93.38999938964844,93.80999755859375,93.26000213623047,93.62000274658203,83.73367309570312,14553600
2023-10-11,AGG,93.94000244140625,94.05000305175781,93.76000213623047,94.05000305175781,84.11825561523438,15347000
2023-10-12,AGG,93.87000274658203,93.91000366210938,93.16999816894531,93.23999786376953,83.39378356933594,11189800
2023-10-13,AGG,93.68000030517578,93.79000091552734,93.5199966430664,93.63999938964844,83.75155639648438,7515500
2023-10-16,AGG,93.31999969482422,93.41000366210938,93.0999984741211,93.12000274658203,83.28645324707031,6332700
2023-10-17,AGG,92.51000213623047,92.69000244140625,92.3499984741211,92.44999694824219,82.68718719482422,8198300
2023-10-18,AGG,92.29000091552734,92.37999725341797,91.94000244140625,92.0199966430664,82.30261993408203,9352700
2023-10-19,AGG,91.88999938964844,92.16999816894531,91.61000061035156,91.66999816894531,81.98956298828125,11552700
2023-10-20,AGG,91.94000244140625,92.13999938964844,91.9000015258789,92.0,82.28473663330078,6629800
2023-10-23,AGG,91.69999694824219,92.5,91.58000183105469,92.36000061035156,82.60671997070312,12885800
2023-10-24,AGG,92.43000030517578,92.69000244140625,92.27999877929688,92.69000244140625,82.90190124511719,9165100
2023-10-25,AGG,92.33000183105469,92.3499984741211,91.91999816894531,92.0,82.28473663330078,8904400
2023-10-26,AGG,92.12000274658203,92.63999938964844,92.11000061035156,92.62000274658203,82.83924102783203,11574400
2023-10-27,AGG,92.55999755859375,92.63999938964844,92.37000274658203,92.58999633789062,82.81243133544922,7650000
2023-10-30,AGG,92.29000091552734,92.51000213623047,92.1500015258789,92.37000274658203,82.61567687988281,8166700
2023-10-31,AGG,92.44999694824219,92.62999725341797,92.30999755859375,92.30999755859375,82.56199645996094,12343600
2023-11-01,AGG,92.2300033569336,93.05000305175781,92.2300033569336,93.05000305175781,83.47433471679688,14404600
2023-11-02,AGG,93.68000030517578,93.76000213623047,93.37000274658203,93.61000061035156,83.97669219970703,11166700
2023-11-03,AGG,94.54000091552734,94.69000244140625,94.13999938964844,94.18000030517578,84.488037109375,11890300
2023-11-06,AGG,93.93000030517578,93.98999786376953,93.62999725341797,93.70999908447266,84.06640625,8521600
2023-11-07,AGG,93.94000244140625,94.36000061035156,93.91000366210938,94.20999908447266,84.51494598388672,7306900
2023-11-08,AGG,94.2699966430664,94.62000274658203,94.25,94.52999877929688,84.80203247070312,6932200
2023-11-09,AGG,94.41999816894531,94.44000244140625,93.7300033569336,93.73999786376953,84.09335327148438,9163200
2023-11-10,AGG,94.19000244140625,94.22000122070312,93.87999725341797,93.95999908447266,84.29067993164062,6102000
2023-11-13,AGG,93.63999938964844,93.97000122070312,93.52999877929688,93.94999694824219,84.2817153930664,9679500
2023-11-14,AGG,95.02999877929688,95.19999694824219,94.93000030517578,95.12999725341797,85.34029388427734,12149600
2023-11-15,AGG,94.69999694824219,94.72000122070312,94.45999908447266,94.54000091552734,84.8110122680664,10956800
2023-11-16,AGG,94.8499984741211,95.19999694824219,94.8499984741211,95.05999755859375,85.2774887084961,10145400
2023-11-17,AGG,95.20999908447266,95.36000061035156,95.02999877929688,95.25,85.44795227050781,9244000
2023-11-20,AGG,95.06999969482422,95.41999816894531,95.06999969482422,95.4000015258789,85.58248901367188,10051600
2023-11-21,AGG,95.44999694824219,95.56999969482422,95.27999877929688,95.5,85.6722183227539,7393800
2023-11-22,AGG,95.68000030517578,95.75,95.37000274658203,95.58999633789062,85.75296020507812,6329900
2023-11-24,AGG,95.23999786376953,95.31999969482422,95.12000274658203,95.1500015258789,85.35822296142578,2944300
2023-11-27,AGG,95.36000061035156,95.72000122070312,95.33000183105469,95.69000244140625,85.84265899658203,8854500
2023-11-28,AGG,95.61000061035156,96.12999725341797,95.56999969482422,96.11000061035156,86.21945190429688,9749400
2023-11-29,AGG,96.41999816894531,96.66999816894531,96.33999633789062,96.58000183105469,86.64107513427734,8006800
2023-11-30,AGG,96.37999725341797,96.41000366210938,96.12999725341797,96.26000213623047,86.35401153564453,8889100
2023-12-01,AGG,96.0,96.87000274658203,95.97000122070312,96.83000183105469,87.11331939697266,11774300
2023-12-04,AGG,96.58000183105469,96.66999816894531,96.30999755859375,96.45999908447266,86.78042602539062,9440200
2023-12-05,AGG,96.8499984741211,97.1500015258789,96.79000091552734,97.0999984741211,87.356201171875,8850600
2023-12-06,AGG,97.23999786376953,97.48999786376953,97.1500015258789,97.3499984741211,87.58114624023438,11111200
2023-12-07,AGG,97.22000122070312,97.55999755859375,97.22000122070312,97.37999725341797,87.60811614990234,7157900
2023-12-08,AGG,96.98999786376953,97.06999969482422,96.72000122070312,96.88999938964844,87.16730499267578,6696600
2023-12-11,AGG,96.80000305175781,96.94999694824219,96.5999984741211,96.9000015258789,87.1762924194336,15008700
2023-12-12,AGG,96.94000244140625,97.19000244140625,96.81999969482422,97.19000244140625,87.43717956542969,11711400
2023-12-13,AGG,97.38999938964844,98.44999694824219,97.33000183105469,98.41000366210938,88.53475189208984,11194400
2023-12-14,AGG,98.68000030517578,99.04000091552734,98.61000061035156,98.91999816894531,89.24932861328125,12651200
2023-12-15,AGG,98.80000305175781,98.87999725341797,98.58999633789062,98.69000244140625,89.04181671142578,10079100
2023-12-18,AGG,98.58000183105469,98.58000183105469,98.41999816894531,98.48999786376953,88.86136627197266,11521000
2023-12-19,AGG,98.62999725341797,98.77999877929688,98.58999633789062,98.61000061035156,88.96961975097656,13787100
2023-12-20,AGG,98.87000274658203,99.04000091552734,98.69000244140625,98.97000122070312,89.29444122314453,9994100
2023-12-21,AGG,99.22000122070312,99.26000213623047,98.83000183105469,98.95999908447266,89.285400390625,9099100
2023-12-22,AGG,99.12999725341797,99.13999938964844,98.80999755859375,98.83000183105469,89.16814422607422,13234700
2023-12-26,AGG,98.93000030517578,99.08000183105469,98.88999938964844,99.02999877929688,89.34856414794922,5418500
2023-12-27,AGG,99.4000015258789,99.69999694824219,99.30999755859375,99.66000366210938,89.9169921875,6919900
2023-12-28,AGG,99.54000091552734,99.6500015258789,99.30999755859375,99.44000244140625,89.71849060058594,7172200
2023-12-29,AGG,99.19999694824219,99.43000030517578,99.12999725341797,99.25,89.54706573486328,7327600
2024-01-02,AGG,98.83999633789062,98.97000122070312,98.7300033569336,98.77999877929688,89.12301635742188,9754400
2024-01-03,AGG,98.44999694824219,98.94000244140625,98.30999755859375,98.83000183105469,89.16814422607422,10002100
2024-01-04,AGG,98.41999816894531,98.55000305175781,98.33000183105469,98.43000030517578,88.8072280883789,9896600
2024-01-05,AGG,98.12999725341797,98.69000244140625,98.06999969482422,98.19999694824219,88.59970092773438,9038700
2024-01-08,AGG,98.23999786376953,98.70999908447266,98.20999908447266,98.56999969482422,88.93354034423828,7946500
2024-01-09,AGG,98.38999938964844,98.66000366210938,98.38999938964844,98.55000305175781,88.91551208496094,7157400
2024-01-10,AGG,98.73999786376953,98.80000305175781,98.36000061035156,98.36000061035156,88.74407958984375,7679400
2024-01-11,AGG,98.52999877929688,98.95999908447266,98.41000366210938,98.91999816894531,89.24932861328125,7275900
2024-01-12,AGG,99.13999938964844,99.36000061035156,98.95999908447266,99.0999984741211,89.41173553466797,6359400
2024-01-16,AGG,98.72000122070312,98.8499984741211,98.2699966430664,98.36000061035156,88.74407958984375,14489800
2024-01-17,AGG,98.16000366210938,98.20999908447266,97.94000244140625,98.08999633789062,88.50045776367188,8977500
2024-01-18,AGG,98.16000366210938,98.19999694824219,97.88999938964844,98.0,88.41929626464844,10575100
2024-01-19,AGG,97.88999938964844,98.0199966430664,97.66999816894531,98.0199966430664,88.43731689453125,9126000
2024-01-22,AGG,98.26000213623047,98.36000061035156,98.0999984741211,98.19999694824219,88.59970092773438,8712600
2024-01-23,AGG,97.98999786376953,98.0,97.81999969482422,97.95999908447266,88.38317108154297,5642800
2024-01-24,AGG,98.29000091552734,98.33000183105469,97.69999694824219,97.73999786376953,88.18470764160156,11278500
2024-01-25,AGG,98.01000213623047,98.19999694824219,97.95999908447266,98.18000030517578,88.58165740966797,16521600
2024-01-26,AGG,98.19999694824219,98.19999694824219,97.9800033569336,98.06999969482422,88.48242950439453,5022800
2024-01-29,AGG,98.30000305175781,98.52999877929688,98.19000244140625,98.45999908447266,88.83427429199219,6423600
2024-01-30,AGG,98.63999938964844,98.69000244140625,98.29000091552734,98.6500015258789,89.0057144165039,6740000
2024-01-31,AGG,99.0,99.26000213623047,98.80999755859375,99.0999984741211,89.41173553466797,10829000
2024-02-01,AGG,99.19999694824219,99.56999969482422,99.0199966430664,99.37000274658203,89.92121887207031,11937400
2024-02-02,AGG,98.48999786376953,98.62000274658203,98.26000213623047,98.45999908447266,89.09770965576172,8422500
2024-02-05,AGG,97.88999938964844,97.91000366210938,97.55999755859375,97.6500015258789,88.36476135253906,7656800
2024-02-06,AGG,97.79000091552734,98.19999694824219,97.77999877929688,98.16000366210938,88.8262710571289,6608400
2024-02-07,AGG,97.98999786376953,98.27999877929688,97.94000244140625,97.95999908447266,88.64525604248047,8785200
2024-02-08,AGG,97.77999877929688,97.83999633789062,97.62000274658203,97.66000366210938,88.3738021850586,12446900
2024-02-09,AGG,97.54000091552734,97.62999725341797,97.5,97.62999725341797,88.34664916992188,7120500
2024-02-12,AGG,97.69999694824219,97.75,97.5199966430664,97.6500015258789,88.36476135253906,5696300
2024-02-13,AGG,97.04000091552734,97.0999984741211,96.75,96.75,87.5503158569336,15872600
2024-02-14,AGG,96.83999633789062,97.22000122070312,96.83999633789062,97.18000030517578,87.93943786621094,8776900
2024-02-15,AGG,97.48999786376953,97.55000305175781,97.2300033569336,97.41000366210938,88.1475830078125,7194500
2024-02-16,AGG,96.94999694824219,97.0999984741211,96.9000015258789,97.0999984741211,87.8670425415039,7723700
2024-02-20,AGG,97.2300033569336,97.36000061035156,97.16000366210938,97.19000244140625,87.94850158691406,8735700
2024-02-21,AGG,97.27999877929688,97.27999877929688,96.87000274658203,96.9000015258789,87.6860580444336,7785100
2024-02-22,AGG,96.93000030517578,97.08999633789062,96.83999633789062,96.9800033569336,87.75845336914062,7538200
2024-02-23,AGG,96.98999786376953,97.38999938964844,96.98999786376953,97.33999633789062,88.08421325683594,7737900
2024-02-26,AGG,97.33999633789062,97.3499984741211,96.97000122070312,97.12999725341797,87.8941879272461,9374600
2024-02-27,AGG,97.0999984741211,97.22000122070312,96.94000244140625,97.0,87.77655029296875,9065300
2024-02-28,AGG,97.06999969482422,97.2300033569336,97.01000213623047,97.19000244140625,87.94850158691406,7942500
2024-02-29,AGG,97.37999725341797,97.55999755859375,97.29000091552734,97.3499984741211,88.09327697753906,16774100
2024-03-01,AGG,96.98999786376953,97.55000305175781,96.80999755859375,97.52999877929688,88.51619720458984,8994800
2024-03-04,AGG,97.26000213623047,97.37999725341797,97.2300033569336,97.29000091552734,88.29838562011719,7428200
2024-03-05,AGG,97.69000244140625,97.91999816894531,97.5999984741211,97.81999969482422,88.77941131591797,6815500
2024-03-06,AGG,97.94999694824219,98.16000366210938,97.91000366210938,97.97000122070312,88.91554260253906,16536100
2024-03-07,AGG,98.22000122070312,98.23999786376953,97.97000122070312,98.18000030517578,89.10611724853516,7726600
2024-03-08,AGG,98.33999633789062,98.41000366210938,98.19000244140625,98.2699966430664,89.18782043457031,7168700
2024-03-11,AGG,98.27999877929688,98.30999755859375,98.08999633789062,98.16000366210938,89.08796691894531,11354600
2024-03-12,AGG,98.0199966430664,98.04000091552734,97.80000305175781,97.91000366210938,88.861083984375,7471900
2024-03-13,AGG,97.81999969482422,97.93000030517578,97.7300033569336,97.7300033569336,88.69773864746094,5846600
2024-03-14,AGG,97.4800033569336,97.4800033569336,97.0999984741211,97.11000061035156,88.13502502441406,10541000
2024-03-15,AGG,97.1500015258789,97.19999694824219,97.0199966430664,97.0999984741211,88.12594604492188,5756800
2024-03-18,AGG,97.06999969482422,97.12000274658203,96.91999816894531,97.0,88.03518676757812,5227200
2024-03-19,AGG,97.1500015258789,97.33999633789062,97.11000061035156,97.23999786376953,88.25302124023438,5076600
2024-03-20,AGG,97.29000091552734,97.62999725341797,97.12999725341797,97.44000244140625,88.43452453613281,8681200
2024-03-21,AGG,97.62000274658203,97.68000030517578,97.41000366210938,97.51000213623047,88.498046875,10100300
2024-03-22,AGG,97.91000366210938,97.91000366210938,97.73999786376953,97.81999969482422,88.77941131591797,8359200
2024-03-25,AGG,97.76000213623047,97.76000213623047,97.56999969482422,97.63999938964844,88.61603546142578,11037700
2024-03-26,AGG,97.66000366210938,97.76000213623047,97.5199966430664,97.73999786376953,88.7068099975586,8830500
2024-03-27,AGG,97.80000305175781,98.08000183105469,97.79000091552734,98.05999755859375,88.99723815917969,9366800
2024-03-28,AGG,97.93000030517578,98.08000183105469,97.8499984741211,97.94000244140625,88.88832092285156,8863300
2024-04-01,AGG,97.31999969482422,97.33999633789062,96.88999938964844,96.94000244140625,88.24201965332031,8667400
2024-04-02,AGG,96.66000366210938,96.88999938964844,96.54000091552734,96.87000274658203,88.17830657958984,10624600
2024-04-03,AGG,96.58000183105469,96.94999694824219,96.48999786376953,96.93000030517578,88.23290252685547,6919300
2024-04-04,AGG,97.11000061035156,97.16999816894531,96.91999816894531,97.16000366210938,88.44230651855469,9327500
2024-04-05,AGG,96.76000213623047,97.0,96.68000030517578,96.68000030517578,88.00534057617188,12343600
2024-04-08,AGG,96.55999755859375,96.69999694824219,96.5,96.58999633789062,87.92340087890625,11457100
2024-04-09,AGG,96.83000183105469,96.9800033569336,96.83000183105469,96.91999816894531,88.22378540039062,5736500
2024-04-10,AGG,96.22000122070312,96.2699966430664,95.73999786376953,95.76000213623047,87.16790008544922,11248700
2024-04-11,AGG,95.9800033569336,96.02999877929688,95.58999633789062,95.77999877929688,87.18609619140625,16217600
2024-04-12,AGG,96.08000183105469,96.19999694824219,95.95999908447266,95.95999908447266,87.34994506835938,17284600
2024-04-15,AGG,95.47000122070312,95.52999877929688,95.20999908447266,95.37999725341797,86.82198333740234,11705300
2024-04-16,AGG,95.01000213623047,95.18000030517578,94.9000015258789,95.11000061035156,86.57624053955078,17565900
2024-04-17,AGG,95.4000015258789,95.61000061035156,95.25,95.55000305175781,86.97674560546875,7567800
2024-04-18,AGG,95.55000305175781,95.56999969482422,95.22000122070312,95.27999877929688,86.73096466064453,7717500
2024-04-19,AGG,95.52999877929688,95.55000305175781,95.33000183105469,95.37999725341797,86.82198333740234,9121700
2024-04-22,AGG,95.33000183105469,95.52999877929688,95.31999969482422,95.44000244140625,86.87659454345703,9029000
2024-04-23,AGG,95.37999725341797,95.83999633789062,95.30000305175781,95.63999938964844,87.05863952636719,10837100
2024-04-24,AGG,95.37999725341797,95.47000122070312,95.19999694824219,95.38999938964844,86.8310775756836,7961000
2024-04-25,AGG,94.94000244140625,95.13999938964844,94.8499984741211,95.12000274658203,86.58531951904297,6758100
2024-04-26,AGG,95.31999969482422,95.47000122070312,95.30000305175781,95.33000183105469,86.77647399902344,8442500
2024-04-29,AGG,95.5999984741211,95.66999816894531,95.44999694824219,95.62000274658203,87.04043579101562,7384600
2024-04-30,AGG,95.31999969482422,95.5,95.1500015258789,95.2300033569336,86.68545532226562,11228300
2024-05-01,AGG,95.19999694824219,95.58000183105469,94.98999786376953,95.2699966430664,86.9913330078125,11017700
2024-05-02,AGG,95.2699966430664,95.7300033569336,95.22000122070312,95.69999694824219,87.38396453857422,7607300
2024-05-03,AGG,96.31999969482422,96.45999908447266,95.93000030517578,96.19000244140625,87.83139038085938,9146700
2024-05-06,AGG,96.20999908447266,96.33000183105469,96.1500015258789,96.26000213623047,87.89531707763672,10155500
2024-05-07,AGG,96.52999877929688,96.66999816894531,96.37999725341797,96.45999908447266,88.07793426513672,7687000
2024-05-08,AGG,96.25,96.3499984741211,96.2300033569336,96.26000213623047,87.89531707763672,4587200
2024-05-09,AGG,96.19999694824219,96.52999877929688,96.19000244140625,96.44000244140625,88.05967712402344,6732500
2024-05-10,AGG,96.26000213623047,96.33000183105469,96.16000366210938,96.23999786376953,87.87704467773438,5326400
2024-05-13,AGG,96.44000244140625,96.47000122070312,96.27999877929688,96.29000091552734,87.92269897460938,5263200
2024-05-14,AGG,96.5,96.63999938964844,96.41999816894531,96.55000305175781,88.16011047363281,5243300
2024-05-15,AGG,97.11000061035156,97.27999877929688,96.9800033569336,97.19000244140625,88.74449920654297,5846300
2024-05-16,AGG,97.2300033569336,97.2699966430664,97.01000213623047,97.08000183105469,88.64407348632812,7894400
2024-05-17,AGG,96.91999816894531,97.0,96.7699966430664,96.7699966430664,88.36100769042969,5267100
2024-05-20,AGG,96.70999908447266,96.76000213623047,96.66999816894531,96.68000030517578,88.27882385253906,5263000
2024-05-21,AGG,96.91999816894531,96.94999694824219,96.83000183105469,96.86000061035156,88.44315338134766,5227900
2024-05-22,AGG,96.66000366210938,96.88999938964844,96.6500015258789,96.73999786376953,88.33361053466797,3823600
2024-05-23,AGG,96.83000183105469,96.83000183105469,96.37000274658203,96.47000122070312,88.08706665039062,5094900
2024-05-24,AGG,96.43000030517578,96.62000274658203,96.38999938964844,96.58000183105469,88.18751525878906,3072100
2024-05-28,AGG,96.66999816894531,96.69000244140625,96.12000274658203,96.12999725341797,87.77659606933594,6046100
2024-05-29,AGG,95.91000366210938,95.93000030517578,95.62999725341797,95.76000213623047,87.43877410888672,8249100
2024-05-30,AGG,96.08000183105469,96.2300033569336,96.0199966430664,96.20999908447266,87.84967041015625,5568800
2024-05-31,AGG,96.45999908447266,96.58999633789062,96.41000366210938,96.5199966430664,88.13270568847656,8762900
2024-06-03,AGG,96.4000015258789,96.80000305175781,96.37999725341797,96.80000305175781,88.66582489013672,6095500
2024-06-04,AGG,97.0,97.23999786376953,96.94000244140625,97.1500015258789,88.98641204833984,3979100
2024-06-05,AGG,97.29000091552734,97.44999694824219,97.04000091552734,97.44999694824219,89.2612075805664,4602500
2024-06-06,AGG,97.30999755859375,97.5,97.30999755859375,97.4800033569336,89.28868103027344,6568700
2024-06-07,AGG,96.81999969482422,96.81999969482422,96.62000274658203,96.62000274658203,88.50093078613281,5365000
2024-06-10,AGG,96.5199966430664,96.58999633789062,96.43000030517578,96.54000091552734,88.42765808105469,8235900
2024-06-11,AGG,96.63999938964844,96.93000030517578,96.55999755859375,96.87000274658203,88.72992706298828,4650200
2024-06-12,AGG,97.5999984741211,97.80999755859375,97.30999755859375,97.33000183105469,89.15126037597656,7627000
2024-06-13,AGG,97.69999694824219,97.93000030517578,97.58000183105469,97.81999969482422,89.60011291503906,7094800
2024-06-14,AGG,97.8499984741211,98.05000305175781,97.8499984741211,97.91999816894531,89.69168090820312,6239500
2024-06-17,AGG,97.56999969482422,97.5999984741211,97.44999694824219,97.56999969482422,89.3711166381836,5265000
2024-06-18,AGG,97.69999694824219,98.04000091552734,97.68000030517578,97.91999816894531,89.69168090820312,7030700
2024-06-20,AGG,97.55000305175781,97.7699966430664,97.5199966430664,97.75,89.53597259521484,5621600
2024-06-21,AGG,97.88999938964844,97.9800033569336,97.6500015258789,97.76000213623047,89.5451431274414,4715000
2024-06-24,AGG,97.81999969482422,97.86000061035156,97.72000122070312,97.83999633789062,89.61840057373047,5017300
2024-06-25,AGG,97.77999877929688,97.87999725341797,97.70999908447266,97.83000183105469,89.60923767089844,5701300
2024-06-26,AGG,97.43000030517578,97.48999786376953,97.37000274658203,97.38999938964844,89.20623779296875,4964100
2024-06-27,AGG,97.55999755859375,97.66999816894531,97.54000091552734,97.55000305175781,89.35279083251953,5276500
2024-06-28,AGG,97.7699966430664,97.80000305175781,97.06999969482422,97.06999969482422,88.91311645507812,12781500
2024-07-01,AGG,96.43000030517578,96.66000366210938,96.22000122070312,96.25,88.43626403808594,12238900
2024-07-02,AGG,96.63999938964844,96.66999816894531,96.44000244140625,96.56999969482422,88.73025512695312,5441900
2024-07-03,AGG,96.80000305175781,97.16999816894531,96.7699966430664,97.08999633789062,89.20805358886719,4061100
2024-07-05,AGG,97.44999694824219,97.62999725341797,97.30999755859375,97.58000183105469,89.65829467773438,3489900
2024-07-08,AGG,97.58999633789062,97.6500015258789,97.44999694824219,97.61000061035156,89.68585968017578,4602900
2024-07-09,AGG,97.51000213623047,97.61000061035156,97.33999633789062,97.5199966430664,89.60315704345703,5004600
2024-07-10,AGG,97.61000061035156,97.66999816894531,97.48999786376953,97.62000274658203,89.69505310058594,4586000
2024-07-11,AGG,98.18000030517578,98.30999755859375,98.08999633789062,98.12000274658203,90.15445709228516,3789000
2024-07-12,AGG,98.16999816894531,98.38999938964844,98.12999725341797,98.38999938964844,90.40254211425781,6329000
2024-07-15,AGG,98.1500015258789,98.27999877929688,98.02999877929688,98.05000305175781,90.09012603759766,6984700
2024-07-16,AGG,98.18000030517578,98.44999694824219,98.13999938964844,98.44999694824219,90.45765686035156,8936100
2024-07-17,AGG,98.26000213623047,98.56999969482422,98.2300033569336,98.5199966430664,90.52197265625,5680400
2024-07-18,AGG,98.37000274658203,98.55999755859375,98.20999908447266,98.25,90.27389526367188,10584200
2024-07-19,AGG,98.04000091552734,98.0999984741211,97.97000122070312,98.05000305175781,90.09012603759766,7735700
2024-07-22,AGG,98.12000274658203,98.19999694824219,97.86000061035156,98.01000213623047,90.05337524414062,11657500
2024-07-23,AGG,98.0999984741211,98.18000030517578,97.9800033569336,98.0,90.04418182373047,7225900
2024-07-24,AGG,97.81999969482422,98.19000244140625,97.69999694824219,97.69999694824219,89.76853942871094,6578500
2024-07-25,AGG,97.83999633789062,98.13999938964844,97.81999969482422,97.97000122070312,90.01663970947266,12766200
2024-07-26,AGG,98.29000091552734,98.36000061035156,98.18000030517578,98.31999969482422,90.33820343017578,4243800
2024-07-29,AGG,98.54000091552734,98.54000091552734,98.37000274658203,98.4800033569336,90.48521423339844,6822600
2024-07-30,AGG,98.5199966430664,98.63999938964844,98.37999725341797,98.58000183105469,90.5771255493164,5845800
2024-07-31,AGG,98.80999755859375,99.12000274658203,98.6500015258789,99.11000061035156,91.0640869140625,11725100
2024-08-01,AGG,99.01000213623047,99.31999969482422,99.01000213623047,99.22000122070312,91.44564819335938,9642700
2024-08-02,AGG,99.87999725341797,100.37000274658203,99.80000305175781,100.33000183105469,92.46867370605469,9397500
2024-08-05,AGG,100.81999969482422,100.88999938964844,100.0199966430664,100.25,92.39494323730469,12066100
2024-08-06,AGG,100.13999938964844,100.16000366210938,99.62999725341797,99.6500015258789,91.84196472167969,10945200
2024-08-07,AGG,99.51000213623047,99.61000061035156,99.23999786376953,99.3499984741211,91.5654525756836,8085200
2024-08-08,AGG,99.11000061035156,99.27999877929688,99.06999969482422,99.19999694824219,91.42721557617188,5558000
2024-08-09,AGG,99.63999938964844,99.69999694824219,99.4800033569336,99.55000305175781,91.74978637695312,3879200
2024-08-12,AGG,99.47000122070312,99.77999877929688,99.41000366210938,99.72000122070312,91.9064712524414,7300600
2024-08-13,AGG,100.04000091552734,100.12000274658203,99.93000030517578,100.12000274658203,92.2751235961914,3925500
2024-08-14,AGG,100.1500015258789,100.4000015258789,100.13999938964844,100.30000305175781,92.44102478027344,9871500
2024-08-15,AGG,99.69999694824219,99.9000015258789,99.6500015258789,99.87999725341797,92.05390930175781,8628400
2024-08-16,AGG,100.02999877929688,100.12000274658203,99.8499984741211,100.12000274658203,92.2751235961914,6507900
2024-08-19,AGG,100.06999969482422,100.33999633789062,100.04000091552734,100.2300033569336,92.37651824951172,4690300
2024-08-20,AGG,100.41000366210938,100.55999755859375,100.33000183105469,100.52999877929688,92.65299987792969,5516700
2024-08-21,AGG,100.61000061035156,100.9000015258789,100.43000030517578,100.72000122070312,92.82809448242188,6366700
2024-08-22,AGG,100.54000091552734,100.56999969482422,100.2300033569336,100.30999755859375,92.45022583007812,7893700
2024-08-23,AGG,100.5199966430664,100.80999755859375,100.43000030517578,100.7699966430664,92.87418365478516,6179500
2024-08-26,AGG,100.91999816894531,100.91999816894531,100.66000366210938,100.68000030517578,92.79124450683594,6653200
2024-08-27,AGG,100.4800033569336,100.73999786376953,100.43000030517578,100.70999908447266,92.81887817382812,7965400
2024-08-28,AGG,100.70999908447266,100.7699966430664,100.5999984741211,100.62000274658203,92.73595428466797,6960300
2024-08-29,AGG,100.44999694824219,100.55000305175781,100.3499984741211,100.48999786376953,92.61613464355469,6912700
2024-08-30,AGG,100.51000213623047,100.63999938964844,100.22000122070312,100.25,92.39494323730469,7213200
2024-09-03,AGG,100.31999969482422,100.52999877929688,100.2300033569336,100.36000061035156,92.78507232666016,6837200
2024-09-04,AGG,100.43000030517578,100.8499984741211,100.4000015258789,100.80000305175781,93.1918716430664,10867700
2024-09-05,AGG,101.0199966430664,101.12000274658203,100.75,101.05999755859375,93.4322509765625,11921900
2024-09-06,AGG,101.12999725341797,101.5999984741211,100.97000122070312,101.19000244140625,93.55242919921875,8830200
2024-09-09,AGG,101.1500015258789,101.43000030517578,101.05000305175781,101.33999633789062,93.69108581542969,7569300
2024-09-10,AGG,101.33999633789062,101.69999694824219,101.30999755859375,101.6500015258789,93.97772979736328,5979300
2024-09-11,AGG,101.51000213623047,101.8499984741211,101.45999908447266,101.62000274658203,93.94998931884766,4184400
2024-09-12,AGG,101.55999755859375,101.6500015258789,101.37999725341797,101.52999877929688,93.86677551269531,6419400
2024-09-13,AGG,101.76000213623047,101.81999969482422,101.62000274658203,101.73999786376953,94.06092071533203,5330600
2024-09-16,AGG,101.83000183105469,102.04000091552734,101.75,101.9800033569336,94.2828140258789,8425900
2024-09-17,AGG,101.98999786376953,102.02999877929688,101.83000183105469,101.87999725341797,94.19035339355469,9256000
2024-09-18,AGG,101.68000030517578,102.02999877929688,101.52999877929688,101.55999755859375,93.89450073242188,6280000
2024-09-19,AGG,101.41000366210938,101.61000061035156,101.37000274658203,101.56999969482422,93.90375518798828,5079800
2024-09-20,AGG,101.43000030517578,101.6500015258789,101.31999969482422,101.4800033569336,93.820556640625,8464900
2024-09-23,AGG,101.33999633789062,101.58999633789062,101.19000244140625,101.44000244140625,93.7835693359375,8428100
2024-09-24,AGG,101.2699966430664,101.62000274658203,101.22000122070312,101.58000183105469,93.91301727294922,5803600
2024-09-25,AGG,101.41999816894531,101.43000030517578,101.19000244140625,101.19000244140625,93.55242919921875,9259100
2024-09-26,AGG,101.31999969482422,101.3499984741211,101.0,101.20999908447266,93.57091522216797,8124400
2024-09-27,AGG,101.41000366210938,101.55999755859375,101.33000183105469,101.5,93.83901977539062,5033300
2024-09-30,AGG,101.44000244140625,101.4800033569336,101.13999938964844,101.2699966430664,93.62638092041016,9105400
2024-10-01,AGG,101.2699966430664,101.44999694824219,101.1500015258789,101.2300033569336,93.8740005493164,8811400
2024-10-02,AGG,100.87999725341797,101.11000061035156,100.80999755859375,101.0199966430664,93.67924499511719,11700900
2024-10-03,AGG,100.8499984741211,100.88999938964844,100.58999633789062,100.61000061035156,93.29906463623047,8751200
2024-10-04,AGG,100.0999984741211,100.13999938964844,99.88999938964844,99.95999908447266,92.69625854492188,9639700
2024-10-07,AGG,99.63999938964844,99.7699966430664,99.58000183105469,99.62000274658203,92.38099670410156,6382100
2024-10-08,AGG,99.5199966430664,99.79000091552734,99.48999786376953,99.79000091552734,92.53863525390625,7340100
2024-10-09,AGG,99.63999938964844,99.66999816894531,99.47000122070312,99.52999877929688,92.29752349853516,8218300
2024-10-10,AGG,99.44999694824219,99.55000305175781,99.2300033569336,99.47000122070312,92.24188232421875,5757700
2024-10-11,AGG,99.41000366210938,99.62000274658203,99.36000061035156,99.5,92.26971435546875,4878600
2024-10-14,AGG,99.19999694824219,99.41999816894531,99.16999816894531,99.41000366210938,92.18624877929688,3512600
2024-10-15,AGG,99.73999786376953,99.83999633789062,99.68000030517578,99.80999755859375,92.55717468261719,7158700
2024-10-16,AGG,99.95999908447266,100.04000091552734,99.87000274658203,99.94000244140625,92.6777572631836,4741300
2024-10-17,AGG,99.5999984741211,99.66000366210938,99.41999816894531,99.44999694824219,92.22334289550781,5306300
2024-10-18,AGG,99.62999725341797,99.68000030517578,99.5,99.5199966430664,92.2882308959961,4973000
2024-10-21,AGG,99.18000030517578,99.20999908447266,98.83000183105469,98.83000183105469,91.64839935302734,6873900
2024-10-22,AGG,98.93000030517578,99.01000213623047,98.7699966430664,98.8499984741211,91.66694641113281,11401800
2024-10-23,AGG,98.56999969482422,98.76000213623047,98.4800033569336,98.5999984741211,91.43510437011719,19659700
2024-10-24,AGG,98.68000030517578,98.94999694824219,98.5999984741211,98.79000091552734,91.61132049560547,7559300
2024-10-25,AGG,98.97000122070312,98.98999786376953,98.54000091552734,98.58999633789062,91.42582702636719,9028500
2024-10-28,AGG,98.63999938964844,98.6500015258789,98.29000091552734,98.43000030517578,91.27745819091797,7362900
2024-10-29,AGG,98.12000274658203,98.55999755859375,98.08999633789062,98.54000091552734,91.37946319580078,5421700
2024-10-30,AGG,98.75,98.94000244140625,98.4000015258789,98.44000244140625,91.2867431640625,11188400
2024-10-31,AGG,98.31999969482422,98.58000183105469,98.1500015258789,98.41999816894531,91.2681884765625,12754500
2024-11-01,AGG,98.29000091552734,98.37999725341797,97.68000030517578,97.72000122070312,90.90538787841797,10387300
2024-11-04,AGG,98.25,98.37999725341797,97.94999694824219,98.12999725341797,91.28679656982422,6629800
2024-11-05,AGG,98.08999633789062,98.38999938964844,97.86000061035156,98.36000061035156,91.5007553100586,6663000
2024-11-06,AGG,97.43000030517578,97.81999969482422,97.36000061035156,97.58999633789062,90.78443908691406,9158100
2024-11-07,AGG,97.95999908447266,98.54000091552734,97.9000015258789,98.33000183105469,91.47284698486328,17402300
2024-11-08,AGG,98.4800033569336,98.72000122070312,98.37000274658203,98.5,91.6309814453125,6199800
2024-11-11,AGG,98.30000305175781,98.33000183105469,98.16000366210938,98.27999877929688,91.42632293701172,4501200
2024-11-12,AGG,97.9800033569336,98.13999938964844,97.6500015258789,97.70999908447266,90.89608001708984,16775400
2024-11-13,AGG,98.16999816894531,98.19999694824219,97.56999969482422,97.69000244140625,90.87747192382812,15834900
2024-11-14,AGG,97.8499984741211,97.98999786376953,97.56999969482422,97.6500015258789,90.84026336669922,7312000
2024-11-15,AGG,97.44000244140625,97.87999725341797,97.26000213623047,97.66000366210938,90.84957885742188,11844300
2024-11-18,AGG,97.55000305175781,97.81999969482422,97.47000122070312,97.75,90.93328857421875,5260600
2024-11-19,AGG,97.94999694824219,98.05000305175781,97.87000274658203,97.88999938964844,91.06351470947266,4735900
2024-11-20,AGG,97.69000244140625,97.93000030517578,97.66999816894531,97.79000091552734,90.97050476074219,5551100
2024-11-21,AGG,97.8499984741211,98.01000213623047,97.66999816894531,97.73999786376953,90.92398071289062,6348500
2024-11-22,AGG,97.87000274658203,97.91999816894531,97.72000122070312,97.80999755859375,90.98908996582031,4989600
2024-11-25,AGG,98.52999877929688,98.69999694824219,98.43000030517578,98.69000244140625,91.80774688720703,9246200
2024-11-26,AGG,98.48999786376953,98.54000091552734,98.30000305175781,98.54000091552734,91.6681900024414,11303100
2024-11-27,AGG,98.80000305175781,98.93000030517578,98.6500015258789,98.80999755859375,91.91937255859375,8749800
2024-11-29,AGG,99.1500015258789,99.22000122070312,99.08000183105469,99.19999694824219,92.28217315673828,9623200
2024-12-02,AGG,99.38999938964844,99.5999984741211,98.58000183105469,98.9000015258789,92.29337310791016,18397600
2024-12-03,AGG,98.97000122070312,99.05999755859375,98.66999816894531,98.70999908447266,92.1160659790039,6889800
2024-12-04,AGG,98.5199966430664,99.08999633789062,98.4800033569336,99.02999877929688,92.41470336914062,7448900
2024-12-05,AGG,98.95999908447266,99.11000061035156,98.8499984741211,99.05000305175781,92.43334197998047,8786700
2024-12-06,AGG,99.4000015258789,99.44000244140625,99.13999938964844,99.33000183105469,92.69464111328125,12890600
2024-12-09,AGG,99.19999694824219,99.22000122070312,99.02999877929688,99.04000091552734,92.42402648925781,10689000
2024-12-10,AGG,98.87000274658203,98.98999786376953,98.80000305175781,98.91999816894531,92.3120346069336,5984500
2024-12-11,AGG,99.08000183105469,99.1500015258789,98.66000366210938,98.69000244140625,92.09740447998047,8095800
2024-12-12,AGG,98.52999877929688,98.58000183105469,98.25,98.29000091552734,91.72412109375,12353100
2024-12-13,AGG,98.19999694824219,98.2300033569336,97.87000274658203,97.91999816894531,91.37882995605469,6566300
2024-12-16,AGG,98.06999969482422,98.0999984741211,97.87999725341797,98.01000213623047,91.46282196044922,7124100
2024-12-17,AGG,98.0,98.12999725341797,97.94999694824219,98.01000213623047,91.46282196044922,7239200
2024-12-18,AGG,97.66000366210938,97.80000305175781,96.9000015258789,96.94999694824219,90.76626586914062,14261400
2024-12-19,AGG,96.76000213623047,96.81999969482422,96.5,96.69999694824219,90.5322265625,15490100
2024-12-20,AGG,97.05000305175781,97.22000122070312,96.94000244140625,96.95999908447266,90.77564239501953,8657700
2024-12-23,AGG,96.94999694824219,96.97000122070312,96.5999984741211,96.66000366210938,90.49478912353516,10540800
2024-12-24,AGG,96.5,96.77999877929688,96.47000122070312,96.7699966430664,90.59776306152344,4739300
2024-12-26,AGG,96.5199966430664,96.87999725341797,96.51000213623047,96.83999633789062,90.6633071899414,10620200
2024-12-27,AGG,96.79000091552734,96.88999938964844,96.61000061035156,96.63999938964844,90.47603607177734,8601300
2024-12-30,AGG,97.0,97.08000183105469,96.95999908447266,97.0199966430664,90.83180236816406,10154500
2024-12-31,AGG,97.1500015258789,97.20999908447266,96.83000183105469,96.9000015258789,90.719482421875,12276700
2025-01-02,AGG,97.06999969482422,97.20999908447266,96.77999877929688,96.91000366210938,90.72882080078125,5547700
2025-01-03,AGG,97.02999877929688,97.06999969482422,96.79000091552734,96.80999755859375,90.63519287109375,5331000
2025-01-06,AGG,96.72000122070312,96.80000305175781,96.58000183105469,96.70999908447266,90.54158782958984,9248300
2025-01-07,AGG,96.61000061035156,96.68000030517578,96.23999786376953,96.37000274658203,90.2232894897461,9153300
2025-01-08,AGG,96.2699966430664,96.5199966430664,96.2300033569336,96.4800033569336,90.32624816894531,7444500
2025-01-10,AGG,95.8499984741211,96.2300033569336,95.8499984741211,95.94000244140625,89.82069396972656,9822000
2025-01-13,AGG,95.94000244140625,95.94999694824219,95.73999786376953,95.8499984741211,89.73643493652344,10420700
2025-01-14,AGG,95.86000061035156,95.93000030517578,95.75,95.87999725341797,89.76451110839844,5487600
2025-01-15,AGG,96.94000244140625,96.94000244140625,96.55000305175781,96.70999908447266,90.54158782958984,9563000
2025-01-16,AGG,96.62999725341797,97.02999877929688,96.5,96.91999816894531,90.7381820678711,9810800
2025-01-17,AGG,97.06999969482422,97.0999984741211,96.87000274658203,96.91999816894531,90.7381820678711,5360200
2025-01-21,AGG,97.1500015258789,97.27999877929688,97.08999633789062,97.23999786376953,91.03778076171875,7725900
2025-01-22,AGG,97.20999908447266,97.25,96.95999908447266,97.01000213623047,90.82244110107422,7283400
2025-01-23,AGG,96.7699966430664,96.91999816894531,96.72000122070312,96.8499984741211,90.67266082763672,7707000
2025-01-24,AGG,96.87000274658203,97.11000061035156,96.80000305175781,97.01000213623047,90.82244110107422,6459400
2025-01-27,AGG,97.48999786376953,97.55999755859375,97.30999755859375,97.55000305175781,91.32801818847656,7602000
2025-01-28,AGG,97.33999633789062,97.52999877929688,97.29000091552734,97.5199966430664,91.29991149902344,5730300
2025-01-29,AGG,97.58000183105469,97.6500015258789,97.22000122070312,97.45999908447266,91.24374389648438,5912800
2025-01-30,AGG,97.62000274658203,97.7300033569336,97.5199966430664,97.5999984741211,91.37480163574219,6802900
2025-01-31,AGG,97.62000274658203,97.7300033569336,97.26000213623047,97.4000015258789,91.18758392333984,10750100
2025-02-03,AGG,97.33999633789062,97.54000091552734,97.05000305175781,97.16999816894531,91.27399444580078,9977100
2025-02-04,AGG,97.0199966430664,97.37999725341797,97.0,97.3499984741211,91.44306945800781,8483500
2025-02-05,AGG,97.69999694824219,98.0,97.66000366210938,97.87000274658203,91.9315185546875,9716700
2025-02-06,AGG,97.7699966430664,97.87999725341797,97.62999725341797,97.7699966430664,91.83757781982422,6629400
2025-02-07,AGG,97.5199966430664,97.58999633789062,97.36000061035156,97.45999908447266,91.54639434814453,6422300
2025-02-10,AGG,97.56999969482422,97.68000030517578,97.41000366210938,97.48999786376953,91.57456970214844,6038700
2025-02-11,AGG,97.2699966430664,97.33999633789062,97.22000122070312,97.2699966430664,91.36790466308594,8001100
2025-02-12,AGG,96.7699966430664,96.87999725341797,96.61000061035156,96.76000213623047,90.88887786865234,6404900
2025-02-13,AGG,97.16000366210938,97.43000030517578,96.83999633789062,97.33999633789062,91.43367004394531,7041200
2025-02-14,AGG,97.75,97.87999725341797,97.66999816894531,97.69999694824219,91.77184295654297,6257500
2025-02-18,AGG,97.45999908447266,97.58000183105469,97.30999755859375,97.30999755859375,91.4054946899414,8159400
2025-02-19,AGG,97.2699966430664,97.5,97.2699966430664,97.44999694824219,91.5369873046875,5604800
2025-02-20,AGG,97.54000091552734,97.66999816894531,97.5,97.5999984741211,91.67788696289062,27958700
2025-02-21,AGG,97.75,98.18000030517578,97.69999694824219,98.0199966430664,92.0724105834961,7070600
2025-02-24,AGG,97.95999908447266,98.23999786376953,97.94000244140625,98.19000244140625,92.23210144042969,7298300
2025-02-25,AGG,98.6500015258789,98.80999755859375,98.55999755859375,98.80000305175781,92.80508422851562,5801200
2025-02-26,AGG,98.7699966430664,99.0199966430664,98.6500015258789,98.95999908447266,92.95538330078125,5035900
2025-02-27,AGG,98.7699966430664,98.93000030517578,98.7300033569336,98.80999755859375,92.81446838378906,6263200
2025-02-28,AGG,99.08000183105469,99.29000091552734,98.91999816894531,99.25,93.227783203125,14453000
2025-03-03,AGG,98.66000366210938,99.19000244140625,98.5999984741211,99.16000366210938,93.4294204711914,7533500
2025-03-04,AGG,99.30000305175781,99.4000015258789,98.80999755859375,98.91000366210938,93.1938705444336,7532400
2025-03-05,AGG,98.97000122070312,99.05999755859375,98.55000305175781,98.56999969482422,92.87350463867188,7302600
2025-03-06,AGG,98.51000213623047,98.62000274658203,98.2300033569336,98.47000122070312,92.779296875,9946200
2025-03-07,AGG,98.8499984741211,98.9800033569336,98.30000305175781,98.3499984741211,92.66622161865234,6450700
2025-03-10,AGG,98.80999755859375,98.98999786376953,98.7300033569336,98.81999969482422,93.10907745361328,12318600
2025-03-11,AGG,98.7699966430664,98.94000244140625,98.41999816894531,98.47000122070312,92.779296875,10187900
2025-03-12,AGG,98.30000305175781,98.43000030517578,98.16000366210938,98.18000030517578,92.50605773925781,8436700
2025-03-13,AGG,98.08999633789062,98.5,98.01000213623047,98.4800033569336,92.7887191772461,7959500
2025-03-14,AGG,98.33999633789062,98.41999816894531,98.25,98.27999877929688,92.60027313232422,8949800
2025-03-17,AGG,98.48999786376953,98.6500015258789,98.3499984741211,98.41000366210938,92.7227554321289,10605800
2025-03-18,AGG,98.30000305175781,98.62000274658203,98.27999877929688,98.51000213623047,92.81698608398438,9022000
2025-03-19,AGG,98.41999816894531,98.83000183105469,98.33000183105469,98.80000305175781,93.09021759033203,6763800
2025-03-20,AGG,99.22000122070312,99.25,98.80000305175781,98.86000061035156,93.1467514038086,6556800
2025-03-21,AGG,98.95999908447266,99.04000091552734,98.73999786376953,98.73999786376953,93.03368377685547,5028800
2025-03-24,AGG,98.5999984741211,98.63999938964844,98.31999969482422,98.36000061035156,92.67564392089844,4894800
2025-03-25,AGG,98.37000274658203,98.55999755859375,98.33999633789062,98.44999694824219,92.76044464111328,5663000
2025-03-26,AGG,98.36000061035156,98.4000015258789,98.19999694824219,98.20999908447266,92.5343246459961,6744000
2025-03-27,AGG,98.16000366210938,98.2300033569336,98.01000213623047,98.16000366210938,92.48721313476562,9513000
2025-03-28,AGG,98.54000091552734,98.81999969482422,98.45999908447266,98.7300033569336,93.0242691040039,8534000
2025-03-31,AGG,98.9800033569336,99.08999633789062,98.69999694824219,98.91999816894531,93.20329284667969,13350700
2025-04-01,AGG,98.80999755859375,99.12999725341797,98.62000274658203,98.95999908447266,93.54830932617188,10295200
2025-04-02,AGG,99.16999816894531,99.20999908447266,98.62000274658203,98.8499984741211,93.4443359375,8225100
2025-04-03,AGG,99.47000122070312,99.7300033569336,99.05000305175781,99.37000274658203,93.93592834472656,9905000
2025-04-04,AGG,99.91999816894531,100.55000305175781,99.44000244140625,99.45999908447266,94.02098846435547,14914300
2025-04-07,AGG,99.22000122070312,99.30999755859375,98.0,98.19999694824219,92.82988739013672,21796300
2025-04-08,AGG,98.0999984741211,98.69000244140625,97.63999938964844,97.69000244140625,92.34777069091797,13173300
2025-04-09,AGG,97.06999969482422,97.98999786376953,96.62999725341797,97.91000366210938,92.55574035644531,16244400
2025-04-10,AGG,97.66999816894531,97.86000061035156,97.11000061035156,97.13999938964844,91.82786560058594,9940000
2025-04-11,AGG,96.66000366210938,97.16999816894531,96.1500015258789,97.04000091552734,91.73333740234375,8437400
2025-04-14,AGG,97.44000244140625,97.69000244140625,97.2699966430664,97.61000061035156,92.27215576171875,7940600
2025-04-15,AGG,97.5999984741211,97.95999908447266,97.51000213623047,97.80999755859375,92.46121978759766,10074400
2025-04-16,AGG,97.87999725341797,98.19000244140625,97.72000122070312,98.12000274658203,92.7542724609375,10105000
2025-04-17,AGG,98.05999755859375,98.11000061035156,97.80999755859375,97.87000274658203,92.51792907714844,5589400
2025-04-21,AGG,97.61000061035156,97.83000183105469,97.27999877929688,97.27999877929688,91.9601821899414,7925700
2025-04-22,AGG,97.61000061035156,97.7699966430664,97.44999694824219,97.45999908447266,92.13035583496094,6521400
2025-04-23,AGG,98.33000183105469,98.47000122070312,97.6500015258789,97.69999694824219,92.35721588134766,13376700
2025-04-24,AGG,98.05999755859375,98.25,98.0,98.23999786376953,92.86768341064453,8524400
2025-04-25,AGG,98.47000122070312,98.62999725341797,98.36000061035156,98.5999984741211,93.2080078125,9058900
2025-04-28,AGG,98.5199966430664,98.9000015258789,98.5,98.87000274658203,93.46324920654297,4890800
2025-04-29,AGG,98.76000213623047,99.11000061035156,98.75,99.11000061035156,93.69013214111328,6731100
2025-04-30,AGG,98.98999786376953,99.16999816894531,98.87999725341797,99.0199966430664,93.60502624511719,7370300
2025-05-01,AGG,98.83000183105469,98.87000274658203,98.27999877929688,98.43000030517578,93.34993743896484,6912600
2025-05-02,AGG,98.05999755859375,98.33999633789062,97.81999969482422,97.94999694824219,92.89469909667969,9879200
2025-05-05,AGG,97.9000015258789,97.91000366210938,97.6500015258789,97.77999877929688,92.73346710205078,14273800
2025-05-06,AGG,97.77999877929688,98.0199966430664,97.6500015258789,98.0199966430664,92.96109008789062,11730100
2025-05-07,AGG,98.16000366210938,98.33999633789062,98.08999633789062,98.16999816894531,93.10336303710938,6557000
2025-05-08,AGG,98.20999908447266,98.2300033569336,97.6500015258789,97.66000366210938,92.61967468261719,7814200
2025-05-09,AGG,97.86000061035156,97.97000122070312,97.73999786376953,97.76000213623047,92.71451568603516,5739200
2025-05-12,AGG,97.44999694824219,97.66000366210938,97.33000183105469,97.43000030517578,92.40155029296875,10768200
2025-05-13,AGG,97.5,97.55000305175781,97.23999786376953,97.33000183105469,92.30671691894531,6305500
2025-05-14,AGG,97.27999877929688,97.33999633789062,97.01000213623047,97.05000305175781,92.04115295410156,7350600
2025-05-15,AGG,97.30999755859375,97.5999984741211,97.22000122070312,97.5999984741211,92.5627670288086,7638900
2025-05-16,AGG,97.91000366210938,97.91999816894531,97.62000274658203,97.66000366210938,92.61967468261719,5262500
2025-05-19,AGG,97.13999938964844,97.66000366210938,97.0999984741211,97.62999725341797,92.59121704101562,7232700
2025-05-20,AGG,97.5199966430664,97.54000091552734,97.27999877929688,97.45999908447266,92.42998504638672,7496600
2025-05-21,AGG,97.16999816894531,97.27999877929688,96.73999786376953,96.81999969482422,91.82301330566406,12393200
2025-05-22,AGG,96.7699966430664,97.11000061035156,96.66000366210938,97.0999984741211,92.08857727050781,6084800
2025-05-23,AGG,97.33999633789062,97.37999725341797,97.08000183105469,97.23999786376953,92.22135925292969,5210500
2025-05-27,AGG,97.51000213623047,97.73999786376953,97.41999816894531,97.68000030517578,92.63861846923828,7461500
2025-05-28,AGG,97.55999755859375,97.66999816894531,97.37999725341797,97.5,92.46794128417969,4909200
2025-05-29,AGG,97.73999786376953,97.94000244140625,97.69999694824219,97.86000061035156,92.80935668945312,7724100
2025-05-30,AGG,97.86000061035156,98.0999984741211,97.80000305175781,98.0999984741211,93.0369644165039,15488400
2025-06-02,AGG,97.2300033569336,97.5999984741211,97.2300033569336,97.5199966430664,92.79241943359375,28390000
2025-06-03,AGG,97.5999984741211,97.75,97.37000274658203,97.44999694824219,92.725830078125,7177600
2025-06-04,AGG,97.75,98.08999633789062,97.69000244140625,98.02999877929688,93.27769470214844,7761500
2025-06-05,AGG,98.02999877929688,98.12000274658203,97.7699966430664,97.77999877929688,93.0398178100586,10456500
2025-06-06,AGG,97.45999908447266,97.52999877929688,97.25,97.27999877929688,92.56404876708984,6299900
2025-06-09,AGG,97.29000091552734,97.54000091552734,97.2699966430664,97.4000015258789,92.67823791503906,7096500
2025-06-10,AGG,97.72000122070312,97.73999786376953,97.51000213623047,97.62000274658203,92.88758087158203,4990900
2025-06-11,AGG,97.79000091552734,97.9800033569336,97.69999694824219,97.94999694824219,93.20157623291016,5992400
2025-06-12,AGG,98.23999786376953,98.31999969482422,98.12000274658203,98.30999755859375,93.54409790039062,5726200
2025-06-13,AGG,98.11000061035156,98.16000366210938,97.76000213623047,97.95999908447266,93.21109008789062,8050300
2025-06-16,AGG,97.88999938964844,98.06999969482422,97.75,97.76000213623047,93.02078247070312,5680900
2025-06-17,AGG,97.94999694824219,98.12000274658203,97.76000213623047,98.05999755859375,93.30623626708984,5312000
2025-06-18,AGG,98.20999908447266,98.4000015258789,98.02999877929688,98.12999725341797,93.37284088134766,5907900
2025-06-20,AGG,98.0,98.30999755859375,97.94999694824219,98.22000122070312,93.45848083496094,6213000
2025-06-23,AGG,98.4000015258789,98.6500015258789,98.30000305175781,98.41999816894531,93.64878845214844,5884600
2025-06-24,AGG,98.36000061035156,98.81999969482422,98.33999633789062,98.81999969482422,94.0293960571289,7907600
2025-06-25,AGG,98.62000274658203,98.80999755859375,98.5199966430664,98.80999755859375,94.0198745727539,8434800
2025-06-26,AGG,98.80000305175781,99.0999984741211,98.77999877929688,99.08000183105469,94.27679443359375,9775100
2025-06-27,AGG,98.87000274658203,99.0999984741211,98.76000213623047,98.80000305175781,94.01038360595703,25931600
2025-06-30,AGG,99.05000305175781,99.2300033569336,98.94000244140625,99.19999694824219,94.39097595214844,14036800
2025-07-01,AGG,98.87000274658203,98.94999694824219,98.66999816894531,98.79000091552734,94.3041000366211,18480200
2025-07-02,AGG,98.68000030517578,98.69999694824219,98.54000091552734,98.66999816894531,94.1895523071289,8756000
2025-07-03,AGG,98.52999877929688,98.58999633789062,98.41000366210938,98.47000122070312,93.99864196777344,4583200
2025-07-07,AGG,98.31999969482422,98.33000183105469,98.05999755859375,98.12000274658203,93.6645278930664,8088100
2025-07-08,AGG,97.94999694824219,98.08000183105469,97.93000030517578,98.08000183105469,93.62635040283203,7804200
2025-07-09,AGG,98.20999908447266,98.48999786376953,98.12999725341797,98.48999786376953,94.01773834228516,11043600
2025-07-10,AGG,98.41999816894531,98.4800033569336,98.30000305175781,98.45999908447266,93.98909759521484,5125300
2025-07-11,AGG,98.16999816894531,98.25,98.0199966430664,98.05000305175781,93.59771728515625,6106500
2025-07-14,AGG,98.01000213623047,98.12999725341797,97.93000030517578,98.04000091552734,93.58817291259766,6231400
2025-07-15,AGG,98.16000366210938,98.16000366210938,97.69999694824219,97.75,93.31134033203125,9681000
2025-07-16,AGG,97.88999938964844,98.0199966430664,97.69000244140625,97.88999938964844,93.44497680664062,23556800
2025-07-17,AGG,97.9800033569336,98.05999755859375,97.86000061035156,97.93000030517578,93.48316955566406,8355500
2025-07-18,AGG,98.1500015258789,98.16999816894531,98.04000091552734,98.11000061035156,93.65496063232422,8443800
2025-07-21,AGG,98.45999908447266,98.54000091552734,98.36000061035156,98.37999725341797,93.91273498535156,6865700
2025-07-22,AGG,98.4800033569336,98.63999938964844,98.43000030517578,98.56999969482422,94.09410095214844,6172700
2025-07-23,AGG,98.44999694824219,98.4800033569336,98.31999969482422,98.3499984741211,93.88408660888672,7466900
2025-07-24,AGG,98.11000061035156,98.36000061035156,98.08999633789062,98.29000091552734,93.82682037353516,9643800
2025-07-25,AGG,98.30000305175781,98.4800033569336,98.25,98.44999694824219,93.97955322265625,5530400
2025-07-28,AGG,98.36000061035156,98.41999816894531,98.27999877929688,98.31999969482422,93.85543823242188,7032200
2025-07-29,AGG,98.41999816894531,98.8499984741211,98.41999816894531,98.8499984741211,94.36137390136719,12015200
2025-07-30,AGG,98.66999816894531,98.81999969482422,98.5199966430664,98.56999969482422,94.09410095214844,8305400
2025-07-31,AGG,98.72000122070312,98.83000183105469,98.56999969482422,98.62000274658203,94.1418228149414,19774600
2025-08-01,AGG,98.87000274658203,99.16000366210938,98.8499984741211,99.13999938964844,94.9559555053711,12416200
2025-08-04,AGG,99.16000366210938,99.23999786376953,99.02999877929688,99.22000122070312,95.03257751464844,6717900
2025-08-05,AGG,99.12999725341797,99.30999755859375,99.11000061035156,99.25,95.06131744384766,9092400
2025-08-06,AGG,99.13999938964844,99.29000091552734,98.83999633789062,99.20999908447266,95.02298736572266,8102700
2025-08-07,AGG,99.2300033569336,99.31999969482422,99.08999633789062,99.12999725341797,94.94636535644531,7869300
2025-08-08,AGG,99.0,99.12000274658203,98.88999938964844,98.94000244140625,94.76439666748047,8238100
2025-08-11,AGG,99.01000213623047,99.12000274658203,98.94000244140625,99.01000213623047,94.8314437866211,9698300
2025-08-12,AGG,98.91000366210938,99.01000213623047,98.80000305175781,99.01000213623047,94.8314437866211,12239500
2025-08-13,AGG,99.27999877929688,99.41000366210938,99.26000213623047,99.37000274658203,95.1762466430664,5386800
2025-08-14,AGG,99.18000030517578,99.2699966430664,99.0199966430664,99.08999633789062,94.90806579589844,5208500
2025-08-15,AGG,99.06999969482422,99.0999984741211,98.87000274658203,98.94000244140625,94.76439666748047,6884600
2025-08-18,AGG,98.98999786376953,99.0,98.75,98.83000183105469,94.65904235839844,7906400
2025-08-19,AGG,98.94000244140625,99.04000091552734,98.91000366210938,99.0199966430664,94.84101104736328,9946800
2025-08-20,AGG,98.98999786376953,99.16000366210938,98.9800033569336,99.08000183105469,94.89848327636719,5615200
2025-08-21,AGG,98.95999908447266,98.98999786376953,98.7300033569336,98.8499984741211,94.67818450927734,7129200
2025-08-22,AGG,99.02999877929688,99.44999694824219,99.0,99.4000015258789,95.2049789428711,9451400
2025-08-25,AGG,99.20999908447266,99.33999633789062,99.16000366210938,99.25,95.06131744384766,5624900
2025-08-26,AGG,99.23999786376953,99.38999938964844,99.16000366210938,99.37000274658203,95.1762466430664,4696000
2025-08-27,AGG,99.22000122070312,99.47000122070312,99.16999816894531,99.47000122070312,95.27203369140625,7320800
2025-08-28,AGG,99.43000030517578,99.61000061035156,99.41000366210938,99.58999633789062,95.386962890625,7068500
2025-08-29,AGG,99.47000122070312,99.54000091552734,99.4000015258789,99.45999908447266,95.26244354248047,9181400
2025-09-02,AGG,98.81999969482422,98.94999694824219,98.79000091552734,98.87000274658203,95.00971984863281,8529800
2025-09-03,AGG,98.94999694824219,99.33000183105469,98.94999694824219,99.2300033569336,95.35565948486328,8400000
2025-09-04,AGG,99.44000244140625,99.63999938964844,99.33999633789062,99.62999725341797,95.74005126953125,6297100
2025-09-05,AGG,100.13999938964844,100.2300033569336,100.08000183105469,100.0999984741211,96.19168853759766,7617200
2025-09-08,AGG,100.33000183105469,100.44999694824219,100.30000305175781,100.44000244140625,96.51841735839844,7202700
2025-09-09,AGG,100.37999725341797,100.45999908447266,100.16000366210938,100.23999786376953,96.32621765136719,7090000
2025-09-10,AGG,100.41000366210938,100.58999633789062,100.33999633789062,100.44000244140625,96.51841735839844,5952400
2025-09-11,AGG,100.55000305175781,100.77999877929688,100.52999877929688,100.62999725341797,96.70098876953125,6776500
2025-09-12,AGG,100.4800033569336,100.54000091552734,100.33999633789062,100.54000091552734,96.61451721191406,6525900
2025-09-15,AGG,100.66999816894531,100.73999786376953,100.62000274658203,100.70999908447266,96.77787017822266,5039000
2025-09-16,AGG,100.75,100.97000122070312,100.6500015258789,100.75,96.8163070678711,8264600
2025-09-17,AGG,100.87000274658203,101.0199966430664,100.48999786376953,100.56999969482422,96.6433334350586,7878300
2025-09-18,AGG,100.2699966430664,100.41000366210938,100.16000366210938,100.29000091552734,96.37427520751953,7123700
2025-09-19,AGG,100.30000305175781,100.36000061035156,100.20999908447266,100.29000091552734,96.37427520751953,7238500
2025-09-22,AGG,100.26000213623047,100.29000091552734,100.12000274658203,100.16999816894531,96.25895690917969,5642100
2025-09-23,AGG,100.23999786376953,100.36000061035156,100.16000366210938,100.33000183105469,96.4127197265625,8095500
2025-09-24,AGG,100.25,100.26000213623047,100.11000061035156,100.13999938964844,96.23014068603516,6610800
2025-09-25,AGG,100.0,100.05999755859375,99.8499984741211,100.0,96.09559631347656,8743500
2025-09-26,AGG,100.08999633789062,100.20999908447266,99.97000122070312,100.06999969482422,96.1628646850586,6868100
2025-09-29,AGG,100.18000030517578,100.33000183105469,100.13999938964844,100.26000213623047,96.34545135498047,7751600
2025-09-30,AGG,100.33000183105469,100.48999786376953,100.19999694824219,100.25,96.33583068847656,12400700
2025-10-01,AGG,100.18000030517578,100.26000213623047,100.02999877929688,100.18000030517578,96.5816650390625,6961300
2025-10-02,AGG,100.13999938964844,100.31999969482422,100.0999984741211,100.29000091552734,96.68773651123047,6055800
2025-10-03,AGG,100.31999969482422,100.37999725341797,100.16000366210938,100.18000030517578,96.5816650390625,5268700
2025-10-06,AGG,100.0,100.1500015258789,99.94999694824219,99.95999908447266,96.36959075927734,6950200
2025-10-07,AGG,100.08000183105469,100.2300033569336,100.0199966430664,100.12999725341797,96.5334701538086,6379200
2025-10-08,AGG,100.30999755859375,100.33000183105469,100.11000061035156,100.13999938964844,96.5431137084961,5726900
2025-10-09,AGG,100.08000183105469,100.0999984741211,100.0,100.0199966430664,96.42742156982422,5199500
2025-10-10,AGG,100.36000061035156,100.54000091552734,100.25,100.43000030517578,96.82270050048828,10204100
2025-10-13,AGG,100.45999908447266,100.62999725341797,100.36000061035156,100.62000274658203,97.00588989257812,8320400
2025-10-14,AGG,100.56999969482422,100.79000091552734,100.52999877929688,100.77999877929688,97.1601333618164,8508700
2025-10-15,AGG,100.81999969482422,100.93000030517578,100.6500015258789,100.73999786376953,97.1215591430664,6297000
2025-10-16,AGG,100.69000244140625,101.11000061035156,100.66999816894531,101.0999984741211,97.46863555908203,10035200
2025-10-17,AGG,101.01000213623047,101.01000213623047,100.86000061035156,100.95999908447266,97.33367156982422,11738900
2025-10-20,AGG,101.06999969482422,101.12999725341797,101.0199966430664,101.12999725341797,97.49755096435547,7299100
2025-10-21,AGG,101.2699966430664,101.3499984741211,101.19999694824219,101.2300033569336,97.5939712524414,12965900
2025-10-22,AGG,101.16000366210938,101.23999786376953,101.08999633789062,101.22000122070312,97.58432006835938,13263200
2025-10-23,AGG,101.11000061035156,101.16999816894531,101.01000213623047,101.04000091552734,97.4107894897461,9975000
2025-10-24,AGG,101.16999816894531,101.19999694824219,101.0199966430664,101.13999938964844,97.5072021484375,6544500
2025-10-27,AGG,101.08000183105469,101.20999908447266,100.97000122070312,101.20999908447266,97.5746841430664,8527600
2025-10-28,AGG,101.19000244140625,101.30000305175781,101.13999938964844,101.2699966430664,97.63253784179688,10300500
2025-10-29,AGG,101.25,101.25,100.76000213623047,100.79000091552734,97.16976165771484,9275700
2025-10-30,AGG,100.4800033569336,100.76000213623047,100.45999908447266,100.5999984741211,96.98658752441406,13563800
2025-10-31,AGG,100.66000366210938,100.69999694824219,100.5,100.54000091552734,96.92874908447266,13111900
2025-11-03,AGG,100.06999969482422,100.1500015258789,100.0,100.08999633789062,96.80977630615234,9042100
2025-11-04,AGG,100.1500015258789,100.27999877929688,100.12999725341797,100.13999938964844,96.85814666748047,29687500
2025-11-05,AGG,100.0999984741211,100.11000061035156,99.81999969482422,99.87000274658203,96.59698486328125,8164900
2025-11-06,AGG,100.18000030517578,100.30000305175781,100.13999938964844,100.23999786376953,96.95484924316406,7247600
2025-11-07,AGG,100.12999725341797,100.33999633789062,100.11000061035156,100.19999694824219,96.9161605834961,5708300
2025-11-10,AGG,100.19999694824219,100.2699966430664,100.0999984741211,100.16000366210938,96.87747955322266,7945000
2025-11-11,AGG,100.37999725341797,100.48999786376953,100.33000183105469,100.45999908447266,97.16765594482422,5186200
2025-11-12,AGG,100.41999816894531,100.5,100.36000061035156,100.41999816894531,97.12896728515625,6267300
2025-11-13,AGG,100.23999786376953,100.33000183105469,100.12000274658203,100.12000274658203,96.83880615234375,7541600
2025-11-14,AGG,100.30000305175781,100.33000183105469,99.9800033569336,100.0,96.72271728515625,6350400
2025-11-17,AGG,100.05000305175781,100.13999938964844,100.01000213623047,100.0199966430664,96.74207305908203,7821800
2025-11-18,AGG,100.25,100.2699966430664,100.0,100.08000183105469,96.80010986328125,7731800
2025-11-19,AGG,100.19999694824219,100.25,100.02999877929688,100.08000183105469,96.80010986328125,8951700
2025-11-20,AGG,100.18000030517578,100.27999877929688,100.13999938964844,100.19999694824219,96.9161605834961,12968000
2025-11-21,AGG,100.44999694824219,100.5,100.27999877929688,100.44000244140625,97.14830780029297,9334500
2025-11-24,AGG,100.51000213623047,100.66000366210938,100.5,100.63999938964844,97.34175872802734,7717600
2025-11-25,AGG,100.70999908447266,100.94999694824219,100.69999694824219,100.80000305175781,97.49652099609375,16788400
2025-11-26,AGG,100.77999877929688,100.97000122070312,100.66000366210938,100.95999908447266,97.6512680053711,8935000
2025-11-28,AGG,100.91000366210938,100.94000244140625,100.69999694824219,100.81999969482422,97.51585388183594,5064800
2025-12-01,AGG,100.06999969482422,100.13999938964844,100.0199966430664,100.05999755859375,97.09471130371094,7249300
2025-12-02,AGG,100.06999969482422,100.22000122070312,100.04000091552734,100.19000244140625,97.22086334228516,7972000
2025-12-03,AGG,100.30000305175781,100.38999938964844,100.20999908447266,100.37999725341797,97.40522766113281,9744400
2025-12-04,AGG,100.25,100.30999755859375,100.11000061035156,100.13999938964844,97.1723403930664,6953200
2025-12-05,AGG,100.16999816894531,100.16999816894531,99.95999908447266,100.02999877929688,97.06561279296875,6870000
2025-12-08,AGG,100.0199966430664,100.02999877929688,99.73999786376953,99.87000274658203,96.91036224365234,8039100
2025-12-09,AGG,100.04000091552734,100.04000091552734,99.7699966430664,99.77999877929688,96.82301330566406,5967900
2025-12-10,AGG,99.7699966430664,100.12999725341797,99.76000213623047,100.0999984741211,97.13352966308594,9279700
2025-12-11,AGG,100.31999969482422,100.3499984741211,100.08000183105469,100.12000274658203,97.15294647216797,9961200
2025-12-12,AGG,99.83999633789062,99.91999816894531,99.77999877929688,99.80999755859375,96.85212707519531,7588300
2025-12-15,AGG,100.01000213623047,100.08000183105469,99.87999725341797,99.91000366210938,96.94917297363281,9960300
2025-12-16,AGG,99.87000274658203,100.1500015258789,99.86000061035156,100.0999984741211,97.13352966308594,8614000
2025-12-17,AGG,100.02999877929688,100.13999938964844,100.0199966430664,100.06999969482422,97.10441589355469,12011000
2025-12-18,AGG,100.31999969482422,100.37000274658203,100.22000122070312,100.31999969482422,97.3470230102539,8191000
2025-12-19,AGG,99.88999938964844,99.94999694824219,99.80000305175781,99.83999633789062,97.2048568725586,6216400
2025-12-22,AGG,99.81999969482422,99.83000183105469,99.73999786376953,99.80000305175781,97.1659164428711,6178400
2025-12-23,AGG,99.5999984741211,99.81999969482422,99.58000183105469,99.80000305175781,97.1659164428711,9744100
2025-12-24,AGG,99.9000015258789,100.04000091552734,99.8499984741211,100.0199966430664,97.38011932373047,4483900
2025-12-26,AGG,100.12999725341797,100.1500015258789,99.97000122070312,100.04000091552734,97.39959716796875,6503700
2025-12-29,AGG,100.12000274658203,100.19000244140625,100.05999755859375,100.16000366210938,97.51642608642578,7886700
2025-12-30,AGG,100.05999755859375,100.18000030517578,100.02999877929688,100.12000274658203,97.47747802734375,7955800
2025-12-31,AGG,100.0199966430664,100.12000274658203,99.87999725341797,99.87999725341797,97.2437973022461,13535500
2026-01-02,AGG,100.0,100.01000213623047,99.80999755859375,99.8499984741211,97.21460723876953,6730300
2026-01-05,AGG,99.93000030517578,100.06999969482422,99.87999725341797,100.04000091552734,97.39959716796875,9364900
2026-01-06,AGG,99.93000030517578,100.02999877929688,99.80999755859375,100.0199966430664,97.38011932373047,8573800
2026-01-07,AGG,100.16999816894531,100.19999694824219,100.02999877929688,100.12000274658203,97.47747802734375,7151800
2026-01-08,AGG,99.94000244140625,100.01000213623047,99.91000366210938,99.94000244140625,97.30223083496094,6184100
2026-01-09,AGG,100.08000183105469,100.2699966430664,99.97000122070312,100.16000366210938,97.51642608642578,9879700
2026-01-12,AGG,100.05999755859375,100.20999908447266,100.02999877929688,100.11000061035156,97.4677505493164,9871200
2026-01-13,AGG,100.23999786376953,100.23999786376953,100.08999633789062,100.19999694824219,97.55535888671875,7561600
2026-01-14,AGG,100.2300033569336,100.41000366210938,100.2300033569336,100.3499984741211,97.70140075683594,8585300
2026-01-15,AGG,100.41999816894531,100.41999816894531,100.22000122070312,100.22000122070312,97.5748291015625,9923600
2026-01-16,AGG,100.22000122070312,100.23999786376953,100.04000091552734,100.05000305175781,97.4093246459961,10332500
2026-01-20,AGG,99.70999908447266,99.86000061035156,99.66000366210938,99.66999816894531,97.03934478759766,14336900
2026-01-21,AGG,99.7699966430664,100.02999877929688,99.72000122070312,100.0,97.36064910888672,16939600
2026-01-22,AGG,99.91000366210938,100.08000183105469,99.87000274658203,100.0199966430664,97.38011932373047,10154200
2026-01-23,AGG,100.05000305175781,100.1500015258789,99.95999908447266,100.11000061035156,97.4677505493164,8621400
2026-01-26,AGG,100.26000213623047,100.30999755859375,100.20999908447266,100.26000213623047,97.61377716064453,6526700
2026-01-27,AGG,100.25,100.33000183105469,100.16999816894531,100.19000244140625,97.54562377929688,7571800
2026-01-28,AGG,100.1500015258789,100.16999816894531,100.0,100.1500015258789,97.5066909790039,14730100
2026-01-29,AGG,100.0999984741211,100.23999786376953,100.01000213623047,100.1500015258789,97.5066909790039,10066400
2026-01-30,AGG,100.16000366210938,100.22000122070312,100.11000061035156,100.12999725341797,97.48721313476562,12469600
2026-02-02,AGG,99.83999633789062,99.8499984741211,99.66000366210938,99.69000244140625,97.37488555908203,13264100
2026-02-03,AGG,99.62000274658203,99.72000122070312,99.58999633789062,99.69999694824219,97.38465118408203,9358800
2026-02-04,AGG,99.62000274658203,99.75,99.5999984741211,99.63999938964844,97.32603454589844,12574000
2026-02-05,AGG,99.87000274658203,100.11000061035156,99.80999755859375,100.06999969482422,97.74606323242188,11442200
2026-02-06,AGG,100.08999633789062,100.13999938964844,99.9800033569336,100.12999725341797,97.8046646118164,9471900
2026-02-09,AGG,100.04000091552734,100.16999816894531,100.0,100.16000366210938,97.83396911621094,9307600
2026-02-10,AGG,100.4000015258789,100.5,100.37000274658203,100.44999694824219,98.11723327636719,8566100
2026-02-11,AGG,100.22000122070312,100.4000015258789,100.19000244140625,100.22000122070312,97.89257049560547,8484800
2026-02-12,AGG,100.4000015258789,100.69999694824219,100.38999938964844,100.66999816894531,98.33211517333984,11167500
2026-02-13,AGG,100.93000030517578,101.01000213623047,100.88999938964844,100.98999786376953,98.64469146728516,5927000
2026-02-17,AGG,101.0,101.04000091552734,100.94000244140625,101.0,98.65447235107422,6588800
2026-02-18,AGG,100.87000274658203,100.95999908447266,100.83999633789062,100.86000061035156,98.51771545410156,5460200
2026-02-19,AGG,100.79000091552734,100.94000244140625,100.7699966430664,100.87999725341797,98.53724670410156,6600700
2026-02-20,AGG,100.9000015258789,100.93000030517578,100.73999786376953,100.9000015258789,98.5567855834961,8651000
2026-02-23,AGG,100.95999908447266,101.18000030517578,100.94999694824219,101.0999984741211,98.75213623046875,9817100
2026-02-24,AGG,101.08999633789062,101.1500015258789,101.01000213623047,101.08999633789062,98.74237060546875,7890400
2026-02-25,AGG,101.01000213623047,101.12999725341797,101.01000213623047,101.04000091552734,98.69351196289062,6869000
2026-02-26,AGG,101.08999633789062,101.20999908447266,101.08000183105469,101.19999694824219,98.84980773925781,8920400
2026-02-27,AGG,101.37000274658203,101.45999908447266,101.33999633789062,101.4000015258789,99.04518127441406,9033500
2026-03-02,AGG,100.77999877929688,100.80000305175781,100.55999755859375,100.68000030517578,98.6493148803711,10358800
2026-03-03,AGG,100.26000213623047,100.70999908447266,100.23999786376953,100.56999969482422,98.54153442382812,10855000
2026-03-04,AGG,100.58000183105469,100.62000274658203,100.4800033569336,100.52999877929688,98.5023422241211,13744100
2026-03-05,AGG,100.22000122070312,100.31999969482422,100.1500015258789,100.23999786376953,98.21819305419922,8741400
2026-03-06,AGG,99.97000122070312,100.37000274658203,99.91000366210938,100.12000274658203,98.10062408447266,9356500
2026-03-09,AGG,100.08000183105469,100.4800033569336,99.95999908447266,100.44000244140625,98.4141616821289,8948500
2026-03-10,AGG,100.36000061035156,100.44000244140625,100.11000061035156,100.11000061035156,98.09081268310547,10177700
2026-03-11,AGG,99.91999816894531,100.0,99.61000061035156,99.66000366210938,97.64988708496094,5932700
2026-03-12,AGG,99.5,99.56999969482422,99.18000030517578,99.29000091552734,97.287353515625,10196000
2026-03-13,AGG,99.44999694824219,99.54000091552734,99.13999938964844,99.20999908447266,97.2089614868164,8749900
2026-03-16,AGG,99.58999633789062,99.6500015258789,99.44000244140625,99.5999984741211,97.59110260009766,6168700
2026-03-17,AGG,99.73999786376953,99.83000183105469,99.72000122070312,99.80000305175781,97.78707122802734,7377300
2026-03-18,AGG,99.66999816894531,99.73999786376953,99.37999725341797,99.37999725341797,97.37554168701172,8241300
2026-03-19,AGG,99.16000366210938,99.62000274658203,99.13999938964844,99.48999786376953,97.48331451416016,13223500
2026-03-20,AGG,99.13999938964844,99.16999816894531,98.66000366210938,98.66000366210938,96.6700668334961,14458600
2026-03-23,AGG,98.86000061035156,99.23999786376953,98.7699966430664,99.02999877929688,97.03260040283203,27624700
2026-03-24,AGG,98.62999725341797,98.97000122070312,98.56999969482422,98.76000213623047,96.7680435180664,16738600
2026-03-25,AGG,99.1500015258789,99.20999908447266,99.0,99.11000061035156,97.11099243164062,16242700
2026-03-26,AGG,98.83999633789062,98.97000122070312,98.55000305175781,98.55000305175781,96.56228637695312,12299400
2026-03-27,AGG,98.33999633789062,98.66999816894531,98.29000091552734,98.54000091552734,96.55248260498047,15511300
2026-03-30,AGG,99.02999877929688,99.19999694824219,98.94999694824219,99.04000091552734,97.04240417480469,12882500
2026-03-31,AGG,99.27999877929688,99.4800033569336,99.18000030517578,99.2699966430664,97.26775360107422,23478400
2026-04-01,AGG,98.97000122070312,99.16999816894531,98.91999816894531,99.0,97.33363342285156,20860900
2026-04-02,AGG,98.88999938964844,99.29000091552734,98.87999725341797,99.2300033569336,97.55976104736328,12024600
2026-04-06,AGG,99.0,99.16999816894531,99.0,99.05000305175781,97.3827896118164,14350300
2026-04-07,AGG,99.06999969482422,99.22000122070312,98.73999786376953,99.16999816894531,97.50076293945312,14034000
2026-04-08,AGG,99.66999816894531,99.72000122070312,99.33999633789062,99.43000030517578,97.75639343261719,8881800
2026-04-09,AGG,99.33999633789062,99.63999938964844,99.22000122070312,99.48999786376953,97.81538391113281,8004800
2026-04-10,AGG,99.45999908447266,99.48999786376953,99.30000305175781,99.31999969482422,97.64824676513672,4512200
2026-04-13,AGG,99.33000183105469,99.55999755859375,99.2699966430664,99.5199966430664,97.8448715209961,5838900
2026-04-14,AGG,99.52999877929688,99.79000091552734,99.5,99.77999877929688,98.10050201416016,5810800
2026-04-15,AGG,99.68000030517578,99.69999694824219,99.55000305175781,99.62000274658203,97.94319152832031,6536700
2026-04-16,AGG,99.7300033569336,99.75,99.41000366210938,99.4800033569336,97.80554962158203,10659900
2026-04-17,AGG,99.88999938964844,100.0,99.80999755859375,99.8499984741211,98.16931915283203,5614200
2026-04-20,AGG,99.87999725341797,99.87999725341797,99.69999694824219,99.83999633789062,98.15949249267578,5687900
2026-04-21,AGG,99.7699966430664,99.7699966430664,99.47000122070312,99.47000122070312,97.79572296142578,7583600
2026-04-22,AGG,99.7699966430664,99.7699966430664,99.58000183105469,99.61000061035156,97.93336486816406,7874000
2026-04-23,AGG,99.5999984741211,99.69999694824219,99.29000091552734,99.44999694824219,97.77605438232422,5063400
2026-04-24,AGG,99.4000015258789,99.63999938964844,99.31999969482422,99.58999633789062,97.91368865966797,4791800
2026-04-27,AGG,99.5199966430664,99.58000183105469,99.36000061035156,99.44000244140625,97.76622772216797,7852000
2026-04-28,AGG,99.33999633789062,99.41000366210938,99.2699966430664,99.4000015258789,97.72689819335938,8672900
2026-04-29,AGG,99.2300033569336,99.2300033569336,98.87999725341797,98.95999908447266,97.29429626464844,6764300
2026-04-30,AGG,99.1500015258789,99.22000122070312,99.02999877929688,99.0999984741211,97.43194580078125,13320100
2026-05-01,AGG,98.83999633789062,99.12999725341797,98.77999877929688,98.9000015258789,97.56018829345703,11661600
2026-05-04,AGG,98.7699966430664,98.80000305175781,98.41000366210938,98.58999633789062,97.2543716430664,7580400
2026-05-05,AGG,98.69999694824219,98.8499984741211,98.66000366210938,98.7699966430664,97.43193817138672,10045700
2026-05-06,AGG,99.12000274658203,99.22000122070312,99.05999755859375,99.19000244140625,97.84625244140625,6968700
2026-05-07,AGG,99.33999633789062,99.38999938964844,98.9000015258789,98.94999694824219,97.60951232910156,10903100
2026-05-08,AGG,99.20999908447266,99.26000213623047,99.12999725341797,99.18000030517578,97.83639526367188,8204700
2026-05-11,AGG,99.05000305175781,99.11000061035156,98.91999816894531,98.91999816894531,97.57991027832031,6848100
2026-05-12,AGG,98.70999908447266,98.7300033569336,98.61000061035156,98.62999725341797,97.29383850097656,6336400
2026-05-13,AGG,98.62000274658203,98.69000244140625,98.4800033569336,98.66999816894531,97.33330535888672,5396300
2026-05-14,AGG,98.86000061035156,98.88999938964844,98.62999725341797,98.63999938964844,97.30371856689453,5123900
2026-05-15,AGG,98.13999938964844,98.19999694824219,98.01000213623047,98.0199966430664,96.69210815429688,8026900
2026-05-18,AGG,98.11000061035156,98.20999908447266,97.86000061035156,98.01000213623047,96.6822509765625,7774500
2026-05-19,AGG,97.6500015258789,97.80000305175781,97.5199966430664,97.62999725341797,96.30738830566406,8945400
2026-05-20,AGG,97.69000244140625,98.27999877929688,97.66999816894531,98.22000122070312,96.889404296875,15851000
2026-05-21,AGG,97.97000122070312,98.33999633789062,97.83999633789062,98.33999633789062,97.00776672363281,7072600
2026-05-22,AGG,98.48999786376953,98.51000213623047,98.19000244140625,98.44000244140625,97.1064224243164,6948900
2026-05-26,AGG,98.77999877929688,98.8499984741211,98.61000061035156,98.72000122070312,97.38262939453125,5334500
2026-05-27,AGG,98.80999755859375,98.9000015258789,98.76000213623047,98.80000305175781,97.4615478515625,6898700
2026-05-28,AGG,98.81999969482422,99.0999984741211,98.7699966430664,99.0,97.6588363647461,10300400
2026-05-29,AGG,99.08999633789062,99.19000244140625,99.0199966430664,99.05999755859375,97.71800994873047,8936700
2026-06-01,AGG,98.44000244140625,98.69999694824219,98.36000061035156,98.68000030517578,97.66952514648438,8816600
2026-06-02,AGG,98.80000305175781,98.83999633789062,98.66000366210938,98.70999908447266,97.69921875,6863300
2026-06-03,AGG,98.51000213623047,98.58999633789062,98.41000366210938,98.5,97.49136352539062,7331000
2026-06-04,AGG,98.70999908447266,99.0,98.61000061035156,98.66000366210938,97.64973449707031,7000900
2026-06-05,AGG,98.33000183105469,98.37000274658203,98.16999816894531,98.16999816894531,97.16474151611328,13805200
2026-06-08,AGG,98.4000015258789,98.43000030517578,98.1500015258789,98.16999816894531,97.16474151611328,8965200
2026-06-09,AGG,98.33000183105469,98.41999816894531,98.22000122070312,98.37000274658203,97.36270141601562,14475600
2026-06-10,AGG,98.41999816894531,98.4800033569336,98.22000122070312,98.30999755859375,97.30331420898438,4780900
2026-06-11,AGG,98.38999938964844,98.91999816894531,98.33999633789062,98.87999725341797,97.86746978759766,7137700
2026-06-12,AGG,98.7300033569336,98.81999969482422,98.58999633789062,98.76000213623047,97.74871063232422,6316800
2026-06-15,AGG,98.95999908447266,99.02999877929688,98.81999969482422,98.8499984741211,97.83778381347656,7115800
2026-06-16,AGG,98.9000015258789,99.08999633789062,98.87999725341797,98.97000122070312,97.95655822753906,6353200
2026-06-17,AGG,99.0,99.06999969482422,98.56999969482422,98.61000061035156,97.60023498535156,9348600
2026-06-18,AGG,99.0,99.11000061035156,98.87000274658203,98.9000015258789,97.88726806640625,4635600
2026-06-22,AGG,98.73999786376953,98.7699966430664,98.58000183105469,98.62999725341797,97.62003326416016,6323300
2026-06-23,AGG,98.7300033569336,98.8499984741211,98.69999694824219,98.70999908447266,97.69921875,12089100
2026-06-24,AGG,99.0999984741211,99.23999786376953,99.06999969482422,99.19000244140625,98.17430114746094,6516700
2026-06-25,AGG,99.31999969482422,99.43000030517578,99.23999786376953,99.25,98.23368835449219,8177800
2026-06-26,AGG,99.23999786376953,99.41999816894531,99.2300033569336,99.33999633789062,98.32276916503906,9919900
2026-06-29,AGG,99.33999633789062,99.41000366210938,99.30000305175781,99.37000274658203,98.35245513916016,8163500
2026-06-30,AGG,99.30000305175781,99.30000305175781,98.94999694824219,98.9800033569336,97.9664535522461,19005200
2026-07-01,AGG,98.4800033569336,98.61000061035156,98.41999816894531,98.5,97.8184814453125,10914700
2026-07-02,AGG,98.54000091552734,98.66000366210938,98.48999786376953,98.61000061035156,97.92771911621094,8407100
2026-07-06,AGG,98.5999984741211,98.66999816894531,98.4800033569336,98.66000366210938,97.97737884521484,6837100
2026-07-07,AGG,98.45999908447266,98.48999786376953,98.16000366210938,98.20999908447266,97.53048706054688,9137100
2026-07-08,AGG,98.08000183105469,98.11000061035156,97.9000015258789,98.04000091552734,97.3616714477539,7483000
2026-07-09,AGG,98.12000274658203,98.30999755859375,98.04000091552734,98.18000030517578,97.50070190429688,9011000
2026-07-10,AGG,98.41000366210938,98.4800033569336,98.0199966430664,98.08000183105469,97.4013900756836,7745400
2026-07-13,AGG,97.93000030517578,98.0199966430664,97.70999908447266,97.70999908447266,97.03395080566406,8320100
2026-07-14,AGG,97.9800033569336,98.12999725341797,97.9000015258789,98.0,97.32194519042969,6715000
2026-07-15,AGG,98.05999755859375,98.26000213623047,98.05999755859375,98.13999938964844,97.46097564697266,11873000
2026-07-16,AGG,98.02999877929688,98.16999816894531,97.98999786376953,98.12999725341797,97.45104217529297,6691800
2026-07-17,AGG,98.31999969482422,98.4000015258789,98.18000030517578,98.19999694824219,97.52056121826172,6552200
2026-07-20,AGG,98.16999816894531,98.18000030517578,97.9000015258789,97.94999694824219,97.27229309082031,4949400
2026-07-21,AGG,97.8499984741211,97.9000015258789,97.72000122070312,97.73999786376953,97.0637435913086,9517800
2026-07-22,AGG,97.70999908447266,97.73999786376953,97.58000183105469,97.58000183105469,96.90485382080078,6313300
2026-07-23,AGG,97.31999969482422,97.4000015258789,97.2699966430664,97.33999633789062,96.66650390625,6394300
2026-07-24,AGG,97.44999694824219,97.63999938964844,97.41000366210938,97.45999908447266,96.78567504882812,5908200
2026-07-27,AGG,97.63999938964844,97.7300033569336,97.58999633789062,97.69000244140625,97.01409149169922,7042100
2026-07-28,AGG,97.79000091552734,98.01000213623047,97.7699966430664,97.91999816894531,97.24249267578125,12019400
2026-07-29,AGG,97.83000183105469,97.9000015258789,97.55000305175781,97.55000305175781,96.87506103515625,6320600
2026-07-30,AGG,97.62000274658203,97.70999908447266,97.52999877929688,97.62000274658203,96.944580078125,8661200
2026-07-31,AGG,97.4800033569336,97.48999786376953,97.23999786376953,97.37000274658203,96.69630432128906,11043400
2026-08-03,AGG,97.20999908447266,97.29000091552734,97.12000274658203,97.26000213623047,96.92351531982422,12320400
2026-08-04,AGG,97.55000305175781,97.66000366210938,97.51000213623047,97.66000366210938,97.32213592529297,10963800
2026-08-05,AGG,97.63999938964844,97.73999786376953,97.56999969482422,97.70999908447266,97.37195587158203,14451900
2026-08-06,AGG,97.56999969482422,97.58000183105469,97.3499984741211,97.43000030517578,97.09292602539062,10147000
2026-08-07,AGG,97.69000244140625,97.7300033569336,97.5,97.5999984741211,97.26233673095703,5859800
2026-08-10,AGG,97.45999908447266,97.48999786376953,97.23999786376953,97.23999786376953,96.90357971191406,5880700
2026-08-11,AGG,97.4000015258789,97.4800033569336,97.31999969482422,97.31999969482422,96.98330688476562,11241000
2026-08-12,AGG,97.56999969482422,97.62000274658203,97.38999938964844,97.43000030517578,97.09292602539062,5970200
2026-08-13,AGG,97.72000122070312,97.88999938964844,97.6500015258789,97.69000244140625,97.3520278930664,9596800
2026-08-14,AGG,97.6500015258789,97.7300033569336,97.41000366210938,97.4800033569336,97.14276123046875,7183600
2026-08-17,AGG,97.37999725341797,97.47000122070312,97.2300033569336,97.25,96.9135513305664,10229000
2026-08-18,AGG,97.19000244140625,97.38999938964844,97.13999938964844,97.3499984741211,97.0132064819336,5965700
2026-08-19,AGG,97.75,97.81999969482422,97.56999969482422,97.81999969482422,97.48157501220703,6951900
2026-08-20,AGG,97.48999786376953,97.63999938964844,97.43000030517578,97.48999786376953,97.15271759033203,5695800
2026-08-21,AGG,97.45999908447266,97.48999786376953,97.31999969482422,97.3499984741211,97.0132064819336,5954300
2026-08-24,AGG,97.48999786376953,97.62999725341797,97.45999908447266,97.55000305175781,97.21251678466797,5010700
2026-08-25,AGG,97.79000091552734,98.01000213623047,97.76000213623047,98.01000213623047,97.6709213256836,5576000
2026-08-26,AGG,97.86000061035156,97.87999725341797,97.76000213623047,97.86000061035156,97.52143859863281,5930400
2026-08-27,AGG,97.86000061035156,97.91999816894531,97.73999786376953,97.83000183105469,97.49154663085938,6002600
2026-08-28,AGG,97.75,97.95999908447266,97.4800033569336,97.48999786376953,97.15271759033203,9906300
2026-08-31,AGG,97.41000366210938,97.41999816894531,97.30000305175781,97.41000366210938,97.072998046875,11784900
2026-09-01,AGG,96.87999725341797,97.05000305175781,96.75,96.7699966430664,96.7699966430664,8665500
2026-09-02,AGG,96.83999633789062,96.86000061035156,96.72000122070312,96.83999633789062,96.83999633789062,11775000
2026-09-03,AGG,97.11000061035156,97.16000366210938,96.94000244140625,96.94999694824219,96.94999694824219,6727200
2026-09-04,AGG,97.0,97.11000061035156,96.94999694824219,97.0,97.0,7809100
2026-09-08,AGG,97.04000091552734,97.05000305175781,96.81999969482422,96.9000015258789,96.9000015258789,6017300
2026-09-09,AGG,96.8499984741211,96.93000030517578,96.5999984741211,96.68000030517578,96.68000030517578,8217800
2026-09-10,AGG,96.26000213623047,96.36000061035156,96.04000091552734,96.05000305175781,96.05000305175781,13035600
2026-09-11,AGG,96.26000213623047,96.30999755859375,95.94000244140625,95.9800033569336,95.9800033569336,7338700
2026-09-14,AGG,95.87999725341797,96.16000366210938,95.7300033569336,95.88999938964844,95.88999938964844,15495400
2026-09-15,AGG,95.8499984741211,95.9000015258789,95.77999877929688,95.8499984741211,95.8499984741211,12242400
2026-09-16,AGG,96.0199966430664,96.2300033569336,95.79000091552734,95.80999755859375,95.80999755859375,9608600
2026-09-17,AGG,96.20999908447266,96.33000183105469,96.12000274658203,96.33000183105469,96.33000183105469,8034700
2026-09-18,AGG,96.06999969482422,96.06999969482422,95.93000030517578,95.95999908447266,95.95999908447266,6148500
2026-09-21,AGG,96.19999694824219,96.23999786376953,96.11000061035156,96.20999908447266,96.20999908447266,9197400
