date,ticker,open,high,low,close,adj_close,volume
2006-02-06,DBC,24.549999237060547,24.65999984741211,24.100000381469727,24.200000762939453,19.185096740722656,771500
2006-02-07,DBC,24.049999237060547,24.200000762939453,23.450000762939453,23.5,18.630157470703125,674400
2006-02-08,DBC,23.489999771118164,23.670000076293945,23.329999923706055,23.399999618530273,18.550878524780273,335400
2006-02-09,DBC,23.559999465942383,23.81999969482422,23.510000228881836,23.6200008392334,18.725292205810547,705900
2006-02-10,DBC,23.649999618530273,23.690000534057617,23.100000381469727,23.190000534057617,18.3843994140625,276700
2006-02-13,DBC,23.190000534057617,23.200000762939453,22.770000457763672,22.829999923706055,18.099000930786133,237600
2006-02-14,DBC,22.799999237060547,22.829999923706055,22.610000610351562,22.639999389648438,17.9483699798584,256400
2006-02-15,DBC,22.700000762939453,22.729999542236328,22.239999771118164,22.309999465942383,17.68675422668457,404800
2006-02-16,DBC,22.329999923706055,22.6200008392334,22.25,22.579999923706055,17.90080451965332,463600
2006-02-17,DBC,22.719999313354492,22.920000076293945,22.68000030517578,22.899999618530273,18.154497146606445,467700
2006-02-21,DBC,23.350000381469727,23.399999618530273,23.100000381469727,23.280000686645508,18.455747604370117,714100
2006-02-22,DBC,23.149999618530273,23.299999237060547,22.850000381469727,22.899999618530273,18.154497146606445,543900
2006-02-23,DBC,22.850000381469727,23.100000381469727,22.639999389648438,22.81999969482422,18.09107208251953,380400
2006-02-24,DBC,23.200000762939453,23.450000762939453,23.0,23.440000534057617,18.582590103149414,535300
2006-02-27,DBC,23.200000762939453,23.25,22.920000076293945,22.979999542236328,18.21791648864746,664500
2006-02-28,DBC,23.049999237060547,23.299999237060547,22.860000610351562,23.290000915527344,18.46367645263672,579700
2006-03-01,DBC,23.280000686645508,23.280000686645508,23.049999237060547,23.239999771118164,18.424036026000977,270500
2006-03-02,DBC,23.360000610351562,23.719999313354492,23.270000457763672,23.65999984741211,18.756999969482422,885900
2006-03-03,DBC,23.770000457763672,23.889999389648438,23.559999465942383,23.8799991607666,18.93140983581543,362900
2006-03-06,DBC,23.75,23.75,23.25,23.5,18.630157470703125,588300
2006-03-07,DBC,23.299999237060547,23.34000015258789,22.969999313354492,23.09000015258789,18.30512046813965,341300
2006-03-08,DBC,22.780000686645508,22.899999618530273,22.530000686645508,22.719999313354492,18.01179313659668,243700
2006-03-09,DBC,22.850000381469727,22.989999771118164,22.729999542236328,22.950000762939453,18.19413185119629,413100
2006-03-10,DBC,22.729999542236328,22.940000534057617,22.530000686645508,22.850000381469727,18.114852905273438,398800
2006-03-13,DBC,22.850000381469727,23.15999984741211,22.690000534057617,23.149999618530273,18.352685928344727,328800
2006-03-14,DBC,23.139999389648438,23.530000686645508,23.079999923706055,23.489999771118164,18.622228622436523,331700
2006-03-15,DBC,23.469999313354492,23.540000915527344,23.15999984741211,23.229999542236328,18.416109085083008,566900
2006-03-16,DBC,23.229999542236328,23.479999542236328,23.09000015258789,23.43000030517578,18.574665069580078,642100
2006-03-17,DBC,23.469999313354492,23.520000457763672,23.25,23.31999969482422,18.48746109008789,324200
2006-03-20,DBC,23.219999313354492,23.350000381469727,22.760000228881836,22.84000015258789,18.1069278717041,495500
2006-03-21,DBC,22.799999237060547,23.040000915527344,22.649999618530273,22.920000076293945,18.170347213745117,412200
2006-03-22,DBC,23.0,23.049999237060547,22.760000228881836,22.8799991607666,18.138639450073242,283800
2006-03-23,DBC,22.950000762939453,23.270000457763672,22.799999237060547,23.270000457763672,18.447818756103516,224500
2006-03-24,DBC,23.219999313354492,23.389999389648438,23.1299991607666,23.219999313354492,18.408180236816406,310800
2006-03-27,DBC,23.280000686645508,23.43000030517578,23.200000762939453,23.360000610351562,18.519166946411133,147300
2006-03-28,DBC,23.389999389648438,23.68000030517578,23.389999389648438,23.65999984741211,18.756999969482422,355200
2006-03-29,DBC,23.6200008392334,23.81999969482422,23.549999237060547,23.81999969482422,18.88384437561035,319600
2006-03-30,DBC,23.81999969482422,24.18000030517578,23.81999969482422,24.110000610351562,19.11374855041504,603700
2006-03-31,DBC,23.940000534057617,24.06999969482422,23.700000762939453,23.940000534057617,18.97897720336914,402600
2006-04-03,DBC,24.18000030517578,24.34000015258789,24.0,24.049999237060547,19.066184997558594,406400
2006-04-04,DBC,23.940000534057617,23.989999771118164,23.75,23.920000076293945,18.96312141418457,201400
2006-04-05,DBC,24.0,24.200000762939453,23.950000762939453,24.06999969482422,19.082035064697266,297300
2006-04-06,DBC,24.329999923706055,24.559999465942383,24.329999923706055,24.5,19.422931671142578,619900
2006-04-07,DBC,24.350000381469727,24.43000030517578,24.149999618530273,24.389999389648438,19.335725784301758,415600
2006-04-10,DBC,24.690000534057617,24.850000381469727,24.510000228881836,24.84000015258789,19.69247055053711,497100
2006-04-11,DBC,24.850000381469727,24.950000762939453,24.600000381469727,24.940000534057617,19.771751403808594,537900
2006-04-12,DBC,24.920000076293945,25.079999923706055,24.75,24.889999389648438,19.73211097717285,517700
2006-04-13,DBC,24.75,25.049999237060547,24.649999618530273,25.049999237060547,19.858951568603516,233200
2006-04-17,DBC,25.200000762939453,25.350000381469727,25.079999923706055,25.31999969482422,20.0730037689209,526600
2006-04-18,DBC,25.3799991607666,25.709999084472656,25.309999465942383,25.649999618530273,20.334619522094727,886800
2006-04-19,DBC,25.690000534057617,26.0,25.549999237060547,25.899999618530273,20.532808303833008,558500
2006-04-20,DBC,25.8799991607666,25.8799991607666,25.299999237060547,25.600000381469727,20.294981002807617,640100
2006-04-21,DBC,25.670000076293945,26.209999084472656,25.510000228881836,26.139999389648438,20.72307586669922,559000
2006-04-24,DBC,25.989999771118164,26.09000015258789,25.559999465942383,25.6200008392334,20.310832977294922,481900
2006-04-25,DBC,25.829999923706055,25.899999618530273,25.520000457763672,25.700000762939453,20.37425422668457,550700
2006-04-26,DBC,25.729999542236328,25.899999618530273,25.549999237060547,25.600000381469727,20.294981002807617,493900
2006-04-27,DBC,25.450000762939453,25.510000228881836,25.1200008392334,25.200000762939453,19.977869033813477,427100
2006-04-28,DBC,25.450000762939453,25.770000457763672,25.360000610351562,25.6200008392334,20.310832977294922,453800
2006-05-01,DBC,25.739999771118164,26.049999237060547,25.670000076293945,25.899999618530273,20.532808303833008,571700
2006-05-02,DBC,26.139999389648438,26.25,25.979999542236328,26.200000762939453,20.770645141601562,516300
2006-05-03,DBC,26.190000534057617,26.219999313354492,25.600000381469727,25.729999542236328,20.398040771484375,422000
2006-05-04,DBC,25.59000015258789,25.799999237060547,25.25,25.420000076293945,20.152280807495117,445500
2006-05-05,DBC,25.6299991607666,25.770000457763672,25.5,25.700000762939453,20.37425422668457,377300
2006-05-08,DBC,25.399999618530273,25.6299991607666,25.149999618530273,25.6299991607666,20.31875991821289,342900
2006-05-09,DBC,25.84000015258789,26.200000762939453,25.799999237060547,26.030000686645508,20.635873794555664,1164700
2006-05-10,DBC,26.1299991607666,26.68000030517578,26.030000686645508,26.68000030517578,21.151174545288086,757600
2006-05-11,DBC,27.170000076293945,27.170000076293945,26.809999465942383,26.940000534057617,21.357295989990234,1037600
2006-05-12,DBC,27.0,27.149999618530273,26.719999313354492,26.850000381469727,21.285945892333984,1040100
2006-05-15,DBC,26.1200008392334,26.209999084472656,25.799999237060547,25.940000534057617,20.564523696899414,685200
2006-05-16,DBC,25.950000762939453,26.290000915527344,25.809999465942383,26.020000457763672,20.627946853637695,602500
2006-05-17,DBC,26.25,26.25,25.6299991607666,25.979999542236328,20.59623146057129,785100
2006-05-18,DBC,25.889999389648438,26.0,25.729999542236328,25.989999771118164,20.60416030883789,263100
2006-05-19,DBC,25.549999237060547,25.600000381469727,25.200000762939453,25.420000076293945,20.152280807495117,724900
2006-05-22,DBC,25.100000381469727,25.6299991607666,25.100000381469727,25.6200008392334,20.310832977294922,863900
2006-05-23,DBC,25.93000030517578,26.270000457763672,25.850000381469727,26.020000457763672,20.627946853637695,855100
2006-05-24,DBC,25.729999542236328,25.809999465942383,25.25,25.360000610351562,20.10471534729004,402700
2006-05-25,DBC,25.450000762939453,25.799999237060547,25.360000610351562,25.799999237060547,20.453533172607422,324200
2006-05-26,DBC,25.8700008392334,26.200000762939453,25.739999771118164,26.049999237060547,20.65172576904297,333400
2006-05-30,DBC,26.1299991607666,26.170000076293945,25.760000228881836,25.90999984741211,20.540739059448242,429400
2006-05-31,DBC,25.75,25.84000015258789,25.229999542236328,25.520000457763672,20.231557846069336,337500
2006-06-01,DBC,25.200000762939453,25.520000457763672,24.899999618530273,25.209999084472656,19.985797882080078,584800
2006-06-02,DBC,25.399999618530273,25.860000610351562,25.299999237060547,25.709999084472656,20.382184982299805,349300
2006-06-05,DBC,25.770000457763672,25.920000076293945,25.549999237060547,25.639999389648438,20.326688766479492,492100
2006-06-06,DBC,25.399999618530273,25.5,25.200000762939453,25.420000076293945,20.152280807495117,329000
2006-06-07,DBC,25.299999237060547,25.350000381469727,25.100000381469727,25.25,20.01750946044922,176800
2006-06-08,DBC,25.010000228881836,25.059999465942383,24.700000762939453,24.979999542236328,19.80345916748047,722700
2006-06-09,DBC,25.149999618530273,25.299999237060547,25.0,25.020000457763672,19.835172653198242,343800
2006-06-12,DBC,25.18000030517578,25.280000686645508,24.649999618530273,24.719999313354492,19.59733772277832,362400
2006-06-13,DBC,24.299999237060547,24.549999237060547,24.0,24.049999237060547,19.066184997558594,900600
2006-06-14,DBC,24.049999237060547,24.25,24.0,24.040000915527344,19.05825424194336,265700
2006-06-15,DBC,24.299999237060547,24.43000030517578,24.170000076293945,24.299999237060547,19.264375686645508,289100
2006-06-16,DBC,24.209999084472656,24.350000381469727,24.0,24.350000381469727,19.304014205932617,202400
2006-06-19,DBC,24.09000015258789,24.170000076293945,23.84000015258789,23.899999618530273,18.947267532348633,178200
2006-06-20,DBC,24.010000228881836,24.139999389648438,23.899999618530273,24.100000381469727,19.10582160949707,318000
2006-06-21,DBC,24.049999237060547,24.5,23.969999313354492,24.450000762939453,19.383291244506836,302100
2006-06-22,DBC,24.43000030517578,24.530000686645508,24.309999465942383,24.440000534057617,19.375362396240234,171900
2006-06-23,DBC,24.219999313354492,24.5,24.219999313354492,24.389999389648438,19.335725784301758,151400
2006-06-26,DBC,24.360000610351562,24.700000762939453,24.200000762939453,24.65999984741211,19.549776077270508,150400
2006-06-27,DBC,24.68000030517578,24.8700008392334,24.520000457763672,24.75,19.621124267578125,227800
2006-06-28,DBC,24.670000076293945,24.770000457763672,24.43000030517578,24.649999618530273,19.54184341430664,205500
2006-06-29,DBC,24.760000228881836,25.190000534057617,24.729999542236328,25.190000534057617,19.969942092895508,346300
2006-06-30,DBC,25.280000686645508,25.450000762939453,25.280000686645508,25.299999237060547,20.05714988708496,405600
2006-07-03,DBC,25.649999618530273,25.989999771118164,25.420000076293945,25.969999313354492,20.588302612304688,144500
2006-07-05,DBC,25.549999237060547,25.790000915527344,25.5,25.770000457763672,20.429752349853516,998200
2006-07-06,DBC,25.770000457763672,25.940000534057617,25.600000381469727,25.940000534057617,20.564523696899414,675800
2006-07-07,DBC,25.940000534057617,25.940000534057617,25.649999618530273,25.75,20.413896560668945,391300
2006-07-10,DBC,25.649999618530273,25.760000228881836,25.459999084472656,25.56999969482422,20.271198272705078,204700
2006-07-11,DBC,25.989999771118164,26.18000030517578,25.860000610351562,26.1299991607666,20.715147018432617,232800
2006-07-12,DBC,26.299999237060547,26.399999618530273,25.950000762939453,26.389999389648438,20.9212703704834,395000
2006-07-13,DBC,26.43000030517578,26.530000686645508,26.270000457763672,26.3799991607666,20.913341522216797,418000
2006-07-14,DBC,26.700000762939453,26.739999771118164,26.329999923706055,26.5,21.008474349975586,462800
2006-07-17,DBC,26.31999969482422,26.489999771118164,25.809999465942383,25.899999618530273,20.532808303833008,191500
2006-07-18,DBC,26.09000015258789,26.260000228881836,25.549999237060547,25.739999771118164,20.40597152709961,206100
2006-07-19,DBC,25.670000076293945,25.829999923706055,25.25,25.829999923706055,20.477317810058594,236400
2006-07-20,DBC,25.989999771118164,26.100000381469727,25.440000534057617,25.559999465942383,20.263269424438477,293100
2006-07-21,DBC,25.700000762939453,25.700000762939453,25.280000686645508,25.489999771118164,20.207773208618164,151700
2006-07-24,DBC,25.3700008392334,25.600000381469727,25.110000610351562,25.600000381469727,20.294981002807617,214300
2006-07-25,DBC,25.690000534057617,25.739999771118164,25.200000762939453,25.3799991607666,20.12057113647461,428100
2006-07-26,DBC,25.229999542236328,25.579999923706055,25.18000030517578,25.209999084472656,19.985797882080078,225200
2006-07-27,DBC,25.700000762939453,25.780000686645508,25.5,25.700000762939453,20.37425422668457,155900
2006-07-28,DBC,25.700000762939453,25.75,25.25,25.610000610351562,20.302907943725586,180700
2006-07-31,DBC,25.700000762939453,25.8700008392334,25.440000534057617,25.860000610351562,20.501100540161133,241400
2006-08-01,DBC,25.899999618530273,26.049999237060547,25.760000228881836,25.979999542236328,20.59623146057129,200300
2006-08-02,DBC,26.149999618530273,26.399999618530273,26.1200008392334,26.329999923706055,20.873701095581055,642000
2006-08-03,DBC,26.0,26.110000610351562,25.81999969482422,26.079999923706055,20.67551040649414,181000
2006-08-04,DBC,26.149999618530273,26.170000076293945,25.809999465942383,26.049999237060547,20.65172576904297,136900
2006-08-07,DBC,26.139999389648438,26.459999084472656,26.139999389648438,26.459999084472656,20.976762771606445,293200
2006-08-08,DBC,26.18000030517578,26.299999237060547,25.950000762939453,26.09000015258789,20.683439254760742,243800
2006-08-09,DBC,26.1299991607666,26.34000015258789,26.0,26.1299991607666,20.715147018432617,217000
2006-08-10,DBC,25.969999313354492,25.979999542236328,25.56999969482422,25.790000915527344,20.445606231689453,347100
2006-08-11,DBC,25.889999389648438,25.920000076293945,25.350000381469727,25.540000915527344,20.247413635253906,179500
2006-08-14,DBC,25.25,25.34000015258789,25.079999923706055,25.299999237060547,20.05714988708496,123400
2006-08-15,DBC,25.309999465942383,25.389999389648438,25.170000076293945,25.34000015258789,20.088857650756836,247200
2006-08-16,DBC,25.299999237060547,25.329999923706055,25.010000228881836,25.06999969482422,19.87480926513672,228200
2006-08-17,DBC,24.84000015258789,24.950000762939453,24.5,24.68000030517578,19.565629959106445,617000
2006-08-18,DBC,24.829999923706055,24.850000381469727,24.559999465942383,24.809999465942383,19.668689727783203,180900
2006-08-21,DBC,24.829999923706055,25.010000228881836,24.760000228881836,25.010000228881836,19.827241897583008,259800
2006-08-22,DBC,24.979999542236328,25.020000457763672,24.850000381469727,24.969999313354492,19.7955322265625,281500
2006-08-23,DBC,24.920000076293945,24.920000076293945,24.6299991607666,24.709999084472656,19.58941078186035,322600
2006-08-24,DBC,24.829999923706055,25.06999969482422,24.770000457763672,25.06999969482422,19.87480926513672,241700
2006-08-25,DBC,25.219999313354492,25.299999237060547,25.020000457763672,25.059999465942383,19.866880416870117,145700
2006-08-28,DBC,24.940000534057617,25.030000686645508,24.56999969482422,24.670000076293945,19.55770492553711,354700
2006-08-29,DBC,24.6200008392334,24.700000762939453,24.5,24.6299991607666,19.52598762512207,230800
2006-08-30,DBC,24.639999389648438,25.0,24.459999084472656,25.0,19.819316864013672,122500
2006-08-31,DBC,24.979999542236328,25.100000381469727,24.75,25.0,19.819316864013672,158200
2006-09-01,DBC,25.030000686645508,25.059999465942383,24.770000457763672,24.950000762939453,19.779680252075195,240500
2006-09-05,DBC,24.8700008392334,25.100000381469727,24.739999771118164,24.90999984741211,19.747966766357422,261500
2006-09-06,DBC,24.799999237060547,24.979999542236328,24.600000381469727,24.780000686645508,19.644906997680664,147000
2006-09-07,DBC,24.700000762939453,24.790000915527344,24.549999237060547,24.700000762939453,19.581485748291016,97400
2006-09-08,DBC,24.6299991607666,24.65999984741211,24.399999618530273,24.5,19.422931671142578,197400
2006-09-11,DBC,24.020000457763672,24.1299991607666,23.799999237060547,23.93000030517578,18.971050262451172,541600
2006-09-12,DBC,23.799999237060547,23.899999618530273,23.34000015258789,23.549999237060547,18.6697940826416,318300
2006-09-13,DBC,23.510000228881836,23.700000762939453,23.3700008392334,23.489999771118164,18.622228622436523,384000
2006-09-14,DBC,23.670000076293945,23.670000076293945,23.18000030517578,23.350000381469727,18.511240005493164,288700
2006-09-15,DBC,23.299999237060547,23.5,23.06999969482422,23.280000686645508,18.455747604370117,616300
2006-09-18,DBC,23.450000762939453,23.700000762939453,23.31999969482422,23.559999465942383,18.67772102355957,345600
2006-09-19,DBC,23.600000381469727,23.68000030517578,23.1200008392334,23.209999084472656,18.400249481201172,490700
2006-09-20,DBC,23.190000534057617,23.200000762939453,22.860000610351562,23.06999969482422,18.289264678955078,511000
2006-09-21,DBC,23.020000457763672,23.5,23.020000457763672,23.469999313354492,18.606374740600586,422000
2006-09-22,DBC,23.489999771118164,23.489999771118164,23.1299991607666,23.200000762939453,18.39232635498047,296500
2006-09-25,DBC,22.899999618530273,23.3700008392334,22.8700008392334,23.25,18.431964874267578,1037000
2006-09-26,DBC,23.299999237060547,23.5,23.149999618530273,23.350000381469727,18.511240005493164,195200
2006-09-27,DBC,23.399999618530273,23.700000762939453,23.1200008392334,23.700000762939453,18.788711547851562,296900
2006-09-28,DBC,23.790000915527344,24.049999237060547,23.639999389648438,23.889999389648438,18.939340591430664,185800
2006-09-29,DBC,23.850000381469727,23.959999084472656,23.559999465942383,23.950000762939453,18.986907958984375,884300
2006-10-02,DBC,24.0,24.110000610351562,23.600000381469727,23.690000534057617,18.780786514282227,170700
2006-10-03,DBC,23.510000228881836,23.510000228881836,23.18000030517578,23.299999237060547,18.471599578857422,193100
2006-10-04,DBC,23.15999984741211,23.520000457763672,22.829999923706055,23.469999313354492,18.606374740600586,872600
2006-10-05,DBC,23.75,23.790000915527344,23.3799991607666,23.600000381469727,18.709434509277344,353500
2006-10-06,DBC,23.600000381469727,23.700000762939453,23.329999923706055,23.690000534057617,18.780786514282227,360200
2006-10-09,DBC,23.790000915527344,24.479999542236328,23.790000915527344,24.350000381469727,19.304014205932617,396900
2006-10-10,DBC,23.700000762939453,24.0,23.43000030517578,23.700000762939453,18.788711547851562,396700
2006-10-11,DBC,23.5,23.75,23.299999237060547,23.3799991607666,18.53502082824707,424000
2006-10-12,DBC,23.299999237060547,23.860000610351562,23.299999237060547,23.639999389648438,18.74114418029785,284100
2006-10-13,DBC,23.8799991607666,24.399999618530273,23.81999969482422,24.149999618530273,19.145458221435547,285200
2006-10-16,DBC,24.280000686645508,24.3799991607666,23.950000762939453,24.360000610351562,19.311941146850586,578600
2006-10-17,DBC,24.739999771118164,24.739999771118164,24.18000030517578,24.3799991607666,19.32779884338379,598600
2006-10-18,DBC,24.350000381469727,24.479999542236328,23.799999237060547,23.989999771118164,19.018613815307617,345300
2006-10-19,DBC,24.15999984741211,24.469999313354492,24.030000686645508,24.389999389648438,19.335725784301758,187300
2006-10-20,DBC,24.399999618530273,24.399999618530273,23.799999237060547,24.049999237060547,19.066184997558594,514900
2006-10-23,DBC,23.809999465942383,24.149999618530273,23.649999618530273,24.100000381469727,19.10582160949707,645800
2006-10-24,DBC,24.059999465942383,24.309999465942383,23.799999237060547,24.270000457763672,19.240589141845703,226500
2006-10-25,DBC,24.270000457763672,24.75,24.15999984741211,24.700000762939453,19.581485748291016,200300
2006-10-26,DBC,24.68000030517578,24.709999084472656,24.34000015258789,24.530000686645508,19.446714401245117,243800
2006-10-27,DBC,24.700000762939453,24.700000762939453,24.309999465942383,24.600000381469727,19.502206802368164,380900
2006-10-30,DBC,24.549999237060547,24.59000015258789,24.25,24.34000015258789,19.296085357666016,393100
2006-10-31,DBC,24.25,24.260000228881836,23.950000762939453,24.190000534057617,19.177169799804688,127200
2006-11-01,DBC,24.149999618530273,24.549999237060547,24.010000228881836,24.5,19.422931671142578,160400
2006-11-02,DBC,24.479999542236328,24.700000762939453,24.25,24.31999969482422,19.280231475830078,640300
2006-11-03,DBC,24.540000915527344,24.75,24.389999389648438,24.6200008392334,19.518064498901367,195900
2006-11-06,DBC,24.700000762939453,25.06999969482422,24.649999618530273,25.049999237060547,19.858951568603516,282600
2006-11-07,DBC,25.09000015258789,25.09000015258789,24.81999969482422,24.989999771118164,19.81138801574707,170800
2006-11-08,DBC,24.899999618530273,25.09000015258789,24.760000228881836,24.959999084472656,19.78760528564453,257400
2006-11-09,DBC,25.399999618530273,25.399999618530273,25.0,25.290000915527344,20.049222946166992,394000
2006-11-10,DBC,25.079999923706055,25.110000610351562,24.6200008392334,24.760000228881836,19.629051208496094,194400
2006-11-13,DBC,24.649999618530273,24.68000030517578,24.5,24.579999923706055,19.48635482788086,222600
2006-11-14,DBC,24.559999465942383,24.799999237060547,24.549999237060547,24.649999618530273,19.54184341430664,189900
2006-11-15,DBC,24.559999465942383,24.950000762939453,24.559999465942383,24.84000015258789,19.69247055053711,235500
2006-11-16,DBC,24.84000015258789,24.969999313354492,24.149999618530273,24.219999313354492,19.20095443725586,315400
2006-11-17,DBC,24.110000610351562,24.530000686645508,24.0,24.520000457763672,19.43878746032715,217200
2006-11-20,DBC,24.520000457763672,24.700000762939453,24.270000457763672,24.43000030517578,19.367435455322266,413200
2006-11-21,DBC,24.600000381469727,24.75,24.540000915527344,24.65999984741211,19.549776077270508,263500
2006-11-22,DBC,24.850000381469727,24.93000030517578,24.420000076293945,24.75,19.621124267578125,170700
2006-11-24,DBC,24.850000381469727,25.09000015258789,24.81999969482422,25.09000015258789,19.89066505432129,63700
2006-11-27,DBC,25.149999618530273,25.290000915527344,24.989999771118164,25.15999984741211,19.94615936279297,165700
2006-11-28,DBC,25.1200008392334,25.239999771118164,25.059999465942383,25.229999542236328,20.00165367126465,156800
2006-11-29,DBC,25.020000457763672,25.56999969482422,25.0,25.549999237060547,20.255340576171875,422700
2006-11-30,DBC,25.729999542236328,25.899999618530273,25.610000610351562,25.780000686645508,20.43767738342285,347000
2006-12-01,DBC,25.850000381469727,25.950000762939453,25.639999389648438,25.770000457763672,20.429752349853516,295800
2006-12-04,DBC,25.799999237060547,25.799999237060547,25.40999984741211,25.649999618530273,20.334619522094727,249000
2006-12-05,DBC,25.790000915527344,25.8799991607666,25.40999984741211,25.729999542236328,20.398040771484375,161900
2006-12-06,DBC,25.440000534057617,25.579999923706055,25.299999237060547,25.389999389648438,20.128498077392578,227700
2006-12-07,DBC,25.280000686645508,25.3799991607666,25.079999923706055,25.299999237060547,20.05714988708496,137000
2006-12-08,DBC,25.399999618530273,25.5,25.100000381469727,25.100000381469727,19.89859390258789,231100
2006-12-11,DBC,25.100000381469727,25.260000228881836,24.979999542236328,25.139999389648438,19.93030548095703,321000
2006-12-12,DBC,25.1200008392334,25.290000915527344,25.0,25.100000381469727,19.89859390258789,114500
2006-12-13,DBC,25.0,25.1299991607666,24.950000762939453,25.110000610351562,19.906522750854492,126400
2006-12-14,DBC,25.350000381469727,25.549999237060547,25.25,25.399999618530273,20.136425018310547,190500
2006-12-15,DBC,25.5,25.520000457763672,25.25,25.520000457763672,20.231557846069336,233700
2006-12-18,DBC,24.6299991607666,24.65999984741211,24.25,24.469999313354492,19.874195098876953,250200
2006-12-19,DBC,24.389999389648438,24.780000686645508,24.190000534057617,24.760000228881836,20.109731674194336,294800
2006-12-20,DBC,24.770000457763672,24.8799991607666,24.68000030517578,24.809999465942383,20.150341033935547,313500
2006-12-21,DBC,24.850000381469727,24.850000381469727,24.469999313354492,24.559999465942383,19.947290420532227,285100
2006-12-22,DBC,24.65999984741211,24.899999618530273,24.579999923706055,24.75,20.101608276367188,202900
2006-12-26,DBC,24.829999923706055,24.8799991607666,24.309999465942383,24.3700008392334,19.79297637939453,210500
2006-12-27,DBC,24.5,24.559999465942383,24.299999237060547,24.299999237060547,19.736122131347656,152200
2006-12-28,DBC,24.469999313354492,24.579999923706055,24.329999923706055,24.479999542236328,19.8823184967041,319600
2006-12-29,DBC,24.420000076293945,24.639999389648438,24.25,24.579999923706055,19.963537216186523,276300
2007-01-03,DBC,24.270000457763672,24.34000015258789,23.68000030517578,23.799999237060547,19.33003044128418,746800
2007-01-04,DBC,23.549999237060547,23.700000762939453,23.059999465942383,23.18000030517578,18.826475143432617,428900
2007-01-05,DBC,23.049999237060547,23.350000381469727,22.850000381469727,23.100000381469727,18.76150131225586,369800
2007-01-08,DBC,23.5,23.559999465942383,22.989999771118164,23.219999313354492,18.858963012695312,275200
2007-01-09,DBC,22.649999618530273,23.139999389648438,22.479999542236328,23.020000457763672,18.69652557373047,675600
2007-01-10,DBC,22.829999923706055,22.940000534057617,22.6200008392334,22.68000030517578,18.42038345336914,285900
2007-01-11,DBC,22.600000381469727,23.0,22.299999237060547,22.649999618530273,18.396015167236328,489700
2007-01-12,DBC,22.649999618530273,23.200000762939453,22.5,23.18000030517578,18.826475143432617,324300
2007-01-16,DBC,23.049999237060547,23.100000381469727,22.350000381469727,22.649999618530273,18.396015167236328,467900
2007-01-17,DBC,22.549999237060547,22.920000076293945,22.360000610351562,22.850000381469727,18.558454513549805,291200
2007-01-18,DBC,22.950000762939453,23.040000915527344,22.399999618530273,22.610000610351562,18.363529205322266,409700
2007-01-19,DBC,22.899999618530273,22.979999542236328,22.399999618530273,22.950000762939453,18.63967514038086,226700
2007-01-22,DBC,23.079999923706055,23.299999237060547,22.700000762939453,22.969999313354492,18.65591812133789,303400
2007-01-23,DBC,23.200000762939453,23.700000762939453,23.059999465942383,23.700000762939453,19.248811721801758,483800
2007-01-24,DBC,23.549999237060547,23.6299991607666,23.18000030517578,23.5,19.086376190185547,279000
2007-01-25,DBC,23.59000015258789,23.700000762939453,23.280000686645508,23.290000915527344,18.915817260742188,366200
2007-01-26,DBC,23.479999542236328,23.600000381469727,23.350000381469727,23.579999923706055,19.151351928710938,304000
2007-01-29,DBC,23.399999618530273,23.450000762939453,22.989999771118164,23.100000381469727,18.76150131225586,367400
2007-01-30,DBC,23.100000381469727,23.75,23.049999237060547,23.739999771118164,19.281299591064453,346900
2007-01-31,DBC,23.68000030517578,24.010000228881836,23.5,23.989999771118164,19.484346389770508,298400
2007-02-01,DBC,24.149999618530273,24.299999237060547,23.809999465942383,23.899999618530273,19.411251068115234,410000
2007-02-02,DBC,23.84000015258789,24.209999084472656,23.68000030517578,24.209999084472656,19.663026809692383,212800
2007-02-05,DBC,24.3700008392334,24.399999618530273,24.0,24.1299991607666,19.598051071166992,271500
2007-02-06,DBC,24.239999771118164,24.25,23.8700008392334,24.010000228881836,19.50058937072754,473500
2007-02-07,DBC,23.950000762939453,24.100000381469727,23.610000610351562,23.719999313354492,19.265056610107422,179500
2007-02-08,DBC,23.649999618530273,24.299999237060547,23.649999618530273,24.270000457763672,19.711755752563477,178200
2007-02-09,DBC,24.399999618530273,24.540000915527344,24.239999771118164,24.420000076293945,19.833585739135742,164000
2007-02-12,DBC,24.200000762939453,24.270000457763672,23.850000381469727,23.959999084472656,19.45998191833496,209200
2007-02-13,DBC,24.139999389648438,24.469999313354492,24.100000381469727,24.399999618530273,19.817344665527344,205800
2007-02-14,DBC,24.3799991607666,24.459999084472656,23.950000762939453,24.06999969482422,19.5493221282959,383800
2007-02-15,DBC,24.1299991607666,24.1299991607666,23.799999237060547,24.06999969482422,19.5493221282959,191400
2007-02-16,DBC,24.079999923706055,24.5,24.010000228881836,24.489999771118164,19.890439987182617,155700
2007-02-20,DBC,24.1299991607666,24.229999542236328,23.8799991607666,24.219999313354492,19.6711483001709,201100
2007-02-21,DBC,24.270000457763672,24.829999923706055,24.149999618530273,24.739999771118164,20.093486785888672,332500
2007-02-22,DBC,24.850000381469727,25.149999618530273,24.770000457763672,25.079999923706055,20.36962890625,260500
2007-02-23,DBC,25.280000686645508,25.420000076293945,25.139999389648438,25.239999771118164,20.499582290649414,527700
2007-02-26,DBC,25.399999618530273,25.489999771118164,25.200000762939453,25.309999465942383,20.556432723999023,555500
2007-02-27,DBC,25.030000686645508,25.34000015258789,24.760000228881836,24.829999923706055,20.166584014892578,192300
2007-02-28,DBC,25.010000228881836,25.299999237060547,24.770000457763672,25.209999084472656,20.4752140045166,324900
2007-03-01,DBC,25.110000610351562,25.170000076293945,24.889999389648438,25.030000686645508,20.32901954650879,169100
2007-03-02,DBC,24.8799991607666,25.059999465942383,24.639999389648438,24.799999237060547,20.1422176361084,295700
2007-03-05,DBC,24.260000228881836,24.579999923706055,24.15999984741211,24.43000030517578,19.84170913696289,658600
2007-03-06,DBC,24.65999984741211,24.75,24.469999313354492,24.65999984741211,20.02851104736328,143300
2007-03-07,DBC,24.770000457763672,25.049999237060547,24.690000534057617,25.0,20.304655075073242,533600
2007-03-08,DBC,25.15999984741211,25.170000076293945,24.899999618530273,25.040000915527344,20.337142944335938,261400
2007-03-09,DBC,25.079999923706055,25.09000015258789,24.600000381469727,24.709999084472656,20.06911849975586,261700
2007-03-12,DBC,24.59000015258789,24.600000381469727,24.34000015258789,24.479999542236328,19.8823184967041,143700
2007-03-13,DBC,24.56999969482422,24.700000762939453,24.18000030517578,24.290000915527344,19.728004455566406,248600
2007-03-14,DBC,24.219999313354492,24.34000015258789,24.040000915527344,24.34000015258789,19.76861000061035,179100
2007-03-15,DBC,24.459999084472656,24.459999084472656,24.100000381469727,24.190000534057617,19.646785736083984,165300
2007-03-16,DBC,24.25,24.56999969482422,24.040000915527344,24.25,19.69551658630371,242300
2007-03-19,DBC,24.260000228881836,24.399999618530273,24.209999084472656,24.3700008392334,19.79297637939453,148000
2007-03-20,DBC,24.299999237060547,24.440000534057617,24.200000762939453,24.399999618530273,19.817344665527344,217900
2007-03-21,DBC,24.280000686645508,24.459999084472656,24.149999618530273,24.440000534057617,19.849830627441406,156200
2007-03-22,DBC,24.469999313354492,24.84000015258789,24.469999313354492,24.84000015258789,20.17470359802246,252300
2007-03-23,DBC,24.850000381469727,24.969999313354492,24.709999084472656,24.850000381469727,20.18282699584961,190000
2007-03-26,DBC,24.920000076293945,25.0,24.799999237060547,24.959999084472656,20.27216911315918,182800
2007-03-27,DBC,24.899999618530273,25.030000686645508,24.799999237060547,25.030000686645508,20.32901954650879,418400
2007-03-28,DBC,25.350000381469727,25.399999618530273,25.15999984741211,25.270000457763672,20.523944854736328,261300
2007-03-29,DBC,25.40999984741211,25.81999969482422,25.260000228881836,25.760000228881836,20.92191505432129,348800
2007-03-30,DBC,25.700000762939453,25.700000762939453,25.299999237060547,25.3799991607666,20.6132869720459,171000
2007-04-02,DBC,25.010000228881836,25.3700008392334,24.860000610351562,25.1299991607666,20.410236358642578,296700
2007-04-03,DBC,25.170000076293945,25.170000076293945,24.850000381469727,25.030000686645508,20.32901954650879,370600
2007-04-04,DBC,24.989999771118164,25.360000610351562,24.90999984741211,25.309999465942383,20.556432723999023,122000
2007-04-05,DBC,25.3799991607666,25.43000030517578,25.229999542236328,25.360000610351562,20.5970401763916,219100
2007-04-09,DBC,25.549999237060547,25.639999389648438,25.0,25.100000381469727,20.385873794555664,301000
2007-04-10,DBC,25.31999969482422,25.510000228881836,25.09000015258789,25.450000762939453,20.670141220092773,231300
2007-04-11,DBC,25.440000534057617,25.549999237060547,24.799999237060547,25.40999984741211,20.637649536132812,340600
2007-04-12,DBC,25.469999313354492,25.579999923706055,25.260000228881836,25.559999465942383,20.759477615356445,100400
2007-04-13,DBC,25.729999542236328,25.799999237060547,25.530000686645508,25.700000762939453,20.87318229675293,230500
2007-04-16,DBC,25.729999542236328,25.739999771118164,25.399999618530273,25.5,20.71074867248535,161100
2007-04-17,DBC,25.56999969482422,25.68000030517578,25.1200008392334,25.239999771118164,20.499582290649414,196900
2007-04-18,DBC,25.079999923706055,25.31999969482422,25.030000686645508,25.25,20.507701873779297,173400
2007-04-19,DBC,25.200000762939453,25.299999237060547,25.049999237060547,25.18000030517578,20.450849533081055,271500
2007-04-20,DBC,25.280000686645508,25.530000686645508,25.190000534057617,25.530000686645508,20.73511505126953,199400
2007-04-23,DBC,25.290000915527344,25.700000762939453,25.25,25.700000762939453,20.87318229675293,252700
2007-04-24,DBC,25.59000015258789,25.649999618530273,25.200000762939453,25.350000381469727,20.58892059326172,204700
2007-04-25,DBC,25.450000762939453,25.950000762939453,25.450000762939453,25.850000381469727,20.995012283325195,207000
2007-04-26,DBC,25.68000030517578,25.889999389648438,25.479999542236328,25.670000076293945,20.84882164001465,635300
2007-04-27,DBC,25.459999084472656,25.799999237060547,25.459999084472656,25.799999237060547,20.95440101623535,216900
2007-04-30,DBC,25.649999618530273,25.799999237060547,25.5,25.56999969482422,20.767602920532227,172200
2007-05-01,DBC,25.600000381469727,25.739999771118164,25.450000762939453,25.6200008392334,20.808212280273438,178400
2007-05-02,DBC,25.6299991607666,25.6299991607666,25.209999084472656,25.420000076293945,20.64577293395996,303600
2007-05-03,DBC,25.420000076293945,25.540000915527344,25.25,25.540000915527344,20.743236541748047,210800
2007-05-04,DBC,25.549999237060547,25.700000762939453,25.31999969482422,25.489999771118164,20.702625274658203,166800
2007-05-07,DBC,25.299999237060547,25.459999084472656,25.18000030517578,25.3700008392334,20.60516357421875,226100
2007-05-08,DBC,25.059999465942383,25.209999084472656,25.0,25.209999084472656,20.4752140045166,189100
2007-05-09,DBC,25.079999923706055,25.149999618530273,24.799999237060547,25.079999923706055,20.36962890625,252300
2007-05-10,DBC,25.100000381469727,25.110000610351562,24.860000610351562,24.979999542236328,20.288410186767578,245400
2007-05-11,DBC,25.010000228881836,25.360000610351562,24.989999771118164,25.350000381469727,20.58892059326172,204600
2007-05-14,DBC,25.329999923706055,25.3700008392334,25.149999618530273,25.260000228881836,20.515823364257812,443700
2007-05-15,DBC,25.079999923706055,25.530000686645508,25.040000915527344,25.510000228881836,20.718868255615234,448800
2007-05-16,DBC,25.40999984741211,25.40999984741211,25.059999465942383,25.260000228881836,20.515823364257812,287400
2007-05-17,DBC,25.260000228881836,25.489999771118164,25.190000534057617,25.469999313354492,20.686382293701172,197800
2007-05-18,DBC,25.489999771118164,25.549999237060547,25.329999923706055,25.43000030517578,20.65389633178711,186600
2007-05-21,DBC,25.450000762939453,25.739999771118164,25.31999969482422,25.68000030517578,20.856943130493164,281100
2007-05-22,DBC,25.540000915527344,25.540000915527344,25.25,25.309999465942383,20.556432723999023,181200
2007-05-23,DBC,25.360000610351562,25.440000534057617,25.18000030517578,25.43000030517578,20.65389633178711,251500
2007-05-24,DBC,25.40999984741211,25.549999237060547,25.190000534057617,25.290000915527344,20.540191650390625,258000
2007-05-25,DBC,25.40999984741211,25.610000610351562,25.309999465942383,25.600000381469727,20.791967391967773,162600
2007-05-29,DBC,25.25,25.3700008392334,24.920000076293945,25.040000915527344,20.337142944335938,211600
2007-05-30,DBC,25.0,25.34000015258789,25.0,25.280000686645508,20.532068252563477,292800
2007-05-31,DBC,25.329999923706055,25.520000457763672,25.229999542236328,25.510000228881836,20.718868255615234,323700
2007-06-01,DBC,25.43000030517578,25.780000686645508,25.389999389648438,25.700000762939453,20.87318229675293,294500
2007-06-04,DBC,25.760000228881836,26.0,25.75,25.93000030517578,21.059986114501953,408200
2007-06-05,DBC,25.760000228881836,25.979999542236328,25.739999771118164,25.829999923706055,20.97876739501953,325000
2007-06-06,DBC,25.850000381469727,25.889999389648438,25.610000610351562,25.81999969482422,20.97064971923828,208200
2007-06-07,DBC,25.700000762939453,26.06999969482422,25.700000762939453,25.950000762939453,21.07623291015625,291800
2007-06-08,DBC,25.65999984741211,25.739999771118164,25.389999389648438,25.489999771118164,20.702625274658203,909800
2007-06-11,DBC,25.739999771118164,26.030000686645508,25.559999465942383,25.979999542236328,21.100597381591797,138100
2007-06-12,DBC,25.84000015258789,25.920000076293945,25.729999542236328,25.90999984741211,21.043743133544922,124400
2007-06-13,DBC,25.709999084472656,26.290000915527344,25.690000534057617,26.239999771118164,21.311765670776367,395000
2007-06-14,DBC,26.40999984741211,26.59000015258789,26.290000915527344,26.489999771118164,21.514812469482422,2681200
2007-06-15,DBC,26.440000534057617,26.649999618530273,26.389999389648438,26.649999618530273,21.64476203918457,321500
2007-06-18,DBC,26.729999542236328,26.729999542236328,26.5,26.649999618530273,21.64476203918457,259600
2007-06-19,DBC,26.600000381469727,26.690000534057617,26.299999237060547,26.389999389648438,21.43359375,347400
2007-06-20,DBC,26.31999969482422,26.420000076293945,26.18000030517578,26.420000076293945,21.45796012878418,247600
2007-06-21,DBC,26.469999313354492,26.520000457763672,26.06999969482422,26.299999237060547,21.360498428344727,238100
2007-06-22,DBC,26.260000228881836,26.31999969482422,26.0,26.239999771118164,21.311765670776367,783200
2007-06-25,DBC,25.920000076293945,26.190000534057617,25.780000686645508,26.139999389648438,21.230546951293945,397300
2007-06-26,DBC,25.959999084472656,26.0,25.719999313354492,25.84000015258789,20.98689079284668,283000
2007-06-27,DBC,25.809999465942383,25.940000534057617,25.59000015258789,25.799999237060547,20.95440101623535,219300
2007-06-28,DBC,25.850000381469727,25.8700008392334,25.65999984741211,25.719999313354492,20.88943099975586,280700
2007-06-29,DBC,25.75,26.059999465942383,25.649999618530273,25.700000762939453,20.87318229675293,258100
2007-07-02,DBC,26.049999237060547,26.049999237060547,25.559999465942383,25.860000610351562,21.003135681152344,810100
2007-07-03,DBC,26.040000915527344,26.040000915527344,25.809999465942383,25.889999389648438,21.02750015258789,185500
2007-07-05,DBC,26.020000457763672,26.149999618530273,25.850000381469727,26.1299991607666,21.222423553466797,250500
2007-07-06,DBC,26.290000915527344,26.350000381469727,26.110000610351562,26.350000381469727,21.401107788085938,332500
2007-07-09,DBC,26.280000686645508,26.3700008392334,26.18000030517578,26.290000915527344,21.352375030517578,156000
2007-07-10,DBC,26.200000762939453,26.520000457763672,26.190000534057617,26.479999542236328,21.506690979003906,228400
2007-07-11,DBC,26.34000015258789,26.6299991607666,26.329999923706055,26.540000915527344,21.555421829223633,194400
2007-07-12,DBC,26.6299991607666,26.709999084472656,26.3799991607666,26.610000610351562,21.612276077270508,282400
2007-07-13,DBC,26.610000610351562,26.649999618530273,26.479999542236328,26.649999618530273,21.64476203918457,168200
2007-07-16,DBC,26.520000457763672,26.520000457763672,26.09000015258789,26.18000030517578,21.263036727905273,316800
2007-07-17,DBC,26.239999771118164,26.329999923706055,25.8799991607666,26.020000457763672,21.133085250854492,423200
2007-07-18,DBC,26.030000686645508,26.34000015258789,25.969999313354492,26.31999969482422,21.376739501953125,230600
2007-07-19,DBC,26.329999923706055,26.489999771118164,26.280000686645508,26.40999984741211,21.4498348236084,107600
2007-07-20,DBC,26.399999618530273,26.510000228881836,26.290000915527344,26.399999618530273,21.441715240478516,252200
2007-07-23,DBC,26.270000457763672,26.280000686645508,26.059999465942383,26.280000686645508,21.344255447387695,220300
2007-07-24,DBC,26.1200008392334,26.280000686645508,26.0,26.079999923706055,21.181814193725586,189600
2007-07-25,DBC,26.139999389648438,26.309999465942383,25.8700008392334,26.309999465942383,21.36861801147461,274200
2007-07-26,DBC,26.31999969482422,26.399999618530273,25.81999969482422,26.030000686645508,21.14120864868164,227400
2007-07-27,DBC,26.030000686645508,26.290000915527344,25.940000534057617,26.280000686645508,21.344255447387695,283200
2007-07-30,DBC,26.149999618530273,26.229999542236328,25.8700008392334,25.979999542236328,21.100597381591797,181900
2007-07-31,DBC,26.209999084472656,26.450000762939453,26.09000015258789,26.190000534057617,21.271156311035156,388600
2007-08-01,DBC,26.190000534057617,26.309999465942383,25.81999969482422,26.149999618530273,21.238670349121094,465000
2007-08-02,DBC,26.149999618530273,26.299999237060547,26.040000915527344,26.190000534057617,21.271156311035156,188200
2007-08-03,DBC,26.200000762939453,26.200000762939453,25.899999618530273,25.899999618530273,21.035621643066406,141400
2007-08-06,DBC,25.68000030517578,25.729999542236328,25.280000686645508,25.540000915527344,20.743236541748047,267900
2007-08-07,DBC,25.399999618530273,25.739999771118164,25.360000610351562,25.68000030517578,20.856943130493164,168600
2007-08-08,DBC,25.600000381469727,25.850000381469727,25.540000915527344,25.639999389648438,20.824453353881836,174000
2007-08-09,DBC,25.469999313354492,25.75,25.329999923706055,25.440000534057617,20.662017822265625,287500
2007-08-10,DBC,25.1200008392334,25.540000915527344,24.979999542236328,25.530000686645508,20.73511505126953,462400
2007-08-13,DBC,25.65999984741211,25.700000762939453,25.280000686645508,25.350000381469727,20.58892059326172,162200
2007-08-14,DBC,26.0,26.329999923706055,25.25,25.43000030517578,20.65389633178711,169800
2007-08-15,DBC,25.579999923706055,25.809999465942383,25.399999618530273,25.6200008392334,20.808212280273438,313100
2007-08-16,DBC,25.06999969482422,25.18000030517578,24.6299991607666,25.18000030517578,20.450849533081055,455900
2007-08-17,DBC,24.280000686645508,25.350000381469727,23.6200008392334,25.15999984741211,20.434602737426758,375000
2007-08-20,DBC,25.020000457763672,25.239999771118164,24.940000534057617,25.229999542236328,20.491456985473633,269900
2007-08-21,DBC,25.149999618530273,25.40999984741211,25.030000686645508,25.190000534057617,20.458969116210938,315800
2007-08-22,DBC,25.200000762939453,25.31999969482422,25.059999465942383,25.25,20.507701873779297,190200
2007-08-23,DBC,25.5,25.549999237060547,25.18000030517578,25.329999923706055,20.572677612304688,281600
2007-08-24,DBC,25.350000381469727,25.6299991607666,25.309999465942383,25.6299991607666,20.816329956054688,175100
2007-08-27,DBC,25.31999969482422,25.690000534057617,25.25,25.65999984741211,20.840696334838867,102300
2007-08-28,DBC,25.6200008392334,25.6200008392334,25.260000228881836,25.389999389648438,20.621408462524414,112200
2007-08-29,DBC,25.389999389648438,25.639999389648438,25.389999389648438,25.6299991607666,20.816329956054688,264700
2007-08-30,DBC,26.389999389648438,26.389999389648438,25.440000534057617,25.68000030517578,20.856943130493164,182500
2007-08-31,DBC,26.0,26.0,25.549999237060547,25.690000534057617,20.865062713623047,122500
2007-09-04,DBC,25.790000915527344,26.09000015258789,25.690000534057617,25.979999542236328,21.100597381591797,305200
2007-09-05,DBC,25.979999542236328,26.100000381469727,25.799999237060547,26.030000686645508,21.14120864868164,222100
2007-09-06,DBC,25.90999984741211,26.049999237060547,25.799999237060547,25.93000030517578,21.059986114501953,214500
2007-09-07,DBC,25.989999771118164,26.110000610351562,25.8799991607666,26.100000381469727,21.198062896728516,149200
2007-09-10,DBC,26.020000457763672,26.31999969482422,25.809999465942383,26.280000686645508,21.344255447387695,154200
2007-09-11,DBC,26.15999984741211,26.360000610351562,25.979999542236328,26.34000015258789,21.39298439025879,117200
2007-09-12,DBC,26.329999923706055,26.65999984741211,26.270000457763672,26.6200008392334,21.62039566040039,207600
2007-09-13,DBC,26.549999237060547,26.68000030517578,26.31999969482422,26.420000076293945,21.45796012878418,468600
2007-09-14,DBC,26.389999389648438,26.600000381469727,26.329999923706055,26.440000534057617,21.47420310974121,191900
2007-09-17,DBC,26.56999969482422,26.75,26.469999313354492,26.75,21.72597885131836,124300
2007-09-18,DBC,26.549999237060547,26.899999618530273,26.479999542236328,26.850000381469727,21.807199478149414,229600
2007-09-19,DBC,26.940000534057617,27.079999923706055,26.799999237060547,27.079999923706055,21.994003295898438,243600
2007-09-20,DBC,27.149999618530273,27.5,27.06999969482422,27.5,22.335119247436523,519300
2007-09-21,DBC,27.59000015258789,27.690000534057617,27.40999984741211,27.690000534057617,22.489439010620117,255500
2007-09-24,DBC,27.6299991607666,27.790000915527344,27.510000228881836,27.639999389648438,22.44882583618164,181800
2007-09-25,DBC,27.309999465942383,27.549999237060547,27.280000686645508,27.440000534057617,22.28639030456543,177500
2007-09-26,DBC,27.540000915527344,27.600000381469727,27.170000076293945,27.479999542236328,22.318876266479492,217500
2007-09-27,DBC,28.190000534057617,28.200000762939453,27.639999389648438,28.200000762939453,22.90365219116211,249200
2007-09-28,DBC,28.25,28.270000457763672,27.889999389648438,28.110000610351562,22.83055305480957,467400
2007-10-01,DBC,28.989999771118164,28.989999771118164,27.639999389648438,27.81999969482422,22.59501838684082,196500
2007-10-02,DBC,27.559999465942383,27.6299991607666,27.139999389648438,27.260000228881836,22.140193939208984,218300
2007-10-03,DBC,27.649999618530273,27.649999618530273,27.110000610351562,27.290000915527344,22.164560317993164,159400
2007-10-04,DBC,27.270000457763672,27.68000030517578,27.100000381469727,27.670000076293945,22.473194122314453,273800
2007-10-05,DBC,27.540000915527344,27.760000228881836,27.450000762939453,27.75,22.538166046142578,167800
2007-10-08,DBC,28.489999771118164,28.489999771118164,27.0,27.170000076293945,22.06709861755371,193100
2007-10-09,DBC,27.059999465942383,27.520000457763672,27.059999465942383,27.360000610351562,22.22141456604004,242600
2007-10-10,DBC,27.510000228881836,27.690000534057617,27.350000381469727,27.68000030517578,22.481311798095703,307200
2007-10-11,DBC,28.670000076293945,28.670000076293945,27.540000915527344,27.989999771118164,22.73309326171875,204300
2007-10-12,DBC,28.0,28.170000076293945,27.889999389648438,28.1200008392334,22.83867645263672,164900
2007-10-15,DBC,28.350000381469727,28.600000381469727,28.25,28.600000381469727,23.228525161743164,156700
2007-10-16,DBC,28.3799991607666,28.639999389648438,28.329999923706055,28.6299991607666,23.252887725830078,290400
2007-10-17,DBC,28.68000030517578,28.68000030517578,28.3799991607666,28.479999542236328,23.131059646606445,254100
2007-10-18,DBC,28.59000015258789,29.030000686645508,28.59000015258789,28.989999771118164,23.545276641845703,337500
2007-10-19,DBC,28.940000534057617,29.010000228881836,28.770000457763672,28.90999984741211,23.480300903320312,228600
2007-10-22,DBC,28.649999618530273,28.920000076293945,28.469999313354492,28.829999923706055,23.415327072143555,293700
2007-10-23,DBC,28.940000534057617,28.959999084472656,28.489999771118164,28.6299991607666,23.252887725830078,1101600
2007-10-24,DBC,28.5,28.860000610351562,28.5,28.729999542236328,23.334110260009766,212900
2007-10-25,DBC,28.950000762939453,29.399999618530273,28.8799991607666,29.399999618530273,23.878271102905273,332500
2007-10-26,DBC,29.700000762939453,29.8700008392334,29.559999465942383,29.850000381469727,24.243759155273438,633700
2007-10-29,DBC,30.0,30.34000015258789,29.93000030517578,30.34000015258789,24.64173126220703,435700
2007-10-30,DBC,30.0,30.040000915527344,29.56999969482422,29.65999984741211,24.08944320678711,283000
2007-10-31,DBC,29.889999389648438,30.5,29.780000686645508,30.5,24.771678924560547,401400
2007-11-01,DBC,30.280000686645508,30.280000686645508,29.84000015258789,30.110000610351562,24.454925537109375,378300
2007-11-02,DBC,30.31999969482422,30.760000228881836,30.200000762939453,30.760000228881836,24.982847213745117,205100
2007-11-05,DBC,31.25,31.270000457763672,30.139999389648438,30.559999465942383,24.820409774780273,368800
2007-11-06,DBC,31.520000457763672,31.520000457763672,30.770000457763672,31.360000610351562,25.47015953063965,447600
2007-11-07,DBC,33.0,33.0,30.799999237060547,31.200000762939453,25.3402099609375,510100
2007-11-08,DBC,31.639999389648438,31.639999389648438,30.940000534057617,31.1200008392334,25.27523422241211,471700
2007-11-09,DBC,30.5,31.34000015258789,30.5,31.110000610351562,25.267114639282227,371300
2007-11-12,DBC,30.5,30.90999984741211,30.229999542236328,30.43000030517578,24.714826583862305,981100
2007-11-13,DBC,30.43000030517578,30.450000762939453,29.709999084472656,29.850000381469727,24.243759155273438,3017500
2007-11-14,DBC,29.940000534057617,30.59000015258789,29.940000534057617,30.520000457763672,24.787921905517578,260300
2007-11-15,DBC,30.3700008392334,30.3700008392334,29.969999313354492,30.219999313354492,24.544265747070312,340300
2007-11-16,DBC,30.649999618530273,30.649999618530273,30.209999084472656,30.31999969482422,24.6254825592041,179600
2007-11-19,DBC,30.299999237060547,30.59000015258789,30.209999084472656,30.549999237060547,24.812288284301758,527300
2007-11-20,DBC,30.81999969482422,31.34000015258789,30.68000030517578,31.309999465942383,25.429550170898438,569100
2007-11-21,DBC,30.799999237060547,31.3700008392334,30.799999237060547,31.350000381469727,25.462038040161133,734500
2007-11-23,DBC,31.579999923706055,31.670000076293945,31.139999389648438,31.639999389648438,25.697572708129883,499300
2007-11-26,DBC,31.549999237060547,31.780000686645508,31.25,31.25,25.380817413330078,400800
2007-11-27,DBC,31.700000762939453,31.700000762939453,30.84000015258789,31.0,25.177772521972656,370600
2007-11-28,DBC,30.969999313354492,31.530000686645508,30.31999969482422,30.6200008392334,24.869140625,766000
2007-11-29,DBC,30.739999771118164,30.889999389648438,30.5,30.690000534057617,24.925996780395508,195800
2007-11-30,DBC,30.25,30.719999313354492,30.190000534057617,30.309999465942383,24.61736488342285,352300
2007-12-03,DBC,30.3799991607666,30.559999465942383,30.020000457763672,30.530000686645508,24.796045303344727,320900
2007-12-04,DBC,30.489999771118164,30.670000076293945,30.34000015258789,30.670000076293945,24.90974998474121,494200
2007-12-05,DBC,30.860000610351562,30.940000534057617,30.309999465942383,30.440000534057617,24.72294807434082,437800
2007-12-06,DBC,30.209999084472656,30.989999771118164,30.209999084472656,30.989999771118164,25.16965103149414,293200
2007-12-07,DBC,31.700000762939453,31.700000762939453,30.510000228881836,30.889999389648438,25.088430404663086,401100
2007-12-10,DBC,31.030000686645508,31.190000534057617,30.690000534057617,30.8700008392334,25.072189331054688,539500
2007-12-11,DBC,31.0,31.280000686645508,30.899999618530273,31.139999389648438,25.291481018066406,275100
2007-12-12,DBC,31.5,32.18000030517578,31.25,31.989999771118164,25.981836318969727,444500
2007-12-13,DBC,32.06999969482422,32.06999969482422,31.469999313354492,31.649999618530273,25.7056941986084,274900
2007-12-14,DBC,31.56999969482422,31.600000381469727,31.290000915527344,31.43000030517578,25.527013778686523,294300
2007-12-17,DBC,31.549999237060547,31.549999237060547,30.239999771118164,30.520000457763672,25.402164459228516,294000
2007-12-18,DBC,30.59000015258789,30.8799991607666,30.110000610351562,30.389999389648438,25.293964385986328,311200
2007-12-19,DBC,30.469999313354492,30.84000015258789,30.420000076293945,30.68000030517578,25.535335540771484,269600
2007-12-20,DBC,30.600000381469727,30.700000762939453,30.40999984741211,30.549999237060547,25.427133560180664,334900
2007-12-21,DBC,30.59000015258789,30.989999771118164,30.559999465942383,30.90999984741211,25.726768493652344,280300
2007-12-24,DBC,30.219999313354492,31.139999389648438,30.059999465942383,31.139999389648438,25.91819953918457,472000
2007-12-26,DBC,31.25,31.559999465942383,31.149999618530273,31.510000228881836,26.226154327392578,188500
2007-12-27,DBC,31.399999618530273,31.729999542236328,31.399999618530273,31.6200008392334,26.317707061767578,880700
2007-12-28,DBC,31.639999389648438,31.8799991607666,31.420000076293945,31.520000457763672,26.234477996826172,264300
2007-12-31,DBC,31.639999389648438,31.639999389648438,31.239999771118164,31.559999465942383,26.267770767211914,244000
2008-01-02,DBC,32.060001373291016,32.45000076293945,31.940000534057617,32.43000030517578,26.991884231567383,718900
2008-01-03,DBC,32.75,32.790000915527344,32.40999984741211,32.68000030517578,27.1999568939209,1108400
2008-01-04,DBC,32.56999969482422,32.56999969482422,32.08000183105469,32.4900016784668,27.041824340820312,581200
2008-01-07,DBC,32.22999954223633,32.439998626708984,31.65999984741211,31.899999618530273,26.550756454467773,664300
2008-01-08,DBC,32.29999923706055,32.4900016784668,32.09000015258789,32.189998626708984,26.792125701904297,429000
2008-01-09,DBC,32.33000183105469,32.369998931884766,31.799999237060547,31.8700008392334,26.525789260864258,749600
2008-01-10,DBC,31.649999618530273,31.760000228881836,31.399999618530273,31.719999313354492,26.400941848754883,452800
2008-01-11,DBC,31.65999984741211,32.11000061035156,31.399999618530273,32.0099983215332,26.642309188842773,667600
2008-01-14,DBC,32.400001525878906,32.5,32.189998626708984,32.40999984741211,26.975234985351562,835800
2008-01-15,DBC,32.16999816894531,32.2400016784668,31.770000457763672,32.0099983215332,26.642309188842773,472800
2008-01-16,DBC,31.81999969482422,31.850000381469727,31.200000762939453,31.709999084472656,26.392616271972656,1044300
2008-01-17,DBC,31.899999618530273,31.950000762939453,31.299999237060547,31.299999237060547,26.051366806030273,689800
2008-01-18,DBC,31.489999771118164,31.639999389648438,31.350000381469727,31.420000076293945,26.151247024536133,458100
2008-01-22,DBC,30.5,31.489999771118164,30.329999923706055,31.309999465942383,26.059690475463867,785400
2008-01-23,DBC,31.06999969482422,31.190000534057617,30.540000915527344,30.719999313354492,25.568626403808594,695900
2008-01-24,DBC,30.84000015258789,31.510000228881836,30.84000015258789,31.479999542236328,26.201181411743164,709700
2008-01-25,DBC,31.989999771118164,32.599998474121094,31.719999313354492,32.18000030517578,26.783803939819336,1189100
2008-01-28,DBC,31.81999969482422,32.34000015258789,31.610000610351562,32.33000183105469,26.908653259277344,593400
2008-01-29,DBC,32.5099983215332,32.599998474121094,32.2599983215332,32.599998474121094,27.133373260498047,492000
2008-01-30,DBC,32.560001373291016,32.560001373291016,32.13999938964844,32.31999969482422,26.900327682495117,564500
2008-01-31,DBC,32.220001220703125,32.63999938964844,31.920000076293945,32.47999954223633,27.033496856689453,692200
2008-02-01,DBC,32.54999923706055,32.54999923706055,31.8700008392334,31.90999984741211,26.559078216552734,642600
2008-02-04,DBC,32.08000183105469,32.5099983215332,32.0,32.470001220703125,27.025175094604492,692400
2008-02-05,DBC,32.189998626708984,32.31999969482422,31.920000076293945,32.20000076293945,26.800453186035156,787500
2008-02-06,DBC,32.34000015258789,32.540000915527344,32.0,32.04999923706055,26.67560386657715,867300
2008-02-07,DBC,31.940000534057617,32.439998626708984,31.940000534057617,32.439998626708984,27.000200271606445,859400
2008-02-08,DBC,32.720001220703125,33.40999984741211,32.540000915527344,33.40999984741211,27.807546615600586,1069800
2008-02-11,DBC,33.290000915527344,33.630001068115234,33.08000183105469,33.630001068115234,27.99065589904785,1236600
2008-02-12,DBC,33.380001068115234,33.5,32.7599983215332,32.95000076293945,27.424684524536133,760000
2008-02-13,DBC,32.86000061035156,33.220001220703125,32.66999816894531,33.220001220703125,27.649410247802734,406600
2008-02-14,DBC,33.650001525878906,33.88999938964844,33.459999084472656,33.88999938964844,28.207054138183594,1015600
2008-02-15,DBC,33.939998626708984,34.150001525878906,33.5099983215332,33.72999954223633,28.07388687133789,995300
2008-02-19,DBC,34.47999954223633,34.869998931884766,34.400001525878906,34.83000183105469,28.989431381225586,919800
2008-02-20,DBC,34.540000915527344,35.04999923706055,34.4900016784668,35.0099983215332,29.139244079589844,706500
2008-02-21,DBC,34.95000076293945,35.16999816894531,34.599998474121094,34.81999969482422,28.981107711791992,565600
2008-02-22,DBC,34.9900016784668,35.349998474121094,34.54999923706055,35.29999923706055,29.380617141723633,555500
2008-02-25,DBC,35.25,35.650001525878906,34.9900016784668,35.63999938964844,29.663597106933594,923900
2008-02-26,DBC,35.56999969482422,36.40999984741211,35.20000076293945,36.400001525878906,30.296161651611328,1029300
2008-02-27,DBC,35.779998779296875,36.88999938964844,35.65999984741211,36.349998474121094,30.25454330444336,1344400
2008-02-28,DBC,36.43000030517578,36.709999084472656,36.20000076293945,36.70000076293945,30.545852661132812,1536000
2008-02-29,DBC,36.56999969482422,36.59000015258789,36.0099983215332,36.099998474121094,30.046464920043945,1079700
2008-03-03,DBC,36.939998626708984,37.04999923706055,36.40999984741211,36.630001068115234,30.487594604492188,1311900
2008-03-04,DBC,36.84000015258789,36.849998474121094,35.400001525878906,36.5,30.3793888092041,1611900
2008-03-05,DBC,36.540000915527344,37.29999923706055,36.33000183105469,37.29999923706055,31.04524040222168,1009300
2008-03-06,DBC,37.369998931884766,37.630001068115234,36.810001373291016,37.58000183105469,31.278295516967773,1676900
2008-03-07,DBC,37.75,37.75,36.939998626708984,37.20000076293945,30.96200942993164,1497400
2008-03-10,DBC,37.0,37.9900016784668,36.31999969482422,37.900001525878906,31.54463005065918,1719600
2008-03-11,DBC,37.939998626708984,38.5,37.63999938964844,38.4900016784668,32.03569030761719,1474200
2008-03-12,DBC,38.45000076293945,38.95000076293945,37.849998474121094,38.90999984741211,32.38526916503906,1756900
2008-03-13,DBC,38.900001525878906,39.31999969482422,38.709999084472656,38.95000076293945,32.41855239868164,2624800
2008-03-14,DBC,39.04999923706055,39.27000045776367,38.25,38.900001525878906,32.37693786621094,1140300
2008-03-17,DBC,37.810001373291016,38.119998931884766,36.439998626708984,37.34000015258789,31.07853126525879,3062500
2008-03-18,DBC,37.75,38.290000915527344,37.36000061035156,38.16999816894531,31.76935577392578,1175300
2008-03-19,DBC,37.349998474121094,37.45000076293945,36.08000183105469,36.52000045776367,30.39603614807129,2186000
2008-03-20,DBC,34.869998931884766,35.939998626708984,30.75,35.04999923706055,29.17253875732422,3472500
2008-03-24,DBC,35.20000076293945,36.04999923706055,35.04999923706055,35.689998626708984,29.705217361450195,1459100
2008-03-25,DBC,36.220001220703125,36.40999984741211,35.7400016784668,36.04999923706055,30.004852294921875,1020800
2008-03-26,DBC,36.66999816894531,37.18000030517578,36.5,37.130001068115234,30.903749465942383,1394900
2008-03-27,DBC,37.0,37.630001068115234,36.84000015258789,37.540000915527344,31.2449951171875,2398300
2008-03-28,DBC,37.0099983215332,37.08000183105469,36.650001525878906,36.650001525878906,30.504241943359375,1129600
2008-03-31,DBC,37.439998626708984,37.939998626708984,35.45000076293945,35.77000045776367,29.77180290222168,1302500
2008-04-01,DBC,35.29999923706055,35.97999954223633,35.18000030517578,35.56999969482422,29.6053409576416,1282800
2008-04-02,DBC,35.119998931884766,36.65999984741211,35.119998931884766,36.630001068115234,30.487594604492188,814400
2008-04-03,DBC,36.45000076293945,36.869998931884766,36.279998779296875,36.83000183105469,30.654054641723633,552400
2008-04-04,DBC,36.810001373291016,37.22999954223633,36.61000061035156,37.09000015258789,30.870452880859375,825800
2008-04-07,DBC,37.720001220703125,37.93000030517578,37.36000061035156,37.4900016784668,31.203380584716797,1223600
2008-04-08,DBC,37.45000076293945,37.810001373291016,37.27000045776367,37.63999938964844,31.328229904174805,826900
2008-04-09,DBC,37.7400016784668,38.75,37.650001525878906,38.27000045776367,31.852582931518555,1277000
2008-04-10,DBC,38.7599983215332,38.790000915527344,37.939998626708984,38.099998474121094,31.711090087890625,1338600
2008-04-11,DBC,37.849998474121094,38.16999816894531,37.72999954223633,37.95000076293945,31.586244583129883,747400
2008-04-14,DBC,37.93000030517578,38.209999084472656,37.93000030517578,38.209999084472656,31.802642822265625,762000
2008-04-15,DBC,38.650001525878906,38.7599983215332,38.5,38.66999816894531,32.18550491333008,615700
2008-04-16,DBC,38.939998626708984,39.11000061035156,38.400001525878906,39.040000915527344,32.493465423583984,784500
2008-04-17,DBC,39.189998626708984,39.25,38.75,38.86000061035156,32.343650817871094,555800
2008-04-18,DBC,38.720001220703125,39.0,38.36000061035156,38.880001068115234,32.36029052734375,549200
2008-04-21,DBC,38.900001525878906,38.93000030517578,38.2400016784668,38.93000030517578,32.401912689208984,769300
2008-04-22,DBC,38.72999954223633,39.400001525878906,38.63999938964844,39.16999816894531,32.60166931152344,904600
2008-04-23,DBC,38.88999938964844,39.040000915527344,38.54999923706055,38.79999923706055,32.2937126159668,744300
2008-04-24,DBC,38.439998626708984,38.68000030517578,37.79999923706055,38.150001525878906,31.752702713012695,691800
2008-04-25,DBC,38.209999084472656,38.86000061035156,38.040000915527344,38.849998474121094,32.33531951904297,473700
2008-04-28,DBC,38.869998931884766,38.970001220703125,38.630001068115234,38.939998626708984,32.41023254394531,480500
2008-04-29,DBC,38.70000076293945,38.70000076293945,37.869998931884766,38.0,31.627857208251953,1231900
2008-04-30,DBC,38.0,38.15999984741211,37.439998626708984,37.93000030517578,31.569599151611328,1620800
2008-05-01,DBC,37.099998474121094,37.349998474121094,36.5,37.04999923706055,30.83716583251953,1700600
2008-05-02,DBC,37.04999923706055,38.02000045776367,37.04999923706055,37.9900016784668,31.619539260864258,1348400
2008-05-05,DBC,38.0099983215332,38.869998931884766,38.0099983215332,38.779998779296875,32.27705764770508,825500
2008-05-06,DBC,38.880001068115234,39.470001220703125,38.72999954223633,39.290000915527344,32.701541900634766,825700
2008-05-07,DBC,39.16999816894531,39.58000183105469,38.90999984741211,39.36000061035156,32.759803771972656,839600
2008-05-08,DBC,39.58000183105469,40.0,39.47999954223633,40.0,33.29248809814453,933100
2008-05-09,DBC,40.88999938964844,40.88999938964844,39.939998626708984,40.619998931884766,33.80851745605469,1035000
2008-05-12,DBC,40.619998931884766,40.619998931884766,39.79999923706055,39.93000030517578,33.23422622680664,557100
2008-05-13,DBC,40.040000915527344,40.41999816894531,39.75,40.150001525878906,33.41733169555664,700300
2008-05-14,DBC,40.27000045776367,40.27000045776367,39.5,39.5,32.87632751464844,631600
2008-05-15,DBC,40.029998779296875,40.16999816894531,39.119998931884766,39.95000076293945,33.2508659362793,723800
2008-05-16,DBC,40.439998626708984,40.709999084472656,40.04999923706055,40.529998779296875,33.73360824584961,1480100
2008-05-19,DBC,40.599998474121094,40.61000061035156,40.25,40.59000015258789,33.783546447753906,481400
2008-05-20,DBC,41.0,41.31999969482422,40.91999816894531,41.150001525878906,34.2496452331543,654300
2008-05-21,DBC,41.4900016784668,42.40999984741211,41.220001220703125,42.349998474121094,35.248416900634766,863900
2008-05-22,DBC,42.45000076293945,42.54999923706055,41.52000045776367,41.7400016784668,34.74070739746094,1280800
2008-05-23,DBC,42.189998626708984,42.220001220703125,41.529998779296875,41.81999969482422,34.80729675292969,478700
2008-05-27,DBC,41.61000061035156,41.61000061035156,40.900001525878906,41.150001525878906,34.2496452331543,1094000
2008-05-28,DBC,40.540000915527344,41.459999084472656,40.43000030517578,41.40999984741211,34.46604537963867,976600
2008-05-29,DBC,40.79999923706055,41.5099983215332,39.86000061035156,40.279998779296875,33.52553176879883,883300
2008-05-30,DBC,40.16999816894531,40.86000061035156,39.90999984741211,40.54999923706055,33.7502555847168,704800
2008-06-02,DBC,40.4900016784668,41.33000183105469,40.290000915527344,41.09000015258789,34.199703216552734,1013700
2008-06-03,DBC,40.72999954223633,40.79999923706055,40.060001373291016,40.119998931884766,33.392356872558594,684400
2008-06-04,DBC,39.90999984741211,40.04999923706055,39.5,39.52000045776367,32.89297103881836,797200
2008-06-05,DBC,39.52000045776367,41.16999816894531,39.349998474121094,41.02000045776367,34.141441345214844,1323900
2008-06-06,DBC,42.40999984741211,43.4900016784668,42.06999969482422,42.06999969482422,35.01536560058594,871600
2008-06-09,DBC,43.150001525878906,43.150001525878906,42.189998626708984,42.5,35.37326431274414,1567800
2008-06-10,DBC,43.4900016784668,43.4900016784668,42.0,42.33000183105469,35.231773376464844,868300
2008-06-11,DBC,42.81999969482422,44.2599983215332,42.810001373291016,43.88999938964844,36.530174255371094,938900
2008-06-12,DBC,43.650001525878906,44.09000015258789,42.65999984741211,43.880001068115234,36.521854400634766,1153800
2008-06-13,DBC,43.40999984741211,43.79999923706055,43.130001068115234,43.599998474121094,36.2888069152832,378600
2008-06-16,DBC,44.02000045776367,44.9900016784668,43.540000915527344,43.560001373291016,36.255516052246094,1116600
2008-06-17,DBC,43.75,44.119998931884766,43.560001373291016,44.0,36.621734619140625,669100
2008-06-18,DBC,44.36000061035156,44.599998474121094,43.63999938964844,44.599998474121094,37.121124267578125,540700
2008-06-19,DBC,44.630001068115234,44.630001068115234,43.369998931884766,43.560001373291016,36.255516052246094,1047100
2008-06-20,DBC,44.0,44.36000061035156,43.650001525878906,43.86000061035156,36.505210876464844,719600
2008-06-23,DBC,43.70000076293945,44.27000045776367,43.529998779296875,44.16999816894531,36.763221740722656,712600
2008-06-24,DBC,44.150001525878906,44.380001068115234,43.79999923706055,44.18000030517578,36.771549224853516,791800
2008-06-25,DBC,44.0,44.06999969482422,43.08000183105469,44.0099983215332,36.63005447387695,1180300
2008-06-26,DBC,44.66999816894531,45.5,44.630001068115234,45.470001220703125,37.845237731933594,959200
2008-06-27,DBC,45.68000030517578,45.95000076293945,45.36000061035156,45.59000015258789,37.94511413574219,826400
2008-06-30,DBC,45.93000030517578,45.93000030517578,44.779998779296875,44.779998779296875,37.270938873291016,1306200
2008-07-01,DBC,45.34000015258789,45.630001068115234,45.04999923706055,45.56999969482422,37.928462982177734,860600
2008-07-02,DBC,45.29999923706055,46.439998626708984,45.04999923706055,46.439998626708984,38.65257263183594,888000
2008-07-03,DBC,46.630001068115234,46.630001068115234,46.0099983215332,46.41999816894531,38.635921478271484,1058300
2008-07-07,DBC,45.810001373291016,45.90999984741211,44.91999816894531,45.790000915527344,38.111568450927734,1137200
2008-07-08,DBC,44.45000076293945,44.779998779296875,43.689998626708984,44.130001068115234,36.72993469238281,1586500
2008-07-09,DBC,44.130001068115234,44.68000030517578,42.0,44.099998474121094,36.704959869384766,2332600
2008-07-10,DBC,44.54999923706055,45.29999923706055,44.4900016784668,45.29999923706055,37.703731536865234,970900
2008-07-11,DBC,46.31999969482422,46.5,45.290000915527344,45.93000030517578,38.22809600830078,707300
2008-07-14,DBC,45.84000015258789,45.959999084472656,45.52000045776367,45.95000076293945,38.2447395324707,449100
2008-07-15,DBC,45.68000030517578,45.869998931884766,43.75,44.4900016784668,37.02956008911133,4871400
2008-07-16,DBC,44.0,44.189998626708984,43.0,43.810001373291016,36.46359634399414,1380700
2008-07-17,DBC,43.56999969482422,44.119998931884766,42.43000030517578,42.779998779296875,35.6063117980957,1860900
2008-07-18,DBC,42.58000183105469,42.79999923706055,41.79999923706055,42.04999923706055,34.99872589111328,1249000
2008-07-21,DBC,42.150001525878906,42.560001373291016,41.869998931884766,42.560001373291016,35.42320251464844,1052100
2008-07-22,DBC,42.5,42.5,41.22999954223633,41.630001068115234,34.64915466308594,1411800
2008-07-23,DBC,40.95000076293945,41.400001525878906,40.41999816894531,40.689998626708984,33.86677932739258,2755700
2008-07-24,DBC,40.560001373291016,40.810001373291016,40.279998779296875,40.720001220703125,33.891746520996094,1381100
2008-07-25,DBC,40.61000061035156,40.650001525878906,40.08000183105469,40.209999084472656,33.46726989746094,752700
2008-07-28,DBC,40.38999938964844,41.61000061035156,40.38999938964844,40.40999984741211,33.63372802734375,830200
2008-07-29,DBC,40.849998474121094,40.88999938964844,39.599998474121094,39.95000076293945,33.2508659362793,1726200
2008-07-30,DBC,39.540000915527344,40.91999816894531,39.5,40.7400016784668,33.908390045166016,1344100
2008-07-31,DBC,41.13999938964844,41.52000045776367,39.880001068115234,40.400001525878906,33.62540817260742,937800
2008-08-01,DBC,39.38999938964844,40.810001373291016,39.349998474121094,39.95000076293945,33.2508659362793,773300
2008-08-04,DBC,39.90999984741211,40.13999938964844,37.95000076293945,38.630001068115234,32.152217864990234,1633800
2008-08-05,DBC,38.33000183105469,38.86000061035156,38.09000015258789,38.36000061035156,31.927488327026367,1609300
2008-08-06,DBC,38.279998779296875,38.5099983215332,37.540000915527344,37.95000076293945,31.586244583129883,1373800
2008-08-07,DBC,37.93000030517578,38.45000076293945,37.93000030517578,38.15999984741211,31.76102638244629,949200
2008-08-08,DBC,37.63999938964844,37.77000045776367,36.86000061035156,37.09000015258789,30.870452880859375,1584700
2008-08-11,DBC,37.27000045776367,37.400001525878906,36.75,37.04999923706055,30.83716583251953,823000
2008-08-12,DBC,37.15999984741211,37.16999816894531,36.38999938964844,36.72999954223633,30.570819854736328,705300
2008-08-13,DBC,36.83000183105469,38.189998626708984,36.83000183105469,37.959999084472656,31.594566345214844,662100
2008-08-14,DBC,37.849998474121094,37.939998626708984,37.06999969482422,37.630001068115234,31.319904327392578,569800
2008-08-15,DBC,37.150001525878906,37.34000015258789,36.66999816894531,37.119998931884766,30.895423889160156,908200
2008-08-18,DBC,37.459999084472656,37.720001220703125,37.08000183105469,37.33000183105469,31.070209503173828,629200
2008-08-19,DBC,37.150001525878906,38.310001373291016,37.0,37.90999984741211,31.55295181274414,1380900
2008-08-20,DBC,38.130001068115234,38.5,37.5099983215332,38.209999084472656,31.802642822265625,885200
2008-08-21,DBC,39.08000183105469,40.11000061035156,39.08000183105469,39.849998474121094,33.167633056640625,975300
2008-08-22,DBC,39.459999084472656,39.4900016784668,38.310001373291016,38.5,32.04402160644531,449000
2008-08-25,DBC,38.4900016784668,38.72999954223633,38.13999938964844,38.279998779296875,31.86090850830078,455700
2008-08-26,DBC,38.45000076293945,38.900001525878906,37.849998474121094,38.29999923706055,31.877548217773438,788600
2008-08-27,DBC,38.900001525878906,39.290000915527344,38.189998626708984,38.65999984741211,32.17718505859375,520200
2008-08-28,DBC,38.79999923706055,38.959999084472656,37.630001068115234,37.900001525878906,31.54463005065918,540500
2008-08-29,DBC,38.20000076293945,38.40999984741211,37.65999984741211,37.7599983215332,31.428098678588867,419400
2008-09-02,DBC,36.11000061035156,36.88999938964844,35.900001525878906,36.779998779296875,30.612442016601562,1213700
2008-09-03,DBC,36.189998626708984,36.56999969482422,35.97999954223633,36.56999969482422,30.437652587890625,1391500
2008-09-04,DBC,36.41999816894531,36.75,35.869998931884766,36.04999923706055,30.004852294921875,915500
2008-09-05,DBC,35.790000915527344,35.970001220703125,35.31999969482422,35.689998626708984,29.705217361450195,664200
2008-09-08,DBC,35.91999816894531,36.119998931884766,35.2400016784668,35.61000061035156,29.638633728027344,563200
2008-09-09,DBC,34.93000030517578,35.029998779296875,34.25,34.310001373291016,28.556629180908203,1065500
2008-09-10,DBC,34.7400016784668,34.959999084472656,34.119998931884766,34.36000061035156,28.598243713378906,827700
2008-09-11,DBC,34.189998626708984,34.310001373291016,33.75,34.06999969482422,28.356870651245117,787000
2008-09-12,DBC,34.27000045776367,34.68000030517578,34.130001068115234,34.29999923706055,28.548303604125977,611800
2008-09-15,DBC,33.59000015258789,33.91999816894531,32.84000015258789,32.95000076293945,27.424684524536133,600900
2008-09-16,DBC,32.25,32.810001373291016,31.700000762939453,32.279998779296875,26.867033004760742,1160900
2008-09-17,DBC,32.619998931884766,33.75,32.18000030517578,33.25,27.67437744140625,988600
2008-09-18,DBC,33.939998626708984,34.470001220703125,33.16999816894531,33.310001373291016,27.72431755065918,966900
2008-09-19,DBC,33.400001525878906,34.7599983215332,33.400001525878906,34.40999984741211,28.63985824584961,890000
2008-09-22,DBC,35.060001373291016,36.16999816894531,35.060001373291016,35.599998474121094,29.630308151245117,1457300
2008-09-23,DBC,35.650001525878906,35.84000015258789,34.7400016784668,35.25,29.3389949798584,609000
2008-09-24,DBC,35.93000030517578,35.97999954223633,34.959999084472656,34.959999084472656,29.09762954711914,1131600
2008-09-25,DBC,35.02000045776367,35.7400016784668,34.779998779296875,35.56999969482422,29.6053409576416,879200
2008-09-26,DBC,34.88999938964844,35.29999923706055,34.75,35.150001525878906,29.25577163696289,418800
2008-09-29,DBC,33.869998931884766,34.16999816894531,32.70000076293945,32.970001220703125,27.441329956054688,682400
2008-09-30,DBC,33.369998931884766,33.88999938964844,33.16999816894531,33.88999938964844,28.207054138183594,1113600
2008-10-01,DBC,33.5,33.5099983215332,32.63999938964844,33.099998474121094,27.549530029296875,590400
2008-10-02,DBC,32.540000915527344,32.540000915527344,31.270000457763672,31.270000457763672,26.02640151977539,992000
2008-10-03,DBC,31.030000686645508,31.950000762939453,30.479999542236328,30.540000915527344,25.418813705444336,1613100
2008-10-06,DBC,30.399999618530273,30.469999313354492,29.020000457763672,29.239999771118164,24.336803436279297,2123200
2008-10-07,DBC,30.170000076293945,30.469999313354492,29.600000381469727,29.600000381469727,24.636438369750977,1593300
2008-10-08,DBC,29.719999313354492,30.43000030517578,29.559999465942383,30.030000686645508,24.994333267211914,1123100
2008-10-09,DBC,30.239999771118164,30.5,28.6299991607666,28.6299991607666,23.82909393310547,849400
2008-10-10,DBC,27.34000015258789,28.940000534057617,27.270000457763672,27.360000610351562,22.77206039428711,1859300
2008-10-13,DBC,28.979999542236328,29.09000015258789,28.389999389648438,28.8799991607666,24.037174224853516,666600
2008-10-14,DBC,29.59000015258789,29.690000534057617,28.299999237060547,28.350000381469727,23.596046447753906,1053100
2008-10-15,DBC,27.65999984741211,27.8799991607666,27.059999465942383,27.059999465942383,22.52236557006836,750500
2008-10-16,DBC,27.139999389648438,27.149999618530273,25.950000762939453,26.549999237060547,22.097885131835938,949900
2008-10-17,DBC,26.459999084472656,27.40999984741211,26.360000610351562,26.850000381469727,22.347579956054688,1005600
2008-10-20,DBC,27.06999969482422,27.6200008392334,26.65999984741211,27.389999389648438,22.797029495239258,512200
2008-10-21,DBC,26.6299991607666,26.899999618530273,26.31999969482422,26.40999984741211,21.981361389160156,442300
2008-10-22,DBC,25.75,25.81999969482422,24.899999618530273,25.15999984741211,20.940969467163086,643600
2008-10-23,DBC,25.049999237060547,25.65999984741211,24.950000762939453,25.260000228881836,21.02420425415039,819100
2008-10-24,DBC,23.8700008392334,24.75,23.799999237060547,24.25,20.183568954467773,724800
2008-10-27,DBC,23.940000534057617,25.0,23.829999923706055,24.06999969482422,20.033750534057617,712100
2008-10-28,DBC,24.989999771118164,25.100000381469727,24.25,24.729999542236328,20.58307647705078,605600
2008-10-29,DBC,25.40999984741211,26.399999618530273,25.31999969482422,26.190000534057617,21.798254013061523,931900
2008-10-30,DBC,26.100000381469727,26.1299991607666,24.860000610351562,25.110000610351562,20.89935874938965,711400
2008-10-31,DBC,25.0,26.440000534057617,24.860000610351562,25.389999389648438,21.132404327392578,1047200
2008-11-03,DBC,25.40999984741211,25.649999618530273,25.100000381469727,25.110000610351562,20.89935874938965,979000
2008-11-04,DBC,25.729999542236328,27.15999984741211,25.690000534057617,26.25,21.848194122314453,1220100
2008-11-05,DBC,26.469999313354492,26.6299991607666,25.420000076293945,25.56999969482422,21.282222747802734,757200
2008-11-06,DBC,25.190000534057617,25.309999465942383,24.3700008392334,24.450000762939453,20.35003089904785,800900
2008-11-07,DBC,24.600000381469727,24.8700008392334,24.399999618530273,24.479999542236328,20.374998092651367,1248800
2008-11-10,DBC,25.469999313354492,25.639999389648438,24.25,24.639999389648438,20.508169174194336,438200
2008-11-11,DBC,24.260000228881836,24.31999969482422,23.68000030517578,24.170000076293945,20.11698341369629,873900
2008-11-12,DBC,23.5,23.739999771118164,23.09000015258789,23.459999084472656,19.52604103088379,978100
2008-11-13,DBC,23.270000457763672,24.219999313354492,22.950000762939453,23.899999618530273,19.89225959777832,1126400
2008-11-14,DBC,23.579999923706055,23.920000076293945,23.3799991607666,23.75,19.767414093017578,486800
2008-11-17,DBC,23.530000686645508,23.959999084472656,23.079999923706055,23.209999084472656,19.317960739135742,554600
2008-11-18,DBC,23.209999084472656,23.440000534057617,22.75,22.860000610351562,19.026655197143555,1750400
2008-11-19,DBC,23.030000686645508,23.219999313354492,22.600000381469727,22.600000381469727,18.810256958007812,912800
2008-11-20,DBC,22.149999618530273,22.799999237060547,21.450000762939453,21.450000762939453,17.85309410095215,926200
2008-11-21,DBC,21.549999237060547,22.1200008392334,21.549999237060547,21.81999969482422,18.161048889160156,591300
2008-11-24,DBC,22.420000076293945,23.31999969482422,22.1299991607666,23.31999969482422,19.409517288208008,1225100
2008-11-25,DBC,22.81999969482422,22.899999618530273,22.290000915527344,22.540000915527344,18.760316848754883,731400
2008-11-26,DBC,22.81999969482422,23.260000228881836,22.459999084472656,23.260000228881836,19.359580993652344,1003900
2008-11-28,DBC,22.700000762939453,22.950000762939453,22.25,22.25,18.518943786621094,406000
2008-12-01,DBC,22.229999542236328,22.239999771118164,21.559999465942383,21.559999465942383,17.94464874267578,548600
2008-12-02,DBC,21.950000762939453,22.100000381469727,21.360000610351562,21.56999969482422,17.952970504760742,849100
2008-12-03,DBC,21.200000762939453,21.43000030517578,21.0,21.31999969482422,17.74489402770996,1077200
2008-12-04,DBC,21.0,21.200000762939453,20.15999984741211,20.200000762939453,16.81270408630371,1102100
2008-12-05,DBC,20.1299991607666,20.170000076293945,19.40999984741211,19.700000762939453,16.39655113220215,1966600
2008-12-08,DBC,20.420000076293945,20.739999771118164,20.200000762939453,20.610000610351562,17.153955459594727,1253100
2008-12-09,DBC,20.489999771118164,20.649999618530273,20.079999923706055,20.15999984741211,16.77941131591797,1201400
2008-12-10,DBC,20.5,20.8700008392334,20.100000381469727,20.770000457763672,17.28712272644043,1485800
2008-12-11,DBC,20.90999984741211,21.719999313354492,20.81999969482422,21.43000030517578,17.836444854736328,2210700
2008-12-12,DBC,20.670000076293945,22.5,20.459999084472656,21.899999618530273,18.22763442993164,1068200
2008-12-15,DBC,21.780000686645508,21.950000762939453,20.670000076293945,20.950000762939453,17.711915969848633,1382400
2008-12-16,DBC,21.25,21.450000762939453,20.719999313354492,21.25,17.96554946899414,952900
2008-12-17,DBC,21.43000030517578,21.450000762939453,20.760000228881836,20.959999084472656,17.720369338989258,1794800
2008-12-18,DBC,20.8700008392334,20.93000030517578,20.399999618530273,20.639999389648438,17.4498348236084,2647600
2008-12-19,DBC,20.479999542236328,20.65999984741211,20.25,20.5,17.331470489501953,2509700
2008-12-22,DBC,20.5,20.579999923706055,19.8700008392334,19.920000076293945,16.841115951538086,3788100
2008-12-23,DBC,19.940000534057617,20.34000015258789,19.610000610351562,20.0,16.908754348754883,1340100
2008-12-24,DBC,20.049999237060547,20.049999237060547,19.610000610351562,19.690000534057617,16.64666748046875,520600
2008-12-26,DBC,19.420000076293945,20.020000457763672,19.40999984741211,20.0,16.908754348754883,515700
2008-12-29,DBC,20.399999618530273,20.440000534057617,19.860000610351562,20.219999313354492,17.094745635986328,1247400
2008-12-30,DBC,20.239999771118164,20.459999084472656,19.899999618530273,20.34000015258789,17.19620132446289,1078800
2008-12-31,DBC,20.1299991607666,21.579999923706055,20.020000457763672,21.190000534057617,17.914823532104492,1143700
2009-01-02,DBC,21.559999465942383,22.219999313354492,21.200000762939453,21.93000030517578,18.540447235107422,808800
2009-01-05,DBC,21.760000228881836,22.239999771118164,21.399999618530273,22.15999984741211,18.734893798828125,1221900
2009-01-06,DBC,22.610000610351562,22.889999389648438,22.270000457763672,22.739999771118164,19.225250244140625,1047200
2009-01-07,DBC,22.489999771118164,22.489999771118164,21.5,21.579999923706055,18.24454116821289,991700
2009-01-08,DBC,21.559999465942383,21.68000030517578,21.209999084472656,21.65999984741211,18.312177658081055,1207000
2009-01-09,DBC,21.549999237060547,21.549999237060547,21.100000381469727,21.40999984741211,18.100820541381836,672000
2009-01-12,DBC,21.0,21.06999969482422,20.350000381469727,20.440000534057617,17.280746459960938,701500
2009-01-13,DBC,20.549999237060547,21.170000076293945,20.360000610351562,20.780000686645508,17.568195343017578,553700
2009-01-14,DBC,20.959999084472656,20.959999084472656,20.049999237060547,20.489999771118164,17.32301902770996,700000
2009-01-15,DBC,20.489999771118164,20.610000610351562,20.030000686645508,20.469999313354492,17.306106567382812,880500
2009-01-16,DBC,21.1200008392334,21.1200008392334,20.530000686645508,20.559999465942383,17.3821964263916,1184900
2009-01-20,DBC,20.299999237060547,20.40999984741211,19.65999984741211,19.920000076293945,16.841115951538086,699600
2009-01-21,DBC,19.75,20.09000015258789,19.510000228881836,20.0,16.908754348754883,956600
2009-01-22,DBC,19.850000381469727,20.049999237060547,19.549999237060547,19.739999771118164,16.688936233520508,1469000
2009-01-23,DBC,19.75,20.790000915527344,19.65999984741211,20.65999984741211,17.466739654541016,1804300
2009-01-26,DBC,20.780000686645508,21.219999313354492,20.610000610351562,20.700000762939453,17.500558853149414,1223600
2009-01-27,DBC,20.540000915527344,20.540000915527344,19.959999084472656,20.139999389648438,17.02711296081543,1017000
2009-01-28,DBC,20.350000381469727,20.739999771118164,20.100000381469727,20.6200008392334,17.432924270629883,2342100
2009-01-29,DBC,20.200000762939453,20.5,20.149999618530273,20.3700008392334,17.221561431884766,927500
2009-01-30,DBC,20.56999969482422,20.639999389648438,20.25,20.25,17.1201114654541,964900
2009-02-02,DBC,20.0,20.25,19.729999542236328,19.860000610351562,16.790390014648438,811600
2009-02-03,DBC,19.739999771118164,19.979999542236328,19.5,19.6299991607666,16.59593963623047,737300
2009-02-04,DBC,19.829999923706055,19.979999542236328,19.600000381469727,19.739999771118164,16.688936233520508,1735200
2009-02-05,DBC,19.8799991607666,20.229999542236328,19.700000762939453,20.18000030517578,17.060932159423828,998900
2009-02-06,DBC,20.06999969482422,20.540000915527344,19.809999465942383,20.329999923706055,17.187747955322266,1411400
2009-02-09,DBC,20.850000381469727,20.850000381469727,20.200000762939453,20.219999313354492,17.094745635986328,946400
2009-02-10,DBC,20.5,20.639999389648438,19.850000381469727,19.959999084472656,16.87493324279785,1183500
2009-02-11,DBC,19.90999984741211,20.059999465942383,19.729999542236328,19.84000015258789,16.773481369018555,731200
2009-02-12,DBC,19.75,19.920000076293945,19.559999465942383,19.8700008392334,16.798845291137695,731500
2009-02-13,DBC,20.170000076293945,20.170000076293945,19.40999984741211,19.510000228881836,16.494483947753906,1302100
2009-02-17,DBC,18.8799991607666,19.030000686645508,18.420000076293945,18.420000076293945,15.572959899902344,1216800
2009-02-18,DBC,18.540000915527344,18.540000915527344,18.149999618530273,18.309999465942383,15.479961395263672,864300
2009-02-19,DBC,18.3799991607666,18.790000915527344,18.219999313354492,18.760000228881836,15.860408782958984,777200
2009-02-20,DBC,18.280000686645508,18.68000030517578,18.209999084472656,18.549999237060547,15.682865142822266,1107800
2009-02-23,DBC,18.850000381469727,18.899999618530273,18.270000457763672,18.3700008392334,15.530689239501953,709400
2009-02-24,DBC,18.639999389648438,18.739999771118164,18.3799991607666,18.719999313354492,15.826592445373535,858000
2009-02-25,DBC,18.799999237060547,19.149999618530273,18.520000457763672,18.940000534057617,16.012588500976562,860100
2009-02-26,DBC,19.260000228881836,19.469999313354492,19.059999465942383,19.34000015258789,16.35076332092285,657300
2009-02-27,DBC,19.219999313354492,19.489999771118164,18.8700008392334,19.110000610351562,16.156312942504883,595700
2009-03-02,DBC,18.649999618530273,18.649999618530273,18.040000915527344,18.149999618530273,15.34469223022461,1263200
2009-03-03,DBC,18.270000457763672,18.450000762939453,17.940000534057617,18.270000457763672,15.446146011352539,1398300
2009-03-04,DBC,18.709999084472656,19.030000686645508,18.68000030517578,18.90999984741211,15.987223625183105,1010100
2009-03-05,DBC,18.770000457763672,19.100000381469727,18.5,18.75,15.851953506469727,938900
2009-03-06,DBC,19.030000686645508,19.200000762939453,18.799999237060547,19.200000762939453,16.232402801513672,1247200
2009-03-09,DBC,19.479999542236328,19.479999542236328,18.780000686645508,19.09000015258789,16.139404296875,1624800
2009-03-10,DBC,19.239999771118164,19.43000030517578,18.959999084472656,19.040000915527344,16.09713363647461,1020200
2009-03-11,DBC,18.989999771118164,19.059999465942383,18.3799991607666,18.440000534057617,15.589868545532227,724600
2009-03-12,DBC,18.6200008392334,19.360000610351562,18.5,19.299999237060547,16.31694221496582,1256400
2009-03-13,DBC,19.43000030517578,19.540000915527344,19.079999923706055,19.1299991607666,16.173221588134766,1692900
2009-03-16,DBC,19.209999084472656,19.549999237060547,18.770000457763672,19.549999237060547,16.52830696105957,1015100
2009-03-17,DBC,19.549999237060547,19.969999313354492,19.479999542236328,19.969999313354492,16.883386611938477,1798200
2009-03-18,DBC,19.690000534057617,20.25,19.389999389648438,20.219999313354492,17.094745635986328,1501200
2009-03-19,DBC,20.8799991607666,21.030000686645508,20.489999771118164,20.639999389648438,17.4498348236084,3796400
2009-03-20,DBC,20.68000030517578,20.950000762939453,20.549999237060547,20.920000076293945,17.686555862426758,2944200
2009-03-23,DBC,20.979999542236328,21.389999389648438,20.860000610351562,21.360000610351562,18.058547973632812,3068100
2009-03-24,DBC,21.059999465942383,21.100000381469727,20.850000381469727,21.010000228881836,17.762643814086914,2188200
2009-03-25,DBC,20.719999313354492,20.969999313354492,20.540000915527344,20.690000534057617,17.492103576660156,1585700
2009-03-26,DBC,21.049999237060547,21.06999969482422,20.799999237060547,21.049999237060547,17.79646110534668,1601100
2009-03-27,DBC,20.639999389648438,20.670000076293945,20.350000381469727,20.65999984741211,17.466739654541016,1362300
2009-03-30,DBC,20.170000076293945,20.25,19.719999313354492,19.90999984741211,16.83266258239746,1630400
2009-03-31,DBC,20.010000228881836,20.280000686645508,19.639999389648438,20.0,16.908754348754883,4798800
2009-04-01,DBC,19.799999237060547,20.010000228881836,19.649999618530273,19.950000762939453,16.866479873657227,3109500
2009-04-02,DBC,20.690000534057617,20.93000030517578,20.559999465942383,20.719999313354492,17.517465591430664,4605800
2009-04-03,DBC,20.600000381469727,21.06999969482422,20.600000381469727,21.040000915527344,17.788009643554688,2335000
2009-04-06,DBC,20.790000915527344,20.860000610351562,20.440000534057617,20.780000686645508,17.568195343017578,1918700
2009-04-07,DBC,20.520000457763672,20.6299991607666,20.350000381469727,20.40999984741211,17.255382537841797,1230500
2009-04-08,DBC,20.290000915527344,20.90999984741211,20.18000030517578,20.559999465942383,17.3821964263916,1741200
2009-04-09,DBC,20.979999542236328,21.0,20.600000381469727,20.860000610351562,17.635828018188477,1843100
2009-04-13,DBC,20.360000610351562,21.360000610351562,20.270000457763672,20.950000762939453,17.711915969848633,1368000
2009-04-14,DBC,20.790000915527344,20.829999923706055,20.34000015258789,20.56999969482422,17.390649795532227,1233600
2009-04-15,DBC,20.389999389648438,20.56999969482422,20.209999084472656,20.440000534057617,17.280746459960938,1158200
2009-04-16,DBC,20.440000534057617,20.440000534057617,20.239999771118164,20.350000381469727,17.20465660095215,1574900
2009-04-17,DBC,20.510000228881836,20.510000228881836,20.200000762939453,20.200000762939453,17.07784080505371,1508400
2009-04-20,DBC,19.670000076293945,19.68000030517578,19.280000686645508,19.440000534057617,16.435306549072266,3025000
2009-04-21,DBC,19.190000534057617,19.649999618530273,19.100000381469727,19.510000228881836,16.494483947753906,1247400
2009-04-22,DBC,19.479999542236328,19.610000610351562,19.350000381469727,19.540000915527344,16.51984977722168,1270300
2009-04-23,DBC,19.600000381469727,19.799999237060547,19.489999771118164,19.799999237060547,16.739662170410156,1312800
2009-04-24,DBC,20.040000915527344,20.139999389648438,19.940000534057617,20.100000381469727,16.993295669555664,1333600
2009-04-27,DBC,19.329999923706055,19.8700008392334,19.209999084472656,19.600000381469727,16.570575714111328,1093100
2009-04-28,DBC,19.34000015258789,19.5,19.260000228881836,19.459999084472656,16.452213287353516,1567100
2009-04-29,DBC,19.700000762939453,19.950000762939453,19.6299991607666,19.90999984741211,16.83266258239746,1617400
2009-04-30,DBC,19.75,19.989999771118164,19.670000076293945,19.979999542236328,16.891843795776367,1304800
2009-05-01,DBC,20.200000762939453,20.68000030517578,20.100000381469727,20.579999923706055,17.399106979370117,2069700
2009-05-04,DBC,20.700000762939453,20.989999771118164,20.68000030517578,20.979999542236328,17.737281799316406,3069000
2009-05-05,DBC,20.81999969482422,20.90999984741211,20.59000015258789,20.68000030517578,17.48365020751953,1581500
2009-05-06,DBC,21.09000015258789,21.270000457763672,20.90999984741211,21.229999542236328,17.948638916015625,2645900
2009-05-07,DBC,21.670000076293945,21.670000076293945,21.09000015258789,21.270000457763672,17.982460021972656,3601000
2009-05-08,DBC,21.549999237060547,21.81999969482422,21.399999618530273,21.799999237060547,18.430540084838867,2875200
2009-05-11,DBC,21.579999923706055,21.700000762939453,21.43000030517578,21.6200008392334,18.278362274169922,1816400
2009-05-12,DBC,21.920000076293945,21.920000076293945,21.549999237060547,21.84000015258789,18.464359283447266,2137800
2009-05-13,DBC,21.739999771118164,21.950000762939453,21.489999771118164,21.59000015258789,18.25299835205078,2477600
2009-05-14,DBC,21.489999771118164,21.760000228881836,21.389999389648438,21.729999542236328,18.371356964111328,1957200
2009-05-15,DBC,21.600000381469727,21.68000030517578,21.079999923706055,21.18000030517578,17.906368255615234,2119100
2009-05-18,DBC,21.31999969482422,21.770000457763672,21.270000457763672,21.739999771118164,18.37981414794922,2184700
2009-05-19,DBC,21.739999771118164,21.790000915527344,21.5,21.739999771118164,18.37981414794922,2517000
2009-05-20,DBC,21.950000762939453,22.25,21.850000381469727,22.09000015258789,18.675718307495117,4038300
2009-05-21,DBC,21.809999465942383,22.020000457763672,21.579999923706055,21.90999984741211,18.523536682128906,2330700
2009-05-22,DBC,22.0,22.229999542236328,21.889999389648438,22.229999542236328,18.794076919555664,1947100
2009-05-26,DBC,21.770000457763672,22.31999969482422,21.700000762939453,22.280000686645508,18.836349487304688,3170300
2009-05-27,DBC,22.389999389648438,22.5,22.200000762939453,22.3799991607666,18.92089080810547,2329500
2009-05-28,DBC,22.489999771118164,22.8799991607666,22.389999389648438,22.790000915527344,19.26752281188965,2732700
2009-05-29,DBC,23.18000030517578,23.25,23.010000228881836,23.229999542236328,19.639514923095703,3127300
2009-06-01,DBC,23.59000015258789,23.940000534057617,23.520000457763672,23.8700008392334,20.18059539794922,4044000
2009-06-02,DBC,23.739999771118164,24.059999465942383,23.670000076293945,23.969999313354492,20.265138626098633,3385400
2009-06-03,DBC,23.770000457763672,23.790000915527344,22.93000030517578,23.170000076293945,19.588788986206055,3295800
2009-06-04,DBC,23.579999923706055,24.100000381469727,23.450000762939453,24.020000457763672,20.30741310119629,2816000
2009-06-05,DBC,23.920000076293945,23.950000762939453,23.610000610351562,23.889999389648438,20.1975040435791,3026200
2009-06-08,DBC,23.790000915527344,23.860000610351562,23.639999389648438,23.829999923706055,20.146778106689453,2457400
2009-06-09,DBC,24.049999237060547,24.110000610351562,23.850000381469727,24.059999465942383,20.341228485107422,2168000
2009-06-10,DBC,24.200000762939453,24.219999313354492,23.780000686645508,23.969999313354492,20.265138626098633,2546900
2009-06-11,DBC,24.139999389648438,24.309999465942383,24.079999923706055,24.190000534057617,20.45113754272461,2864500
2009-06-12,DBC,23.920000076293945,23.940000534057617,23.719999313354492,23.850000381469727,20.163686752319336,1954100
2009-06-15,DBC,23.6200008392334,23.6200008392334,23.219999313354492,23.389999389648438,19.774784088134766,2273500
2009-06-16,DBC,23.65999984741211,23.690000534057617,23.18000030517578,23.299999237060547,19.69869613647461,1694100
2009-06-17,DBC,23.219999313354492,23.5,23.010000228881836,23.3700008392334,19.757875442504883,1887700
2009-06-18,DBC,23.3799991607666,23.540000915527344,23.239999771118164,23.399999618530273,19.783241271972656,1843200
2009-06-19,DBC,23.489999771118164,23.520000457763672,23.049999237060547,23.200000762939453,19.614154815673828,2409400
2009-06-22,DBC,22.700000762939453,22.700000762939453,22.31999969482422,22.420000076293945,18.9547119140625,3758400
2009-06-23,DBC,22.559999465942383,22.829999923706055,22.350000381469727,22.809999465942383,19.28443145751953,4012600
2009-06-24,DBC,22.899999618530273,23.0,22.690000534057617,22.799999237060547,19.275978088378906,4231700
2009-06-25,DBC,22.920000076293945,23.049999237060547,22.770000457763672,23.0,19.445064544677734,3136700
2009-06-26,DBC,22.969999313354492,22.989999771118164,22.65999984741211,22.809999465942383,19.28443145751953,2186200
2009-06-29,DBC,23.020000457763672,23.110000610351562,22.920000076293945,23.030000686645508,19.470430374145508,2322300
2009-06-30,DBC,22.889999389648438,22.93000030517578,22.149999618530273,22.6200008392334,19.123798370361328,2892900
2009-07-01,DBC,22.8799991607666,22.889999389648438,22.329999923706055,22.530000686645508,19.047710418701172,2208000
2009-07-02,DBC,22.049999237060547,22.110000610351562,21.920000076293945,22.030000686645508,18.62499237060547,2277800
2009-07-06,DBC,21.489999771118164,21.540000915527344,21.25,21.3700008392334,18.06700325012207,2763400
2009-07-07,DBC,21.479999542236328,21.479999542236328,20.959999084472656,21.030000686645508,17.77955436706543,2690400
2009-07-08,DBC,21.0,21.010000228881836,20.610000610351562,20.770000457763672,17.55974006652832,3580300
2009-07-09,DBC,20.850000381469727,20.950000762939453,20.639999389648438,20.899999618530273,17.66964340209961,1778200
2009-07-10,DBC,20.68000030517578,20.81999969482422,20.530000686645508,20.739999771118164,17.53437614440918,1486900
2009-07-13,DBC,20.579999923706055,20.8700008392334,20.399999618530273,20.850000381469727,17.62737464904785,1537000
2009-07-14,DBC,21.0,21.020000457763672,20.719999313354492,20.850000381469727,17.62737464904785,1340200
2009-07-15,DBC,21.200000762939453,21.399999618530273,21.139999389648438,21.399999618530273,18.092365264892578,3202700
2009-07-16,DBC,21.149999618530273,21.489999771118164,21.1200008392334,21.450000762939453,18.13463592529297,1460600
2009-07-17,DBC,21.649999618530273,21.850000381469727,21.6200008392334,21.770000457763672,18.40517807006836,2220200
2009-07-20,DBC,22.09000015258789,22.170000076293945,21.860000610351562,22.1299991607666,18.709535598754883,3233700
2009-07-21,DBC,22.290000915527344,22.329999923706055,21.889999389648438,22.049999237060547,18.641897201538086,3826700
2009-07-22,DBC,21.850000381469727,22.209999084472656,21.780000686645508,22.170000076293945,18.743350982666016,2362900
2009-07-23,DBC,22.209999084472656,22.719999313354492,22.200000762939453,22.6299991607666,19.132253646850586,2376400
2009-07-24,DBC,22.760000228881836,22.809999465942383,22.559999465942383,22.649999618530273,19.149160385131836,2448800
2009-07-27,DBC,22.770000457763672,22.809999465942383,22.6200008392334,22.739999771118164,19.225250244140625,1906600
2009-07-28,DBC,22.540000915527344,22.549999237060547,22.290000915527344,22.489999771118164,19.01388931274414,1973600
2009-07-29,DBC,22.280000686645508,22.290000915527344,21.799999237060547,21.90999984741211,18.523536682128906,2307500
2009-07-30,DBC,22.280000686645508,22.729999542236328,22.190000534057617,22.59000015258789,19.098434448242188,2079200
2009-07-31,DBC,22.5,23.049999237060547,22.43000030517578,23.040000915527344,19.478883743286133,2317200
2009-08-03,DBC,23.530000686645508,23.75,23.43000030517578,23.690000534057617,20.028419494628906,2570800
2009-08-04,DBC,23.59000015258789,23.81999969482422,23.450000762939453,23.700000762939453,20.0368709564209,2255000
2009-08-05,DBC,23.989999771118164,24.0,23.65999984741211,23.950000762939453,20.248231887817383,2445900
2009-08-06,DBC,23.850000381469727,23.889999389648438,23.399999618530273,23.399999618530273,19.783241271972656,2238200
2009-08-07,DBC,23.56999969482422,23.700000762939453,23.170000076293945,23.290000915527344,19.690242767333984,2473800
2009-08-10,DBC,23.329999923706055,23.3799991607666,23.110000610351562,23.280000686645508,19.681787490844727,1588300
2009-08-11,DBC,23.170000076293945,23.18000030517578,22.8700008392334,22.93000030517578,19.385883331298828,1647800
2009-08-12,DBC,22.8799991607666,23.200000762939453,22.799999237060547,23.049999237060547,19.487337112426758,2315800
2009-08-13,DBC,23.40999984741211,23.440000534057617,23.18000030517578,23.360000610351562,19.749422073364258,2327900
2009-08-14,DBC,23.229999542236328,23.229999542236328,22.600000381469727,22.700000762939453,19.191436767578125,1761100
2009-08-17,DBC,22.25,22.389999389648438,22.049999237060547,22.360000610351562,18.90398597717285,2724400
2009-08-18,DBC,22.280000686645508,22.8700008392334,22.239999771118164,22.799999237060547,19.275978088378906,1339100
2009-08-19,DBC,22.399999618530273,23.079999923706055,22.3799991607666,22.959999084472656,19.41124725341797,1167300
2009-08-20,DBC,22.850000381469727,22.90999984741211,22.68000030517578,22.770000457763672,19.250614166259766,1506000
2009-08-21,DBC,22.989999771118164,23.09000015258789,22.84000015258789,22.940000534057617,19.394336700439453,1638600
2009-08-24,DBC,23.190000534057617,23.200000762939453,22.889999389648438,22.979999542236328,19.428157806396484,1590200
2009-08-25,DBC,22.989999771118164,23.059999465942383,22.399999618530273,22.649999618530273,19.149160385131836,1869100
2009-08-26,DBC,22.399999618530273,22.59000015258789,22.290000915527344,22.59000015258789,19.098434448242188,1853900
2009-08-27,DBC,22.43000030517578,22.780000686645508,22.270000457763672,22.780000686645508,19.25906753540039,1616300
2009-08-28,DBC,22.790000915527344,22.8700008392334,22.5,22.729999542236328,19.216796875,1693300
2009-08-31,DBC,22.25,22.34000015258789,21.899999618530273,22.110000610351562,18.692625045776367,1298600
2009-09-01,DBC,22.190000534057617,22.459999084472656,21.709999084472656,21.770000457763672,18.40517807006836,2174500
2009-09-02,DBC,21.739999771118164,21.8799991607666,21.559999465942383,21.81999969482422,18.44744873046875,1679300
2009-09-03,DBC,21.959999084472656,21.959999084472656,21.649999618530273,21.709999084472656,18.354450225830078,1684700
2009-09-04,DBC,21.579999923706055,21.670000076293945,21.420000076293945,21.6200008392334,18.278362274169922,1803200
2009-09-08,DBC,22.06999969482422,22.260000228881836,21.979999542236328,22.020000457763672,18.616535186767578,2799000
2009-09-09,DBC,22.149999618530273,22.31999969482422,22.020000457763672,22.110000610351562,18.692625045776367,2264600
2009-09-10,DBC,21.940000534057617,22.229999542236328,21.8799991607666,22.229999542236328,18.794076919555664,1568600
2009-09-11,DBC,22.399999618530273,22.399999618530273,21.690000534057617,21.940000534057617,18.548900604248047,1647700
2009-09-14,DBC,21.709999084472656,21.860000610351562,21.65999984741211,21.81999969482422,18.44744873046875,1505200
2009-09-15,DBC,21.889999389648438,22.3799991607666,21.75,22.329999923706055,18.87862205505371,2333600
2009-09-16,DBC,22.399999618530273,22.65999984741211,22.299999237060547,22.6200008392334,19.123798370361328,2035200
2009-09-17,DBC,22.65999984741211,22.790000915527344,22.510000228881836,22.6299991607666,19.132253646850586,1327400
2009-09-18,DBC,22.68000030517578,22.700000762939453,22.3799991607666,22.43000030517578,18.963165283203125,1553000
2009-09-21,DBC,22.15999984741211,22.15999984741211,21.81999969482422,21.940000534057617,18.548900604248047,1805400
2009-09-22,DBC,22.329999923706055,22.329999923706055,22.1200008392334,22.299999237060547,18.853260040283203,1926600
2009-09-23,DBC,22.299999237060547,22.299999237060547,21.780000686645508,21.799999237060547,18.430540084838867,1487600
2009-09-24,DBC,21.760000228881836,21.770000457763672,21.31999969482422,21.520000457763672,18.193817138671875,1982500
2009-09-25,DBC,21.420000076293945,21.559999465942383,21.219999313354492,21.350000381469727,18.050094604492188,1543100
2009-09-28,DBC,21.31999969482422,21.6200008392334,21.299999237060547,21.540000915527344,18.210729598999023,1144800
2009-09-29,DBC,21.5,21.65999984741211,21.3700008392334,21.459999084472656,18.143089294433594,1323200
2009-09-30,DBC,21.610000610351562,22.18000030517578,21.350000381469727,22.059999465942383,18.650352478027344,2136300
2009-10-01,DBC,22.239999771118164,22.239999771118164,21.799999237060547,21.920000076293945,18.531993865966797,2257800
2009-10-02,DBC,21.690000534057617,21.93000030517578,21.6200008392334,21.700000762939453,18.345996856689453,1334200
2009-10-05,DBC,21.690000534057617,22.399999618530273,21.459999084472656,22.399999618530273,18.937803268432617,1520300
2009-10-06,DBC,22.200000762939453,22.520000457763672,22.1299991607666,22.1299991607666,18.709535598754883,2322300
2009-10-07,DBC,22.270000457763672,22.3700008392334,21.920000076293945,22.170000076293945,18.743350982666016,1932000
2009-10-08,DBC,22.200000762939453,22.850000381469727,22.170000076293945,22.610000610351562,19.11534309387207,1875300
2009-10-09,DBC,22.729999542236328,22.81999969482422,22.510000228881836,22.700000762939453,19.191436767578125,1188000
2009-10-12,DBC,23.06999969482422,23.280000686645508,23.06999969482422,23.15999984741211,19.58033561706543,1798600
2009-10-13,DBC,23.309999465942383,23.479999542236328,23.139999389648438,23.420000076293945,19.800148010253906,1819500
2009-10-14,DBC,23.56999969482422,23.639999389648438,23.510000228881836,23.600000381469727,19.952327728271484,1841000
2009-10-15,DBC,23.549999237060547,23.860000610351562,23.43000030517578,23.84000015258789,20.155231475830078,2579200
2009-10-16,DBC,23.850000381469727,23.979999542236328,23.68000030517578,23.899999618530273,20.20595932006836,1767100
2009-10-19,DBC,23.920000076293945,24.309999465942383,23.860000610351562,24.239999771118164,20.493408203125,2012600
2009-10-20,DBC,24.329999923706055,24.329999923706055,23.940000534057617,24.09000015258789,20.366592407226562,2164200
2009-10-21,DBC,24.079999923706055,24.899999618530273,24.020000457763672,24.600000381469727,20.79776382446289,2042400
2009-10-22,DBC,24.649999618530273,24.81999969482422,24.440000534057617,24.799999237060547,20.96685218811035,1799600
2009-10-23,DBC,24.920000076293945,24.959999084472656,24.56999969482422,24.709999084472656,20.890762329101562,1617200
2009-10-26,DBC,24.889999389648438,25.020000457763672,24.110000610351562,24.260000228881836,20.510316848754883,1885800
2009-10-27,DBC,24.31999969482422,24.31999969482422,23.969999313354492,24.09000015258789,20.366592407226562,3855800
2009-10-28,DBC,23.860000610351562,23.969999313354492,23.469999313354492,23.469999313354492,19.84242057800293,3014200
2009-10-29,DBC,23.75,24.270000457763672,23.75,24.200000762939453,20.4595890045166,2377800
2009-10-30,DBC,24.020000457763672,24.049999237060547,23.530000686645508,23.59000015258789,19.943872451782227,2278200
2009-11-02,DBC,23.59000015258789,24.0,23.549999237060547,24.0,20.29050064086914,2008500
2009-11-03,DBC,23.799999237060547,24.399999618530273,23.700000762939453,24.34000015258789,20.57794952392578,2419900
2009-11-04,DBC,24.479999542236328,24.610000610351562,24.280000686645508,24.31999969482422,20.56104278564453,3456400
2009-11-05,DBC,24.31999969482422,24.399999618530273,24.149999618530273,24.190000534057617,20.45113754272461,1924500
2009-11-06,DBC,23.940000534057617,24.1299991607666,23.670000076293945,23.760000228881836,20.08759880065918,2483500
2009-11-09,DBC,24.059999465942383,24.229999542236328,24.010000228881836,24.149999618530273,20.417316436767578,1809600
2009-11-10,DBC,24.260000228881836,24.299999237060547,23.790000915527344,24.030000686645508,20.315866470336914,2451700
2009-11-11,DBC,24.290000915527344,24.360000610351562,24.059999465942383,24.190000534057617,20.45113754272461,1383500
2009-11-12,DBC,24.059999465942383,24.139999389648438,23.780000686645508,23.829999923706055,20.146778106689453,2308200
2009-11-13,DBC,23.809999465942383,23.93000030517578,23.610000610351562,23.809999465942383,20.12986946105957,1058400
2009-11-16,DBC,24.059999465942383,24.639999389648438,24.010000228881836,24.5,20.713220596313477,1080900
2009-11-17,DBC,24.510000228881836,24.700000762939453,24.389999389648438,24.6200008392334,20.81467628479004,2245400
2009-11-18,DBC,24.850000381469727,24.93000030517578,24.510000228881836,24.639999389648438,20.831581115722656,3365300
2009-11-19,DBC,24.510000228881836,24.510000228881836,24.100000381469727,24.290000915527344,20.535680770874023,1484900
2009-11-20,DBC,24.110000610351562,24.350000381469727,24.049999237060547,24.260000228881836,20.510316848754883,4630100
2009-11-23,DBC,24.719999313354492,24.780000686645508,24.260000228881836,24.3700008392334,20.603313446044922,2014600
2009-11-24,DBC,24.31999969482422,24.3700008392334,23.959999084472656,24.09000015258789,20.366592407226562,2632700
2009-11-25,DBC,24.239999771118164,24.700000762939453,24.149999618530273,24.670000076293945,20.85694694519043,1799700
2009-11-27,DBC,23.790000915527344,24.459999084472656,23.729999542236328,24.389999389648438,20.620223999023438,1416200
2009-11-30,DBC,24.280000686645508,24.780000686645508,24.200000762939453,24.65999984741211,20.848491668701172,3340900
2009-12-01,DBC,24.920000076293945,25.059999465942383,24.84000015258789,24.84000015258789,21.000669479370117,2594000
2009-12-02,DBC,24.90999984741211,24.959999084472656,24.59000015258789,24.670000076293945,20.85694694519043,3084400
2009-12-03,DBC,24.709999084472656,24.860000610351562,24.59000015258789,24.649999618530273,20.840036392211914,1631900
2009-12-04,DBC,24.8799991607666,24.940000534057617,24.309999465942383,24.450000762939453,20.670949935913086,3607400
2009-12-07,DBC,24.200000762939453,24.5,24.15999984741211,24.229999542236328,20.484952926635742,2023600
2009-12-08,DBC,24.190000534057617,24.190000534057617,23.93000030517578,23.989999771118164,20.282047271728516,1906900
2009-12-09,DBC,24.0,24.079999923706055,23.389999389648438,23.690000534057617,20.028419494628906,2277800
2009-12-10,DBC,23.549999237060547,23.65999984741211,23.31999969482422,23.559999465942383,19.918508529663086,2051600
2009-12-11,DBC,23.639999389648438,23.68000030517578,23.399999618530273,23.68000030517578,20.019962310791016,2280700
2009-12-14,DBC,23.75,23.860000610351562,23.690000534057617,23.809999465942383,20.12986946105957,2782900
2009-12-15,DBC,23.809999465942383,23.889999389648438,23.700000762939453,23.700000762939453,20.0368709564209,2935200
2009-12-16,DBC,23.889999389648438,24.18000030517578,23.8799991607666,24.110000610351562,20.383501052856445,1447200
2009-12-17,DBC,23.899999618530273,23.950000762939453,23.6200008392334,23.739999771118164,20.070688247680664,1646600
2009-12-18,DBC,23.969999313354492,24.049999237060547,23.690000534057617,23.84000015258789,20.155231475830078,2143000
2009-12-21,DBC,24.010000228881836,24.06999969482422,23.610000610351562,23.610000610351562,19.960783004760742,1138300
2009-12-22,DBC,23.670000076293945,23.8700008392334,23.450000762939453,23.780000686645508,20.104507446289062,2165800
2009-12-23,DBC,23.860000610351562,24.260000228881836,23.860000610351562,24.200000762939453,20.4595890045166,1465200
2009-12-24,DBC,24.229999542236328,24.3700008392334,24.229999542236328,24.34000015258789,20.57794952392578,882900
2009-12-28,DBC,24.760000228881836,24.799999237060547,24.670000076293945,24.770000457763672,20.94148826599121,1932500
2009-12-29,DBC,24.850000381469727,24.850000381469727,24.579999923706055,24.719999313354492,20.899215698242188,2252400
2009-12-30,DBC,24.719999313354492,24.799999237060547,24.600000381469727,24.690000534057617,20.873857498168945,1420400
2009-12-31,DBC,24.889999389648438,24.889999389648438,24.600000381469727,24.6200008392334,20.81467628479004,1649600
2010-01-04,DBC,25.170000076293945,25.239999771118164,25.06999969482422,25.239999771118164,21.338848114013672,2046900
2010-01-05,DBC,25.270000457763672,25.329999923706055,25.1200008392334,25.270000457763672,21.364208221435547,2335400
2010-01-06,DBC,25.399999618530273,25.729999542236328,25.299999237060547,25.719999313354492,21.74465560913086,2262600
2010-01-07,DBC,25.6299991607666,25.649999618530273,25.399999618530273,25.399999618530273,21.4741153717041,1604100
2010-01-08,DBC,25.34000015258789,25.479999542236328,25.229999542236328,25.3799991607666,21.45720672607422,1565300
2010-01-11,DBC,25.56999969482422,25.59000015258789,25.260000228881836,25.299999237060547,21.389570236206055,1493800
2010-01-12,DBC,25.049999237060547,25.110000610351562,24.6200008392334,24.760000228881836,20.93303680419922,3256300
2010-01-13,DBC,24.6299991607666,24.809999465942383,24.329999923706055,24.780000686645508,20.94994354248047,3565200
2010-01-14,DBC,24.81999969482422,24.860000610351562,24.549999237060547,24.649999618530273,20.840036392211914,1622200
2010-01-15,DBC,24.59000015258789,24.610000610351562,24.299999237060547,24.3700008392334,20.603313446044922,1427200
2010-01-19,DBC,24.18000030517578,24.530000686645508,24.100000381469727,24.530000686645508,20.738584518432617,2316500
2010-01-20,DBC,24.209999084472656,24.219999313354492,23.940000534057617,24.06999969482422,20.349681854248047,1848500
2010-01-21,DBC,24.139999389648438,24.229999542236328,23.719999313354492,23.770000457763672,20.096050262451172,2452400
2010-01-22,DBC,23.6299991607666,23.709999084472656,23.360000610351562,23.520000457763672,19.884693145751953,3609600
2010-01-25,DBC,23.489999771118164,23.68000030517578,23.479999542236328,23.6299991607666,19.977691650390625,1718100
2010-01-26,DBC,23.270000457763672,23.549999237060547,23.25,23.3700008392334,19.757875442504883,1403100
2010-01-27,DBC,23.239999771118164,23.350000381469727,22.860000610351562,23.030000686645508,19.470430374145508,2082100
2010-01-28,DBC,23.06999969482422,23.110000610351562,22.75,22.950000762939453,19.402793884277344,1344900
2010-01-29,DBC,23.030000686645508,23.1200008392334,22.65999984741211,22.690000534057617,19.182979583740234,2810100
2010-02-01,DBC,22.829999923706055,23.239999771118164,22.75,23.239999771118164,19.647968292236328,2807600
2010-02-02,DBC,23.309999465942383,23.770000457763672,23.260000228881836,23.739999771118164,20.070688247680664,13788100
2010-02-03,DBC,23.649999618530273,23.770000457763672,23.43000030517578,23.450000762939453,19.825511932373047,4795500
2010-02-04,DBC,23.200000762939453,23.229999542236328,22.610000610351562,22.670000076293945,19.16607093811035,4453900
2010-02-05,DBC,22.600000381469727,22.68000030517578,21.829999923706055,22.3799991607666,18.92089080810547,11514400
2010-02-08,DBC,22.3799991607666,22.56999969482422,22.25,22.389999389648438,18.92934799194336,1608100
2010-02-09,DBC,22.56999969482422,22.93000030517578,22.479999542236328,22.790000915527344,19.26752281188965,2047300
2010-02-10,DBC,23.059999465942383,23.059999465942383,22.520000457763672,22.8799991607666,19.343610763549805,1842300
2010-02-11,DBC,22.920000076293945,23.239999771118164,22.760000228881836,23.149999618530273,19.57187843322754,1727000
2010-02-12,DBC,22.899999618530273,23.020000457763672,22.719999313354492,23.020000457763672,19.461973190307617,1374300
2010-02-16,DBC,23.389999389648438,23.739999771118164,23.3799991607666,23.719999313354492,20.05377960205078,1398600
2010-02-17,DBC,23.700000762939453,23.739999771118164,23.479999542236328,23.600000381469727,19.952327728271484,1526800
2010-02-18,DBC,23.690000534057617,23.84000015258789,23.59000015258789,23.809999465942383,20.12986946105957,1311900
2010-02-19,DBC,23.670000076293945,24.0,23.600000381469727,23.950000762939453,20.248231887817383,1729200
2010-02-22,DBC,23.950000762939453,23.979999542236328,23.739999771118164,23.81999969482422,20.138322830200195,1796300
2010-02-23,DBC,23.610000610351562,23.670000076293945,23.389999389648438,23.43000030517578,19.808603286743164,1833000
2010-02-24,DBC,23.469999313354492,23.68000030517578,23.360000610351562,23.6200008392334,19.96923828125,1581200
2010-02-25,DBC,23.149999618530273,23.270000457763672,23.010000228881836,23.219999313354492,19.631059646606445,1383700
2010-02-26,DBC,23.290000915527344,23.6299991607666,23.290000915527344,23.6299991607666,19.977691650390625,1536900
2010-03-01,DBC,23.729999542236328,23.790000915527344,23.280000686645508,23.389999389648438,19.774784088134766,2366400
2010-03-02,DBC,23.479999542236328,23.790000915527344,23.459999084472656,23.639999389648438,19.98614501953125,1425800
2010-03-03,DBC,23.709999084472656,23.979999542236328,23.6299991607666,23.8700008392334,20.18059539794922,1972000
2010-03-04,DBC,23.770000457763672,23.829999923706055,23.559999465942383,23.65999984741211,20.003053665161133,1841300
2010-03-05,DBC,23.850000381469727,24.020000457763672,23.81999969482422,23.940000534057617,20.239776611328125,1384000
2010-03-08,DBC,24.040000915527344,24.040000915527344,23.75,23.90999984741211,20.214414596557617,1450800
2010-03-09,DBC,23.690000534057617,23.850000381469727,23.649999618530273,23.649999618530273,19.994598388671875,2064000
2010-03-10,DBC,23.649999618530273,23.989999771118164,23.5,23.719999313354492,20.05377960205078,1705400
2010-03-11,DBC,23.6200008392334,23.690000534057617,23.530000686645508,23.65999984741211,20.003053665161133,1438400
2010-03-12,DBC,23.739999771118164,23.770000457763672,23.420000076293945,23.520000457763672,19.884693145751953,1669300
2010-03-15,DBC,23.3799991607666,23.389999389648438,23.110000610351562,23.239999771118164,19.647968292236328,1817600
2010-03-16,DBC,23.469999313354492,23.68000030517578,23.420000076293945,23.549999237060547,19.91005516052246,1549700
2010-03-17,DBC,23.709999084472656,23.8799991607666,23.579999923706055,23.760000228881836,20.08759880065918,2185600
2010-03-18,DBC,23.739999771118164,23.780000686645508,23.610000610351562,23.709999084472656,20.04532241821289,1524900
2010-03-19,DBC,23.420000076293945,23.700000762939453,23.260000228881836,23.420000076293945,19.800148010253906,1576900
2010-03-22,DBC,23.06999969482422,23.459999084472656,22.989999771118164,23.420000076293945,19.800148010253906,3003900
2010-03-23,DBC,23.329999923706055,23.469999313354492,23.239999771118164,23.31999969482422,19.715604782104492,1647200
2010-03-24,DBC,23.049999237060547,23.15999984741211,22.979999542236328,23.059999465942383,19.49578857421875,1622700
2010-03-25,DBC,23.209999084472656,23.229999542236328,22.90999984741211,22.93000030517578,19.385883331298828,3071500
2010-03-26,DBC,23.059999465942383,23.110000610351562,22.8799991607666,22.969999313354492,19.419702529907227,1626500
2010-03-29,DBC,23.25,23.56999969482422,23.239999771118164,23.489999771118164,19.859329223632812,2449500
2010-03-30,DBC,23.520000457763672,23.579999923706055,23.399999618530273,23.540000915527344,19.901599884033203,1091300
2010-03-31,DBC,23.639999389648438,23.709999084472656,23.450000762939453,23.520000457763672,19.884693145751953,1193900
2010-04-01,DBC,23.790000915527344,24.010000228881836,23.739999771118164,23.979999542236328,20.27359390258789,1665900
2010-04-05,DBC,24.1299991607666,24.3799991607666,24.1299991607666,24.360000610351562,20.59486198425293,1723500
2010-04-06,DBC,24.309999465942383,24.450000762939453,24.25,24.34000015258789,20.57794952392578,1609500
2010-04-07,DBC,24.329999923706055,24.450000762939453,24.170000076293945,24.25,20.501863479614258,1542500
2010-04-08,DBC,24.110000610351562,24.229999542236328,24.049999237060547,24.209999084472656,20.468042373657227,1069800
2010-04-09,DBC,24.309999465942383,24.389999389648438,24.149999618530273,24.260000228881836,20.510316848754883,987900
2010-04-12,DBC,24.40999984741211,24.530000686645508,24.209999084472656,24.239999771118164,20.493408203125,1300100
2010-04-13,DBC,24.31999969482422,24.399999618530273,24.040000915527344,24.329999923706055,20.569496154785156,860200
2010-04-14,DBC,24.489999771118164,24.709999084472656,24.389999389648438,24.610000610351562,20.80622100830078,1454500
2010-04-15,DBC,24.65999984741211,24.719999313354492,24.56999969482422,24.700000762939453,20.882308959960938,2087200
2010-04-16,DBC,24.549999237060547,24.610000610351562,24.100000381469727,24.25,20.501863479614258,1506500
2010-04-19,DBC,24.06999969482422,24.06999969482422,23.75,23.940000534057617,20.239776611328125,2749500
2010-04-20,DBC,24.06999969482422,24.229999542236328,24.030000686645508,24.1299991607666,20.400407791137695,1977900
2010-04-21,DBC,24.219999313354492,24.3700008392334,24.0,24.25,20.501863479614258,1687400
2010-04-22,DBC,24.049999237060547,24.309999465942383,23.93000030517578,24.309999465942383,20.55258560180664,1618300
2010-04-23,DBC,24.15999984741211,24.5,24.1200008392334,24.469999313354492,20.68785858154297,1137100
2010-04-26,DBC,24.520000457763672,24.56999969482422,24.329999923706055,24.350000381469727,20.586406707763672,925700
2010-04-27,DBC,24.219999313354492,24.399999618530273,23.93000030517578,23.979999542236328,20.27359390258789,1517700
2010-04-28,DBC,24.030000686645508,24.139999389648438,23.8799991607666,24.059999465942383,20.341228485107422,1620000
2010-04-29,DBC,24.290000915527344,24.3700008392334,24.219999313354492,24.25,20.501863479614258,1316600
2010-04-30,DBC,24.399999618530273,24.489999771118164,24.229999542236328,24.440000534057617,20.662494659423828,2476400
2010-05-03,DBC,24.489999771118164,24.65999984741211,24.450000762939453,24.559999465942383,20.763946533203125,2355800
2010-05-04,DBC,24.280000686645508,24.31999969482422,23.8799991607666,23.899999618530273,20.20595932006836,2435900
2010-05-05,DBC,23.18000030517578,23.579999923706055,23.110000610351562,23.360000610351562,19.749422073364258,7516400
2010-05-06,DBC,23.170000076293945,23.31999969482422,22.549999237060547,22.899999618530273,19.360523223876953,3574100
2010-05-07,DBC,22.790000915527344,22.90999984741211,22.5,22.780000686645508,19.25906753540039,3752200
2010-05-10,DBC,23.280000686645508,23.350000381469727,23.040000915527344,23.219999313354492,19.631059646606445,2334400
2010-05-11,DBC,23.020000457763672,23.280000686645508,23.020000457763672,23.18000030517578,19.597244262695312,1730400
2010-05-12,DBC,23.360000610351562,23.5,23.190000534057617,23.3700008392334,19.757875442504883,1831900
2010-05-13,DBC,23.309999465942383,23.40999984741211,23.170000076293945,23.170000076293945,19.588788986206055,1337600
2010-05-14,DBC,23.0,23.0,22.479999542236328,22.579999923706055,19.089981079101562,1702200
2010-05-17,DBC,22.420000076293945,22.5,21.8700008392334,21.940000534057617,18.548900604248047,2636100
2010-05-18,DBC,22.299999237060547,22.309999465942383,21.850000381469727,21.90999984741211,18.523536682128906,1979100
2010-05-19,DBC,21.709999084472656,21.790000915527344,21.40999984741211,21.709999084472656,18.354450225830078,4000900
2010-05-20,DBC,21.239999771118164,21.440000534057617,21.020000457763672,21.260000228881836,17.9740047454834,3071500
2010-05-21,DBC,21.190000534057617,21.649999618530273,21.1299991607666,21.479999542236328,18.15999984741211,3529200
2010-05-24,DBC,21.510000228881836,21.600000381469727,21.40999984741211,21.459999084472656,18.143089294433594,2873300
2010-05-25,DBC,20.93000030517578,21.290000915527344,20.84000015258789,21.290000915527344,17.999366760253906,2565700
2010-05-26,DBC,21.43000030517578,21.68000030517578,21.43000030517578,21.520000457763672,18.193817138671875,1614200
2010-05-27,DBC,21.790000915527344,22.170000076293945,21.780000686645508,22.149999618530273,18.726444244384766,2069500
2010-05-28,DBC,22.059999465942383,22.170000076293945,21.75,21.959999084472656,18.565807342529297,2489300
2010-06-01,DBC,21.760000228881836,22.079999923706055,21.549999237060547,21.549999237060547,18.219179153442383,3618300
2010-06-02,DBC,21.639999389648438,21.860000610351562,21.540000915527344,21.809999465942383,18.438993453979492,1395800
2010-06-03,DBC,21.799999237060547,21.950000762939453,21.610000610351562,21.93000030517578,18.540447235107422,1162900
2010-06-04,DBC,21.68000030517578,21.690000534057617,21.219999313354492,21.25,17.96554946899414,2423300
2010-06-07,DBC,21.200000762939453,21.469999313354492,21.170000076293945,21.290000915527344,17.999366760253906,1406100
2010-06-08,DBC,21.360000610351562,21.489999771118164,21.270000457763672,21.459999084472656,18.143089294433594,3121500
2010-06-09,DBC,21.65999984741211,21.75,21.540000915527344,21.559999465942383,18.22763442993164,1570000
2010-06-10,DBC,21.799999237060547,21.989999771118164,21.739999771118164,21.920000076293945,18.531993865966797,1341100
2010-06-11,DBC,21.799999237060547,21.950000762939453,21.700000762939453,21.950000762939453,18.557355880737305,2334000
2010-06-14,DBC,22.1299991607666,22.229999542236328,21.950000762939453,22.010000228881836,18.60807991027832,1647200
2010-06-15,DBC,22.15999984741211,22.43000030517578,22.09000015258789,22.3799991607666,18.92089080810547,1778600
2010-06-16,DBC,22.31999969482422,22.510000228881836,22.219999313354492,22.43000030517578,18.963165283203125,1320600
2010-06-17,DBC,22.56999969482422,22.579999923706055,22.360000610351562,22.440000534057617,18.97161865234375,1183100
2010-06-18,DBC,22.3700008392334,22.520000457763672,22.299999237060547,22.399999618530273,18.937803268432617,1929900
2010-06-21,DBC,22.739999771118164,22.770000457763672,22.239999771118164,22.309999465942383,18.861711502075195,1081100
2010-06-22,DBC,22.3799991607666,22.450000762939453,22.229999542236328,22.260000228881836,18.819442749023438,1540300
2010-06-23,DBC,22.15999984741211,22.15999984741211,21.850000381469727,21.889999389648438,18.506628036499023,1179500
2010-06-24,DBC,21.989999771118164,22.030000686645508,21.829999923706055,21.940000534057617,18.548900604248047,1196000
2010-06-25,DBC,22.139999389648438,22.389999389648438,22.040000915527344,22.34000015258789,18.887075424194336,1452700
2010-06-28,DBC,22.25,22.280000686645508,22.079999923706055,22.100000381469727,18.684171676635742,3621500
2010-06-29,DBC,21.700000762939453,21.709999084472656,21.440000534057617,21.489999771118164,18.168455123901367,1756400
2010-06-30,DBC,21.520000457763672,21.799999237060547,21.469999313354492,21.56999969482422,18.236087799072266,5303500
2010-07-01,DBC,21.469999313354492,21.479999542236328,21.079999923706055,21.239999771118164,17.957096099853516,1622700
2010-07-02,DBC,21.31999969482422,21.3700008392334,21.100000381469727,21.200000762939453,17.923276901245117,1682600
2010-07-06,DBC,21.469999313354492,21.600000381469727,21.170000076293945,21.260000228881836,17.9740047454834,1373000
2010-07-07,DBC,21.360000610351562,21.739999771118164,21.360000610351562,21.739999771118164,18.37981414794922,1319600
2010-07-08,DBC,21.829999923706055,21.969999313354492,21.639999389648438,21.940000534057617,18.548900604248047,1514200
2010-07-09,DBC,21.899999618530273,22.030000686645508,21.81999969482422,21.979999542236328,18.582719802856445,1278200
2010-07-12,DBC,21.850000381469727,21.90999984741211,21.649999618530273,21.729999542236328,18.371356964111328,702300
2010-07-13,DBC,22.040000915527344,22.1299991607666,22.0,22.079999923706055,18.667261123657227,1164400
2010-07-14,DBC,22.059999465942383,22.25,21.959999084472656,22.040000915527344,18.633447647094727,1135500
2010-07-15,DBC,22.190000534057617,22.25,21.860000610351562,22.25,18.81098747253418,1078500
2010-07-16,DBC,22.079999923706055,22.100000381469727,21.850000381469727,21.969999313354492,18.574264526367188,866000
2010-07-19,DBC,22.030000686645508,22.219999313354492,21.829999923706055,21.950000762939453,18.557355880737305,1203200
2010-07-20,DBC,21.860000610351562,22.139999389648438,21.850000381469727,22.1299991607666,18.709535598754883,2829900
2010-07-21,DBC,22.360000610351562,22.360000610351562,22.030000686645508,22.06999969482422,18.6588077545166,1532200
2010-07-22,DBC,22.399999618530273,22.56999969482422,22.3700008392334,22.510000228881836,19.030799865722656,953100
2010-07-23,DBC,22.450000762939453,22.530000686645508,22.3700008392334,22.440000534057617,18.97161865234375,922500
2010-07-26,DBC,22.440000534057617,22.5,22.360000610351562,22.420000076293945,18.9547119140625,936200
2010-07-27,DBC,22.489999771118164,22.530000686645508,22.049999237060547,22.18000030517578,18.751806259155273,1219200
2010-07-28,DBC,22.239999771118164,22.34000015258789,22.110000610351562,22.270000457763672,18.827898025512695,1408200
2010-07-29,DBC,22.520000457763672,22.68000030517578,22.43000030517578,22.59000015258789,19.098434448242188,839700
2010-07-30,DBC,22.489999771118164,22.920000076293945,22.450000762939453,22.889999389648438,19.352067947387695,1062700
2010-08-02,DBC,23.329999923706055,23.479999542236328,23.299999237060547,23.329999923706055,19.72406005859375,1583400
2010-08-03,DBC,23.389999389648438,23.469999313354492,23.290000915527344,23.40999984741211,19.79169464111328,1362700
2010-08-04,DBC,23.559999465942383,23.690000534057617,23.469999313354492,23.610000610351562,19.960783004760742,2179600
2010-08-05,DBC,23.65999984741211,23.719999313354492,23.5,23.5,19.86778450012207,1210300
2010-08-06,DBC,23.389999389648438,23.59000015258789,23.149999618530273,23.290000915527344,19.690242767333984,1406400
2010-08-09,DBC,23.350000381469727,23.440000534057617,23.280000686645508,23.3700008392334,19.757875442504883,670600
2010-08-10,DBC,22.969999313354492,23.219999313354492,22.899999618530273,23.1200008392334,19.54651641845703,2217900
2010-08-11,DBC,22.8799991607666,22.889999389648438,22.579999923706055,22.600000381469727,19.106891632080078,1301400
2010-08-12,DBC,22.489999771118164,22.65999984741211,22.389999389648438,22.43000030517578,18.963165283203125,11204100
2010-08-13,DBC,22.469999313354492,22.5,22.34000015258789,22.40999984741211,18.946256637573242,1819900
2010-08-16,DBC,22.399999618530273,22.479999542236328,22.309999465942383,22.34000015258789,18.887075424194336,957900
2010-08-17,DBC,22.56999969482422,22.760000228881836,22.540000915527344,22.65999984741211,19.157615661621094,1493600
2010-08-18,DBC,22.459999084472656,22.65999984741211,22.329999923706055,22.56999969482422,19.081527709960938,952300
2010-08-19,DBC,22.610000610351562,22.610000610351562,22.290000915527344,22.34000015258789,18.887075424194336,1005900
2010-08-20,DBC,22.209999084472656,22.239999771118164,22.110000610351562,22.200000762939453,18.76871681213379,1032400
2010-08-23,DBC,22.149999618530273,22.290000915527344,22.0,22.049999237060547,18.641897201538086,873400
2010-08-24,DBC,21.81999969482422,21.90999984741211,21.75,21.799999237060547,18.430540084838867,2209900
2010-08-25,DBC,21.719999313354492,21.90999984741211,21.6299991607666,21.90999984741211,18.523536682128906,1158700
2010-08-26,DBC,22.100000381469727,22.280000686645508,22.079999923706055,22.15999984741211,18.734893798828125,1224900
2010-08-27,DBC,22.25,22.579999923706055,22.06999969482422,22.540000915527344,19.056163787841797,1142000
2010-08-30,DBC,22.540000915527344,22.649999618530273,22.489999771118164,22.5,19.0223445892334,890600
2010-08-31,DBC,22.520000457763672,22.600000381469727,22.170000076293945,22.200000762939453,18.76871681213379,1091500
2010-09-01,DBC,22.5,22.709999084472656,22.5,22.639999389648438,19.140705108642578,1217400
2010-09-02,DBC,22.579999923706055,22.84000015258789,22.549999237060547,22.799999237060547,19.275978088378906,1633900
2010-09-03,DBC,22.889999389648438,22.969999313354492,22.649999618530273,22.920000076293945,19.377429962158203,963700
2010-09-07,DBC,22.860000610351562,23.18000030517578,22.770000457763672,23.040000915527344,19.478883743286133,989000
2010-09-08,DBC,23.06999969482422,23.239999771118164,23.06999969482422,23.09000015258789,19.521154403686523,951800
2010-09-09,DBC,23.149999618530273,23.190000534057617,22.940000534057617,22.959999084472656,19.41124725341797,1149800
2010-09-10,DBC,22.989999771118164,23.200000762939453,22.969999313354492,23.200000762939453,19.614154815673828,1201700
2010-09-13,DBC,23.360000610351562,23.43000030517578,23.290000915527344,23.3700008392334,19.757875442504883,1315200
2010-09-14,DBC,23.309999465942383,23.56999969482422,23.309999465942383,23.440000534057617,19.81705665588379,1438500
2010-09-15,DBC,23.350000381469727,23.440000534057617,23.309999465942383,23.399999618530273,19.783241271972656,1278000
2010-09-16,DBC,23.440000534057617,23.489999771118164,23.18000030517578,23.280000686645508,19.681787490844727,844300
2010-09-17,DBC,23.450000762939453,23.489999771118164,23.200000762939453,23.360000610351562,19.749422073364258,1236300
2010-09-20,DBC,23.459999084472656,23.690000534057617,23.459999084472656,23.549999237060547,19.91005516052246,1107500
2010-09-21,DBC,23.520000457763672,23.540000915527344,23.290000915527344,23.299999237060547,19.69869613647461,1400300
2010-09-22,DBC,23.5,23.540000915527344,23.309999465942383,23.440000534057617,19.81705665588379,1052000
2010-09-23,DBC,23.290000915527344,23.559999465942383,23.280000686645508,23.459999084472656,19.833967208862305,1070800
2010-09-24,DBC,23.59000015258789,23.860000610351562,23.59000015258789,23.81999969482422,20.138322830200195,1266300
2010-09-27,DBC,23.809999465942383,23.850000381469727,23.530000686645508,23.65999984741211,20.003053665161133,959900
2010-09-28,DBC,23.649999618530273,23.860000610351562,23.579999923706055,23.65999984741211,20.003053665161133,1621100
2010-09-29,DBC,23.549999237060547,23.989999771118164,23.479999542236328,23.969999313354492,20.265138626098633,1137600
2010-09-30,DBC,24.040000915527344,24.1200008392334,23.780000686645508,24.110000610351562,20.383501052856445,2265900
2010-10-01,DBC,24.280000686645508,24.3799991607666,24.079999923706055,24.15999984741211,20.425771713256836,3049300
2010-10-04,DBC,24.139999389648438,24.200000762939453,24.030000686645508,24.079999923706055,20.358139038085938,1412800
2010-10-05,DBC,24.290000915527344,24.579999923706055,24.25,24.56999969482422,20.77239990234375,2483200
2010-10-06,DBC,24.56999969482422,24.729999542236328,24.520000457763672,24.579999923706055,20.78085708618164,7915000
2010-10-07,DBC,24.790000915527344,24.790000915527344,24.270000457763672,24.329999923706055,20.569496154785156,2212800
2010-10-08,DBC,24.6299991607666,25.149999618530273,24.559999465942383,25.139999389648438,21.254301071166992,4032800
2010-10-11,DBC,25.110000610351562,25.260000228881836,25.0,25.020000457763672,21.152849197387695,1333400
2010-10-12,DBC,25.020000457763672,25.219999313354492,24.860000610351562,25.139999389648438,21.254301071166992,2043200
2010-10-13,DBC,25.290000915527344,25.399999618530273,25.229999542236328,25.260000228881836,21.35575294494629,1886600
2010-10-14,DBC,25.280000686645508,25.469999313354492,25.18000030517578,25.219999313354492,21.321935653686523,1565300
2010-10-15,DBC,25.239999771118164,25.280000686645508,24.889999389648438,24.940000534057617,21.085214614868164,1094100
2010-10-18,DBC,25.020000457763672,25.239999771118164,24.959999084472656,25.190000534057617,21.296571731567383,1174800
2010-10-19,DBC,24.68000030517578,24.8700008392334,24.420000076293945,24.450000762939453,20.670949935913086,1722300
2010-10-20,DBC,24.610000610351562,25.079999923706055,24.610000610351562,25.030000686645508,21.16130256652832,2076100
2010-10-21,DBC,25.079999923706055,25.18000030517578,24.6200008392334,24.719999313354492,20.899215698242188,1836600
2010-10-22,DBC,24.850000381469727,24.93000030517578,24.729999542236328,24.93000030517578,21.076757431030273,1074800
2010-10-25,DBC,25.190000534057617,25.260000228881836,24.90999984741211,25.059999465942383,21.186664581298828,1365100
2010-10-26,DBC,24.979999542236328,25.209999084472656,24.969999313354492,25.190000534057617,21.296571731567383,1769300
2010-10-27,DBC,24.979999542236328,25.1299991607666,24.799999237060547,25.110000610351562,21.228939056396484,1376900
2010-10-28,DBC,25.299999237060547,25.31999969482422,25.1299991607666,25.239999771118164,21.338848114013672,1776300
2010-10-29,DBC,25.139999389648438,25.229999542236328,25.020000457763672,25.18000030517578,21.28812026977539,1606100
2010-11-01,DBC,25.6299991607666,25.639999389648438,25.290000915527344,25.34000015258789,21.423389434814453,1939800
2010-11-02,DBC,25.610000610351562,25.610000610351562,25.489999771118164,25.56999969482422,21.617841720581055,1920000
2010-11-03,DBC,25.6200008392334,25.75,25.350000381469727,25.690000534057617,21.719289779663086,2448200
2010-11-04,DBC,26.149999618530273,26.34000015258789,26.06999969482422,26.299999237060547,22.235010147094727,2715100
2010-11-05,DBC,26.270000457763672,26.40999984741211,26.170000076293945,26.40999984741211,22.328004837036133,2701200
2010-11-08,DBC,26.309999465942383,26.489999771118164,26.229999542236328,26.479999542236328,22.387187957763672,1792800
2010-11-09,DBC,26.729999542236328,26.920000076293945,26.260000228881836,26.299999237060547,22.235010147094727,3435400
2010-11-10,DBC,26.549999237060547,26.65999984741211,26.329999923706055,26.579999923706055,22.471731185913086,1735500
2010-11-11,DBC,26.579999923706055,26.579999923706055,26.329999923706055,26.360000610351562,22.285734176635742,1847400
2010-11-12,DBC,25.920000076293945,25.979999542236328,25.229999542236328,25.260000228881836,21.35575294494629,1832900
2010-11-15,DBC,25.459999084472656,25.520000457763672,25.299999237060547,25.299999237060547,21.389570236206055,2162600
2010-11-16,DBC,25.059999465942383,25.06999969482422,24.510000228881836,24.549999237060547,20.7554931640625,3073400
2010-11-17,DBC,24.559999465942383,24.75,24.329999923706055,24.360000610351562,20.59486198425293,2566500
2010-11-18,DBC,24.899999618530273,25.020000457763672,24.760000228881836,25.020000457763672,21.152849197387695,2002500
2010-11-19,DBC,24.780000686645508,24.84000015258789,24.579999923706055,24.65999984741211,20.848491668701172,3559400
2010-11-22,DBC,24.6200008392334,24.760000228881836,24.43000030517578,24.739999771118164,20.916126251220703,2719100
2010-11-23,DBC,24.479999542236328,24.739999771118164,24.3700008392334,24.68000030517578,20.865402221679688,1450200
2010-11-24,DBC,24.739999771118164,25.149999618530273,24.739999771118164,25.139999389648438,21.254301071166992,1643000
2010-11-26,DBC,24.969999313354492,25.260000228881836,24.950000762939453,25.260000228881836,21.35575294494629,659900
2010-11-29,DBC,25.200000762939453,25.329999923706055,25.0,25.309999465942383,21.39802360534668,1594000
2010-11-30,DBC,25.1299991607666,25.280000686645508,25.030000686645508,25.06999969482422,21.195119857788086,1606100
2010-12-01,DBC,25.5,25.829999923706055,25.489999771118164,25.809999465942383,21.820743560791016,2078400
2010-12-02,DBC,25.770000457763672,26.049999237060547,25.770000457763672,26.030000686645508,22.006742477416992,2401400
2010-12-03,DBC,26.06999969482422,26.420000076293945,26.059999465942383,26.360000610351562,22.285734176635742,2571400
2010-12-06,DBC,26.309999465942383,26.3799991607666,26.190000534057617,26.329999923706055,22.260372161865234,1868900
2010-12-07,DBC,26.700000762939453,26.719999313354492,26.1299991607666,26.149999618530273,22.10819435119629,1710800
2010-12-08,DBC,26.260000228881836,26.389999389648438,26.030000686645508,26.350000381469727,22.277280807495117,1690800
2010-12-09,DBC,26.3700008392334,26.40999984741211,26.200000762939453,26.280000686645508,22.218101501464844,2535000
2010-12-10,DBC,26.290000915527344,26.290000915527344,26.049999237060547,26.239999771118164,22.184282302856445,1439800
2010-12-13,DBC,26.559999465942383,26.6200008392334,26.40999984741211,26.5,22.404098510742188,1330900
2010-12-14,DBC,26.479999542236328,26.600000381469727,26.3799991607666,26.43000030517578,22.34491539001465,1226500
2010-12-15,DBC,26.309999465942383,26.600000381469727,26.290000915527344,26.360000610351562,22.285734176635742,1304500
2010-12-16,DBC,26.389999389648438,26.389999389648438,26.200000762939453,26.270000457763672,22.209646224975586,1587100
2010-12-17,DBC,26.360000610351562,26.549999237060547,26.34000015258789,26.469999313354492,22.37873077392578,1321200
2010-12-20,DBC,26.610000610351562,26.780000686645508,26.43000030517578,26.709999084472656,22.581636428833008,2017100
2010-12-21,DBC,26.809999465942383,26.940000534057617,26.770000457763672,26.8799991607666,22.72536277770996,2422200
2010-12-22,DBC,26.93000030517578,27.049999237060547,26.8799991607666,27.020000457763672,22.84372329711914,1361900
2010-12-23,DBC,26.969999313354492,27.149999618530273,26.93000030517578,27.1200008392334,22.928266525268555,1367200
2010-12-27,DBC,27.040000915527344,27.139999389648438,26.959999084472656,27.06999969482422,22.885995864868164,1534400
2010-12-28,DBC,27.290000915527344,27.389999389648438,27.200000762939453,27.360000610351562,23.131174087524414,1148000
2010-12-29,DBC,27.360000610351562,27.399999618530273,27.31999969482422,27.3700008392334,23.139629364013672,1789100
2010-12-30,DBC,27.260000228881836,27.309999465942383,26.920000076293945,27.040000915527344,22.860633850097656,1612300
2010-12-31,DBC,27.149999618530273,27.670000076293945,27.110000610351562,27.549999237060547,23.291805267333984,991100
2011-01-03,DBC,27.829999923706055,27.979999542236328,27.649999618530273,27.670000076293945,23.393260955810547,2385800
2011-01-04,DBC,27.690000534057617,27.709999084472656,27.059999465942383,27.299999237060547,23.0804443359375,3117800
2011-01-05,DBC,27.030000686645508,27.59000015258789,26.959999084472656,27.59000015258789,23.325624465942383,2801700
2011-01-06,DBC,27.600000381469727,27.610000610351562,27.18000030517578,27.219999313354492,23.0128116607666,2709700
2011-01-07,DBC,27.139999389648438,27.309999465942383,26.899999618530273,27.1200008392334,22.928266525268555,3047200
2011-01-10,DBC,27.34000015258789,27.459999084472656,27.239999771118164,27.440000534057617,23.198808670043945,1532500
2011-01-11,DBC,27.649999618530273,27.790000915527344,27.530000686645508,27.75,23.460891723632812,1822800
2011-01-12,DBC,28.0,28.100000381469727,27.8799991607666,27.93000030517578,23.613073348999023,6347100
2011-01-13,DBC,27.979999542236328,28.0,27.770000457763672,27.889999389648438,23.579254150390625,3014400
2011-01-14,DBC,27.860000610351562,28.079999923706055,27.790000915527344,28.020000457763672,23.689163208007812,3428100
2011-01-18,DBC,27.8799991607666,28.1200008392334,27.850000381469727,27.989999771118164,23.663801193237305,1934600
2011-01-19,DBC,28.209999084472656,28.219999313354492,27.950000762939453,27.959999084472656,23.63843536376953,2346400
2011-01-20,DBC,27.6299991607666,27.790000915527344,27.420000076293945,27.68000030517578,23.401710510253906,3122100
2011-01-21,DBC,27.780000686645508,27.989999771118164,27.739999771118164,27.959999084472656,23.63843536376953,2637900
2011-01-24,DBC,27.889999389648438,27.989999771118164,27.690000534057617,27.719999313354492,23.435529708862305,1923100
2011-01-25,DBC,27.3700008392334,27.420000076293945,27.31999969482422,27.3700008392334,23.139629364013672,2410500
2011-01-26,DBC,27.520000457763672,28.0,27.479999542236328,27.979999542236328,23.65534210205078,3200800
2011-01-27,DBC,27.989999771118164,28.030000686645508,27.729999542236328,27.739999771118164,23.452438354492188,2182200
2011-01-28,DBC,27.850000381469727,28.209999084472656,27.81999969482422,28.09000015258789,23.74834442138672,2039900
2011-01-31,DBC,28.149999618530273,28.68000030517578,28.1299991607666,28.530000686645508,24.12033462524414,3320600
2011-02-01,DBC,28.639999389648438,28.81999969482422,28.600000381469727,28.739999771118164,24.297876358032227,3191500
2011-02-02,DBC,28.8700008392334,29.049999237060547,28.790000915527344,29.020000457763672,24.53460121154785,2706800
2011-02-03,DBC,29.040000915527344,29.079999923706055,28.719999313354492,28.829999923706055,24.373966217041016,1994100
2011-02-04,DBC,28.90999984741211,28.93000030517578,28.5,28.670000076293945,24.238697052001953,1113600
2011-02-07,DBC,28.690000534057617,28.799999237060547,28.5,28.59000015258789,24.171062469482422,1358600
2011-02-08,DBC,28.510000228881836,28.780000686645508,28.43000030517578,28.780000686645508,24.33169174194336,1557500
2011-02-09,DBC,28.770000457763672,28.959999084472656,28.68000030517578,28.920000076293945,24.450056076049805,2109100
2011-02-10,DBC,28.829999923706055,28.950000762939453,28.670000076293945,28.75,24.306331634521484,1175500
2011-02-11,DBC,28.729999542236328,28.75,28.5,28.649999618530273,24.22178840637207,1730500
2011-02-14,DBC,28.760000228881836,29.020000457763672,28.739999771118164,28.790000915527344,24.34014892578125,1804600
2011-02-15,DBC,28.709999084472656,28.770000457763672,28.270000457763672,28.420000076293945,24.0273380279541,3146500
2011-02-16,DBC,28.579999923706055,28.729999542236328,28.479999542236328,28.6299991607666,24.204875946044922,1806500
2011-02-17,DBC,28.700000762939453,28.75,28.579999923706055,28.719999313354492,24.280969619750977,1762700
2011-02-18,DBC,28.489999771118164,28.860000610351562,28.479999542236328,28.690000534057617,24.255603790283203,2589800
2011-02-22,DBC,29.149999618530273,29.149999618530273,28.6299991607666,28.649999618530273,24.22178840637207,2474900
2011-02-23,DBC,28.790000915527344,29.309999465942383,28.790000915527344,29.290000915527344,24.762868881225586,3441700
2011-02-24,DBC,29.420000076293945,29.489999771118164,28.889999389648438,29.030000686645508,24.543054580688477,3552700
2011-02-25,DBC,29.280000686645508,29.709999084472656,29.149999618530273,29.670000076293945,25.084129333496094,1799300
2011-02-28,DBC,29.670000076293945,29.809999465942383,29.56999969482422,29.719999313354492,25.12640380859375,2586200
2011-03-01,DBC,29.899999618530273,30.18000030517578,29.81999969482422,30.170000076293945,25.50684928894043,3760900
2011-03-02,DBC,30.209999084472656,30.450000762939453,30.100000381469727,30.290000915527344,25.608304977416992,3743900
2011-03-03,DBC,30.200000762939453,30.34000015258789,30.040000915527344,30.280000686645508,25.599851608276367,2067200
2011-03-04,DBC,30.420000076293945,30.5,30.290000915527344,30.43000030517578,25.726667404174805,2162800
2011-03-07,DBC,30.639999389648438,30.670000076293945,30.25,30.290000915527344,25.608304977416992,2120000
2011-03-08,DBC,30.190000534057617,30.200000762939453,29.920000076293945,30.030000686645508,25.388492584228516,2212600
2011-03-09,DBC,30.229999542236328,30.350000381469727,29.989999771118164,30.149999618530273,25.489944458007812,1597200
2011-03-10,DBC,29.8700008392334,29.950000762939453,29.479999542236328,29.65999984741211,25.075679779052734,2338900
2011-03-11,DBC,29.239999771118164,29.56999969482422,29.219999313354492,29.489999771118164,24.931955337524414,1958200
2011-03-14,DBC,29.479999542236328,29.600000381469727,29.34000015258789,29.56999969482422,24.999588012695312,1498100
2011-03-15,DBC,28.540000915527344,28.809999465942383,28.209999084472656,28.489999771118164,24.086519241333008,3252800
2011-03-16,DBC,28.729999542236328,29.030000686645508,28.469999313354492,28.65999984741211,24.230241775512695,3499900
2011-03-17,DBC,29.1200008392334,29.649999618530273,29.079999923706055,29.549999237060547,24.98267936706543,3160000
2011-03-18,DBC,29.6200008392334,29.799999237060547,29.510000228881836,29.719999313354492,25.12640380859375,2238000
2011-03-21,DBC,29.8700008392334,29.969999313354492,29.780000686645508,29.860000610351562,25.244768142700195,2375200
2011-03-22,DBC,29.770000457763672,30.1299991607666,29.709999084472656,30.079999923706055,25.43076515197754,2356400
2011-03-23,DBC,30.200000762939453,30.309999465942383,30.09000015258789,30.139999389648438,25.481489181518555,2180300
2011-03-24,DBC,30.1299991607666,30.309999465942383,30.079999923706055,30.239999771118164,25.5660343170166,1627100
2011-03-25,DBC,30.31999969482422,30.360000610351562,30.139999389648438,30.31999969482422,25.6336669921875,1887400
2011-03-28,DBC,30.0,30.18000030517578,29.90999984741211,29.90999984741211,25.287038803100586,1498400
2011-03-29,DBC,29.940000534057617,30.15999984741211,29.829999923706055,30.079999923706055,25.43076515197754,1674500
2011-03-30,DBC,30.06999969482422,30.1200008392334,29.850000381469727,30.040000915527344,25.396947860717773,1457200
2011-03-31,DBC,30.489999771118164,30.59000015258789,30.350000381469727,30.510000228881836,25.79430389404297,1834200
2011-04-01,DBC,30.559999465942383,30.780000686645508,30.40999984741211,30.719999313354492,25.97184181213379,3428900
2011-04-04,DBC,30.8799991607666,31.09000015258789,30.829999923706055,31.0,26.208566665649414,2009700
2011-04-05,DBC,31.020000457763672,31.18000030517578,30.989999771118164,31.030000686645508,26.23392677307129,1533000
2011-04-06,DBC,31.270000457763672,31.350000381469727,31.049999237060547,31.1200008392334,26.31001853942871,1309800
2011-04-07,DBC,31.18000030517578,31.260000228881836,30.979999542236328,31.18000030517578,26.360742568969727,1809500
2011-04-08,DBC,31.420000076293945,31.920000076293945,31.399999618530273,31.920000076293945,26.98636817932129,3221600
2011-04-11,DBC,31.780000686645508,31.829999923706055,31.329999923706055,31.329999923706055,26.487558364868164,2159000
2011-04-12,DBC,31.219999313354492,31.229999542236328,30.56999969482422,30.690000534057617,25.946481704711914,2988400
2011-04-13,DBC,31.0,31.110000610351562,30.6299991607666,30.93000030517578,26.149383544921875,1497000
2011-04-14,DBC,30.75,31.030000686645508,30.709999084472656,31.010000228881836,26.217021942138672,2181000
2011-04-15,DBC,31.0,31.270000457763672,30.889999389648438,31.170000076293945,26.3522891998291,1748600
2011-04-18,DBC,31.18000030517578,31.239999771118164,30.739999771118164,30.979999542236328,26.19165802001953,1981800
2011-04-19,DBC,30.850000381469727,31.170000076293945,30.75,30.989999771118164,26.200111389160156,1376100
2011-04-20,DBC,31.309999465942383,31.649999618530273,31.280000686645508,31.479999542236328,26.6143741607666,1919800
2011-04-21,DBC,31.790000915527344,31.790000915527344,31.440000534057617,31.709999084472656,26.80882453918457,1985200
2011-04-25,DBC,31.889999389648438,31.889999389648438,31.40999984741211,31.6200008392334,26.732736587524414,2158100
2011-04-26,DBC,31.6299991607666,31.709999084472656,31.510000228881836,31.610000610351562,26.72428321838379,2900200
2011-04-27,DBC,31.639999389648438,31.81999969482422,31.34000015258789,31.799999237060547,26.88491439819336,1804300
2011-04-28,DBC,31.729999542236328,31.889999389648438,31.40999984741211,31.56999969482422,26.690465927124023,2919900
2011-04-29,DBC,31.649999618530273,31.989999771118164,31.56999969482422,31.899999618530273,26.96946144104004,2054800
2011-05-02,DBC,31.729999542236328,32.02000045776367,31.579999923706055,31.579999923706055,26.69892120361328,2687400
2011-05-03,DBC,31.6200008392334,31.649999618530273,31.1299991607666,31.25,26.419925689697266,2573900
2011-05-04,DBC,31.139999389648438,31.200000762939453,30.709999084472656,30.75,25.99720573425293,2818700
2011-05-05,DBC,30.040000915527344,30.100000381469727,28.530000686645508,28.690000534057617,24.255603790283203,8139700
2011-05-06,DBC,28.84000015258789,29.489999771118164,28.520000457763672,28.600000381469727,24.179515838623047,5644900
2011-05-09,DBC,29.030000686645508,29.700000762939453,28.93000030517578,29.649999618530273,25.067228317260742,4174300
2011-05-10,DBC,29.579999923706055,29.989999771118164,29.479999542236328,29.920000076293945,25.295494079589844,3447800
2011-05-11,DBC,29.65999984741211,29.670000076293945,28.790000915527344,28.959999084472656,24.483869552612305,4203700
2011-05-12,DBC,28.649999618530273,29.229999542236328,28.43000030517578,28.989999771118164,24.509235382080078,6813000
2011-05-13,DBC,29.06999969482422,29.229999542236328,28.649999618530273,29.040000915527344,24.5515079498291,3035100
2011-05-16,DBC,28.979999542236328,29.190000534057617,28.639999389648438,28.65999984741211,24.230241775512695,5901400
2011-05-17,DBC,28.56999969482422,28.760000228881836,28.260000228881836,28.729999542236328,24.2894229888916,3874300
2011-05-18,DBC,28.989999771118164,29.540000915527344,28.979999542236328,29.309999465942383,24.77977752685547,3241900
2011-05-19,DBC,29.3700008392334,29.43000030517578,29.030000686645508,29.079999923706055,24.585325241088867,2504200
2011-05-20,DBC,29.049999237060547,29.440000534057617,28.639999389648438,29.350000381469727,24.813596725463867,3463900
2011-05-23,DBC,28.610000610351562,29.030000686645508,28.610000610351562,28.8799991607666,24.416240692138672,2123000
2011-05-24,DBC,29.329999923706055,29.459999084472656,29.030000686645508,29.270000457763672,24.745960235595703,1651500
2011-05-25,DBC,29.3700008392334,29.860000610351562,29.350000381469727,29.799999237060547,25.194042205810547,1955800
2011-05-26,DBC,29.84000015258789,29.969999313354492,29.68000030517578,29.90999984741211,25.287038803100586,1947200
2011-05-27,DBC,30.0,30.110000610351562,29.959999084472656,30.079999923706055,25.43076515197754,1603600
2011-05-31,DBC,30.229999542236328,30.5,30.200000762939453,30.25,25.574487686157227,3431600
2011-06-01,DBC,30.260000228881836,30.270000457763672,29.84000015258789,29.8700008392334,25.25322151184082,3316800
2011-06-02,DBC,30.059999465942383,30.15999984741211,29.75,30.1299991607666,25.473033905029297,2448600
2011-06-03,DBC,29.889999389648438,30.260000228881836,29.809999465942383,30.25,25.574487686157227,1972200
2011-06-06,DBC,30.100000381469727,30.25,29.850000381469727,29.899999618530273,25.278583526611328,2928100
2011-06-07,DBC,30.049999237060547,30.34000015258789,29.920000076293945,30.18000030517578,25.515308380126953,3416800
2011-06-08,DBC,30.280000686645508,30.559999465942383,30.239999771118164,30.43000030517578,25.726667404174805,2443700
2011-06-09,DBC,30.549999237060547,30.68000030517578,30.420000076293945,30.600000381469727,25.87038803100586,1746900
2011-06-10,DBC,30.360000610351562,30.420000076293945,30.1299991607666,30.280000686645508,25.599851608276367,2663300
2011-06-13,DBC,30.239999771118164,30.399999618530273,29.860000610351562,30.079999923706055,25.43076515197754,1793900
2011-06-14,DBC,30.170000076293945,30.3700008392334,30.170000076293945,30.290000915527344,25.608304977416992,1501100
2011-06-15,DBC,30.06999969482422,30.190000534057617,29.280000686645508,29.479999542236328,24.92350196838379,2780200
2011-06-16,DBC,29.3799991607666,29.5,29.290000915527344,29.360000610351562,24.82204818725586,2566900
2011-06-17,DBC,29.200000762939453,29.3799991607666,29.040000915527344,29.229999542236328,24.712141036987305,3296900
2011-06-20,DBC,29.06999969482422,29.18000030517578,29.010000228881836,29.06999969482422,24.57686996459961,2269700
2011-06-21,DBC,29.139999389648438,29.290000915527344,28.950000762939453,29.09000015258789,24.593780517578125,2384900
2011-06-22,DBC,29.149999618530273,29.450000762939453,29.149999618530273,29.219999313354492,24.703685760498047,2407900
2011-06-23,DBC,28.510000228881836,28.649999618530273,28.170000076293945,28.600000381469727,24.179515838623047,3469400
2011-06-24,DBC,28.510000228881836,28.540000915527344,28.100000381469727,28.260000228881836,23.892066955566406,2449600
2011-06-27,DBC,28.059999465942383,28.299999237060547,27.959999084472656,28.25,23.883609771728516,2262900
2011-06-28,DBC,28.469999313354492,28.760000228881836,28.440000534057617,28.75,24.306331634521484,2108000
2011-06-29,DBC,28.920000076293945,29.360000610351562,28.75,29.270000457763672,24.745960235595703,3084900
2011-06-30,DBC,29.280000686645508,29.469999313354492,28.850000381469727,28.959999084472656,24.483869552612305,2714300
2011-07-01,DBC,28.809999465942383,29.049999237060547,28.700000762939453,29.0,24.517690658569336,3498000
2011-07-05,DBC,29.260000228881836,29.520000457763672,29.229999542236328,29.389999389648438,24.847408294677734,1529100
2011-07-06,DBC,29.31999969482422,29.43000030517578,29.200000762939453,29.3799991607666,24.838958740234375,1631700
2011-07-07,DBC,29.790000915527344,30.06999969482422,29.790000915527344,30.0,25.363126754760742,4944700
2011-07-08,DBC,29.899999618530273,30.030000686645508,29.729999542236328,29.969999313354492,25.33776092529297,1808300
2011-07-11,DBC,29.6200008392334,29.8799991607666,29.5,29.739999771118164,25.143312454223633,1790400
2011-07-12,DBC,29.6299991607666,30.1299991607666,29.6299991607666,30.0,25.363126754760742,1452500
2011-07-13,DBC,30.100000381469727,30.610000610351562,30.100000381469727,30.40999984741211,25.709758758544922,2178900
2011-07-14,DBC,30.5,30.579999923706055,30.06999969482422,30.239999771118164,25.5660343170166,1572800
2011-07-15,DBC,30.3799991607666,30.559999465942383,30.329999923706055,30.510000228881836,25.79430389404297,4929900
2011-07-18,DBC,30.360000610351562,30.360000610351562,30.040000915527344,30.34000015258789,25.650577545166016,1398400
2011-07-19,DBC,30.649999618530273,30.770000457763672,30.510000228881836,30.549999237060547,25.82811737060547,1518900
2011-07-20,DBC,30.68000030517578,30.68000030517578,30.459999084472656,30.649999618530273,25.912662506103516,1288900
2011-07-21,DBC,30.690000534057617,30.809999465942383,30.420000076293945,30.5,25.785844802856445,1247100
2011-07-22,DBC,30.549999237060547,30.790000915527344,30.520000457763672,30.75,25.99720573425293,1437500
2011-07-25,DBC,30.540000915527344,30.700000762939453,30.520000457763672,30.600000381469727,25.87038803100586,2431300
2011-07-26,DBC,30.649999618530273,30.920000076293945,30.520000457763672,30.84000015258789,26.07329750061035,1289400
2011-07-27,DBC,30.780000686645508,30.829999923706055,30.59000015258789,30.6299991607666,25.895753860473633,2352100
2011-07-28,DBC,30.639999389648438,30.709999084472656,30.459999084472656,30.530000686645508,25.81121063232422,1545700
2011-07-29,DBC,30.229999542236328,30.399999618530273,30.200000762939453,30.280000686645508,25.599851608276367,2994300
2011-08-01,DBC,30.719999313354492,30.729999542236328,29.959999084472656,30.280000686645508,25.599851608276367,3674200
2011-08-02,DBC,30.18000030517578,30.459999084472656,30.110000610351562,30.280000686645508,25.599851608276367,2369000
2011-08-03,DBC,30.100000381469727,30.139999389648438,29.739999771118164,29.829999923706055,25.219402313232422,3764300
2011-08-04,DBC,29.65999984741211,29.670000076293945,28.68000030517578,28.700000762939453,24.264060974121094,3271600
2011-08-05,DBC,28.81999969482422,28.950000762939453,28.31999969482422,28.81999969482422,24.36551284790039,6356400
2011-08-08,DBC,28.299999237060547,28.43000030517578,27.670000076293945,27.75,23.460891723632812,6396500
2011-08-09,DBC,28.06999969482422,28.219999313354492,27.479999542236328,28.020000457763672,23.689163208007812,7987800
2011-08-10,DBC,28.079999923706055,28.3700008392334,27.889999389648438,28.139999389648438,23.79061508178711,3560900
2011-08-11,DBC,28.309999465942383,28.829999923706055,28.299999237060547,28.75,24.306331634521484,4045100
2011-08-12,DBC,28.809999465942383,28.899999618530273,28.6200008392334,28.709999084472656,24.272512435913086,4533200
2011-08-15,DBC,28.829999923706055,29.079999923706055,28.780000686645508,29.059999465942383,24.56841468811035,1285900
2011-08-16,DBC,28.8700008392334,29.139999389648438,28.809999465942383,29.059999465942383,24.56841468811035,2271600
2011-08-17,DBC,29.350000381469727,29.469999313354492,29.260000228881836,29.309999465942383,24.77977752685547,2382800
2011-08-18,DBC,28.950000762939453,29.059999465942383,28.530000686645508,28.59000015258789,24.171062469482422,2723400
2011-08-19,DBC,28.709999084472656,29.170000076293945,28.709999084472656,29.100000381469727,24.60223388671875,3525500
2011-08-22,DBC,29.09000015258789,29.229999542236328,28.940000534057617,29.149999618530273,24.644508361816406,1576600
2011-08-23,DBC,29.15999984741211,29.469999313354492,29.030000686645508,29.450000762939453,24.89813995361328,1825500
2011-08-24,DBC,29.350000381469727,29.43000030517578,29.079999923706055,29.149999618530273,24.644508361816406,1226600
2011-08-25,DBC,29.280000686645508,29.40999984741211,28.950000762939453,29.280000686645508,24.754413604736328,1326300
2011-08-26,DBC,29.219999313354492,29.649999618530273,29.059999465942383,29.610000610351562,25.03340721130371,1568400
2011-08-29,DBC,29.850000381469727,29.850000381469727,29.6299991607666,29.709999084472656,25.117952346801758,1316800
2011-08-30,DBC,29.809999465942383,30.1299991607666,29.75,30.110000610351562,25.456125259399414,2290300
2011-08-31,DBC,30.100000381469727,30.260000228881836,30.049999237060547,30.15999984741211,25.498397827148438,2556300
2011-09-01,DBC,30.09000015258789,30.209999084472656,29.940000534057617,29.950000762939453,25.32085609436035,2680100
2011-09-02,DBC,29.639999389648438,29.940000534057617,29.559999465942383,29.790000915527344,25.18558692932129,1547800
2011-09-06,DBC,29.31999969482422,29.700000762939453,29.290000915527344,29.690000534057617,25.101041793823242,2387500
2011-09-07,DBC,29.75,30.030000686645508,29.709999084472656,29.959999084472656,25.329309463500977,4563800
2011-09-08,DBC,29.889999389648438,30.020000457763672,29.75,29.760000228881836,25.16022300720215,1059300
2011-09-09,DBC,29.389999389648438,29.420000076293945,29.190000534057617,29.290000915527344,24.762868881225586,2150200
2011-09-12,DBC,29.059999465942383,29.299999237060547,28.979999542236328,29.219999313354492,24.703685760498047,3914000
2011-09-13,DBC,29.170000076293945,29.260000228881836,29.020000457763672,29.1299991607666,24.627595901489258,1229000
2011-09-14,DBC,29.030000686645508,29.06999969482422,28.829999923706055,28.989999771118164,24.509235382080078,1337300
2011-09-15,DBC,29.309999465942383,29.350000381469727,29.040000915527344,29.110000610351562,24.610685348510742,1135800
2011-09-16,DBC,29.229999542236328,29.31999969482422,28.93000030517578,28.979999542236328,24.500782012939453,1680600
2011-09-19,DBC,28.670000076293945,28.670000076293945,28.200000762939453,28.489999771118164,24.086519241333008,3830200
2011-09-20,DBC,28.549999237060547,28.780000686645508,28.440000534057617,28.440000534057617,24.044248580932617,1722100
2011-09-21,DBC,28.520000457763672,28.719999313354492,28.020000457763672,28.020000457763672,23.689163208007812,1769400
2011-09-22,DBC,27.209999084472656,27.440000534057617,26.90999984741211,27.030000686645508,22.85218048095703,9573000
2011-09-23,DBC,26.75,26.950000762939453,26.420000076293945,26.549999237060547,22.446367263793945,6197800
2011-09-26,DBC,26.389999389648438,26.670000076293945,26.100000381469727,26.639999389648438,22.522457122802734,4538800
2011-09-27,DBC,27.139999389648438,27.3700008392334,27.059999465942383,27.09000015258789,22.902904510498047,3735600
2011-09-28,DBC,27.040000915527344,27.110000610351562,26.34000015258789,26.360000610351562,22.285734176635742,7995900
2011-09-29,DBC,26.760000228881836,26.8700008392334,26.5,26.670000076293945,22.547821044921875,2909400
2011-09-30,DBC,26.09000015258789,26.219999313354492,25.670000076293945,25.75,21.77001953125,4846000
2011-10-03,DBC,25.309999465942383,25.969999313354492,25.25,25.6200008392334,21.660112380981445,10602800
2011-10-04,DBC,25.450000762939453,25.65999984741211,25.190000534057617,25.56999969482422,21.617841720581055,3500000
2011-10-05,DBC,25.649999618530273,26.0,25.520000457763672,25.93000030517578,21.922195434570312,3202300
2011-10-06,DBC,25.989999771118164,26.510000228881836,25.899999618530273,26.469999313354492,22.37873077392578,1003900
2011-10-07,DBC,26.479999542236328,26.559999465942383,26.1299991607666,26.350000381469727,22.277280807495117,2768100
2011-10-10,DBC,26.709999084472656,27.010000228881836,26.709999084472656,26.940000534057617,22.776090621948242,1416100
2011-10-11,DBC,26.649999618530273,27.270000457763672,26.600000381469727,27.139999389648438,22.945175170898438,1250700
2011-10-12,DBC,27.25,27.440000534057617,27.149999618530273,27.190000534057617,22.98744773864746,1367000
2011-10-13,DBC,27.040000915527344,27.280000686645508,26.899999618530273,27.25,23.03817367553711,1679500
2011-10-14,DBC,27.729999542236328,27.889999389648438,27.6200008392334,27.8700008392334,23.562347412109375,1136000
2011-10-17,DBC,27.469999313354492,27.690000534057617,27.399999618530273,27.469999313354492,23.22416877746582,1249200
2011-10-18,DBC,27.239999771118164,27.760000228881836,27.079999923706055,27.6200008392334,23.350984573364258,1782200
2011-10-19,DBC,27.549999237060547,27.739999771118164,27.0,27.079999923706055,22.894451141357422,1673100
2011-10-20,DBC,26.950000762939453,27.209999084472656,26.579999923706055,27.040000915527344,22.860633850097656,1171100
2011-10-21,DBC,27.420000076293945,27.549999237060547,27.1200008392334,27.18000030517578,22.978992462158203,1327500
2011-10-24,DBC,27.389999389648438,27.670000076293945,27.389999389648438,27.610000610351562,23.342533111572266,1745600
2011-10-25,DBC,27.610000610351562,27.81999969482422,27.3799991607666,27.700000762939453,23.418622970581055,2603100
2011-10-26,DBC,27.829999923706055,27.8700008392334,27.43000030517578,27.540000915527344,23.28335189819336,1075300
2011-10-27,DBC,28.100000381469727,28.450000762939453,28.010000228881836,28.270000457763672,23.900522232055664,3792100
2011-10-28,DBC,28.0,28.260000228881836,27.989999771118164,28.149999618530273,23.799068450927734,3722700
2011-10-31,DBC,27.709999084472656,27.889999389648438,27.559999465942383,27.719999313354492,23.435529708862305,3209400
2011-11-01,DBC,27.040000915527344,27.6200008392334,26.920000076293945,27.389999389648438,23.156538009643555,4349800
2011-11-02,DBC,27.729999542236328,27.899999618530273,27.450000762939453,27.559999465942383,23.300260543823242,1600400
2011-11-03,DBC,27.81999969482422,27.959999084472656,27.559999465942383,27.899999618530273,23.58770751953125,981800
2011-11-04,DBC,27.950000762939453,28.020000457763672,27.760000228881836,27.989999771118164,23.663801193237305,1267600
2011-11-07,DBC,28.229999542236328,28.420000076293945,28.1200008392334,28.399999618530273,24.010427474975586,1066500
2011-11-08,DBC,28.420000076293945,28.549999237060547,28.309999465942383,28.540000915527344,24.1287899017334,1335700
2011-11-09,DBC,28.139999389648438,28.34000015258789,27.860000610351562,27.90999984741211,23.596162796020508,1283400
2011-11-10,DBC,28.040000915527344,28.049999237060547,27.75,27.8799991607666,23.570798873901367,1880200
2011-11-11,DBC,27.93000030517578,28.149999618530273,27.93000030517578,28.149999618530273,23.799068450927734,826500
2011-11-14,DBC,28.010000228881836,28.030000686645508,27.799999237060547,27.850000381469727,23.54543685913086,700400
2011-11-15,DBC,27.979999542236328,28.100000381469727,27.850000381469727,28.049999237060547,23.714523315429688,759800
2011-11-16,DBC,27.940000534057617,28.200000762939453,27.920000076293945,27.979999542236328,23.65534210205078,1248300
2011-11-17,DBC,27.799999237060547,27.84000015258789,27.290000915527344,27.329999923706055,23.105810165405273,2092500
2011-11-18,DBC,27.399999618530273,27.5,27.1299991607666,27.290000915527344,23.071990966796875,6225400
2011-11-21,DBC,27.1200008392334,27.139999389648438,26.780000686645508,27.09000015258789,22.902904510498047,1181500
2011-11-22,DBC,27.149999618530273,27.360000610351562,27.059999465942383,27.270000457763672,23.055082321166992,2228300
2011-11-23,DBC,27.010000228881836,27.010000228881836,26.780000686645508,26.860000610351562,22.708454132080078,1752300
2011-11-25,DBC,26.729999542236328,26.950000762939453,26.600000381469727,26.639999389648438,22.522457122802734,514700
2011-11-28,DBC,27.1200008392334,27.170000076293945,26.860000610351562,26.969999313354492,22.801448822021484,1063800
2011-11-29,DBC,27.1299991607666,27.3799991607666,27.100000381469727,27.31999969482422,23.097354888916016,1410300
2011-11-30,DBC,27.649999618530273,27.84000015258789,27.600000381469727,27.639999389648438,23.367895126342773,1913600
2011-12-01,DBC,27.559999465942383,27.780000686645508,27.3799991607666,27.540000915527344,23.28335189819336,1844100
2011-12-02,DBC,27.729999542236328,27.81999969482422,27.600000381469727,27.780000686645508,23.486257553100586,1308600
2011-12-05,DBC,27.920000076293945,27.959999084472656,27.540000915527344,27.6299991607666,23.359439849853516,1503800
2011-12-06,DBC,27.59000015258789,27.860000610351562,27.5,27.780000686645508,23.486257553100586,1075600
2011-12-07,DBC,27.739999771118164,27.75,27.40999984741211,27.540000915527344,23.28335189819336,1494200
2011-12-08,DBC,27.420000076293945,27.489999771118164,27.1299991607666,27.190000534057617,22.98744773864746,2211500
2011-12-09,DBC,27.149999618530273,27.350000381469727,27.139999389648438,27.290000915527344,23.071990966796875,1114300
2011-12-12,DBC,26.979999542236328,27.0,26.81999969482422,26.940000534057617,22.776090621948242,1277800
2011-12-13,DBC,26.950000762939453,27.3700008392334,26.90999984741211,27.049999237060547,22.86908531188965,1615100
2011-12-14,DBC,26.530000686645508,26.6299991607666,26.010000228881836,26.09000015258789,22.057466506958008,1851500
2011-12-15,DBC,26.290000915527344,26.329999923706055,25.920000076293945,25.959999084472656,21.947559356689453,1639500
2011-12-16,DBC,26.059999465942383,26.200000762939453,25.950000762939453,26.170000076293945,22.125102996826172,2818400
2011-12-19,DBC,26.170000076293945,26.200000762939453,25.959999084472656,26.049999237060547,22.023649215698242,1679800
2011-12-20,DBC,26.510000228881836,26.709999084472656,26.489999771118164,26.649999618530273,22.530912399291992,1846600
2011-12-21,DBC,26.6299991607666,26.8799991607666,26.549999237060547,26.84000015258789,22.691545486450195,1802100
2011-12-22,DBC,26.889999389648438,27.010000228881836,26.829999923706055,26.8700008392334,22.716909408569336,4658300
2011-12-23,DBC,26.920000076293945,27.020000457763672,26.889999389648438,27.0,22.826814651489258,2872700
2011-12-27,DBC,26.940000534057617,27.190000534057617,26.899999618530273,27.1200008392334,22.928266525268555,2493600
2011-12-28,DBC,27.06999969482422,27.06999969482422,26.709999084472656,26.799999237060547,22.65772819519043,1930200
2011-12-29,DBC,26.809999465942383,26.899999618530273,26.639999389648438,26.8799991607666,22.72536277770996,1941300
2011-12-30,DBC,26.770000457763672,26.959999084472656,26.739999771118164,26.84000015258789,22.691545486450195,2047500
2012-01-03,DBC,27.350000381469727,27.68000030517578,27.350000381469727,27.639999389648438,23.367895126342773,5940500
2012-01-04,DBC,27.610000610351562,27.899999618530273,27.610000610351562,27.850000381469727,23.54543685913086,2439000
2012-01-05,DBC,27.709999084472656,27.719999313354492,27.43000030517578,27.469999313354492,23.22416877746582,1212500
2012-01-06,DBC,27.59000015258789,27.690000534057617,27.3799991607666,27.59000015258789,23.325624465942383,17707200
2012-01-09,DBC,27.6200008392334,27.709999084472656,27.469999313354492,27.6200008392334,23.350984573364258,2432600
2012-01-10,DBC,27.8799991607666,27.920000076293945,27.780000686645508,27.81999969482422,23.52007293701172,2120000
2012-01-11,DBC,27.770000457763672,27.799999237060547,27.559999465942383,27.739999771118164,23.452438354492188,2079500
2012-01-12,DBC,27.65999984741211,27.920000076293945,26.690000534057617,27.350000381469727,23.122716903686523,1740600
2012-01-13,DBC,27.25,27.350000381469727,27.1200008392334,27.290000915527344,23.071990966796875,3156800
2012-01-17,DBC,27.459999084472656,27.579999923706055,27.389999389648438,27.479999542236328,23.232624053955078,1910500
2012-01-18,DBC,27.489999771118164,27.549999237060547,27.350000381469727,27.489999771118164,23.24108123779297,1544100
2012-01-19,DBC,27.579999923706055,27.610000610351562,27.40999984741211,27.610000610351562,23.342533111572266,2834400
2012-01-20,DBC,27.43000030517578,27.459999084472656,27.239999771118164,27.40999984741211,23.173442840576172,1907200
2012-01-23,DBC,27.479999542236328,27.75,27.479999542236328,27.729999542236328,23.44398307800293,1767900
2012-01-24,DBC,27.530000686645508,27.780000686645508,27.530000686645508,27.780000686645508,23.486257553100586,2428100
2012-01-25,DBC,27.670000076293945,28.030000686645508,27.59000015258789,28.010000228881836,23.680706024169922,1913200
2012-01-26,DBC,28.209999084472656,28.260000228881836,28.030000686645508,28.09000015258789,23.74834442138672,2136400
2012-01-27,DBC,27.959999084472656,28.190000534057617,27.959999084472656,28.190000534057617,23.8328857421875,1828700
2012-01-30,DBC,28.0,28.059999465942383,27.81999969482422,27.899999618530273,23.58770751953125,3085600
2012-01-31,DBC,28.049999237060547,28.190000534057617,27.739999771118164,27.829999923706055,23.528528213500977,1912600
2012-02-01,DBC,27.940000534057617,28.059999465942383,27.8700008392334,27.920000076293945,23.604618072509766,1570400
2012-02-02,DBC,27.889999389648438,28.020000457763672,27.739999771118164,27.989999771118164,23.663801193237305,2079200
2012-02-03,DBC,28.18000030517578,28.329999923706055,28.040000915527344,28.31999969482422,23.942792892456055,1774800
2012-02-06,DBC,28.309999465942383,28.5,28.239999771118164,28.459999084472656,24.0611515045166,1680100
2012-02-07,DBC,28.420000076293945,28.610000610351562,28.34000015258789,28.440000534057617,24.044248580932617,2370400
2012-02-08,DBC,28.579999923706055,28.649999618530273,28.360000610351562,28.56999969482422,24.154151916503906,1152800
2012-02-09,DBC,28.729999542236328,28.809999465942383,28.6299991607666,28.719999313354492,24.280969619750977,1484900
2012-02-10,DBC,28.420000076293945,28.5,28.299999237060547,28.450000762939453,24.052701950073242,1870100
2012-02-13,DBC,28.579999923706055,28.670000076293945,28.399999618530273,28.520000457763672,24.11188316345215,2124700
2012-02-14,DBC,28.510000228881836,28.579999923706055,28.420000076293945,28.510000228881836,24.103424072265625,1376300
2012-02-15,DBC,28.610000610351562,28.65999984741211,28.489999771118164,28.610000610351562,24.187969207763672,1929400
2012-02-16,DBC,28.520000457763672,28.760000228881836,28.479999542236328,28.739999771118164,24.297876358032227,1657600
2012-02-17,DBC,28.760000228881836,28.770000457763672,28.600000381469727,28.690000534057617,24.255603790283203,1572500
2012-02-21,DBC,28.959999084472656,29.239999771118164,28.950000762939453,29.139999389648438,24.636049270629883,2446900
2012-02-22,DBC,29.15999984741211,29.440000534057617,29.1200008392334,29.40999984741211,24.864320755004883,3163600
2012-02-23,DBC,29.399999618530273,29.530000686645508,29.260000228881836,29.5,24.940410614013672,1544000
2012-02-24,DBC,29.479999542236328,29.739999771118164,29.469999313354492,29.68000030517578,25.092588424682617,4989900
2012-02-27,DBC,29.59000015258789,29.709999084472656,29.440000534057617,29.440000534057617,24.88968276977539,4821900
2012-02-28,DBC,29.559999465942383,29.6299991607666,29.350000381469727,29.43000030517578,24.881229400634766,2902200
2012-02-29,DBC,29.5,29.579999923706055,28.969999313354492,29.31999969482422,24.788230895996094,4067900
2012-03-01,DBC,29.399999618530273,29.93000030517578,29.280000686645508,29.780000686645508,25.177133560180664,5275000
2012-03-02,DBC,29.56999969482422,29.56999969482422,29.309999465942383,29.479999542236328,24.92350196838379,2213700
2012-03-05,DBC,29.360000610351562,29.43000030517578,29.200000762939453,29.34000015258789,24.805137634277344,1368900
2012-03-06,DBC,28.940000534057617,28.979999542236328,28.799999237060547,28.860000610351562,24.399330139160156,2082500
2012-03-07,DBC,28.850000381469727,29.049999237060547,28.75,28.989999771118164,24.509235382080078,1476900
2012-03-08,DBC,29.1299991607666,29.280000686645508,29.100000381469727,29.229999542236328,24.712141036987305,2202300
2012-03-09,DBC,29.139999389648438,29.43000030517578,29.09000015258789,29.309999465942383,24.77977752685547,1409900
2012-03-12,DBC,29.06999969482422,29.290000915527344,29.030000686645508,29.270000457763672,24.745960235595703,717100
2012-03-13,DBC,29.219999313354492,29.479999542236328,29.190000534057617,29.399999618530273,24.855863571166992,1347900
2012-03-14,DBC,29.309999465942383,29.440000534057617,29.139999389648438,29.200000762939453,24.686779022216797,1200800
2012-03-15,DBC,29.200000762939453,29.329999923706055,29.0,29.219999313354492,24.703685760498047,1339600
2012-03-16,DBC,29.34000015258789,29.579999923706055,29.309999465942383,29.579999923706055,25.008045196533203,1433400
2012-03-19,DBC,29.559999465942383,29.600000381469727,29.450000762939453,29.530000686645508,24.96577262878418,1386400
2012-03-20,DBC,29.260000228881836,29.260000228881836,29.06999969482422,29.170000076293945,24.661413192749023,1577200
2012-03-21,DBC,29.170000076293945,29.260000228881836,29.079999923706055,29.100000381469727,24.60223388671875,951700
2012-03-22,DBC,28.799999237060547,28.889999389648438,28.729999542236328,28.8700008392334,24.407785415649414,1641500
2012-03-23,DBC,28.969999313354492,29.389999389648438,28.969999313354492,29.149999618530273,24.644508361816406,1664200
2012-03-26,DBC,29.309999465942383,29.3700008392334,29.209999084472656,29.280000686645508,24.754413604736328,1555600
2012-03-27,DBC,29.290000915527344,29.350000381469727,29.1299991607666,29.15999984741211,24.65296173095703,1251400
2012-03-28,DBC,28.93000030517578,28.969999313354492,28.780000686645508,28.8799991607666,24.416240692138672,6060500
2012-03-29,DBC,28.81999969482422,28.8799991607666,28.350000381469727,28.479999542236328,24.078060150146484,4891200
2012-03-30,DBC,28.690000534057617,28.889999389648438,28.610000610351562,28.799999237060547,24.348602294921875,2630400
2012-04-02,DBC,28.600000381469727,29.209999084472656,28.59000015258789,29.170000076293945,24.661413192749023,1752700
2012-04-03,DBC,29.200000762939453,29.209999084472656,28.950000762939453,29.040000915527344,24.5515079498291,1325100
2012-04-04,DBC,28.790000915527344,28.850000381469727,28.520000457763672,28.59000015258789,24.171062469482422,2054900
2012-04-05,DBC,28.510000228881836,28.719999313354492,28.479999542236328,28.700000762939453,24.264060974121094,897000
2012-04-09,DBC,28.459999084472656,28.6200008392334,28.350000381469727,28.56999969482422,24.154151916503906,1578100
2012-04-10,DBC,28.530000686645508,28.559999465942383,28.149999618530273,28.190000534057617,23.8328857421875,1543900
2012-04-11,DBC,28.229999542236328,28.3799991607666,28.15999984741211,28.260000228881836,23.892066955566406,2472600
2012-04-12,DBC,28.329999923706055,28.639999389648438,28.309999465942383,28.6299991607666,24.204875946044922,908600
2012-04-13,DBC,28.5,28.520000457763672,28.299999237060547,28.34000015258789,23.959699630737305,2228100
2012-04-16,DBC,28.229999542236328,28.239999771118164,27.979999542236328,28.059999465942383,23.722978591918945,1860900
2012-04-17,DBC,28.18000030517578,28.219999313354492,28.100000381469727,28.190000534057617,23.8328857421875,1754300
2012-04-18,DBC,28.030000686645508,28.049999237060547,27.84000015258789,27.920000076293945,23.604618072509766,1801500
2012-04-19,DBC,28.040000915527344,28.110000610351562,27.8700008392334,27.93000030517578,23.613073348999023,1837800
2012-04-20,DBC,28.1200008392334,28.200000762939453,27.989999771118164,28.040000915527344,23.706069946289062,1648000
2012-04-23,DBC,27.780000686645508,28.010000228881836,27.729999542236328,27.989999771118164,23.663801193237305,1026900
2012-04-24,DBC,28.09000015258789,28.1200008392334,27.940000534057617,27.989999771118164,23.663801193237305,736800
2012-04-25,DBC,28.1299991607666,28.170000076293945,27.920000076293945,28.149999618530273,23.799068450927734,886200
2012-04-26,DBC,28.200000762939453,28.34000015258789,28.200000762939453,28.209999084472656,23.849794387817383,851600
2012-04-27,DBC,28.260000228881836,28.329999923706055,28.200000762939453,28.299999237060547,23.925884246826172,814400
2012-04-30,DBC,28.229999542236328,28.440000534057617,28.190000534057617,28.40999984741211,24.01888084411621,1377500
2012-05-01,DBC,28.31999969482422,28.5,28.290000915527344,28.40999984741211,24.01888084411621,1495500
2012-05-02,DBC,28.280000686645508,28.31999969482422,28.010000228881836,28.040000915527344,23.706069946289062,1311300
2012-05-03,DBC,27.920000076293945,27.979999542236328,27.68000030517578,27.729999542236328,23.44398307800293,1624000
2012-05-04,DBC,27.450000762939453,27.459999084472656,27.040000915527344,27.239999771118164,23.029720306396484,1968400
2012-05-07,DBC,26.989999771118164,27.209999084472656,26.93000030517578,27.18000030517578,22.978992462158203,5352400
2012-05-08,DBC,27.010000228881836,27.079999923706055,26.719999313354492,27.079999923706055,22.894451141357422,3472300
2012-05-09,DBC,26.760000228881836,26.940000534057617,26.700000762939453,26.8700008392334,22.716909408569336,3238300
2012-05-10,DBC,26.950000762939453,26.989999771118164,26.860000610351562,26.8799991607666,22.72536277770996,1631300
2012-05-11,DBC,26.719999313354492,26.90999984741211,26.670000076293945,26.68000030517578,22.5562744140625,1518900
2012-05-14,DBC,26.40999984741211,26.479999542236328,26.309999465942383,26.329999923706055,22.260372161865234,5751700
2012-05-15,DBC,26.479999542236328,26.59000015258789,26.3700008392334,26.3799991607666,22.302642822265625,8431800
2012-05-16,DBC,26.360000610351562,26.559999465942383,26.309999465942383,26.350000381469727,22.277280807495117,1589200
2012-05-17,DBC,26.43000030517578,26.479999542236328,26.270000457763672,26.290000915527344,22.22655487060547,1222100
2012-05-18,DBC,26.3700008392334,26.5,26.25,26.270000457763672,22.209646224975586,2698600
2012-05-21,DBC,26.3799991607666,26.6200008392334,26.3700008392334,26.6200008392334,22.50554847717285,851900
2012-05-22,DBC,26.450000762939453,26.549999237060547,26.170000076293945,26.239999771118164,22.184282302856445,1387300
2012-05-23,DBC,26.020000457763672,26.020000457763672,25.75,25.950000762939453,21.93910789489746,2929100
2012-05-24,DBC,26.100000381469727,26.100000381469727,25.829999923706055,25.959999084472656,21.947559356689453,6060000
2012-05-25,DBC,26.0,26.079999923706055,25.989999771118164,26.049999237060547,22.023649215698242,1125700
2012-05-29,DBC,26.18000030517578,26.25,25.8700008392334,25.940000534057617,21.93065071105957,1472900
2012-05-30,DBC,25.600000381469727,25.600000381469727,25.399999618530273,25.459999084472656,21.524839401245117,1629900
2012-05-31,DBC,25.469999313354492,25.469999313354492,25.18000030517578,25.239999771118164,21.338848114013672,2427200
2012-06-01,DBC,24.889999389648438,24.959999084472656,24.59000015258789,24.719999313354492,20.899215698242188,3989700
2012-06-04,DBC,24.700000762939453,24.889999389648438,24.6299991607666,24.860000610351562,21.017578125,4474300
2012-06-05,DBC,24.790000915527344,24.889999389648438,24.729999542236328,24.770000457763672,20.94148826599121,2129000
2012-06-06,DBC,25.079999923706055,25.31999969482422,25.049999237060547,25.229999542236328,21.33039093017578,4778400
2012-06-07,DBC,25.540000915527344,25.549999237060547,25.040000915527344,25.059999465942383,21.186664581298828,2158300
2012-06-08,DBC,24.860000610351562,25.139999389648438,24.780000686645508,25.139999389648438,21.254301071166992,1569600
2012-06-11,DBC,25.149999618530273,25.170000076293945,24.649999618530273,24.68000030517578,20.865402221679688,4247700
2012-06-12,DBC,24.889999389648438,24.899999618530273,24.729999542236328,24.799999237060547,20.96685218811035,2263800
2012-06-13,DBC,24.649999618530273,24.850000381469727,24.559999465942383,24.610000610351562,20.80622100830078,1510800
2012-06-14,DBC,24.65999984741211,24.950000762939453,24.59000015258789,24.899999618530273,21.051395416259766,2601200
2012-06-15,DBC,24.860000610351562,24.979999542236328,24.81999969482422,24.860000610351562,21.017578125,1627200
2012-06-18,DBC,24.68000030517578,24.950000762939453,24.6299991607666,24.8799991607666,21.034486770629883,1065800
2012-06-19,DBC,25.09000015258789,25.15999984741211,25.030000686645508,25.09000015258789,21.2120304107666,1738200
2012-06-20,DBC,24.989999771118164,24.989999771118164,24.65999984741211,24.68000030517578,20.865402221679688,6226300
2012-06-21,DBC,24.59000015258789,24.610000610351562,24.1200008392334,24.149999618530273,20.417316436767578,1815100
2012-06-22,DBC,24.290000915527344,24.40999984741211,24.260000228881836,24.389999389648438,20.620223999023438,2906300
2012-06-25,DBC,24.399999618530273,24.639999389648438,24.34000015258789,24.639999389648438,20.831581115722656,1377600
2012-06-26,DBC,24.700000762939453,24.850000381469727,24.56999969482422,24.809999465942383,20.97530746459961,1480400
2012-06-27,DBC,24.969999313354492,25.079999923706055,24.8700008392334,24.950000762939453,21.093669891357422,1140500
2012-06-28,DBC,24.829999923706055,24.889999389648438,24.5,24.68000030517578,20.865402221679688,997600
2012-06-29,DBC,25.309999465942383,25.8700008392334,25.229999542236328,25.75,21.77001953125,12446600
2012-07-02,DBC,25.65999984741211,25.709999084472656,25.420000076293945,25.700000762939453,21.727745056152344,3837000
2012-07-03,DBC,26.25,26.420000076293945,26.219999313354492,26.420000076293945,22.33646011352539,1382200
2012-07-05,DBC,26.3700008392334,26.559999465942383,26.31999969482422,26.520000457763672,22.421003341674805,3286300
2012-07-06,DBC,26.1299991607666,26.149999618530273,25.899999618530273,25.90999984741211,21.905284881591797,1221900
2012-07-09,DBC,26.190000534057617,26.520000457763672,26.18000030517578,26.3700008392334,22.294189453125,1016300
2012-07-10,DBC,26.290000915527344,26.299999237060547,25.989999771118164,26.030000686645508,22.006742477416992,1004700
2012-07-11,DBC,26.260000228881836,26.3700008392334,26.079999923706055,26.31999969482422,22.251916885375977,1200700
2012-07-12,DBC,26.09000015258789,26.440000534057617,26.0,26.3799991607666,22.302642822265625,868400
2012-07-13,DBC,26.530000686645508,26.739999771118164,26.530000686645508,26.700000762939453,22.573184967041016,970500
2012-07-16,DBC,26.899999618530273,27.09000015258789,26.799999237060547,27.030000686645508,22.85218048095703,1104100
2012-07-17,DBC,27.1299991607666,27.170000076293945,26.8700008392334,27.059999465942383,22.87754249572754,3381500
2012-07-18,DBC,27.049999237060547,27.329999923706055,27.020000457763672,27.299999237060547,23.0804443359375,1446800
2012-07-19,DBC,27.600000381469727,27.770000457763672,27.549999237060547,27.6299991607666,23.359439849853516,2532100
2012-07-20,DBC,27.559999465942383,27.649999618530273,27.459999084472656,27.6299991607666,23.359439849853516,2023500
2012-07-23,DBC,26.989999771118164,27.209999084472656,26.899999618530273,27.049999237060547,22.86908531188965,1534200
2012-07-24,DBC,26.950000762939453,26.989999771118164,26.65999984741211,26.889999389648438,22.73381805419922,3086000
2012-07-25,DBC,27.040000915527344,27.200000762939453,26.829999923706055,27.09000015258789,22.902904510498047,1176600
2012-07-26,DBC,27.31999969482422,27.360000610351562,27.049999237060547,27.139999389648438,22.945175170898438,2906700
2012-07-27,DBC,27.290000915527344,27.440000534057617,27.229999542236328,27.420000076293945,23.181896209716797,925700
2012-07-30,DBC,27.530000686645508,27.649999618530273,27.530000686645508,27.579999923706055,23.317167282104492,5830200
2012-07-31,DBC,27.600000381469727,27.610000610351562,27.25,27.25,23.03817367553711,2325400
2012-08-01,DBC,27.329999923706055,27.3799991607666,27.100000381469727,27.290000915527344,23.071990966796875,1254100
2012-08-02,DBC,27.020000457763672,27.18000030517578,26.979999542236328,27.059999465942383,22.87754249572754,1708200
2012-08-03,DBC,27.360000610351562,27.65999984741211,27.360000610351562,27.520000457763672,23.266443252563477,2597400
2012-08-06,DBC,27.450000762939453,27.719999313354492,27.420000076293945,27.68000030517578,23.401710510253906,2365900
2012-08-07,DBC,27.799999237060547,27.989999771118164,27.780000686645508,27.889999389648438,23.579254150390625,1255400
2012-08-08,DBC,27.920000076293945,28.059999465942383,27.8700008392334,27.969999313354492,23.646888732910156,2025200
2012-08-09,DBC,28.030000686645508,28.270000457763672,28.030000686645508,28.200000762939453,23.841341018676758,1634500
2012-08-10,DBC,27.969999313354492,28.110000610351562,27.920000076293945,28.049999237060547,23.714523315429688,2352200
2012-08-13,DBC,27.979999542236328,28.030000686645508,27.790000915527344,27.829999923706055,23.528528213500977,1402400
2012-08-14,DBC,27.90999984741211,27.950000762939453,27.790000915527344,27.860000610351562,23.553892135620117,1152200
2012-08-15,DBC,27.889999389648438,28.15999984741211,27.8799991607666,28.100000381469727,23.756797790527344,1643100
2012-08-16,DBC,28.15999984741211,28.31999969482422,28.06999969482422,28.209999084472656,23.849794387817383,1953700
2012-08-17,DBC,28.15999984741211,28.290000915527344,28.110000610351562,28.25,23.883609771728516,1078300
2012-08-20,DBC,28.280000686645508,28.389999389648438,28.1200008392334,28.3799991607666,23.993518829345703,1535600
2012-08-21,DBC,28.670000076293945,28.790000915527344,28.6200008392334,28.639999389648438,24.213333129882812,1497500
2012-08-22,DBC,28.649999618530273,28.81999969482422,28.610000610351562,28.790000915527344,24.34014892578125,1709700
2012-08-23,DBC,28.920000076293945,28.959999084472656,28.579999923706055,28.649999618530273,24.22178840637207,1348000
2012-08-24,DBC,28.75,28.770000457763672,28.469999313354492,28.520000457763672,24.11188316345215,3640400
2012-08-27,DBC,28.479999542236328,28.5,28.350000381469727,28.389999389648438,24.00197410583496,1914000
2012-08-28,DBC,28.389999389648438,28.450000762939453,28.299999237060547,28.40999984741211,24.01888084411621,1247600
2012-08-29,DBC,28.440000534057617,28.469999313354492,28.34000015258789,28.459999084472656,24.0611515045166,967400
2012-08-30,DBC,28.520000457763672,28.530000686645508,28.34000015258789,28.489999771118164,24.086519241333008,1634300
2012-08-31,DBC,28.610000610351562,28.84000015258789,28.43000030517578,28.790000915527344,24.34014892578125,8719400
2012-09-04,DBC,29.020000457763672,29.06999969482422,28.739999771118164,28.799999237060547,24.348602294921875,7801700
2012-09-05,DBC,28.780000686645508,28.790000915527344,28.59000015258789,28.65999984741211,24.230241775512695,3261000
2012-09-06,DBC,28.760000228881836,28.940000534057617,28.639999389648438,28.649999618530273,24.22178840637207,3166500
2012-09-07,DBC,28.790000915527344,29.020000457763672,28.65999984741211,28.969999313354492,24.492326736450195,2027200
2012-09-10,DBC,29.0,29.139999389648438,28.959999084472656,29.010000228881836,24.52614402770996,2223700
2012-09-11,DBC,29.1299991607666,29.149999618530273,29.040000915527344,29.06999969482422,24.57686996459961,1769800
2012-09-12,DBC,29.1299991607666,29.229999542236328,29.06999969482422,29.219999313354492,24.703685760498047,1264800
2012-09-13,DBC,29.360000610351562,29.459999084472656,29.059999465942383,29.420000076293945,24.872774124145508,2082500
2012-09-14,DBC,29.709999084472656,29.860000610351562,29.670000076293945,29.729999542236328,25.134859085083008,3026800
2012-09-17,DBC,29.540000915527344,29.559999465942383,28.75,28.90999984741211,24.441598892211914,3610500
2012-09-18,DBC,28.959999084472656,29.030000686645508,28.639999389648438,28.700000762939453,24.264060974121094,3701500
2012-09-19,DBC,28.600000381469727,28.6200008392334,28.190000534057617,28.280000686645508,23.90897560119629,4359800
2012-09-20,DBC,28.260000228881836,28.440000534057617,28.200000762939453,28.440000534057617,24.044248580932617,1676500
2012-09-21,DBC,28.56999969482422,28.670000076293945,28.510000228881836,28.6299991607666,24.204875946044922,2142400
2012-09-24,DBC,28.299999237060547,28.360000610351562,28.200000762939453,28.329999923706055,23.95124626159668,1786700
2012-09-25,DBC,28.540000915527344,28.59000015258789,28.329999923706055,28.360000610351562,23.97661018371582,1354400
2012-09-26,DBC,28.18000030517578,28.200000762939453,27.950000762939453,28.15999984741211,23.80752182006836,1892400
2012-09-27,DBC,28.389999389648438,28.540000915527344,28.309999465942383,28.510000228881836,24.103424072265625,1759300
2012-09-28,DBC,28.610000610351562,28.780000686645508,28.549999237060547,28.68000030517578,24.247148513793945,5470600
2012-10-01,DBC,28.850000381469727,28.950000762939453,28.59000015258789,28.719999313354492,24.280969619750977,6122000
2012-10-02,DBC,28.68000030517578,28.700000762939453,28.559999465942383,28.56999969482422,24.154151916503906,1393200
2012-10-03,DBC,28.299999237060547,28.700000762939453,28.059999465942383,28.079999923706055,23.739887237548828,2234000
2012-10-04,DBC,28.40999984741211,28.739999771118164,28.31999969482422,28.690000534057617,24.255603790283203,1251600
2012-10-05,DBC,28.649999618530273,28.649999618530273,28.389999389648438,28.540000915527344,24.1287899017334,1006500
2012-10-08,DBC,28.420000076293945,28.510000228881836,28.3700008392334,28.459999084472656,24.0611515045166,1075800
2012-10-09,DBC,28.559999465942383,28.780000686645508,28.549999237060547,28.670000076293945,24.238697052001953,1360400
2012-10-10,DBC,28.670000076293945,28.81999969482422,28.559999465942383,28.6200008392334,24.19642448425293,2341000
2012-10-11,DBC,28.860000610351562,29.0,28.760000228881836,28.950000762939453,24.475419998168945,975700
2012-10-12,DBC,28.709999084472656,28.760000228881836,28.469999313354492,28.549999237060547,24.137245178222656,1238300
2012-10-15,DBC,28.3700008392334,28.43000030517578,28.18000030517578,28.40999984741211,24.01888084411621,1350200
2012-10-16,DBC,28.420000076293945,28.489999771118164,28.34000015258789,28.43000030517578,24.03579330444336,1157700
2012-10-17,DBC,28.459999084472656,28.510000228881836,28.329999923706055,28.440000534057617,24.044248580932617,1258200
2012-10-18,DBC,28.25,28.479999542236328,28.209999084472656,28.43000030517578,24.03579330444336,1930500
2012-10-19,DBC,28.479999542236328,28.5,28.0,28.0,23.67225456237793,1623500
2012-10-22,DBC,28.09000015258789,28.1299991607666,27.799999237060547,27.8700008392334,23.562347412109375,1301000
2012-10-23,DBC,27.530000686645508,27.549999237060547,27.34000015258789,27.530000686645508,23.274898529052734,1933400
2012-10-24,DBC,27.520000457763672,27.56999969482422,27.31999969482422,27.450000762939453,23.20726203918457,1404000
2012-10-25,DBC,27.6200008392334,27.649999618530273,27.3799991607666,27.520000457763672,23.266443252563477,1268700
2012-10-26,DBC,27.520000457763672,27.6299991607666,27.459999084472656,27.579999923706055,23.317167282104492,1361500
2012-10-31,DBC,27.6200008392334,27.799999237060547,27.510000228881836,27.559999465942383,23.300260543823242,6853900
2012-11-01,DBC,27.65999984741211,27.75,27.610000610351562,27.610000610351562,23.342533111572266,3706800
2012-11-02,DBC,27.579999923706055,27.600000381469727,27.1200008392334,27.139999389648438,22.945175170898438,1252200
2012-11-05,DBC,27.1299991607666,27.389999389648438,27.079999923706055,27.3700008392334,23.139629364013672,2096800
2012-11-06,DBC,27.549999237060547,27.93000030517578,27.5,27.860000610351562,23.553892135620117,1425000
2012-11-07,DBC,27.610000610351562,27.639999389648438,27.280000686645508,27.34000015258789,23.11426544189453,1464500
2012-11-08,DBC,27.3700008392334,27.459999084472656,27.25,27.3799991607666,23.148082733154297,1124700
2012-11-09,DBC,27.329999923706055,27.65999984741211,27.309999465942383,27.600000381469727,23.334077835083008,2791200
2012-11-12,DBC,27.59000015258789,27.690000534057617,27.43000030517578,27.469999313354492,23.22416877746582,1251000
2012-11-13,DBC,27.31999969482422,27.530000686645508,27.309999465942383,27.420000076293945,23.181896209716797,1524500
2012-11-14,DBC,27.510000228881836,27.719999313354492,27.479999542236328,27.5,23.249534606933594,1166600
2012-11-15,DBC,27.6299991607666,27.670000076293945,27.329999923706055,27.389999389648438,23.156538009643555,1668400
2012-11-16,DBC,27.450000762939453,27.530000686645508,27.299999237060547,27.510000228881836,23.25798797607422,1450900
2012-11-19,DBC,27.850000381469727,28.079999923706055,27.850000381469727,28.030000686645508,23.697616577148438,2080400
2012-11-20,DBC,27.90999984741211,27.989999771118164,27.670000076293945,27.84000015258789,23.536983489990234,1148000
2012-11-21,DBC,27.889999389648438,27.959999084472656,27.739999771118164,27.959999084472656,23.63843536376953,1259400
2012-11-23,DBC,27.8799991607666,28.1200008392334,27.8799991607666,28.059999465942383,23.722978591918945,828700
2012-11-26,DBC,28.0,28.040000915527344,27.940000534057617,28.020000457763672,23.689163208007812,2169400
2012-11-27,DBC,28.010000228881836,28.079999923706055,27.8799991607666,27.979999542236328,23.65534210205078,1531700
2012-11-28,DBC,27.6200008392334,27.90999984741211,27.6200008392334,27.889999389648438,23.579254150390625,1733600
2012-11-29,DBC,28.1200008392334,28.170000076293945,28.010000228881836,28.079999923706055,23.739887237548828,1092300
2012-11-30,DBC,28.100000381469727,28.190000534057617,28.040000915527344,28.100000381469727,23.756797790527344,2626000
2012-12-03,DBC,28.360000610351562,28.3799991607666,28.1299991607666,28.170000076293945,23.815977096557617,2527400
2012-12-04,DBC,27.940000534057617,28.0,27.860000610351562,27.920000076293945,23.604618072509766,1844900
2012-12-05,DBC,27.940000534057617,27.989999771118164,27.770000457763672,27.889999389648438,23.579254150390625,1091700
2012-12-06,DBC,27.709999084472656,27.760000228881836,27.56999969482422,27.639999389648438,23.367895126342773,1621900
2012-12-07,DBC,27.649999618530273,27.700000762939453,27.520000457763672,27.610000610351562,23.342533111572266,2812600
2012-12-10,DBC,27.6299991607666,27.649999618530273,27.489999771118164,27.549999237060547,23.291805267333984,1194300
2012-12-11,DBC,27.540000915527344,27.559999465942383,27.40999984741211,27.5,23.249534606933594,1943600
2012-12-12,DBC,27.68000030517578,27.75,27.520000457763672,27.6299991607666,23.359439849853516,2672400
2012-12-13,DBC,27.440000534057617,27.489999771118164,27.299999237060547,27.3799991607666,23.148082733154297,1420800
2012-12-14,DBC,27.43000030517578,27.59000015258789,27.420000076293945,27.549999237060547,23.291805267333984,1641900
2012-12-17,DBC,27.530000686645508,27.600000381469727,27.5,27.530000686645508,23.274898529052734,1235700
2012-12-18,DBC,27.540000915527344,27.670000076293945,27.510000228881836,27.600000381469727,23.334077835083008,1583400
2012-12-19,DBC,27.639999389648438,27.75,27.600000381469727,27.700000762939453,23.418622970581055,1644600
2012-12-20,DBC,27.510000228881836,27.649999618530273,27.5,27.56999969482422,23.308712005615234,1829300
2012-12-21,DBC,27.479999542236328,27.559999465942383,27.43000030517578,27.520000457763672,23.266443252563477,1932700
2012-12-24,DBC,27.420000076293945,27.450000762939453,27.350000381469727,27.43000030517578,23.190353393554688,1091900
2012-12-26,DBC,27.709999084472656,27.809999465942383,27.6200008392334,27.709999084472656,23.427074432373047,1077900
2012-12-27,DBC,27.670000076293945,27.75,27.59000015258789,27.709999084472656,23.427074432373047,1973500
2012-12-28,DBC,27.670000076293945,27.719999313354492,27.549999237060547,27.6299991607666,23.359439849853516,1542300
2012-12-31,DBC,27.530000686645508,27.809999465942383,27.510000228881836,27.780000686645508,23.486257553100586,4334900
2013-01-02,DBC,28.110000610351562,28.1200008392334,27.850000381469727,27.8799991607666,23.570798873901367,3008900
2013-01-03,DBC,27.75,27.790000915527344,27.6299991607666,27.649999618530273,23.3763484954834,2478800
2013-01-04,DBC,27.530000686645508,27.59000015258789,27.350000381469727,27.530000686645508,23.274898529052734,3217000
2013-01-07,DBC,27.450000762939453,27.59000015258789,27.420000076293945,27.579999923706055,23.317167282104492,1727800
2013-01-08,DBC,27.639999389648438,27.65999984741211,27.530000686645508,27.649999618530273,23.3763484954834,1681900
2013-01-09,DBC,27.649999618530273,27.670000076293945,27.5,27.610000610351562,23.342533111572266,1681200
2013-01-10,DBC,27.799999237060547,27.81999969482422,27.709999084472656,27.709999084472656,23.427074432373047,1740600
2013-01-11,DBC,27.56999969482422,27.6200008392334,27.40999984741211,27.59000015258789,23.325624465942383,1492200
2013-01-14,DBC,27.700000762939453,27.780000686645508,27.559999465942383,27.770000457763672,23.477802276611328,1996600
2013-01-15,DBC,27.760000228881836,27.760000228881836,27.610000610351562,27.649999618530273,23.3763484954834,3970300
2013-01-16,DBC,27.6299991607666,27.719999313354492,27.579999923706055,27.68000030517578,23.401710510253906,3361300
2013-01-17,DBC,27.780000686645508,27.889999389648438,27.739999771118164,27.799999237060547,23.503164291381836,1419100
2013-01-18,DBC,27.8799991607666,28.020000457763672,27.780000686645508,27.979999542236328,23.65534210205078,1631600
2013-01-22,DBC,28.09000015258789,28.139999389648438,27.979999542236328,28.059999465942383,23.722978591918945,2017900
2013-01-23,DBC,28.040000915527344,28.139999389648438,28.020000457763672,28.09000015258789,23.74834442138672,1704100
2013-01-24,DBC,28.0,28.149999618530273,28.0,28.06999969482422,23.73143196105957,1555000
2013-01-25,DBC,28.049999237060547,28.09000015258789,27.940000534057617,28.010000228881836,23.680706024169922,1470300
2013-01-28,DBC,28.049999237060547,28.059999465942383,27.8799991607666,28.0,23.67225456237793,1456900
2013-01-29,DBC,28.049999237060547,28.200000762939453,28.010000228881836,28.15999984741211,23.80752182006836,1536500
2013-01-30,DBC,28.34000015258789,28.489999771118164,28.31999969482422,28.479999542236328,24.078060150146484,2555200
2013-01-31,DBC,28.360000610351562,28.5,28.309999465942383,28.469999313354492,24.06960678100586,2636100
2013-02-01,DBC,28.559999465942383,28.729999542236328,28.530000686645508,28.579999923706055,24.162607192993164,2975900
2013-02-04,DBC,28.5,28.6200008392334,28.43000030517578,28.479999542236328,24.078060150146484,1753700
2013-02-05,DBC,28.610000610351562,28.6299991607666,28.540000915527344,28.59000015258789,24.171062469482422,1421600
2013-02-06,DBC,28.420000076293945,28.579999923706055,28.389999389648438,28.549999237060547,24.137245178222656,2511400
2013-02-07,DBC,28.530000686645508,28.56999969482422,28.3700008392334,28.440000534057617,24.044248580932617,2184600
2013-02-08,DBC,28.610000610351562,28.68000030517578,28.520000457763672,28.549999237060547,24.137245178222656,1562500
2013-02-11,DBC,28.3700008392334,28.479999542236328,28.31999969482422,28.450000762939453,24.052701950073242,1981400
2013-02-12,DBC,28.479999542236328,28.5,28.399999618530273,28.5,24.094972610473633,2520800
2013-02-13,DBC,28.530000686645508,28.56999969482422,28.459999084472656,28.510000228881836,24.103424072265625,1532000
2013-02-14,DBC,28.469999313354492,28.520000457763672,28.389999389648438,28.469999313354492,24.06960678100586,1387900
2013-02-15,DBC,28.260000228881836,28.350000381469727,28.170000076293945,28.350000381469727,23.968154907226562,2421000
2013-02-19,DBC,28.219999313354492,28.260000228881836,28.100000381469727,28.239999771118164,23.875158309936523,2252600
2013-02-20,DBC,28.200000762939453,28.209999084472656,27.850000381469727,27.920000076293945,23.604618072509766,3037500
2013-02-21,DBC,27.6299991607666,27.700000762939453,27.549999237060547,27.600000381469727,23.334077835083008,2358300
2013-02-22,DBC,27.6299991607666,27.65999984741211,27.530000686645508,27.600000381469727,23.334077835083008,1897900
2013-02-25,DBC,27.75,27.780000686645508,27.469999313354492,27.469999313354492,23.22416877746582,3079200
2013-02-26,DBC,27.5,27.549999237060547,27.3799991607666,27.420000076293945,23.181896209716797,2745100
2013-02-27,DBC,27.389999389648438,27.469999313354492,27.209999084472656,27.25,23.03817367553711,2564300
2013-02-28,DBC,27.219999313354492,27.309999465942383,27.100000381469727,27.1299991607666,22.936721801757812,5327700
2013-03-01,DBC,26.8799991607666,26.969999313354492,26.81999969482422,26.940000534057617,22.776090621948242,2641200
2013-03-04,DBC,26.899999618530273,26.93000030517578,26.729999542236328,26.84000015258789,22.691545486450195,2031000
2013-03-05,DBC,26.989999771118164,27.100000381469727,26.940000534057617,27.09000015258789,22.902904510498047,3225400
2013-03-06,DBC,26.989999771118164,27.010000228881836,26.850000381469727,26.940000534057617,22.776090621948242,1621800
2013-03-07,DBC,26.979999542236328,27.1200008392334,26.969999313354492,27.1200008392334,22.928266525268555,1534600
2013-03-08,DBC,27.040000915527344,27.219999313354492,27.020000457763672,27.200000762939453,22.99590301513672,2571900
2013-03-11,DBC,27.149999618530273,27.260000228881836,27.059999465942383,27.219999313354492,23.0128116607666,6676400
2013-03-12,DBC,27.389999389648438,27.43000030517578,27.209999084472656,27.280000686645508,23.063539505004883,3456200
2013-03-13,DBC,27.350000381469727,27.3700008392334,27.079999923706055,27.139999389648438,22.945175170898438,3080000
2013-03-14,DBC,27.200000762939453,27.34000015258789,27.170000076293945,27.34000015258789,23.11426544189453,1860500
2013-03-15,DBC,27.420000076293945,27.459999084472656,27.360000610351562,27.399999618530273,23.164989471435547,1869300
2013-03-18,DBC,27.1299991607666,27.299999237060547,27.100000381469727,27.239999771118164,23.029720306396484,1485500
2013-03-19,DBC,27.219999313354492,27.290000915527344,27.010000228881836,27.040000915527344,22.860633850097656,1687100
2013-03-20,DBC,27.170000076293945,27.290000915527344,27.049999237060547,27.229999542236328,23.02126693725586,2177200
2013-03-21,DBC,27.190000534057617,27.260000228881836,27.049999237060547,27.110000610351562,22.91981315612793,1375800
2013-03-22,DBC,27.15999984741211,27.219999313354492,27.049999237060547,27.15999984741211,22.962087631225586,1133900
2013-03-25,DBC,27.280000686645508,27.3799991607666,27.1299991607666,27.18000030517578,22.978992462158203,2103000
2013-03-26,DBC,27.309999465942383,27.43000030517578,27.239999771118164,27.43000030517578,23.190353393554688,1416700
2013-03-27,DBC,27.389999389648438,27.579999923706055,27.350000381469727,27.56999969482422,23.308712005615234,2456700
2013-03-28,DBC,27.43000030517578,27.5,27.229999542236328,27.309999465942383,23.08890151977539,1560200
2013-04-01,DBC,27.190000534057617,27.399999618530273,27.15999984741211,27.309999465942383,23.08890151977539,1980700
2013-04-02,DBC,27.219999313354492,27.25,27.1200008392334,27.18000030517578,22.978992462158203,3237700
2013-04-03,DBC,27.149999618530273,27.190000534057617,26.68000030517578,26.719999313354492,22.590091705322266,2111900
2013-04-04,DBC,26.579999923706055,26.75,26.520000457763672,26.690000534057617,22.564727783203125,1327100
2013-04-05,DBC,26.6200008392334,26.670000076293945,26.520000457763672,26.670000076293945,22.547821044921875,1205300
2013-04-08,DBC,26.75,26.760000228881836,26.59000015258789,26.75,22.615455627441406,1179300
2013-04-09,DBC,26.739999771118164,26.969999313354492,26.670000076293945,26.920000076293945,22.759180068969727,1302800
2013-04-10,DBC,26.920000076293945,26.959999084472656,26.809999465942383,26.860000610351562,22.708454132080078,1260800
2013-04-11,DBC,26.799999237060547,26.8700008392334,26.670000076293945,26.75,22.615455627441406,1748800
2013-04-12,DBC,26.5,26.600000381469727,26.280000686645508,26.420000076293945,22.33646011352539,2923900
2013-04-15,DBC,25.989999771118164,26.0,25.6200008392334,25.6299991607666,21.668563842773438,3652600
2013-04-16,DBC,25.790000915527344,25.90999984741211,25.639999389648438,25.899999618530273,21.896833419799805,4928900
2013-04-17,DBC,25.68000030517578,25.709999084472656,25.489999771118164,25.520000457763672,21.5755672454834,1478900
2013-04-18,DBC,25.6200008392334,25.809999465942383,25.489999771118164,25.790000915527344,21.803834915161133,2616600
2013-04-19,DBC,25.729999542236328,25.790000915527344,25.65999984741211,25.729999542236328,21.753108978271484,1957900
2013-04-22,DBC,25.760000228881836,25.829999923706055,25.579999923706055,25.809999465942383,21.820743560791016,1996500
2013-04-23,DBC,25.65999984741211,25.739999771118164,25.59000015258789,25.649999618530273,21.685474395751953,2551900
2013-04-24,DBC,25.81999969482422,25.950000762939453,25.770000457763672,25.93000030517578,21.922195434570312,1714400
2013-04-25,DBC,25.989999771118164,26.31999969482422,25.969999313354492,26.270000457763672,22.209646224975586,2094300
2013-04-26,DBC,26.18000030517578,26.219999313354492,25.979999542236328,26.1200008392334,22.08283042907715,2222900
2013-04-29,DBC,26.239999771118164,26.510000228881836,26.209999084472656,26.469999313354492,22.37873077392578,1131000
2013-04-30,DBC,26.459999084472656,26.459999084472656,26.239999771118164,26.270000457763672,22.209646224975586,1900600
2013-05-01,DBC,25.809999465942383,25.899999618530273,25.700000762939453,25.799999237060547,21.812288284301758,1693900
2013-05-02,DBC,25.90999984741211,26.18000030517578,25.799999237060547,26.1299991607666,22.09128189086914,1538800
2013-05-03,DBC,26.3700008392334,26.520000457763672,26.309999465942383,26.420000076293945,22.33646011352539,1188300
2013-05-06,DBC,26.350000381469727,26.510000228881836,26.270000457763672,26.450000762939453,22.361827850341797,7015100
2013-05-07,DBC,26.40999984741211,26.479999542236328,26.280000686645508,26.360000610351562,22.285734176635742,1380300
2013-05-08,DBC,26.440000534057617,26.540000915527344,26.3700008392334,26.479999542236328,22.387187957763672,1423400
2013-05-09,DBC,26.389999389648438,26.579999923706055,26.3700008392334,26.469999313354492,22.37873077392578,1137900
2013-05-10,DBC,26.200000762939453,26.3700008392334,26.020000457763672,26.350000381469727,22.277280807495117,1402400
2013-05-13,DBC,26.229999542236328,26.350000381469727,26.170000076293945,26.229999542236328,22.175827026367188,1380000
2013-05-14,DBC,26.1299991607666,26.229999542236328,26.09000015258789,26.139999389648438,22.0997371673584,2765800
2013-05-15,DBC,25.940000534057617,26.100000381469727,25.770000457763672,26.079999923706055,22.04901123046875,3652200
2013-05-16,DBC,26.030000686645508,26.15999984741211,25.979999542236328,26.049999237060547,22.023649215698242,1532000
2013-05-17,DBC,26.200000762939453,26.239999771118164,26.06999969482422,26.18000030517578,22.13355827331543,1141500
2013-05-20,DBC,26.15999984741211,26.3799991607666,26.15999984741211,26.350000381469727,22.277280807495117,1530400
2013-05-21,DBC,26.280000686645508,26.329999923706055,26.139999389648438,26.200000762939453,22.150466918945312,1199900
2013-05-22,DBC,26.200000762939453,26.360000610351562,26.030000686645508,26.079999923706055,22.04901123046875,1302700
2013-05-23,DBC,25.8700008392334,26.200000762939453,25.84000015258789,26.200000762939453,22.150466918945312,2251800
2013-05-24,DBC,26.030000686645508,26.149999618530273,25.969999313354492,26.100000381469727,22.0659236907959,1968100
2013-05-28,DBC,26.450000762939453,26.459999084472656,26.31999969482422,26.34000015258789,22.268827438354492,2486900
2013-05-29,DBC,26.350000381469727,26.360000610351562,26.110000610351562,26.170000076293945,22.125102996826172,1150400
2013-05-30,DBC,26.049999237060547,26.239999771118164,26.020000457763672,26.170000076293945,22.125102996826172,1874300
2013-05-31,DBC,26.020000457763672,26.09000015258789,25.860000610351562,25.860000610351562,21.86301612854004,5156100
2013-06-03,DBC,26.1200008392334,26.260000228881836,26.079999923706055,26.18000030517578,22.13355827331543,2813800
2013-06-04,DBC,26.079999923706055,26.299999237060547,26.0,26.280000686645508,22.218101501464844,1526100
2013-06-05,DBC,26.299999237060547,26.3799991607666,26.149999618530273,26.15999984741211,22.116647720336914,2641500
2013-06-06,DBC,26.139999389648438,26.270000457763672,26.139999389648438,26.260000228881836,22.201189041137695,3320900
2013-06-07,DBC,26.110000610351562,26.399999618530273,26.079999923706055,26.31999969482422,22.251916885375977,1316900
2013-06-10,DBC,26.219999313354492,26.25,26.15999984741211,26.219999313354492,22.167373657226562,1086400
2013-06-11,DBC,25.90999984741211,26.030000686645508,25.889999389648438,25.989999771118164,21.97292137145996,1148700
2013-06-12,DBC,26.110000610351562,26.139999389648438,26.010000228881836,26.020000457763672,21.998287200927734,3855200
2013-06-13,DBC,25.989999771118164,26.219999313354492,25.959999084472656,26.190000534057617,22.142009735107422,2189600
2013-06-14,DBC,26.31999969482422,26.360000610351562,26.260000228881836,26.299999237060547,22.235010147094727,1542800
2013-06-17,DBC,26.309999465942383,26.399999618530273,26.299999237060547,26.360000610351562,22.285734176635742,2642800
2013-06-18,DBC,26.360000610351562,26.43000030517578,26.280000686645508,26.40999984741211,22.328004837036133,2653200
2013-06-19,DBC,26.459999084472656,26.600000381469727,26.43000030517578,26.450000762939453,22.361827850341797,1080200
2013-06-20,DBC,25.899999618530273,25.920000076293945,25.559999465942383,25.59000015258789,21.634748458862305,3419500
2013-06-21,DBC,25.6200008392334,25.649999618530273,25.350000381469727,25.43000030517578,21.49947738647461,3324300
2013-06-24,DBC,25.200000762939453,25.420000076293945,25.15999984741211,25.31999969482422,21.40648078918457,2212800
2013-06-25,DBC,25.489999771118164,25.489999771118164,25.309999465942383,25.34000015258789,21.423389434814453,3226100
2013-06-26,DBC,25.329999923706055,25.350000381469727,25.139999389648438,25.270000457763672,21.364208221435547,3087100
2013-06-27,DBC,25.3700008392334,25.389999389648438,25.25,25.260000228881836,21.35575294494629,1182000
2013-06-28,DBC,25.299999237060547,25.3799991607666,25.09000015258789,25.1299991607666,21.245845794677734,2842400
2013-07-01,DBC,25.34000015258789,25.5,25.209999084472656,25.290000915527344,21.381120681762695,1321500
2013-07-02,DBC,25.399999618530273,25.469999313354492,25.329999923706055,25.389999389648438,21.465662002563477,1615800
2013-07-03,DBC,25.600000381469727,25.65999984741211,25.549999237060547,25.6200008392334,21.660112380981445,1382900
2013-07-05,DBC,25.530000686645508,25.59000015258789,25.43000030517578,25.559999465942383,21.609384536743164,2627000
2013-07-08,DBC,25.6299991607666,25.770000457763672,25.6200008392334,25.690000534057617,21.719289779663086,3575400
2013-07-09,DBC,25.81999969482422,25.8700008392334,25.719999313354492,25.850000381469727,21.854562759399414,1077600
2013-07-10,DBC,26.010000228881836,26.030000686645508,25.90999984741211,25.93000030517578,21.922195434570312,3148900
2013-07-11,DBC,26.100000381469727,26.139999389648438,25.93000030517578,26.059999465942383,22.032102584838867,1427200
2013-07-12,DBC,26.15999984741211,26.170000076293945,26.09000015258789,26.15999984741211,22.116647720336914,4106300
2013-07-15,DBC,26.049999237060547,26.1200008392334,26.010000228881836,26.09000015258789,22.057466506958008,1477600
2013-07-16,DBC,26.170000076293945,26.239999771118164,26.1200008392334,26.1200008392334,22.08283042907715,1308400
2013-07-17,DBC,26.15999984741211,26.170000076293945,26.06999969482422,26.100000381469727,22.0659236907959,944200
2013-07-18,DBC,26.1200008392334,26.219999313354492,26.100000381469727,26.209999084472656,22.158918380737305,1176300
2013-07-19,DBC,26.270000457763672,26.280000686645508,26.06999969482422,26.229999542236328,22.175827026367188,1327400
2013-07-22,DBC,26.270000457763672,26.299999237060547,26.15999984741211,26.209999084472656,22.158918380737305,1807600
2013-07-23,DBC,26.239999771118164,26.280000686645508,26.209999084472656,26.25,22.192737579345703,1237700
2013-07-24,DBC,26.15999984741211,26.25,25.979999542236328,26.040000915527344,22.01519775390625,1429000
2013-07-25,DBC,25.979999542236328,26.030000686645508,25.84000015258789,26.010000228881836,21.98983383178711,1215100
2013-07-26,DBC,25.899999618530273,25.90999984741211,25.739999771118164,25.850000381469727,21.854562759399414,833600
2013-07-29,DBC,25.809999465942383,25.860000610351562,25.739999771118164,25.84000015258789,21.846107482910156,882200
2013-07-30,DBC,25.780000686645508,25.799999237060547,25.670000076293945,25.75,21.77001953125,1729200
2013-07-31,DBC,25.610000610351562,25.969999313354492,25.56999969482422,25.93000030517578,21.922195434570312,1257700
2013-08-01,DBC,26.049999237060547,26.059999465942383,25.950000762939453,25.989999771118164,21.97292137145996,1856300
2013-08-02,DBC,25.959999084472656,26.010000228881836,25.8799991607666,25.889999389648438,21.88838005065918,1216700
2013-08-05,DBC,25.690000534057617,25.809999465942383,25.670000076293945,25.760000228881836,21.77846908569336,1031800
2013-08-06,DBC,25.690000534057617,25.690000534057617,25.5,25.549999237060547,21.600929260253906,1781400
2013-08-07,DBC,25.469999313354492,25.510000228881836,25.350000381469727,25.3799991607666,21.45720672607422,1298100
2013-08-08,DBC,25.40999984741211,25.530000686645508,25.299999237060547,25.510000228881836,21.567113876342773,1150200
2013-08-09,DBC,25.59000015258789,25.729999542236328,25.579999923706055,25.690000534057617,21.719289779663086,1063700
2013-08-12,DBC,25.809999465942383,26.020000457763672,25.760000228881836,26.0,21.98137855529785,887800
2013-08-13,DBC,26.040000915527344,26.049999237060547,25.959999084472656,25.989999771118164,21.97292137145996,917800
2013-08-14,DBC,25.989999771118164,26.200000762939453,25.979999542236328,26.200000762939453,22.150466918945312,1693200
2013-08-15,DBC,26.260000228881836,26.459999084472656,26.15999984741211,26.450000762939453,22.361827850341797,1724200
2013-08-16,DBC,26.459999084472656,26.489999771118164,26.34000015258789,26.459999084472656,22.370277404785156,1708400
2013-08-19,DBC,26.510000228881836,26.579999923706055,26.399999618530273,26.43000030517578,22.34491539001465,2371900
2013-08-20,DBC,26.309999465942383,26.530000686645508,26.299999237060547,26.3799991607666,22.302642822265625,1334800
2013-08-21,DBC,26.40999984741211,26.43000030517578,26.329999923706055,26.350000381469727,22.277280807495117,1423700
2013-08-22,DBC,26.360000610351562,26.40999984741211,26.299999237060547,26.360000610351562,22.285734176635742,1673100
2013-08-23,DBC,26.43000030517578,26.6200008392334,26.389999389648438,26.56999969482422,22.463275909423828,1384500
2013-08-26,DBC,26.709999084472656,26.780000686645508,26.6200008392334,26.719999313354492,22.590091705322266,1190000
2013-08-27,DBC,26.989999771118164,27.059999465942383,26.920000076293945,26.979999542236328,22.809906005859375,1878200
2013-08-28,DBC,27.020000457763672,27.110000610351562,26.979999542236328,27.020000457763672,22.84372329711914,2376700
2013-08-29,DBC,26.979999542236328,27.020000457763672,26.729999542236328,26.739999771118164,22.60700035095215,1251800
2013-08-30,DBC,26.729999542236328,26.790000915527344,26.549999237060547,26.65999984741211,22.539365768432617,5229600
2013-09-03,DBC,26.809999465942383,26.860000610351562,26.700000762939453,26.799999237060547,22.65772819519043,5447200
2013-09-04,DBC,26.549999237060547,26.59000015258789,26.489999771118164,26.56999969482422,22.463275909423828,12295700
2013-09-05,DBC,26.59000015258789,26.59000015258789,26.420000076293945,26.510000228881836,22.412551879882812,1297400
2013-09-06,DBC,26.670000076293945,26.75,26.610000610351562,26.65999984741211,22.539365768432617,2600500
2013-09-09,DBC,26.600000381469727,26.690000534057617,26.459999084472656,26.489999771118164,22.395641326904297,2148900
2013-09-10,DBC,26.209999084472656,26.290000915527344,26.170000076293945,26.25,22.192737579345703,1288800
2013-09-11,DBC,26.309999465942383,26.329999923706055,26.18000030517578,26.290000915527344,22.22655487060547,1521400
2013-09-12,DBC,26.25,26.450000762939453,26.219999313354492,26.420000076293945,22.33646011352539,2274300
2013-09-13,DBC,26.280000686645508,26.360000610351562,26.18000030517578,26.34000015258789,22.268827438354492,1148600
2013-09-16,DBC,26.1200008392334,26.200000762939453,26.010000228881836,26.010000228881836,21.98983383178711,1427400
2013-09-17,DBC,26.010000228881836,26.030000686645508,25.709999084472656,25.739999771118164,21.761564254760742,3673300
2013-09-18,DBC,25.84000015258789,26.329999923706055,25.809999465942383,26.299999237060547,22.235010147094727,1473700
2013-09-19,DBC,26.3799991607666,26.40999984741211,26.15999984741211,26.200000762939453,22.150466918945312,3198000
2013-09-20,DBC,26.09000015258789,26.18000030517578,25.940000534057617,25.959999084472656,21.947559356689453,1424600
2013-09-23,DBC,25.850000381469727,25.889999389648438,25.75,25.770000457763672,21.786928176879883,3697100
2013-09-24,DBC,25.690000534057617,25.81999969482422,25.610000610351562,25.760000228881836,21.77846908569336,3354800
2013-09-25,DBC,25.899999618530273,25.969999313354492,25.790000915527344,25.799999237060547,21.812288284301758,2383300
2013-09-26,DBC,25.90999984741211,26.030000686645508,25.889999389648438,26.0,21.98137855529785,1226000
2013-09-27,DBC,25.959999084472656,26.09000015258789,25.8700008392334,25.8700008392334,21.87147331237793,1619700
2013-09-30,DBC,25.81999969482422,25.889999389648438,25.719999313354492,25.760000228881836,21.77846908569336,17407400
2013-10-01,DBC,25.579999923706055,25.6299991607666,25.43000030517578,25.59000015258789,21.634748458862305,6424400
2013-10-02,DBC,25.68000030517578,25.899999618530273,25.6299991607666,25.84000015258789,21.846107482910156,2193100
2013-10-03,DBC,26.020000457763672,26.020000457763672,25.799999237060547,25.799999237060547,21.812288284301758,1212500
2013-10-04,DBC,25.959999084472656,25.959999084472656,25.799999237060547,25.8799991607666,21.879924774169922,1224500
2013-10-07,DBC,25.829999923706055,26.09000015258789,25.75,26.059999465942383,22.032102584838867,1691800
2013-10-08,DBC,26.209999084472656,26.270000457763672,26.1299991607666,26.149999618530273,22.10819435119629,1774400
2013-10-09,DBC,26.0,26.049999237060547,25.8700008392334,25.959999084472656,21.947559356689453,2811500
2013-10-10,DBC,26.09000015258789,26.329999923706055,26.059999465942383,26.290000915527344,22.22655487060547,1180600
2013-10-11,DBC,26.040000915527344,26.170000076293945,26.010000228881836,26.149999618530273,22.10819435119629,1076900
2013-10-14,DBC,26.09000015258789,26.229999542236328,26.040000915527344,26.139999389648438,22.0997371673584,1560900
2013-10-15,DBC,26.079999923706055,26.15999984741211,26.049999237060547,26.049999237060547,22.023649215698242,1346100
2013-10-16,DBC,26.170000076293945,26.3799991607666,26.149999618530273,26.25,22.192737579345703,2097700
2013-10-17,DBC,26.18000030517578,26.260000228881836,26.049999237060547,26.110000610351562,22.074377059936523,2061600
2013-10-18,DBC,26.229999542236328,26.270000457763672,26.1299991607666,26.260000228881836,22.201189041137695,1289600
2013-10-21,DBC,26.260000228881836,26.290000915527344,26.149999618530273,26.200000762939453,22.150466918945312,1468100
2013-10-22,DBC,26.299999237060547,26.34000015258789,26.1200008392334,26.170000076293945,22.125102996826172,1276000
2013-10-23,DBC,25.93000030517578,25.959999084472656,25.739999771118164,25.770000457763672,21.786928176879883,1036800
2013-10-24,DBC,25.68000030517578,25.809999465942383,25.65999984741211,25.780000686645508,21.795381546020508,1128100
2013-10-25,DBC,25.739999771118164,25.8700008392334,25.719999313354492,25.860000610351562,21.86301612854004,1197600
2013-10-28,DBC,25.899999618530273,26.020000457763672,25.850000381469727,25.959999084472656,21.947559356689453,1137200
2013-10-29,DBC,25.860000610351562,25.93000030517578,25.799999237060547,25.889999389648438,21.88838005065918,2494000
2013-10-30,DBC,25.969999313354492,26.0,25.889999389648438,25.969999313354492,21.95601463317871,1106100
2013-10-31,DBC,25.889999389648438,25.93000030517578,25.719999313354492,25.75,21.77001953125,2376000
2013-11-01,DBC,25.559999465942383,25.559999465942383,25.360000610351562,25.43000030517578,21.49947738647461,2624000
2013-11-04,DBC,25.309999465942383,25.399999618530273,25.290000915527344,25.31999969482422,21.40648078918457,1648500
2013-11-05,DBC,25.31999969482422,25.34000015258789,25.209999084472656,25.25,21.347299575805664,1522900
2013-11-06,DBC,25.34000015258789,25.399999618530273,25.270000457763672,25.270000457763672,21.364208221435547,1702900
2013-11-07,DBC,25.18000030517578,25.239999771118164,25.049999237060547,25.09000015258789,21.2120304107666,2842900
2013-11-08,DBC,25.040000915527344,25.270000457763672,25.0,25.229999542236328,21.33039093017578,1453000
2013-11-11,DBC,25.239999771118164,25.3700008392334,25.209999084472656,25.34000015258789,21.423389434814453,1045400
2013-11-12,DBC,25.3700008392334,25.3700008392334,25.110000610351562,25.170000076293945,21.2796630859375,1606600
2013-11-13,DBC,25.280000686645508,25.31999969482422,25.18000030517578,25.280000686645508,21.372663497924805,1313700
2013-11-14,DBC,25.329999923706055,25.489999771118164,25.260000228881836,25.389999389648438,21.465662002563477,1524500
2013-11-15,DBC,25.3700008392334,25.40999984741211,25.329999923706055,25.350000381469727,21.43184471130371,1369400
2013-11-18,DBC,25.3799991607666,25.3799991607666,25.18000030517578,25.18000030517578,21.28812026977539,2611100
2013-11-19,DBC,25.170000076293945,25.290000915527344,25.1200008392334,25.139999389648438,21.254301071166992,1426900
2013-11-20,DBC,25.110000610351562,25.280000686645508,25.110000610351562,25.15999984741211,21.271207809448242,1313500
2013-11-21,DBC,25.280000686645508,25.479999542236328,25.209999084472656,25.479999542236328,21.541748046875,2304500
2013-11-22,DBC,25.579999923706055,25.600000381469727,25.420000076293945,25.559999465942383,21.609384536743164,1999100
2013-11-25,DBC,25.459999084472656,25.610000610351562,25.399999618530273,25.530000686645508,21.584022521972656,1378200
2013-11-26,DBC,25.510000228881836,25.56999969482422,25.420000076293945,25.520000457763672,21.5755672454834,1754900
2013-11-27,DBC,25.530000686645508,25.530000686645508,25.389999389648438,25.520000457763672,21.5755672454834,1040100
2013-11-29,DBC,25.360000610351562,25.6200008392334,25.360000610351562,25.510000228881836,21.567113876342773,1029700
2013-12-02,DBC,25.43000030517578,25.610000610351562,25.40999984741211,25.479999542236328,21.541748046875,5001000
2013-12-03,DBC,25.489999771118164,25.68000030517578,25.489999771118164,25.6299991607666,21.668563842773438,1399600
2013-12-04,DBC,25.6299991607666,25.799999237060547,25.6299991607666,25.68000030517578,21.710840225219727,2137800
2013-12-05,DBC,25.65999984741211,25.719999313354492,25.600000381469727,25.649999618530273,21.685474395751953,1672300
2013-12-06,DBC,25.739999771118164,25.760000228881836,25.68000030517578,25.739999771118164,21.761564254760742,1050000
2013-12-09,DBC,25.790000915527344,25.799999237060547,25.6200008392334,25.649999618530273,21.685474395751953,2037300
2013-12-10,DBC,25.809999465942383,25.809999465942383,25.670000076293945,25.729999542236328,21.753108978271484,1973700
2013-12-11,DBC,25.68000030517578,25.75,25.649999618530273,25.729999542236328,21.753108978271484,1964800
2013-12-12,DBC,25.65999984741211,25.65999984741211,25.440000534057617,25.489999771118164,21.550203323364258,1840200
2013-12-13,DBC,25.440000534057617,25.459999084472656,25.3799991607666,25.389999389648438,21.465662002563477,1585100
2013-12-16,DBC,25.459999084472656,25.600000381469727,25.450000762939453,25.469999313354492,21.533294677734375,3035200
2013-12-17,DBC,25.420000076293945,25.459999084472656,25.34000015258789,25.350000381469727,21.43184471130371,9614600
2013-12-18,DBC,25.420000076293945,25.540000915527344,25.389999389648438,25.399999618530273,21.4741153717041,6495600
2013-12-19,DBC,25.389999389648438,25.530000686645508,25.3799991607666,25.459999084472656,21.524839401245117,2614300
2013-12-20,DBC,25.6299991607666,25.700000762939453,25.559999465942383,25.65999984741211,21.693927764892578,2716700
2013-12-23,DBC,25.719999313354492,25.719999313354492,25.610000610351562,25.65999984741211,21.693927764892578,2961900
2013-12-24,DBC,25.709999084472656,25.770000457763672,25.65999984741211,25.739999771118164,21.761564254760742,1252600
2013-12-26,DBC,25.200000762939453,25.81999969482422,25.200000762939453,25.780000686645508,21.795381546020508,1759700
2013-12-27,DBC,25.170000076293945,25.920000076293945,25.15999984741211,25.850000381469727,21.854562759399414,1865900
2013-12-30,DBC,25.479999542236328,25.809999465942383,25.479999542236328,25.700000762939453,21.727745056152344,3367600
2013-12-31,DBC,25.549999237060547,25.690000534057617,25.540000915527344,25.65999984741211,21.693927764892578,2268200
2014-01-02,DBC,25.510000228881836,25.549999237060547,25.280000686645508,25.290000915527344,21.381120681762695,2064400
2014-01-03,DBC,25.25,25.280000686645508,25.110000610351562,25.1299991607666,21.245845794677734,1797200
2014-01-06,DBC,25.190000534057617,25.219999313354492,25.1200008392334,25.15999984741211,21.271207809448242,1790400
2014-01-07,DBC,25.1299991607666,25.18000030517578,25.100000381469727,25.139999389648438,21.254301071166992,1257200
2014-01-08,DBC,25.079999923706055,25.100000381469727,24.860000610351562,24.899999618530273,21.051395416259766,1346800
2014-01-09,DBC,24.8700008392334,24.8799991607666,24.6299991607666,24.700000762939453,20.882308959960938,1185300
2014-01-10,DBC,24.760000228881836,24.889999389648438,24.709999084472656,24.860000610351562,21.017578125,3678000
2014-01-13,DBC,24.860000610351562,24.920000076293945,24.829999923706055,24.850000381469727,21.009126663208008,2131100
2014-01-14,DBC,24.8700008392334,24.989999771118164,24.770000457763672,24.850000381469727,21.009126663208008,1089900
2014-01-15,DBC,24.850000381469727,25.020000457763672,24.809999465942383,24.920000076293945,21.06830406188965,1487000
2014-01-16,DBC,24.979999542236328,25.0,24.8799991607666,24.8799991607666,21.034486770629883,2372100
2014-01-17,DBC,24.950000762939453,25.010000228881836,24.899999618530273,24.90999984741211,21.059850692749023,1446600
2014-01-21,DBC,25.030000686645508,25.06999969482422,24.940000534057617,24.969999313354492,21.110576629638672,1848500
2014-01-22,DBC,25.079999923706055,25.1200008392334,25.010000228881836,25.09000015258789,21.2120304107666,1557600
2014-01-23,DBC,25.15999984741211,25.229999542236328,25.040000915527344,25.06999969482422,21.195119857788086,1164500
2014-01-24,DBC,25.059999465942383,25.1299991607666,25.010000228881836,25.079999923706055,21.20357322692871,3067300
2014-01-27,DBC,25.059999465942383,25.100000381469727,24.8700008392334,24.90999984741211,21.059850692749023,1882700
2014-01-28,DBC,25.0,25.06999969482422,24.979999542236328,25.030000686645508,21.16130256652832,1338000
2014-01-29,DBC,24.989999771118164,25.059999465942383,24.950000762939453,25.010000228881836,21.144393920898438,1534400
2014-01-30,DBC,25.059999465942383,25.06999969482422,24.90999984741211,24.90999984741211,21.059850692749023,1712200
2014-01-31,DBC,24.889999389648438,24.979999542236328,24.850000381469727,24.8799991607666,21.034486770629883,1689600
2014-02-03,DBC,24.8799991607666,24.950000762939453,24.81999969482422,24.8799991607666,21.034486770629883,2314000
2014-02-04,DBC,24.959999084472656,25.079999923706055,24.959999084472656,25.06999969482422,21.195119857788086,2000000
2014-02-05,DBC,25.1200008392334,25.149999618530273,25.010000228881836,25.1200008392334,21.237394332885742,1184500
2014-02-06,DBC,25.260000228881836,25.299999237060547,25.18000030517578,25.219999313354492,21.321935653686523,1083700
2014-02-07,DBC,25.350000381469727,25.530000686645508,25.280000686645508,25.510000228881836,21.567113876342773,1356000
2014-02-10,DBC,25.459999084472656,25.520000457763672,25.3700008392334,25.3700008392334,21.44875144958496,1901600
2014-02-11,DBC,25.440000534057617,25.520000457763672,25.34000015258789,25.5,21.558658599853516,1429600
2014-02-12,DBC,25.600000381469727,25.690000534057617,25.549999237060547,25.549999237060547,21.600929260253906,3575300
2014-02-13,DBC,25.540000915527344,25.690000534057617,25.540000915527344,25.690000534057617,21.719289779663086,3652900
2014-02-14,DBC,25.6200008392334,25.81999969482422,25.6200008392334,25.780000686645508,21.795381546020508,2148800
2014-02-18,DBC,25.969999313354492,26.18000030517578,25.969999313354492,26.149999618530273,22.10819435119629,1895400
2014-02-19,DBC,26.170000076293945,26.290000915527344,26.149999618530273,26.219999313354492,22.167373657226562,2154800
2014-02-20,DBC,26.18000030517578,26.270000457763672,26.15999984741211,26.270000457763672,22.209646224975586,4146500
2014-02-21,DBC,26.260000228881836,26.260000228881836,26.09000015258789,26.200000762939453,22.150466918945312,1027500
2014-02-24,DBC,26.200000762939453,26.34000015258789,26.190000534057617,26.309999465942383,22.24346351623535,2531500
2014-02-25,DBC,26.219999313354492,26.260000228881836,26.1200008392334,26.190000534057617,22.142009735107422,1302100
2014-02-26,DBC,26.139999389648438,26.200000762939453,26.100000381469727,26.1200008392334,22.08283042907715,1208900
2014-02-27,DBC,26.06999969482422,26.149999618530273,26.020000457763672,26.040000915527344,22.01519775390625,955600
2014-02-28,DBC,25.979999542236328,26.1299991607666,25.969999313354492,26.1299991607666,22.09128189086914,1861100
2014-03-03,DBC,26.530000686645508,26.59000015258789,26.3700008392334,26.489999771118164,22.395641326904297,5428200
2014-03-04,DBC,26.299999237060547,26.40999984741211,26.239999771118164,26.389999389648438,22.311098098754883,1283100
2014-03-05,DBC,26.399999618530273,26.399999618530273,26.15999984741211,26.170000076293945,22.125102996826172,3417200
2014-03-06,DBC,26.18000030517578,26.40999984741211,26.18000030517578,26.40999984741211,22.328004837036133,956900
2014-03-07,DBC,26.299999237060547,26.34000015258789,26.229999542236328,26.290000915527344,22.22655487060547,2120600
2014-03-10,DBC,26.1200008392334,26.170000076293945,26.049999237060547,26.06999969482422,22.040559768676758,1710100
2014-03-11,DBC,26.110000610351562,26.15999984741211,26.010000228881836,26.079999923706055,22.04901123046875,1821300
2014-03-12,DBC,25.889999389648438,26.049999237060547,25.850000381469727,26.010000228881836,21.98983383178711,1026800
2014-03-13,DBC,25.989999771118164,26.0,25.850000381469727,25.889999389648438,21.88838005065918,1182000
2014-03-14,DBC,25.959999084472656,26.059999465942383,25.940000534057617,26.030000686645508,22.006742477416992,827500
2014-03-17,DBC,25.93000030517578,25.959999084472656,25.739999771118164,25.739999771118164,21.761564254760742,1563700
2014-03-18,DBC,25.719999313354492,25.920000076293945,25.719999313354492,25.8700008392334,21.87147331237793,1091800
2014-03-19,DBC,25.739999771118164,25.940000534057617,25.709999084472656,25.860000610351562,21.86301612854004,1194200
2014-03-20,DBC,25.790000915527344,25.889999389648438,25.68000030517578,25.739999771118164,21.761564254760742,1393200
2014-03-21,DBC,25.770000457763672,25.899999618530273,25.75,25.760000228881836,21.77846908569336,1410800
2014-03-24,DBC,25.860000610351562,25.899999618530273,25.739999771118164,25.75,21.77001953125,1574000
2014-03-25,DBC,25.899999618530273,26.020000457763672,25.8700008392334,25.920000076293945,21.913742065429688,1186300
2014-03-26,DBC,25.84000015258789,25.979999542236328,25.829999923706055,25.899999618530273,21.896833419799805,1156500
2014-03-27,DBC,26.030000686645508,26.18000030517578,26.020000457763672,26.1299991607666,22.09128189086914,742400
2014-03-28,DBC,26.200000762939453,26.25,26.139999389648438,26.139999389648438,22.0997371673584,1789900
2014-03-31,DBC,26.1200008392334,26.139999389648438,25.940000534057617,26.1200008392334,22.08283042907715,1455500
2014-04-01,DBC,26.059999465942383,26.100000381469727,25.790000915527344,25.799999237060547,21.812288284301758,1986400
2014-04-02,DBC,25.770000457763672,25.799999237060547,25.690000534057617,25.739999771118164,21.761564254760742,664300
2014-04-03,DBC,25.790000915527344,26.0,25.739999771118164,25.950000762939453,21.93910789489746,1289200
2014-04-04,DBC,26.09000015258789,26.09000015258789,26.040000915527344,26.06999969482422,22.040559768676758,824700
2014-04-07,DBC,26.020000457763672,26.1200008392334,25.90999984741211,26.010000228881836,21.98983383178711,738900
2014-04-08,DBC,26.1200008392334,26.360000610351562,26.079999923706055,26.309999465942383,22.24346351623535,790200
2014-04-09,DBC,26.34000015258789,26.43000030517578,26.299999237060547,26.3799991607666,22.302642822265625,1411100
2014-04-10,DBC,26.389999389648438,26.459999084472656,26.34000015258789,26.389999389648438,22.311098098754883,984900
2014-04-11,DBC,26.31999969482422,26.399999618530273,26.270000457763672,26.270000457763672,22.209646224975586,1679100
2014-04-14,DBC,26.440000534057617,26.549999237060547,26.399999618530273,26.510000228881836,22.412551879882812,1438500
2014-04-15,DBC,26.399999618530273,26.559999465942383,26.3700008392334,26.530000686645508,22.429460525512695,1059700
2014-04-16,DBC,26.670000076293945,26.719999313354492,26.540000915527344,26.579999923706055,22.471731185913086,1378300
2014-04-17,DBC,26.530000686645508,26.65999984741211,26.520000457763672,26.639999389648438,22.522457122802734,1295800
2014-04-21,DBC,26.579999923706055,26.579999923706055,26.489999771118164,26.549999237060547,22.446367263793945,892300
2014-04-22,DBC,26.530000686645508,26.559999465942383,26.399999618530273,26.540000915527344,22.43791389465332,2401800
2014-04-23,DBC,26.530000686645508,26.56999969482422,26.489999771118164,26.520000457763672,22.421003341674805,1073200
2014-04-24,DBC,26.649999618530273,26.709999084472656,26.610000610351562,26.68000030517578,22.5562744140625,901400
2014-04-25,DBC,26.59000015258789,26.6200008392334,26.540000915527344,26.56999969482422,22.463275909423828,660600
2014-04-28,DBC,26.600000381469727,26.600000381469727,26.40999984741211,26.479999542236328,22.387187957763672,609300
2014-04-29,DBC,26.559999465942383,26.600000381469727,26.520000457763672,26.549999237060547,22.446367263793945,1083500
2014-04-30,DBC,26.389999389648438,26.579999923706055,26.309999465942383,26.40999984741211,22.328004837036133,4399300
2014-05-01,DBC,26.200000762939453,26.239999771118164,26.110000610351562,26.209999084472656,22.158918380737305,1641100
2014-05-02,DBC,26.239999771118164,26.31999969482422,26.190000534057617,26.280000686645508,22.218101501464844,1171300
2014-05-05,DBC,26.229999542236328,26.270000457763672,26.18000030517578,26.219999313354492,22.167373657226562,4158400
2014-05-06,DBC,26.239999771118164,26.329999923706055,26.219999313354492,26.239999771118164,22.184282302856445,1001700
2014-05-07,DBC,26.239999771118164,26.329999923706055,26.139999389648438,26.309999465942383,22.24346351623535,933600
2014-05-08,DBC,26.200000762939453,26.239999771118164,26.139999389648438,26.229999542236328,22.175827026367188,3119000
2014-05-09,DBC,26.239999771118164,26.260000228881836,26.059999465942383,26.100000381469727,22.0659236907959,603000
2014-05-12,DBC,26.18000030517578,26.209999084472656,26.1299991607666,26.15999984741211,22.116647720336914,1328900
2014-05-13,DBC,26.239999771118164,26.299999237060547,26.18000030517578,26.280000686645508,22.218101501464844,689900
2014-05-14,DBC,26.3799991607666,26.420000076293945,26.31999969482422,26.399999618530273,22.31955337524414,1297100
2014-05-15,DBC,26.329999923706055,26.329999923706055,26.229999542236328,26.239999771118164,22.184282302856445,1049800
2014-05-16,DBC,26.25,26.299999237060547,26.229999542236328,26.270000457763672,22.209646224975586,847500
2014-05-19,DBC,26.34000015258789,26.389999389648438,26.25,26.25,22.192737579345703,1157700
2014-05-20,DBC,26.260000228881836,26.360000610351562,26.25,26.299999237060547,22.235010147094727,536300
2014-05-21,DBC,26.299999237060547,26.40999984741211,26.270000457763672,26.350000381469727,22.277280807495117,802600
2014-05-22,DBC,26.459999084472656,26.469999313354492,26.309999465942383,26.3700008392334,22.294189453125,1131700
2014-05-23,DBC,26.399999618530273,26.440000534057617,26.3700008392334,26.43000030517578,22.34491539001465,554000
2014-05-27,DBC,26.25,26.31999969482422,26.209999084472656,26.209999084472656,22.158918380737305,1093300
2014-05-28,DBC,26.200000762939453,26.280000686645508,26.149999618530273,26.219999313354492,22.167373657226562,1164800
2014-05-29,DBC,26.280000686645508,26.280000686645508,26.209999084472656,26.229999542236328,22.175827026367188,707000
2014-05-30,DBC,26.100000381469727,26.149999618530273,25.989999771118164,26.030000686645508,22.006742477416992,5480800
2014-06-02,DBC,25.979999542236328,26.020000457763672,25.959999084472656,26.0,21.98137855529785,2445900
2014-06-03,DBC,25.959999084472656,26.0,25.920000076293945,25.979999542236328,21.964468002319336,1054700
2014-06-04,DBC,26.0,26.0,25.8799991607666,25.90999984741211,21.905284881591797,1605300
2014-06-05,DBC,25.8700008392334,25.969999313354492,25.799999237060547,25.940000534057617,21.93065071105957,504300
2014-06-06,DBC,25.940000534057617,26.059999465942383,25.889999389648438,26.049999237060547,22.023649215698242,625700
2014-06-09,DBC,26.1200008392334,26.15999984741211,26.09000015258789,26.15999984741211,22.116647720336914,1569300
2014-06-10,DBC,26.1299991607666,26.15999984741211,25.989999771118164,26.09000015258789,22.057466506958008,764400
2014-06-11,DBC,26.110000610351562,26.1200008392334,26.0,26.020000457763672,21.998287200927734,2716500
2014-06-12,DBC,26.25,26.40999984741211,26.170000076293945,26.389999389648438,22.311098098754883,3854500
2014-06-13,DBC,26.420000076293945,26.469999313354492,26.3700008392334,26.389999389648438,22.311098098754883,1044500
2014-06-16,DBC,26.440000534057617,26.520000457763672,26.420000076293945,26.469999313354492,22.37873077392578,972000
2014-06-17,DBC,26.459999084472656,26.559999465942383,26.450000762939453,26.5,22.404098510742188,586200
2014-06-18,DBC,26.5,26.65999984741211,26.5,26.610000610351562,22.497095108032227,960300
2014-06-19,DBC,26.75,26.920000076293945,26.75,26.8700008392334,22.716909408569336,888600
2014-06-20,DBC,26.8700008392334,26.93000030517578,26.809999465942383,26.920000076293945,22.759180068969727,2099500
2014-06-23,DBC,26.93000030517578,26.940000534057617,26.790000915527344,26.81999969482422,22.67463493347168,1300000
2014-06-24,DBC,26.780000686645508,26.899999618530273,26.780000686645508,26.860000610351562,22.708454132080078,934700
2014-06-25,DBC,26.770000457763672,26.899999618530273,26.760000228881836,26.899999618530273,22.742271423339844,936300
2014-06-26,DBC,26.850000381469727,26.850000381469727,26.729999542236328,26.790000915527344,22.649272918701172,1082200
2014-06-27,DBC,26.799999237060547,26.829999923706055,26.709999084472656,26.739999771118164,22.60700035095215,723400
2014-06-30,DBC,26.68000030517578,26.700000762939453,26.510000228881836,26.579999923706055,22.471731185913086,15876300
2014-07-01,DBC,26.5,26.530000686645508,26.450000762939453,26.5,22.404098510742188,2226300
2014-07-02,DBC,26.450000762939453,26.520000457763672,26.420000076293945,26.450000762939453,22.361827850341797,5938500
2014-07-03,DBC,26.43000030517578,26.469999313354492,26.389999389648438,26.399999618530273,22.31955337524414,824800
2014-07-07,DBC,26.309999465942383,26.31999969482422,26.149999618530273,26.190000534057617,22.142009735107422,7393700
2014-07-08,DBC,26.229999542236328,26.229999542236328,26.049999237060547,26.1200008392334,22.08283042907715,844200
2014-07-09,DBC,26.040000915527344,26.049999237060547,25.899999618530273,25.940000534057617,21.93065071105957,8581400
2014-07-10,DBC,25.969999313354492,26.020000457763672,25.920000076293945,25.979999542236328,21.964468002319336,1113300
2014-07-11,DBC,25.90999984741211,25.90999984741211,25.729999542236328,25.75,21.77001953125,984000
2014-07-14,DBC,25.739999771118164,25.850000381469727,25.690000534057617,25.850000381469727,21.854562759399414,1005700
2014-07-15,DBC,25.700000762939453,25.700000762939453,25.559999465942383,25.610000610351562,21.651657104492188,1269800
2014-07-16,DBC,25.719999313354492,25.780000686645508,25.649999618530273,25.649999618530273,21.685474395751953,1303200
2014-07-17,DBC,25.719999313354492,25.809999465942383,25.579999923706055,25.709999084472656,21.7362003326416,650300
2014-07-18,DBC,25.670000076293945,25.690000534057617,25.520000457763672,25.540000915527344,21.592477798461914,1745700
2014-07-21,DBC,25.559999465942383,25.690000534057617,25.549999237060547,25.65999984741211,21.693927764892578,1493600
2014-07-22,DBC,25.739999771118164,25.75,25.540000915527344,25.549999237060547,21.600929260253906,1653000
2014-07-23,DBC,25.56999969482422,25.639999389648438,25.530000686645508,25.6200008392334,21.660112380981445,581200
2014-07-24,DBC,25.700000762939453,25.709999084472656,25.559999465942383,25.59000015258789,21.634748458862305,1146700
2014-07-25,DBC,25.549999237060547,25.719999313354492,25.5,25.690000534057617,21.719289779663086,857200
2014-07-28,DBC,25.649999618530273,25.709999084472656,25.56999969482422,25.639999389648438,21.677019119262695,875400
2014-07-29,DBC,25.579999923706055,25.59000015258789,25.450000762939453,25.559999465942383,21.609384536743164,1403500
2014-07-30,DBC,25.579999923706055,25.600000381469727,25.43000030517578,25.450000762939453,21.516389846801758,1519900
2014-07-31,DBC,25.43000030517578,25.469999313354492,25.299999237060547,25.31999969482422,21.40648078918457,1678900
2014-08-01,DBC,25.219999313354492,25.25,25.100000381469727,25.1200008392334,21.237394332885742,1995400
2014-08-04,DBC,25.219999313354492,25.3700008392334,25.190000534057617,25.309999465942383,21.39802360534668,2100700
2014-08-05,DBC,25.229999542236328,25.239999771118164,25.1200008392334,25.190000534057617,21.296571731567383,1915000
2014-08-06,DBC,25.260000228881836,25.389999389648438,25.239999771118164,25.350000381469727,21.43184471130371,1700200
2014-08-07,DBC,25.399999618530273,25.43000030517578,25.299999237060547,25.399999618530273,21.4741153717041,508300
2014-08-08,DBC,25.360000610351562,25.3799991607666,25.229999542236328,25.280000686645508,21.372663497924805,631500
2014-08-11,DBC,25.309999465942383,25.40999984741211,25.299999237060547,25.31999969482422,21.40648078918457,535500
2014-08-12,DBC,25.25,25.280000686645508,25.1200008392334,25.15999984741211,21.271207809448242,1048800
2014-08-13,DBC,25.170000076293945,25.190000534057617,25.030000686645508,25.139999389648438,21.254301071166992,850500
2014-08-14,DBC,25.020000457763672,25.049999237060547,24.81999969482422,24.84000015258789,21.000669479370117,949900
2014-08-15,DBC,24.850000381469727,25.0,24.760000228881836,24.940000534057617,21.085214614868164,1351100
2014-08-18,DBC,24.790000915527344,24.790000915527344,24.700000762939453,24.729999542236328,20.907670974731445,2842200
2014-08-19,DBC,24.799999237060547,24.809999465942383,24.709999084472656,24.780000686645508,20.94994354248047,792800
2014-08-20,DBC,24.8700008392334,24.90999984741211,24.760000228881836,24.850000381469727,21.009126663208008,677200
2014-08-21,DBC,24.809999465942383,24.93000030517578,24.790000915527344,24.90999984741211,21.059850692749023,727000
2014-08-22,DBC,24.899999618530273,24.950000762939453,24.829999923706055,24.8700008392334,21.026031494140625,2265000
2014-08-25,DBC,24.90999984741211,24.93000030517578,24.84000015258789,24.90999984741211,21.059850692749023,755400
2014-08-26,DBC,24.989999771118164,25.010000228881836,24.860000610351562,24.920000076293945,21.06830406188965,1029100
2014-08-27,DBC,24.969999313354492,25.010000228881836,24.860000610351562,24.959999084472656,21.102123260498047,757000
2014-08-28,DBC,25.030000686645508,25.059999465942383,24.940000534057617,24.979999542236328,21.119029998779297,544200
2014-08-29,DBC,25.049999237060547,25.06999969482422,24.979999542236328,25.030000686645508,21.16130256652832,1131800
2014-09-02,DBC,24.850000381469727,24.8799991607666,24.639999389648438,24.670000076293945,20.85694694519043,3917900
2014-09-03,DBC,24.790000915527344,24.850000381469727,24.68000030517578,24.770000457763672,20.94148826599121,882700
2014-09-04,DBC,24.809999465942383,24.84000015258789,24.6200008392334,24.670000076293945,20.85694694519043,774000
2014-09-05,DBC,24.649999618530273,24.709999084472656,24.489999771118164,24.6299991607666,20.8231258392334,712900
2014-09-08,DBC,24.420000076293945,24.520000457763672,24.399999618530273,24.510000228881836,20.721675872802734,578900
2014-09-09,DBC,24.389999389648438,24.420000076293945,24.280000686645508,24.309999465942383,20.55258560180664,1534300
2014-09-10,DBC,24.239999771118164,24.239999771118164,24.06999969482422,24.139999389648438,20.408863067626953,1476600
2014-09-11,DBC,23.969999313354492,24.049999237060547,23.860000610351562,24.020000457763672,20.30741310119629,1504200
2014-09-12,DBC,23.969999313354492,23.979999542236328,23.829999923706055,23.829999923706055,20.146778106689453,1537700
2014-09-15,DBC,23.760000228881836,23.90999984741211,23.75,23.860000610351562,20.172142028808594,1223700
2014-09-16,DBC,23.93000030517578,24.149999618530273,23.899999618530273,24.079999923706055,20.358139038085938,1033800
2014-09-17,DBC,24.09000015258789,24.09000015258789,23.959999084472656,23.979999542236328,20.27359390258789,1000300
2014-09-18,DBC,23.920000076293945,23.959999084472656,23.739999771118164,23.75,20.079145431518555,739000
2014-09-19,DBC,23.719999313354492,23.760000228881836,23.610000610351562,23.68000030517578,20.019962310791016,672100
2014-09-22,DBC,23.559999465942383,23.56999969482422,23.3799991607666,23.479999542236328,19.850873947143555,1027700
2014-09-23,DBC,23.479999542236328,23.549999237060547,23.440000534057617,23.479999542236328,19.850873947143555,886900
2014-09-24,DBC,23.43000030517578,23.6200008392334,23.34000015258789,23.579999923706055,19.9354190826416,1301100
2014-09-25,DBC,23.59000015258789,23.59000015258789,23.43000030517578,23.530000686645508,19.89314842224121,1280300
2014-09-26,DBC,23.5,23.540000915527344,23.440000534057617,23.489999771118164,19.859329223632812,761500
2014-09-29,DBC,23.469999313354492,23.670000076293945,23.469999313354492,23.6299991607666,19.977691650390625,1501000
2014-09-30,DBC,23.56999969482422,23.59000015258789,23.15999984741211,23.219999313354492,19.631059646606445,1576500
2014-10-01,DBC,23.209999084472656,23.3799991607666,23.09000015258789,23.139999389648438,19.563425064086914,1442600
2014-10-02,DBC,22.93000030517578,23.06999969482422,22.809999465942383,23.049999237060547,19.487337112426758,2061900
2014-10-03,DBC,22.920000076293945,22.920000076293945,22.760000228881836,22.829999923706055,19.301342010498047,1647300
2014-10-06,DBC,22.899999618530273,23.149999618530273,22.84000015258789,23.1200008392334,19.54651641845703,1849000
2014-10-07,DBC,23.020000457763672,23.09000015258789,22.989999771118164,23.030000686645508,19.470430374145508,1556000
2014-10-08,DBC,22.920000076293945,22.959999084472656,22.770000457763672,22.940000534057617,19.394336700439453,2886300
2014-10-09,DBC,22.860000610351562,22.899999618530273,22.6200008392334,22.670000076293945,19.16607093811035,17027500
2014-10-10,DBC,22.6200008392334,22.690000534057617,22.450000762939453,22.59000015258789,19.098434448242188,2911600
2014-10-13,DBC,22.510000228881836,22.700000762939453,22.469999313354492,22.59000015258789,19.098434448242188,1014900
2014-10-14,DBC,22.510000228881836,22.510000228881836,22.209999084472656,22.25,18.81098747253418,1910000
2014-10-15,DBC,22.18000030517578,22.25,21.920000076293945,21.969999313354492,18.574264526367188,2848500
2014-10-16,DBC,21.850000381469727,22.459999084472656,21.809999465942383,22.190000534057617,18.76026153564453,2205400
2014-10-17,DBC,22.270000457763672,22.31999969482422,22.170000076293945,22.270000457763672,18.827898025512695,2413000
2014-10-20,DBC,22.139999389648438,22.18000030517578,21.989999771118164,22.110000610351562,18.692625045776367,1068900
2014-10-21,DBC,22.229999542236328,22.309999465942383,22.15999984741211,22.290000915527344,18.844804763793945,1461600
2014-10-22,DBC,22.3799991607666,22.399999618530273,22.040000915527344,22.040000915527344,18.633447647094727,1798900
2014-10-23,DBC,22.170000076293945,22.329999923706055,22.149999618530273,22.299999237060547,18.853260040283203,3368700
2014-10-24,DBC,22.25,22.25,22.09000015258789,22.15999984741211,18.734893798828125,1545100
2014-10-27,DBC,21.93000030517578,22.149999618530273,21.889999389648438,22.100000381469727,18.684171676635742,2168100
2014-10-28,DBC,22.200000762939453,22.299999237060547,22.1299991607666,22.280000686645508,18.836349487304688,1374700
2014-10-29,DBC,22.489999771118164,22.639999389648438,22.450000762939453,22.540000915527344,19.056163787841797,1274700
2014-10-30,DBC,22.3799991607666,22.479999542236328,22.31999969482422,22.350000381469727,18.89552879333496,1232200
2014-10-31,DBC,22.110000610351562,22.329999923706055,22.059999465942383,22.31999969482422,18.870166778564453,1901000
2014-11-03,DBC,22.25,22.3700008392334,22.079999923706055,22.1200008392334,18.701082229614258,1322700
2014-11-04,DBC,21.8700008392334,21.889999389648438,21.739999771118164,21.799999237060547,18.430540084838867,1779900
2014-11-05,DBC,21.6299991607666,21.959999084472656,21.6299991607666,21.860000610351562,18.481264114379883,1581200
2014-11-06,DBC,21.770000457763672,21.90999984741211,21.700000762939453,21.8799991607666,18.498172760009766,1295600
2014-11-07,DBC,21.920000076293945,22.040000915527344,21.920000076293945,21.979999542236328,18.582719802856445,1201300
2014-11-10,DBC,22.059999465942383,22.1200008392334,21.739999771118164,21.770000457763672,18.40517807006836,1854900
2014-11-11,DBC,21.719999313354492,21.950000762939453,21.68000030517578,21.8799991607666,18.498172760009766,1082800
2014-11-12,DBC,21.8700008392334,21.989999771118164,21.790000915527344,21.809999465942383,18.438993453979492,1988600
2014-11-13,DBC,21.700000762939453,21.729999542236328,21.329999923706055,21.40999984741211,18.100820541381836,1345200
2014-11-14,DBC,21.40999984741211,21.65999984741211,21.399999618530273,21.639999389648438,18.295269012451172,2859700
2014-11-17,DBC,21.469999313354492,21.600000381469727,21.43000030517578,21.549999237060547,18.219179153442383,1517700
2014-11-18,DBC,21.479999542236328,21.520000457763672,21.3799991607666,21.440000534057617,18.126182556152344,1473000
2014-11-19,DBC,21.540000915527344,21.540000915527344,21.31999969482422,21.329999923706055,18.03318214416504,1161900
2014-11-20,DBC,21.440000534057617,21.549999237060547,21.40999984741211,21.510000228881836,18.18536376953125,1539300
2014-11-21,DBC,21.700000762939453,21.790000915527344,21.59000015258789,21.739999771118164,18.37981414794922,8061500
2014-11-24,DBC,21.6200008392334,21.719999313354492,21.540000915527344,21.549999237060547,18.219179153442383,2956800
2014-11-25,DBC,21.670000076293945,21.719999313354492,21.43000030517578,21.450000762939453,18.13463592529297,2468300
2014-11-26,DBC,21.40999984741211,21.530000686645508,21.399999618530273,21.399999618530273,18.092365264892578,2360400
2014-11-28,DBC,20.739999771118164,20.770000457763672,20.3700008392334,20.420000076293945,17.263835906982422,903100
2014-12-01,DBC,20.350000381469727,20.850000381469727,20.329999923706055,20.84000015258789,17.618919372558594,3661600
2014-12-02,DBC,20.579999923706055,20.809999465942383,20.31999969482422,20.399999618530273,17.24692726135254,3058400
2014-12-03,DBC,20.290000915527344,20.420000076293945,20.200000762939453,20.280000686645508,17.145475387573242,3379800
2014-12-04,DBC,20.170000076293945,20.290000915527344,20.139999389648438,20.219999313354492,17.094745635986328,2101900
2014-12-05,DBC,20.1299991607666,20.260000228881836,20.030000686645508,20.170000076293945,17.052474975585938,2047400
2014-12-08,DBC,20.0,20.020000457763672,19.799999237060547,19.81999969482422,16.756574630737305,3357200
2014-12-09,DBC,19.790000915527344,20.0,19.780000686645508,19.959999084472656,16.87493324279785,2689000
2014-12-10,DBC,19.760000228881836,19.799999237060547,19.489999771118164,19.649999618530273,16.61284828186035,5415900
2014-12-11,DBC,19.479999542236328,19.690000534057617,19.469999313354492,19.469999313354492,16.460668563842773,3634700
2014-12-12,DBC,19.440000534057617,19.469999313354492,19.290000915527344,19.309999465942383,16.325397491455078,3346100
2014-12-15,DBC,19.350000381469727,19.3799991607666,18.989999771118164,19.0,16.06331443786621,6393000
2014-12-16,DBC,18.799999237060547,19.06999969482422,18.770000457763672,18.889999389648438,15.970316886901855,4297600
2014-12-17,DBC,18.850000381469727,19.309999465942383,18.790000915527344,19.0,16.06331443786621,7656500
2014-12-18,DBC,19.270000457763672,19.309999465942383,18.860000610351562,18.940000534057617,16.012588500976562,4960200
2014-12-19,DBC,19.020000457763672,19.280000686645508,18.940000534057617,19.219999313354492,16.249313354492188,3617500
2014-12-22,DBC,19.049999237060547,19.049999237060547,18.84000015258789,18.8700008392334,15.953407287597656,5826700
2014-12-23,DBC,18.860000610351562,19.1299991607666,18.860000610351562,19.059999465942383,16.11404037475586,5627200
2014-12-24,DBC,18.889999389648438,18.920000076293945,18.760000228881836,18.809999465942383,15.902679443359375,2069600
2014-12-26,DBC,18.8700008392334,18.889999389648438,18.719999313354492,18.790000915527344,15.885775566101074,2913100
2014-12-29,DBC,18.889999389648438,18.940000534057617,18.510000228881836,18.610000610351562,15.733593940734863,4566300
2014-12-30,DBC,18.579999923706055,18.709999084472656,18.549999237060547,18.59000015258789,15.716684341430664,4735800
2014-12-31,DBC,18.389999389648438,18.5,18.219999313354492,18.450000762939453,15.598322868347168,21526500
2015-01-02,DBC,18.270000457763672,18.3799991607666,18.18000030517578,18.229999542236328,15.41232681274414,1967300
2015-01-05,DBC,18.149999618530273,18.149999618530273,17.950000762939453,17.969999313354492,15.192511558532715,1827500
2015-01-06,DBC,17.950000762939453,18.030000686645508,17.75,17.799999237060547,15.048788070678711,1843100
2015-01-07,DBC,17.780000686645508,17.860000610351562,17.600000381469727,17.690000534057617,14.955790519714355,1868400
2015-01-08,DBC,17.65999984741211,17.760000228881836,17.579999923706055,17.760000228881836,15.014971733093262,1409400
2015-01-09,DBC,17.709999084472656,17.780000686645508,17.540000915527344,17.729999542236328,14.989606857299805,3463600
2015-01-12,DBC,17.510000228881836,17.510000228881836,17.329999923706055,17.34000015258789,14.65988826751709,4567400
2015-01-13,DBC,17.280000686645508,17.299999237060547,17.06999969482422,17.270000457763672,14.600708961486816,2898600
2015-01-14,DBC,17.149999618530273,17.520000457763672,17.059999465942383,17.459999084472656,14.761340141296387,2774300
2015-01-15,DBC,17.600000381469727,17.6299991607666,17.209999084472656,17.219999313354492,14.55843448638916,1827800
2015-01-16,DBC,17.350000381469727,17.59000015258789,17.31999969482422,17.549999237060547,14.837428092956543,1726200
2015-01-20,DBC,17.309999465942383,17.389999389648438,17.209999084472656,17.309999465942383,14.634525299072266,2409000
2015-01-21,DBC,17.420000076293945,17.5,17.350000381469727,17.420000076293945,14.727523803710938,2282200
2015-01-22,DBC,17.510000228881836,17.530000686645508,17.31999969482422,17.399999618530273,14.710613250732422,3736700
2015-01-23,DBC,17.299999237060547,17.399999618530273,17.25,17.290000915527344,14.617616653442383,1889100
2015-01-26,DBC,17.280000686645508,17.399999618530273,17.229999542236328,17.229999542236328,14.566890716552734,1718300
2015-01-27,DBC,17.209999084472656,17.399999618530273,17.190000534057617,17.31999969482422,14.642979621887207,3261700
2015-01-28,DBC,17.209999084472656,17.280000686645508,17.059999465942383,17.06999969482422,14.431620597839355,3647800
2015-01-29,DBC,17.09000015258789,17.09000015258789,16.84000015258789,16.989999771118164,14.363984107971191,2221700
2015-01-30,DBC,16.950000762939453,17.489999771118164,16.93000030517578,17.399999618530273,14.710613250732422,3535300
2015-02-02,DBC,17.56999969482422,17.670000076293945,17.399999618530273,17.639999389648438,14.913519859313965,2878400
2015-02-03,DBC,17.90999984741211,18.389999389648438,17.860000610351562,18.1299991607666,15.327783584594727,5713100
2015-02-04,DBC,18.030000686645508,18.030000686645508,17.6200008392334,17.729999542236328,14.989606857299805,4597900
2015-02-05,DBC,17.75,18.079999923706055,17.75,17.969999313354492,15.192511558532715,2395500
2015-02-06,DBC,18.020000457763672,18.1200008392334,17.920000076293945,18.020000457763672,15.234784126281738,2735100
2015-02-09,DBC,18.139999389648438,18.299999237060547,18.09000015258789,18.200000762939453,15.386964797973633,2060700
2015-02-10,DBC,18.18000030517578,18.190000534057617,17.8799991607666,17.969999313354492,15.192511558532715,1172500
2015-02-11,DBC,17.850000381469727,17.899999618530273,17.649999618530273,17.829999923706055,15.074152946472168,3233400
2015-02-12,DBC,18.0,18.149999618530273,17.93000030517578,18.100000381469727,15.302420616149902,11000200
2015-02-13,DBC,18.290000915527344,18.3700008392334,18.239999771118164,18.299999237060547,15.47150707244873,2173800
2015-02-17,DBC,18.229999542236328,18.40999984741211,18.079999923706055,18.309999465942383,15.479961395263672,1631700
2015-02-18,DBC,18.239999771118164,18.299999237060547,18.049999237060547,18.09000015258789,15.293968200683594,2454500
2015-02-19,DBC,17.850000381469727,18.1200008392334,17.809999465942383,18.030000686645508,15.243241310119629,1131800
2015-02-20,DBC,18.09000015258789,18.100000381469727,17.93000030517578,17.959999084472656,15.184057235717773,1674600
2015-02-23,DBC,17.860000610351562,17.989999771118164,17.790000915527344,17.84000015258789,15.082606315612793,1583800
2015-02-24,DBC,17.940000534057617,18.06999969482422,17.84000015258789,17.850000381469727,15.091060638427734,1183100
2015-02-25,DBC,17.950000762939453,18.1299991607666,17.90999984741211,18.1200008392334,15.319329261779785,1861500
2015-02-26,DBC,18.059999465942383,18.110000610351562,17.8799991607666,17.969999313354492,15.192511558532715,952400
2015-02-27,DBC,18.100000381469727,18.239999771118164,18.030000686645508,18.170000076293945,15.361599922180176,964100
2015-03-02,DBC,18.06999969482422,18.1200008392334,17.850000381469727,17.90999984741211,15.141786575317383,1449400
2015-03-03,DBC,17.979999542236328,18.059999465942383,17.93000030517578,18.020000457763672,15.234784126281738,1588300
2015-03-04,DBC,17.93000030517578,17.950000762939453,17.770000457763672,17.860000610351562,15.099517822265625,1476900
2015-03-05,DBC,17.899999618530273,17.940000534057617,17.739999771118164,17.790000915527344,15.040335655212402,1244000
2015-03-06,DBC,17.719999313354492,17.729999542236328,17.530000686645508,17.56999969482422,14.854338645935059,7454700
2015-03-09,DBC,17.610000610351562,17.670000076293945,17.489999771118164,17.520000457763672,14.812065124511719,1280700
2015-03-10,DBC,17.299999237060547,17.350000381469727,17.209999084472656,17.290000915527344,14.617616653442383,1580800
2015-03-11,DBC,17.31999969482422,17.399999618530273,17.200000762939453,17.3799991607666,14.693704605102539,1390600
2015-03-12,DBC,17.489999771118164,17.5,17.239999771118164,17.299999237060547,14.626070976257324,1146200
2015-03-13,DBC,17.229999542236328,17.229999542236328,16.950000762939453,16.950000762939453,14.330167770385742,1924600
2015-03-16,DBC,16.899999618530273,16.959999084472656,16.719999313354492,16.93000030517578,14.313258171081543,1888400
2015-03-17,DBC,16.809999465942383,16.8700008392334,16.75,16.809999465942383,14.21180534362793,1370500
2015-03-18,DBC,16.739999771118164,17.280000686645508,16.709999084472656,17.270000457763672,14.600708961486816,2163200
2015-03-19,DBC,16.979999542236328,17.059999465942383,16.899999618530273,16.979999542236328,14.355530738830566,1165500
2015-03-20,DBC,17.1200008392334,17.280000686645508,17.110000610351562,17.209999084472656,14.549981117248535,1457400
2015-03-23,DBC,17.280000686645508,17.440000534057617,17.260000228881836,17.40999984741211,14.719069480895996,1469000
2015-03-24,DBC,17.34000015258789,17.350000381469727,17.25,17.270000457763672,14.600708961486816,1512700
2015-03-25,DBC,17.34000015258789,17.440000534057617,17.239999771118164,17.31999969482422,14.642979621887207,1540100
2015-03-26,DBC,17.540000915527344,17.600000381469727,17.450000762939453,17.530000686645508,14.82052230834961,1678700
2015-03-27,DBC,17.40999984741211,17.43000030517578,17.18000030517578,17.18000030517578,14.524618148803711,675400
2015-03-30,DBC,17.219999313354492,17.329999923706055,17.149999618530273,17.270000457763672,14.600708961486816,993200
2015-03-31,DBC,17.1299991607666,17.270000457763672,17.059999465942383,17.06999969482422,14.431620597839355,2302400
2015-04-01,DBC,17.1299991607666,17.479999542236328,17.09000015258789,17.3799991607666,14.693704605102539,1893200
2015-04-02,DBC,17.25,17.350000381469727,17.18000030517578,17.290000915527344,14.617616653442383,1256800
2015-04-06,DBC,17.450000762939453,17.600000381469727,17.350000381469727,17.510000228881836,14.80361270904541,1377800
2015-04-07,DBC,17.510000228881836,17.65999984741211,17.43000030517578,17.600000381469727,14.8797025680542,1274100
2015-04-08,DBC,17.549999237060547,17.559999465942383,17.190000534057617,17.260000228881836,14.592252731323242,904000
2015-04-09,DBC,17.280000686645508,17.389999389648438,17.209999084472656,17.260000228881836,14.592252731323242,1321400
2015-04-10,DBC,17.389999389648438,17.469999313354492,17.360000610351562,17.440000534057617,14.744434356689453,804200
2015-04-13,DBC,17.479999542236328,17.510000228881836,17.31999969482422,17.360000610351562,14.676795959472656,1210300
2015-04-14,DBC,17.420000076293945,17.530000686645508,17.3799991607666,17.440000534057617,14.744434356689453,1302500
2015-04-15,DBC,17.549999237060547,17.8799991607666,17.510000228881836,17.790000915527344,15.040335655212402,5697900
2015-04-16,DBC,17.829999923706055,18.06999969482422,17.790000915527344,17.979999542236328,15.200966835021973,1718200
2015-04-17,DBC,17.969999313354492,18.049999237060547,17.8700008392334,17.940000534057617,15.167152404785156,1226500
2015-04-20,DBC,17.809999465942383,17.93000030517578,17.780000686645508,17.860000610351562,15.099517822265625,1002800
2015-04-21,DBC,17.780000686645508,17.84000015258789,17.690000534057617,17.729999542236328,14.989606857299805,1305400
2015-04-22,DBC,17.780000686645508,17.829999923706055,17.709999084472656,17.790000915527344,15.040335655212402,762800
2015-04-23,DBC,17.860000610351562,18.09000015258789,17.850000381469727,18.010000228881836,15.22633171081543,1057800
2015-04-24,DBC,17.989999771118164,18.020000457763672,17.920000076293945,18.0,15.217878341674805,700600
2015-04-27,DBC,18.010000228881836,18.06999969482422,17.959999084472656,18.0,15.217878341674805,833500
2015-04-28,DBC,18.020000457763672,18.110000610351562,17.979999542236328,18.030000686645508,15.243241310119629,815500
2015-04-29,DBC,18.040000915527344,18.25,18.020000457763672,18.149999618530273,15.34469223022461,1774000
2015-04-30,DBC,18.15999984741211,18.290000915527344,18.09000015258789,18.290000915527344,15.463055610656738,1166500
2015-05-01,DBC,18.190000534057617,18.270000457763672,18.110000610351562,18.270000457763672,15.446146011352539,2015400
2015-05-04,DBC,18.200000762939453,18.260000228881836,18.170000076293945,18.260000228881836,15.437689781188965,2095200
2015-05-05,DBC,18.420000076293945,18.489999771118164,18.399999618530273,18.40999984741211,15.564505577087402,1615300
2015-05-06,DBC,18.40999984741211,18.68000030517578,18.389999389648438,18.40999984741211,15.564505577087402,2812400
2015-05-07,DBC,18.399999618530273,18.399999618530273,18.09000015258789,18.1200008392334,15.319329261779785,1007500
2015-05-08,DBC,18.110000610351562,18.260000228881836,18.020000457763672,18.219999313354492,15.403873443603516,1711600
2015-05-11,DBC,18.219999313354492,18.239999771118164,18.049999237060547,18.139999389648438,15.336237907409668,1494300
2015-05-12,DBC,18.200000762939453,18.440000534057617,18.190000534057617,18.329999923706055,15.496871948242188,1241200
2015-05-13,DBC,18.489999771118164,18.5,18.34000015258789,18.350000381469727,15.513779640197754,1246900
2015-05-14,DBC,18.459999084472656,18.5,18.360000610351562,18.459999084472656,15.606778144836426,2321900
2015-05-15,DBC,18.309999465942383,18.459999084472656,18.25,18.450000762939453,15.598322868347168,2034900
2015-05-18,DBC,18.399999618530273,18.43000030517578,18.329999923706055,18.399999618530273,15.556050300598145,1773500
2015-05-19,DBC,18.209999084472656,18.209999084472656,17.950000762939453,18.010000228881836,15.22633171081543,1463300
2015-05-20,DBC,18.020000457763672,18.049999237060547,17.950000762939453,17.969999313354492,15.192511558532715,2551100
2015-05-21,DBC,18.100000381469727,18.25,18.100000381469727,18.190000534057617,15.378512382507324,974800
2015-05-22,DBC,18.040000915527344,18.06999969482422,17.959999084472656,17.989999771118164,15.209423065185547,1452200
2015-05-26,DBC,17.780000686645508,17.809999465942383,17.579999923706055,17.639999389648438,14.913519859313965,1366900
2015-05-27,DBC,17.489999771118164,17.559999465942383,17.3700008392334,17.399999618530273,14.710613250732422,1392400
2015-05-28,DBC,17.3799991607666,17.5,17.299999237060547,17.489999771118164,14.786703109741211,3380400
2015-05-29,DBC,17.479999542236328,17.75,17.459999084472656,17.709999084472656,14.972700119018555,1347700
2015-06-01,DBC,17.68000030517578,17.760000228881836,17.600000381469727,17.670000076293945,14.938880920410156,2013000
2015-06-02,DBC,17.780000686645508,17.899999618530273,17.719999313354492,17.8799991607666,15.116421699523926,1085500
2015-06-03,DBC,17.799999237060547,17.860000610351562,17.6200008392334,17.649999618530273,14.92197322845459,1091000
2015-06-04,DBC,17.549999237060547,17.559999465942383,17.420000076293945,17.489999771118164,14.786703109741211,1296700
2015-06-05,DBC,17.31999969482422,17.579999923706055,17.280000686645508,17.56999969482422,14.854338645935059,1161400
2015-06-08,DBC,17.549999237060547,17.610000610351562,17.520000457763672,17.579999923706055,14.86279296875,1449000
2015-06-09,DBC,17.84000015258789,17.920000076293945,17.809999465942383,17.860000610351562,15.099517822265625,1221800
2015-06-10,DBC,18.049999237060547,18.079999923706055,17.899999618530273,17.93000030517578,15.158698081970215,1223400
2015-06-11,DBC,17.8799991607666,17.8799991607666,17.729999542236328,17.770000457763672,15.023427963256836,719100
2015-06-12,DBC,17.700000762939453,17.739999771118164,17.579999923706055,17.59000015258789,14.871246337890625,3527800
2015-06-15,DBC,17.469999313354492,17.559999465942383,17.459999084472656,17.510000228881836,14.80361270904541,1343800
2015-06-16,DBC,17.510000228881836,17.59000015258789,17.459999084472656,17.559999465942383,14.845885276794434,577100
2015-06-17,DBC,17.75,17.799999237060547,17.450000762939453,17.610000610351562,14.88815689086914,693900
2015-06-18,DBC,17.65999984741211,17.690000534057617,17.59000015258789,17.610000610351562,14.88815689086914,1668500
2015-06-19,DBC,17.420000076293945,17.489999771118164,17.360000610351562,17.450000762939453,14.752886772155762,1648600
2015-06-22,DBC,17.389999389648438,17.549999237060547,17.34000015258789,17.510000228881836,14.80361270904541,1015200
2015-06-23,DBC,17.479999542236328,17.729999542236328,17.469999313354492,17.719999313354492,14.98115348815918,630500
2015-06-24,DBC,17.65999984741211,17.760000228881836,17.56999969482422,17.600000381469727,14.8797025680542,2268100
2015-06-25,DBC,17.559999465942383,17.649999618530273,17.520000457763672,17.6200008392334,14.896611213684082,887300
2015-06-26,DBC,17.690000534057617,17.760000228881836,17.59000015258789,17.700000762939453,14.964245796203613,550700
2015-06-29,DBC,17.639999389648438,17.719999313354492,17.600000381469727,17.6200008392334,14.896611213684082,2299100
2015-06-30,DBC,17.670000076293945,18.049999237060547,17.649999618530273,18.0,15.217878341674805,1582600
2015-07-01,DBC,17.860000610351562,17.889999389648438,17.709999084472656,17.780000686645508,15.031882286071777,3885400
2015-07-02,DBC,17.799999237060547,17.940000534057617,17.739999771118164,17.75,15.00651741027832,1855000
2015-07-06,DBC,17.31999969482422,17.3700008392334,17.139999389648438,17.170000076293945,14.51616382598877,2304900
2015-07-07,DBC,17.059999465942383,17.100000381469727,16.719999313354492,17.06999969482422,14.431620597839355,4409500
2015-07-08,DBC,17.030000686645508,17.1200008392334,16.899999618530273,16.989999771118164,14.363984107971191,4364000
2015-07-09,DBC,17.200000762939453,17.290000915527344,17.110000610351562,17.190000534057617,14.533071517944336,2278400
2015-07-10,DBC,17.229999542236328,17.360000610351562,17.15999984741211,17.270000457763672,14.600708961486816,1117900
2015-07-13,DBC,17.239999771118164,17.3700008392334,17.110000610351562,17.280000686645508,14.609162330627441,2425500
2015-07-14,DBC,17.170000076293945,17.290000915527344,17.139999389648438,17.219999313354492,14.55843448638916,867200
2015-07-15,DBC,17.110000610351562,17.149999618530273,17.0,17.020000457763672,14.389347076416016,914500
2015-07-16,DBC,17.06999969482422,17.200000762939453,16.93000030517578,16.940000534057617,14.3217134475708,822400
2015-07-17,DBC,16.90999984741211,16.90999984741211,16.75,16.850000381469727,14.245624542236328,938200
2015-07-20,DBC,16.670000076293945,16.729999542236328,16.579999923706055,16.579999923706055,14.017355918884277,2006200
2015-07-21,DBC,16.6299991607666,16.75,16.600000381469727,16.649999618530273,14.07653522491455,1044600
2015-07-22,DBC,16.510000228881836,16.579999923706055,16.40999984741211,16.40999984741211,13.87363052368164,2034100
2015-07-23,DBC,16.469999313354492,16.5,16.270000457763672,16.270000457763672,13.755269050598145,6627700
2015-07-24,DBC,16.200000762939453,16.229999542236328,16.059999465942383,16.139999389648438,13.64536190032959,1264800
2015-07-27,DBC,15.949999809265137,16.010000228881836,15.819999694824219,15.829999923706055,13.383275985717773,2407200
2015-07-28,DBC,15.920000076293945,16.059999465942383,15.880000114440918,15.960000038146973,13.493184089660645,2157400
2015-07-29,DBC,15.930000305175781,16.100000381469727,15.920000076293945,16.010000228881836,13.535456657409668,1239700
2015-07-30,DBC,16.0,16.06999969482422,15.920000076293945,15.949999809265137,13.48473072052002,997500
2015-07-31,DBC,16.020000457763672,16.020000457763672,15.720000267028809,15.729999542236328,13.29873275756836,1807500
2015-08-03,DBC,15.550000190734863,15.649999618530273,15.4399995803833,15.470000267028809,13.078920364379883,2939000
2015-08-04,DBC,15.569999694824219,15.619999885559082,15.5,15.5600004196167,13.155009269714355,2741300
2015-08-05,DBC,15.600000381469727,15.670000076293945,15.430000305175781,15.5,13.104283332824707,1415200
2015-08-06,DBC,15.430000305175781,15.489999771118164,15.390000343322754,15.489999771118164,13.095829010009766,1767100
2015-08-07,DBC,15.430000305175781,15.5,15.40999984741211,15.430000305175781,13.045104026794434,1940400
2015-08-10,DBC,15.5,15.819999694824219,15.489999771118164,15.760000228881836,13.3240966796875,2061600
2015-08-11,DBC,15.569999694824219,15.579999923706055,15.4399995803833,15.550000190734863,13.146554946899414,1092400
2015-08-12,DBC,15.619999885559082,15.699999809265137,15.390000343322754,15.5,13.104283332824707,1831900
2015-08-13,DBC,15.4399995803833,15.449999809265137,15.359999656677246,15.430000305175781,13.045104026794434,1304400
2015-08-14,DBC,15.390000343322754,15.470000267028809,15.329999923706055,15.329999923706055,12.960558891296387,876100
2015-08-17,DBC,15.369999885559082,15.399999618530273,15.270000457763672,15.270000457763672,12.909832954406738,1824400
2015-08-18,DBC,15.170000076293945,15.239999771118164,15.109999656677246,15.1899995803833,12.842196464538574,1641300
2015-08-19,DBC,15.210000038146973,15.25,14.970000267028809,15.020000457763672,12.698473930358887,1718400
2015-08-20,DBC,15.15999984741211,15.180000305175781,15.020000457763672,15.0600004196167,12.732290267944336,4386200
2015-08-21,DBC,14.960000038146973,14.970000267028809,14.770000457763672,14.8100004196167,12.520931243896484,2750700
2015-08-24,DBC,14.40999984741211,14.640000343322754,14.350000381469727,14.4399995803833,12.208120346069336,3776900
2015-08-25,DBC,14.680000305175781,14.710000038146973,14.470000267028809,14.5,12.258845329284668,3132700
2015-08-26,DBC,14.460000038146973,14.489999771118164,14.329999923706055,14.40999984741211,12.182756423950195,2180700
2015-08-27,DBC,14.600000381469727,14.960000038146973,14.550000190734863,14.930000305175781,12.622384071350098,2094800
2015-08-28,DBC,15.0,15.430000305175781,14.989999771118164,15.319999694824219,12.952104568481445,6212800
2015-08-31,DBC,15.149999618530273,15.789999961853027,15.0,15.6899995803833,13.264914512634277,2227600
2015-09-01,DBC,15.489999771118164,15.529999732971191,15.140000343322754,15.170000076293945,12.825288772583008,2494200
2015-09-02,DBC,15.359999656677246,15.369999885559082,14.979999542236328,15.300000190734863,12.93519401550293,3646300
2015-09-03,DBC,15.329999923706055,15.579999923706055,15.300000190734863,15.399999618530273,13.019740104675293,1687800
2015-09-04,DBC,15.3100004196167,15.359999656677246,15.1899995803833,15.210000038146973,12.859106063842773,837700
2015-09-08,DBC,15.25,15.359999656677246,15.109999656677246,15.319999694824219,12.952104568481445,1278600
2015-09-09,DBC,15.34000015258789,15.359999656677246,15.079999923706055,15.119999885559082,12.7830171585083,1918600
2015-09-10,DBC,15.130000114440918,15.300000190734863,15.100000381469727,15.25,12.892922401428223,2398200
2015-09-11,DBC,15.119999885559082,15.300000190734863,14.989999771118164,15.229999542236328,12.87601375579834,1160200
2015-09-14,DBC,15.119999885559082,15.15999984741211,15.029999732971191,15.039999961853027,12.71538257598877,804000
2015-09-15,DBC,15.050000190734863,15.100000381469727,15.0,15.09000015258789,12.757654190063477,649200
2015-09-16,DBC,15.199999809265137,15.399999618530273,15.1899995803833,15.34000015258789,12.969012260437012,1767000
2015-09-17,DBC,15.279999732971191,15.319999694824219,15.140000343322754,15.239999771118164,12.884469985961914,1326700
2015-09-18,DBC,15.119999885559082,15.149999618530273,14.930000305175781,15.010000228881836,12.690018653869629,1213700
2015-09-21,DBC,15.069999694824219,15.1899995803833,15.050000190734863,15.180000305175781,12.833744049072266,883600
2015-09-22,DBC,14.970000267028809,15.109999656677246,14.920000076293945,15.09000015258789,12.757654190063477,1021400
2015-09-23,DBC,15.1899995803833,15.289999961853027,14.960000038146973,14.970000267028809,12.656201362609863,1423700
2015-09-24,DBC,14.920000076293945,15.09000015258789,14.920000076293945,15.0600004196167,12.732290267944336,1711300
2015-09-25,DBC,15.109999656677246,15.199999809265137,15.050000190734863,15.149999618530273,12.808379173278809,1286700
2015-09-28,DBC,15.0,15.050000190734863,14.899999618530273,14.9399995803833,12.630837440490723,1424200
2015-09-29,DBC,14.970000267028809,15.09000015258789,14.949999809265137,15.039999961853027,12.71538257598877,1407500
2015-09-30,DBC,15.069999694824219,15.1899995803833,15.050000190734863,15.149999618530273,12.808379173278809,1466300
2015-10-01,DBC,15.319999694824219,15.369999885559082,15.020000457763672,15.050000190734863,12.723835945129395,2237900
2015-10-02,DBC,14.920000076293945,15.170000076293945,14.90999984741211,15.149999618530273,12.808379173278809,4613600
2015-10-05,DBC,15.3100004196167,15.359999656677246,15.279999732971191,15.350000381469727,12.97746753692627,1696100
2015-10-06,DBC,15.430000305175781,15.680000305175781,15.430000305175781,15.649999618530273,13.231098175048828,1805700
2015-10-07,DBC,15.789999961853027,15.819999694824219,15.550000190734863,15.619999885559082,13.205735206604004,1087700
2015-10-08,DBC,15.569999694824219,15.729999542236328,15.539999961853027,15.6899995803833,13.264914512634277,1294100
2015-10-09,DBC,15.800000190734863,15.859999656677246,15.6899995803833,15.760000228881836,13.3240966796875,2042900
2015-10-12,DBC,15.789999961853027,15.800000190734863,15.460000038146973,15.510000228881836,13.112736701965332,1072800
2015-10-13,DBC,15.390000343322754,15.550000190734863,15.369999885559082,15.40999984741211,13.028192520141602,1571300
2015-10-14,DBC,15.4399995803833,15.479999542236328,15.34000015258789,15.449999809265137,13.062010765075684,1495300
2015-10-15,DBC,15.359999656677246,15.4399995803833,15.25,15.40999984741211,13.028192520141602,1624400
2015-10-16,DBC,15.449999809265137,15.470000267028809,15.279999732971191,15.420000076293945,13.036648750305176,1383400
2015-10-19,DBC,15.229999542236328,15.25,15.109999656677246,15.140000343322754,12.799925804138184,1160400
2015-10-20,DBC,15.109999656677246,15.210000038146973,15.079999923706055,15.170000076293945,12.825288772583008,1591200
2015-10-21,DBC,15.0600004196167,15.109999656677246,14.960000038146973,15.039999961853027,12.71538257598877,2500900
2015-10-22,DBC,15.149999618530273,15.210000038146973,15.039999961853027,15.09000015258789,12.757654190063477,1326900
2015-10-23,DBC,15.020000457763672,15.0600004196167,14.949999809265137,15.0,12.681563377380371,1363400
2015-10-26,DBC,14.989999771118164,15.039999961853027,14.949999809265137,14.960000038146973,12.647747039794922,1226500
2015-10-27,DBC,14.890000343322754,14.949999809265137,14.859999656677246,14.890000343322754,12.588566780090332,1547100
2015-10-28,DBC,14.930000305175781,15.239999771118164,14.930000305175781,15.140000343322754,12.799925804138184,1690700
2015-10-29,DBC,15.079999923706055,15.180000305175781,15.039999961853027,15.050000190734863,12.723835945129395,1501300
2015-10-30,DBC,15.079999923706055,15.260000228881836,15.050000190734863,15.199999809265137,12.850650787353516,1446500
2015-11-02,DBC,15.100000381469727,15.180000305175781,15.069999694824219,15.119999885559082,12.7830171585083,2485500
2015-11-03,DBC,15.220000267028809,15.4399995803833,15.199999809265137,15.390000343322754,13.011284828186035,1988700
2015-11-04,DBC,15.380000114440918,15.4399995803833,15.109999656677246,15.130000114440918,12.791471481323242,1556900
2015-11-05,DBC,15.039999961853027,15.100000381469727,14.960000038146973,15.010000228881836,12.690018653869629,2661700
2015-11-06,DBC,14.90999984741211,14.960000038146973,14.84000015258789,14.920000076293945,12.61392879486084,786300
2015-11-09,DBC,14.899999618530273,14.920000076293945,14.75,14.789999961853027,12.504022598266602,2315500
2015-11-10,DBC,14.760000228881836,14.850000381469727,14.699999809265137,14.760000228881836,12.478658676147461,1056000
2015-11-11,DBC,14.819999694824219,14.829999923706055,14.569999694824219,14.609999656677246,12.351842880249023,1133900
2015-11-12,DBC,14.4399995803833,14.550000190734863,14.380000114440918,14.399999618530273,12.174301147460938,1817300
2015-11-13,DBC,14.390000343322754,14.390000343322754,14.25,14.289999961853027,12.081303596496582,1517400
2015-11-16,DBC,14.229999542236328,14.369999885559082,14.119999885559082,14.359999656677246,12.140484809875488,1107800
2015-11-17,DBC,14.25,14.279999732971191,14.140000343322754,14.140000343322754,11.954487800598145,1094800
2015-11-18,DBC,14.220000267028809,14.239999771118164,14.050000190734863,14.199999809265137,12.005213737487793,1851000
2015-11-19,DBC,14.1899995803833,14.270000457763672,14.180000305175781,14.199999809265137,12.005213737487793,2045800
2015-11-20,DBC,14.25,14.359999656677246,14.180000305175781,14.180000305175781,11.98830509185791,2169500
2015-11-23,DBC,14.15999984741211,14.369999885559082,14.15999984741211,14.289999961853027,12.081303596496582,3993600
2015-11-24,DBC,14.489999771118164,14.59000015258789,14.289999961853027,14.520000457763672,12.27575397491455,1309000
2015-11-25,DBC,14.399999618530273,14.529999732971191,14.319999694824219,14.5,12.258845329284668,1427300
2015-11-27,DBC,14.350000381469727,14.399999618530273,14.229999542236328,14.279999732971191,12.072848320007324,1606800
2015-11-30,DBC,14.319999694824219,14.399999618530273,14.180000305175781,14.1899995803833,11.996759414672852,2975400
2015-12-01,DBC,14.300000190734863,14.40999984741211,14.25,14.350000381469727,12.132030487060547,2226200
2015-12-02,DBC,14.170000076293945,14.289999961853027,14.020000457763672,14.050000190734863,11.878398895263672,2108800
2015-12-03,DBC,14.109999656677246,14.350000381469727,14.0600004196167,14.210000038146973,12.01366901397705,2703400
2015-12-04,DBC,14.149999618530273,14.270000457763672,14.109999656677246,14.1899995803833,11.996759414672852,2145000
2015-12-07,DBC,14.0,14.039999961853027,13.760000228881836,13.779999732971191,11.650130271911621,2197000
2015-12-08,DBC,13.670000076293945,13.829999923706055,13.649999618530273,13.710000038146973,11.590948104858398,3011100
2015-12-09,DBC,13.779999732971191,13.920000076293945,13.619999885559082,13.720000267028809,11.599404335021973,2688000
2015-12-10,DBC,13.680000305175781,13.770000457763672,13.670000076293945,13.670000076293945,11.557132720947266,2076600
2015-12-11,DBC,13.640000343322754,13.710000038146973,13.489999771118164,13.529999732971191,11.43877124786377,4237900
2015-12-14,DBC,13.399999618530273,13.550000190734863,13.359999656677246,13.4399995803833,11.36268138885498,2631700
2015-12-15,DBC,13.479999542236328,13.600000381469727,13.40999984741211,13.40999984741211,11.33731746673584,2862800
2015-12-16,DBC,13.359999656677246,13.420000076293945,13.279999732971191,13.350000381469727,11.286592483520508,3436900
2015-12-17,DBC,13.289999961853027,13.300000190734863,13.180000305175781,13.210000038146973,11.168230056762695,8948500
2015-12-18,DBC,13.260000228881836,13.4399995803833,13.260000228881836,13.270000457763672,11.21895694732666,2764200
2015-12-21,DBC,13.199999809265137,13.300000190734863,13.15999984741211,13.210000038146973,11.168230056762695,4462300
2015-12-22,DBC,13.220000267028809,13.260000228881836,13.130000114440918,13.149999618530273,11.117505073547363,3484300
2015-12-23,DBC,13.260000228881836,13.420000076293945,13.25,13.390000343322754,11.32041072845459,5518100
2015-12-24,DBC,13.449999809265137,13.470000267028809,13.390000343322754,13.390000343322754,11.32041072845459,1391700
2015-12-28,DBC,13.25,13.300000190734863,13.180000305175781,13.199999809265137,11.15977668762207,2958900
2015-12-29,DBC,13.380000114440918,13.460000038146973,13.369999885559082,13.420000076293945,11.345772743225098,5314700
2015-12-30,DBC,13.3100004196167,13.34000015258789,13.239999771118164,13.289999961853027,11.235865592956543,3190200
2015-12-31,DBC,13.220000267028809,13.489999771118164,13.220000267028809,13.359999656677246,11.295045852661133,2373200
2016-01-04,DBC,13.420000076293945,13.510000228881836,13.1899995803833,13.260000228881836,11.210501670837402,2307600
2016-01-05,DBC,13.220000267028809,13.25,13.130000114440918,13.130000114440918,11.100594520568848,1210000
2016-01-06,DBC,12.960000038146973,13.0600004196167,12.880000114440918,12.920000076293945,10.923053741455078,2668600
2016-01-07,DBC,12.789999961853027,12.979999542236328,12.760000228881836,12.859999656677246,10.87232780456543,10692400
2016-01-08,DBC,12.869999885559082,12.880000114440918,12.760000228881836,12.800000190734863,10.821601867675781,2809600
2016-01-11,DBC,12.729999542236328,12.920000076293945,12.4399995803833,12.449999809265137,10.525697708129883,2629100
2016-01-12,DBC,12.510000228881836,12.539999961853027,12.260000228881836,12.369999885559082,10.458063125610352,2398200
2016-01-13,DBC,12.40999984741211,12.470000267028809,12.239999771118164,12.300000190734863,10.398881912231445,2554200
2016-01-14,DBC,12.260000228881836,12.359999656677246,12.210000038146973,12.329999923706055,10.424245834350586,1813100
2016-01-15,DBC,12.130000114440918,12.1899995803833,12.029999732971191,12.069999694824219,10.204431533813477,1963500
2016-01-19,DBC,12.09000015258789,12.119999885559082,11.949999809265137,11.970000267028809,10.119888305664062,3776800
2016-01-20,DBC,11.850000381469727,11.90999984741211,11.699999809265137,11.880000114440918,10.04379940032959,2239200
2016-01-21,DBC,11.789999961853027,12.109999656677246,11.779999732971191,12.039999961853027,10.179069519042969,2564100
2016-01-22,DBC,12.3100004196167,12.40999984741211,12.25,12.399999618530273,10.483426094055176,1994500
2016-01-25,DBC,12.279999732971191,12.369999885559082,12.119999885559082,12.130000114440918,10.255158424377441,1983100
2016-01-26,DBC,12.25,12.529999732971191,12.239999771118164,12.369999885559082,10.458063125610352,2018600
2016-01-27,DBC,12.369999885559082,12.609999656677246,12.289999961853027,12.520000457763672,10.584878921508789,1485200
2016-01-28,DBC,12.720000267028809,12.770000457763672,12.550000190734863,12.65999984741211,10.703240394592285,1943200
2016-01-29,DBC,12.710000038146973,12.819999694824219,12.609999656677246,12.779999732971191,10.804692268371582,2920600
2016-02-01,DBC,12.630000114440918,12.65999984741211,12.5,12.539999961853027,10.601786613464355,1724600
2016-02-02,DBC,12.300000190734863,12.399999618530273,12.229999542236328,12.319999694824219,10.415790557861328,5602500
2016-02-03,DBC,12.479999542236328,12.640000343322754,12.3100004196167,12.630000114440918,10.677876472473145,3106600
2016-02-04,DBC,12.729999542236328,12.789999961853027,12.5600004196167,12.609999656677246,10.660967826843262,2606400
2016-02-05,DBC,12.579999923706055,12.630000114440918,12.479999542236328,12.529999732971191,10.593332290649414,1709200
2016-02-08,DBC,12.59000015258789,12.619999885559082,12.460000038146973,12.470000267028809,10.542607307434082,1685700
2016-02-09,DBC,12.369999885559082,12.430000305175781,12.100000381469727,12.149999618530273,10.272066116333008,2762900
2016-02-10,DBC,12.140000343322754,12.279999732971191,12.100000381469727,12.170000076293945,10.28897476196289,3157100
2016-02-11,DBC,12.180000305175781,12.34000015258789,12.149999618530273,12.319999694824219,10.415790557861328,1966700
2016-02-12,DBC,12.380000114440918,12.569999694824219,12.34000015258789,12.5,10.567970275878906,3251400
2016-02-16,DBC,12.550000190734863,12.550000190734863,12.319999694824219,12.359999656677246,10.449607849121094,3558900
2016-02-17,DBC,12.40999984741211,12.670000076293945,12.390000343322754,12.619999885559082,10.669424057006836,1704300
2016-02-18,DBC,12.699999809265137,12.710000038146973,12.520000457763672,12.550000190734863,10.610241889953613,2005500
2016-02-19,DBC,12.470000267028809,12.479999542236328,12.380000114440918,12.4399995803833,10.517243385314941,835500
2016-02-22,DBC,12.569999694824219,12.649999618530273,12.569999694824219,12.630000114440918,10.677876472473145,719000
2016-02-23,DBC,12.579999923706055,12.579999923706055,12.399999618530273,12.460000038146973,10.534152030944824,1496800
2016-02-24,DBC,12.369999885559082,12.670000076293945,12.359999656677246,12.619999885559082,10.669424057006836,2438900
2016-02-25,DBC,12.569999694824219,12.699999809265137,12.449999809265137,12.609999656677246,10.660967826843262,3589400
2016-02-26,DBC,12.779999732971191,12.8100004196167,12.550000190734863,12.59000015258789,10.644060134887695,1686500
2016-02-29,DBC,12.65999984741211,12.760000228881836,12.619999885559082,12.75,10.779329299926758,1814000
2016-03-01,DBC,12.739999771118164,12.800000190734863,12.649999618530273,12.760000228881836,10.7877836227417,2144600
2016-03-02,DBC,12.729999542236328,12.869999885559082,12.699999809265137,12.829999923706055,10.846963882446289,4519700
2016-03-03,DBC,12.789999961853027,12.920000076293945,12.760000228881836,12.899999618530273,10.906144142150879,1597000
2016-03-04,DBC,12.960000038146973,13.15999984741211,12.9399995803833,13.149999618530273,11.117505073547363,2063900
2016-03-07,DBC,13.199999809265137,13.430000305175781,13.170000076293945,13.390000343322754,11.32041072845459,2785500
2016-03-08,DBC,13.390000343322754,13.390000343322754,13.210000038146973,13.210000038146973,11.168230056762695,2116400
2016-03-09,DBC,13.300000190734863,13.430000305175781,13.270000457763672,13.40999984741211,11.33731746673584,2552700
2016-03-10,DBC,13.329999923706055,13.430000305175781,13.289999961853027,13.390000343322754,11.32041072845459,2836700
2016-03-11,DBC,13.5,13.529999732971191,13.399999618530273,13.4399995803833,11.36268138885498,1010900
2016-03-14,DBC,13.34000015258789,13.350000381469727,13.229999542236328,13.319999694824219,11.261228561401367,1062700
2016-03-15,DBC,13.25,13.25,13.130000114440918,13.210000038146973,11.168230056762695,1619200
2016-03-16,DBC,13.239999771118164,13.449999809265137,13.239999771118164,13.4399995803833,11.36268138885498,2431000
2016-03-17,DBC,13.520000457763672,13.619999885559082,13.479999542236328,13.59000015258789,11.489496231079102,1000400
2016-03-18,DBC,13.630000114440918,13.680000305175781,13.529999732971191,13.579999923706055,11.481043815612793,1791100
2016-03-21,DBC,13.569999694824219,13.640000343322754,13.510000228881836,13.619999885559082,11.514860153198242,9810500
2016-03-22,DBC,13.609999656677246,13.729999542236328,13.59000015258789,13.720000267028809,11.599404335021973,1498800
2016-03-23,DBC,13.529999732971191,13.5600004196167,13.40999984741211,13.430000305175781,11.354227066040039,3167100
2016-03-24,DBC,13.239999771118164,13.40999984741211,13.229999542236328,13.350000381469727,11.286592483520508,1838700
2016-03-28,DBC,13.350000381469727,13.399999618530273,13.300000190734863,13.390000343322754,11.32041072845459,1000300
2016-03-29,DBC,13.260000228881836,13.369999885559082,13.210000038146973,13.359999656677246,11.295045852661133,2303600
2016-03-30,DBC,13.449999809265137,13.510000228881836,13.300000190734863,13.3100004196167,11.252774238586426,1336100
2016-03-31,DBC,13.300000190734863,13.40999984741211,13.270000457763672,13.289999961853027,11.235865592956543,3581700
2016-04-01,DBC,13.069999694824219,13.130000114440918,13.020000457763672,13.0600004196167,11.041415214538574,1170800
2016-04-04,DBC,13.0,13.079999923706055,12.859999656677246,12.880000114440918,10.88923454284668,4662300
2016-04-05,DBC,12.859999656677246,12.869999885559082,12.779999732971191,12.850000381469727,10.863872528076172,1833000
2016-04-06,DBC,12.859999656677246,13.039999961853027,12.819999694824219,12.989999771118164,10.982234001159668,4849500
2016-04-07,DBC,12.960000038146973,12.989999771118164,12.859999656677246,12.949999809265137,10.948416709899902,1046200
2016-04-08,DBC,13.180000305175781,13.300000190734863,13.140000343322754,13.260000228881836,11.210501670837402,1298800
2016-04-11,DBC,13.289999961853027,13.390000343322754,13.289999961853027,13.359999656677246,11.295045852661133,1763800
2016-04-12,DBC,13.489999771118164,13.699999809265137,13.460000038146973,13.649999618530273,11.54022216796875,2560000
2016-04-13,DBC,13.680000305175781,13.770000457763672,13.649999618530273,13.720000267028809,11.599404335021973,1907900
2016-04-14,DBC,13.710000038146973,13.720000267028809,13.59000015258789,13.609999656677246,11.5064058303833,1084600
2016-04-15,DBC,13.489999771118164,13.609999656677246,13.40999984741211,13.5600004196167,11.464133262634277,879400
2016-04-18,DBC,13.40999984741211,13.680000305175781,13.380000114440918,13.619999885559082,11.514860153198242,1204700
2016-04-19,DBC,13.760000228881836,13.9399995803833,13.739999771118164,13.90999984741211,11.76003646850586,2227000
2016-04-20,DBC,13.850000381469727,14.239999771118164,13.819999694824219,14.180000305175781,11.98830509185791,2408200
2016-04-21,DBC,14.260000228881836,14.260000228881836,14.039999961853027,14.119999885559082,11.937579154968262,2702000
2016-04-22,DBC,14.149999618530273,14.270000457763672,14.029999732971191,14.0600004196167,11.886853218078613,2134900
2016-04-25,DBC,14.079999923706055,14.149999618530273,14.010000228881836,14.050000190734863,11.878398895263672,1574200
2016-04-26,DBC,14.109999656677246,14.25,14.069999694824219,14.229999542236328,12.0305757522583,1528300
2016-04-27,DBC,14.319999694824219,14.390000343322754,14.130000114440918,14.359999656677246,12.140484809875488,1682600
2016-04-28,DBC,14.369999885559082,14.510000228881836,14.350000381469727,14.4399995803833,12.208120346069336,1944200
2016-04-29,DBC,14.600000381469727,14.630000114440918,14.479999542236328,14.579999923706055,12.326480865478516,8719300
2016-05-02,DBC,14.520000457763672,14.520000457763672,14.350000381469727,14.380000114440918,12.157392501831055,6749000
2016-05-03,DBC,14.289999961853027,14.300000190734863,14.09000015258789,14.15999984741211,11.971396446228027,2723600
2016-05-04,DBC,14.239999771118164,14.319999694824219,14.0600004196167,14.170000076293945,11.979849815368652,2021000
2016-05-05,DBC,14.34000015258789,14.34000015258789,13.960000038146973,14.029999732971191,11.861489295959473,1184200
2016-05-06,DBC,14.0,14.239999771118164,13.970000267028809,14.119999885559082,11.937579154968262,6854200
2016-05-09,DBC,13.960000038146973,13.989999771118164,13.800000190734863,13.8100004196167,11.675492286682129,2163300
2016-05-10,DBC,13.920000076293945,14.180000305175781,13.920000076293945,14.149999618530273,11.962942123413086,1420900
2016-05-11,DBC,14.210000038146973,14.5,14.15999984741211,14.479999542236328,12.241934776306152,1851100
2016-05-12,DBC,14.529999732971191,14.529999732971191,14.319999694824219,14.5,12.258845329284668,1270700
2016-05-13,DBC,14.40999984741211,14.510000228881836,14.380000114440918,14.479999542236328,12.241934776306152,1550800
2016-05-16,DBC,14.619999885559082,14.6899995803833,14.579999923706055,14.640000343322754,12.377206802368164,3273500
2016-05-17,DBC,14.630000114440918,14.770000457763672,14.619999885559082,14.75,12.470205307006836,1425200
2016-05-18,DBC,14.649999618530273,14.819999694824219,14.619999885559082,14.640000343322754,12.377206802368164,1987300
2016-05-19,DBC,14.489999771118164,14.619999885559082,14.399999618530273,14.600000381469727,12.343389511108398,5004300
2016-05-20,DBC,14.680000305175781,14.739999771118164,14.569999694824219,14.65999984741211,12.394115447998047,3424800
2016-05-23,DBC,14.489999771118164,14.609999656677246,14.479999542236328,14.579999923706055,12.326480865478516,1290200
2016-05-24,DBC,14.529999732971191,14.6899995803833,14.529999732971191,14.579999923706055,12.326480865478516,964200
2016-05-25,DBC,14.619999885559082,14.760000228881836,14.600000381469727,14.75,12.470205307006836,1638500
2016-05-26,DBC,14.829999923706055,14.850000381469727,14.670000076293945,14.739999771118164,12.461750984191895,1422400
2016-05-27,DBC,14.710000038146973,14.829999923706055,14.670000076293945,14.800000190734863,12.512476921081543,1472500
2016-05-31,DBC,14.8100004196167,14.890000343322754,14.699999809265137,14.710000038146973,12.436387062072754,10015000
2016-06-01,DBC,14.600000381469727,14.859999656677246,14.579999923706055,14.859999656677246,12.563201904296875,3179200
2016-06-02,DBC,14.789999961853027,14.989999771118164,14.760000228881836,14.890000343322754,12.588566780090332,6854400
2016-06-03,DBC,15.010000228881836,15.020000457763672,14.90999984741211,14.989999771118164,12.673110008239746,2211300
2016-06-06,DBC,15.140000343322754,15.199999809265137,15.09000015258789,15.170000076293945,12.825288772583008,2936900
2016-06-07,DBC,15.1899995803833,15.319999694824219,15.180000305175781,15.319999694824219,12.952104568481445,1394200
2016-06-08,DBC,15.5,15.59000015258789,15.470000267028809,15.579999923706055,13.171917915344238,2748200
2016-06-09,DBC,15.4399995803833,15.569999694824219,15.420000076293945,15.550000190734863,13.146554946899414,3062200
2016-06-10,DBC,15.430000305175781,15.479999542236328,15.34000015258789,15.359999656677246,12.985920906066895,2965700
2016-06-13,DBC,15.350000381469727,15.460000038146973,15.319999694824219,15.359999656677246,12.985920906066895,1594600
2016-06-14,DBC,15.25,15.3100004196167,15.180000305175781,15.260000228881836,12.90137767791748,1276500
2016-06-15,DBC,15.239999771118164,15.319999694824219,15.140000343322754,15.180000305175781,12.833744049072266,1829800
2016-06-16,DBC,15.149999618530273,15.149999618530273,14.890000343322754,14.920000076293945,12.61392879486084,1836500
2016-06-17,DBC,15.140000343322754,15.289999961853027,15.109999656677246,15.270000457763672,12.909832954406738,2476300
2016-06-20,DBC,15.319999694824219,15.460000038146973,15.289999961853027,15.40999984741211,13.028192520141602,1654100
2016-06-21,DBC,15.279999732971191,15.329999923706055,15.199999809265137,15.289999961853027,12.926740646362305,1550500
2016-06-22,DBC,15.359999656677246,15.399999618530273,15.140000343322754,15.199999809265137,12.850650787353516,2251100
2016-06-23,DBC,15.25,15.329999923706055,15.170000076293945,15.319999694824219,12.952104568481445,1561500
2016-06-24,DBC,14.930000305175781,15.0600004196167,14.930000305175781,15.010000228881836,12.690018653869629,1583000
2016-06-27,DBC,15.0,15.0,14.850000381469727,14.979999542236328,12.664654731750488,2276900
2016-06-28,DBC,15.1899995803833,15.220000267028809,15.069999694824219,15.220000267028809,12.867560386657715,1645800
2016-06-29,DBC,15.319999694824219,15.520000457763672,15.279999732971191,15.4399995803833,13.05355453491211,1671000
2016-06-30,DBC,15.359999656677246,15.4399995803833,15.260000228881836,15.350000381469727,12.97746753692627,2216100
2016-07-01,DBC,15.359999656677246,15.550000190734863,15.329999923706055,15.539999961853027,13.138100624084473,3913400
2016-07-05,DBC,15.550000190734863,15.550000190734863,15.0,15.100000381469727,12.766107559204102,4526800
2016-07-06,DBC,14.9399995803833,15.170000076293945,14.899999618530273,15.15999984741211,12.81683349609375,2535300
2016-07-07,DBC,15.25,15.270000457763672,14.6899995803833,14.729999542236328,12.45329475402832,3347900
2016-07-08,DBC,14.819999694824219,14.899999618530273,14.770000457763672,14.880000114440918,12.580111503601074,1516800
2016-07-11,DBC,14.989999771118164,15.0,14.819999694824219,14.819999694824219,12.529385566711426,1756600
2016-07-12,DBC,15.039999961853027,15.140000343322754,14.9399995803833,15.100000381469727,12.766107559204102,1414900
2016-07-13,DBC,15.130000114440918,15.199999809265137,14.850000381469727,14.90999984741211,12.605473518371582,2742600
2016-07-14,DBC,15.029999732971191,15.0600004196167,14.9399995803833,14.970000267028809,12.656201362609863,1645000
2016-07-15,DBC,14.970000267028809,15.029999732971191,14.90999984741211,14.930000305175781,12.622384071350098,1406800
2016-07-18,DBC,14.800000190734863,14.890000343322754,14.75,14.859999656677246,12.563201904296875,1465100
2016-07-19,DBC,14.84000015258789,14.859999656677246,14.75,14.770000457763672,12.487112998962402,854300
2016-07-20,DBC,14.609999656677246,14.770000457763672,14.579999923706055,14.670000076293945,12.402568817138672,1813100
2016-07-21,DBC,14.720000267028809,14.729999542236328,14.59000015258789,14.59000015258789,12.334935188293457,1309000
2016-07-22,DBC,14.550000190734863,14.579999923706055,14.449999809265137,14.5600004196167,12.309572219848633,1728300
2016-07-25,DBC,14.460000038146973,14.470000267028809,14.380000114440918,14.399999618530273,12.174301147460938,1248400
2016-07-26,DBC,14.369999885559082,14.40999984741211,14.319999694824219,14.34000015258789,12.123574256896973,1451600
2016-07-27,DBC,14.359999656677246,14.420000076293945,14.149999618530273,14.199999809265137,12.005213737487793,2628900
2016-07-28,DBC,14.220000267028809,14.25,14.130000114440918,14.15999984741211,11.971396446228027,1235000
2016-07-29,DBC,14.140000343322754,14.3100004196167,14.100000381469727,14.279999732971191,12.072848320007324,3017000
2016-08-01,DBC,14.15999984741211,14.1899995803833,14.0,14.029999732971191,11.861489295959473,4540600
2016-08-02,DBC,14.180000305175781,14.229999542236328,13.960000038146973,14.010000228881836,11.844581604003906,3700300
2016-08-03,DBC,14.039999961853027,14.239999771118164,13.979999542236328,14.239999771118164,12.039030075073242,2559600
2016-08-04,DBC,14.140000343322754,14.359999656677246,14.09000015258789,14.300000190734863,12.089757919311523,1414600
2016-08-05,DBC,14.300000190734863,14.359999656677246,14.229999542236328,14.359999656677246,12.140484809875488,2201400
2016-08-08,DBC,14.449999809265137,14.520000457763672,14.430000305175781,14.4399995803833,12.208120346069336,2999900
2016-08-09,DBC,14.489999771118164,14.550000190734863,14.390000343322754,14.399999618530273,12.174301147460938,1660300
2016-08-10,DBC,14.479999542236328,14.550000190734863,14.229999542236328,14.229999542236328,12.0305757522583,2213200
2016-08-11,DBC,14.319999694824219,14.539999961853027,14.289999961853027,14.449999809265137,12.216572761535645,1959300
2016-08-12,DBC,14.489999771118164,14.59000015258789,14.460000038146973,14.5600004196167,12.309572219848633,1653700
2016-08-15,DBC,14.649999618530273,14.8100004196167,14.640000343322754,14.800000190734863,12.512476921081543,1281800
2016-08-16,DBC,14.819999694824219,14.9399995803833,14.770000457763672,14.920000076293945,12.61392879486084,3543400
2016-08-17,DBC,14.90999984741211,15.0,14.819999694824219,14.979999542236328,12.664654731750488,2806700
2016-08-18,DBC,15.050000190734863,15.199999809265137,15.039999961853027,15.170000076293945,12.825288772583008,1961600
2016-08-19,DBC,15.109999656677246,15.149999618530273,15.039999961853027,15.119999885559082,12.7830171585083,1215400
2016-08-22,DBC,14.989999771118164,15.039999961853027,14.9399995803833,14.979999542236328,12.664654731750488,931700
2016-08-23,DBC,14.890000343322754,15.09000015258789,14.869999885559082,15.039999961853027,12.71538257598877,934000
2016-08-24,DBC,14.970000267028809,15.010000228881836,14.819999694824219,14.859999656677246,12.563201904296875,1471700
2016-08-25,DBC,14.880000114440918,14.930000305175781,14.84000015258789,14.920000076293945,12.61392879486084,694600
2016-08-26,DBC,14.90999984741211,15.09000015258789,14.819999694824219,14.869999885559082,12.571656227111816,808500
2016-08-29,DBC,14.819999694824219,14.84000015258789,14.779999732971191,14.8100004196167,12.520931243896484,841700
2016-08-30,DBC,14.789999961853027,14.819999694824219,14.640000343322754,14.670000076293945,12.402568817138672,1382300
2016-08-31,DBC,14.550000190734863,14.600000381469727,14.350000381469727,14.390000343322754,12.16584587097168,13259500
2016-09-01,DBC,14.300000190734863,14.329999923706055,14.180000305175781,14.229999542236328,12.0305757522583,2227000
2016-09-02,DBC,14.380000114440918,14.4399995803833,14.350000381469727,14.390000343322754,12.16584587097168,3184400
2016-09-06,DBC,14.369999885559082,14.510000228881836,14.329999923706055,14.489999771118164,12.250391006469727,1680200
2016-09-07,DBC,14.59000015258789,14.630000114440918,14.5,14.619999885559082,12.360296249389648,1148500
2016-09-08,DBC,14.710000038146973,14.930000305175781,14.640000343322754,14.880000114440918,12.580111503601074,2248200
2016-09-09,DBC,14.760000228881836,14.779999732971191,14.630000114440918,14.649999618530273,12.385661125183105,2072800
2016-09-12,DBC,14.520000457763672,14.720000267028809,14.489999771118164,14.649999618530273,12.385661125183105,2022200
2016-09-13,DBC,14.569999694824219,14.630000114440918,14.4399995803833,14.460000038146973,12.225028038024902,1215500
2016-09-14,DBC,14.390000343322754,14.510000228881836,14.34000015258789,14.350000381469727,12.132030487060547,1505100
2016-09-15,DBC,14.390000343322754,14.489999771118164,14.329999923706055,14.420000076293945,12.191208839416504,1056200
2016-09-16,DBC,14.329999923706055,14.460000038146973,14.329999923706055,14.4399995803833,12.208120346069336,977800
2016-09-19,DBC,14.479999542236328,14.579999923706055,14.430000305175781,14.430000305175781,12.199665069580078,2235400
2016-09-20,DBC,14.369999885559082,14.550000190734863,14.359999656677246,14.479999542236328,12.241934776306152,1666700
2016-09-21,DBC,14.600000381469727,14.670000076293945,14.550000190734863,14.65999984741211,12.394115447998047,1457700
2016-09-22,DBC,14.800000190734863,14.829999923706055,14.710000038146973,14.739999771118164,12.461750984191895,950600
2016-09-23,DBC,14.739999771118164,14.789999961853027,14.520000457763672,14.569999694824219,12.318024635314941,1551600
2016-09-26,DBC,14.649999618530273,14.789999961853027,14.630000114440918,14.670000076293945,12.402568817138672,1043900
2016-09-27,DBC,14.520000457763672,14.600000381469727,14.470000267028809,14.529999732971191,12.284207344055176,1134000
2016-09-28,DBC,14.600000381469727,14.9399995803833,14.520000457763672,14.869999885559082,12.571656227111816,2413800
2016-09-29,DBC,14.899999618530273,15.039999961853027,14.869999885559082,14.960000038146973,12.647747039794922,1276900
2016-09-30,DBC,15.010000228881836,15.039999961853027,14.949999809265137,15.010000228881836,12.690018653869629,1924000
2016-10-03,DBC,15.029999732971191,15.170000076293945,14.9399995803833,15.140000343322754,12.799925804138184,4734500
2016-10-04,DBC,15.170000076293945,15.180000305175781,15.079999923706055,15.100000381469727,12.766107559204102,1430600
2016-10-05,DBC,15.220000267028809,15.239999771118164,15.119999885559082,15.1899995803833,12.842196464538574,4075500
2016-10-06,DBC,15.199999809265137,15.229999542236328,15.140000343322754,15.220000267028809,12.867560386657715,1460000
2016-10-07,DBC,15.260000228881836,15.289999961853027,15.119999885559082,15.180000305175781,12.833744049072266,1358400
2016-10-10,DBC,15.180000305175781,15.40999984741211,15.180000305175781,15.350000381469727,12.97746753692627,1547900
2016-10-11,DBC,15.319999694824219,15.34000015258789,15.199999809265137,15.260000228881836,12.90137767791748,2989800
2016-10-12,DBC,15.180000305175781,15.220000267028809,15.140000343322754,15.149999618530273,12.808379173278809,3655800
2016-10-13,DBC,15.130000114440918,15.279999732971191,15.069999694824219,15.25,12.892922401428223,1197700
2016-10-14,DBC,15.25,15.279999732971191,15.210000038146973,15.260000228881836,12.90137767791748,1170100
2016-10-17,DBC,15.25,15.279999732971191,15.15999984741211,15.279999732971191,12.918286323547363,2010500
2016-10-18,DBC,15.350000381469727,15.359999656677246,15.25,15.3100004196167,12.943649291992188,786500
2016-10-19,DBC,15.329999923706055,15.449999809265137,15.329999923706055,15.40999984741211,13.028192520141602,2279500
2016-10-20,DBC,15.260000228881836,15.3100004196167,15.1899995803833,15.270000457763672,12.909832954406738,1212700
2016-10-21,DBC,15.25,15.329999923706055,15.210000038146973,15.329999923706055,12.960558891296387,1034100
2016-10-24,DBC,15.329999923706055,15.350000381469727,15.1899995803833,15.34000015258789,12.969012260437012,1957200
2016-10-25,DBC,15.329999923706055,15.369999885559082,15.260000228881836,15.270000457763672,12.909832954406738,1372400
2016-10-26,DBC,15.15999984741211,15.270000457763672,15.130000114440918,15.170000076293945,12.825288772583008,1892200
2016-10-27,DBC,15.25,15.300000190734863,15.180000305175781,15.260000228881836,12.90137767791748,1052400
2016-10-28,DBC,15.199999809265137,15.279999732971191,15.130000114440918,15.15999984741211,12.81683349609375,1447700
2016-10-31,DBC,15.100000381469727,15.119999885559082,14.9399995803833,14.960000038146973,12.647747039794922,3300300
2016-11-01,DBC,15.170000076293945,15.180000305175781,14.960000038146973,15.029999732971191,12.706927299499512,4391000
2016-11-02,DBC,14.90999984741211,14.9399995803833,14.300000190734863,14.850000381469727,12.55474853515625,3264600
2016-11-03,DBC,14.850000381469727,14.899999618530273,14.760000228881836,14.800000190734863,12.512476921081543,1884900
2016-11-04,DBC,14.670000076293945,14.770000457763672,14.619999885559082,14.699999809265137,12.427931785583496,1725100
2016-11-07,DBC,14.75,14.770000457763672,14.640000343322754,14.760000228881836,12.478658676147461,8293200
2016-11-08,DBC,14.649999618530273,14.819999694824219,14.649999618530273,14.739999771118164,12.461750984191895,1254200
2016-11-09,DBC,14.789999961853027,14.880000114440918,14.680000305175781,14.8100004196167,12.520931243896484,3111200
2016-11-10,DBC,14.739999771118164,14.779999732971191,14.680000305175781,14.6899995803833,12.419479370117188,1535100
2016-11-11,DBC,14.579999923706055,14.630000114440918,14.399999618530273,14.40999984741211,12.182756423950195,1701800
2016-11-14,DBC,14.399999618530273,14.420000076293945,14.270000457763672,14.380000114440918,12.157392501831055,3068400
2016-11-15,DBC,14.489999771118164,14.720000267028809,14.489999771118164,14.699999809265137,12.427931785583496,4373300
2016-11-16,DBC,14.630000114440918,14.670000076293945,14.510000228881836,14.520000457763672,12.27575397491455,2185900
2016-11-17,DBC,14.65999984741211,14.699999809265137,14.529999732971191,14.550000190734863,12.301116943359375,1104100
2016-11-18,DBC,14.630000114440918,14.670000076293945,14.520000457763672,14.670000076293945,12.402568817138672,1603800
2016-11-21,DBC,14.890000343322754,15.079999923706055,14.890000343322754,15.079999923706055,12.749198913574219,10376300
2016-11-22,DBC,15.100000381469727,15.15999984741211,14.970000267028809,15.0600004196167,12.732290267944336,2566400
2016-11-23,DBC,15.0,15.149999618530273,14.979999542236328,15.119999885559082,12.7830171585083,1863600
2016-11-25,DBC,15.069999694824219,15.079999923706055,14.9399995803833,15.010000228881836,12.690018653869629,2590900
2016-11-28,DBC,15.09000015258789,15.210000038146973,15.0600004196167,15.0600004196167,12.732290267944336,2835400
2016-11-29,DBC,14.84000015258789,14.859999656677246,14.710000038146973,14.760000228881836,12.478658676147461,6781500
2016-11-30,DBC,15.029999732971191,15.350000381469727,15.029999732971191,15.210000038146973,12.859106063842773,5383700
2016-12-01,DBC,15.460000038146973,15.600000381469727,15.420000076293945,15.489999771118164,13.095829010009766,3661700
2016-12-02,DBC,15.520000457763672,15.630000114440918,15.520000457763672,15.600000381469727,13.188827514648438,2360500
2016-12-05,DBC,15.729999542236328,15.779999732971191,15.670000076293945,15.680000305175781,13.256461143493652,3254700
2016-12-06,DBC,15.630000114440918,15.699999809265137,15.59000015258789,15.609999656677246,13.197280883789062,1398100
2016-12-07,DBC,15.600000381469727,15.640000343322754,15.489999771118164,15.489999771118164,13.095829010009766,1842300
2016-12-08,DBC,15.5,15.550000190734863,15.399999618530273,15.520000457763672,13.12119197845459,1693000
2016-12-09,DBC,15.600000381469727,15.609999656677246,15.529999732971191,15.600000381469727,13.188827514648438,2500600
2016-12-12,DBC,15.819999694824219,15.880000114440918,15.680000305175781,15.699999809265137,13.273370742797852,2873400
2016-12-13,DBC,15.800000190734863,15.8100004196167,15.65999984741211,15.739999771118164,13.3071870803833,1381300
2016-12-14,DBC,15.699999809265137,15.8100004196167,15.569999694824219,15.59000015258789,13.180371284484863,3129200
2016-12-15,DBC,15.460000038146973,15.619999885559082,15.430000305175781,15.569999694824219,13.163464546203613,1580500
2016-12-16,DBC,15.609999656677246,15.65999984741211,15.550000190734863,15.640000343322754,13.222644805908203,1148900
2016-12-19,DBC,15.619999885559082,15.729999542236328,15.520000457763672,15.550000190734863,13.146554946899414,1565600
2016-12-20,DBC,15.619999885559082,15.630000114440918,15.539999961853027,15.619999885559082,13.205735206604004,2103500
2016-12-21,DBC,15.630000114440918,15.640000343322754,15.5,15.529999732971191,13.129645347595215,4886500
2016-12-22,DBC,15.520000457763672,15.609999656677246,15.510000228881836,15.510000228881836,13.112736701965332,3033800
2016-12-23,DBC,15.5,15.579999923706055,15.5,15.539999961853027,13.138100624084473,1265400
2016-12-27,DBC,15.65999984741211,15.819999694824219,15.65999984741211,15.779999732971191,13.341005325317383,1303600
2016-12-28,DBC,15.779999732971191,15.850000381469727,15.770000457763672,15.789999961853027,13.34946060180664,1603200
2016-12-29,DBC,15.8100004196167,15.890000343322754,15.779999732971191,15.8100004196167,13.366368293762207,1198000
2016-12-30,DBC,15.819999694824219,15.850000381469727,15.789999961853027,15.84000015258789,13.391731262207031,1623400
2017-01-03,DBC,15.970000267028809,15.979999542236328,15.59000015258789,15.649999618530273,13.231098175048828,5935100
2017-01-04,DBC,15.65999984741211,15.800000190734863,15.609999656677246,15.770000457763672,13.332551002502441,3281500
2017-01-05,DBC,15.84000015258789,15.920000076293945,15.699999809265137,15.850000381469727,13.400186538696289,28475900
2017-01-06,DBC,15.850000381469727,15.890000343322754,15.75,15.829999923706055,13.383275985717773,2781800
2017-01-09,DBC,15.710000038146973,15.710000038146973,15.5600004196167,15.59000015258789,13.180371284484863,3365900
2017-01-10,DBC,15.65999984741211,15.699999809265137,15.510000228881836,15.520000457763672,13.12119197845459,1915100
2017-01-11,DBC,15.630000114440918,15.770000457763672,15.489999771118164,15.6899995803833,13.264914512634277,2711900
2017-01-12,DBC,15.829999923706055,15.989999771118164,15.829999923706055,15.920000076293945,13.459366798400879,1752700
2017-01-13,DBC,15.850000381469727,15.90999984741211,15.819999694824219,15.890000343322754,13.434003829956055,1241000
2017-01-17,DBC,16.059999465942383,16.079999923706055,15.880000114440918,15.880000114440918,13.425549507141113,2168100
2017-01-18,DBC,15.800000190734863,15.880000114440918,15.670000076293945,15.739999771118164,13.3071870803833,1570600
2017-01-19,DBC,15.770000457763672,15.800000190734863,15.6899995803833,15.6899995803833,13.264914512634277,2495900
2017-01-20,DBC,15.890000343322754,15.9399995803833,15.710000038146973,15.869999885559082,13.417095184326172,1780900
2017-01-23,DBC,15.770000457763672,15.90999984741211,15.760000228881836,15.869999885559082,13.417095184326172,1390700
2017-01-24,DBC,15.949999809265137,15.979999542236328,15.890000343322754,15.90999984741211,13.450911521911621,2219200
2017-01-25,DBC,15.800000190734863,15.880000114440918,15.770000457763672,15.8100004196167,13.366368293762207,1724200
2017-01-26,DBC,15.890000343322754,15.960000038146973,15.869999885559082,15.880000114440918,13.425549507141113,2201400
2017-01-27,DBC,15.899999618530273,15.899999618530273,15.6899995803833,15.75,13.315642356872559,1835600
2017-01-30,DBC,15.680000305175781,15.6899995803833,15.619999885559082,15.65999984741211,13.239551544189453,4275000
2017-01-31,DBC,15.779999732971191,15.84000015258789,15.699999809265137,15.75,13.315642356872559,14620200
2017-02-01,DBC,15.800000190734863,15.949999809265137,15.760000228881836,15.920000076293945,13.459366798400879,4732000
2017-02-02,DBC,15.970000267028809,15.979999542236328,15.869999885559082,15.920000076293945,13.459366798400879,3617100
2017-02-03,DBC,15.850000381469727,15.949999809265137,15.819999694824219,15.90999984741211,13.450911521911621,2433500
2017-02-06,DBC,15.90999984741211,15.9399995803833,15.779999732971191,15.8100004196167,13.366368293762207,2332800
2017-02-07,DBC,15.6899995803833,15.75,15.670000076293945,15.739999771118164,13.3071870803833,2026500
2017-02-08,DBC,15.75,15.84000015258789,15.6899995803833,15.800000190734863,13.357913970947266,2314600
2017-02-09,DBC,15.90999984741211,15.90999984741211,15.819999694824219,15.880000114440918,13.425549507141113,1669500
2017-02-10,DBC,16.010000228881836,16.06999969482422,15.979999542236328,16.049999237060547,13.5692720413208,2768200
2017-02-13,DBC,15.899999618530273,15.90999984741211,15.84000015258789,15.869999885559082,13.417095184326172,1122500
2017-02-14,DBC,15.970000267028809,15.989999771118164,15.84000015258789,15.890000343322754,13.434003829956055,1679700
2017-02-15,DBC,15.869999885559082,15.960000038146973,15.84000015258789,15.90999984741211,13.450911521911621,1350400
2017-02-16,DBC,15.90999984741211,15.9399995803833,15.789999961853027,15.8100004196167,13.366368293762207,1300300
2017-02-17,DBC,15.710000038146973,15.789999961853027,15.6899995803833,15.779999732971191,13.341005325317383,2265500
2017-02-21,DBC,15.850000381469727,15.880000114440918,15.729999542236328,15.760000228881836,13.3240966796875,1838700
2017-02-22,DBC,15.6899995803833,15.699999809265137,15.649999618530273,15.680000305175781,13.256461143493652,2480700
2017-02-23,DBC,15.829999923706055,15.84000015258789,15.6899995803833,15.729999542236328,13.29873275756836,2209700
2017-02-24,DBC,15.739999771118164,15.739999771118164,15.65999984741211,15.699999809265137,13.273370742797852,1371600
2017-02-27,DBC,15.720000267028809,15.739999771118164,15.649999618530273,15.65999984741211,13.239551544189453,1914300
2017-02-28,DBC,15.630000114440918,15.729999542236328,15.600000381469727,15.720000267028809,13.29028034210205,2321000
2017-03-01,DBC,15.8100004196167,15.850000381469727,15.75,15.789999961853027,13.34946060180664,2324000
2017-03-02,DBC,15.619999885559082,15.649999618530273,15.529999732971191,15.539999961853027,13.138100624084473,1381200
2017-03-03,DBC,15.5600004196167,15.630000114440918,15.529999732971191,15.619999885559082,13.205735206604004,1805600
2017-03-06,DBC,15.6899995803833,15.699999809265137,15.600000381469727,15.600000381469727,13.188827514648438,1297800
2017-03-07,DBC,15.640000343322754,15.640000343322754,15.520000457763672,15.529999732971191,13.129645347595215,1468000
2017-03-08,DBC,15.479999542236328,15.550000190734863,15.149999618530273,15.180000305175781,12.833744049072266,4012200
2017-03-09,DBC,15.130000114440918,15.149999618530273,14.930000305175781,15.050000190734863,12.723835945129395,4657800
2017-03-10,DBC,15.050000190734863,15.079999923706055,14.869999885559082,14.90999984741211,12.605473518371582,4163400
2017-03-13,DBC,14.920000076293945,14.970000267028809,14.859999656677246,14.890000343322754,12.588566780090332,2701200
2017-03-14,DBC,14.779999732971191,14.850000381469727,14.699999809265137,14.829999923706055,12.537839889526367,2946400
2017-03-15,DBC,14.920000076293945,14.989999771118164,14.869999885559082,14.960000038146973,12.647747039794922,3442700
2017-03-16,DBC,15.020000457763672,15.020000457763672,14.930000305175781,14.9399995803833,12.630837440490723,2088200
2017-03-17,DBC,15.0,15.020000457763672,14.9399995803833,14.989999771118164,12.673110008239746,1161700
2017-03-20,DBC,14.960000038146973,15.039999961853027,14.9399995803833,14.979999542236328,12.664654731750488,2166400
2017-03-21,DBC,15.020000457763672,15.0600004196167,14.890000343322754,14.899999618530273,12.597021102905273,1882000
2017-03-22,DBC,14.859999656677246,14.9399995803833,14.770000457763672,14.890000343322754,12.588566780090332,1921500
2017-03-23,DBC,14.869999885559082,14.890000343322754,14.819999694824219,14.859999656677246,12.563201904296875,1511400
2017-03-24,DBC,14.899999618530273,14.920000076293945,14.859999656677246,14.90999984741211,12.605473518371582,1372400
2017-03-27,DBC,14.8100004196167,14.899999618530273,14.770000457763672,14.890000343322754,12.588566780090332,2124000
2017-03-28,DBC,14.960000038146973,15.0600004196167,14.949999809265137,14.979999542236328,12.664654731750488,1713300
2017-03-29,DBC,15.039999961853027,15.140000343322754,15.020000457763672,15.119999885559082,12.7830171585083,2553000
2017-03-30,DBC,15.15999984741211,15.220000267028809,15.119999885559082,15.180000305175781,12.833744049072266,1325100
2017-03-31,DBC,15.149999618530273,15.25,15.140000343322754,15.210000038146973,12.859106063842773,3000100
2017-04-03,DBC,15.25,15.270000457763672,15.140000343322754,15.149999618530273,12.808379173278809,4604200
2017-04-04,DBC,15.229999542236328,15.319999694824219,15.149999618530273,15.300000190734863,12.93519401550293,4604200
2017-04-05,DBC,15.470000267028809,15.470000267028809,15.3100004196167,15.329999923706055,12.960558891296387,4604600
2017-04-06,DBC,15.399999618530273,15.4399995803833,15.369999885559082,15.369999885559082,12.994375228881836,2856200
2017-04-07,DBC,15.420000076293945,15.470000267028809,15.390000343322754,15.40999984741211,13.028192520141602,6227100
2017-04-10,DBC,15.479999542236328,15.529999732971191,15.449999809265137,15.529999732971191,13.129645347595215,945800
2017-04-11,DBC,15.520000457763672,15.59000015258789,15.4399995803833,15.5600004196167,13.155009269714355,1391600
2017-04-12,DBC,15.5600004196167,15.640000343322754,15.520000457763672,15.5600004196167,13.155009269714355,1429300
2017-04-13,DBC,15.630000114440918,15.649999618530273,15.5600004196167,15.609999656677246,13.197280883789062,2123000
2017-04-17,DBC,15.609999656677246,15.630000114440918,15.520000457763672,15.520000457763672,13.12119197845459,1866000
2017-04-18,DBC,15.4399995803833,15.489999771118164,15.350000381469727,15.460000038146973,13.070466041564941,1462800
2017-04-19,DBC,15.470000267028809,15.479999542236328,15.130000114440918,15.1899995803833,12.842196464538574,2094500
2017-04-20,DBC,15.220000267028809,15.239999771118164,15.109999656677246,15.130000114440918,12.791471481323242,1847400
2017-04-21,DBC,15.149999618530273,15.149999618530273,14.949999809265137,14.979999542236328,12.664654731750488,1585100
2017-04-24,DBC,14.970000267028809,14.970000267028809,14.890000343322754,14.930000305175781,12.622384071350098,1767600
2017-04-25,DBC,14.890000343322754,15.010000228881836,14.859999656677246,15.0,12.681563377380371,1586400
2017-04-26,DBC,14.9399995803833,15.050000190734863,14.899999618530273,14.920000076293945,12.61392879486084,5213800
2017-04-27,DBC,14.800000190734863,14.84000015258789,14.710000038146973,14.84000015258789,12.546294212341309,919000
2017-04-28,DBC,14.869999885559082,14.90999984741211,14.779999732971191,14.800000190734863,12.512476921081543,2065900
2017-05-01,DBC,14.8100004196167,14.890000343322754,14.800000190734863,14.829999923706055,12.537839889526367,3598700
2017-05-02,DBC,14.819999694824219,14.84000015258789,14.630000114440918,14.670000076293945,12.402568817138672,3162000
2017-05-03,DBC,14.699999809265137,14.699999809265137,14.569999694824219,14.609999656677246,12.351842880249023,2146400
2017-05-04,DBC,14.460000038146973,14.470000267028809,14.239999771118164,14.260000228881836,12.055941581726074,3352800
2017-05-05,DBC,14.319999694824219,14.489999771118164,14.3100004196167,14.460000038146973,12.225028038024902,2436200
2017-05-08,DBC,14.390000343322754,14.460000038146973,14.319999694824219,14.399999618530273,12.174301147460938,1583100
2017-05-09,DBC,14.430000305175781,14.4399995803833,14.3100004196167,14.329999923706055,12.115120887756348,1473000
2017-05-10,DBC,14.430000305175781,14.600000381469727,14.420000076293945,14.5600004196167,12.309572219848633,2232100
2017-05-11,DBC,14.630000114440918,14.670000076293945,14.59000015258789,14.619999885559082,12.360296249389648,1312200
2017-05-12,DBC,14.65999984741211,14.65999984741211,14.579999923706055,14.619999885559082,12.360296249389648,788700
2017-05-15,DBC,14.829999923706055,14.829999923706055,14.6899995803833,14.699999809265137,12.427931785583496,893700
2017-05-16,DBC,14.770000457763672,14.789999961853027,14.720000267028809,14.720000267028809,12.444841384887695,755700
2017-05-17,DBC,14.8100004196167,14.880000114440918,14.75,14.819999694824219,12.529385566711426,3215000
2017-05-18,DBC,14.720000267028809,14.850000381469727,14.680000305175781,14.779999732971191,12.495567321777344,841700
2017-05-19,DBC,14.960000038146973,15.069999694824219,14.949999809265137,15.069999694824219,12.740744590759277,736600
2017-05-22,DBC,15.149999618530273,15.210000038146973,15.140000343322754,15.170000076293945,12.825288772583008,1975400
2017-05-23,DBC,15.170000076293945,15.180000305175781,15.09000015258789,15.119999885559082,12.7830171585083,1361200
2017-05-24,DBC,15.079999923706055,15.140000343322754,15.029999732971191,15.09000015258789,12.757654190063477,1150900
2017-05-25,DBC,15.050000190734863,15.100000381469727,14.739999771118164,14.760000228881836,12.478658676147461,1306400
2017-05-26,DBC,14.800000190734863,14.890000343322754,14.779999732971191,14.869999885559082,12.571656227111816,1106200
2017-05-30,DBC,14.739999771118164,14.800000190734863,14.699999809265137,14.75,12.470205307006836,2593000
2017-05-31,DBC,14.609999656677246,14.640000343322754,14.520000457763672,14.59000015258789,12.334935188293457,2029200
2017-06-01,DBC,14.59000015258789,14.609999656677246,14.479999542236328,14.489999771118164,12.250391006469727,2487200
2017-06-02,DBC,14.420000076293945,14.470000267028809,14.359999656677246,14.420000076293945,12.191208839416504,1460600
2017-06-05,DBC,14.34000015258789,14.369999885559082,14.289999961853027,14.34000015258789,12.123574256896973,1512700
2017-06-06,DBC,14.319999694824219,14.449999809265137,14.300000190734863,14.4399995803833,12.208120346069336,1064100
2017-06-07,DBC,14.399999618530273,14.4399995803833,14.210000038146973,14.239999771118164,12.039030075073242,1661800
2017-06-08,DBC,14.229999542236328,14.3100004196167,14.220000267028809,14.239999771118164,12.039030075073242,1348100
2017-06-09,DBC,14.270000457763672,14.359999656677246,14.260000228881836,14.319999694824219,12.106666564941406,1206000
2017-06-12,DBC,14.329999923706055,14.369999885559082,14.1899995803833,14.1899995803833,11.996759414672852,2584100
2017-06-13,DBC,14.199999809265137,14.270000457763672,14.149999618530273,14.25,12.047486305236816,890000
2017-06-14,DBC,14.229999542236328,14.279999732971191,14.0,14.0,11.836127281188965,1195800
2017-06-15,DBC,13.979999542236328,14.0600004196167,13.960000038146973,14.0600004196167,11.886853218078613,1042900
2017-06-16,DBC,14.130000114440918,14.140000343322754,14.079999923706055,14.119999885559082,11.937579154968262,1476500
2017-06-19,DBC,14.109999656677246,14.149999618530273,14.0,14.029999732971191,11.861489295959473,957700
2017-06-20,DBC,13.899999618530273,13.920000076293945,13.819999694824219,13.890000343322754,11.743128776550293,1559400
2017-06-21,DBC,13.930000305175781,13.979999542236328,13.6899995803833,13.739999771118164,11.616312026977539,2879400
2017-06-22,DBC,13.789999961853027,13.859999656677246,13.75,13.760000228881836,11.633221626281738,1305700
2017-06-23,DBC,13.770000457763672,13.84000015258789,13.75,13.819999694824219,11.683947563171387,1874600
2017-06-26,DBC,13.8100004196167,13.869999885559082,13.720000267028809,13.850000381469727,11.709311485290527,1566600
2017-06-27,DBC,13.880000114440918,14.0600004196167,13.880000114440918,14.010000228881836,11.844581604003906,1174900
2017-06-28,DBC,14.029999732971191,14.109999656677246,13.979999542236328,14.100000381469727,11.920670509338379,2204700
2017-06-29,DBC,14.180000305175781,14.270000457763672,14.149999618530273,14.15999984741211,11.971396446228027,893600
2017-06-30,DBC,14.239999771118164,14.470000267028809,14.239999771118164,14.449999809265137,12.216572761535645,2047400
2017-07-03,DBC,14.510000228881836,14.640000343322754,14.5,14.600000381469727,12.343389511108398,3013000
2017-07-05,DBC,14.600000381469727,14.600000381469727,14.319999694824219,14.380000114440918,12.157392501831055,3157600
2017-07-06,DBC,14.420000076293945,14.529999732971191,14.369999885559082,14.390000343322754,12.16584587097168,3055900
2017-07-07,DBC,14.289999961853027,14.3100004196167,14.149999618530273,14.25,12.047486305236816,1950900
2017-07-10,DBC,14.229999542236328,14.359999656677246,14.229999542236328,14.3100004196167,12.098212242126465,979500
2017-07-11,DBC,14.289999961853027,14.470000267028809,14.289999961853027,14.449999809265137,12.216572761535645,759800
2017-07-12,DBC,14.529999732971191,14.5600004196167,14.369999885559082,14.380000114440918,12.157392501831055,1252300
2017-07-13,DBC,14.380000114440918,14.4399995803833,14.329999923706055,14.369999885559082,12.148938179016113,630000
2017-07-14,DBC,14.449999809265137,14.529999732971191,14.430000305175781,14.529999732971191,12.284207344055176,759000
2017-07-17,DBC,14.520000457763672,14.569999694824219,14.460000038146973,14.479999542236328,12.241934776306152,1141300
2017-07-18,DBC,14.609999656677246,14.640000343322754,14.510000228881836,14.539999961853027,12.292662620544434,858900
2017-07-19,DBC,14.600000381469727,14.699999809265137,14.600000381469727,14.670000076293945,12.402568817138672,825500
2017-07-20,DBC,14.739999771118164,14.770000457763672,14.630000114440918,14.649999618530273,12.385661125183105,1132100
2017-07-21,DBC,14.640000343322754,14.640000343322754,14.420000076293945,14.449999809265137,12.216572761535645,894800
2017-07-24,DBC,14.470000267028809,14.489999771118164,14.4399995803833,14.479999542236328,12.241934776306152,606700
2017-07-25,DBC,14.630000114440918,14.670000076293945,14.569999694824219,14.640000343322754,12.377206802368164,722700
2017-07-26,DBC,14.649999618530273,14.789999961853027,14.630000114440918,14.779999732971191,12.495567321777344,2389200
2017-07-27,DBC,14.850000381469727,14.899999618530273,14.8100004196167,14.869999885559082,12.571656227111816,1062200
2017-07-28,DBC,14.899999618530273,14.970000267028809,14.899999618530273,14.949999809265137,12.639291763305664,834800
2017-07-31,DBC,14.930000305175781,15.050000190734863,14.899999618530273,15.039999961853027,12.71538257598877,1109900
2017-08-01,DBC,14.949999809265137,14.949999809265137,14.75,14.869999885559082,12.571656227111816,1041300
2017-08-02,DBC,14.899999618530273,14.930000305175781,14.800000190734863,14.899999618530273,12.597021102905273,2126600
2017-08-03,DBC,14.920000076293945,14.930000305175781,14.779999732971191,14.789999961853027,12.504022598266602,2187100
2017-08-04,DBC,14.8100004196167,14.850000381469727,14.739999771118164,14.819999694824219,12.529385566711426,1113200
2017-08-07,DBC,14.800000190734863,14.899999618530273,14.760000228881836,14.850000381469727,12.55474853515625,989400
2017-08-08,DBC,14.819999694824219,14.930000305175781,14.819999694824219,14.859999656677246,12.563201904296875,1113800
2017-08-09,DBC,14.920000076293945,14.970000267028809,14.880000114440918,14.960000038146973,12.647747039794922,1013700
2017-08-10,DBC,15.029999732971191,15.029999732971191,14.729999542236328,14.729999542236328,12.45329475402832,2661400
2017-08-11,DBC,14.710000038146973,14.829999923706055,14.6899995803833,14.779999732971191,12.495567321777344,1543200
2017-08-14,DBC,14.760000228881836,14.819999694824219,14.630000114440918,14.649999618530273,12.385661125183105,1346600
2017-08-15,DBC,14.539999961853027,14.59000015258789,14.5,14.579999923706055,12.326480865478516,839800
2017-08-16,DBC,14.640000343322754,14.6899995803833,14.539999961853027,14.539999961853027,12.292662620544434,2787700
2017-08-17,DBC,14.489999771118164,14.600000381469727,14.479999542236328,14.579999923706055,12.326480865478516,1782100
2017-08-18,DBC,14.630000114440918,14.850000381469727,14.579999923706055,14.84000015258789,12.546294212341309,1266300
2017-08-21,DBC,14.739999771118164,14.760000228881836,14.630000114440918,14.65999984741211,12.394115447998047,953900
2017-08-22,DBC,14.6899995803833,14.75,14.670000076293945,14.699999809265137,12.427931785583496,1118900
2017-08-23,DBC,14.720000267028809,14.829999923706055,14.6899995803833,14.829999923706055,12.537839889526367,1042000
2017-08-24,DBC,14.8100004196167,14.859999656677246,14.75,14.819999694824219,12.529385566711426,766200
2017-08-25,DBC,14.829999923706055,14.850000381469727,14.729999542236328,14.789999961853027,12.504022598266602,565000
2017-08-28,DBC,14.84000015258789,14.859999656677246,14.729999542236328,14.800000190734863,12.512476921081543,925900
2017-08-29,DBC,14.760000228881836,14.829999923706055,14.760000228881836,14.800000190734863,12.512476921081543,712000
2017-08-30,DBC,14.779999732971191,14.819999694824219,14.65999984741211,14.6899995803833,12.419479370117188,831900
2017-08-31,DBC,14.789999961853027,15.100000381469727,14.789999961853027,15.100000381469727,12.766107559204102,2587700
2017-09-01,DBC,15.0600004196167,15.130000114440918,15.010000228881836,15.119999885559082,12.7830171585083,2722900
2017-09-05,DBC,15.149999618530273,15.220000267028809,15.130000114440918,15.149999618530273,12.808379173278809,1211700
2017-09-06,DBC,15.210000038146973,15.300000190734863,15.199999809265137,15.300000190734863,12.93519401550293,2212200
2017-09-07,DBC,15.270000457763672,15.3100004196167,15.220000267028809,15.289999961853027,12.926740646362305,1205400
2017-09-08,DBC,15.239999771118164,15.270000457763672,15.079999923706055,15.119999885559082,12.7830171585083,1041000
2017-09-11,DBC,15.119999885559082,15.170000076293945,15.039999961853027,15.149999618530273,12.808379173278809,1104300
2017-09-12,DBC,15.25,15.270000457763672,15.100000381469727,15.1899995803833,12.842196464538574,1451600
2017-09-13,DBC,15.220000267028809,15.260000228881836,15.15999984741211,15.260000228881836,12.90137767791748,909200
2017-09-14,DBC,15.380000114440918,15.470000267028809,15.260000228881836,15.270000457763672,12.909832954406738,944000
2017-09-15,DBC,15.3100004196167,15.380000114440918,15.289999961853027,15.34000015258789,12.969012260437012,1176500
2017-09-18,DBC,15.319999694824219,15.34000015258789,15.25,15.319999694824219,12.952104568481445,1693700
2017-09-19,DBC,15.34000015258789,15.34000015258789,15.220000267028809,15.289999961853027,12.926740646362305,537400
2017-09-20,DBC,15.34000015258789,15.449999809265137,15.34000015258789,15.420000076293945,13.036648750305176,1577600
2017-09-21,DBC,15.34000015258789,15.390000343322754,15.3100004196167,15.359999656677246,12.985920906066895,1146000
2017-09-22,DBC,15.399999618530273,15.4399995803833,15.350000381469727,15.420000076293945,13.036648750305176,667000
2017-09-25,DBC,15.449999809265137,15.680000305175781,15.449999809265137,15.680000305175781,13.256461143493652,1120300
2017-09-26,DBC,15.550000190734863,15.579999923706055,15.479999542236328,15.539999961853027,13.138100624084473,1114000
2017-09-27,DBC,15.5,15.539999961853027,15.449999809265137,15.479999542236328,13.087373733520508,2008000
2017-09-28,DBC,15.529999732971191,15.5600004196167,15.399999618530273,15.479999542236328,13.087373733520508,909000
2017-09-29,DBC,15.4399995803833,15.460000038146973,15.369999885559082,15.399999618530273,13.019740104675293,3072300
2017-10-02,DBC,15.25,15.289999961853027,15.180000305175781,15.270000457763672,12.909832954406738,3580000
2017-10-03,DBC,15.270000457763672,15.319999694824219,15.25,15.279999732971191,12.918286323547363,1384500
2017-10-04,DBC,15.289999961853027,15.350000381469727,15.260000228881836,15.300000190734863,12.93519401550293,1411000
2017-10-05,DBC,15.40999984741211,15.529999732971191,15.399999618530273,15.470000267028809,13.078920364379883,1391000
2017-10-06,DBC,15.270000457763672,15.289999961853027,15.180000305175781,15.229999542236328,12.87601375579834,1384400
2017-10-09,DBC,15.229999542236328,15.289999961853027,15.210000038146973,15.239999771118164,12.884469985961914,632700
2017-10-10,DBC,15.390000343322754,15.449999809265137,15.380000114440918,15.420000076293945,13.036648750305176,650600
2017-10-11,DBC,15.449999809265137,15.460000038146973,15.369999885559082,15.449999809265137,13.062010765075684,709300
2017-10-12,DBC,15.369999885559082,15.4399995803833,15.329999923706055,15.430000305175781,13.045104026794434,789900
2017-10-13,DBC,15.569999694824219,15.600000381469727,15.5,15.579999923706055,13.171917915344238,627000
2017-10-16,DBC,15.649999618530273,15.729999542236328,15.609999656677246,15.619999885559082,13.205735206604004,905300
2017-10-17,DBC,15.600000381469727,15.640000343322754,15.479999542236328,15.600000381469727,13.188827514648438,615100
2017-10-18,DBC,15.569999694824219,15.630000114440918,15.520000457763672,15.59000015258789,13.180371284484863,503200
2017-10-19,DBC,15.5,15.5600004196167,15.470000267028809,15.520000457763672,13.12119197845459,1757100
2017-10-20,DBC,15.510000228881836,15.600000381469727,15.489999771118164,15.600000381469727,13.188827514648438,503700
2017-10-23,DBC,15.59000015258789,15.640000343322754,15.569999694824219,15.600000381469727,13.188827514648438,1102300
2017-10-24,DBC,15.619999885559082,15.779999732971191,15.579999923706055,15.760000228881836,13.3240966796875,687100
2017-10-25,DBC,15.760000228881836,15.819999694824219,15.710000038146973,15.779999732971191,13.341005325317383,865300
2017-10-26,DBC,15.739999771118164,15.850000381469727,15.699999809265137,15.850000381469727,13.400186538696289,500200
2017-10-27,DBC,15.760000228881836,15.949999809265137,15.739999771118164,15.930000305175781,13.467822074890137,892900
2017-10-30,DBC,15.979999542236328,16.219999313354492,15.90999984741211,15.970000267028809,13.50163745880127,1241900
2017-10-31,DBC,15.960000038146973,16.030000686645508,15.9399995803833,16.010000228881836,13.535456657409668,2245500
2017-11-01,DBC,16.110000610351562,16.170000076293945,15.960000038146973,16.020000457763672,13.543910026550293,5287100
2017-11-02,DBC,15.989999771118164,16.1299991607666,15.979999542236328,16.1200008392334,13.628454208374023,5054600
2017-11-03,DBC,16.139999389648438,16.239999771118164,16.040000915527344,16.219999313354492,13.712996482849121,4649100
2017-11-06,DBC,16.270000457763672,16.549999237060547,16.239999771118164,16.530000686645508,13.975085258483887,7479300
2017-11-07,DBC,16.450000762939453,16.450000762939453,16.3799991607666,16.43000030517578,13.890541076660156,5736700
2017-11-08,DBC,16.40999984741211,16.540000915527344,16.34000015258789,16.399999618530273,13.865178108215332,1670700
2017-11-09,DBC,16.389999389648438,16.479999542236328,16.389999389648438,16.43000030517578,13.890541076660156,1459500
2017-11-10,DBC,16.420000076293945,16.479999542236328,16.360000610351562,16.399999618530273,13.865178108215332,1740600
2017-11-13,DBC,16.420000076293945,16.450000762939453,16.309999465942383,16.350000381469727,13.822905540466309,1918500
2017-11-14,DBC,16.309999465942383,16.309999465942383,16.079999923706055,16.1299991607666,13.636907577514648,2498800
2017-11-15,DBC,16.1299991607666,16.149999618530273,16.049999237060547,16.110000610351562,13.619999885559082,1621100
2017-11-16,DBC,16.06999969482422,16.139999389648438,16.040000915527344,16.059999465942383,13.577727317810059,1457700
2017-11-17,DBC,16.1299991607666,16.329999923706055,16.1299991607666,16.31999969482422,13.797541618347168,6369300
2017-11-20,DBC,16.149999618530273,16.209999084472656,16.110000610351562,16.190000534057617,13.687634468078613,1627800
2017-11-21,DBC,16.219999313354492,16.299999237060547,16.209999084472656,16.299999237060547,13.780632019042969,1094100
2017-11-22,DBC,16.299999237060547,16.399999618530273,16.299999237060547,16.389999389648438,13.856721878051758,1651300
2017-11-24,DBC,16.43000030517578,16.459999084472656,16.399999618530273,16.440000534057617,13.898994445800781,576200
2017-11-27,DBC,16.440000534057617,16.440000534057617,16.329999923706055,16.40999984741211,13.87363052368164,1248900
2017-11-28,DBC,16.31999969482422,16.360000610351562,16.290000915527344,16.34000015258789,13.814449310302734,3163600
2017-11-29,DBC,16.309999465942383,16.3700008392334,16.15999984741211,16.229999542236328,13.721452713012695,1814100
2017-11-30,DBC,16.239999771118164,16.270000457763672,16.1200008392334,16.15999984741211,13.662271499633789,1926400
2017-12-01,DBC,16.25,16.43000030517578,16.25,16.299999237060547,13.780632019042969,6363500
2017-12-04,DBC,16.209999084472656,16.239999771118164,16.100000381469727,16.100000381469727,13.611546516418457,1210300
2017-12-05,DBC,16.079999923706055,16.139999389648438,16.049999237060547,16.100000381469727,13.611546516418457,858700
2017-12-06,DBC,16.049999237060547,16.049999237060547,15.819999694824219,15.829999923706055,13.383275985717773,1976500
2017-12-07,DBC,15.869999885559082,15.890000343322754,15.800000190734863,15.880000114440918,13.425549507141113,2405000
2017-12-08,DBC,15.979999542236328,15.989999771118164,15.899999618530273,15.960000038146973,13.493184089660645,1667400
2017-12-11,DBC,15.989999771118164,16.040000915527344,15.949999809265137,16.0,13.527002334594727,1083500
2017-12-12,DBC,16.020000457763672,16.06999969482422,15.819999694824219,15.859999656677246,13.40864086151123,918500
2017-12-13,DBC,15.859999656677246,15.869999885559082,15.760000228881836,15.789999961853027,13.34946060180664,2441600
2017-12-14,DBC,15.729999542236328,15.859999656677246,15.729999542236328,15.84000015258789,13.391731262207031,2278800
2017-12-15,DBC,15.899999618530273,15.90999984741211,15.8100004196167,15.84000015258789,13.391731262207031,1953200
2017-12-18,DBC,15.9399995803833,15.979999542236328,15.880000114440918,15.90999984741211,13.450911521911621,1587300
2017-12-19,DBC,15.970000267028809,16.040000915527344,15.970000267028809,16.030000686645508,13.552366256713867,1575000
2017-12-20,DBC,16.040000915527344,16.1200008392334,16.040000915527344,16.1200008392334,13.628454208374023,1741300
2017-12-21,DBC,16.09000015258789,16.15999984741211,16.049999237060547,16.1299991607666,13.636907577514648,3497500
2017-12-22,DBC,16.170000076293945,16.25,16.139999389648438,16.200000762939453,13.696089744567871,3404600
2017-12-26,DBC,16.25,16.5,16.25,16.440000534057617,13.898994445800781,1793800
2017-12-27,DBC,16.479999542236328,16.510000228881836,16.450000762939453,16.479999542236328,13.932811737060547,6071600
2017-12-28,DBC,16.540000915527344,16.56999969482422,16.510000228881836,16.559999465942383,14.000446319580078,1933800
2017-12-29,DBC,16.6200008392334,16.670000076293945,16.579999923706055,16.610000610351562,14.042719841003418,1984300
2018-01-02,DBC,16.68000030517578,16.719999313354492,16.639999389648438,16.690000534057617,14.110353469848633,3995700
2018-01-03,DBC,16.739999771118164,16.809999465942383,16.700000762939453,16.790000915527344,14.194897651672363,6139800
2018-01-04,DBC,16.780000686645508,16.799999237060547,16.739999771118164,16.770000457763672,14.17798900604248,2532700
2018-01-05,DBC,16.700000762939453,16.729999542236328,16.649999618530273,16.709999084472656,14.1272611618042,1746400
2018-01-08,DBC,16.700000762939453,16.719999313354492,16.649999618530273,16.700000762939453,14.118809700012207,2208000
2018-01-09,DBC,16.700000762939453,16.860000610351562,16.670000076293945,16.809999465942383,14.21180534362793,5148000
2018-01-10,DBC,16.8700008392334,16.889999389648438,16.81999969482422,16.8700008392334,14.262532234191895,2467700
2018-01-11,DBC,16.889999389648438,16.940000534057617,16.860000610351562,16.860000610351562,14.254077911376953,3052900
2018-01-12,DBC,16.889999389648438,16.969999313354492,16.84000015258789,16.969999313354492,14.347075462341309,7625800
2018-01-16,DBC,16.899999618530273,16.93000030517578,16.84000015258789,16.889999389648438,14.279440879821777,2398900
2018-01-17,DBC,16.8799991607666,16.93000030517578,16.850000381469727,16.90999984741211,14.296350479125977,2351900
2018-01-18,DBC,16.90999984741211,16.920000076293945,16.829999923706055,16.90999984741211,14.296350479125977,1805400
2018-01-19,DBC,16.8799991607666,16.93000030517578,16.81999969482422,16.8799991607666,14.270986557006836,1306200
2018-01-22,DBC,16.889999389648438,16.950000762939453,16.84000015258789,16.920000076293945,14.304804801940918,3227700
2018-01-23,DBC,16.969999313354492,17.049999237060547,16.93000030517578,17.040000915527344,14.406256675720215,2381700
2018-01-24,DBC,17.049999237060547,17.219999313354492,17.040000915527344,17.219999313354492,14.55843448638916,2814600
2018-01-25,DBC,17.260000228881836,17.270000457763672,17.110000610351562,17.1200008392334,14.473892211914062,2613300
2018-01-26,DBC,17.18000030517578,17.290000915527344,17.15999984741211,17.25,14.583797454833984,3436100
2018-01-29,DBC,17.209999084472656,17.229999542236328,17.1299991607666,17.200000762939453,14.54152774810791,1304500
2018-01-30,DBC,17.15999984741211,17.15999984741211,17.049999237060547,17.079999923706055,14.44007396697998,4444600
2018-01-31,DBC,17.09000015258789,17.1299991607666,17.0,17.100000381469727,14.45698356628418,35764200
2018-02-01,DBC,17.1200008392334,17.280000686645508,17.079999923706055,17.270000457763672,14.600708961486816,4764400
2018-02-02,DBC,17.110000610351562,17.110000610351562,16.950000762939453,16.989999771118164,14.363984107971191,2011500
2018-02-05,DBC,16.950000762939453,17.010000228881836,16.81999969482422,16.829999923706055,14.228714942932129,3294800
2018-02-06,DBC,16.739999771118164,16.860000610351562,16.719999313354492,16.729999542236328,14.144171714782715,7712100
2018-02-07,DBC,16.75,16.790000915527344,16.489999771118164,16.540000915527344,13.983537673950195,2161100
2018-02-08,DBC,16.56999969482422,16.579999923706055,16.360000610351562,16.3700008392334,13.839813232421875,5035800
2018-02-09,DBC,16.309999465942383,16.329999923706055,16.010000228881836,16.1299991607666,13.636907577514648,8507700
2018-02-12,DBC,16.209999084472656,16.299999237060547,16.190000534057617,16.229999542236328,13.721452713012695,3396000
2018-02-13,DBC,16.190000534057617,16.290000915527344,16.15999984741211,16.260000228881836,13.74681568145752,1387300
2018-02-14,DBC,16.190000534057617,16.520000457763672,16.15999984741211,16.510000228881836,13.958174705505371,4016700
2018-02-15,DBC,16.450000762939453,16.540000915527344,16.329999923706055,16.540000915527344,13.983537673950195,3893600
2018-02-16,DBC,16.510000228881836,16.600000381469727,16.479999542236328,16.56999969482422,14.008899688720703,2223600
2018-02-20,DBC,16.610000610351562,16.690000534057617,16.59000015258789,16.6200008392334,14.05117416381836,2657100
2018-02-21,DBC,16.610000610351562,16.700000762939453,16.59000015258789,16.600000381469727,14.034263610839844,2374900
2018-02-22,DBC,16.639999389648438,16.809999465942383,16.639999389648438,16.75,14.161079406738281,2693000
2018-02-23,DBC,16.75,16.860000610351562,16.719999313354492,16.860000610351562,14.254077911376953,2696100
2018-02-26,DBC,16.899999618530273,16.959999084472656,16.829999923706055,16.950000762939453,14.330167770385742,3158200
2018-02-27,DBC,16.920000076293945,16.920000076293945,16.780000686645508,16.780000686645508,14.186444282531738,4760600
2018-02-28,DBC,16.850000381469727,16.889999389648438,16.56999969482422,16.600000381469727,14.034263610839844,3710600
2018-03-01,DBC,16.520000457763672,16.670000076293945,16.40999984741211,16.6299991607666,14.059626579284668,5442800
2018-03-02,DBC,16.520000457763672,16.6299991607666,16.440000534057617,16.6299991607666,14.059626579284668,5425400
2018-03-05,DBC,16.540000915527344,16.760000228881836,16.510000228881836,16.729999542236328,14.144171714782715,2534600
2018-03-06,DBC,16.770000457763672,16.809999465942383,16.729999542236328,16.790000915527344,14.194897651672363,1780600
2018-03-07,DBC,16.739999771118164,16.770000457763672,16.510000228881836,16.610000610351562,14.042719841003418,3375200
2018-03-08,DBC,16.559999465942383,16.56999969482422,16.440000534057617,16.510000228881836,13.958174705505371,2651700
2018-03-09,DBC,16.579999923706055,16.670000076293945,16.549999237060547,16.670000076293945,14.093445777893066,3346700
2018-03-12,DBC,16.600000381469727,16.639999389648438,16.469999313354492,16.639999389648438,14.068081855773926,1367100
2018-03-13,DBC,16.639999389648438,16.739999771118164,16.549999237060547,16.59000015258789,14.025810241699219,1913900
2018-03-14,DBC,16.610000610351562,16.65999984741211,16.510000228881836,16.59000015258789,14.025810241699219,1961200
2018-03-15,DBC,16.610000610351562,16.6200008392334,16.520000457763672,16.579999923706055,14.017355918884277,1128100
2018-03-16,DBC,16.559999465942383,16.670000076293945,16.5,16.639999389648438,14.068081855773926,1023900
2018-03-19,DBC,16.600000381469727,16.600000381469727,16.459999084472656,16.530000686645508,13.975085258483887,1684700
2018-03-20,DBC,16.639999389648438,16.709999084472656,16.6200008392334,16.639999389648438,14.068081855773926,1326300
2018-03-21,DBC,16.760000228881836,16.979999542236328,16.739999771118164,16.940000534057617,14.3217134475708,1728000
2018-03-22,DBC,16.829999923706055,16.8700008392334,16.780000686645508,16.809999465942383,14.21180534362793,1750400
2018-03-23,DBC,16.899999618530273,16.989999771118164,16.860000610351562,16.959999084472656,14.33862018585205,2532600
2018-03-26,DBC,16.989999771118164,17.010000228881836,16.920000076293945,16.969999313354492,14.347075462341309,3299900
2018-03-27,DBC,17.010000228881836,17.020000457763672,16.8799991607666,16.899999618530273,14.287894248962402,1288100
2018-03-28,DBC,16.8799991607666,16.90999984741211,16.760000228881836,16.829999923706055,14.228714942932129,1471000
2018-03-29,DBC,16.850000381469727,17.010000228881836,16.809999465942383,16.979999542236328,14.355530738830566,4371400
2018-04-02,DBC,16.940000534057617,16.950000762939453,16.75,16.75,14.161079406738281,4823100
2018-04-03,DBC,16.81999969482422,16.8700008392334,16.770000457763672,16.84000015258789,14.237170219421387,2854300
2018-04-04,DBC,16.729999542236328,16.850000381469727,16.579999923706055,16.770000457763672,14.17798900604248,2547400
2018-04-05,DBC,16.75,16.860000610351562,16.729999542236328,16.850000381469727,14.245624542236328,2639300
2018-04-06,DBC,16.780000686645508,16.8799991607666,16.690000534057617,16.729999542236328,14.144171714782715,1521400
2018-04-09,DBC,16.850000381469727,16.989999771118164,16.850000381469727,16.940000534057617,14.3217134475708,1801800
2018-04-10,DBC,17.100000381469727,17.239999771118164,17.06999969482422,17.229999542236328,14.566890716552734,3665900
2018-04-11,DBC,17.270000457763672,17.450000762939453,17.229999542236328,17.360000610351562,14.676795959472656,2567200
2018-04-12,DBC,17.229999542236328,17.299999237060547,17.190000534057617,17.290000915527344,14.617616653442383,2685700
2018-04-13,DBC,17.299999237060547,17.360000610351562,17.270000457763672,17.299999237060547,14.626070976257324,2084300
2018-04-16,DBC,17.329999923706055,17.350000381469727,17.229999542236328,17.239999771118164,14.57534408569336,2116200
2018-04-17,DBC,17.209999084472656,17.270000457763672,17.15999984741211,17.25,14.583797454833984,1824000
2018-04-18,DBC,17.479999542236328,17.579999923706055,17.399999618530273,17.56999969482422,14.854338645935059,2904200
2018-04-19,DBC,17.610000610351562,17.6200008392334,17.450000762939453,17.5,14.795159339904785,1997600
2018-04-20,DBC,17.399999618530273,17.520000457763672,17.350000381469727,17.469999313354492,14.769795417785645,1981000
2018-04-23,DBC,17.350000381469727,17.469999313354492,17.299999237060547,17.459999084472656,14.761340141296387,2094000
2018-04-24,DBC,17.420000076293945,17.5,17.350000381469727,17.3700008392334,14.685251235961914,1724100
2018-04-25,DBC,17.350000381469727,17.43000030517578,17.290000915527344,17.399999618530273,14.710613250732422,1745900
2018-04-26,DBC,17.5,17.510000228881836,17.40999984741211,17.489999771118164,14.786703109741211,2550400
2018-04-27,DBC,17.420000076293945,17.510000228881836,17.399999618530273,17.479999542236328,14.77824878692627,1519700
2018-04-30,DBC,17.440000534057617,17.68000030517578,17.40999984741211,17.559999465942383,14.845885276794434,2875400
2018-05-01,DBC,17.469999313354492,17.510000228881836,17.3799991607666,17.459999084472656,14.761340141296387,2598700
2018-05-02,DBC,17.43000030517578,17.540000915527344,17.389999389648438,17.459999084472656,14.761340141296387,2170000
2018-05-03,DBC,17.459999084472656,17.56999969482422,17.399999618530273,17.56999969482422,14.854338645935059,2117500
2018-05-04,DBC,17.549999237060547,17.729999542236328,17.530000686645508,17.690000534057617,14.955790519714355,1602700
2018-05-07,DBC,17.760000228881836,17.799999237060547,17.649999618530273,17.68000030517578,14.947336196899414,1544800
2018-05-08,DBC,17.780000686645508,17.790000915527344,17.40999984741211,17.729999542236328,14.989606857299805,4060900
2018-05-09,DBC,17.81999969482422,17.93000030517578,17.780000686645508,17.889999389648438,15.1248779296875,5029300
2018-05-10,DBC,17.93000030517578,17.989999771118164,17.829999923706055,17.979999542236328,15.200966835021973,2579600
2018-05-11,DBC,17.950000762939453,17.950000762939453,17.8700008392334,17.8700008392334,15.10797119140625,1407800
2018-05-14,DBC,17.899999618530273,18.010000228881836,17.899999618530273,18.0,15.217878341674805,2200600
2018-05-15,DBC,17.989999771118164,18.06999969482422,17.90999984741211,18.020000457763672,15.234784126281738,2064900
2018-05-16,DBC,18.010000228881836,18.1200008392334,17.969999313354492,18.1200008392334,15.319329261779785,2955100
2018-05-17,DBC,18.170000076293945,18.260000228881836,18.110000610351562,18.139999389648438,15.336237907409668,1644800
2018-05-18,DBC,18.149999618530273,18.219999313354492,18.139999389648438,18.149999618530273,15.34469223022461,1696500
2018-05-21,DBC,18.200000762939453,18.309999465942383,18.139999389648438,18.290000915527344,15.463055610656738,2535700
2018-05-22,DBC,18.389999389648438,18.469999313354492,18.309999465942383,18.309999465942383,15.479961395263672,2626500
2018-05-23,DBC,18.299999237060547,18.40999984741211,18.209999084472656,18.40999984741211,15.564505577087402,1879300
2018-05-24,DBC,18.389999389648438,18.40999984741211,18.290000915527344,18.290000915527344,15.463055610656738,1139800
2018-05-25,DBC,18.139999389648438,18.139999389648438,17.989999771118164,18.020000457763672,15.234784126281738,2612300
2018-05-29,DBC,17.969999313354492,17.989999771118164,17.799999237060547,17.850000381469727,15.091060638427734,3213300
2018-05-30,DBC,17.93000030517578,18.079999923706055,17.899999618530273,18.079999923706055,15.285512924194336,2398300
2018-05-31,DBC,18.09000015258789,18.18000030517578,17.940000534057617,18.030000686645508,15.243241310119629,2542900
2018-06-01,DBC,17.940000534057617,17.969999313354492,17.860000610351562,17.90999984741211,15.141786575317383,5462200
2018-06-04,DBC,17.889999389648438,17.889999389648438,17.700000762939453,17.700000762939453,14.964245796203613,2920900
2018-06-05,DBC,17.670000076293945,17.760000228881836,17.6200008392334,17.729999542236328,14.989606857299805,3323100
2018-06-06,DBC,17.719999313354492,17.81999969482422,17.65999984741211,17.790000915527344,15.040335655212402,2858700
2018-06-07,DBC,17.790000915527344,17.889999389648438,17.780000686645508,17.860000610351562,15.099517822265625,1890600
2018-06-08,DBC,17.860000610351562,17.899999618530273,17.780000686645508,17.850000381469727,15.091060638427734,3146600
2018-06-11,DBC,17.739999771118164,17.8799991607666,17.739999771118164,17.84000015258789,15.082606315612793,2415000
2018-06-12,DBC,17.770000457763672,17.899999618530273,17.770000457763672,17.829999923706055,15.074152946472168,1092500
2018-06-13,DBC,17.790000915527344,17.940000534057617,17.780000686645508,17.899999618530273,15.133333206176758,1460900
2018-06-14,DBC,17.850000381469727,17.8700008392334,17.700000762939453,17.700000762939453,14.964245796203613,1744500
2018-06-15,DBC,17.56999969482422,17.56999969482422,17.25,17.270000457763672,14.600708961486816,2750500
2018-06-18,DBC,17.299999237060547,17.440000534057617,17.299999237060547,17.420000076293945,14.727523803710938,3837500
2018-06-19,DBC,17.209999084472656,17.270000457763672,17.110000610351562,17.239999771118164,14.57534408569336,3010700
2018-06-20,DBC,17.31999969482422,17.31999969482422,17.1299991607666,17.219999313354492,14.55843448638916,2808300
2018-06-21,DBC,17.1200008392334,17.200000762939453,17.09000015258789,17.09000015258789,14.448528289794922,3421300
2018-06-22,DBC,17.329999923706055,17.440000534057617,17.25,17.43000030517578,14.735978126525879,3181100
2018-06-25,DBC,17.219999313354492,17.25,17.139999389648438,17.229999542236328,14.566890716552734,2988400
2018-06-26,DBC,17.280000686645508,17.450000762939453,17.18000030517578,17.399999618530273,14.710613250732422,4292200
2018-06-27,DBC,17.5,17.6299991607666,17.479999542236328,17.489999771118164,14.786703109741211,1867600
2018-06-28,DBC,17.540000915527344,17.600000381469727,17.469999313354492,17.479999542236328,14.77824878692627,1651600
2018-06-29,DBC,17.600000381469727,17.739999771118164,17.579999923706055,17.68000030517578,14.947336196899414,3603100
2018-07-02,DBC,17.540000915527344,17.549999237060547,17.299999237060547,17.309999465942383,14.634525299072266,3413300
2018-07-03,DBC,17.43000030517578,17.479999542236328,17.229999542236328,17.290000915527344,14.617616653442383,2527500
2018-07-05,DBC,17.329999923706055,17.459999084472656,17.299999237060547,17.389999389648438,14.702157974243164,4223300
2018-07-06,DBC,17.270000457763672,17.469999313354492,17.270000457763672,17.469999313354492,14.769795417785645,1761500
2018-07-09,DBC,17.510000228881836,17.59000015258789,17.479999542236328,17.559999465942383,14.845885276794434,2007100
2018-07-10,DBC,17.6200008392334,17.639999389648438,17.489999771118164,17.520000457763672,14.812065124511719,1342300
2018-07-11,DBC,17.3700008392334,17.389999389648438,16.84000015258789,16.90999984741211,14.296350479125977,3798000
2018-07-12,DBC,17.020000457763672,17.030000686645508,16.829999923706055,17.0,14.37243938446045,3145600
2018-07-13,DBC,17.010000228881836,17.1299991607666,16.959999084472656,17.030000686645508,14.397804260253906,2450400
2018-07-16,DBC,16.81999969482422,16.860000610351562,16.639999389648438,16.670000076293945,14.093445777893066,4408800
2018-07-17,DBC,16.6299991607666,16.790000915527344,16.6299991607666,16.690000534057617,14.110353469848633,3025100
2018-07-18,DBC,16.709999084472656,16.8799991607666,16.6200008392334,16.84000015258789,14.237170219421387,3488500
2018-07-19,DBC,16.770000457763672,16.899999618530273,16.690000534057617,16.81999969482422,14.220260620117188,2929800
2018-07-20,DBC,16.899999618530273,16.959999084472656,16.860000610351562,16.940000534057617,14.3217134475708,2361600
2018-07-23,DBC,17.0,17.06999969482422,16.940000534057617,17.0,14.37243938446045,2301000
2018-07-24,DBC,17.049999237060547,17.190000534057617,17.049999237060547,17.09000015258789,14.448528289794922,1504500
2018-07-25,DBC,17.18000030517578,17.31999969482422,17.1299991607666,17.31999969482422,14.642979621887207,2303800
2018-07-26,DBC,17.280000686645508,17.350000381469727,17.270000457763672,17.31999969482422,14.642979621887207,1723600
2018-07-27,DBC,17.329999923706055,17.3700008392334,17.219999313354492,17.25,14.583797454833984,3142400
2018-07-30,DBC,17.360000610351562,17.40999984741211,17.350000381469727,17.350000381469727,14.668342590332031,2407200
2018-07-31,DBC,17.34000015258789,17.360000610351562,17.25,17.25,14.583797454833984,2495500
2018-08-01,DBC,17.059999465942383,17.139999389648438,16.969999313354492,17.0,14.37243938446045,4856700
2018-08-02,DBC,16.950000762939453,17.170000076293945,16.93000030517578,17.100000381469727,14.45698356628418,2979500
2018-08-03,DBC,17.139999389648438,17.209999084472656,17.09000015258789,17.15999984741211,14.507707595825195,2587000
2018-08-06,DBC,17.219999313354492,17.309999465942383,17.18000030517578,17.190000534057617,14.533071517944336,2542900
2018-08-07,DBC,17.350000381469727,17.3799991607666,17.290000915527344,17.31999969482422,14.642979621887207,2983200
2018-08-08,DBC,17.299999237060547,17.31999969482422,17.040000915527344,17.110000610351562,14.465436935424805,4506800
2018-08-09,DBC,17.15999984741211,17.190000534057617,17.030000686645508,17.040000915527344,14.406256675720215,1749000
2018-08-10,DBC,17.040000915527344,17.18000030517578,17.020000457763672,17.040000915527344,14.406256675720215,2035000
2018-08-13,DBC,16.969999313354492,17.010000228881836,16.75,16.950000762939453,14.330167770385742,2015700
2018-08-14,DBC,17.06999969482422,17.110000610351562,16.93000030517578,16.979999542236328,14.355530738830566,1687600
2018-08-15,DBC,16.790000915527344,16.799999237060547,16.559999465942383,16.610000610351562,14.042719841003418,3239300
2018-08-16,DBC,16.68000030517578,16.770000457763672,16.68000030517578,16.739999771118164,14.15262508392334,2859600
2018-08-17,DBC,16.8700008392334,16.889999389648438,16.729999542236328,16.809999465942383,14.21180534362793,1118000
2018-08-20,DBC,16.799999237060547,16.8700008392334,16.770000457763672,16.84000015258789,14.237170219421387,1456600
2018-08-21,DBC,16.920000076293945,16.950000762939453,16.84000015258789,16.8700008392334,14.262532234191895,1043500
2018-08-22,DBC,17.020000457763672,17.149999618530273,16.969999313354492,17.110000610351562,14.465436935424805,1541200
2018-08-23,DBC,17.030000686645508,17.110000610351562,17.0,17.079999923706055,14.44007396697998,925900
2018-08-24,DBC,17.270000457763672,17.34000015258789,17.170000076293945,17.209999084472656,14.549981117248535,986600
2018-08-27,DBC,17.239999771118164,17.280000686645508,17.219999313354492,17.270000457763672,14.600708961486816,1163400
2018-08-28,DBC,17.309999465942383,17.329999923706055,17.18000030517578,17.200000762939453,14.54152774810791,1116800
2018-08-29,DBC,17.290000915527344,17.40999984741211,17.239999771118164,17.389999389648438,14.702157974243164,1418500
2018-08-30,DBC,17.420000076293945,17.43000030517578,17.329999923706055,17.360000610351562,14.676795959472656,839900
2018-08-31,DBC,17.43000030517578,17.469999313354492,17.360000610351562,17.3799991607666,14.693704605102539,1920100
2018-09-04,DBC,17.399999618530273,17.43000030517578,17.25,17.280000686645508,14.609162330627441,1603700
2018-09-05,DBC,17.290000915527344,17.31999969482422,17.190000534057617,17.209999084472656,14.549981117248535,1674800
2018-09-06,DBC,17.229999542236328,17.270000457763672,16.979999542236328,17.110000610351562,14.465436935424805,1190300
2018-09-07,DBC,17.040000915527344,17.15999984741211,17.020000457763672,17.149999618530273,14.49925422668457,1316100
2018-09-10,DBC,17.239999771118164,17.290000915527344,17.15999984741211,17.209999084472656,14.549981117248535,1532200
2018-09-11,DBC,17.200000762939453,17.3799991607666,17.18000030517578,17.3799991607666,14.693704605102539,1286600
2018-09-12,DBC,17.420000076293945,17.540000915527344,17.40999984741211,17.5,14.795159339904785,1327200
2018-09-13,DBC,17.450000762939453,17.469999313354492,17.25,17.309999465942383,14.634525299072266,2000600
2018-09-14,DBC,17.239999771118164,17.34000015258789,17.149999618530273,17.200000762939453,14.54152774810791,2043100
2018-09-17,DBC,17.290000915527344,17.329999923706055,17.170000076293945,17.18000030517578,14.524618148803711,1285100
2018-09-18,DBC,17.350000381469727,17.420000076293945,17.270000457763672,17.34000015258789,14.65988826751709,864100
2018-09-19,DBC,17.34000015258789,17.469999313354492,17.329999923706055,17.450000762939453,14.752886772155762,1109000
2018-09-20,DBC,17.489999771118164,17.510000228881836,17.399999618530273,17.450000762939453,14.752886772155762,1231300
2018-09-21,DBC,17.530000686645508,17.639999389648438,17.420000076293945,17.489999771118164,14.786703109741211,1500100
2018-09-24,DBC,17.670000076293945,17.760000228881836,17.649999618530273,17.75,15.00651741027832,1442300
2018-09-25,DBC,17.799999237060547,17.850000381469727,17.770000457763672,17.790000915527344,15.040335655212402,2868600
2018-09-26,DBC,17.75,17.81999969482422,17.709999084472656,17.709999084472656,14.972700119018555,945900
2018-09-27,DBC,17.770000457763672,17.790000915527344,17.700000762939453,17.790000915527344,15.040335655212402,1006200
2018-09-28,DBC,17.84000015258789,18.020000457763672,17.829999923706055,17.969999313354492,15.192511558532715,2286600
2018-10-01,DBC,17.989999771118164,18.360000610351562,17.969999313354492,18.309999465942383,15.479961395263672,4332100
2018-10-02,DBC,18.3799991607666,18.43000030517578,18.350000381469727,18.3700008392334,15.530689239501953,2317400
2018-10-03,DBC,18.399999618530273,18.649999618530273,18.31999969482422,18.540000915527344,15.674415588378906,1976100
2018-10-04,DBC,18.559999465942383,18.559999465942383,18.260000228881836,18.34000015258789,15.505326271057129,2786700
2018-10-05,DBC,18.34000015258789,18.389999389648438,18.270000457763672,18.299999237060547,15.47150707244873,1341900
2018-10-08,DBC,18.15999984741211,18.280000686645508,18.149999618530273,18.25,15.429235458374023,1499700
2018-10-09,DBC,18.31999969482422,18.420000076293945,18.229999542236328,18.3799991607666,15.539140701293945,2173900
2018-10-10,DBC,18.329999923706055,18.34000015258789,18.020000457763672,18.020000457763672,15.234784126281738,1954200
2018-10-11,DBC,17.90999984741211,17.959999084472656,17.729999542236328,17.75,15.00651741027832,1826100
2018-10-12,DBC,17.899999618530273,17.93000030517578,17.719999313354492,17.889999389648438,15.1248779296875,2627500
2018-10-15,DBC,17.90999984741211,17.969999313354492,17.81999969482422,17.93000030517578,15.158698081970215,2001200
2018-10-16,DBC,17.90999984741211,18.059999465942383,17.8799991607666,18.010000228881836,15.22633171081543,2118700
2018-10-17,DBC,17.969999313354492,17.969999313354492,17.75,17.850000381469727,15.091060638427734,1069200
2018-10-18,DBC,17.65999984741211,17.760000228881836,17.6200008392334,17.649999618530273,14.92197322845459,1570000
2018-10-19,DBC,17.760000228881836,17.850000381469727,17.709999084472656,17.75,15.00651741027832,1591400
2018-10-22,DBC,17.690000534057617,17.780000686645508,17.639999389648438,17.770000457763672,15.023427963256836,2157700
2018-10-23,DBC,17.540000915527344,17.56999969482422,17.31999969482422,17.3799991607666,14.693704605102539,1995800
2018-10-24,DBC,17.459999084472656,17.5,17.260000228881836,17.260000228881836,14.592252731323242,1916900
2018-10-25,DBC,17.31999969482422,17.389999389648438,17.290000915527344,17.329999923706055,14.651434898376465,2336500
2018-10-26,DBC,17.239999771118164,17.489999771118164,17.219999313354492,17.459999084472656,14.761340141296387,1710100
2018-10-29,DBC,17.389999389648438,17.440000534057617,17.260000228881836,17.280000686645508,14.609162330627441,2465000
2018-10-30,DBC,17.1200008392334,17.290000915527344,17.1200008392334,17.190000534057617,14.533071517944336,1801800
2018-10-31,DBC,17.1200008392334,17.209999084472656,16.959999084472656,16.959999084472656,14.33862018585205,3968100
2018-11-01,DBC,17.040000915527344,17.09000015258789,16.799999237060547,16.84000015258789,14.237170219421387,5848300
2018-11-02,DBC,16.84000015258789,16.920000076293945,16.760000228881836,16.799999237060547,14.203350067138672,3516200
2018-11-05,DBC,16.889999389648438,16.959999084472656,16.770000457763672,16.790000915527344,14.194897651672363,2586100
2018-11-06,DBC,16.829999923706055,16.850000381469727,16.610000610351562,16.719999313354492,14.135714530944824,1736200
2018-11-07,DBC,16.809999465942383,16.829999923706055,16.639999389648438,16.68000030517578,14.101900100708008,1654200
2018-11-08,DBC,16.670000076293945,16.700000762939453,16.530000686645508,16.579999923706055,14.017355918884277,1991300
2018-11-09,DBC,16.389999389648438,16.5,16.329999923706055,16.399999618530273,13.865178108215332,2247800
2018-11-12,DBC,16.5,16.579999923706055,16.329999923706055,16.360000610351562,13.83135986328125,3247500
2018-11-13,DBC,16.290000915527344,16.31999969482422,15.850000381469727,15.90999984741211,13.450911521911621,3285700
2018-11-14,DBC,16.100000381469727,16.170000076293945,16.020000457763672,16.049999237060547,13.5692720413208,3499400
2018-11-15,DBC,16.170000076293945,16.170000076293945,15.989999771118164,16.020000457763672,13.543910026550293,1760000
2018-11-16,DBC,16.190000534057617,16.25,16.020000457763672,16.1200008392334,13.628454208374023,1802700
2018-11-19,DBC,16.030000686645508,16.149999618530273,15.9399995803833,16.1200008392334,13.628454208374023,1678200
2018-11-20,DBC,15.9399995803833,15.979999542236328,15.569999694824219,15.630000114440918,13.214189529418945,2164600
2018-11-21,DBC,15.75,15.920000076293945,15.710000038146973,15.760000228881836,13.3240966796875,3988300
2018-11-23,DBC,15.329999923706055,15.359999656677246,15.220000267028809,15.300000190734863,12.93519401550293,1521600
2018-11-26,DBC,15.350000381469727,15.4399995803833,15.329999923706055,15.369999885559082,12.994375228881836,2780200
2018-11-27,DBC,15.319999694824219,15.399999618530273,15.149999618530273,15.3100004196167,12.943649291992188,2497000
2018-11-28,DBC,15.3100004196167,15.449999809265137,15.229999542236328,15.260000228881836,12.90137767791748,1709200
2018-11-29,DBC,15.319999694824219,15.449999809265137,15.289999961853027,15.359999656677246,12.985920906066895,1863300
2018-11-30,DBC,15.210000038146973,15.40999984741211,15.149999618530273,15.289999961853027,12.926740646362305,2578700
2018-12-03,DBC,15.670000076293945,15.699999809265137,15.539999961853027,15.640000343322754,13.222644805908203,4590000
2018-12-04,DBC,15.720000267028809,15.800000190734863,15.640000343322754,15.649999618530273,13.231098175048828,2919800
2018-12-06,DBC,15.449999809265137,15.550000190734863,15.300000190734863,15.520000457763672,13.12119197845459,2707900
2018-12-07,DBC,15.800000190734863,15.9399995803833,15.680000305175781,15.699999809265137,13.273370742797852,2498500
2018-12-10,DBC,15.5600004196167,15.649999618530273,15.420000076293945,15.449999809265137,13.062010765075684,1736400
2018-12-11,DBC,15.619999885559082,15.649999618530273,15.510000228881836,15.539999961853027,13.138100624084473,1623000
2018-12-12,DBC,15.609999656677246,15.670000076293945,15.479999542236328,15.489999771118164,13.095829010009766,1910700
2018-12-13,DBC,15.460000038146973,15.720000267028809,15.430000305175781,15.6899995803833,13.264914512634277,1654500
2018-12-14,DBC,15.579999923706055,15.579999923706055,15.430000305175781,15.449999809265137,13.062010765075684,1109700
2018-12-17,DBC,15.510000228881836,15.529999732971191,15.260000228881836,15.270000457763672,12.909832954406738,1269400
2018-12-18,DBC,15.270000457763672,15.279999732971191,14.899999618530273,14.949999809265137,12.639291763305664,2744300
2018-12-19,DBC,15.020000457763672,15.1899995803833,14.949999809265137,15.010000228881836,12.690018653869629,3280800
2018-12-20,DBC,14.979999542236328,15.039999961853027,14.850000381469727,14.869999885559082,12.571656227111816,3308000
2018-12-21,DBC,14.760000228881836,14.84000015258789,14.680000305175781,14.739999771118164,12.461750984191895,7323500
2018-12-24,DBC,14.510000228881836,14.5600004196167,14.390000343322754,14.390000343322754,12.323866844177246,1525700
2018-12-26,DBC,14.369999885559082,14.729999542236328,14.359999656677246,14.710000038146973,12.597920417785645,2943700
2018-12-27,DBC,14.539999961853027,14.579999923706055,14.420000076293945,14.569999694824219,12.478021621704102,4315400
2018-12-28,DBC,14.489999771118164,14.520000457763672,14.390000343322754,14.449999809265137,12.375250816345215,1603200
2018-12-31,DBC,14.5,14.520000457763672,14.34000015258789,14.489999771118164,12.40950870513916,2988500
2019-01-02,DBC,14.319999694824219,14.75,14.319999694824219,14.529999732971191,12.443765640258789,2071100
2019-01-03,DBC,14.640000343322754,14.680000305175781,14.449999809265137,14.649999618530273,12.546536445617676,1389700
2019-01-04,DBC,14.8100004196167,14.960000038146973,14.770000457763672,14.850000381469727,12.717820167541504,1332200
2019-01-07,DBC,14.960000038146973,15.09000015258789,14.930000305175781,14.960000038146973,12.81202507019043,1581700
2019-01-08,DBC,15.0600004196167,15.130000114440918,15.010000228881836,15.109999656677246,12.940488815307617,1741600
2019-01-09,DBC,15.25,15.4399995803833,15.220000267028809,15.40999984741211,13.19741439819336,1156500
2019-01-10,DBC,15.34000015258789,15.420000076293945,15.289999961853027,15.369999885559082,13.163156509399414,772500
2019-01-11,DBC,15.34000015258789,15.40999984741211,15.270000457763672,15.319999694824219,13.120336532592773,856100
2019-01-14,DBC,15.270000457763672,15.350000381469727,15.180000305175781,15.1899995803833,13.009002685546875,891300
2019-01-15,DBC,15.289999961853027,15.350000381469727,15.239999771118164,15.3100004196167,13.111772537231445,1121500
2019-01-16,DBC,15.350000381469727,15.399999618530273,15.270000457763672,15.390000343322754,13.180286407470703,947400
2019-01-17,DBC,15.300000190734863,15.4399995803833,15.239999771118164,15.399999618530273,13.188851356506348,670200
2019-01-18,DBC,15.460000038146973,15.600000381469727,15.399999618530273,15.5600004196167,13.32587718963623,776000
2019-01-22,DBC,15.449999809265137,15.470000267028809,15.34000015258789,15.449999809265137,13.231672286987305,804500
2019-01-23,DBC,15.489999771118164,15.510000228881836,15.350000381469727,15.430000305175781,13.214543342590332,867000
2019-01-24,DBC,15.399999618530273,15.5,15.390000343322754,15.470000267028809,13.248799324035645,3660800
2019-01-25,DBC,15.470000267028809,15.579999923706055,15.4399995803833,15.550000190734863,13.317313194274902,1388900
2019-01-28,DBC,15.359999656677246,15.369999885559082,15.279999732971191,15.34000015258789,13.13746452331543,1823300
2019-01-29,DBC,15.430000305175781,15.539999961853027,15.430000305175781,15.489999771118164,13.265928268432617,920400
2019-01-30,DBC,15.569999694824219,15.670000076293945,15.550000190734863,15.600000381469727,13.36013412475586,1732900
2019-01-31,DBC,15.680000305175781,15.729999542236328,15.470000267028809,15.520000457763672,13.291621208190918,32974700
2019-02-01,DBC,15.550000190734863,15.699999809265137,15.550000190734863,15.65999984741211,13.411519050598145,3166900
2019-02-04,DBC,15.529999732971191,15.670000076293945,15.449999809265137,15.670000076293945,13.420083999633789,1188800
2019-02-05,DBC,15.579999923706055,15.670000076293945,15.569999694824219,15.600000381469727,13.36013412475586,2187800
2019-02-06,DBC,15.550000190734863,15.65999984741211,15.520000457763672,15.619999885559082,13.377262115478516,1735100
2019-02-07,DBC,15.59000015258789,15.59000015258789,15.350000381469727,15.470000267028809,13.248799324035645,1839500
2019-02-08,DBC,15.510000228881836,15.520000457763672,15.390000343322754,15.489999771118164,13.265928268432617,3938100
2019-02-11,DBC,15.369999885559082,15.430000305175781,15.3100004196167,15.399999618530273,13.188851356506348,1288700
2019-02-12,DBC,15.550000190734863,15.569999694824219,15.470000267028809,15.489999771118164,13.265928268432617,1062100
2019-02-13,DBC,15.550000190734863,15.619999885559082,15.529999732971191,15.579999923706055,13.343005180358887,1191900
2019-02-14,DBC,15.5600004196167,15.640000343322754,15.520000457763672,15.619999885559082,13.377262115478516,1258800
2019-02-15,DBC,15.770000457763672,15.920000076293945,15.739999771118164,15.90999984741211,13.62562370300293,1474500
2019-02-19,DBC,15.890000343322754,15.970000267028809,15.869999885559082,15.949999809265137,13.659881591796875,853800
2019-02-20,DBC,15.920000076293945,16.079999923706055,15.90999984741211,16.0,13.7027006149292,1029600
2019-02-21,DBC,16.049999237060547,16.06999969482422,16.020000457763672,16.049999237060547,13.74552059173584,805200
2019-02-22,DBC,16.139999389648438,16.149999618530273,16.06999969482422,16.09000015258789,13.779778480529785,785000
2019-02-25,DBC,16.030000686645508,16.030000686645508,15.829999923706055,15.850000381469727,13.574238777160645,1154700
2019-02-26,DBC,15.890000343322754,15.949999809265137,15.859999656677246,15.920000076293945,13.634188652038574,2666100
2019-02-27,DBC,15.970000267028809,16.059999465942383,15.930000305175781,16.0,13.7027006149292,1051100
2019-02-28,DBC,15.979999542236328,16.030000686645508,15.920000076293945,15.960000038146973,13.66844367980957,667100
2019-03-01,DBC,15.949999809265137,15.979999542236328,15.729999542236328,15.779999732971191,13.514288902282715,950400
2019-03-04,DBC,15.890000343322754,15.949999809265137,15.770000457763672,15.829999923706055,13.557110786437988,1271600
2019-03-05,DBC,15.890000343322754,15.90999984741211,15.819999694824219,15.90999984741211,13.62562370300293,1212200
2019-03-06,DBC,15.84000015258789,15.869999885559082,15.779999732971191,15.819999694824219,13.548545837402344,718000
2019-03-07,DBC,15.84000015258789,15.850000381469727,15.770000457763672,15.779999732971191,13.514288902282715,382600
2019-03-08,DBC,15.640000343322754,15.770000457763672,15.5600004196167,15.770000457763672,13.505724906921387,837800
2019-03-11,DBC,15.8100004196167,15.819999694824219,15.720000267028809,15.789999961853027,13.522852897644043,1000600
2019-03-12,DBC,15.850000381469727,15.90999984741211,15.819999694824219,15.890000343322754,13.608495712280273,648000
2019-03-13,DBC,15.930000305175781,16.020000457763672,15.920000076293945,15.989999771118164,13.694136619567871,1040900
2019-03-14,DBC,16.0,16.030000686645508,15.920000076293945,15.920000076293945,13.634188652038574,665300
2019-03-15,DBC,15.829999923706055,15.979999542236328,15.829999923706055,15.920000076293945,13.634188652038574,894500
2019-03-18,DBC,15.979999542236328,16.030000686645508,15.960000038146973,16.0,13.7027006149292,696400
2019-03-19,DBC,16.09000015258789,16.110000610351562,15.989999771118164,16.040000915527344,13.736958503723145,1094400
2019-03-20,DBC,16.049999237060547,16.18000030517578,16.030000686645508,16.15999984741211,13.839728355407715,959100
2019-03-21,DBC,16.110000610351562,16.139999389648438,16.040000915527344,16.079999923706055,13.771215438842773,1087400
2019-03-22,DBC,15.979999542236328,15.989999771118164,15.850000381469727,15.9399995803833,13.651315689086914,884700
2019-03-25,DBC,15.899999618530273,16.040000915527344,15.880000114440918,16.0,13.7027006149292,1141400
2019-03-26,DBC,16.059999465942383,16.079999923706055,15.989999771118164,16.030000686645508,13.728394508361816,738100
2019-03-27,DBC,16.0,16.020000457763672,15.859999656677246,15.9399995803833,13.651315689086914,1284600
2019-03-28,DBC,15.770000457763672,15.899999618530273,15.770000457763672,15.890000343322754,13.608495712280273,617400
2019-03-29,DBC,15.989999771118164,16.010000228881836,15.890000343322754,15.899999618530273,13.617059707641602,1000300
2019-04-01,DBC,16.0,16.06999969482422,15.989999771118164,16.049999237060547,13.74552059173584,1159700
2019-04-02,DBC,16.020000457763672,16.100000381469727,16.010000228881836,16.09000015258789,13.779778480529785,524900
2019-04-03,DBC,16.110000610351562,16.1200008392334,16.030000686645508,16.110000610351562,13.796907424926758,2335100
2019-04-04,DBC,16.079999923706055,16.18000030517578,16.06999969482422,16.1200008392334,13.805472373962402,921600
2019-04-05,DBC,16.1200008392334,16.190000534057617,16.100000381469727,16.170000076293945,13.848292350769043,1256300
2019-04-08,DBC,16.209999084472656,16.25,16.200000762939453,16.229999542236328,13.899678230285645,914400
2019-04-09,DBC,16.209999084472656,16.239999771118164,16.15999984741211,16.200000762939453,13.87398624420166,772800
2019-04-10,DBC,16.25,16.360000610351562,16.239999771118164,16.34000015258789,13.993882179260254,1062600
2019-04-11,DBC,16.299999237060547,16.309999465942383,16.190000534057617,16.260000228881836,13.925370216369629,723600
2019-04-12,DBC,16.309999465942383,16.350000381469727,16.280000686645508,16.309999465942383,13.96819019317627,872900
2019-04-15,DBC,16.280000686645508,16.280000686645508,16.229999542236328,16.280000686645508,13.942498207092285,597200
2019-04-16,DBC,16.18000030517578,16.239999771118164,16.149999618530273,16.219999313354492,13.89111328125,852200
2019-04-17,DBC,16.229999542236328,16.25,16.15999984741211,16.15999984741211,13.839728355407715,883700
2019-04-18,DBC,16.170000076293945,16.209999084472656,16.139999389648438,16.209999084472656,13.882548332214355,439800
2019-04-22,DBC,16.299999237060547,16.360000610351562,16.270000457763672,16.290000915527344,13.951064109802246,614000
2019-04-23,DBC,16.290000915527344,16.31999969482422,16.25,16.309999465942383,13.96819019317627,424200
2019-04-24,DBC,16.309999465942383,16.309999465942383,16.25,16.25,13.9168062210083,485700
2019-04-25,DBC,16.270000457763672,16.299999237060547,16.209999084472656,16.219999313354492,13.89111328125,548300
2019-04-26,DBC,16.139999389648438,16.139999389648438,15.949999809265137,16.030000686645508,13.728394508361816,560700
2019-04-29,DBC,16.059999465942383,16.09000015258789,16.010000228881836,16.040000915527344,13.736958503723145,401200
2019-04-30,DBC,16.110000610351562,16.139999389648438,16.010000228881836,16.09000015258789,13.779778480529785,699400
2019-05-01,DBC,16.06999969482422,16.100000381469727,15.949999809265137,16.040000915527344,13.736958503723145,824200
2019-05-02,DBC,15.930000305175781,15.949999809265137,15.789999961853027,15.859999656677246,13.582802772521973,608000
2019-05-03,DBC,15.899999618530273,15.970000267028809,15.869999885559082,15.869999885559082,13.5913667678833,604600
2019-05-06,DBC,15.800000190734863,15.949999809265137,15.779999732971191,15.920000076293945,13.634188652038574,640800
2019-05-07,DBC,15.760000228881836,15.789999961853027,15.670000076293945,15.720000267028809,13.462904930114746,628700
2019-05-08,DBC,15.710000038146973,15.800000190734863,15.670000076293945,15.739999771118164,13.480031967163086,643000
2019-05-09,DBC,15.6899995803833,15.699999809265137,15.600000381469727,15.65999984741211,13.411519050598145,644800
2019-05-10,DBC,15.65999984741211,15.729999542236328,15.649999618530273,15.6899995803833,13.437211036682129,1217100
2019-05-13,DBC,15.8100004196167,15.84000015258789,15.59000015258789,15.609999656677246,13.368698120117188,457800
2019-05-14,DBC,15.760000228881836,15.880000114440918,15.760000228881836,15.819999694824219,13.548545837402344,486500
2019-05-15,DBC,15.859999656677246,16.0,15.859999656677246,15.960000038146973,13.66844367980957,471000
2019-05-16,DBC,16.059999465942383,16.110000610351562,16.040000915527344,16.049999237060547,13.74552059173584,613700
2019-05-17,DBC,16.010000228881836,16.020000457763672,15.899999618530273,15.899999618530273,13.617059707641602,464900
2019-05-20,DBC,15.989999771118164,16.06999969482422,15.930000305175781,15.970000267028809,13.677009582519531,532100
2019-05-21,DBC,15.989999771118164,16.049999237060547,15.949999809265137,15.979999542236328,13.68557357788086,362200
2019-05-22,DBC,15.890000343322754,15.949999809265137,15.75,15.75,13.488595962524414,799000
2019-05-23,DBC,15.569999694824219,15.600000381469727,15.359999656677246,15.420000076293945,13.205979347229004,1013400
2019-05-24,DBC,15.489999771118164,15.630000114440918,15.430000305175781,15.630000114440918,13.385826110839844,1414600
2019-05-28,DBC,15.800000190734863,15.819999694824219,15.710000038146973,15.760000228881836,13.497160911560059,640600
2019-05-29,DBC,15.75,15.75,15.619999885559082,15.699999809265137,13.44577693939209,885300
2019-05-30,DBC,15.720000267028809,15.739999771118164,15.520000457763672,15.539999961853027,13.308748245239258,846500
2019-05-31,DBC,15.350000381469727,15.430000305175781,15.119999885559082,15.130000114440918,12.957616806030273,2773600
2019-06-03,DBC,15.260000228881836,15.279999732971191,15.069999694824219,15.079999923706055,12.914795875549316,1657900
2019-06-04,DBC,15.100000381469727,15.199999809265137,15.079999923706055,15.170000076293945,12.991874694824219,1112300
2019-06-05,DBC,15.09000015258789,15.09000015258789,14.800000190734863,14.859999656677246,12.726384162902832,1028500
2019-06-06,DBC,14.890000343322754,15.130000114440918,14.859999656677246,15.119999885559082,12.949052810668945,1324800
2019-06-07,DBC,15.050000190734863,15.210000038146973,15.029999732971191,15.170000076293945,12.991874694824219,1710500
2019-06-10,DBC,15.140000343322754,15.25,15.100000381469727,15.130000114440918,12.957616806030273,884900
2019-06-11,DBC,15.180000305175781,15.270000457763672,15.130000114440918,15.229999542236328,13.043257713317871,880500
2019-06-12,DBC,15.130000114440918,15.1899995803833,15.010000228881836,15.020000457763672,12.863411903381348,1619900
2019-06-13,DBC,15.300000190734863,15.3100004196167,15.140000343322754,15.210000038146973,13.026129722595215,1740700
2019-06-14,DBC,15.279999732971191,15.329999923706055,15.239999771118164,15.270000457763672,13.077516555786133,977100
2019-06-17,DBC,15.260000228881836,15.289999961853027,15.180000305175781,15.199999809265137,13.017566680908203,997200
2019-06-18,DBC,15.239999771118164,15.449999809265137,15.239999771118164,15.380000114440918,13.171721458435059,906100
2019-06-19,DBC,15.289999961853027,15.399999618530273,15.260000228881836,15.350000381469727,13.146029472351074,908200
2019-06-20,DBC,15.569999694824219,15.670000076293945,15.550000190734863,15.65999984741211,13.411519050598145,1277900
2019-06-21,DBC,15.6899995803833,15.729999542236328,15.649999618530273,15.699999809265137,13.44577693939209,1107100
2019-06-24,DBC,15.720000267028809,15.789999961853027,15.670000076293945,15.770000457763672,13.505724906921387,656800
2019-06-25,DBC,15.84000015258789,15.890000343322754,15.800000190734863,15.819999694824219,13.548545837402344,803600
2019-06-26,DBC,15.899999618530273,16.0,15.880000114440918,15.899999618530273,13.617059707641602,958200
2019-06-27,DBC,15.920000076293945,15.9399995803833,15.880000114440918,15.899999618530273,13.617059707641602,335000
2019-06-28,DBC,15.960000038146973,15.979999542236328,15.6899995803833,15.729999542236328,13.471467018127441,1702100
2019-07-01,DBC,15.890000343322754,15.90999984741211,15.640000343322754,15.720000267028809,13.462904930114746,869600
2019-07-02,DBC,15.680000305175781,15.6899995803833,15.430000305175781,15.460000038146973,13.240235328674316,1168600
2019-07-03,DBC,15.5600004196167,15.630000114440918,15.529999732971191,15.609999656677246,13.368698120117188,439600
2019-07-05,DBC,15.609999656677246,15.670000076293945,15.59000015258789,15.640000343322754,13.394391059875488,570100
2019-07-08,DBC,15.680000305175781,15.75,15.600000381469727,15.619999885559082,13.377262115478516,495300
2019-07-09,DBC,15.600000381469727,15.670000076293945,15.5600004196167,15.670000076293945,13.420083999633789,444700
2019-07-10,DBC,15.880000114440918,16.040000915527344,15.859999656677246,16.010000228881836,13.711265563964844,535600
2019-07-11,DBC,16.010000228881836,16.06999969482422,15.970000267028809,16.020000457763672,13.719829559326172,561700
2019-07-12,DBC,16.020000457763672,16.09000015258789,16.020000457763672,16.059999465942383,13.754085540771484,471200
2019-07-15,DBC,16.06999969482422,16.06999969482422,15.880000114440918,15.890000343322754,13.608495712280273,1103100
2019-07-16,DBC,15.859999656677246,15.949999809265137,15.600000381469727,15.720000267028809,13.462904930114746,645400
2019-07-17,DBC,15.770000457763672,15.789999961853027,15.579999923706055,15.579999923706055,13.343005180358887,2313600
2019-07-18,DBC,15.5600004196167,15.5600004196167,15.319999694824219,15.470000267028809,13.248799324035645,832800
2019-07-19,DBC,15.479999542236328,15.569999694824219,15.420000076293945,15.5600004196167,13.32587718963623,628800
2019-07-22,DBC,15.5,15.550000190734863,15.460000038146973,15.510000228881836,13.283056259155273,3117700
2019-07-23,DBC,15.479999542236328,15.609999656677246,15.430000305175781,15.609999656677246,13.368698120117188,807100
2019-07-24,DBC,15.640000343322754,15.729999542236328,15.479999542236328,15.539999961853027,13.308748245239258,1001800
2019-07-25,DBC,15.579999923706055,15.619999885559082,15.479999542236328,15.479999542236328,13.257362365722656,442600
2019-07-26,DBC,15.489999771118164,15.529999732971191,15.460000038146973,15.5,13.274491310119629,472700
2019-07-29,DBC,15.5600004196167,15.569999694824219,15.479999542236328,15.5600004196167,13.32587718963623,1126000
2019-07-30,DBC,15.579999923706055,15.670000076293945,15.550000190734863,15.649999618530273,13.402955055236816,705100
2019-07-31,DBC,15.680000305175781,15.710000038146973,15.539999961853027,15.550000190734863,13.317313194274902,882500
2019-08-01,DBC,15.449999809265137,15.449999809265137,15.010000228881836,15.119999885559082,12.949052810668945,1597100
2019-08-02,DBC,15.25,15.270000457763672,15.140000343322754,15.140000343322754,12.966181755065918,1219600
2019-08-05,DBC,14.979999542236328,15.100000381469727,14.970000267028809,15.010000228881836,12.854846954345703,1871300
2019-08-06,DBC,15.050000190734863,15.0600004196167,14.890000343322754,14.930000305175781,12.786334037780762,622300
2019-08-07,DBC,14.779999732971191,14.779999732971191,14.59000015258789,14.739999771118164,12.623613357543945,2411600
2019-08-08,DBC,14.739999771118164,14.859999656677246,14.699999809265137,14.819999694824219,12.692127227783203,773500
2019-08-09,DBC,14.949999809265137,15.010000228881836,14.930000305175781,14.949999809265137,12.803460121154785,787200
2019-08-12,DBC,14.949999809265137,14.979999542236328,14.84000015258789,14.84000015258789,12.709256172180176,928400
2019-08-13,DBC,14.869999885559082,15.229999542236328,14.84000015258789,15.1899995803833,13.009002685546875,838400
2019-08-14,DBC,15.0,15.029999732971191,14.859999656677246,14.960000038146973,12.81202507019043,1046500
2019-08-15,DBC,14.869999885559082,14.920000076293945,14.8100004196167,14.84000015258789,12.709256172180176,827400
2019-08-16,DBC,14.84000015258789,14.90999984741211,14.829999923706055,14.829999923706055,12.700691223144531,1365600
2019-08-19,DBC,14.899999618530273,14.930000305175781,14.850000381469727,14.899999618530273,12.760641098022461,767100
2019-08-20,DBC,14.90999984741211,14.970000267028809,14.84000015258789,14.9399995803833,12.79489803314209,435500
2019-08-21,DBC,15.079999923706055,15.109999656677246,14.970000267028809,14.989999771118164,12.83771800994873,645700
2019-08-22,DBC,14.989999771118164,15.029999732971191,14.899999618530273,14.920000076293945,12.777770042419434,721900
2019-08-23,DBC,14.779999732971191,14.920000076293945,14.75,14.8100004196167,12.683564186096191,1450900
2019-08-26,DBC,14.949999809265137,14.970000267028809,14.779999732971191,14.800000190734863,12.67499828338623,640700
2019-08-27,DBC,14.829999923706055,14.920000076293945,14.800000190734863,14.899999618530273,12.760641098022461,661400
2019-08-28,DBC,15.020000457763672,15.069999694824219,14.989999771118164,15.029999732971191,12.87197494506836,798100
2019-08-29,DBC,15.029999732971191,15.09000015258789,14.989999771118164,15.069999694824219,12.906231880187988,649400
2019-08-30,DBC,15.020000457763672,15.029999732971191,14.8100004196167,14.829999923706055,12.700691223144531,1565300
2019-09-03,DBC,14.670000076293945,14.779999732971191,14.640000343322754,14.75,12.632177352905273,1240200
2019-09-04,DBC,14.949999809265137,15.140000343322754,14.9399995803833,15.100000381469727,12.931924819946289,406800
2019-09-05,DBC,15.15999984741211,15.229999542236328,15.069999694824219,15.079999923706055,12.914795875549316,813000
2019-09-06,DBC,14.979999542236328,15.180000305175781,14.949999809265137,15.119999885559082,12.949052810668945,849400
2019-09-09,DBC,15.199999809265137,15.289999961853027,15.180000305175781,15.260000228881836,13.068951606750488,761500
2019-09-10,DBC,15.289999961853027,15.399999618530273,15.260000228881836,15.279999732971191,13.086079597473145,1201400
2019-09-11,DBC,15.3100004196167,15.359999656677246,15.09000015258789,15.170000076293945,12.991874694824219,1947800
2019-09-12,DBC,14.960000038146973,15.130000114440918,14.960000038146973,15.109999656677246,12.940488815307617,920000
2019-09-13,DBC,15.140000343322754,15.170000076293945,15.079999923706055,15.109999656677246,12.940488815307617,727600
2019-09-16,DBC,15.680000305175781,15.949999809265137,15.65999984741211,15.779999732971191,13.514288902282715,1777100
2019-09-17,DBC,15.779999732971191,15.789999961853027,15.420000076293945,15.479999542236328,13.257362365722656,2667000
2019-09-18,DBC,15.430000305175781,15.489999771118164,15.350000381469727,15.380000114440918,13.171721458435059,1534100
2019-09-19,DBC,15.510000228881836,15.529999732971191,15.4399995803833,15.460000038146973,13.240235328674316,520700
2019-09-20,DBC,15.479999542236328,15.520000457763672,15.40999984741211,15.479999542236328,13.257362365722656,532000
2019-09-23,DBC,15.479999542236328,15.539999961853027,15.449999809265137,15.520000457763672,13.291621208190918,511000
2019-09-24,DBC,15.470000267028809,15.470000267028809,15.319999694824219,15.34000015258789,13.13746452331543,739000
2019-09-25,DBC,15.180000305175781,15.279999732971191,15.170000076293945,15.25,13.060385704040527,669300
2019-09-26,DBC,15.220000267028809,15.289999961853027,15.140000343322754,15.25,13.060385704040527,534900
2019-09-27,DBC,15.109999656677246,15.25,15.109999656677246,15.1899995803833,13.009002685546875,631300
2019-09-30,DBC,15.100000381469727,15.170000076293945,15.0,15.039999961853027,12.880538940429688,861500
2019-10-01,DBC,15.0600004196167,15.09000015258789,14.970000267028809,15.029999732971191,12.87197494506836,967400
2019-10-02,DBC,15.029999732971191,15.029999732971191,14.84000015258789,14.899999618530273,12.760641098022461,944400
2019-10-03,DBC,14.800000190734863,14.930000305175781,14.729999542236328,14.880000114440918,12.743512153625488,794600
2019-10-04,DBC,14.979999542236328,15.020000457763672,14.90999984741211,15.0,12.846281051635742,2165000
2019-10-07,DBC,15.010000228881836,15.079999923706055,14.960000038146973,14.979999542236328,12.829153060913086,946100
2019-10-08,DBC,14.90999984741211,15.029999732971191,14.890000343322754,14.970000267028809,12.820590019226074,2715400
2019-10-09,DBC,15.109999656677246,15.140000343322754,15.0,15.010000228881836,12.854846954345703,913400
2019-10-10,DBC,15.109999656677246,15.119999885559082,15.050000190734863,15.109999656677246,12.940488815307617,655900
2019-10-11,DBC,15.170000076293945,15.319999694824219,15.170000076293945,15.289999961853027,13.094643592834473,1416900
2019-10-14,DBC,15.1899995803833,15.229999542236328,15.119999885559082,15.220000267028809,13.03469467163086,506400
2019-10-15,DBC,15.199999809265137,15.25,15.140000343322754,15.180000305175781,13.000438690185547,1054800
2019-10-16,DBC,15.140000343322754,15.260000228881836,15.140000343322754,15.199999809265137,13.017566680908203,599200
2019-10-17,DBC,15.1899995803833,15.289999961853027,15.15999984741211,15.260000228881836,13.068951606750488,1415700
2019-10-18,DBC,15.300000190734863,15.329999923706055,15.220000267028809,15.25,13.060385704040527,1001200
2019-10-21,DBC,15.180000305175781,15.239999771118164,15.15999984741211,15.229999542236328,13.043257713317871,726300
2019-10-22,DBC,15.300000190734863,15.359999656677246,15.220000267028809,15.25,13.060385704040527,2162300
2019-10-23,DBC,15.229999542236328,15.460000038146973,15.229999542236328,15.4399995803833,13.22310733795166,843700
2019-10-24,DBC,15.489999771118164,15.5600004196167,15.479999542236328,15.520000457763672,13.291621208190918,626800
2019-10-25,DBC,15.539999961853027,15.609999656677246,15.470000267028809,15.609999656677246,13.368698120117188,525200
2019-10-28,DBC,15.630000114440918,15.640000343322754,15.510000228881836,15.550000190734863,13.317313194274902,538100
2019-10-29,DBC,15.4399995803833,15.59000015258789,15.4399995803833,15.520000457763672,13.291621208190918,549900
2019-10-30,DBC,15.520000457763672,15.529999732971191,15.369999885559082,15.420000076293945,13.205979347229004,971200
2019-10-31,DBC,15.380000114440918,15.380000114440918,15.260000228881836,15.329999923706055,13.128900527954102,761900
2019-11-01,DBC,15.420000076293945,15.649999618530273,15.420000076293945,15.609999656677246,13.368698120117188,1221500
2019-11-04,DBC,15.739999771118164,15.779999732971191,15.6899995803833,15.710000038146973,13.454339027404785,687600
2019-11-05,DBC,15.760000228881836,15.789999961853027,15.720000267028809,15.75,13.488595962524414,455800
2019-11-06,DBC,15.710000038146973,15.770000457763672,15.550000190734863,15.579999923706055,13.343005180358887,669300
2019-11-07,DBC,15.640000343322754,15.65999984741211,15.550000190734863,15.569999694824219,13.334441184997559,809400
2019-11-08,DBC,15.430000305175781,15.609999656677246,15.359999656677246,15.609999656677246,13.368698120117188,953900
2019-11-11,DBC,15.460000038146973,15.59000015258789,15.460000038146973,15.510000228881836,13.283056259155273,612600
2019-11-12,DBC,15.539999961853027,15.569999694824219,15.470000267028809,15.520000457763672,13.291621208190918,450300
2019-11-13,DBC,15.460000038146973,15.569999694824219,15.4399995803833,15.550000190734863,13.317313194274902,5073800
2019-11-14,DBC,15.59000015258789,15.609999656677246,15.470000267028809,15.5,13.274491310119629,869100
2019-11-15,DBC,15.479999542236328,15.640000343322754,15.479999542236328,15.579999923706055,13.343005180358887,2619500
2019-11-18,DBC,15.489999771118164,15.510000228881836,15.390000343322754,15.420000076293945,13.205979347229004,637100
2019-11-19,DBC,15.350000381469727,15.369999885559082,15.260000228881836,15.279999732971191,13.086079597473145,547000
2019-11-20,DBC,15.359999656677246,15.520000457763672,15.329999923706055,15.479999542236328,13.257362365722656,1007400
2019-11-21,DBC,15.529999732971191,15.649999618530273,15.529999732971191,15.619999885559082,13.377262115478516,598100
2019-11-22,DBC,15.649999618530273,15.6899995803833,15.550000190734863,15.609999656677246,13.368698120117188,846800
2019-11-25,DBC,15.550000190734863,15.630000114440918,15.529999732971191,15.609999656677246,13.368698120117188,474200
2019-11-26,DBC,15.640000343322754,15.710000038146973,15.609999656677246,15.699999809265137,13.44577693939209,480700
2019-11-27,DBC,15.680000305175781,15.6899995803833,15.569999694824219,15.619999885559082,13.377262115478516,583600
2019-11-29,DBC,15.479999542236328,15.479999542236328,15.300000190734863,15.3100004196167,13.111772537231445,546200
2019-12-02,DBC,15.390000343322754,15.40999984741211,15.270000457763672,15.289999961853027,13.094643592834473,1310000
2019-12-03,DBC,15.270000457763672,15.359999656677246,15.229999542236328,15.300000190734863,13.1032075881958,1800300
2019-12-04,DBC,15.479999542236328,15.5600004196167,15.460000038146973,15.539999961853027,13.308748245239258,991200
2019-12-05,DBC,15.579999923706055,15.619999885559082,15.520000457763672,15.569999694824219,13.334441184997559,1011800
2019-12-06,DBC,15.539999961853027,15.720000267028809,15.539999961853027,15.670000076293945,13.420083999633789,1487900
2019-12-09,DBC,15.640000343322754,15.6899995803833,15.619999885559082,15.649999618530273,13.402955055236816,659800
2019-12-10,DBC,15.65999984741211,15.75,15.649999618530273,15.720000267028809,13.462904930114746,565300
2019-12-11,DBC,15.699999809265137,15.710000038146973,15.5600004196167,15.649999618530273,13.402955055236816,861700
2019-12-12,DBC,15.65999984741211,15.8100004196167,15.65999984741211,15.789999961853027,13.522852897644043,1424200
2019-12-13,DBC,15.800000190734863,15.979999542236328,15.779999732971191,15.869999885559082,13.5913667678833,1167600
2019-12-16,DBC,15.970000267028809,16.020000457763672,15.960000038146973,15.979999542236328,13.68557357788086,1753300
2019-12-17,DBC,16.0,16.06999969482422,16.0,16.049999237060547,13.74552059173584,834900
2019-12-18,DBC,16.09000015258789,16.100000381469727,16.0,16.059999465942383,13.754085540771484,1239400
2019-12-19,DBC,16.079999923706055,16.149999618530273,16.06999969482422,16.1299991607666,13.814035415649414,961300
2019-12-20,DBC,16.100000381469727,16.149999618530273,16.049999237060547,16.110000610351562,13.796907424926758,1043100
2019-12-23,DBC,15.819999694824219,15.869999885559082,15.789999961853027,15.859999656677246,13.80038833618164,837500
2019-12-24,DBC,15.859999656677246,15.949999809265137,15.859999656677246,15.930000305175781,13.861297607421875,466200
2019-12-26,DBC,15.970000267028809,16.049999237060547,15.970000267028809,16.049999237060547,13.965713500976562,679200
2019-12-27,DBC,16.059999465942383,16.09000015258789,16.020000457763672,16.079999923706055,13.99181842803955,1250000
2019-12-30,DBC,16.15999984741211,16.18000030517578,15.979999542236328,16.049999237060547,13.965713500976562,976300
2019-12-31,DBC,15.949999809265137,16.049999237060547,15.90999984741211,15.949999809265137,13.878700256347656,806100
2020-01-02,DBC,15.970000267028809,16.010000228881836,15.920000076293945,15.970000267028809,13.896102905273438,3026900
2020-01-03,DBC,16.229999542236328,16.25,16.1200008392334,16.15999984741211,14.061429977416992,3210100
2020-01-06,DBC,16.280000686645508,16.299999237060547,16.170000076293945,16.190000534057617,14.087533950805664,3232100
2020-01-07,DBC,16.15999984741211,16.219999313354492,16.1200008392334,16.18000030517578,14.078832626342773,1924600
2020-01-08,DBC,16.170000076293945,16.18000030517578,15.789999961853027,15.9399995803833,13.869998931884766,2340200
2020-01-09,DBC,15.850000381469727,15.890000343322754,15.770000457763672,15.869999885559082,13.809089660644531,1077900
2020-01-10,DBC,15.859999656677246,15.899999618530273,15.8100004196167,15.869999885559082,13.809089660644531,1877800
2020-01-13,DBC,15.8100004196167,15.8100004196167,15.710000038146973,15.75,13.704672813415527,1264500
2020-01-14,DBC,15.819999694824219,15.84000015258789,15.779999732971191,15.819999694824219,13.765583038330078,1201200
2020-01-15,DBC,15.779999732971191,15.779999732971191,15.65999984741211,15.739999771118164,13.695972442626953,669800
2020-01-16,DBC,15.75,15.770000457763672,15.680000305175781,15.720000267028809,13.678568840026855,1652300
2020-01-17,DBC,15.729999542236328,15.770000457763672,15.680000305175781,15.770000457763672,13.722076416015625,855400
2020-01-21,DBC,15.6899995803833,15.729999542236328,15.670000076293945,15.680000305175781,13.643763542175293,991500
2020-01-22,DBC,15.600000381469727,15.600000381469727,15.4399995803833,15.470000267028809,13.461033821105957,672600
2020-01-23,DBC,15.3100004196167,15.359999656677246,15.229999542236328,15.34000015258789,13.347915649414062,1331600
2020-01-24,DBC,15.1899995803833,15.1899995803833,15.0600004196167,15.109999656677246,13.147784233093262,1368800
2020-01-27,DBC,14.84000015258789,14.90999984741211,14.770000457763672,14.829999923706055,12.904145240783691,2608400
2020-01-28,DBC,14.84000015258789,14.970000267028809,14.8100004196167,14.899999618530273,12.965055465698242,1163300
2020-01-29,DBC,14.90999984741211,14.90999984741211,14.800000190734863,14.829999923706055,12.904145240783691,816700
2020-01-30,DBC,14.670000076293945,14.720000267028809,14.5600004196167,14.699999809265137,12.791027069091797,1849000
2020-01-31,DBC,14.569999694824219,14.670000076293945,14.5,14.579999923706055,12.68661117553711,1786400
2020-02-03,DBC,14.460000038146973,14.529999732971191,14.300000190734863,14.3100004196167,12.451675415039062,3464900
2020-02-04,DBC,14.460000038146973,14.470000267028809,14.319999694824219,14.329999923706055,12.469077110290527,1563100
2020-02-05,DBC,14.539999961853027,14.630000114440918,14.5,14.550000190734863,12.660507202148438,2575100
2020-02-06,DBC,14.529999732971191,14.609999656677246,14.479999542236328,14.609999656677246,12.712715148925781,2496500
2020-02-07,DBC,14.520000457763672,14.579999923706055,14.5,14.529999732971191,12.643105506896973,943000
2020-02-10,DBC,14.420000076293945,14.470000267028809,14.380000114440918,14.399999618530273,12.529986381530762,592900
2020-02-11,DBC,14.5,14.510000228881836,14.430000305175781,14.449999809265137,12.573493957519531,1181900
2020-02-12,DBC,14.649999618530273,14.670000076293945,14.59000015258789,14.649999618530273,12.74752140045166,1150300
2020-02-13,DBC,14.670000076293945,14.720000267028809,14.619999885559082,14.65999984741211,12.75622272491455,759100
2020-02-14,DBC,14.680000305175781,14.710000038146973,14.600000381469727,14.649999618530273,12.74752140045166,1613600
2020-02-18,DBC,14.649999618530273,14.779999732971191,14.649999618530273,14.760000228881836,12.843235969543457,946600
2020-02-19,DBC,14.819999694824219,14.90999984741211,14.770000457763672,14.899999618530273,12.965055465698242,555600
2020-02-20,DBC,14.90999984741211,14.960000038146973,14.819999694824219,14.84000015258789,12.912846565246582,961300
2020-02-21,DBC,14.760000228881836,14.789999961853027,14.710000038146973,14.779999732971191,12.860638618469238,667800
2020-02-24,DBC,14.479999542236328,14.529999732971191,14.399999618530273,14.5,12.617000579833984,769600
2020-02-25,DBC,14.470000267028809,14.479999542236328,14.229999542236328,14.229999542236328,12.382062911987305,1375500
2020-02-26,DBC,14.1899995803833,14.300000190734863,14.0600004196167,14.09000015258789,12.260244369506836,1027000
2020-02-27,DBC,13.819999694824219,13.949999809265137,13.739999771118164,13.850000381469727,12.051411628723145,1869500
2020-02-28,DBC,13.619999885559082,13.670000076293945,13.460000038146973,13.609999656677246,11.84257698059082,1348600
2020-03-02,DBC,13.729999542236328,13.930000305175781,13.670000076293945,13.920000076293945,12.112319946289062,3027700
2020-03-03,DBC,13.960000038146973,14.119999885559082,13.850000381469727,13.949999809265137,12.13842487335205,1575800
2020-03-04,DBC,14.050000190734863,14.079999923706055,13.890000343322754,13.960000038146973,12.147125244140625,1332700
2020-03-05,DBC,13.9399995803833,13.970000267028809,13.760000228881836,13.8100004196167,12.016606330871582,1889400
2020-03-06,DBC,13.579999923706055,13.609999656677246,13.289999961853027,13.359999656677246,11.625042915344238,3233600
2020-03-09,DBC,12.319999694824219,12.5600004196167,12.260000228881836,12.319999694824219,10.720098495483398,2698900
2020-03-10,DBC,12.670000076293945,12.760000228881836,12.539999961853027,12.710000038146973,11.059453964233398,4293300
2020-03-11,DBC,12.649999618530273,12.6899995803833,12.470000267028809,12.479999542236328,10.859321594238281,2488200
2020-03-12,DBC,12.010000228881836,12.260000228881836,11.510000228881836,11.979999542236328,10.4242525100708,4191700
2020-03-13,DBC,12.270000457763672,12.300000190734863,11.9399995803833,12.109999656677246,10.537370681762695,4491600
2020-03-16,DBC,11.359999656677246,11.569999694824219,11.199999809265137,11.380000114440918,9.902170181274414,3153200
2020-03-17,DBC,11.369999885559082,11.470000267028809,11.180000305175781,11.199999809265137,9.745545387268066,5784200
2020-03-18,DBC,10.930000305175781,11.020000457763672,10.40999984741211,10.829999923706055,9.42359447479248,3814000
2020-03-19,DBC,10.779999732971191,11.199999809265137,10.720000267028809,11.0600004196167,9.623725891113281,2311100
2020-03-20,DBC,11.319999694824219,11.319999694824219,10.859999656677246,10.9399995803833,9.519309043884277,1956700
2020-03-23,DBC,10.819999694824219,11.109999656677246,10.819999694824219,11.069999694824219,9.632427215576172,2089600
2020-03-24,DBC,11.300000190734863,11.399999618530273,11.220000267028809,11.3100004196167,9.84126091003418,1040400
2020-03-25,DBC,11.350000381469727,11.609999656677246,11.300000190734863,11.5,10.006587028503418,1486900
2020-03-26,DBC,11.470000267028809,11.59000015258789,11.329999923706055,11.460000038146973,9.971780776977539,1839200
2020-03-27,DBC,11.279999732971191,11.489999771118164,11.279999732971191,11.420000076293945,9.936975479125977,1420300
2020-03-30,DBC,11.329999923706055,11.399999618530273,11.180000305175781,11.390000343322754,9.910872459411621,1668100
2020-03-31,DBC,11.489999771118164,11.489999771118164,11.220000267028809,11.25,9.789052963256836,1218400
2020-04-01,DBC,11.109999656677246,11.119999885559082,10.90999984741211,10.930000305175781,9.510608673095703,1466400
2020-04-02,DBC,11.050000190734863,11.5,10.949999809265137,11.140000343322754,9.693337440490723,1624100
2020-04-03,DBC,11.380000114440918,11.449999809265137,11.220000267028809,11.420000076293945,9.936975479125977,961900
2020-04-06,DBC,11.430000305175781,11.539999961853027,11.350000381469727,11.479999542236328,9.98918342590332,1157200
2020-04-07,DBC,11.630000114440918,11.640000343322754,11.4399995803833,11.5600004196167,10.058794975280762,1923500
2020-04-08,DBC,11.550000190734863,11.619999885559082,11.399999618530273,11.529999732971191,10.032690048217773,1357100
2020-04-09,DBC,11.550000190734863,11.84000015258789,11.470000267028809,11.5600004196167,10.058794975280762,1923500
2020-04-13,DBC,11.649999618530273,11.770000457763672,11.600000381469727,11.760000228881836,10.232823371887207,1351800
2020-04-14,DBC,11.75,11.75,11.600000381469727,11.65999984741211,10.145807266235352,1098000
2020-04-15,DBC,11.470000267028809,11.5,11.350000381469727,11.420000076293945,9.936975479125977,1272200
2020-04-16,DBC,11.449999809265137,11.489999771118164,11.289999961853027,11.390000343322754,9.910872459411621,1522400
2020-04-17,DBC,11.390000343322754,11.470000267028809,11.369999885559082,11.4399995803833,9.954378128051758,1055400
2020-04-20,DBC,11.229999542236328,11.390000343322754,11.220000267028809,11.25,9.789052963256836,2004200
2020-04-21,DBC,10.899999618530273,10.899999618530273,10.479999542236328,10.720000267028809,9.327879905700684,3327800
2020-04-22,DBC,10.890000343322754,10.989999771118164,10.760000228881836,10.869999885559082,9.45840072631836,1321600
2020-04-23,DBC,11.0,11.09000015258789,10.75,10.84000015258789,9.432295799255371,1132000
2020-04-24,DBC,10.829999923706055,10.829999923706055,10.630000114440918,10.699999809265137,9.310476303100586,941300
2020-04-27,DBC,10.550000190734863,10.569999694824219,10.460000038146973,10.5,9.136449813842773,971200
2020-04-28,DBC,10.550000190734863,10.59000015258789,10.5,10.510000228881836,9.145150184631348,956800
2020-04-29,DBC,10.720000267028809,10.760000228881836,10.649999618530273,10.699999809265137,9.310476303100586,802900
2020-04-30,DBC,10.8100004196167,10.960000038146973,10.65999984741211,10.899999618530273,9.484502792358398,1439600
2020-05-01,DBC,10.8100004196167,10.829999923706055,10.699999809265137,10.760000228881836,9.362685203552246,1999800
2020-05-04,DBC,10.739999771118164,10.890000343322754,10.65999984741211,10.890000343322754,9.475802421569824,840900
2020-05-05,DBC,11.039999961853027,11.1899995803833,11.029999732971191,11.170000076293945,9.719441413879395,931900
2020-05-06,DBC,11.109999656677246,11.109999656677246,10.859999656677246,10.949999809265137,9.528010368347168,880900
2020-05-07,DBC,11.15999984741211,11.210000038146973,11.0,11.020000457763672,9.588919639587402,530500
2020-05-08,DBC,11.119999885559082,11.25,11.069999694824219,11.25,9.789052963256836,981600
2020-05-11,DBC,11.220000267028809,11.239999771118164,11.039999961853027,11.100000381469727,9.65853214263916,1083100
2020-05-12,DBC,11.100000381469727,11.109999656677246,11.0,11.010000228881836,9.580220222473145,1232000
2020-05-13,DBC,10.989999771118164,11.029999732971191,10.869999885559082,10.899999618530273,9.484502792358398,571700
2020-05-14,DBC,10.90999984741211,11.119999885559082,10.90999984741211,11.09000015258789,9.649829864501953,490600
2020-05-15,DBC,11.210000038146973,11.229999542236328,11.100000381469727,11.199999809265137,9.745545387268066,830200
2020-05-18,DBC,11.449999809265137,11.569999694824219,11.430000305175781,11.520000457763672,10.0239896774292,1097800
2020-05-19,DBC,11.539999961853027,11.569999694824219,11.449999809265137,11.489999771118164,9.997885704040527,411200
2020-05-20,DBC,11.65999984741211,11.710000038146973,11.609999656677246,11.6899995803833,10.17191219329834,863500
2020-05-21,DBC,11.720000267028809,11.739999771118164,11.569999694824219,11.640000343322754,10.128406524658203,570000
2020-05-22,DBC,11.510000228881836,11.59000015258789,11.420000076293945,11.550000190734863,10.050093650817871,768900
2020-05-26,DBC,11.670000076293945,11.729999542236328,11.569999694824219,11.670000076293945,10.154509544372559,842300
2020-05-27,DBC,11.579999923706055,11.59000015258789,11.4399995803833,11.520000457763672,10.0239896774292,467100
2020-05-28,DBC,11.529999732971191,11.6899995803833,11.5,11.579999923706055,10.076197624206543,678300
2020-05-29,DBC,11.550000190734863,11.84000015258789,11.510000228881836,11.779999732971191,10.250225067138672,1109300
2020-06-01,DBC,11.729999542236328,11.850000381469727,11.720000267028809,11.850000381469727,10.311136245727539,970900
2020-06-02,DBC,11.930000305175781,11.979999542236328,11.890000343322754,11.979999542236328,10.4242525100708,706400
2020-06-03,DBC,11.949999809265137,12.039999961853027,11.869999885559082,11.979999542236328,10.4242525100708,862800
2020-06-04,DBC,11.989999771118164,12.140000343322754,11.989999771118164,12.079999923706055,10.511266708374023,1091400
2020-06-05,DBC,12.289999961853027,12.34000015258789,12.260000228881836,12.319999694824219,10.720098495483398,1500400
2020-06-08,DBC,12.3100004196167,12.329999923706055,12.210000038146973,12.239999771118164,10.650487899780273,1581200
2020-06-09,DBC,12.180000305175781,12.329999923706055,12.149999618530273,12.279999732971191,10.685293197631836,646100
2020-06-10,DBC,12.289999961853027,12.4399995803833,12.239999771118164,12.359999656677246,10.754904747009277,1292000
2020-06-11,DBC,12.09000015258789,12.149999618530273,11.90999984741211,11.960000038146973,10.40684986114502,1122900
2020-06-12,DBC,12.079999923706055,12.140000343322754,11.949999809265137,12.010000228881836,10.450358390808105,693900
2020-06-15,DBC,11.859999656677246,12.149999618530273,11.8100004196167,12.119999885559082,10.546072006225586,652100
2020-06-16,DBC,12.279999732971191,12.359999656677246,12.140000343322754,12.220000267028809,10.633086204528809,891900
2020-06-17,DBC,12.180000305175781,12.239999771118164,12.130000114440918,12.15999984741211,10.580877304077148,540400
2020-06-18,DBC,12.140000343322754,12.25,12.140000343322754,12.229999542236328,10.6417875289917,951700
2020-06-19,DBC,12.399999618530273,12.40999984741211,12.199999809265137,12.329999923706055,10.728800773620605,1605400
2020-06-22,DBC,12.380000114440918,12.470000267028809,12.350000381469727,12.460000038146973,10.8419189453125,939800
2020-06-23,DBC,12.479999542236328,12.520000457763672,12.380000114440918,12.399999618530273,10.789710998535156,745900
2020-06-24,DBC,12.359999656677246,12.380000114440918,12.0600004196167,12.09000015258789,10.519968032836914,1372500
2020-06-25,DBC,12.069999694824219,12.199999809265137,12.0600004196167,12.199999809265137,10.615682601928711,618900
2020-06-26,DBC,12.140000343322754,12.140000343322754,12.0,12.050000190734863,10.485162734985352,738000
2020-06-29,DBC,12.149999618530273,12.279999732971191,12.119999885559082,12.25,10.65919017791748,790600
2020-06-30,DBC,12.220000267028809,12.390000343322754,12.210000038146973,12.3100004196167,10.711398124694824,1118200
2020-07-01,DBC,12.380000114440918,12.420000076293945,12.270000457763672,12.40999984741211,10.798412322998047,1117600
2020-07-02,DBC,12.470000267028809,12.529999732971191,12.399999618530273,12.460000038146973,10.8419189453125,1422000
2020-07-06,DBC,12.5600004196167,12.609999656677246,12.520000457763672,12.5600004196167,10.928933143615723,1475500
2020-07-07,DBC,12.510000228881836,12.630000114440918,12.5,12.569999694824219,10.937634468078613,1142000
2020-07-08,DBC,12.649999618530273,12.729999542236328,12.630000114440918,12.729999542236328,11.07685661315918,819900
2020-07-09,DBC,12.760000228881836,12.770000457763672,12.569999694824219,12.579999923706055,10.946335792541504,747400
2020-07-10,DBC,12.619999885559082,12.720000267028809,12.619999885559082,12.65999984741211,11.015946388244629,661700
2020-07-13,DBC,12.680000305175781,12.710000038146973,12.529999732971191,12.529999732971191,10.902828216552734,805100
2020-07-14,DBC,12.470000267028809,12.640000343322754,12.449999809265137,12.59000015258789,10.955038070678711,653700
2020-07-15,DBC,12.619999885559082,12.760000228881836,12.579999923706055,12.739999771118164,11.085556983947754,1464200
2020-07-16,DBC,12.670000076293945,12.710000038146973,12.619999885559082,12.640000343322754,10.998544692993164,1093600
2020-07-17,DBC,12.640000343322754,12.680000305175781,12.5600004196167,12.65999984741211,11.015946388244629,1712300
2020-07-20,DBC,12.609999656677246,12.680000305175781,12.529999732971191,12.649999618530273,11.007246017456055,783200
2020-07-21,DBC,12.829999923706055,12.90999984741211,12.819999694824219,12.829999923706055,11.163869857788086,2112400
2020-07-22,DBC,12.819999694824219,12.9399995803833,12.800000190734863,12.90999984741211,11.233480453491211,1469200
2020-07-23,DBC,12.90999984741211,12.970000267028809,12.819999694824219,12.880000114440918,11.207376480102539,1032100
2020-07-24,DBC,12.869999885559082,12.899999618530273,12.8100004196167,12.899999618530273,11.22477912902832,702700
2020-07-27,DBC,12.989999771118164,13.039999961853027,12.880000114440918,13.020000457763672,11.329197883605957,1721900
2020-07-28,DBC,12.960000038146973,12.989999771118164,12.90999984741211,12.949999809265137,11.26828670501709,907100
2020-07-29,DBC,13.0,13.050000190734863,12.979999542236328,13.020000457763672,11.329197883605957,815200
2020-07-30,DBC,12.859999656677246,12.920000076293945,12.65999984741211,12.869999885559082,11.198676109313965,1394600
2020-07-31,DBC,12.930000305175781,12.960000038146973,12.869999885559082,12.9399995803833,11.259584426879883,1297300
2020-08-03,DBC,13.0,13.109999656677246,12.970000267028809,13.069999694824219,11.372703552246094,1288100
2020-08-04,DBC,13.0,13.199999809265137,12.979999542236328,13.140000343322754,11.433613777160645,860800
2020-08-05,DBC,13.40999984741211,13.430000305175781,13.239999771118164,13.25,11.529328346252441,1278600
2020-08-06,DBC,13.380000114440918,13.390000343322754,13.300000190734863,13.350000381469727,11.616342544555664,1158700
2020-08-07,DBC,13.260000228881836,13.260000228881836,13.09000015258789,13.170000076293945,11.459716796875,1172900
2020-08-10,DBC,13.260000228881836,13.3100004196167,13.210000038146973,13.239999771118164,11.520626068115234,774900
2020-08-11,DBC,13.229999542236328,13.260000228881836,13.029999732971191,13.029999732971191,11.337897300720215,1284600
2020-08-12,DBC,13.149999618530273,13.239999771118164,13.149999618530273,13.170000076293945,11.459716796875,574400
2020-08-13,DBC,13.210000038146973,13.279999732971191,13.1899995803833,13.239999771118164,11.520626068115234,862100
2020-08-14,DBC,13.25,13.300000190734863,13.199999809265137,13.239999771118164,11.520626068115234,790300
2020-08-17,DBC,13.34000015258789,13.460000038146973,13.34000015258789,13.460000038146973,11.712056159973145,649700
2020-08-18,DBC,13.470000267028809,13.529999732971191,13.399999618530273,13.489999771118164,11.738161087036133,3484400
2020-08-19,DBC,13.489999771118164,13.529999732971191,13.430000305175781,13.449999809265137,11.70335578918457,824600
2020-08-20,DBC,13.319999694824219,13.449999809265137,13.270000457763672,13.430000305175781,11.685953140258789,1992400
2020-08-21,DBC,13.279999732971191,13.300000190734863,13.199999809265137,13.300000190734863,11.572834968566895,828300
2020-08-24,DBC,13.399999618530273,13.420000076293945,13.34000015258789,13.369999885559082,11.633745193481445,1174200
2020-08-25,DBC,13.489999771118164,13.489999771118164,13.430000305175781,13.479999542236328,11.729458808898926,798000
2020-08-26,DBC,13.479999542236328,13.529999732971191,13.449999809265137,13.510000228881836,11.75556468963623,816100
2020-08-27,DBC,13.539999961853027,13.550000190734863,13.369999885559082,13.460000038146973,11.712056159973145,687600
2020-08-28,DBC,13.520000457763672,13.569999694824219,13.489999771118164,13.550000190734863,11.790369033813477,893100
2020-08-31,DBC,13.600000381469727,13.600000381469727,13.510000228881836,13.539999961853027,11.78166675567627,1722200
2020-09-01,DBC,13.59000015258789,13.65999984741211,13.539999961853027,13.5600004196167,11.799070358276367,1436500
2020-09-02,DBC,13.539999961853027,13.539999961853027,13.350000381469727,13.380000114440918,11.642446517944336,1417600
2020-09-03,DBC,13.300000190734863,13.3100004196167,13.130000114440918,13.260000228881836,11.538029670715332,970400
2020-09-04,DBC,13.220000267028809,13.270000457763672,13.09000015258789,13.140000343322754,11.433613777160645,2013400
2020-09-08,DBC,12.789999961853027,12.859999656677246,12.699999809265137,12.819999694824219,11.155167579650879,2071400
2020-09-09,DBC,12.859999656677246,12.989999771118164,12.8100004196167,12.9399995803833,11.259584426879883,1337600
2020-09-10,DBC,12.930000305175781,12.989999771118164,12.800000190734863,12.8100004196167,11.146467208862305,1267700
2020-09-11,DBC,12.859999656677246,12.9399995803833,12.84000015258789,12.899999618530273,11.22477912902832,863000
2020-09-14,DBC,12.880000114440918,12.9399995803833,12.850000381469727,12.90999984741211,11.233480453491211,948500
2020-09-15,DBC,12.930000305175781,13.020000457763672,12.890000343322754,12.979999542236328,11.294389724731445,1055700
2020-09-16,DBC,13.069999694824219,13.25,13.069999694824219,13.220000267028809,11.50322437286377,745900
2020-09-17,DBC,13.149999618530273,13.380000114440918,13.119999885559082,13.369999885559082,11.633745193481445,669800
2020-09-18,DBC,13.369999885559082,13.4399995803833,13.34000015258789,13.430000305175781,11.685953140258789,538700
2020-09-21,DBC,13.25,13.260000228881836,12.960000038146973,13.100000381469727,11.398807525634766,1056400
2020-09-22,DBC,13.119999885559082,13.15999984741211,12.970000267028809,13.039999961853027,11.346598625183105,518600
2020-09-23,DBC,13.0,13.050000190734863,12.880000114440918,12.890000343322754,11.216078758239746,1531100
2020-09-24,DBC,12.850000381469727,12.989999771118164,12.8100004196167,12.949999809265137,11.26828670501709,1222800
2020-09-25,DBC,12.920000076293945,12.989999771118164,12.899999618530273,12.949999809265137,11.26828670501709,622400
2020-09-28,DBC,12.989999771118164,13.09000015258789,12.949999809265137,13.0600004196167,11.364002227783203,799600
2020-09-29,DBC,12.979999542236328,13.010000228881836,12.829999923706055,12.90999984741211,11.233480453491211,583300
2020-09-30,DBC,12.9399995803833,13.100000381469727,12.90999984741211,13.0600004196167,11.364002227783203,1374000
2020-10-01,DBC,12.979999542236328,12.979999542236328,12.779999732971191,12.899999618530273,11.22477912902832,2113900
2020-10-02,DBC,12.680000305175781,12.819999694824219,12.640000343322754,12.739999771118164,11.085556983947754,1360500
2020-10-05,DBC,12.970000267028809,13.09000015258789,12.970000267028809,13.069999694824219,11.372703552246094,1451400
2020-10-06,DBC,13.199999809265137,13.279999732971191,13.100000381469727,13.119999885559082,11.416210174560547,777200
2020-10-07,DBC,13.15999984741211,13.1899995803833,13.079999923706055,13.170000076293945,11.459716796875,715500
2020-10-08,DBC,13.289999961853027,13.329999923706055,13.229999542236328,13.300000190734863,11.572834968566895,1335200
2020-10-09,DBC,13.329999923706055,13.420000076293945,13.300000190734863,13.34000015258789,11.607640266418457,1132400
2020-10-12,DBC,13.329999923706055,13.329999923706055,13.170000076293945,13.199999809265137,11.485820770263672,984300
2020-10-13,DBC,13.220000267028809,13.239999771118164,13.15999984741211,13.229999542236328,11.51192569732666,1044500
2020-10-14,DBC,13.279999732971191,13.34000015258789,13.270000457763672,13.319999694824219,11.59023666381836,564600
2020-10-15,DBC,13.140000343322754,13.359999656677246,13.109999656677246,13.359999656677246,11.625042915344238,574200
2020-10-16,DBC,13.25,13.3100004196167,13.220000267028809,13.270000457763672,11.546731948852539,621800
2020-10-19,DBC,13.359999656677246,13.380000114440918,13.270000457763672,13.279999732971191,11.555432319641113,478900
2020-10-20,DBC,13.300000190734863,13.470000267028809,13.300000190734863,13.430000305175781,11.685953140258789,1144800
2020-10-21,DBC,13.399999618530273,13.470000267028809,13.289999961853027,13.319999694824219,11.59023666381836,558000
2020-10-22,DBC,13.329999923706055,13.420000076293945,13.300000190734863,13.359999656677246,11.625042915344238,575500
2020-10-23,DBC,13.359999656677246,13.380000114440918,13.220000267028809,13.260000228881836,11.538029670715332,1042500
2020-10-26,DBC,13.170000076293945,13.170000076293945,13.050000190734863,13.069999694824219,11.372703552246094,583000
2020-10-27,DBC,13.140000343322754,13.220000267028809,13.100000381469727,13.15999984741211,11.45101547241211,651300
2020-10-28,DBC,12.859999656677246,12.869999885559082,12.779999732971191,12.8100004196167,11.146467208862305,1743800
2020-10-29,DBC,12.520000457763672,12.6899995803833,12.479999542236328,12.649999618530273,11.007246017456055,1007700
2020-10-30,DBC,12.670000076293945,12.680000305175781,12.569999694824219,12.649999618530273,11.007246017456055,2362800
2020-11-02,DBC,12.630000114440918,12.890000343322754,12.630000114440918,12.880000114440918,11.207376480102539,5856300
2020-11-03,DBC,13.0,13.020000457763672,12.920000076293945,12.960000038146973,11.276987075805664,877000
2020-11-04,DBC,13.050000190734863,13.140000343322754,12.930000305175781,13.100000381469727,11.398807525634766,796000
2020-11-05,DBC,13.210000038146973,13.289999961853027,13.140000343322754,13.15999984741211,11.45101547241211,970700
2020-11-06,DBC,13.149999618530273,13.180000305175781,13.0600004196167,13.109999656677246,11.407508850097656,855300
2020-11-09,DBC,13.4399995803833,13.460000038146973,13.270000457763672,13.270000457763672,11.546731948852539,1278500
2020-11-10,DBC,13.420000076293945,13.550000190734863,13.380000114440918,13.529999732971191,11.772966384887695,2037200
2020-11-11,DBC,13.649999618530273,13.6899995803833,13.5,13.520000457763672,11.764266014099121,1591900
2020-11-12,DBC,13.569999694824219,13.600000381469727,13.399999618530273,13.40999984741211,11.668549537658691,1013500
2020-11-13,DBC,13.40999984741211,13.4399995803833,13.329999923706055,13.350000381469727,11.616342544555664,785100
2020-11-16,DBC,13.539999961853027,13.5600004196167,13.449999809265137,13.470000267028809,11.720758438110352,1073600
2020-11-17,DBC,13.399999618530273,13.539999961853027,13.399999618530273,13.510000228881836,11.75556468963623,840300
2020-11-18,DBC,13.5600004196167,13.640000343322754,13.529999732971191,13.529999732971191,11.772966384887695,1260000
2020-11-19,DBC,13.479999542236328,13.550000190734863,13.4399995803833,13.529999732971191,11.772966384887695,632400
2020-11-20,DBC,13.5600004196167,13.609999656677246,13.539999961853027,13.600000381469727,11.83387565612793,879600
2020-11-23,DBC,13.65999984741211,13.6899995803833,13.609999656677246,13.640000343322754,11.868682861328125,1069100
2020-11-24,DBC,13.819999694824219,13.979999542236328,13.800000190734863,13.930000305175781,12.12102222442627,1376500
2020-11-25,DBC,14.029999732971191,14.100000381469727,13.960000038146973,14.050000190734863,12.225438117980957,2317000
2020-11-27,DBC,13.989999771118164,14.0600004196167,13.970000267028809,14.020000457763672,12.199335098266602,803400
2020-11-30,DBC,14.029999732971191,14.029999732971191,13.880000114440918,13.9399995803833,12.129722595214844,2898600
2020-12-01,DBC,13.979999542236328,13.989999771118164,13.819999694824219,13.899999618530273,12.094917297363281,7662200
2020-12-02,DBC,13.859999656677246,14.0600004196167,13.84000015258789,13.960000038146973,12.147125244140625,1188100
2020-12-03,DBC,13.930000305175781,14.010000228881836,13.869999885559082,13.979999542236328,12.164527893066406,1626700
2020-12-04,DBC,14.010000228881836,14.100000381469727,13.989999771118164,14.039999961853027,12.216736793518066,2366700
2020-12-07,DBC,13.970000267028809,14.140000343322754,13.9399995803833,14.039999961853027,12.216736793518066,3676900
2020-12-08,DBC,14.029999732971191,14.0600004196167,13.960000038146973,14.0600004196167,12.234139442443848,1360100
2020-12-09,DBC,14.119999885559082,14.140000343322754,13.979999542236328,14.069999694824219,12.242840766906738,1498800
2020-12-10,DBC,14.199999809265137,14.399999618530273,14.199999809265137,14.279999732971191,12.425570487976074,1009000
2020-12-11,DBC,14.220000267028809,14.260000228881836,14.15999984741211,14.239999771118164,12.390764236450195,1309500
2020-12-14,DBC,14.289999961853027,14.3100004196167,14.119999885559082,14.279999732971191,12.425570487976074,1335300
2020-12-15,DBC,14.3100004196167,14.399999618530273,14.3100004196167,14.390000343322754,12.521286010742188,1110200
2020-12-16,DBC,14.430000305175781,14.489999771118164,14.359999656677246,14.470000267028809,12.590896606445312,964300
2020-12-17,DBC,14.600000381469727,14.649999618530273,14.5600004196167,14.640000343322754,12.73882007598877,1279500
2020-12-18,DBC,14.670000076293945,14.739999771118164,14.649999618530273,14.6899995803833,12.782325744628906,1134900
2020-12-21,DBC,14.399999618530273,14.569999694824219,14.380000114440918,14.539999961853027,12.651805877685547,1503000
2020-12-22,DBC,14.4399995803833,14.479999542236328,14.369999885559082,14.380000114440918,12.512584686279297,1534200
2020-12-23,DBC,14.470000267028809,14.649999618530273,14.460000038146973,14.5600004196167,12.669208526611328,1786400
2020-12-24,DBC,14.529999732971191,14.600000381469727,14.510000228881836,14.600000381469727,12.70401382446289,1268000
2020-12-28,DBC,14.59000015258789,14.600000381469727,14.470000267028809,14.510000228881836,12.625702857971191,2050300
2020-12-29,DBC,14.529999732971191,14.579999923706055,14.5,14.550000190734863,12.660507202148438,1315000
2020-12-30,DBC,14.539999961853027,14.6899995803833,14.529999732971191,14.640000343322754,12.73882007598877,2086800
2020-12-31,DBC,14.600000381469727,14.699999809265137,14.569999694824219,14.699999809265137,12.791027069091797,3678300
2021-01-04,DBC,14.84000015258789,14.880000114440918,14.600000381469727,14.619999885559082,12.721416473388672,5740000
2021-01-05,DBC,14.890000343322754,15.079999923706055,14.890000343322754,15.029999732971191,13.078174591064453,2395800
2021-01-06,DBC,15.050000190734863,15.149999618530273,14.970000267028809,15.050000190734863,13.095576286315918,3370800
2021-01-07,DBC,15.109999656677246,15.15999984741211,15.09000015258789,15.119999885559082,13.156485557556152,2627200
2021-01-08,DBC,15.220000267028809,15.260000228881836,15.109999656677246,15.239999771118164,13.260902404785156,2920300
2021-01-11,DBC,15.079999923706055,15.180000305175781,15.029999732971191,15.130000114440918,13.16518783569336,2247800
2021-01-12,DBC,15.289999961853027,15.430000305175781,15.25,15.420000076293945,13.41752815246582,1635300
2021-01-13,DBC,15.390000343322754,15.430000305175781,15.319999694824219,15.380000114440918,13.382721900939941,1579700
2021-01-14,DBC,15.359999656677246,15.539999961853027,15.359999656677246,15.520000457763672,13.504541397094727,1371400
2021-01-15,DBC,15.390000343322754,15.430000305175781,15.25,15.300000190734863,13.3131103515625,1409600
2021-01-19,DBC,15.380000114440918,15.399999618530273,15.3100004196167,15.350000381469727,13.35661792755127,1516700
2021-01-20,DBC,15.399999618530273,15.420000076293945,15.329999923706055,15.359999656677246,13.36531925201416,1511900
2021-01-21,DBC,15.390000343322754,15.399999618530273,15.3100004196167,15.350000381469727,13.35661792755127,2822900
2021-01-22,DBC,15.100000381469727,15.229999542236328,15.069999694824219,15.09000015258789,13.130382537841797,2413700
2021-01-25,DBC,15.100000381469727,15.270000457763672,15.069999694824219,15.25,13.269603729248047,1596000
2021-01-26,DBC,15.300000190734863,15.34000015258789,15.25,15.279999732971191,13.295707702636719,704100
2021-01-27,DBC,15.260000228881836,15.350000381469727,15.130000114440918,15.239999771118164,13.260902404785156,1166200
2021-01-28,DBC,15.399999618530273,15.449999809265137,15.170000076293945,15.170000076293945,13.199993133544922,2234400
2021-01-29,DBC,15.34000015258789,15.359999656677246,15.15999984741211,15.1899995803833,13.217394828796387,3890600
2021-02-01,DBC,15.40999984741211,15.489999771118164,15.260000228881836,15.479999542236328,13.469735145568848,6799100
2021-02-02,DBC,15.600000381469727,15.630000114440918,15.539999961853027,15.600000381469727,13.574152946472168,2792800
2021-02-03,DBC,15.630000114440918,15.75,15.619999885559082,15.710000038146973,13.669867515563965,3059400
2021-02-04,DBC,15.710000038146973,15.789999961853027,15.579999923706055,15.789999961853027,13.739479064941406,3079800
2021-02-05,DBC,15.90999984741211,15.9399995803833,15.829999923706055,15.869999885559082,13.809089660644531,2757400
2021-02-08,DBC,16.0,16.1200008392334,15.989999771118164,16.1200008392334,14.02662467956543,2896800
2021-02-09,DBC,16.110000610351562,16.200000762939453,16.020000457763672,16.18000030517578,14.078832626342773,2420300
2021-02-10,DBC,16.200000762939453,16.200000762939453,16.110000610351562,16.149999618530273,14.052727699279785,2043300
2021-02-11,DBC,16.209999084472656,16.229999542236328,16.100000381469727,16.1200008392334,14.02662467956543,1515800
2021-02-12,DBC,16.139999389648438,16.34000015258789,16.1299991607666,16.31999969482422,14.200652122497559,2500100
2021-02-16,DBC,16.450000762939453,16.540000915527344,16.399999618530273,16.540000915527344,14.392083168029785,4066300
2021-02-17,DBC,16.459999084472656,16.600000381469727,16.40999984741211,16.59000015258789,14.435588836669922,2987500
2021-02-18,DBC,16.670000076293945,16.670000076293945,16.489999771118164,16.530000686645508,14.383381843566895,1672900
2021-02-19,DBC,16.610000610351562,16.700000762939453,16.479999542236328,16.520000457763672,14.374680519104004,1918000
2021-02-22,DBC,16.700000762939453,16.940000534057617,16.68000030517578,16.889999389648438,14.696629524230957,3947900
2021-02-23,DBC,16.850000381469727,17.0,16.739999771118164,16.969999313354492,14.766239166259766,3308200
2021-02-24,DBC,17.030000686645508,17.229999542236328,17.010000228881836,17.229999542236328,14.992476463317871,4457800
2021-02-25,DBC,17.15999984741211,17.209999084472656,17.09000015258789,17.09000015258789,14.87065601348877,3457100
2021-02-26,DBC,16.959999084472656,16.979999542236328,16.719999313354492,16.729999542236328,14.55740737915039,5138100
2021-03-01,DBC,16.799999237060547,16.84000015258789,16.510000228881836,16.59000015258789,14.435588836669922,6419900
2021-03-02,DBC,16.670000076293945,16.84000015258789,16.6200008392334,16.65999984741211,14.496499061584473,4257900
2021-03-03,DBC,16.729999542236328,16.84000015258789,16.65999984741211,16.760000228881836,14.583512306213379,4502700
2021-03-04,DBC,16.809999465942383,17.15999984741211,16.75,17.020000457763672,14.809747695922852,4591800
2021-03-05,DBC,17.260000228881836,17.3799991607666,17.18000030517578,17.3700008392334,15.114296913146973,5416000
2021-03-08,DBC,17.260000228881836,17.270000457763672,17.1299991607666,17.1299991607666,14.905463218688965,4591600
2021-03-09,DBC,17.219999313354492,17.25,17.100000381469727,17.1299991607666,14.905463218688965,2144700
2021-03-10,DBC,17.170000076293945,17.25,17.079999923706055,17.239999771118164,15.001179695129395,1408000
2021-03-11,DBC,17.34000015258789,17.5,17.290000915527344,17.5,15.227415084838867,3588700
2021-03-12,DBC,17.399999618530273,17.479999542236328,17.360000610351562,17.420000076293945,15.157805442810059,1264900
2021-03-15,DBC,17.329999923706055,17.399999618530273,17.239999771118164,17.360000610351562,15.105596542358398,2926800
2021-03-16,DBC,17.270000457763672,17.350000381469727,17.190000534057617,17.290000915527344,15.044687271118164,1620800
2021-03-17,DBC,17.260000228881836,17.309999465942383,17.149999618530273,17.290000915527344,15.044687271118164,2061200
2021-03-18,DBC,17.049999237060547,17.079999923706055,16.350000381469727,16.469999313354492,14.331171035766602,5431200
2021-03-19,DBC,16.579999923706055,16.860000610351562,16.459999084472656,16.829999923706055,14.644421577453613,2894400
2021-03-22,DBC,16.850000381469727,16.899999618530273,16.770000457763672,16.799999237060547,14.618318557739258,2651300
2021-03-23,DBC,16.479999542236328,16.65999984741211,16.309999465942383,16.329999923706055,14.209352493286133,4158000
2021-03-24,DBC,16.579999923706055,16.829999923706055,16.579999923706055,16.760000228881836,14.583512306213379,1831500
2021-03-25,DBC,16.540000915527344,16.56999969482422,16.290000915527344,16.3799991607666,14.252860069274902,2188400
2021-03-26,DBC,16.700000762939453,16.809999465942383,16.68000030517578,16.770000457763672,14.59221363067627,2163600
2021-03-29,DBC,16.68000030517578,16.790000915527344,16.559999465942383,16.790000915527344,14.60961627960205,1683700
2021-03-30,DBC,16.59000015258789,16.649999618530273,16.5,16.520000457763672,14.374680519104004,2385700
2021-03-31,DBC,16.5,16.799999237060547,16.5,16.610000610351562,14.452991485595703,3731200
2021-04-01,DBC,16.81999969482422,16.940000534057617,16.59000015258789,16.889999389648438,14.696629524230957,4793200
2021-04-05,DBC,16.780000686645508,16.829999923706055,16.469999313354492,16.639999389648438,14.479095458984375,1756700
2021-04-06,DBC,16.829999923706055,16.93000030517578,16.690000534057617,16.700000762939453,14.531304359436035,1831300
2021-04-07,DBC,16.700000762939453,16.770000457763672,16.56999969482422,16.75,14.574810981750488,2050700
2021-04-08,DBC,16.760000228881836,16.84000015258789,16.68000030517578,16.84000015258789,14.653124809265137,1903100
2021-04-09,DBC,16.790000915527344,16.829999923706055,16.75,16.780000686645508,14.600915908813477,1550300
2021-04-12,DBC,16.8700008392334,16.899999618530273,16.739999771118164,16.790000915527344,14.60961627960205,1461500
2021-04-13,DBC,16.889999389648438,16.969999313354492,16.8799991607666,16.969999313354492,14.766239166259766,1825100
2021-04-14,DBC,17.1299991607666,17.420000076293945,17.1200008392334,17.360000610351562,15.105596542358398,3684800
2021-04-15,DBC,17.420000076293945,17.489999771118164,17.34000015258789,17.469999313354492,15.201310157775879,1568800
2021-04-16,DBC,17.489999771118164,17.510000228881836,17.420000076293945,17.440000534057617,15.175206184387207,1226900
2021-04-19,DBC,17.479999542236328,17.549999237060547,17.440000534057617,17.459999084472656,15.192607879638672,1981600
2021-04-20,DBC,17.549999237060547,17.59000015258789,17.290000915527344,17.43000030517578,15.166505813598633,2692100
2021-04-21,DBC,17.239999771118164,17.489999771118164,17.219999313354492,17.360000610351562,15.105596542358398,1869800
2021-04-22,DBC,17.450000762939453,17.530000686645508,17.360000610351562,17.5,15.227415084838867,1663700
2021-04-23,DBC,17.479999542236328,17.639999389648438,17.459999084472656,17.639999389648438,15.349233627319336,5932200
2021-04-26,DBC,17.56999969482422,17.780000686645508,17.549999237060547,17.760000228881836,15.45365047454834,2750200
2021-04-27,DBC,17.850000381469727,17.93000030517578,17.760000228881836,17.90999984741211,15.584172248840332,2426600
2021-04-28,DBC,17.889999389648438,18.06999969482422,17.860000610351562,17.940000534057617,15.610275268554688,5241800
2021-04-29,DBC,18.149999618530273,18.149999618530273,17.93000030517578,18.059999465942383,15.714690208435059,3353900
2021-04-30,DBC,17.829999923706055,17.93000030517578,17.770000457763672,17.90999984741211,15.584172248840332,4693900
2021-05-03,DBC,18.079999923706055,18.15999984741211,18.040000915527344,18.110000610351562,15.758198738098145,6074800
2021-05-04,DBC,18.329999923706055,18.399999618530273,18.239999771118164,18.389999389648438,16.0018367767334,3464200
2021-05-05,DBC,18.489999771118164,18.549999237060547,18.399999618530273,18.459999084472656,16.062746047973633,6495800
2021-05-06,DBC,18.540000915527344,18.579999923706055,18.43000030517578,18.549999237060547,16.14105987548828,4525900
2021-05-07,DBC,18.579999923706055,18.729999542236328,18.510000228881836,18.729999542236328,16.297683715820312,6180400
2021-05-10,DBC,18.850000381469727,18.860000610351562,18.520000457763672,18.600000381469727,16.184566497802734,3358800
2021-05-11,DBC,18.549999237060547,18.84000015258789,18.549999237060547,18.799999237060547,16.358592987060547,7764600
2021-05-12,DBC,18.809999465942383,18.969999313354492,18.75,18.780000686645508,16.341190338134766,8831300
2021-05-13,DBC,18.43000030517578,18.520000457763672,18.18000030517578,18.260000228881836,15.888718605041504,5844100
2021-05-14,DBC,18.489999771118164,18.530000686645508,18.3700008392334,18.40999984741211,16.01923942565918,4489200
2021-05-17,DBC,18.520000457763672,18.639999389648438,18.5,18.639999389648438,16.219371795654297,5056200
2021-05-18,DBC,18.670000076293945,18.729999542236328,18.3799991607666,18.549999237060547,16.14105987548828,3729300
2021-05-19,DBC,18.229999542236328,18.260000228881836,17.959999084472656,18.170000076293945,15.810406684875488,5161000
2021-05-20,DBC,18.139999389648438,18.200000762939453,17.940000534057617,17.979999542236328,15.645079612731934,2828400
2021-05-21,DBC,18.15999984741211,18.18000030517578,18.079999923706055,18.149999618530273,15.793004035949707,3046300
2021-05-24,DBC,18.209999084472656,18.420000076293945,18.18000030517578,18.399999618530273,16.010540008544922,2823500
2021-05-25,DBC,18.389999389648438,18.43000030517578,18.299999237060547,18.34000015258789,15.958328247070312,1694600
2021-05-26,DBC,18.299999237060547,18.420000076293945,18.190000534057617,18.3700008392334,15.9844331741333,1948600
2021-05-27,DBC,18.459999084472656,18.65999984741211,18.440000534057617,18.65999984741211,16.236774444580078,1361800
2021-05-28,DBC,18.670000076293945,18.690000534057617,18.540000915527344,18.600000381469727,16.184566497802734,2356100
2021-06-01,DBC,18.959999084472656,19.110000610351562,18.799999237060547,18.93000030517578,16.471712112426758,5825900
2021-06-02,DBC,19.010000228881836,19.040000915527344,18.90999984741211,19.030000686645508,16.558727264404297,4525400
2021-06-03,DBC,19.010000228881836,19.010000228881836,18.770000457763672,18.8700008392334,16.419506072998047,3802100
2021-06-04,DBC,19.06999969482422,19.139999389648438,19.0,19.079999923706055,16.602231979370117,2921400
2021-06-07,DBC,19.18000030517578,19.190000534057617,19.079999923706055,19.110000610351562,16.628337860107422,2377800
2021-06-08,DBC,19.100000381469727,19.299999237060547,19.049999237060547,19.299999237060547,16.79366111755371,2150600
2021-06-09,DBC,19.290000915527344,19.31999969482422,19.149999618530273,19.209999084472656,16.715349197387695,2003400
2021-06-10,DBC,19.31999969482422,19.34000015258789,19.040000915527344,19.280000686645508,16.776260375976562,2445900
2021-06-11,DBC,19.209999084472656,19.229999542236328,19.1200008392334,19.219999313354492,16.724050521850586,1722800
2021-06-14,DBC,19.059999465942383,19.18000030517578,19.040000915527344,19.110000610351562,16.628337860107422,3407400
2021-06-15,DBC,19.020000457763672,19.06999969482422,18.959999084472656,19.030000686645508,16.558727264404297,2385600
2021-06-16,DBC,18.979999542236328,19.149999618530273,18.889999389648438,18.920000076293945,16.463010787963867,4255900
2021-06-17,DBC,18.809999465942383,18.850000381469727,18.350000381469727,18.43000030517578,16.036643981933594,7251100
2021-06-18,DBC,18.510000228881836,18.700000762939453,18.5,18.6200008392334,16.201969146728516,4187000
2021-06-21,DBC,18.56999969482422,18.899999618530273,18.549999237060547,18.850000381469727,16.402101516723633,3340200
2021-06-22,DBC,18.8799991607666,18.959999084472656,18.84000015258789,18.8799991607666,16.428203582763672,3515400
2021-06-23,DBC,19.06999969482422,19.15999984741211,19.0,19.0,16.532623291015625,2234300
2021-06-24,DBC,18.90999984741211,19.06999969482422,18.8700008392334,19.06999969482422,16.59353256225586,2091300
2021-06-25,DBC,19.110000610351562,19.1200008392334,18.770000457763672,18.989999771118164,16.5239200592041,4566600
2021-06-28,DBC,19.0,19.030000686645508,18.940000534057617,18.979999542236328,16.51521873474121,3188400
2021-06-29,DBC,19.059999465942383,19.149999618530273,18.989999771118164,19.06999969482422,16.59353256225586,1575100
2021-06-30,DBC,19.040000915527344,19.34000015258789,18.950000762939453,19.25,16.750154495239258,2906700
2021-07-01,DBC,19.579999923706055,19.59000015258789,19.290000915527344,19.31999969482422,16.811063766479492,4725900
2021-07-02,DBC,19.3700008392334,19.510000228881836,19.260000228881836,19.5,16.967689514160156,1730200
2021-07-06,DBC,19.360000610351562,19.43000030517578,18.84000015258789,18.969999313354492,16.506515502929688,3977200
2021-07-07,DBC,18.989999771118164,19.049999237060547,18.610000610351562,18.739999771118164,16.306385040283203,3163300
2021-07-08,DBC,18.729999542236328,18.90999984741211,18.649999618530273,18.899999618530273,16.445606231689453,4342400
2021-07-09,DBC,19.0,19.149999618530273,19.0,19.1200008392334,16.637039184570312,2181600
2021-07-12,DBC,18.989999771118164,19.149999618530273,18.93000030517578,19.149999618530273,16.66314125061035,2063700
2021-07-13,DBC,19.18000030517578,19.3700008392334,19.1299991607666,19.309999465942383,16.802364349365234,2406200
2021-07-14,DBC,19.3700008392334,19.40999984741211,19.010000228881836,19.1200008392334,16.637039184570312,1751100
2021-07-15,DBC,19.030000686645508,19.170000076293945,19.010000228881836,19.020000457763672,16.55002212524414,2706400
2021-07-16,DBC,19.15999984741211,19.18000030517578,18.940000534057617,19.020000457763672,16.55002212524414,2345400
2021-07-19,DBC,18.75,18.75,18.18000030517578,18.260000228881836,15.888718605041504,4636800
2021-07-20,DBC,18.31999969482422,18.540000915527344,18.190000534057617,18.530000686645508,16.1236572265625,6219100
2021-07-21,DBC,18.719999313354492,18.950000762939453,18.649999618530273,18.899999618530273,16.445606231689453,2844600
2021-07-22,DBC,18.940000534057617,19.110000610351562,18.84000015258789,19.049999237060547,16.576128005981445,2426000
2021-07-23,DBC,19.100000381469727,19.15999984741211,19.049999237060547,19.149999618530273,16.66314125061035,2245300
2021-07-26,DBC,19.110000610351562,19.290000915527344,19.100000381469727,19.290000915527344,16.784961700439453,1425900
2021-07-27,DBC,19.299999237060547,19.360000610351562,19.110000610351562,19.18000030517578,16.689245223999023,2214200
2021-07-28,DBC,19.260000228881836,19.34000015258789,19.229999542236328,19.270000457763672,16.767559051513672,1190700
2021-07-29,DBC,19.440000534057617,19.610000610351562,19.40999984741211,19.610000610351562,17.063405990600586,1740300
2021-07-30,DBC,19.540000915527344,19.579999923706055,19.450000762939453,19.5,16.967689514160156,4256400
2021-08-02,DBC,19.459999084472656,19.540000915527344,19.149999618530273,19.290000915527344,16.784961700439453,4450600
2021-08-03,DBC,19.030000686645508,19.200000762939453,18.969999313354492,19.200000762939453,16.706649780273438,2634300
2021-08-04,DBC,18.969999313354492,19.079999923706055,18.8700008392334,18.889999389648438,16.436904907226562,2168900
2021-08-05,DBC,18.969999313354492,19.170000076293945,18.969999313354492,19.170000076293945,16.680543899536133,2162400
2021-08-06,DBC,19.209999084472656,19.239999771118164,18.989999771118164,19.010000228881836,16.541322708129883,1488200
2021-08-09,DBC,18.739999771118164,18.770000457763672,18.59000015258789,18.739999771118164,16.306385040283203,2152000
2021-08-10,DBC,18.860000610351562,19.1299991607666,18.850000381469727,19.079999923706055,16.602231979370117,2366600
2021-08-11,DBC,18.959999084472656,19.25,18.899999618530273,19.25,16.750154495239258,1448800
2021-08-12,DBC,19.139999389648438,19.25,19.020000457763672,19.18000030517578,16.689245223999023,2008900
2021-08-13,DBC,19.209999084472656,19.270000457763672,19.06999969482422,19.06999969482422,16.59353256225586,1434400
2021-08-16,DBC,18.90999984741211,19.059999465942383,18.790000915527344,19.020000457763672,16.55002212524414,1929200
2021-08-17,DBC,18.899999618530273,19.020000457763672,18.780000686645508,18.809999465942383,16.367294311523438,2169600
2021-08-18,DBC,18.8700008392334,18.889999389648438,18.579999923706055,18.59000015258789,16.175867080688477,3905400
2021-08-19,DBC,18.280000686645508,18.350000381469727,18.1299991607666,18.329999923706055,15.949627876281738,5361400
2021-08-20,DBC,18.100000381469727,18.18000030517578,17.889999389648438,17.899999618530273,15.575468063354492,3023100
2021-08-23,DBC,18.3700008392334,18.549999237060547,18.3700008392334,18.549999237060547,16.14105987548828,4885800
2021-08-24,DBC,18.709999084472656,18.959999084472656,18.690000534057617,18.940000534057617,16.48041343688965,4642200
2021-08-25,DBC,18.979999542236328,19.149999618530273,18.90999984741211,19.110000610351562,16.628337860107422,2171600
2021-08-26,DBC,18.979999542236328,19.079999923706055,18.8700008392334,18.959999084472656,16.49781608581543,1958000
2021-08-27,DBC,19.06999969482422,19.209999084472656,19.06999969482422,19.200000762939453,16.706649780273438,2471300
2021-08-30,DBC,19.229999542236328,19.290000915527344,19.1200008392334,19.270000457763672,16.767559051513672,2648900
2021-08-31,DBC,19.170000076293945,19.260000228881836,19.110000610351562,19.18000030517578,16.689245223999023,2700500
2021-09-01,DBC,19.010000228881836,19.170000076293945,18.959999084472656,19.09000015258789,16.610933303833008,7318700
2021-09-02,DBC,19.34000015258789,19.459999084472656,19.309999465942383,19.309999465942383,16.802364349365234,1881600
2021-09-03,DBC,19.3700008392334,19.450000762939453,19.31999969482422,19.329999923706055,16.819766998291016,3186600
2021-09-07,DBC,19.18000030517578,19.260000228881836,19.100000381469727,19.110000610351562,16.628337860107422,3736200
2021-09-08,DBC,19.360000610351562,19.3799991607666,19.200000762939453,19.25,16.750154495239258,3000900
2021-09-09,DBC,19.1200008392334,19.34000015258789,19.040000915527344,19.110000610351562,16.628337860107422,1693000
2021-09-10,DBC,19.389999389648438,19.43000030517578,19.31999969482422,19.360000610351562,16.845870971679688,2815100
2021-09-13,DBC,19.5,19.540000915527344,19.40999984741211,19.510000228881836,16.97639274597168,1456200
2021-09-14,DBC,19.56999969482422,19.59000015258789,19.420000076293945,19.5,16.967689514160156,1092200
2021-09-15,DBC,19.790000915527344,19.93000030517578,19.770000457763672,19.81999969482422,17.24613380432129,2364100
2021-09-16,DBC,19.700000762939453,19.719999313354492,19.530000686645508,19.68000030517578,17.124317169189453,1259400
2021-09-17,DBC,19.6200008392334,19.6200008392334,19.479999542236328,19.520000457763672,16.985092163085938,1424600
2021-09-20,DBC,19.299999237060547,19.3700008392334,19.139999389648438,19.290000915527344,16.784961700439453,3369700
2021-09-21,DBC,19.280000686645508,19.31999969482422,19.079999923706055,19.309999465942383,16.802364349365234,1375600
2021-09-22,DBC,19.520000457763672,19.6200008392334,19.40999984741211,19.530000686645508,16.993793487548828,1149600
2021-09-23,DBC,19.600000381469727,19.84000015258789,19.59000015258789,19.829999923706055,17.254837036132812,1654100
2021-09-24,DBC,19.770000457763672,19.959999084472656,19.739999771118164,19.920000076293945,17.333148956298828,2758100
2021-09-27,DBC,20.139999389648438,20.239999771118164,20.139999389648438,20.190000534057617,17.568086624145508,3089100
2021-09-28,DBC,20.34000015258789,20.360000610351562,20.010000228881836,20.030000686645508,17.428865432739258,2147400
2021-09-29,DBC,20.030000686645508,20.170000076293945,19.979999542236328,20.049999237060547,17.446266174316406,2426900
2021-09-30,DBC,19.93000030517578,20.309999465942383,19.8700008392334,20.18000030517578,17.559383392333984,4267200
2021-10-01,DBC,20.25,20.459999084472656,20.170000076293945,20.450000762939453,17.794321060180664,8733700
2021-10-04,DBC,20.6299991607666,20.889999389648438,20.6299991607666,20.780000686645508,18.081466674804688,3955800
2021-10-05,DBC,20.90999984741211,21.06999969482422,20.889999389648438,21.040000915527344,18.307703018188477,2653400
2021-10-06,DBC,20.809999465942383,20.809999465942383,20.610000610351562,20.690000534057617,18.00315284729004,3903400
2021-10-07,DBC,20.700000762939453,20.950000762939453,20.559999465942383,20.950000762939453,18.22939109802246,4295600
2021-10-08,DBC,21.049999237060547,21.139999389648438,20.950000762939453,21.020000457763672,18.290300369262695,2336300
2021-10-11,DBC,21.229999542236328,21.299999237060547,21.15999984741211,21.15999984741211,18.412120819091797,4404100
2021-10-12,DBC,21.229999542236328,21.309999465942383,21.110000610351562,21.15999984741211,18.412120819091797,4446800
2021-10-13,DBC,21.149999618530273,21.290000915527344,21.059999465942383,21.280000686645508,18.516536712646484,4128200
2021-10-14,DBC,21.479999542236328,21.520000457763672,21.329999923706055,21.5,18.70796775817871,3869900
2021-10-15,DBC,21.700000762939453,21.75,21.6200008392334,21.68000030517578,18.864591598510742,2904700
2021-10-18,DBC,21.790000915527344,21.84000015258789,21.549999237060547,21.549999237060547,18.75147247314453,6736000
2021-10-19,DBC,21.5,21.670000076293945,21.420000076293945,21.600000381469727,18.794979095458984,4928600
2021-10-20,DBC,21.510000228881836,21.850000381469727,21.479999542236328,21.84000015258789,19.003812789916992,3467000
2021-10-21,DBC,21.59000015258789,21.639999389648438,21.299999237060547,21.510000228881836,18.7166690826416,3270900
2021-10-22,DBC,21.610000610351562,21.670000076293945,21.40999984741211,21.610000610351562,18.803682327270508,2690800
2021-10-25,DBC,21.770000457763672,21.829999923706055,21.700000762939453,21.719999313354492,18.899396896362305,1764100
2021-10-26,DBC,21.719999313354492,21.809999465942383,21.65999984741211,21.75,18.925500869750977,1605300
2021-10-27,DBC,21.520000457763672,21.649999618530273,21.350000381469727,21.350000381469727,18.57744789123535,4256900
2021-10-28,DBC,21.3799991607666,21.469999313354492,21.239999771118164,21.459999084472656,18.673160552978516,4941600
2021-10-29,DBC,21.350000381469727,21.440000534057617,21.190000534057617,21.350000381469727,18.57744789123535,2848900
2021-11-01,DBC,21.510000228881836,21.559999465942383,21.450000762939453,21.510000228881836,18.7166690826416,3896300
2021-11-02,DBC,21.440000534057617,21.6200008392334,21.40999984741211,21.56999969482422,18.768875122070312,3542900
2021-11-03,DBC,21.229999542236328,21.31999969482422,21.0,21.020000457763672,18.290300369262695,3420100
2021-11-04,DBC,21.459999084472656,21.479999542236328,20.799999237060547,20.889999389648438,18.177181243896484,4825300
2021-11-05,DBC,20.979999542236328,21.229999542236328,20.860000610351562,21.18000030517578,18.429523468017578,6198600
2021-11-08,DBC,21.190000534057617,21.31999969482422,21.170000076293945,21.309999465942383,18.542640686035156,1272300
2021-11-09,DBC,21.299999237060547,21.479999542236328,21.190000534057617,21.479999542236328,18.690563201904297,2392600
2021-11-10,DBC,21.450000762939453,21.530000686645508,21.139999389648438,21.209999084472656,18.455625534057617,3514600
2021-11-11,DBC,21.360000610351562,21.479999542236328,21.270000457763672,21.360000610351562,18.58614730834961,1683700
2021-11-12,DBC,21.260000228881836,21.40999984741211,21.260000228881836,21.329999923706055,18.560043334960938,4009100
2021-11-15,DBC,21.18000030517578,21.350000381469727,21.1299991607666,21.34000015258789,18.568744659423828,2165300
2021-11-16,DBC,21.31999969482422,21.40999984741211,21.239999771118164,21.309999465942383,18.542640686035156,1567400
2021-11-17,DBC,21.290000915527344,21.3700008392334,21.040000915527344,21.1200008392334,18.377315521240234,2240100
2021-11-18,DBC,21.18000030517578,21.219999313354492,21.049999237060547,21.190000534057617,18.43822479248047,1305500
2021-11-19,DBC,21.049999237060547,21.079999923706055,20.81999969482422,20.850000381469727,18.142375946044922,2124100
2021-11-22,DBC,20.8799991607666,21.09000015258789,20.8799991607666,21.0,18.272899627685547,3914700
2021-11-23,DBC,21.110000610351562,21.389999389648438,21.110000610351562,21.3799991607666,18.60354995727539,1886500
2021-11-24,DBC,21.34000015258789,21.420000076293945,21.280000686645508,21.299999237060547,18.533939361572266,3841000
2021-11-26,DBC,20.600000381469727,20.600000381469727,19.81999969482422,20.030000686645508,17.428865432739258,7161900
2021-11-29,DBC,20.469999313354492,20.5,19.940000534057617,20.030000686645508,17.428865432739258,4303700
2021-11-30,DBC,19.709999084472656,19.809999465942383,19.209999084472656,19.479999542236328,16.950286865234375,12056800
2021-12-01,DBC,19.75,19.799999237060547,19.25,19.309999465942383,16.802364349365234,10483200
2021-12-02,DBC,19.280000686645508,19.6200008392334,19.200000762939453,19.479999542236328,16.950286865234375,6338000
2021-12-03,DBC,19.770000457763672,19.829999923706055,19.399999618530273,19.5,16.967689514160156,3766900
2021-12-06,DBC,19.540000915527344,19.889999389648438,19.5,19.84000015258789,17.263538360595703,3801500
2021-12-07,DBC,20.040000915527344,20.239999771118164,20.0,20.139999389648438,17.524578094482422,2440200
2021-12-08,DBC,20.219999313354492,20.40999984741211,20.209999084472656,20.40999984741211,17.75951385498047,2916900
2021-12-09,DBC,20.260000228881836,20.299999237060547,20.100000381469727,20.100000381469727,17.48977279663086,3384400
2021-12-10,DBC,20.209999084472656,20.34000015258789,20.200000762939453,20.329999923706055,17.689905166625977,2684600
2021-12-13,DBC,20.329999923706055,20.3799991607666,20.190000534057617,20.229999542236328,17.60289192199707,4733600
2021-12-14,DBC,20.049999237060547,20.1200008392334,19.950000762939453,20.049999237060547,17.446266174316406,3595500
2021-12-15,DBC,20.0,20.149999618530273,19.8700008392334,20.149999618530273,17.533279418945312,2233000
2021-12-16,DBC,20.229999542236328,20.399999618530273,20.18000030517578,20.270000457763672,17.637697219848633,3215400
2021-12-17,DBC,20.170000076293945,20.190000534057617,20.020000457763672,20.030000686645508,17.428865432739258,3608500
2021-12-20,DBC,19.790000915527344,19.90999984741211,19.579999923706055,19.889999389648438,17.307044982910156,3943100
2021-12-21,DBC,20.110000610351562,20.309999465942383,20.06999969482422,20.309999465942383,17.672502517700195,2507200
2021-12-22,DBC,20.3799991607666,20.56999969482422,20.350000381469727,20.549999237060547,17.88133430480957,2203800
2021-12-23,DBC,20.549999237060547,20.700000762939453,20.489999771118164,20.65999984741211,17.97705078125,2437900
2021-12-27,DBC,20.65999984741211,20.979999542236328,20.6200008392334,20.920000076293945,18.203285217285156,2160500
2021-12-28,DBC,20.979999542236328,21.0,20.8700008392334,20.8799991607666,18.168479919433594,2404800
2021-12-29,DBC,20.850000381469727,21.09000015258789,20.81999969482422,20.979999542236328,18.255495071411133,3236600
2021-12-30,DBC,20.969999313354492,21.059999465942383,20.860000610351562,20.8799991607666,18.168479919433594,1705900
2021-12-31,DBC,20.899999618530273,20.940000534057617,20.719999313354492,20.780000686645508,18.081466674804688,3864400
2022-01-03,DBC,20.719999313354492,20.899999618530273,20.68000030517578,20.860000610351562,18.151077270507812,5301200
2022-01-04,DBC,21.0,21.139999389648438,20.979999542236328,21.110000610351562,18.368614196777344,2987400
2022-01-05,DBC,21.200000762939453,21.260000228881836,21.020000457763672,21.020000457763672,18.290300369262695,7094300
2022-01-06,DBC,21.200000762939453,21.25,21.100000381469727,21.200000762939453,18.44692611694336,4148100
2022-01-07,DBC,21.200000762939453,21.25,21.1200008392334,21.239999771118164,18.481731414794922,2781600
2022-01-10,DBC,21.209999084472656,21.229999542236328,21.040000915527344,21.149999618530273,18.403417587280273,3425400
2022-01-11,DBC,21.290000915527344,21.579999923706055,21.18000030517578,21.559999465942383,18.760173797607422,3553900
2022-01-12,DBC,21.670000076293945,21.760000228881836,21.610000610351562,21.729999542236328,18.908096313476562,3003600
2022-01-13,DBC,21.709999084472656,21.709999084472656,21.489999771118164,21.5,18.70796775817871,2371900
2022-01-14,DBC,21.6299991607666,21.790000915527344,21.600000381469727,21.780000686645508,18.95160484313965,1703400
2022-01-18,DBC,21.860000610351562,22.0,21.84000015258789,21.950000762939453,19.099529266357422,4818300
2022-01-19,DBC,22.110000610351562,22.209999084472656,22.040000915527344,22.06999969482422,19.20394515991211,3655200
2022-01-20,DBC,22.1200008392334,22.280000686645508,21.989999771118164,21.989999771118164,19.13433265686035,4042200
2022-01-21,DBC,22.059999465942383,22.1200008392334,21.90999984741211,22.010000228881836,19.151735305786133,4165300
2022-01-24,DBC,21.860000610351562,21.969999313354492,21.6299991607666,21.959999084472656,19.10822868347168,5620600
2022-01-25,DBC,21.940000534057617,22.18000030517578,21.899999618530273,22.15999984741211,19.282257080078125,5789900
2022-01-26,DBC,22.329999923706055,22.43000030517578,22.190000534057617,22.209999084472656,19.325763702392578,8802300
2022-01-27,DBC,22.399999618530273,22.43000030517578,22.18000030517578,22.31999969482422,19.421478271484375,3957400
2022-01-28,DBC,22.469999313354492,22.5,22.239999771118164,22.34000015258789,19.43888282775879,4511200
2022-01-31,DBC,22.43000030517578,22.450000762939453,22.209999084472656,22.420000076293945,19.508495330810547,3132000
2022-02-01,DBC,22.350000381469727,22.530000686645508,22.309999465942383,22.510000228881836,19.586807250976562,6246100
2022-02-02,DBC,22.6200008392334,22.6200008392334,22.450000762939453,22.600000381469727,19.665117263793945,6241600
2022-02-03,DBC,22.3799991607666,22.700000762939453,22.350000381469727,22.649999618530273,19.70862579345703,3387700
2022-02-04,DBC,22.790000915527344,22.920000076293945,22.770000457763672,22.829999923706055,19.865249633789062,5460400
2022-02-07,DBC,22.809999465942383,22.889999389648438,22.760000228881836,22.8799991607666,19.908756256103516,3394100
2022-02-08,DBC,22.709999084472656,22.739999771118164,22.559999465942383,22.68000030517578,19.734729766845703,3238600
2022-02-09,DBC,22.719999313354492,22.920000076293945,22.719999313354492,22.90999984741211,19.93486213684082,4822700
2022-02-10,DBC,22.899999618530273,23.1299991607666,22.75,22.790000915527344,19.830446243286133,4868300
2022-02-11,DBC,22.850000381469727,23.209999084472656,22.829999923706055,23.1299991607666,20.12628936767578,6965000
2022-02-14,DBC,23.0,23.360000610351562,22.959999084472656,23.25,20.23070526123047,5164900
2022-02-15,DBC,22.90999984741211,22.90999984741211,22.700000762939453,22.8700008392334,19.900056838989258,4104400
2022-02-16,DBC,23.059999465942383,23.229999542236328,22.889999389648438,22.899999618530273,19.926158905029297,3950600
2022-02-17,DBC,22.959999084472656,23.1200008392334,22.90999984741211,23.09000015258789,20.09148597717285,3057600
2022-02-18,DBC,22.989999771118164,23.270000457763672,22.93000030517578,23.18000030517578,20.169797897338867,3306300
2022-02-22,DBC,23.649999618530273,23.700000762939453,23.420000076293945,23.510000228881836,20.456945419311523,4654800
2022-02-23,DBC,23.600000381469727,23.850000381469727,23.56999969482422,23.729999542236328,20.648372650146484,4004400
2022-02-24,DBC,24.729999542236328,24.729999542236328,23.610000610351562,23.829999923706055,20.735387802124023,13349400
2022-02-25,DBC,23.489999771118164,23.579999923706055,23.229999542236328,23.469999313354492,20.422138214111328,8694300
2022-02-28,DBC,23.889999389648438,23.989999771118164,23.75,23.8700008392334,20.77019500732422,10291900
2022-03-01,DBC,24.479999542236328,24.8700008392334,24.440000534057617,24.829999923706055,21.605525970458984,11819800
2022-03-02,DBC,25.31999969482422,25.790000915527344,25.020000457763672,25.639999389648438,22.310335159301758,11672700
2022-03-03,DBC,25.709999084472656,26.309999465942383,25.610000610351562,25.920000076293945,22.553974151611328,15822800
2022-03-04,DBC,26.6299991607666,27.18000030517578,26.350000381469727,27.010000228881836,23.502426147460938,17301000
2022-03-07,DBC,27.25,27.780000686645508,27.06999969482422,27.600000381469727,24.01580810546875,18127300
2022-03-08,DBC,28.079999923706055,28.40999984741211,27.149999618530273,28.06999969482422,24.424772262573242,19913800
2022-03-09,DBC,26.75,26.860000610351562,24.799999237060547,25.84000015258789,22.484363555908203,16680700
2022-03-10,DBC,26.299999237060547,26.360000610351562,25.360000610351562,25.530000686645508,22.214622497558594,8655500
2022-03-11,DBC,25.729999542236328,26.1299991607666,25.610000610351562,25.969999313354492,22.597482681274414,7746400
2022-03-14,DBC,25.3700008392334,25.530000686645508,25.030000686645508,25.209999084472656,21.936176300048828,8335900
2022-03-15,DBC,24.530000686645508,24.899999618530273,24.34000015258789,24.59000015258789,21.396692276000977,12507400
2022-03-16,DBC,24.93000030517578,25.049999237060547,24.270000457763672,24.3799991607666,21.21396255493164,8001000
2022-03-17,DBC,25.270000457763672,25.65999984741211,25.25,25.549999237060547,22.232023239135742,6045000
2022-03-18,DBC,25.540000915527344,25.700000762939453,25.40999984741211,25.670000076293945,22.336442947387695,3562600
2022-03-21,DBC,26.25,26.649999618530273,26.219999313354492,26.6299991607666,23.17177391052246,4170600
2022-03-22,DBC,26.610000610351562,26.709999084472656,26.31999969482422,26.56999969482422,23.119565963745117,4452500
2022-03-23,DBC,27.1200008392334,27.389999389648438,27.079999923706055,27.229999542236328,23.69385528564453,3406900
2022-03-24,DBC,27.25,27.270000457763672,26.8700008392334,26.959999084472656,23.45891761779785,4595200
2022-03-25,DBC,26.8799991607666,27.329999923706055,26.780000686645508,27.15999984741211,23.632946014404297,4694700
2022-03-28,DBC,26.479999542236328,26.649999618530273,25.90999984741211,25.979999542236328,22.606184005737305,5249700
2022-03-29,DBC,25.40999984741211,26.09000015258789,25.309999465942383,26.079999923706055,22.69319725036621,5106800
2022-03-30,DBC,26.530000686645508,26.700000762939453,26.420000076293945,26.549999237060547,23.102161407470703,3669100
2022-03-31,DBC,26.389999389648438,26.600000381469727,25.959999084472656,26.059999465942383,22.67579460144043,4881900
2022-04-01,DBC,26.100000381469727,26.34000015258789,26.059999465942383,26.229999542236328,22.823719024658203,5282100
2022-04-04,DBC,26.760000228881836,26.84000015258789,26.5,26.729999542236328,23.258787155151367,4628700
2022-04-05,DBC,26.969999313354492,27.09000015258789,26.450000762939453,26.510000228881836,23.067358016967773,6250400
2022-04-06,DBC,26.860000610351562,26.979999542236328,26.1200008392334,26.299999237060547,22.88463020324707,3825000
2022-04-07,DBC,26.329999923706055,26.420000076293945,25.940000534057617,26.389999389648438,22.962942123413086,3891900
2022-04-08,DBC,26.3799991607666,26.760000228881836,26.329999923706055,26.719999313354492,23.250085830688477,6044100
2022-04-11,DBC,26.440000534057617,26.59000015258789,26.280000686645508,26.5,23.058656692504883,3558800
2022-04-12,DBC,27.049999237060547,27.329999923706055,27.0,27.290000915527344,23.74606704711914,4192300
2022-04-13,DBC,27.530000686645508,27.899999618530273,27.260000228881836,27.889999389648438,24.26814842224121,6133800
2022-04-14,DBC,27.75,28.229999542236328,27.639999389648438,28.100000381469727,24.450876235961914,5547100
2022-04-18,DBC,28.399999618530273,28.75,28.290000915527344,28.420000076293945,24.729320526123047,7531200
2022-04-19,DBC,27.8700008392334,27.8700008392334,27.530000686645508,27.690000534057617,24.0941219329834,5921200
2022-04-20,DBC,27.780000686645508,27.809999465942383,27.360000610351562,27.719999313354492,24.120223999023438,4145300
2022-04-21,DBC,27.75,27.899999618530273,27.469999313354492,27.68000030517578,24.085418701171875,4061200
2022-04-22,DBC,27.43000030517578,27.530000686645508,27.139999389648438,27.149999618530273,23.624244689941406,4307600
2022-04-25,DBC,26.3700008392334,26.989999771118164,26.260000228881836,26.950000762939453,23.450218200683594,6128600
2022-04-26,DBC,27.110000610351562,27.440000534057617,26.81999969482422,27.31999969482422,23.77216911315918,5365400
2022-04-27,DBC,27.170000076293945,27.600000381469727,27.1200008392334,27.510000228881836,23.937496185302734,3375100
2022-04-28,DBC,27.450000762939453,27.780000686645508,27.329999923706055,27.739999771118164,24.13762855529785,4675300
2022-04-29,DBC,27.90999984741211,28.059999465942383,27.479999542236328,27.530000686645508,23.95490074157715,4323400
2022-05-02,DBC,27.260000228881836,27.959999084472656,27.09000015258789,27.950000762939453,24.320356369018555,5788200
2022-05-03,DBC,27.729999542236328,27.940000534057617,27.440000534057617,27.559999465942383,23.981002807617188,2453000
2022-05-04,DBC,28.139999389648438,28.469999313354492,27.920000076293945,28.420000076293945,24.729320526123047,5276000
2022-05-05,DBC,28.649999618530273,28.68000030517578,28.049999237060547,28.270000457763672,24.598798751831055,4150300
2022-05-06,DBC,28.299999237060547,28.43000030517578,27.989999771118164,28.299999237060547,24.62490463256836,6719000
2022-05-09,DBC,27.75,27.799999237060547,26.959999084472656,27.020000457763672,23.51112937927246,9241900
2022-05-10,DBC,27.190000534057617,27.34000015258789,26.829999923706055,26.860000610351562,23.371906280517578,4717900
2022-05-11,DBC,27.489999771118164,27.709999084472656,27.479999542236328,27.520000457763672,23.946197509765625,4105400
2022-05-12,DBC,27.350000381469727,27.68000030517578,27.219999313354492,27.649999618530273,24.059316635131836,4377500
2022-05-13,DBC,27.860000610351562,28.06999969482422,27.700000762939453,28.030000686645508,24.38996696472168,3611100
2022-05-16,DBC,28.110000610351562,28.530000686645508,28.049999237060547,28.489999771118164,24.79022979736328,7230300
2022-05-17,DBC,28.489999771118164,28.6200008392334,28.170000076293945,28.18000030517578,24.520488739013672,4522600
2022-05-18,DBC,28.260000228881836,28.360000610351562,27.489999771118164,27.56999969482422,23.989704132080078,3436700
2022-05-19,DBC,27.3700008392334,28.030000686645508,27.360000610351562,27.920000076293945,24.29425048828125,3482800
2022-05-20,DBC,27.969999313354492,28.1200008392334,27.760000228881836,27.959999084472656,24.329055786132812,2389600
2022-05-23,DBC,28.040000915527344,28.229999542236328,27.8799991607666,28.170000076293945,24.51178741455078,2386600
2022-05-24,DBC,28.149999618530273,28.270000457763672,28.0,28.149999618530273,24.494382858276367,2591300
2022-05-25,DBC,28.15999984741211,28.350000381469727,28.010000228881836,28.350000381469727,24.668411254882812,2312600
2022-05-26,DBC,28.309999465942383,28.770000457763672,28.25,28.65999984741211,24.938154220581055,3468200
2022-05-27,DBC,28.6200008392334,29.020000457763672,28.56999969482422,29.0,25.23400115966797,2431600
2022-05-31,DBC,29.440000534057617,29.530000686645508,28.579999923706055,28.799999237060547,25.059972763061523,3508300
2022-06-01,DBC,29.059999465942383,29.18000030517578,28.899999618530273,28.940000534057617,25.181793212890625,3099400
2022-06-02,DBC,29.219999313354492,29.610000610351562,29.059999465942383,29.600000381469727,25.75608253479004,3133500
2022-06-03,DBC,29.469999313354492,29.8799991607666,29.389999389648438,29.8799991607666,25.99972152709961,2228600
2022-06-06,DBC,29.90999984741211,30.09000015258789,29.790000915527344,30.010000228881836,26.11284065246582,3154800
2022-06-07,DBC,29.90999984741211,30.219999313354492,29.850000381469727,30.209999084472656,26.286869049072266,3388300
2022-06-08,DBC,30.260000228881836,30.600000381469727,30.229999542236328,30.479999542236328,26.521804809570312,5112500
2022-06-09,DBC,30.260000228881836,30.639999389648438,30.260000228881836,30.530000686645508,26.5653133392334,3821700
2022-06-10,DBC,30.350000381469727,30.389999389648438,29.959999084472656,30.229999542236328,26.304269790649414,3215800
2022-06-13,DBC,29.989999771118164,30.190000534057617,29.3799991607666,29.889999389648438,26.008424758911133,6268600
2022-06-14,DBC,29.959999084472656,30.09000015258789,29.350000381469727,29.559999465942383,25.721277236938477,5818200
2022-06-15,DBC,29.600000381469727,29.920000076293945,29.489999771118164,29.579999923706055,25.73868179321289,5532800
2022-06-16,DBC,29.549999237060547,29.860000610351562,29.31999969482422,29.709999084472656,25.851797103881836,4229000
2022-06-17,DBC,29.399999618530273,29.440000534057617,28.399999618530273,28.649999618530273,24.929454803466797,6746300
2022-06-21,DBC,28.829999923706055,29.049999237060547,28.479999542236328,28.579999923706055,24.86854362487793,4766800
2022-06-22,DBC,27.700000762939453,28.34000015258789,27.6299991607666,28.06999969482422,24.424772262573242,8211800
2022-06-23,DBC,28.100000381469727,28.170000076293945,27.43000030517578,27.440000534057617,23.8765869140625,8788400
2022-06-24,DBC,27.59000015258789,27.860000610351562,27.399999618530273,27.700000762939453,24.10282325744629,3507100
2022-06-27,DBC,27.610000610351562,27.829999923706055,27.3700008392334,27.639999389648438,24.05061149597168,6080400
2022-06-28,DBC,27.709999084472656,28.010000228881836,27.6299991607666,27.969999313354492,24.337759017944336,2065800
2022-06-29,DBC,28.1299991607666,28.239999771118164,27.479999542236328,27.489999771118164,23.920093536376953,1902000
2022-06-30,DBC,27.229999542236328,27.270000457763672,26.579999923706055,26.639999389648438,23.18047332763672,5156300
2022-07-01,DBC,27.0,27.059999465942383,26.600000381469727,26.770000457763672,23.293594360351562,7726200
2022-07-05,DBC,26.06999969482422,26.06999969482422,24.829999923706055,24.969999313354492,21.727344512939453,10118900
2022-07-06,DBC,24.889999389648438,24.989999771118164,24.329999923706055,24.600000381469727,21.405393600463867,8203400
2022-07-07,DBC,25.280000686645508,25.829999923706055,25.270000457763672,25.6200008392334,22.29293441772461,4708300
2022-07-08,DBC,25.860000610351562,26.110000610351562,25.59000015258789,26.06999969482422,22.684497833251953,3934600
2022-07-11,DBC,26.09000015258789,26.15999984741211,25.81999969482422,26.020000457763672,22.640993118286133,3606800
2022-07-12,DBC,25.350000381469727,25.479999542236328,24.809999465942383,24.84000015258789,21.614227294921875,6427300
2022-07-13,DBC,24.90999984741211,25.309999465942383,24.829999923706055,24.979999542236328,21.736047744750977,2853400
2022-07-14,DBC,24.469999313354492,24.8700008392334,24.18000030517578,24.75,21.53591537475586,4524900
2022-07-15,DBC,24.979999542236328,25.170000076293945,24.790000915527344,25.06999969482422,21.814359664916992,3972800
2022-07-18,DBC,25.700000762939453,25.8700008392334,25.489999771118164,25.540000915527344,22.223325729370117,1735000
2022-07-19,DBC,25.260000228881836,25.700000762939453,25.260000228881836,25.639999389648438,22.310335159301758,3203200
2022-07-20,DBC,25.56999969482422,25.719999313354492,25.450000762939453,25.6200008392334,22.29293441772461,1915200
2022-07-21,DBC,25.079999923706055,25.360000610351562,25.0,25.190000534057617,21.91877555847168,6044500
2022-07-22,DBC,25.1200008392334,25.399999618530273,24.8799991607666,24.889999389648438,21.657733917236328,1279800
2022-07-25,DBC,25.190000534057617,25.3700008392334,25.040000915527344,25.34000015258789,22.04929542541504,5301100
2022-07-26,DBC,25.729999542236328,25.799999237060547,25.34000015258789,25.389999389648438,22.092803955078125,6002000
2022-07-27,DBC,25.6299991607666,26.030000686645508,25.469999313354492,25.969999313354492,22.597482681274414,2638200
2022-07-28,DBC,26.170000076293945,26.190000534057617,25.81999969482422,25.989999771118164,22.614883422851562,2202400
2022-07-29,DBC,26.350000381469727,26.610000610351562,26.09000015258789,26.110000610351562,22.71930503845215,2209000
2022-08-01,DBC,25.450000762939453,25.649999618530273,25.290000915527344,25.579999923706055,22.258129119873047,4076300
2022-08-02,DBC,25.610000610351562,25.84000015258789,25.43000030517578,25.450000762939453,22.145009994506836,2800000
2022-08-03,DBC,25.649999618530273,25.729999542236328,25.06999969482422,25.229999542236328,21.953580856323242,3368500
2022-08-04,DBC,25.09000015258789,25.260000228881836,24.84000015258789,24.959999084472656,21.718643188476562,5345100
2022-08-05,DBC,24.639999389648438,25.229999542236328,24.610000610351562,24.8700008392334,21.64033317565918,3481600
2022-08-08,DBC,24.81999969482422,25.18000030517578,24.81999969482422,25.170000076293945,21.9013729095459,2992600
2022-08-09,DBC,25.43000030517578,25.610000610351562,25.280000686645508,25.3799991607666,22.0841007232666,2038500
2022-08-10,DBC,25.420000076293945,25.799999237060547,25.170000076293945,25.729999542236328,22.388648986816406,2280800
2022-08-11,DBC,26.040000915527344,26.31999969482422,25.899999618530273,26.229999542236328,22.823719024658203,5550100
2022-08-12,DBC,26.059999465942383,26.190000534057617,25.899999618530273,26.09000015258789,22.701900482177734,2575200
2022-08-15,DBC,25.31999969482422,25.799999237060547,25.280000686645508,25.770000457763672,22.42345428466797,3170400
2022-08-16,DBC,25.850000381469727,25.989999771118164,25.399999618530273,25.479999542236328,22.171113967895508,2842600
2022-08-17,DBC,25.510000228881836,25.729999542236328,25.3700008392334,25.579999923706055,22.258129119873047,2840700
2022-08-18,DBC,25.799999237060547,26.049999237060547,25.700000762939453,25.969999313354492,22.597482681274414,4864500
2022-08-19,DBC,25.899999618530273,26.18000030517578,25.75,25.959999084472656,22.58877944946289,3590800
2022-08-22,DBC,25.81999969482422,26.209999084472656,25.59000015258789,26.190000534057617,22.78891372680664,3868200
2022-08-23,DBC,26.420000076293945,26.760000228881836,26.420000076293945,26.6200008392334,23.16307258605957,4384600
2022-08-24,DBC,26.709999084472656,26.899999618530273,26.520000457763672,26.899999618530273,23.40671157836914,3093500
2022-08-25,DBC,26.979999542236328,26.979999542236328,26.450000762939453,26.520000457763672,23.076059341430664,2066000
2022-08-26,DBC,26.510000228881836,26.709999084472656,26.350000381469727,26.6299991607666,23.17177391052246,3105500
2022-08-29,DBC,26.670000076293945,27.040000915527344,26.59000015258789,27.020000457763672,23.51112937927246,6205300
2022-08-30,DBC,26.530000686645508,26.6200008392334,26.059999465942383,26.270000457763672,22.858524322509766,4292100
2022-08-31,DBC,25.8799991607666,26.1200008392334,25.719999313354492,25.719999313354492,22.379947662353516,4977600
2022-09-01,DBC,25.350000381469727,25.489999771118164,25.1200008392334,25.170000076293945,21.9013729095459,8110700
2022-09-02,DBC,25.530000686645508,25.6200008392334,25.31999969482422,25.34000015258789,22.04929542541504,4586500
2022-09-06,DBC,25.43000030517578,25.5,25.190000534057617,25.190000534057617,21.91877555847168,3453700
2022-09-07,DBC,24.8700008392334,25.09000015258789,24.579999923706055,24.59000015258789,21.396692276000977,7838800
2022-09-08,DBC,24.709999084472656,24.850000381469727,24.479999542236328,24.690000534057617,21.48370361328125,5282300
2022-09-09,DBC,25.059999465942383,25.40999984741211,25.049999237060547,25.389999389648438,22.092803955078125,1327900
2022-09-12,DBC,25.65999984741211,25.860000610351562,25.579999923706055,25.739999771118164,22.39735221862793,1868500
2022-09-13,DBC,25.670000076293945,25.790000915527344,25.290000915527344,25.610000610351562,22.28423309326172,3863300
2022-09-14,DBC,25.709999084472656,25.850000381469727,25.59000015258789,25.719999313354492,22.379947662353516,1561600
2022-09-15,DBC,25.239999771118164,25.239999771118164,24.850000381469727,24.969999313354492,21.727344512939453,2106300
2022-09-16,DBC,24.979999542236328,25.059999465942383,24.809999465942383,24.8799991607666,21.649032592773438,2035500
2022-09-19,DBC,24.469999313354492,24.989999771118164,24.389999389648438,24.959999084472656,21.718643188476562,2213800
2022-09-20,DBC,24.889999389648438,25.0,24.719999313354492,24.93000030517578,21.69253921508789,1815900
2022-09-21,DBC,25.1299991607666,25.18000030517578,24.65999984741211,24.780000686645508,21.562021255493164,1647700
2022-09-22,DBC,25.170000076293945,25.239999771118164,24.790000915527344,24.850000381469727,21.622928619384766,1770300
2022-09-23,DBC,24.079999923706055,24.1200008392334,23.8799991607666,24.010000228881836,20.892011642456055,3885200
2022-09-26,DBC,23.90999984741211,24.1200008392334,23.420000076293945,23.450000762939453,20.404733657836914,5110900
2022-09-27,DBC,23.799999237060547,24.010000228881836,23.6299991607666,23.700000762939453,20.622272491455078,2834800
2022-09-28,DBC,23.8799991607666,24.3700008392334,23.81999969482422,24.360000610351562,21.19655990600586,2314300
2022-09-29,DBC,24.350000381469727,24.399999618530273,24.06999969482422,24.209999084472656,21.066038131713867,2066100
2022-09-30,DBC,24.020000457763672,24.25,23.84000015258789,23.90999984741211,20.80500030517578,3947600
2022-10-03,DBC,24.450000762939453,24.549999237060547,24.270000457763672,24.450000762939453,21.274871826171875,6326900
2022-10-04,DBC,24.920000076293945,25.200000762939453,24.889999389648438,25.110000610351562,21.849164962768555,2239800
2022-10-05,DBC,25.200000762939453,25.56999969482422,25.040000915527344,25.559999465942383,22.240726470947266,2753700
2022-10-06,DBC,25.510000228881836,25.739999771118164,25.459999084472656,25.719999313354492,22.379947662353516,2810600
2022-10-07,DBC,25.729999542236328,26.1299991607666,25.700000762939453,25.989999771118164,22.614883422851562,2382200
2022-10-10,DBC,26.09000015258789,26.239999771118164,25.690000534057617,25.700000762939453,22.362546920776367,2467600
2022-10-11,DBC,25.440000534057617,25.6200008392334,25.280000686645508,25.329999923706055,22.04059410095215,2530300
2022-10-12,DBC,25.329999923706055,25.40999984741211,25.18000030517578,25.329999923706055,22.04059410095215,2338200
2022-10-13,DBC,25.15999984741211,25.770000457763672,25.15999984741211,25.68000030517578,22.345142364501953,2166400
2022-10-14,DBC,25.469999313354492,25.540000915527344,25.1299991607666,25.170000076293945,21.9013729095459,1559100
2022-10-17,DBC,25.350000381469727,25.420000076293945,25.06999969482422,25.110000610351562,21.849164962768555,2200900
2022-10-18,DBC,24.979999542236328,25.06999969482422,24.65999984741211,24.84000015258789,21.614227294921875,1673600
2022-10-19,DBC,24.68000030517578,24.940000534057617,24.639999389648438,24.829999923706055,21.605525970458984,2062600
2022-10-20,DBC,25.059999465942383,25.25,24.780000686645508,24.850000381469727,21.622928619384766,1564100
2022-10-21,DBC,24.75,24.950000762939453,24.65999984741211,24.8799991607666,21.649032592773438,1142900
2022-10-24,DBC,24.8700008392334,25.1200008392334,24.850000381469727,24.950000762939453,21.709943771362305,1166800
2022-10-25,DBC,24.959999084472656,25.18000030517578,24.920000076293945,25.09000015258789,21.831762313842773,892300
2022-10-26,DBC,25.219999313354492,25.59000015258789,25.190000534057617,25.559999465942383,22.240726470947266,4190100
2022-10-27,DBC,25.600000381469727,25.690000534057617,25.5,25.600000381469727,22.275531768798828,1699500
2022-10-28,DBC,25.31999969482422,25.43000030517578,25.1200008392334,25.299999237060547,22.01449203491211,2783500
2022-10-31,DBC,25.079999923706055,25.34000015258789,24.959999084472656,25.1200008392334,21.857866287231445,3264300
2022-11-01,DBC,25.600000381469727,25.600000381469727,25.3700008392334,25.5,22.188518524169922,4248500
2022-11-02,DBC,25.469999313354492,25.93000030517578,25.3799991607666,25.729999542236328,22.388648986816406,2158500
2022-11-03,DBC,25.5,25.829999923706055,25.450000762939453,25.709999084472656,22.371244430541992,2088500
2022-11-04,DBC,26.469999313354492,26.59000015258789,26.260000228881836,26.579999923706055,23.128267288208008,2063000
2022-11-07,DBC,26.56999969482422,26.690000534057617,26.31999969482422,26.350000381469727,22.928136825561523,2093800
2022-11-08,DBC,26.350000381469727,26.469999313354492,25.90999984741211,26.030000686645508,22.64969253540039,1958000
2022-11-09,DBC,25.709999084472656,25.760000228881836,25.40999984741211,25.43000030517578,22.127609252929688,1693200
2022-11-10,DBC,25.559999465942383,25.760000228881836,25.469999313354492,25.65999984741211,22.327739715576172,2431800
2022-11-11,DBC,26.190000534057617,26.290000915527344,25.979999542236328,26.149999618530273,22.754108428955078,2817700
2022-11-14,DBC,26.020000457763672,26.299999237060547,25.760000228881836,25.760000228881836,22.414752960205078,1623100
2022-11-15,DBC,25.770000457763672,26.309999465942383,25.649999618530273,26.059999465942383,22.67579460144043,3209900
2022-11-16,DBC,25.729999542236328,25.850000381469727,25.6299991607666,25.770000457763672,22.42345428466797,2226900
2022-11-17,DBC,25.479999542236328,25.549999237060547,25.229999542236328,25.34000015258789,22.04929542541504,2043300
2022-11-18,DBC,24.899999618530273,25.18000030517578,24.8700008392334,25.15999984741211,21.892671585083008,3200500
2022-11-21,DBC,24.729999542236328,25.139999389648438,24.440000534057617,25.06999969482422,21.814359664916992,4164200
2022-11-22,DBC,25.309999465942383,25.459999084472656,25.25,25.329999923706055,22.04059410095215,3397700
2022-11-23,DBC,25.0,25.09000015258789,24.81999969482422,24.979999542236328,21.736047744750977,2169000
2022-11-25,DBC,25.100000381469727,25.18000030517578,24.75,24.760000228881836,21.54461669921875,1243200
2022-11-28,DBC,24.420000076293945,24.829999923706055,24.389999389648438,24.610000610351562,21.414094924926758,3559600
2022-11-29,DBC,24.920000076293945,25.06999969482422,24.760000228881836,24.93000030517578,21.69253921508789,5141700
2022-11-30,DBC,25.3799991607666,25.510000228881836,25.190000534057617,25.489999771118164,22.1798152923584,2939800
2022-12-01,DBC,25.700000762939453,25.780000686645508,25.34000015258789,25.360000610351562,22.06669807434082,3382400
2022-12-02,DBC,25.219999313354492,25.350000381469727,25.030000686645508,25.09000015258789,21.831762313842773,3957200
2022-12-05,DBC,25.270000457763672,25.31999969482422,24.389999389648438,24.440000534057617,21.266172409057617,4078100
2022-12-06,DBC,24.40999984741211,24.489999771118164,23.93000030517578,24.049999237060547,20.926816940307617,3352600
2022-12-07,DBC,24.100000381469727,24.200000762939453,23.84000015258789,23.93000030517578,20.82240104675293,5676500
2022-12-08,DBC,24.079999923706055,24.1200008392334,23.780000686645508,23.889999389648438,20.787595748901367,3554700
2022-12-09,DBC,23.93000030517578,24.059999465942383,23.739999771118164,23.920000076293945,20.81369972229004,2957900
2022-12-12,DBC,23.989999771118164,24.25,23.969999313354492,24.18000030517578,21.039936065673828,2660100
2022-12-13,DBC,24.540000915527344,24.719999313354492,24.530000686645508,24.579999923706055,21.387990951538086,2779000
2022-12-14,DBC,24.6299991607666,24.860000610351562,24.59000015258789,24.770000457763672,21.55331802368164,2342400
2022-12-15,DBC,24.709999084472656,24.709999084472656,24.360000610351562,24.469999313354492,21.292274475097656,2802500
2022-12-16,DBC,24.1200008392334,24.309999465942383,24.079999923706055,24.15999984741211,21.022533416748047,3403500
2022-12-19,DBC,24.030000686645508,24.079999923706055,23.860000610351562,23.969999313354492,20.983139038085938,3123500
2022-12-20,DBC,23.889999389648438,24.1299991607666,23.84000015258789,24.079999923706055,21.07943344116211,2614500
2022-12-21,DBC,24.270000457763672,24.40999984741211,24.260000228881836,24.389999389648438,21.350807189941406,1882500
2022-12-22,DBC,24.309999465942383,24.3700008392334,23.950000762939453,24.079999923706055,21.07943344116211,2017200
2022-12-23,DBC,24.18000030517578,24.549999237060547,24.18000030517578,24.520000457763672,21.4646053314209,2913300
2022-12-27,DBC,24.010000228881836,24.8700008392334,23.799999237060547,24.739999771118164,21.65719223022461,6148300
2022-12-28,DBC,24.5,24.530000686645508,24.239999771118164,24.459999084472656,21.41208267211914,2873300
2022-12-29,DBC,24.260000228881836,24.450000762939453,24.209999084472656,24.43000030517578,21.385820388793945,1759900
2022-12-30,DBC,24.299999237060547,24.670000076293945,24.299999237060547,24.649999618530273,21.578407287597656,1848300
2023-01-03,DBC,24.360000610351562,24.530000686645508,23.989999771118164,24.059999465942383,21.06192398071289,3228300
2023-01-04,DBC,23.75,23.790000915527344,23.520000457763672,23.6299991607666,20.68550682067871,1983700
2023-01-05,DBC,23.549999237060547,23.649999618530273,23.420000076293945,23.510000228881836,20.580461502075195,1700700
2023-01-06,DBC,23.700000762939453,23.790000915527344,23.549999237060547,23.639999389648438,20.69426155090332,1674600
2023-01-09,DBC,24.0,24.18000030517578,23.899999618530273,23.920000076293945,20.939369201660156,1189300
2023-01-10,DBC,23.969999313354492,24.06999969482422,23.809999465942383,23.920000076293945,20.939369201660156,1469400
2023-01-11,DBC,24.200000762939453,24.350000381469727,24.040000915527344,24.350000381469727,21.3157901763916,1923200
2023-01-12,DBC,24.549999237060547,24.65999984741211,24.40999984741211,24.549999237060547,21.49086570739746,2452100
2023-01-13,DBC,24.510000228881836,24.81999969482422,24.510000228881836,24.790000915527344,21.700963973999023,1514800
2023-01-17,DBC,24.8700008392334,24.979999542236328,24.75,24.959999084472656,21.849777221679688,1160700
2023-01-18,DBC,25.09000015258789,25.170000076293945,24.690000534057617,24.690000534057617,21.613422393798828,1469600
2023-01-19,DBC,24.829999923706055,25.030000686645508,24.780000686645508,24.940000534057617,21.832271575927734,1241200
2023-01-20,DBC,25.020000457763672,25.1299991607666,24.899999618530273,25.09000015258789,21.963581085205078,1144000
2023-01-23,DBC,25.1299991607666,25.219999313354492,25.049999237060547,25.149999618530273,22.016101837158203,2664600
2023-01-24,DBC,25.18000030517578,25.200000762939453,24.979999542236328,25.010000228881836,21.8935489654541,915600
2023-01-25,DBC,24.979999542236328,25.020000457763672,24.84000015258789,24.940000534057617,21.832271575927734,1151200
2023-01-26,DBC,25.100000381469727,25.1299991607666,24.93000030517578,25.049999237060547,21.928564071655273,1637600
2023-01-27,DBC,25.1200008392334,25.1299991607666,24.739999771118164,24.770000457763672,21.683454513549805,2379200
2023-01-30,DBC,24.600000381469727,24.799999237060547,24.450000762939453,24.450000762939453,21.403329849243164,2528300
2023-01-31,DBC,24.469999313354492,24.8700008392334,24.450000762939453,24.8700008392334,21.770994186401367,1571800
2023-02-01,DBC,24.68000030517578,24.700000762939453,24.18000030517578,24.399999618530273,21.35955810546875,3090900
2023-02-02,DBC,24.600000381469727,24.600000381469727,24.15999984741211,24.219999313354492,21.201988220214844,3591100
2023-02-03,DBC,24.040000915527344,24.280000686645508,23.600000381469727,23.610000610351562,20.668001174926758,2625600
2023-02-06,DBC,23.639999389648438,23.719999313354492,23.31999969482422,23.68000030517578,20.729278564453125,1375700
2023-02-07,DBC,23.729999542236328,24.139999389648438,23.719999313354492,24.1299991607666,21.12320327758789,1057300
2023-02-08,DBC,24.15999984741211,24.219999313354492,23.959999084472656,24.18000030517578,21.16697120666504,822500
2023-02-09,DBC,24.06999969482422,24.149999618530273,23.889999389648438,23.989999771118164,21.000646591186523,2054000
2023-02-10,DBC,24.1299991607666,24.329999923706055,24.1299991607666,24.329999923706055,21.298280715942383,783100
2023-02-13,DBC,24.149999618530273,24.3700008392334,24.1200008392334,24.280000686645508,21.254512786865234,853800
2023-02-14,DBC,24.1200008392334,24.440000534057617,24.06999969482422,24.360000610351562,21.324542999267578,926500
2023-02-15,DBC,24.1200008392334,24.170000076293945,23.93000030517578,24.100000381469727,21.096940994262695,924700
2023-02-16,DBC,24.030000686645508,24.15999984741211,24.010000228881836,24.030000686645508,21.035663604736328,831900
2023-02-17,DBC,23.6299991607666,23.889999389648438,23.579999923706055,23.850000381469727,20.878093719482422,1207900
2023-02-21,DBC,23.979999542236328,24.079999923706055,23.81999969482422,23.8799991607666,20.904354095458984,1014100
2023-02-22,DBC,23.81999969482422,23.8700008392334,23.56999969482422,23.56999969482422,20.632984161376953,1219400
2023-02-23,DBC,23.75,23.829999923706055,23.59000015258789,23.75,20.79055404663086,2070200
2023-02-24,DBC,23.510000228881836,23.68000030517578,23.34000015258789,23.670000076293945,20.720523834228516,1637800
2023-02-27,DBC,23.760000228881836,23.770000457763672,23.600000381469727,23.690000534057617,20.73802947998047,1076800
2023-02-28,DBC,23.84000015258789,23.899999618530273,23.739999771118164,23.760000228881836,20.79930877685547,1222300
2023-03-01,DBC,23.889999389648438,24.18000030517578,23.860000610351562,24.170000076293945,21.158218383789062,1238200
2023-03-02,DBC,24.149999618530273,24.170000076293945,23.959999084472656,24.079999923706055,21.07943344116211,828700
2023-03-03,DBC,24.020000457763672,24.479999542236328,24.020000457763672,24.459999084472656,21.41208267211914,1507900
2023-03-06,DBC,24.149999618530273,24.360000610351562,24.1200008392334,24.34000015258789,21.307035446166992,1046000
2023-03-07,DBC,24.200000762939453,24.270000457763672,23.809999465942383,23.84000015258789,20.869338989257812,1498500
2023-03-08,DBC,23.709999084472656,23.829999923706055,23.649999618530273,23.709999084472656,20.755537033081055,1518300
2023-03-09,DBC,23.799999237060547,23.8799991607666,23.389999389648438,23.420000076293945,20.501676559448242,1290800
2023-03-10,DBC,23.459999084472656,23.709999084472656,23.450000762939453,23.670000076293945,20.720523834228516,2418300
2023-03-13,DBC,23.299999237060547,23.770000457763672,23.25,23.520000457763672,20.589214324951172,1865900
2023-03-14,DBC,23.3700008392334,23.579999923706055,23.149999618530273,23.219999313354492,20.326595306396484,1300600
2023-03-15,DBC,22.75,22.8799991607666,22.360000610351562,22.68000030517578,19.853885650634766,2929200
2023-03-16,DBC,22.450000762939453,22.84000015258789,22.360000610351562,22.75,19.915163040161133,1536600
2023-03-17,DBC,22.829999923706055,22.889999389648438,22.530000686645508,22.68000030517578,19.853885650634766,1916800
2023-03-20,DBC,22.690000534057617,22.799999237060547,22.559999465942383,22.770000457763672,19.93267059326172,1108900
2023-03-21,DBC,22.84000015258789,22.93000030517578,22.700000762939453,22.850000381469727,20.002700805664062,1300500
2023-03-22,DBC,22.93000030517578,23.06999969482422,22.799999237060547,22.90999984741211,20.055225372314453,1414200
2023-03-23,DBC,23.079999923706055,23.190000534057617,22.850000381469727,22.850000381469727,20.002700805664062,1482800
2023-03-24,DBC,22.829999923706055,23.010000228881836,22.780000686645508,22.959999084472656,20.0989933013916,2175900
2023-03-27,DBC,23.040000915527344,23.420000076293945,23.0,23.389999389648438,20.475414276123047,2176200
2023-03-28,DBC,23.34000015258789,23.59000015258789,23.34000015258789,23.5,20.571706771850586,1037900
2023-03-29,DBC,23.549999237060547,23.6200008392334,23.34000015258789,23.350000381469727,20.440399169921875,514700
2023-03-30,DBC,23.479999542236328,23.540000915527344,23.360000610351562,23.520000457763672,20.589214324951172,793900
2023-03-31,DBC,23.530000686645508,23.760000228881836,23.530000686645508,23.739999771118164,20.781801223754883,1026200
2023-04-03,DBC,24.170000076293945,24.309999465942383,24.06999969482422,24.1299991607666,21.12320327758789,1164800
2023-04-04,DBC,24.15999984741211,24.18000030517578,23.93000030517578,24.100000381469727,21.096940994262695,1313100
2023-04-05,DBC,24.100000381469727,24.200000762939453,24.020000457763672,24.190000534057617,21.17572784423828,1099700
2023-04-06,DBC,24.1299991607666,24.149999618530273,24.030000686645508,24.1200008392334,21.114450454711914,2418800
2023-04-10,DBC,24.049999237060547,24.18000030517578,24.049999237060547,24.1200008392334,21.114450454711914,989900
2023-04-11,DBC,24.1200008392334,24.309999465942383,24.110000610351562,24.25,21.22825050354004,1526000
2023-04-12,DBC,24.350000381469727,24.469999313354492,24.309999465942383,24.440000534057617,21.394575119018555,1151500
2023-04-13,DBC,24.530000686645508,24.59000015258789,24.399999618530273,24.440000534057617,21.394575119018555,888700
2023-04-14,DBC,24.43000030517578,24.540000915527344,24.280000686645508,24.469999313354492,21.420835494995117,1244600
2023-04-17,DBC,24.389999389648438,24.469999313354492,24.239999771118164,24.3700008392334,21.333297729492188,937300
2023-04-18,DBC,24.3799991607666,24.510000228881836,24.280000686645508,24.420000076293945,21.37706756591797,844800
2023-04-19,DBC,24.110000610351562,24.229999542236328,24.030000686645508,24.079999923706055,21.07943344116211,397300
2023-04-20,DBC,23.8700008392334,23.940000534057617,23.799999237060547,23.8700008392334,20.89560317993164,1066100
2023-04-21,DBC,23.920000076293945,23.950000762939453,23.729999542236328,23.81999969482422,20.851831436157227,735700
2023-04-24,DBC,23.760000228881836,24.049999237060547,23.739999771118164,24.010000228881836,21.018156051635742,1753800
2023-04-25,DBC,23.809999465942383,23.809999465942383,23.530000686645508,23.670000076293945,20.720523834228516,1221000
2023-04-26,DBC,23.6200008392334,23.670000076293945,23.280000686645508,23.309999465942383,20.40538215637207,2206400
2023-04-27,DBC,23.309999465942383,23.40999984741211,23.209999084472656,23.34000015258789,20.431644439697266,990400
2023-04-28,DBC,23.290000915527344,23.56999969482422,23.239999771118164,23.559999465942383,20.624229431152344,854500
2023-05-01,DBC,23.389999389648438,23.549999237060547,23.219999313354492,23.360000610351562,20.44915199279785,1138800
2023-05-02,DBC,23.18000030517578,23.200000762939453,22.790000915527344,22.829999923706055,19.985193252563477,1658800
2023-05-03,DBC,22.579999923706055,22.649999618530273,22.510000228881836,22.540000915527344,19.73133087158203,869700
2023-05-04,DBC,22.540000915527344,22.790000915527344,22.469999313354492,22.6299991607666,19.810115814208984,782900
2023-05-05,DBC,22.90999984741211,23.149999618530273,22.8799991607666,23.139999389648438,20.25656509399414,702400
2023-05-08,DBC,23.3700008392334,23.40999984741211,23.239999771118164,23.25,20.35285758972168,742600
2023-05-09,DBC,23.170000076293945,23.360000610351562,23.020000457763672,23.31999969482422,20.414134979248047,787200
2023-05-10,DBC,23.239999771118164,23.31999969482422,23.1200008392334,23.25,20.35285758972168,489800
2023-05-11,DBC,22.90999984741211,22.969999313354492,22.760000228881836,22.850000381469727,20.002700805664062,742700
2023-05-12,DBC,22.860000610351562,22.93000030517578,22.649999618530273,22.670000076293945,19.84513282775879,769800
2023-05-15,DBC,22.809999465942383,23.010000228881836,22.799999237060547,22.93000030517578,20.072734832763672,703200
2023-05-16,DBC,22.8799991607666,22.969999313354492,22.68000030517578,22.68000030517578,19.853885650634766,1020700
2023-05-17,DBC,22.8799991607666,23.0,22.729999542236328,22.950000762939453,20.090242385864258,816400
2023-05-18,DBC,22.729999542236328,22.799999237060547,22.639999389648438,22.739999771118164,19.906410217285156,1005200
2023-05-19,DBC,22.920000076293945,22.950000762939453,22.65999984741211,22.709999084472656,19.880146026611328,777800
2023-05-22,DBC,22.639999389648438,22.780000686645508,22.6200008392334,22.729999542236328,19.897653579711914,606600
2023-05-23,DBC,22.780000686645508,22.899999618530273,22.760000228881836,22.81999969482422,19.9764404296875,753500
2023-05-24,DBC,22.90999984741211,22.969999313354492,22.690000534057617,22.829999923706055,19.985193252563477,692600
2023-05-25,DBC,22.549999237060547,22.6200008392334,22.34000015258789,22.469999313354492,19.67005157470703,1809500
2023-05-26,DBC,22.739999771118164,22.850000381469727,22.700000762939453,22.829999923706055,19.985193252563477,837300
2023-05-30,DBC,22.459999084472656,22.459999084472656,22.229999542236328,22.299999237060547,19.521236419677734,774500
2023-05-31,DBC,22.15999984741211,22.280000686645508,22.049999237060547,22.049999237060547,19.30238914489746,762500
2023-06-01,DBC,22.15999984741211,22.530000686645508,22.15999984741211,22.40999984741211,19.617528915405273,561000
2023-06-02,DBC,22.6299991607666,22.719999313354492,22.520000457763672,22.700000762939453,19.87139320373535,1195900
2023-06-05,DBC,22.809999465942383,22.809999465942383,22.6299991607666,22.639999389648438,19.81886863708496,1099300
2023-06-06,DBC,22.549999237060547,22.729999542236328,22.510000228881836,22.670000076293945,19.84513282775879,764300
2023-06-07,DBC,22.75,22.860000610351562,22.729999542236328,22.760000228881836,19.923917770385742,2155500
2023-06-08,DBC,22.809999465942383,22.860000610351562,22.459999084472656,22.799999237060547,19.95893096923828,893800
2023-06-09,DBC,22.770000457763672,22.889999389648438,22.639999389648438,22.65999984741211,19.836376190185547,641300
2023-06-12,DBC,22.399999618530273,22.479999542236328,22.270000457763672,22.350000381469727,19.56500816345215,686700
2023-06-13,DBC,22.700000762939453,22.780000686645508,22.6299991607666,22.649999618530273,19.82762336730957,701600
2023-06-14,DBC,22.799999237060547,22.860000610351562,22.59000015258789,22.700000762939453,19.87139320373535,763800
2023-06-15,DBC,22.829999923706055,23.209999084472656,22.829999923706055,23.18000030517578,20.291580200195312,1215100
2023-06-16,DBC,23.280000686645508,23.510000228881836,23.280000686645508,23.469999313354492,20.54544448852539,1252300
2023-06-20,DBC,23.239999771118164,23.290000915527344,23.06999969482422,23.260000228881836,20.36161231994629,1911200
2023-06-21,DBC,23.229999542236328,23.600000381469727,23.229999542236328,23.600000381469727,20.65924644470215,930200
2023-06-22,DBC,23.219999313354492,23.290000915527344,23.06999969482422,23.15999984741211,20.27407455444336,1056000
2023-06-23,DBC,22.729999542236328,22.90999984741211,22.729999542236328,22.90999984741211,20.055225372314453,1002200
2023-06-26,DBC,22.8799991607666,23.079999923706055,22.8799991607666,22.940000534057617,20.08148765563965,729000
2023-06-27,DBC,22.790000915527344,22.850000381469727,22.540000915527344,22.56999969482422,19.757591247558594,560800
2023-06-28,DBC,22.43000030517578,22.610000610351562,22.34000015258789,22.5,19.69631576538086,1101500
2023-06-29,DBC,22.459999084472656,22.610000610351562,22.40999984741211,22.510000228881836,19.705068588256836,635300
2023-06-30,DBC,22.610000610351562,22.8700008392334,22.610000610351562,22.700000762939453,19.87139320373535,972200
2023-07-03,DBC,22.799999237060547,22.860000610351562,22.690000534057617,22.700000762939453,19.87139320373535,902200
2023-07-05,DBC,22.90999984741211,22.969999313354492,22.75,22.84000015258789,19.993947982788086,2849100
2023-07-06,DBC,22.81999969482422,22.829999923706055,22.549999237060547,22.790000915527344,19.950180053710938,629100
2023-07-07,DBC,22.799999237060547,23.030000686645508,22.790000915527344,22.979999542236328,20.11650276184082,807800
2023-07-10,DBC,22.979999542236328,23.100000381469727,22.959999084472656,23.030000686645508,20.1602725982666,632400
2023-07-11,DBC,23.18000030517578,23.31999969482422,23.1200008392334,23.299999237060547,20.39662742614746,457800
2023-07-12,DBC,23.520000457763672,23.59000015258789,23.399999618530273,23.469999313354492,20.54544448852539,599600
2023-07-13,DBC,23.549999237060547,23.809999465942383,23.520000457763672,23.799999237060547,20.834321975708008,582900
2023-07-14,DBC,23.829999923706055,23.829999923706055,23.610000610351562,23.639999389648438,20.69426155090332,669800
2023-07-17,DBC,23.530000686645508,23.549999237060547,23.440000534057617,23.450000762939453,20.527936935424805,696100
2023-07-18,DBC,23.469999313354492,23.799999237060547,23.469999313354492,23.760000228881836,20.79930877685547,554700
2023-07-19,DBC,23.959999084472656,24.049999237060547,23.81999969482422,23.889999389648438,20.913108825683594,1371500
2023-07-20,DBC,24.040000915527344,24.09000015258789,23.829999923706055,23.959999084472656,20.97438621520996,1138600
2023-07-21,DBC,23.969999313354492,24.1299991607666,23.969999313354492,24.09000015258789,21.08819007873535,710500
2023-07-24,DBC,24.260000228881836,24.579999923706055,24.219999313354492,24.520000457763672,21.4646053314209,781300
2023-07-25,DBC,24.450000762939453,24.649999618530273,24.420000076293945,24.610000610351562,21.543392181396484,510700
2023-07-26,DBC,24.489999771118164,24.549999237060547,24.420000076293945,24.489999771118164,21.438344955444336,893700
2023-07-27,DBC,24.469999313354492,24.56999969482422,24.389999389648438,24.43000030517578,21.385820388793945,1273100
2023-07-28,DBC,24.40999984741211,24.610000610351562,24.34000015258789,24.579999923706055,21.51712989807129,2657200
2023-07-31,DBC,24.610000610351562,24.690000534057617,24.540000915527344,24.68000030517578,21.60466957092285,2012200
2023-08-01,DBC,24.520000457763672,24.610000610351562,24.450000762939453,24.549999237060547,21.49086570739746,1688900
2023-08-02,DBC,24.5,24.5,24.110000610351562,24.18000030517578,21.16697120666504,1143800
2023-08-03,DBC,24.18000030517578,24.420000076293945,24.139999389648438,24.40999984741211,21.36831283569336,1111700
2023-08-04,DBC,24.440000534057617,24.540000915527344,24.350000381469727,24.450000762939453,21.403329849243164,529400
2023-08-07,DBC,24.5,24.510000228881836,24.31999969482422,24.459999084472656,21.41208267211914,1137700
2023-08-08,DBC,24.139999389648438,24.489999771118164,24.040000915527344,24.43000030517578,21.385820388793945,993600
2023-08-09,DBC,24.549999237060547,24.65999984741211,24.469999313354492,24.600000381469727,21.534639358520508,671900
2023-08-10,DBC,24.559999465942383,24.6299991607666,24.43000030517578,24.469999313354492,21.420835494995117,576600
2023-08-11,DBC,24.420000076293945,24.56999969482422,24.399999618530273,24.43000030517578,21.385820388793945,566200
2023-08-14,DBC,24.270000457763672,24.3799991607666,24.200000762939453,24.309999465942383,21.280773162841797,697600
2023-08-15,DBC,24.170000076293945,24.229999542236328,23.969999313354492,24.020000457763672,21.026912689208984,3808700
2023-08-16,DBC,24.09000015258789,24.18000030517578,23.889999389648438,23.920000076293945,20.939369201660156,2205400
2023-08-17,DBC,24.15999984741211,24.18000030517578,23.969999313354492,23.979999542236328,20.99189567565918,857500
2023-08-18,DBC,24.040000915527344,24.200000762939453,24.030000686645508,24.149999618530273,21.140710830688477,601800
2023-08-21,DBC,24.299999237060547,24.299999237060547,24.079999923706055,24.09000015258789,21.08819007873535,507800
2023-08-22,DBC,24.190000534057617,24.219999313354492,24.059999465942383,24.100000381469727,21.096940994262695,623500
2023-08-23,DBC,24.0,24.25,23.950000762939453,24.149999618530273,21.140710830688477,910700
2023-08-24,DBC,24.040000915527344,24.219999313354492,23.989999771118164,24.170000076293945,21.158218383789062,599500
2023-08-25,DBC,24.329999923706055,24.450000762939453,24.139999389648438,24.40999984741211,21.36831283569336,793800
2023-08-28,DBC,24.43000030517578,24.5,24.309999465942383,24.3700008392334,21.333297729492188,590200
2023-08-29,DBC,24.3700008392334,24.5,24.299999237060547,24.459999084472656,21.41208267211914,417500
2023-08-30,DBC,24.579999923706055,24.649999618530273,24.459999084472656,24.489999771118164,21.438344955444336,527300
2023-08-31,DBC,24.59000015258789,24.649999618530273,24.469999313354492,24.59000015258789,21.525882720947266,1197700
2023-09-01,DBC,24.84000015258789,24.899999618530273,24.75,24.8799991607666,21.779747009277344,1716100
2023-09-05,DBC,25.040000915527344,25.15999984741211,24.959999084472656,25.0,21.884794235229492,1039100
2023-09-06,DBC,24.959999084472656,25.09000015258789,24.899999618530273,25.059999465942383,21.93731689453125,843800
2023-09-07,DBC,24.989999771118164,25.059999465942383,24.940000534057617,25.010000228881836,21.8935489654541,388800
2023-09-08,DBC,25.020000457763672,25.1200008392334,24.969999313354492,25.059999465942383,21.93731689453125,611500
2023-09-11,DBC,25.25,25.299999237060547,25.149999618530273,25.209999084472656,22.06862449645996,553900
2023-09-12,DBC,25.290000915527344,25.3799991607666,25.260000228881836,25.299999237060547,22.147411346435547,1075100
2023-09-13,DBC,25.350000381469727,25.43000030517578,25.280000686645508,25.3799991607666,22.21744155883789,813800
2023-09-14,DBC,25.549999237060547,25.6299991607666,25.510000228881836,25.59000015258789,22.401275634765625,679600
2023-09-15,DBC,25.5,25.600000381469727,25.469999313354492,25.530000686645508,22.348752975463867,573300
2023-09-18,DBC,25.600000381469727,25.6299991607666,25.450000762939453,25.520000457763672,22.339998245239258,868100
2023-09-19,DBC,25.579999923706055,25.6200008392334,25.459999084472656,25.540000915527344,22.357507705688477,844700
2023-09-20,DBC,25.399999618530273,25.59000015258789,25.31999969482422,25.329999923706055,22.173673629760742,663600
2023-09-21,DBC,25.389999389648438,25.420000076293945,25.239999771118164,25.25,22.103641510009766,1172600
2023-09-22,DBC,25.389999389648438,25.450000762939453,25.18000030517578,25.270000457763672,22.12114906311035,727700
2023-09-25,DBC,25.190000534057617,25.190000534057617,25.0,25.149999618530273,22.016101837158203,639900
2023-09-26,DBC,25.030000686645508,25.139999389648438,25.010000228881836,25.1200008392334,21.98984146118164,986300
2023-09-27,DBC,25.280000686645508,25.350000381469727,25.25,25.260000228881836,22.112396240234375,944200
2023-09-28,DBC,25.280000686645508,25.360000610351562,25.18000030517578,25.229999542236328,22.08613395690918,865500
2023-09-29,DBC,25.299999237060547,25.329999923706055,24.920000076293945,24.959999084472656,21.849777221679688,2044200
2023-10-02,DBC,24.969999313354492,25.020000457763672,24.729999542236328,24.770000457763672,21.683454513549805,3616100
2023-10-03,DBC,24.709999084472656,24.739999771118164,24.579999923706055,24.65999984741211,21.587160110473633,2573900
2023-10-04,DBC,24.3799991607666,24.3799991607666,23.889999389648438,23.969999313354492,20.983139038085938,1225500
2023-10-05,DBC,23.770000457763672,23.920000076293945,23.690000534057617,23.829999923706055,20.860586166381836,2068100
2023-10-06,DBC,23.979999542236328,23.989999771118164,23.780000686645508,23.920000076293945,20.939369201660156,2218500
2023-10-09,DBC,24.260000228881836,24.420000076293945,24.190000534057617,24.420000076293945,21.37706756591797,2702800
2023-10-10,DBC,24.3799991607666,24.40999984741211,24.229999542236328,24.360000610351562,21.324542999267578,1359500
2023-10-11,DBC,24.270000457763672,24.329999923706055,24.06999969482422,24.219999313354492,21.201988220214844,2163300
2023-10-12,DBC,24.31999969482422,24.389999389648438,24.09000015258789,24.209999084472656,21.193233489990234,979300
2023-10-13,DBC,24.6299991607666,24.860000610351562,24.579999923706055,24.850000381469727,21.75348472595215,954000
2023-10-16,DBC,24.799999237060547,24.829999923706055,24.68000030517578,24.770000457763672,21.683454513549805,820400
2023-10-17,DBC,24.719999313354492,24.850000381469727,24.6299991607666,24.84000015258789,21.744731903076172,921900
2023-10-18,DBC,25.020000457763672,25.139999389648438,24.979999542236328,25.059999465942383,21.93731689453125,1110100
2023-10-19,DBC,24.959999084472656,25.31999969482422,24.899999618530273,25.31999969482422,22.164918899536133,937400
2023-10-20,DBC,25.270000457763672,25.399999618530273,25.100000381469727,25.1299991607666,21.998594284057617,1243400
2023-10-23,DBC,25.09000015258789,25.149999618530273,24.90999984741211,24.969999313354492,21.858531951904297,1179500
2023-10-24,DBC,24.84000015258789,24.850000381469727,24.59000015258789,24.700000762939453,21.622177124023438,1119700
2023-10-25,DBC,24.780000686645508,24.940000534057617,24.459999084472656,24.8799991607666,21.779747009277344,2212000
2023-10-26,DBC,24.65999984741211,24.799999237060547,24.610000610351562,24.670000076293945,21.595914840698242,1862600
2023-10-27,DBC,24.81999969482422,25.030000686645508,24.690000534057617,25.0,21.884794235229492,1051400
2023-10-30,DBC,24.81999969482422,24.889999389648438,24.510000228881836,24.600000381469727,21.534639358520508,975900
2023-10-31,DBC,24.610000610351562,24.780000686645508,24.440000534057617,24.510000228881836,21.455852508544922,2199500
2023-11-01,DBC,24.75,24.81999969482422,24.450000762939453,24.549999237060547,21.49086570739746,2495700
2023-11-02,DBC,24.549999237060547,24.81999969482422,24.549999237060547,24.809999465942383,21.718469619750977,1936100
2023-11-03,DBC,24.690000534057617,24.8799991607666,24.610000610351562,24.68000030517578,21.60466957092285,1407100
2023-11-06,DBC,24.8799991607666,24.920000076293945,24.760000228881836,24.780000686645508,21.69220733642578,1210900
2023-11-07,DBC,24.40999984741211,24.440000534057617,24.200000762939453,24.25,21.22825050354004,1861600
2023-11-08,DBC,24.149999618530273,24.25,23.8799991607666,23.979999542236328,20.99189567565918,1269100
2023-11-09,DBC,23.989999771118164,24.170000076293945,23.90999984741211,23.920000076293945,20.939369201660156,1254300
2023-11-10,DBC,24.010000228881836,24.100000381469727,23.969999313354492,24.040000915527344,21.044418334960938,874200
2023-11-13,DBC,24.020000457763672,24.399999618530273,24.020000457763672,24.389999389648438,21.350807189941406,913200
2023-11-14,DBC,24.440000534057617,24.579999923706055,24.290000915527344,24.350000381469727,21.3157901763916,1573100
2023-11-15,DBC,24.200000762939453,24.360000610351562,24.18000030517578,24.190000534057617,21.17572784423828,1314500
2023-11-16,DBC,23.889999389648438,23.90999984741211,23.559999465942383,23.610000610351562,20.668001174926758,3465600
2023-11-17,DBC,23.719999313354492,23.989999771118164,23.709999084472656,23.950000762939453,20.965633392333984,1241100
2023-11-20,DBC,24.15999984741211,24.329999923706055,24.139999389648438,24.25,21.22825050354004,777600
2023-11-21,DBC,24.270000457763672,24.399999618530273,24.209999084472656,24.389999389648438,21.350807189941406,642500
2023-11-22,DBC,23.84000015258789,24.200000762939453,23.75,24.18000030517578,21.16697120666504,850600
2023-11-24,DBC,24.110000610351562,24.229999542236328,24.020000457763672,24.020000457763672,21.026912689208984,391300
2023-11-27,DBC,23.940000534057617,24.040000915527344,23.809999465942383,23.860000610351562,20.88684844970703,1032500
2023-11-28,DBC,23.979999542236328,24.229999542236328,23.93000030517578,24.149999618530273,21.140710830688477,1112800
2023-11-29,DBC,24.239999771118164,24.3799991607666,24.0,24.31999969482422,21.289527893066406,972200
2023-11-30,DBC,24.399999618530273,24.520000457763672,23.8799991607666,23.90999984741211,20.93061637878418,1769700
2023-12-01,DBC,23.950000762939453,24.200000762939453,23.760000228881836,23.799999237060547,20.834321975708008,1399700
2023-12-04,DBC,23.6200008392334,23.799999237060547,23.510000228881836,23.639999389648438,20.69426155090332,5278400
2023-12-05,DBC,23.639999389648438,23.75,23.40999984741211,23.43000030517578,20.510427474975586,1557500
2023-12-06,DBC,23.219999313354492,23.260000228881836,22.850000381469727,22.860000610351562,20.011457443237305,1913900
2023-12-07,DBC,22.969999313354492,22.979999542236328,22.799999237060547,22.899999618530273,20.046470642089844,1502200
2023-12-08,DBC,23.040000915527344,23.1200008392334,22.93000030517578,23.0,20.134010314941406,1366100
2023-12-11,DBC,22.860000610351562,22.940000534057617,22.760000228881836,22.920000076293945,20.06397819519043,3260700
2023-12-12,DBC,22.670000076293945,22.709999084472656,22.540000915527344,22.56999969482422,19.757591247558594,1983200
2023-12-13,DBC,22.600000381469727,22.829999923706055,22.56999969482422,22.829999923706055,19.985193252563477,1613700
2023-12-14,DBC,23.1200008392334,23.229999542236328,23.100000381469727,23.209999084472656,20.317842483520508,1872100
2023-12-15,DBC,23.209999084472656,23.360000610351562,23.110000610351562,23.25,20.35285758972168,1734500
2023-12-18,DBC,22.440000534057617,22.549999237060547,22.25,22.31999969482422,20.498884201049805,1844200
2023-12-19,DBC,22.270000457763672,22.5,22.270000457763672,22.489999771118164,20.655014038085938,1829600
2023-12-20,DBC,22.559999465942383,22.56999969482422,22.229999542236328,22.229999542236328,20.416229248046875,1439100
2023-12-21,DBC,22.170000076293945,22.280000686645508,22.170000076293945,22.270000457763672,20.452964782714844,1352700
2023-12-22,DBC,22.389999389648438,22.440000534057617,22.219999313354492,22.229999542236328,20.416229248046875,1397800
2023-12-26,DBC,22.209999084472656,22.559999465942383,22.190000534057617,22.450000762939453,20.61827850341797,1252200
2023-12-27,DBC,22.489999771118164,22.56999969482422,22.350000381469727,22.350000381469727,20.526437759399414,1372600
2023-12-28,DBC,22.299999237060547,22.420000076293945,22.149999618530273,22.15999984741211,20.351940155029297,1145200
2023-12-29,DBC,22.200000762939453,22.219999313354492,22.010000228881836,22.040000915527344,20.241731643676758,1781200
2024-01-02,DBC,22.139999389648438,22.15999984741211,21.81999969482422,21.860000610351562,20.076417922973633,2421600
2024-01-03,DBC,21.989999771118164,22.170000076293945,21.959999084472656,22.139999389648438,20.33357048034668,857700
2024-01-04,DBC,22.100000381469727,22.1200008392334,21.8700008392334,22.020000457763672,20.223363876342773,734000
2024-01-05,DBC,22.139999389648438,22.229999542236328,22.059999465942383,22.1299991607666,20.324386596679688,800800
2024-01-08,DBC,21.700000762939453,21.84000015258789,21.6200008392334,21.809999465942383,20.03049659729004,760800
2024-01-09,DBC,21.959999084472656,22.06999969482422,21.850000381469727,21.969999313354492,20.177440643310547,736200
2024-01-10,DBC,22.079999923706055,22.100000381469727,21.790000915527344,21.81999969482422,20.03968048095703,754000
2024-01-11,DBC,22.06999969482422,22.139999389648438,21.93000030517578,21.979999542236328,20.186626434326172,1491100
2024-01-12,DBC,22.299999237060547,22.3700008392334,21.969999313354492,22.059999465942383,20.260099411010742,673700
2024-01-16,DBC,22.15999984741211,22.15999984741211,21.8700008392334,21.8700008392334,20.085603713989258,709000
2024-01-17,DBC,21.729999542236328,21.860000610351562,21.709999084472656,21.84000015258789,20.05805015563965,570700
2024-01-18,DBC,21.84000015258789,22.020000457763672,21.770000457763672,21.979999542236328,20.186626434326172,408300
2024-01-19,DBC,22.059999465942383,22.1299991607666,21.889999389648438,21.940000534057617,20.149890899658203,559900
2024-01-22,DBC,21.889999389648438,22.1200008392334,21.860000610351562,22.030000686645508,20.232547760009766,575900
2024-01-23,DBC,22.049999237060547,22.209999084472656,22.049999237060547,22.149999618530273,20.342756271362305,442400
2024-01-24,DBC,22.290000915527344,22.389999389648438,22.190000534057617,22.34000015258789,20.517253875732422,866700
2024-01-25,DBC,22.459999084472656,22.530000686645508,22.3799991607666,22.510000228881836,20.673383712768555,1600400
2024-01-26,DBC,22.40999984741211,22.610000610351562,22.280000686645508,22.610000610351562,20.76522445678711,517800
2024-01-29,DBC,22.5,22.5,22.329999923706055,22.420000076293945,20.59072494506836,1579300
2024-01-30,DBC,22.420000076293945,22.600000381469727,22.350000381469727,22.56999969482422,20.72848892211914,941200
2024-01-31,DBC,22.520000457763672,22.559999465942383,22.309999465942383,22.329999923706055,20.50806999206543,1305300
2024-02-01,DBC,22.31999969482422,22.399999618530273,22.010000228881836,22.059999465942383,20.260099411010742,2388400
2024-02-02,DBC,21.84000015258789,21.920000076293945,21.780000686645508,21.809999465942383,20.03049659729004,1235500
2024-02-05,DBC,21.790000915527344,21.920000076293945,21.700000762939453,21.899999618530273,20.11315155029297,837900
2024-02-06,DBC,21.950000762939453,22.049999237060547,21.90999984741211,21.979999542236328,20.186626434326172,790900
2024-02-07,DBC,21.969999313354492,22.09000015258789,21.969999313354492,22.079999923706055,20.278467178344727,809900
2024-02-08,DBC,22.09000015258789,22.25,22.09000015258789,22.200000762939453,20.3886775970459,1125100
2024-02-09,DBC,22.239999771118164,22.350000381469727,22.190000534057617,22.260000228881836,20.44378089904785,601700
2024-02-12,DBC,22.219999313354492,22.299999237060547,22.209999084472656,22.270000457763672,20.452964782714844,569000
2024-02-13,DBC,22.200000762939453,22.25,22.1200008392334,22.139999389648438,20.33357048034668,1222200
2024-02-14,DBC,22.170000076293945,22.239999771118164,21.899999618530273,21.93000030517578,20.140705108642578,696000
2024-02-15,DBC,21.950000762939453,22.09000015258789,21.950000762939453,21.979999542236328,20.186626434326172,791200
2024-02-16,DBC,21.950000762939453,22.079999923706055,21.940000534057617,22.030000686645508,20.232547760009766,595800
2024-02-20,DBC,22.020000457763672,22.020000457763672,21.829999923706055,21.90999984741211,20.122337341308594,1053100
2024-02-21,DBC,22.0,22.030000686645508,21.93000030517578,22.0,20.204994201660156,1689900
2024-02-22,DBC,21.920000076293945,22.079999923706055,21.889999389648438,22.059999465942383,20.260099411010742,507400
2024-02-23,DBC,21.829999923706055,21.8799991607666,21.729999542236328,21.739999771118164,19.96620750427246,668800
2024-02-26,DBC,21.809999465942383,22.010000228881836,21.790000915527344,21.940000534057617,20.149890899658203,879100
2024-02-27,DBC,22.030000686645508,22.1299991607666,22.030000686645508,22.110000610351562,20.306018829345703,2544500
2024-02-28,DBC,22.09000015258789,22.1299991607666,21.969999313354492,22.020000457763672,20.223363876342773,5225300
2024-02-29,DBC,21.940000534057617,22.110000610351562,21.920000076293945,21.989999771118164,20.195810317993164,720300
2024-03-01,DBC,22.059999465942383,22.190000534057617,22.020000457763672,22.100000381469727,20.29683494567871,863200
2024-03-04,DBC,22.25,22.25,22.100000381469727,22.170000076293945,20.36112403869629,538500
2024-03-05,DBC,22.1200008392334,22.149999618530273,21.989999771118164,22.0,20.204994201660156,1237800
2024-03-06,DBC,22.190000534057617,22.299999237060547,22.149999618530273,22.18000030517578,20.37030792236328,1466500
2024-03-07,DBC,22.15999984741211,22.329999923706055,22.139999389648438,22.239999771118164,20.425413131713867,961000
2024-03-08,DBC,22.200000762939453,22.200000762939453,22.040000915527344,22.170000076293945,20.36112403869629,933200
2024-03-11,DBC,22.149999618530273,22.389999389648438,22.09000015258789,22.360000610351562,20.53562355041504,691600
2024-03-12,DBC,22.290000915527344,22.389999389648438,22.229999542236328,22.299999237060547,20.48051643371582,497700
2024-03-13,DBC,22.450000762939453,22.6200008392334,22.450000762939453,22.610000610351562,20.76522445678711,1070000
2024-03-14,DBC,22.6200008392334,22.729999542236328,22.59000015258789,22.68000030517578,20.829513549804688,1168500
2024-03-15,DBC,22.649999618530273,22.799999237060547,22.6299991607666,22.760000228881836,20.902986526489258,1043100
2024-03-18,DBC,22.90999984741211,23.0,22.84000015258789,22.969999313354492,21.095849990844727,1384300
2024-03-19,DBC,22.950000762939453,22.989999771118164,22.90999984741211,22.959999084472656,21.086666107177734,1889600
2024-03-20,DBC,22.799999237060547,22.90999984741211,22.709999084472656,22.899999618530273,21.03156280517578,1247400
2024-03-21,DBC,22.899999618530273,22.899999618530273,22.729999542236328,22.8700008392334,21.004011154174805,813800
2024-03-22,DBC,22.829999923706055,22.829999923706055,22.690000534057617,22.709999084472656,20.857065200805664,1443900
2024-03-25,DBC,22.799999237060547,22.989999771118164,22.790000915527344,22.899999618530273,21.03156280517578,1370900
2024-03-26,DBC,22.899999618530273,22.899999618530273,22.700000762939453,22.719999313354492,20.866249084472656,742000
2024-03-27,DBC,22.610000610351562,22.719999313354492,22.59000015258789,22.700000762939453,20.847881317138672,2497800
2024-03-28,DBC,22.790000915527344,22.979999542236328,22.780000686645508,22.969999313354492,21.095849990844727,3686300
2024-04-01,DBC,23.059999465942383,23.139999389648438,22.969999313354492,23.079999923706055,21.196876525878906,2345900
2024-04-02,DBC,23.239999771118164,23.31999969482422,23.18000030517578,23.290000915527344,21.389741897583008,1852700
2024-04-03,DBC,23.469999313354492,23.59000015258789,23.450000762939453,23.56999969482422,21.646896362304688,1771500
2024-04-04,DBC,23.540000915527344,23.760000228881836,23.479999542236328,23.6299991607666,21.702001571655273,1261200
2024-04-05,DBC,23.739999771118164,23.889999389648438,23.690000534057617,23.75,21.812210083007812,1313700
2024-04-08,DBC,23.809999465942383,23.829999923706055,23.59000015258789,23.739999771118164,21.80302619934082,1263500
2024-04-09,DBC,23.790000915527344,23.799999237060547,23.56999969482422,23.610000610351562,21.68363380432129,769400
2024-04-10,DBC,23.639999389648438,23.75,23.510000228881836,23.729999542236328,21.793842315673828,1349900
2024-04-11,DBC,23.700000762939453,23.700000762939453,23.520000457763672,23.690000534057617,21.757104873657227,933800
2024-04-12,DBC,23.959999084472656,24.09000015258789,23.68000030517578,23.719999313354492,21.784656524658203,1579300
2024-04-15,DBC,23.68000030517578,23.780000686645508,23.469999313354492,23.75,21.812210083007812,1660100
2024-04-16,DBC,23.65999984741211,23.75,23.530000686645508,23.709999084472656,21.77547264099121,1263700
2024-04-17,DBC,23.579999923706055,23.700000762939453,23.309999465942383,23.34000015258789,21.43566131591797,2084600
2024-04-18,DBC,23.3700008392334,23.43000030517578,23.280000686645508,23.329999923706055,21.426477432250977,1734500
2024-04-19,DBC,23.389999389648438,23.540000915527344,23.350000381469727,23.440000534057617,21.527503967285156,1968800
2024-04-22,DBC,23.260000228881836,23.440000534057617,23.209999084472656,23.440000534057617,21.527503967285156,941800
2024-04-23,DBC,23.229999542236328,23.549999237060547,23.219999313354492,23.540000915527344,21.61934471130371,1524700
2024-04-24,DBC,23.489999771118164,23.600000381469727,23.459999084472656,23.510000228881836,21.5917911529541,1670400
2024-04-25,DBC,23.489999771118164,23.649999618530273,23.420000076293945,23.639999389648438,21.711183547973633,1088600
2024-04-26,DBC,23.780000686645508,23.780000686645508,23.610000610351562,23.65999984741211,21.72955322265625,707700
2024-04-29,DBC,23.75,23.770000457763672,23.6299991607666,23.639999389648438,21.711183547973633,875800
2024-04-30,DBC,23.450000762939453,23.459999084472656,23.229999542236328,23.34000015258789,21.43566131591797,1875400
2024-05-01,DBC,23.219999313354492,23.34000015258789,22.969999313354492,23.0,21.123403549194336,1463900
2024-05-02,DBC,23.020000457763672,23.1299991607666,22.920000076293945,23.079999923706055,21.196876525878906,1004400
2024-05-03,DBC,23.139999389648438,23.18000030517578,23.06999969482422,23.110000610351562,21.224430084228516,503400
2024-05-06,DBC,23.200000762939453,23.43000030517578,23.200000762939453,23.3700008392334,21.463214874267578,1293800
2024-05-07,DBC,23.260000228881836,23.40999984741211,23.260000228881836,23.350000381469727,21.444847106933594,486300
2024-05-08,DBC,23.110000610351562,23.270000457763672,23.100000381469727,23.229999542236328,21.334636688232422,415800
2024-05-09,DBC,23.239999771118164,23.34000015258789,23.219999313354492,23.31999969482422,21.417293548583984,347200
2024-05-10,DBC,23.360000610351562,23.399999618530273,23.25,23.280000686645508,21.38055992126465,747700
2024-05-13,DBC,23.31999969482422,23.459999084472656,23.31999969482422,23.43000030517578,21.518320083618164,531400
2024-05-14,DBC,23.290000915527344,23.3799991607666,23.239999771118164,23.329999923706055,21.426477432250977,443700
2024-05-15,DBC,23.329999923706055,23.420000076293945,23.200000762939453,23.40999984741211,21.499950408935547,512100
2024-05-16,DBC,23.469999313354492,23.5,23.389999389648438,23.469999313354492,21.5550537109375,519200
2024-05-17,DBC,23.59000015258789,23.75,23.559999465942383,23.709999084472656,21.77547264099121,2083900
2024-05-20,DBC,23.75,23.940000534057617,23.739999771118164,23.920000076293945,21.968339920043945,1314900
2024-05-21,DBC,23.81999969482422,23.950000762939453,23.729999542236328,23.81999969482422,21.876497268676758,514000
2024-05-22,DBC,23.6299991607666,23.65999984741211,23.459999084472656,23.479999542236328,21.564237594604492,889400
2024-05-23,DBC,23.670000076293945,23.729999542236328,23.309999465942383,23.360000610351562,21.454030990600586,1255100
2024-05-24,DBC,23.440000534057617,23.540000915527344,23.40999984741211,23.520000457763672,21.600976943969727,1375300
2024-05-28,DBC,23.850000381469727,23.940000534057617,23.770000457763672,23.940000534057617,21.986709594726562,1845700
2024-05-29,DBC,23.81999969482422,23.84000015258789,23.690000534057617,23.690000534057617,21.757104873657227,940900
2024-05-30,DBC,23.530000686645508,23.6299991607666,23.3799991607666,23.3799991607666,21.47239875793457,1041600
2024-05-31,DBC,23.5,23.540000915527344,23.200000762939453,23.270000457763672,21.371374130249023,873400
2024-06-03,DBC,23.25,23.260000228881836,22.90999984741211,22.940000534057617,21.06829833984375,1790900
2024-06-04,DBC,22.739999771118164,22.790000915527344,22.6200008392334,22.709999084472656,20.857065200805664,1087200
2024-06-05,DBC,22.729999542236328,22.790000915527344,22.6299991607666,22.790000915527344,20.930538177490234,966900
2024-06-06,DBC,22.899999618530273,23.110000610351562,22.899999618530273,23.09000015258789,21.2060604095459,1049000
2024-06-07,DBC,22.8799991607666,22.920000076293945,22.760000228881836,22.760000228881836,20.902986526489258,747000
2024-06-10,DBC,22.90999984741211,23.100000381469727,22.8700008392334,23.09000015258789,21.2060604095459,457100
2024-06-11,DBC,23.079999923706055,23.149999618530273,23.0,23.059999465942383,21.178508758544922,572500
2024-06-12,DBC,23.34000015258789,23.3700008392334,23.1200008392334,23.139999389648438,21.25197982788086,761000
2024-06-13,DBC,23.25,23.299999237060547,23.139999389648438,23.15999984741211,21.270347595214844,553000
2024-06-14,DBC,23.239999771118164,23.290000915527344,23.06999969482422,23.06999969482422,21.187692642211914,914700
2024-06-17,DBC,23.040000915527344,23.170000076293945,23.030000686645508,23.149999618530273,21.26116371154785,1114300
2024-06-18,DBC,23.1299991607666,23.34000015258789,23.1299991607666,23.34000015258789,21.43566131591797,832400
2024-06-20,DBC,23.420000076293945,23.489999771118164,23.350000381469727,23.389999389648438,21.481582641601562,910700
2024-06-21,DBC,23.360000610351562,23.389999389648438,23.18000030517578,23.200000762939453,21.307085037231445,723100
2024-06-24,DBC,23.25,23.389999389648438,23.229999542236328,23.389999389648438,21.481582641601562,610400
2024-06-25,DBC,23.309999465942383,23.31999969482422,23.149999618530273,23.170000076293945,21.27953338623047,726400
2024-06-26,DBC,23.239999771118164,23.31999969482422,23.139999389648438,23.209999084472656,21.316268920898438,1212400
2024-06-27,DBC,23.399999618530273,23.399999618530273,23.239999771118164,23.329999923706055,21.426477432250977,675400
2024-06-28,DBC,23.450000762939453,23.450000762939453,23.200000762939453,23.229999542236328,21.334636688232422,855300
2024-07-01,DBC,23.3799991607666,23.549999237060547,23.290000915527344,23.530000686645508,21.61016082763672,1233600
2024-07-02,DBC,23.6200008392334,23.639999389648438,23.489999771118164,23.559999465942383,21.637712478637695,844800
2024-07-03,DBC,23.600000381469727,23.719999313354492,23.59000015258789,23.690000534057617,21.757104873657227,707500
2024-07-05,DBC,23.790000915527344,23.899999618530273,23.729999542236328,23.780000686645508,21.839763641357422,860600
2024-07-08,DBC,23.559999465942383,23.600000381469727,23.440000534057617,23.459999084472656,21.54587173461914,769100
2024-07-09,DBC,23.440000534057617,23.469999313354492,23.270000457763672,23.299999237060547,21.398923873901367,621500
2024-07-10,DBC,23.25,23.3700008392334,23.200000762939453,23.299999237060547,21.398923873901367,678200
2024-07-11,DBC,23.280000686645508,23.420000076293945,23.25,23.3799991607666,21.47239875793457,1759500
2024-07-12,DBC,23.299999237060547,23.34000015258789,23.260000228881836,23.290000915527344,21.389741897583008,1263200
2024-07-15,DBC,23.190000534057617,23.239999771118164,23.1200008392334,23.1200008392334,21.233612060546875,863300
2024-07-16,DBC,22.93000030517578,23.09000015258789,22.920000076293945,23.059999465942383,21.178508758544922,1485400
2024-07-17,DBC,23.110000610351562,23.149999618530273,23.030000686645508,23.059999465942383,21.178508758544922,1296400
2024-07-18,DBC,23.059999465942383,23.059999465942383,22.889999389648438,22.889999389648438,21.02237892150879,1410300
2024-07-19,DBC,22.809999465942383,22.920000076293945,22.559999465942383,22.579999923706055,20.737672805786133,1803800
2024-07-22,DBC,22.5,22.639999389648438,22.450000762939453,22.639999389648438,20.792776107788086,1959900
2024-07-23,DBC,22.5,22.549999237060547,22.389999389648438,22.43000030517578,20.599910736083984,981700
2024-07-24,DBC,22.450000762939453,22.600000381469727,22.420000076293945,22.420000076293945,20.59072494506836,991900
2024-07-25,DBC,22.290000915527344,22.520000457763672,22.219999313354492,22.469999313354492,20.636646270751953,676400
2024-07-26,DBC,22.3700008392334,22.389999389648438,22.190000534057617,22.239999771118164,20.425413131713867,584200
2024-07-29,DBC,22.290000915527344,22.34000015258789,22.059999465942383,22.139999389648438,20.33357048034668,709100
2024-07-30,DBC,21.979999542236328,22.06999969482422,21.950000762939453,22.06999969482422,20.2692813873291,1183600
2024-07-31,DBC,22.3700008392334,22.579999923706055,22.309999465942383,22.579999923706055,20.737672805786133,1495200
2024-08-01,DBC,22.559999465942383,22.59000015258789,22.219999313354492,22.309999465942383,20.489700317382812,2002300
2024-08-02,DBC,22.059999465942383,22.079999923706055,21.790000915527344,21.899999618530273,20.11315155029297,2740400
2024-08-05,DBC,21.520000457763672,21.8700008392334,21.510000228881836,21.860000610351562,20.076417922973633,2372700
2024-08-06,DBC,21.600000381469727,21.829999923706055,21.600000381469727,21.68000030517578,19.911104202270508,1634200
2024-08-07,DBC,21.809999465942383,21.989999771118164,21.770000457763672,21.8799991607666,20.094785690307617,1050600
2024-08-08,DBC,21.93000030517578,22.1299991607666,21.93000030517578,22.079999923706055,20.278467178344727,568700
2024-08-09,DBC,22.239999771118164,22.239999771118164,22.1299991607666,22.209999084472656,20.397859573364258,465100
2024-08-12,DBC,22.360000610351562,22.59000015258789,22.309999465942383,22.520000457763672,20.682567596435547,550900
2024-08-13,DBC,22.43000030517578,22.440000534057617,22.290000915527344,22.309999465942383,20.489700317382812,374900
2024-08-14,DBC,22.31999969482422,22.3799991607666,22.139999389648438,22.170000076293945,20.36112403869629,510000
2024-08-15,DBC,22.309999465942383,22.459999084472656,22.299999237060547,22.350000381469727,20.526437759399414,556600
2024-08-16,DBC,22.219999313354492,22.260000228881836,22.1200008392334,22.209999084472656,20.397859573364258,570100
2024-08-19,DBC,22.229999542236328,22.299999237060547,22.049999237060547,22.09000015258789,20.28765106201172,557600
2024-08-20,DBC,22.149999618530273,22.200000762939453,21.969999313354492,22.0,20.204994201660156,539300
2024-08-21,DBC,22.06999969482422,22.110000610351562,21.809999465942383,21.889999389648438,20.10396957397461,545400
2024-08-22,DBC,21.8700008392334,21.989999771118164,21.81999969482422,21.8700008392334,20.085603713989258,473500
2024-08-23,DBC,22.100000381469727,22.270000457763672,22.100000381469727,22.260000228881836,20.44378089904785,727700
2024-08-26,DBC,22.520000457763672,22.579999923706055,22.459999084472656,22.489999771118164,20.655014038085938,417200
2024-08-27,DBC,22.450000762939453,22.469999313354492,22.360000610351562,22.3799991607666,20.55398941040039,556000
2024-08-28,DBC,22.149999618530273,22.260000228881836,22.09000015258789,22.110000610351562,20.306018829345703,500700
2024-08-29,DBC,22.229999542236328,22.360000610351562,22.229999542236328,22.360000610351562,20.53562355041504,458700
2024-08-30,DBC,22.200000762939453,22.229999542236328,22.079999923706055,22.110000610351562,20.306018829345703,388900
2024-09-03,DBC,21.75,21.75,21.610000610351562,21.670000076293945,19.901920318603516,540700
2024-09-04,DBC,21.56999969482422,21.729999542236328,21.5,21.510000228881836,19.754974365234375,456400
2024-09-05,DBC,21.65999984741211,21.760000228881836,21.489999771118164,21.559999465942383,19.800893783569336,593800
2024-09-06,DBC,21.6200008392334,21.690000534057617,21.15999984741211,21.270000457763672,19.534557342529297,1176000
2024-09-09,DBC,21.260000228881836,21.399999618530273,21.15999984741211,21.329999923706055,19.58966064453125,2390300
2024-09-10,DBC,21.309999465942383,21.329999923706055,20.899999618530273,21.020000457763672,19.304954528808594,957600
2024-09-11,DBC,21.190000534057617,21.280000686645508,20.93000030517578,21.209999084472656,19.479450225830078,1107600
2024-09-12,DBC,21.420000076293945,21.649999618530273,21.360000610351562,21.6200008392334,19.855998992919922,1058600
2024-09-13,DBC,21.709999084472656,21.799999237060547,21.579999923706055,21.65999984741211,19.892736434936523,939100
2024-09-16,DBC,21.799999237060547,21.8700008392334,21.729999542236328,21.81999969482422,20.03968048095703,586200
2024-09-17,DBC,21.790000915527344,22.0,21.790000915527344,21.969999313354492,20.177440643310547,889900
2024-09-18,DBC,21.920000076293945,22.100000381469727,21.829999923706055,21.829999923706055,20.048864364624023,1002000
2024-09-19,DBC,22.100000381469727,22.270000457763672,22.049999237060547,22.219999313354492,20.407045364379883,726700
2024-09-20,DBC,22.15999984741211,22.25,22.100000381469727,22.219999313354492,20.407045364379883,617700
2024-09-23,DBC,22.260000228881836,22.40999984741211,22.06999969482422,22.229999542236328,20.416229248046875,658200
2024-09-24,DBC,22.600000381469727,22.610000610351562,22.479999542236328,22.600000381469727,20.756038665771484,775400
2024-09-25,DBC,22.5,22.549999237060547,22.31999969482422,22.40999984741211,20.58154296875,813700
2024-09-26,DBC,22.260000228881836,22.399999618530273,22.15999984741211,22.209999084472656,20.397859573364258,887700
2024-09-27,DBC,22.18000030517578,22.350000381469727,22.1200008392334,22.31999969482422,20.498884201049805,649900
2024-09-30,DBC,22.239999771118164,22.3799991607666,22.190000534057617,22.270000457763672,20.452964782714844,1042600
2024-10-01,DBC,22.18000030517578,22.850000381469727,22.18000030517578,22.65999984741211,20.81114387512207,1154100
2024-10-02,DBC,22.920000076293945,23.020000457763672,22.65999984741211,22.850000381469727,20.98564338684082,1089900
2024-10-03,DBC,22.8799991607666,23.219999313354492,22.84000015258789,23.18000030517578,21.28871726989746,1126800
2024-10-04,DBC,23.239999771118164,23.3700008392334,23.18000030517578,23.239999771118164,21.343822479248047,1060700
2024-10-07,DBC,23.329999923706055,23.600000381469727,23.309999465942383,23.559999465942383,21.637712478637695,1330600
2024-10-08,DBC,23.170000076293945,23.170000076293945,22.799999237060547,23.010000228881836,21.132587432861328,1115900
2024-10-09,DBC,22.65999984741211,22.829999923706055,22.540000915527344,22.809999465942383,20.948904037475586,872400
2024-10-10,DBC,22.940000534057617,23.280000686645508,22.90999984741211,23.260000228881836,21.36219024658203,961200
2024-10-11,DBC,23.229999542236328,23.360000610351562,23.209999084472656,23.280000686645508,21.38055992126465,726700
2024-10-14,DBC,22.940000534057617,23.079999923706055,22.8700008392334,22.920000076293945,21.0499324798584,842500
2024-10-15,DBC,22.43000030517578,22.510000228881836,22.309999465942383,22.479999542236328,20.645830154418945,1113700
2024-10-16,DBC,22.420000076293945,22.489999771118164,22.290000915527344,22.420000076293945,20.59072494506836,683800
2024-10-17,DBC,22.31999969482422,22.450000762939453,22.25,22.450000762939453,20.61827850341797,620600
2024-10-18,DBC,22.3700008392334,22.389999389648438,22.200000762939453,22.329999923706055,20.50806999206543,538400
2024-10-21,DBC,22.479999542236328,22.559999465942383,22.329999923706055,22.399999618530273,20.572359085083008,640000
2024-10-22,DBC,22.59000015258789,22.850000381469727,22.59000015258789,22.790000915527344,20.930538177490234,897300
2024-10-23,DBC,22.690000534057617,22.760000228881836,22.579999923706055,22.65999984741211,20.81114387512207,692400
2024-10-24,DBC,22.790000915527344,22.829999923706055,22.489999771118164,22.649999618530273,20.801959991455078,912500
2024-10-25,DBC,22.719999313354492,22.829999923706055,22.690000534057617,22.809999465942383,20.948904037475586,739800
2024-10-28,DBC,22.170000076293945,22.25,22.110000610351562,22.200000762939453,20.3886775970459,1002200
2024-10-29,DBC,22.15999984741211,22.229999542236328,22.030000686645508,22.15999984741211,20.351940155029297,569300
2024-10-30,DBC,22.25,22.440000534057617,22.219999313354492,22.440000534057617,20.609094619750977,807900
2024-10-31,DBC,22.43000030517578,22.6200008392334,22.329999923706055,22.59000015258789,20.746854782104492,1172500
2024-11-01,DBC,22.670000076293945,22.709999084472656,22.350000381469727,22.350000381469727,20.526437759399414,672100
2024-11-04,DBC,22.639999389648438,22.739999771118164,22.600000381469727,22.729999542236328,20.87543296813965,616600
2024-11-05,DBC,22.860000610351562,22.93000030517578,22.75,22.8700008392334,21.004011154174805,509300
2024-11-06,DBC,22.360000610351562,22.739999771118164,22.329999923706055,22.6200008392334,20.7744083404541,818600
2024-11-07,DBC,22.68000030517578,22.899999618530273,22.600000381469727,22.850000381469727,20.98564338684082,1471800
2024-11-08,DBC,22.6299991607666,22.65999984741211,22.43000030517578,22.5,20.664199829101562,453300
2024-11-11,DBC,22.219999313354492,22.219999313354492,22.06999969482422,22.139999389648438,20.33357048034668,1303700
2024-11-12,DBC,22.219999313354492,22.239999771118164,22.010000228881836,22.020000457763672,20.223363876342773,612000
2024-11-13,DBC,21.940000534057617,22.059999465942383,21.780000686645508,21.950000762939453,20.159074783325195,652100
2024-11-14,DBC,22.1200008392334,22.1200008392334,21.889999389648438,21.93000030517578,20.140705108642578,625800
2024-11-15,DBC,21.979999542236328,22.079999923706055,21.799999237060547,21.81999969482422,20.03968048095703,458000
2024-11-18,DBC,22.020000457763672,22.360000610351562,22.020000457763672,22.31999969482422,20.498884201049805,651400
2024-11-19,DBC,22.3799991607666,22.440000534057617,22.260000228881836,22.389999389648438,20.563173294067383,794800
2024-11-20,DBC,22.459999084472656,22.489999771118164,22.329999923706055,22.3799991607666,20.55398941040039,521500
2024-11-21,DBC,22.56999969482422,22.56999969482422,22.399999618530273,22.540000915527344,20.700937271118164,619800
2024-11-22,DBC,22.40999984741211,22.6299991607666,22.389999389648438,22.559999465942383,20.719303131103516,534800
2024-11-25,DBC,22.3799991607666,22.459999084472656,22.190000534057617,22.239999771118164,20.425413131713867,609800
2024-11-26,DBC,22.360000610351562,22.489999771118164,22.1200008392334,22.239999771118164,20.425413131713867,1010500
2024-11-27,DBC,22.15999984741211,22.280000686645508,22.040000915527344,22.1200008392334,20.315204620361328,560700
2024-11-29,DBC,22.219999313354492,22.280000686645508,22.110000610351562,22.139999389648438,20.33357048034668,419000
2024-12-02,DBC,22.06999969482422,22.09000015258789,21.93000030517578,21.979999542236328,20.186626434326172,563000
2024-12-03,DBC,22.170000076293945,22.290000915527344,22.100000381469727,22.229999542236328,20.416229248046875,482300
2024-12-04,DBC,22.270000457763672,22.280000686645508,22.040000915527344,22.110000610351562,20.306018829345703,875600
2024-12-05,DBC,22.110000610351562,22.170000076293945,22.020000457763672,22.079999923706055,20.278467178344727,407000
2024-12-06,DBC,21.940000534057617,21.989999771118164,21.860000610351562,21.90999984741211,20.122337341308594,437900
2024-12-09,DBC,22.15999984741211,22.270000457763672,22.1200008392334,22.1200008392334,20.315204620361328,698400
2024-12-10,DBC,22.1299991607666,22.260000228881836,22.1299991607666,22.170000076293945,20.36112403869629,864200
2024-12-11,DBC,22.31999969482422,22.489999771118164,22.309999465942383,22.450000762939453,20.61827850341797,539800
2024-12-12,DBC,22.299999237060547,22.399999618530273,22.190000534057617,22.360000610351562,20.53562355041504,360700
2024-12-13,DBC,22.350000381469727,22.420000076293945,22.31999969482422,22.350000381469727,20.526437759399414,1165700
2024-12-16,DBC,22.329999923706055,22.34000015258789,22.229999542236328,22.229999542236328,20.416229248046875,832900
2024-12-17,DBC,22.049999237060547,22.100000381469727,21.93000030517578,22.079999923706055,20.278467178344727,386300
2024-12-18,DBC,22.100000381469727,22.190000534057617,21.8700008392334,21.8799991607666,20.094785690307617,1348900
2024-12-19,DBC,22.020000457763672,22.049999237060547,21.860000610351562,21.8799991607666,20.094785690307617,2166500
2024-12-20,DBC,21.8700008392334,22.06999969482422,21.809999465942383,22.020000457763672,20.223363876342773,1507300
2024-12-23,DBC,20.8700008392334,20.920000076293945,20.780000686645508,20.920000076293945,20.238842010498047,1414200
2024-12-24,DBC,21.020000457763672,21.100000381469727,21.0,21.040000915527344,20.354934692382812,549500
2024-12-26,DBC,21.049999237060547,21.100000381469727,20.969999313354492,20.979999542236328,20.296886444091797,1139700
2024-12-27,DBC,21.1299991607666,21.15999984741211,21.040000915527344,21.079999923706055,20.393630981445312,1418400
2024-12-30,DBC,21.350000381469727,21.420000076293945,21.239999771118164,21.270000457763672,20.57744598388672,938700
2024-12-31,DBC,21.270000457763672,21.389999389648438,21.270000457763672,21.3799991607666,20.683862686157227,778400
2025-01-02,DBC,21.549999237060547,21.709999084472656,21.549999237060547,21.59000015258789,20.887025833129883,1027300
2025-01-03,DBC,21.549999237060547,21.549999237060547,21.459999084472656,21.479999542236328,20.780607223510742,760000
2025-01-06,DBC,21.6200008392334,21.719999313354492,21.489999771118164,21.520000457763672,20.819305419921875,678700
2025-01-07,DBC,21.6299991607666,21.700000762939453,21.610000610351562,21.6200008392334,20.91604995727539,787100
2025-01-08,DBC,21.65999984741211,21.68000030517578,21.5,21.579999923706055,20.877351760864258,425600
2025-01-10,DBC,22.25,22.299999237060547,21.979999542236328,22.15999984741211,21.438467025756836,1089400
2025-01-13,DBC,22.25,22.3799991607666,22.219999313354492,22.31999969482422,21.5932559967041,1281800
2025-01-14,DBC,22.229999542236328,22.309999465942383,22.209999084472656,22.309999465942383,21.583581924438477,476300
2025-01-15,DBC,22.43000030517578,22.690000534057617,22.420000076293945,22.670000076293945,21.931861877441406,936700
2025-01-16,DBC,22.559999465942383,22.59000015258789,22.389999389648438,22.56999969482422,21.83511734008789,743300
2025-01-17,DBC,22.420000076293945,22.56999969482422,22.3700008392334,22.469999313354492,21.738372802734375,699600
2025-01-21,DBC,22.290000915527344,22.389999389648438,22.25,22.360000610351562,21.631956100463867,661300
2025-01-22,DBC,22.34000015258789,22.399999618530273,22.299999237060547,22.34000015258789,21.612606048583984,686100
2025-01-23,DBC,22.34000015258789,22.459999084472656,22.209999084472656,22.260000228881836,21.53521156311035,920300
2025-01-24,DBC,22.309999465942383,22.34000015258789,22.170000076293945,22.270000457763672,21.544885635375977,532200
2025-01-27,DBC,22.09000015258789,22.110000610351562,21.790000915527344,21.93000030517578,21.21595573425293,957900
2025-01-28,DBC,21.959999084472656,21.979999542236328,21.850000381469727,21.950000762939453,21.235305786132812,414700
2025-01-29,DBC,21.93000030517578,22.06999969482422,21.920000076293945,21.989999771118164,21.274002075195312,1188300
2025-01-30,DBC,22.0,22.1299991607666,21.979999542236328,22.010000228881836,21.293350219726562,862300
2025-01-31,DBC,21.920000076293945,22.010000228881836,21.809999465942383,21.969999313354492,21.25465202331543,1622200
2025-02-03,DBC,22.06999969482422,22.190000534057617,21.989999771118164,22.139999389648438,21.419116973876953,1027100
2025-02-04,DBC,21.850000381469727,22.280000686645508,21.829999923706055,22.200000762939453,21.47716522216797,1188200
2025-02-05,DBC,22.030000686645508,22.1200008392334,21.979999542236328,22.059999465942383,21.34172248840332,629800
2025-02-06,DBC,22.079999923706055,22.110000610351562,21.950000762939453,22.06999969482422,21.351396560668945,1111400
2025-02-07,DBC,22.18000030517578,22.200000762939453,22.059999465942383,22.079999923706055,21.36107063293457,562700
2025-02-10,DBC,22.260000228881836,22.40999984741211,22.260000228881836,22.399999618530273,21.670652389526367,1099800
2025-02-11,DBC,22.540000915527344,22.6200008392334,22.520000457763672,22.56999969482422,21.83511734008789,693700
2025-02-12,DBC,22.450000762939453,22.5,22.31999969482422,22.31999969482422,21.5932559967041,801600
2025-02-13,DBC,22.270000457763672,22.440000534057617,22.270000457763672,22.43000030517578,21.699676513671875,717100
2025-02-14,DBC,22.559999465942383,22.610000610351562,22.43000030517578,22.440000534057617,21.7093505859375,1174400
2025-02-18,DBC,22.579999923706055,22.790000915527344,22.559999465942383,22.770000457763672,22.02860450744629,877300
2025-02-19,DBC,22.959999084472656,23.010000228881836,22.829999923706055,22.950000762939453,22.20274543762207,787400
2025-02-20,DBC,22.969999313354492,23.040000915527344,22.940000534057617,22.979999542236328,22.231767654418945,666700
2025-02-21,DBC,22.899999618530273,22.899999618530273,22.65999984741211,22.65999984741211,21.92218589782715,809600
2025-02-24,DBC,22.579999923706055,22.610000610351562,22.510000228881836,22.579999923706055,21.844791412353516,1058100
2025-02-25,DBC,22.549999237060547,22.549999237060547,22.219999313354492,22.329999923706055,21.60293197631836,1015600
2025-02-26,DBC,22.200000762939453,22.229999542236328,22.079999923706055,22.139999389648438,21.419116973876953,1308500
2025-02-27,DBC,22.219999313354492,22.270000457763672,22.139999389648438,22.170000076293945,21.44814109802246,1174400
2025-02-28,DBC,22.040000915527344,22.040000915527344,21.920000076293945,22.0,21.283676147460938,1814800
2025-03-03,DBC,22.09000015258789,22.100000381469727,21.790000915527344,21.860000610351562,21.148235321044922,3041000
2025-03-04,DBC,21.8700008392334,21.969999313354492,21.729999542236328,21.93000030517578,21.21595573425293,3014800
2025-03-05,DBC,21.700000762939453,21.8700008392334,21.610000610351562,21.8700008392334,21.157909393310547,2521500
2025-03-06,DBC,21.790000915527344,21.860000610351562,21.709999084472656,21.760000228881836,21.051490783691406,1985800
2025-03-07,DBC,21.899999618530273,22.049999237060547,21.809999465942383,21.950000762939453,21.235305786132812,1133900
2025-03-10,DBC,22.020000457763672,22.059999465942383,21.790000915527344,21.809999465942383,21.099863052368164,1741300
2025-03-11,DBC,22.0,22.049999237060547,21.899999618530273,21.93000030517578,21.21595573425293,2474400
2025-03-12,DBC,21.950000762939453,22.0,21.8799991607666,21.93000030517578,21.21595573425293,1231800
2025-03-13,DBC,21.8700008392334,22.049999237060547,21.850000381469727,21.850000381469727,21.138561248779297,1719400
2025-03-14,DBC,21.8799991607666,21.989999771118164,21.829999923706055,21.969999313354492,21.25465202331543,1467800
2025-03-17,DBC,22.079999923706055,22.170000076293945,22.059999465942383,22.1200008392334,21.399770736694336,1707800
2025-03-18,DBC,22.260000228881836,22.270000457763672,22.06999969482422,22.06999969482422,21.351396560668945,1660100
2025-03-19,DBC,22.1200008392334,22.25,22.100000381469727,22.209999084472656,21.48683738708496,1297400
2025-03-20,DBC,22.1299991607666,22.260000228881836,22.079999923706055,22.25,21.525535583496094,1301700
2025-03-21,DBC,22.15999984741211,22.170000076293945,22.100000381469727,22.1200008392334,21.399770736694336,1352900
2025-03-24,DBC,22.170000076293945,22.239999771118164,22.1200008392334,22.200000762939453,21.47716522216797,1766200
2025-03-25,DBC,22.260000228881836,22.299999237060547,22.1200008392334,22.229999542236328,21.506187438964844,1124200
2025-03-26,DBC,22.280000686645508,22.31999969482422,22.190000534057617,22.200000762939453,21.47716522216797,1089100
2025-03-27,DBC,22.149999618530273,22.290000915527344,22.100000381469727,22.260000228881836,21.53521156311035,875200
2025-03-28,DBC,22.239999771118164,22.239999771118164,22.079999923706055,22.190000534057617,21.467491149902344,2163300
2025-03-31,DBC,22.360000610351562,22.549999237060547,22.270000457763672,22.5,21.767396926879883,3256000
2025-04-01,DBC,22.549999237060547,22.579999923706055,22.459999084472656,22.510000228881836,21.777070999145508,3490500
2025-04-02,DBC,22.459999084472656,22.65999984741211,22.459999084472656,22.649999618530273,21.912511825561523,1848300
2025-04-03,DBC,21.700000762939453,21.829999923706055,21.690000534057617,21.739999771118164,21.032142639160156,3423800
2025-04-04,DBC,20.8700008392334,21.06999969482422,20.610000610351562,20.950000762939453,20.267866134643555,5190200
2025-04-07,DBC,20.700000762939453,21.260000228881836,20.56999969482422,20.6200008392334,19.948610305786133,5327500
2025-04-08,DBC,20.809999465942383,20.860000610351562,20.09000015258789,20.15999984741211,19.50358772277832,3650800
2025-04-09,DBC,20.010000228881836,20.950000762939453,19.84000015258789,20.889999389648438,20.20981788635254,3430100
2025-04-10,DBC,20.579999923706055,20.68000030517578,20.43000030517578,20.6299991607666,19.958282470703125,2439800
2025-04-11,DBC,20.6299991607666,20.969999313354492,20.6299991607666,20.93000030517578,20.248516082763672,1307900
2025-04-14,DBC,21.020000457763672,21.030000686645508,20.809999465942383,20.940000534057617,20.258190155029297,1178200
2025-04-15,DBC,20.889999389648438,20.959999084472656,20.799999237060547,20.889999389648438,20.20981788635254,816600
2025-04-16,DBC,21.0,21.190000534057617,21.0,21.149999618530273,20.46135139465332,888200
2025-04-17,DBC,21.25,21.469999313354492,21.229999542236328,21.3700008392334,20.674190521240234,1411100
2025-04-21,DBC,21.260000228881836,21.290000915527344,21.100000381469727,21.190000534057617,20.500049591064453,1429400
2025-04-22,DBC,21.290000915527344,21.440000534057617,21.25,21.290000915527344,20.59679412841797,793700
2025-04-23,DBC,21.229999542236328,21.329999923706055,20.989999771118164,21.1299991607666,20.44200325012207,1443100
2025-04-24,DBC,21.25,21.329999923706055,21.1200008392334,21.31999969482422,20.625816345214844,1256400
2025-04-25,DBC,21.209999084472656,21.360000610351562,21.200000762939453,21.350000381469727,20.65484046936035,903200
2025-04-28,DBC,21.290000915527344,21.299999237060547,21.139999389648438,21.229999542236328,20.538747787475586,1274000
2025-04-29,DBC,21.079999923706055,21.139999389648438,20.959999084472656,20.959999084472656,20.277538299560547,1139000
2025-04-30,DBC,20.81999969482422,20.8799991607666,20.549999237060547,20.56999969482422,19.900236129760742,2553900
2025-05-01,DBC,20.56999969482422,20.760000228881836,20.489999771118164,20.670000076293945,19.996980667114258,3638200
2025-05-02,DBC,20.81999969482422,20.84000015258789,20.639999389648438,20.760000228881836,20.08405113220215,1948100
2025-05-05,DBC,20.729999542236328,20.770000457763672,20.579999923706055,20.639999389648438,19.967958450317383,1284200
2025-05-06,DBC,20.979999542236328,21.06999969482422,20.920000076293945,20.950000762939453,20.267866134643555,1388200
2025-05-07,DBC,20.899999618530273,20.899999618530273,20.65999984741211,20.690000534057617,20.01633071899414,1300700
2025-05-08,DBC,20.809999465942383,20.959999084472656,20.809999465942383,20.959999084472656,20.277538299560547,520000
2025-05-09,DBC,21.049999237060547,21.149999618530273,21.040000915527344,21.1200008392334,20.432329177856445,656600
2025-05-12,DBC,21.440000534057617,21.459999084472656,21.239999771118164,21.260000228881836,20.567771911621094,1209900
2025-05-13,DBC,21.389999389648438,21.6200008392334,21.350000381469727,21.59000015258789,20.887025833129883,445300
2025-05-14,DBC,21.510000228881836,21.56999969482422,21.459999084472656,21.479999542236328,20.780607223510742,449600
2025-05-15,DBC,21.260000228881836,21.309999465942383,21.1299991607666,21.270000457763672,20.57744598388672,490900
2025-05-16,DBC,21.200000762939453,21.25,21.149999618530273,21.190000534057617,20.500049591064453,626800
2025-05-19,DBC,21.18000030517578,21.280000686645508,21.110000610351562,21.15999984741211,20.471027374267578,683700
2025-05-20,DBC,21.25,21.43000030517578,21.219999313354492,21.43000030517578,20.732234954833984,680000
2025-05-21,DBC,21.540000915527344,21.549999237060547,21.389999389648438,21.399999618530273,20.70321273803711,921900
2025-05-22,DBC,21.25,21.34000015258789,21.209999084472656,21.290000915527344,20.59679412841797,634000
2025-05-23,DBC,21.290000915527344,21.43000030517578,21.25,21.40999984741211,20.712886810302734,444100
2025-05-27,DBC,21.280000686645508,21.280000686645508,21.139999389648438,21.219999313354492,20.529071807861328,624700
2025-05-28,DBC,21.309999465942383,21.34000015258789,21.149999618530273,21.149999618530273,20.46135139465332,590600
2025-05-29,DBC,21.100000381469727,21.110000610351562,21.0,21.040000915527344,20.354934692382812,358800
2025-05-30,DBC,20.969999313354492,20.969999313354492,20.780000686645508,20.8799991607666,20.20014190673828,419100
2025-06-02,DBC,21.3700008392334,21.389999389648438,21.209999084472656,21.31999969482422,20.625816345214844,1477700
2025-06-03,DBC,21.31999969482422,21.489999771118164,21.280000686645508,21.459999084472656,20.76125717163086,566700
2025-06-04,DBC,21.5,21.520000457763672,21.270000457763672,21.3799991607666,20.683862686157227,871500
2025-06-05,DBC,21.540000915527344,21.610000610351562,21.469999313354492,21.479999542236328,20.780607223510742,460200
2025-06-06,DBC,21.489999771118164,21.670000076293945,21.489999771118164,21.649999618530273,20.945072174072266,1122800
2025-06-09,DBC,21.639999389648438,21.709999084472656,21.549999237060547,21.670000076293945,20.964420318603516,737900
2025-06-10,DBC,21.690000534057617,21.760000228881836,21.579999923706055,21.6200008392334,20.91604995727539,463600
2025-06-11,DBC,21.75,22.030000686645508,21.75,21.969999313354492,21.25465202331543,829400
2025-06-12,DBC,21.940000534057617,22.020000457763672,21.8799991607666,21.969999313354492,21.25465202331543,796900
2025-06-13,DBC,22.469999313354492,22.770000457763672,22.450000762939453,22.649999618530273,21.912511825561523,1622600
2025-06-16,DBC,22.600000381469727,22.670000076293945,22.239999771118164,22.600000381469727,21.8641414642334,2231300
2025-06-17,DBC,22.8700008392334,23.1200008392334,22.760000228881836,23.079999923706055,22.328510284423828,1641600
2025-06-18,DBC,23.190000534057617,23.270000457763672,22.920000076293945,23.139999389648438,22.38655662536621,1790200
2025-06-20,DBC,23.200000762939453,23.31999969482422,23.170000076293945,23.260000228881836,22.50265121459961,989900
2025-06-23,DBC,23.25,23.280000686645508,22.399999618530273,22.399999618530273,21.670652389526367,3334200
2025-06-24,DBC,21.899999618530273,21.979999542236328,21.770000457763672,21.860000610351562,21.148235321044922,1732000
2025-06-25,DBC,21.790000915527344,21.950000762939453,21.760000228881836,21.829999923706055,21.119211196899414,1541900
2025-06-26,DBC,21.860000610351562,22.020000457763672,21.84000015258789,21.90999984741211,21.196605682373047,1288300
2025-06-27,DBC,21.8700008392334,21.90999984741211,21.729999542236328,21.799999237060547,21.090187072753906,873200
2025-06-30,DBC,21.809999465942383,21.8700008392334,21.760000228881836,21.809999465942383,21.099863052368164,1184000
2025-07-01,DBC,21.84000015258789,21.940000534057617,21.780000686645508,21.93000030517578,21.21595573425293,585700
2025-07-02,DBC,22.030000686645508,22.329999923706055,21.969999313354492,22.290000915527344,21.564233779907227,325600
2025-07-03,DBC,22.329999923706055,22.3700008392334,22.229999542236328,22.280000686645508,21.5545597076416,202000
2025-07-07,DBC,22.139999389648438,22.309999465942383,22.110000610351562,22.260000228881836,21.53521156311035,413100
2025-07-08,DBC,22.260000228881836,22.43000030517578,22.229999542236328,22.329999923706055,21.60293197631836,557200
2025-07-09,DBC,22.239999771118164,22.350000381469727,22.200000762939453,22.290000915527344,21.564233779907227,577300
2025-07-10,DBC,22.170000076293945,22.239999771118164,22.139999389648438,22.219999313354492,21.496511459350586,347400
2025-07-11,DBC,22.31999969482422,22.510000228881836,22.31999969482422,22.510000228881836,21.777070999145508,329700
2025-07-14,DBC,22.520000457763672,22.520000457763672,22.309999465942383,22.31999969482422,21.5932559967041,562500
2025-07-15,DBC,22.299999237060547,22.40999984741211,22.260000228881836,22.280000686645508,21.5545597076416,494700
2025-07-16,DBC,22.190000534057617,22.34000015258789,22.1200008392334,22.309999465942383,21.583581924438477,313600
2025-07-17,DBC,22.280000686645508,22.489999771118164,22.280000686645508,22.489999771118164,21.757720947265625,203300
2025-07-18,DBC,22.719999313354492,22.809999465942383,22.520000457763672,22.530000686645508,21.796419143676758,762500
2025-07-21,DBC,22.469999313354492,22.549999237060547,22.40999984741211,22.479999542236328,21.748046875,500600
2025-07-22,DBC,22.3799991607666,22.469999313354492,22.350000381469727,22.440000534057617,21.7093505859375,334000
2025-07-23,DBC,22.3700008392334,22.40999984741211,22.309999465942383,22.3799991607666,21.651302337646484,438200
2025-07-24,DBC,22.3799991607666,22.43000030517578,22.260000228881836,22.399999618530273,21.670652389526367,347300
2025-07-25,DBC,22.34000015258789,22.360000610351562,22.170000076293945,22.170000076293945,21.44814109802246,381900
2025-07-28,DBC,22.360000610351562,22.399999618530273,22.270000457763672,22.399999618530273,21.670652389526367,373300
2025-07-29,DBC,22.389999389648438,22.729999542236328,22.3799991607666,22.690000534057617,21.951210021972656,480300
2025-07-30,DBC,22.59000015258789,22.75,22.440000534057617,22.639999389648438,21.9028377532959,1038500
2025-07-31,DBC,22.450000762939453,22.520000457763672,22.360000610351562,22.450000762939453,21.719024658203125,656700
2025-08-01,DBC,22.450000762939453,22.450000762939453,22.059999465942383,22.09000015258789,21.370746612548828,505900
2025-08-04,DBC,21.940000534057617,22.1200008392334,21.90999984741211,22.010000228881836,21.293350219726562,558300
2025-08-05,DBC,21.940000534057617,21.959999084472656,21.81999969482422,21.81999969482422,21.10953712463379,225300
2025-08-06,DBC,22.040000915527344,22.1200008392334,21.719999313354492,21.770000457763672,21.06116485595703,530000
2025-08-07,DBC,21.889999389648438,21.959999084472656,21.829999923706055,21.84000015258789,21.12888526916504,332800
2025-08-08,DBC,21.90999984741211,22.0,21.760000228881836,21.84000015258789,21.12888526916504,536700
2025-08-11,DBC,21.84000015258789,21.90999984741211,21.790000915527344,21.8700008392334,21.157909393310547,220800
2025-08-12,DBC,21.81999969482422,21.829999923706055,21.760000228881836,21.780000686645508,21.07084083557129,201100
2025-08-13,DBC,21.809999465942383,21.81999969482422,21.6200008392334,21.75,21.04181671142578,527100
2025-08-14,DBC,21.790000915527344,21.850000381469727,21.729999542236328,21.84000015258789,21.12888526916504,394300
2025-08-15,DBC,21.709999084472656,21.829999923706055,21.709999084472656,21.770000457763672,21.06116485595703,192700
2025-08-18,DBC,21.649999618530273,21.860000610351562,21.610000610351562,21.790000915527344,21.080514907836914,658700
2025-08-19,DBC,21.700000762939453,21.709999084472656,21.59000015258789,21.6200008392334,20.91604995727539,379700
2025-08-20,DBC,21.770000457763672,21.8700008392334,21.75,21.860000610351562,21.148235321044922,443800
2025-08-21,DBC,21.860000610351562,22.020000457763672,21.829999923706055,21.989999771118164,21.274002075195312,546000
2025-08-22,DBC,21.969999313354492,22.1200008392334,21.969999313354492,22.079999923706055,21.36107063293457,252200
2025-08-25,DBC,22.1299991607666,22.260000228881836,22.110000610351562,22.190000534057617,21.467491149902344,162400
2025-08-26,DBC,22.049999237060547,22.1200008392334,21.989999771118164,22.020000457763672,21.30302619934082,236300
2025-08-27,DBC,22.0,22.100000381469727,21.979999542236328,22.040000915527344,21.32237434387207,565600
2025-08-28,DBC,22.059999465942383,22.25,21.989999771118164,22.18000030517578,21.457815170288086,147000
2025-08-29,DBC,22.229999542236328,22.229999542236328,22.149999618530273,22.209999084472656,21.48683738708496,447500
2025-09-02,DBC,22.40999984741211,22.59000015258789,22.34000015258789,22.56999969482422,21.83511734008789,630100
2025-09-03,DBC,22.5,22.520000457763672,22.34000015258789,22.3700008392334,21.641630172729492,820100
2025-09-04,DBC,22.200000762939453,22.25,22.139999389648438,22.209999084472656,21.48683738708496,414400
2025-09-05,DBC,22.139999389648438,22.139999389648438,21.969999313354492,22.030000686645508,21.312700271606445,419100
2025-09-08,DBC,22.200000762939453,22.209999084472656,22.079999923706055,22.18000030517578,21.457815170288086,316400
2025-09-09,DBC,22.31999969482422,22.3799991607666,22.229999542236328,22.239999771118164,21.51586151123047,252700
2025-09-10,DBC,22.280000686645508,22.420000076293945,22.270000457763672,22.389999389648438,21.66097640991211,282100
2025-09-11,DBC,22.18000030517578,22.280000686645508,22.149999618530273,22.219999313354492,21.496511459350586,251100
2025-09-12,DBC,22.389999389648438,22.459999084472656,22.329999923706055,22.350000381469727,21.62228012084961,300700
2025-09-15,DBC,22.5,22.56999969482422,22.479999542236328,22.549999237060547,21.815767288208008,267000
2025-09-16,DBC,22.690000534057617,22.790000915527344,22.670000076293945,22.780000686645508,22.038280487060547,195800
2025-09-17,DBC,22.709999084472656,22.739999771118164,22.5,22.540000915527344,21.806095123291016,448000
2025-09-18,DBC,22.549999237060547,22.579999923706055,22.389999389648438,22.440000534057617,21.7093505859375,190700
2025-09-19,DBC,22.350000381469727,22.40999984741211,22.25,22.260000228881836,21.53521156311035,205000
2025-09-22,DBC,22.170000076293945,22.270000457763672,22.15999984741211,22.260000228881836,21.53521156311035,325700
2025-09-23,DBC,22.34000015258789,22.5,22.34000015258789,22.489999771118164,21.757720947265625,318500
2025-09-24,DBC,22.559999465942383,22.65999984741211,22.520000457763672,22.639999389648438,21.9028377532959,309300
2025-09-25,DBC,22.649999618530273,22.799999237060547,22.579999923706055,22.799999237060547,22.057626724243164,1415100
2025-09-26,DBC,22.780000686645508,22.969999313354492,22.760000228881836,22.809999465942383,22.067302703857422,407600
2025-09-29,DBC,22.670000076293945,22.700000762939453,22.59000015258789,22.6200008392334,21.88348960876465,192200
2025-09-30,DBC,22.5,22.579999923706055,22.469999313354492,22.530000686645508,21.796419143676758,377300
2025-10-01,DBC,22.34000015258789,22.520000457763672,22.299999237060547,22.489999771118164,21.757720947265625,565700
2025-10-02,DBC,22.450000762939453,22.520000457763672,22.280000686645508,22.34000015258789,21.612606048583984,303300
2025-10-03,DBC,22.40999984741211,22.489999771118164,22.389999389648438,22.40999984741211,21.680326461791992,356900
2025-10-06,DBC,22.549999237060547,22.65999984741211,22.549999237060547,22.639999389648438,21.9028377532959,179600
2025-10-07,DBC,22.6200008392334,22.729999542236328,22.56999969482422,22.729999542236328,21.989906311035156,241800
2025-10-08,DBC,22.760000228881836,22.84000015258789,22.729999542236328,22.760000228881836,22.018930435180664,292500
2025-10-09,DBC,22.850000381469727,22.850000381469727,22.520000457763672,22.549999237060547,21.815767288208008,168400
2025-10-10,DBC,22.360000610351562,22.40999984741211,22.040000915527344,22.06999969482422,21.351396560668945,464200
2025-10-13,DBC,22.299999237060547,22.3799991607666,22.229999542236328,22.350000381469727,21.62228012084961,282700
2025-10-14,DBC,22.059999465942383,22.200000762939453,22.020000457763672,22.100000381469727,21.380420684814453,205300
2025-10-15,DBC,22.209999084472656,22.229999542236328,22.100000381469727,22.18000030517578,21.457815170288086,164500
2025-10-16,DBC,22.219999313354492,22.31999969482422,22.09000015258789,22.139999389648438,21.419116973876953,279200
2025-10-17,DBC,22.1299991607666,22.15999984741211,22.040000915527344,22.1200008392334,21.399770736694336,1650600
2025-10-20,DBC,22.15999984741211,22.34000015258789,22.15999984741211,22.34000015258789,21.612606048583984,185200
2025-10-21,DBC,22.170000076293945,22.209999084472656,21.979999542236328,22.110000610351562,21.390094757080078,534200
2025-10-22,DBC,22.270000457763672,22.520000457763672,22.239999771118164,22.459999084472656,21.728696823120117,397200
2025-10-23,DBC,22.790000915527344,22.959999084472656,22.790000915527344,22.84000015258789,22.096324920654297,472300
2025-10-24,DBC,22.860000610351562,22.959999084472656,22.84000015258789,22.850000381469727,22.106000900268555,268900
2025-10-27,DBC,22.850000381469727,22.889999389648438,22.780000686645508,22.799999237060547,22.057626724243164,294900
2025-10-28,DBC,22.6299991607666,22.700000762939453,22.579999923706055,22.59000015258789,21.85446548461914,181200
2025-10-29,DBC,22.719999313354492,22.850000381469727,22.690000534057617,22.709999084472656,21.970558166503906,191000
2025-10-30,DBC,22.6299991607666,22.790000915527344,22.549999237060547,22.719999313354492,21.98023223876953,183000
2025-10-31,DBC,22.829999923706055,22.899999618530273,22.760000228881836,22.8799991607666,22.13502311706543,611000
2025-11-03,DBC,22.959999084472656,23.06999969482422,22.84000015258789,23.049999237060547,22.299488067626953,786100
2025-11-04,DBC,22.829999923706055,22.969999313354492,22.770000457763672,22.889999389648438,22.144697189331055,480200
2025-11-05,DBC,22.8799991607666,22.989999771118164,22.799999237060547,22.81999969482422,22.076976776123047,375600
2025-11-06,DBC,22.84000015258789,22.8799991607666,22.729999542236328,22.850000381469727,22.106000900268555,556000
2025-11-07,DBC,22.93000030517578,22.940000534057617,22.809999465942383,22.899999618530273,22.15437126159668,305600
2025-11-10,DBC,23.030000686645508,23.15999984741211,22.950000762939453,23.149999618530273,22.39623260498047,254400
2025-11-11,DBC,23.200000762939453,23.31999969482422,23.200000762939453,23.299999237060547,22.54134750366211,268300
2025-11-12,DBC,23.110000610351562,23.1299991607666,23.0,23.040000915527344,22.289813995361328,808900
2025-11-13,DBC,23.09000015258789,23.139999389648438,22.920000076293945,22.920000076293945,22.173721313476562,291100
2025-11-14,DBC,22.950000762939453,23.100000381469727,22.8799991607666,22.969999313354492,22.222091674804688,787700
2025-11-17,DBC,22.950000762939453,23.049999237060547,22.920000076293945,22.940000534057617,22.193069458007812,353400
2025-11-18,DBC,22.969999313354492,23.149999618530273,22.889999389648438,23.1299991607666,22.376882553100586,352200
2025-11-19,DBC,22.940000534057617,22.969999313354492,22.799999237060547,22.899999618530273,22.15437126159668,965000
2025-11-20,DBC,22.989999771118164,22.989999771118164,22.670000076293945,22.68000030517578,21.94153594970703,287000
2025-11-21,DBC,22.510000228881836,22.600000381469727,22.40999984741211,22.530000686645508,21.796419143676758,528600
2025-11-24,DBC,22.450000762939453,22.65999984741211,22.399999618530273,22.639999389648438,21.9028377532959,516300
2025-11-25,DBC,22.469999313354492,22.559999465942383,22.3700008392334,22.520000457763672,21.786745071411133,224600
2025-11-26,DBC,22.56999969482422,22.790000915527344,22.56999969482422,22.760000228881836,22.018930435180664,983400
2025-11-28,DBC,22.940000534057617,23.09000015258789,22.920000076293945,23.059999465942383,22.309162139892578,236100
2025-12-01,DBC,23.110000610351562,23.15999984741211,23.06999969482422,23.1200008392334,22.367210388183594,679600
2025-12-02,DBC,23.06999969482422,23.1200008392334,22.979999542236328,23.020000457763672,22.270465850830078,525000
2025-12-03,DBC,23.149999618530273,23.200000762939453,23.06999969482422,23.1299991607666,22.376882553100586,140800
2025-12-04,DBC,23.1200008392334,23.219999313354492,23.049999237060547,23.190000534057617,22.4349308013916,195700
2025-12-05,DBC,23.299999237060547,23.440000534057617,23.299999237060547,23.329999923706055,22.570371627807617,502700
2025-12-08,DBC,23.170000076293945,23.190000534057617,23.040000915527344,23.040000915527344,22.289813995361328,784600
2025-12-09,DBC,23.030000686645508,23.040000915527344,22.950000762939453,22.989999771118164,22.24144172668457,294700
2025-12-10,DBC,22.979999542236328,23.15999984741211,22.93000030517578,23.1299991607666,22.376882553100586,387200
2025-12-11,DBC,22.950000762939453,23.1200008392334,22.950000762939453,23.110000610351562,22.357534408569336,534800
2025-12-12,DBC,23.1200008392334,23.1200008392334,22.860000610351562,22.920000076293945,22.173721313476562,425800
2025-12-15,DBC,22.8799991607666,22.899999618530273,22.729999542236328,22.809999465942383,22.067302703857422,252700
2025-12-16,DBC,22.649999618530273,22.68000030517578,22.559999465942383,22.579999923706055,21.844791412353516,392500
2025-12-17,DBC,22.739999771118164,22.860000610351562,22.709999084472656,22.850000381469727,22.106000900268555,504000
2025-12-18,DBC,22.790000915527344,22.84000015258789,22.670000076293945,22.690000534057617,21.951210021972656,211500
2025-12-19,DBC,22.770000457763672,22.8799991607666,22.719999313354492,22.850000381469727,22.106000900268555,282700
2025-12-22,DBC,22.3799991607666,22.40999984741211,22.34000015258789,22.389999389648438,22.389999389648438,511600
2025-12-23,DBC,22.479999542236328,22.649999618530273,22.420000076293945,22.639999389648438,22.639999389648438,642400
2025-12-24,DBC,22.670000076293945,22.670000076293945,22.559999465942383,22.6299991607666,22.6299991607666,362800
2025-12-26,DBC,22.709999084472656,22.760000228881836,22.6299991607666,22.700000762939453,22.700000762939453,686500
2025-12-29,DBC,22.59000015258789,22.610000610351562,22.469999313354492,22.489999771118164,22.489999771118164,539300
2025-12-30,DBC,22.719999313354492,22.729999542236328,22.6200008392334,22.639999389648438,22.639999389648438,597600
2025-12-31,DBC,22.520000457763672,22.559999465942383,22.350000381469727,22.360000610351562,22.360000610351562,931400
2026-01-02,DBC,22.389999389648438,22.420000076293945,22.290000915527344,22.389999389648438,22.389999389648438,825300
2026-01-05,DBC,22.6299991607666,22.81999969482422,22.6299991607666,22.809999465942383,22.809999465942383,860000
2026-01-06,DBC,22.940000534057617,22.979999542236328,22.780000686645508,22.799999237060547,22.799999237060547,581700
2026-01-07,DBC,22.709999084472656,22.709999084472656,22.510000228881836,22.59000015258789,22.59000015258789,660000
2026-01-08,DBC,22.610000610351562,22.899999618530273,22.600000381469727,22.8799991607666,22.8799991607666,776600
2026-01-09,DBC,22.969999313354492,23.059999465942383,22.889999389648438,22.899999618530273,22.899999618530273,220500
2026-01-12,DBC,23.059999465942383,23.25,23.059999465942383,23.190000534057617,23.190000534057617,320900
2026-01-13,DBC,23.350000381469727,23.469999313354492,23.299999237060547,23.3700008392334,23.3700008392334,826200
2026-01-14,DBC,23.56999969482422,23.649999618530273,23.260000228881836,23.389999389648438,23.389999389648438,1316500
2026-01-15,DBC,23.18000030517578,23.309999465942383,23.1200008392334,23.200000762939453,23.200000762939453,490100
2026-01-16,DBC,23.200000762939453,23.239999771118164,23.09000015258789,23.15999984741211,23.15999984741211,506600
2026-01-20,DBC,23.510000228881836,23.59000015258789,23.450000762939453,23.479999542236328,23.479999542236328,427900
2026-01-21,DBC,23.780000686645508,23.790000915527344,23.649999618530273,23.75,23.75,693400
2026-01-22,DBC,23.719999313354492,23.760000228881836,23.649999618530273,23.739999771118164,23.739999771118164,409300
2026-01-23,DBC,24.049999237060547,24.200000762939453,24.049999237060547,24.18000030517578,24.18000030517578,890600
2026-01-26,DBC,24.350000381469727,24.5,24.190000534057617,24.290000915527344,24.290000915527344,749000
2026-01-27,DBC,24.299999237060547,24.6299991607666,24.229999542236328,24.6200008392334,24.6200008392334,928600
2026-01-28,DBC,24.770000457763672,24.969999313354492,24.709999084472656,24.940000534057617,24.940000534057617,557400
2026-01-29,DBC,25.670000076293945,25.690000534057617,24.770000457763672,25.299999237060547,25.299999237060547,1001600
2026-01-30,DBC,24.790000915527344,24.860000610351562,23.950000762939453,24.43000030517578,24.43000030517578,2266600
2026-02-02,DBC,23.65999984741211,23.760000228881836,23.389999389648438,23.540000915527344,23.540000915527344,3064300
2026-02-03,DBC,23.969999313354492,24.170000076293945,23.8700008392334,24.149999618530273,24.149999618530273,1165100
2026-02-04,DBC,24.18000030517578,24.270000457763672,23.93000030517578,24.190000534057617,24.190000534057617,1310400
2026-02-05,DBC,23.860000610351562,24.010000228881836,23.639999389648438,23.760000228881836,23.760000228881836,916100
2026-02-06,DBC,23.84000015258789,24.149999618530273,23.829999923706055,24.010000228881836,24.010000228881836,913000
2026-02-09,DBC,23.979999542236328,24.290000915527344,23.969999313354492,24.25,24.25,630400
2026-02-10,DBC,24.229999542236328,24.229999542236328,24.030000686645508,24.139999389648438,24.139999389648438,383500
2026-02-11,DBC,24.43000030517578,24.43000030517578,24.25,24.3700008392334,24.3700008392334,1026000
2026-02-12,DBC,24.280000686645508,24.299999237060547,23.770000457763672,23.799999237060547,23.799999237060547,1756500
2026-02-13,DBC,23.850000381469727,23.950000762939453,23.739999771118164,23.8799991607666,23.8799991607666,250700
2026-02-17,DBC,23.65999984741211,23.690000534057617,23.520000457763672,23.59000015258789,23.59000015258789,387600
2026-02-18,DBC,23.969999313354492,24.239999771118164,23.969999313354492,24.209999084472656,24.209999084472656,408500
2026-02-19,DBC,24.290000915527344,24.43000030517578,24.209999084472656,24.43000030517578,24.43000030517578,278800
2026-02-20,DBC,24.450000762939453,24.639999389648438,24.40999984741211,24.600000381469727,24.600000381469727,350500
2026-02-23,DBC,24.739999771118164,24.850000381469727,24.639999389648438,24.75,24.75,747300
2026-02-24,DBC,24.690000534057617,24.75,24.6200008392334,24.719999313354492,24.719999313354492,778600
2026-02-25,DBC,24.760000228881836,24.93000030517578,24.68000030517578,24.75,24.75,785400
2026-02-26,DBC,24.59000015258789,24.8700008392334,24.510000228881836,24.760000228881836,24.760000228881836,386400
2026-02-27,DBC,25.100000381469727,25.110000610351562,24.940000534057617,25.100000381469727,25.100000381469727,467900
2026-03-02,DBC,25.889999389648438,25.950000762939453,25.510000228881836,25.809999465942383,25.809999465942383,1707300
2026-03-03,DBC,26.3700008392334,26.389999389648438,25.579999923706055,25.90999984741211,25.90999984741211,1299200
2026-03-04,DBC,26.040000915527344,26.190000534057617,25.920000076293945,26.139999389648438,26.139999389648438,539700
2026-03-05,DBC,26.350000381469727,26.739999771118164,26.31999969482422,26.520000457763672,26.520000457763672,1300900
2026-03-06,DBC,27.309999465942383,27.65999984741211,27.25,27.510000228881836,27.510000228881836,4462900
2026-03-09,DBC,28.3799991607666,28.610000610351562,26.690000534057617,27.139999389648438,27.139999389648438,5116100
2026-03-10,DBC,27.56999969482422,27.639999389648438,26.600000381469727,27.600000381469727,27.600000381469727,2497600
2026-03-11,DBC,27.670000076293945,28.149999618530273,27.350000381469727,28.1299991607666,28.1299991607666,1225700
2026-03-12,DBC,28.719999313354492,28.93000030517578,28.489999771118164,28.860000610351562,28.860000610351562,1770100
2026-03-13,DBC,28.520000457763672,28.790000915527344,28.219999313354492,28.709999084472656,28.709999084472656,1135600
2026-03-16,DBC,28.6200008392334,28.700000762939453,28.200000762939453,28.309999465942383,28.309999465942383,1232000
2026-03-17,DBC,28.690000534057617,28.770000457763672,28.540000915527344,28.760000228881836,28.760000228881836,449800
2026-03-18,DBC,28.969999313354492,29.299999237060547,28.889999389648438,29.270000457763672,29.270000457763672,873400
2026-03-19,DBC,29.049999237060547,29.25,28.540000915527344,28.84000015258789,28.84000015258789,1052100
2026-03-20,DBC,28.920000076293945,29.139999389648438,28.739999771118164,28.940000534057617,28.940000534057617,1959900
2026-03-23,DBC,28.110000610351562,28.1299991607666,27.40999984741211,27.75,27.75,2131000
2026-03-24,DBC,28.18000030517578,28.399999618530273,28.059999465942383,28.239999771118164,28.239999771118164,1491900
2026-03-25,DBC,27.780000686645508,28.239999771118164,27.780000686645508,28.170000076293945,28.170000076293945,910100
2026-03-26,DBC,28.440000534057617,28.65999984741211,28.399999618530273,28.440000534057617,28.440000534057617,569700
2026-03-27,DBC,28.850000381469727,29.219999313354492,28.799999237060547,29.100000381469727,29.100000381469727,595300
2026-03-30,DBC,29.389999389648438,29.440000534057617,29.139999389648438,29.260000228881836,29.260000228881836,1067800
2026-03-31,DBC,29.280000686645508,29.3799991607666,28.829999923706055,28.950000762939453,28.950000762939453,6393700
2026-04-01,DBC,28.719999313354492,28.799999237060547,28.510000228881836,28.68000030517578,28.68000030517578,7866900
2026-04-02,DBC,29.469999313354492,29.479999542236328,29.030000686645508,29.329999923706055,29.329999923706055,1765000
2026-04-06,DBC,29.389999389648438,29.610000610351562,29.270000457763672,29.479999542236328,29.479999542236328,1310900
2026-04-07,DBC,29.610000610351562,29.760000228881836,29.110000610351562,29.3700008392334,29.3700008392334,2210100
2026-04-08,DBC,28.030000686645508,28.639999389648438,28.0,28.559999465942383,28.559999465942383,3558100
2026-04-09,DBC,28.799999237060547,28.950000762939453,28.450000762939453,28.709999084472656,28.709999084472656,948000
2026-04-10,DBC,28.6299991607666,28.780000686645508,28.469999313354492,28.5,28.5,496600
2026-04-13,DBC,29.209999084472656,29.34000015258789,28.8799991607666,28.959999084472656,28.959999084472656,1206800
2026-04-14,DBC,29.040000915527344,29.06999969482422,28.729999542236328,28.84000015258789,28.84000015258789,958000
2026-04-15,DBC,28.84000015258789,29.040000915527344,28.799999237060547,28.889999389648438,28.889999389648438,770300
2026-04-16,DBC,29.049999237060547,29.270000457763672,29.049999237060547,29.110000610351562,29.110000610351562,556700
2026-04-17,DBC,28.079999923706055,28.350000381469727,27.84000015258789,28.290000915527344,28.290000915527344,4703400
2026-04-20,DBC,28.540000915527344,28.81999969482422,28.520000457763672,28.670000076293945,28.670000076293945,1226200
2026-04-21,DBC,28.770000457763672,29.280000686645508,28.729999542236328,29.209999084472656,29.209999084472656,804300
2026-04-22,DBC,29.329999923706055,29.579999923706055,29.329999923706055,29.510000228881836,29.510000228881836,1232600
2026-04-23,DBC,29.520000457763672,30.040000915527344,29.5,29.889999389648438,29.889999389648438,1074300
2026-04-24,DBC,29.739999771118164,29.899999618530273,29.579999923706055,29.860000610351562,29.860000610351562,974000
2026-04-27,DBC,30.0,30.25,29.969999313354492,30.09000015258789,30.09000015258789,1478500
2026-04-28,DBC,30.190000534057617,30.350000381469727,30.110000610351562,30.34000015258789,30.34000015258789,1564500
2026-04-29,DBC,30.829999923706055,31.110000610351562,30.829999923706055,31.079999923706055,31.079999923706055,1886200
2026-04-30,DBC,30.790000915527344,31.110000610351562,30.790000915527344,31.100000381469727,31.100000381469727,2145400
2026-05-01,DBC,30.8799991607666,30.90999984741211,30.59000015258789,30.809999465942383,30.809999465942383,1626300
2026-05-04,DBC,30.889999389648438,31.459999084472656,30.8700008392334,31.329999923706055,31.329999923706055,2479300
2026-05-05,DBC,31.190000534057617,31.270000457763672,31.059999465942383,31.200000762939453,31.200000762939453,699700
2026-05-06,DBC,30.3700008392334,30.43000030517578,30.1200008392334,30.209999084472656,30.209999084472656,1739900
2026-05-07,DBC,29.739999771118164,30.3700008392334,29.56999969482422,30.25,30.25,5368300
2026-05-08,DBC,30.1299991607666,30.420000076293945,30.1299991607666,30.299999237060547,30.299999237060547,1309900
2026-05-11,DBC,30.739999771118164,31.170000076293945,30.739999771118164,31.059999465942383,31.059999465942383,3213600
2026-05-12,DBC,31.479999542236328,31.700000762939453,31.3700008392334,31.690000534057617,31.690000534057617,1301900
2026-05-13,DBC,31.600000381469727,31.719999313354492,31.309999465942383,31.3700008392334,31.3700008392334,777700
2026-05-14,DBC,31.049999237060547,31.190000534057617,30.959999084472656,31.149999618530273,31.149999618530273,679000
2026-05-15,DBC,31.030000686645508,31.239999771118164,30.989999771118164,31.190000534057617,31.190000534057617,832200
2026-05-18,DBC,31.239999771118164,31.790000915527344,31.190000534057617,31.3799991607666,31.3799991607666,1514300
2026-05-19,DBC,31.6200008392334,31.690000534057617,31.40999984741211,31.610000610351562,31.610000610351562,960000
2026-05-20,DBC,31.360000610351562,31.40999984741211,30.670000076293945,30.8799991607666,30.8799991607666,1344200
2026-05-21,DBC,31.290000915527344,31.290000915527344,30.43000030517578,30.700000762939453,30.700000762939453,751900
2026-05-22,DBC,30.600000381469727,30.780000686645508,30.31999969482422,30.540000915527344,30.540000915527344,863100
2026-05-26,DBC,30.1299991607666,30.309999465942383,29.989999771118164,30.030000686645508,30.030000686645508,1488800
2026-05-27,DBC,29.420000076293945,29.68000030517578,29.399999618530273,29.489999771118164,29.489999771118164,936800
2026-05-28,DBC,29.68000030517578,29.729999542236328,29.270000457763672,29.719999313354492,29.719999313354492,918700
2026-05-29,DBC,29.530000686645508,29.59000015258789,29.290000915527344,29.479999542236328,29.479999542236328,1035300
2026-06-01,DBC,30.040000915527344,30.309999465942383,29.84000015258789,29.989999771118164,29.989999771118164,1643000
2026-06-02,DBC,30.0,30.149999618530273,29.950000762939453,30.1200008392334,30.1200008392334,715900
2026-06-03,DBC,30.299999237060547,30.3700008392334,30.170000076293945,30.290000915527344,30.290000915527344,507500
2026-06-04,DBC,29.959999084472656,29.969999313354492,29.75,29.8799991607666,29.8799991607666,781200
2026-06-05,DBC,29.610000610351562,29.6200008392334,29.200000762939453,29.229999542236328,29.229999542236328,1126100
2026-06-08,DBC,29.479999542236328,29.579999923706055,29.40999984741211,29.469999313354492,29.469999313354492,654200
2026-06-09,DBC,29.270000457763672,29.329999923706055,28.81999969482422,29.06999969482422,29.06999969482422,2689200
2026-06-10,DBC,29.1200008392334,29.389999389648438,29.1200008392334,29.170000076293945,29.170000076293945,930800
2026-06-11,DBC,29.170000076293945,29.31999969482422,28.770000457763672,28.850000381469727,28.850000381469727,1377400
2026-06-12,DBC,28.6299991607666,28.8799991607666,28.510000228881836,28.549999237060547,28.549999237060547,1080700
2026-06-15,DBC,28.18000030517578,28.25,28.100000381469727,28.219999313354492,28.219999313354492,1070000
2026-06-16,DBC,27.899999618530273,28.040000915527344,27.760000228881836,27.899999618530273,27.899999618530273,463800
2026-06-17,DBC,27.969999313354492,28.350000381469727,27.68000030517578,27.709999084472656,27.709999084472656,1454800
2026-06-18,DBC,27.530000686645508,27.700000762939453,27.280000686645508,27.6299991607666,27.6299991607666,1121200
2026-06-22,DBC,27.510000228881836,27.540000915527344,27.31999969482422,27.40999984741211,27.40999984741211,585400
2026-06-23,DBC,27.09000015258789,27.18000030517578,27.030000686645508,27.1200008392334,27.1200008392334,572900
2026-06-24,DBC,26.530000686645508,26.65999984741211,26.40999984741211,26.450000762939453,26.450000762939453,1050800
2026-06-25,DBC,26.549999237060547,27.0,26.530000686645508,26.93000030517578,26.93000030517578,529600
2026-06-26,DBC,26.610000610351562,26.639999389648438,26.489999771118164,26.56999969482422,26.56999969482422,522300
2026-06-29,DBC,26.6200008392334,26.649999618530273,26.5,26.559999465942383,26.559999465942383,728700
2026-06-30,DBC,26.760000228881836,26.790000915527344,26.56999969482422,26.65999984741211,26.65999984741211,1480300
2026-07-01,DBC,26.579999923706055,26.709999084472656,26.440000534057617,26.450000762939453,26.450000762939453,1940200
2026-07-02,DBC,26.469999313354492,26.600000381469727,26.43000030517578,26.56999969482422,26.56999969482422,830200
2026-07-06,DBC,26.75,27.020000457763672,26.75,27.0,27.0,774900
2026-07-07,DBC,27.09000015258789,27.389999389648438,27.059999465942383,27.350000381469727,27.350000381469727,781000
2026-07-08,DBC,27.670000076293945,27.959999084472656,27.559999465942383,27.799999237060547,27.799999237060547,1394400
2026-07-09,DBC,27.75,27.760000228881836,27.510000228881836,27.579999923706055,27.579999923706055,448800
2026-07-10,DBC,27.5,27.670000076293945,27.420000076293945,27.520000457763672,27.520000457763672,509700
2026-07-13,DBC,27.850000381469727,28.389999389648438,27.790000915527344,28.329999923706055,28.329999923706055,770500
2026-07-14,DBC,28.65999984741211,28.719999313354492,28.399999618530273,28.6299991607666,28.6299991607666,867800
2026-07-15,DBC,28.75,28.81999969482422,28.469999313354492,28.790000915527344,28.790000915527344,609200
2026-07-16,DBC,28.719999313354492,28.729999542236328,28.420000076293945,28.459999084472656,28.459999084472656,521700
2026-07-17,DBC,28.739999771118164,29.020000457763672,28.719999313354492,28.979999542236328,28.979999542236328,4318800
2026-07-20,DBC,28.989999771118164,29.219999313354492,28.93000030517578,29.139999389648438,29.139999389648438,809000
2026-07-21,DBC,29.450000762939453,29.600000381469727,29.43000030517578,29.56999969482422,29.56999969482422,924700
2026-07-22,DBC,29.860000610351562,29.959999084472656,29.790000915527344,29.860000610351562,29.860000610351562,1198400
2026-07-23,DBC,30.280000686645508,30.56999969482422,30.280000686645508,30.309999465942383,30.309999465942383,1268000
2026-07-24,DBC,30.079999923706055,30.149999618530273,29.8700008392334,30.100000381469727,30.100000381469727,817400
2026-07-27,DBC,29.43000030517578,29.43000030517578,29.010000228881836,29.010000228881836,29.010000228881836,820900
2026-07-28,DBC,28.8799991607666,28.920000076293945,28.459999084472656,28.600000381469727,28.600000381469727,533000
2026-07-29,DBC,29.25,29.5,29.219999313354492,29.420000076293945,29.420000076293945,1143500
2026-07-30,DBC,29.299999237060547,29.399999618530273,29.239999771118164,29.31999969482422,29.31999969482422,640900
2026-07-31,DBC,29.540000915527344,29.559999465942383,29.290000915527344,29.450000762939453,29.450000762939453,1294100
2026-08-03,DBC,29.350000381469727,29.350000381469727,28.600000381469727,28.8799991607666,28.8799991607666,1391100
2026-08-04,DBC,28.43000030517578,28.479999542236328,28.200000762939453,28.309999465942383,28.309999465942383,1680600
2026-08-05,DBC,28.489999771118164,28.559999465942383,28.31999969482422,28.479999542236328,28.479999542236328,632200
2026-08-06,DBC,28.649999618530273,28.93000030517578,28.610000610351562,28.860000610351562,28.860000610351562,788800
2026-08-07,DBC,28.8700008392334,29.149999618530273,28.8700008392334,28.90999984741211,28.90999984741211,1114500
2026-08-10,DBC,29.489999771118164,29.969999313354492,29.40999984741211,29.93000030517578,29.93000030517578,1199800
2026-08-11,DBC,29.709999084472656,30.0,29.709999084472656,29.969999313354492,29.969999313354492,314800
2026-08-12,DBC,29.959999084472656,30.1299991607666,29.93000030517578,30.110000610351562,30.110000610351562,1078900
2026-08-13,DBC,29.860000610351562,29.969999313354492,29.639999389648438,29.780000686645508,29.780000686645508,317800
2026-08-14,DBC,29.809999465942383,30.030000686645508,29.739999771118164,30.0,30.0,166400
2026-08-17,DBC,30.139999389648438,30.600000381469727,30.139999389648438,30.559999465942383,30.559999465942383,660400
2026-08-18,DBC,30.56999969482422,30.639999389648438,30.479999542236328,30.479999542236328,30.479999542236328,535500
2026-08-19,DBC,30.649999618530273,30.90999984741211,30.649999618530273,30.760000228881836,30.760000228881836,352900
2026-08-20,DBC,31.0,31.1299991607666,30.950000762939453,31.110000610351562,31.110000610351562,408600
2026-08-21,DBC,31.31999969482422,31.3700008392334,31.190000534057617,31.260000228881836,31.260000228881836,466900
2026-08-24,DBC,31.18000030517578,31.229999542236328,30.889999389648438,30.940000534057617,30.940000534057617,2852600
2026-08-25,DBC,30.420000076293945,30.649999618530273,30.420000076293945,30.43000030517578,30.43000030517578,540000
2026-08-26,DBC,30.329999923706055,30.719999313354492,30.270000457763672,30.5,30.5,918100
2026-08-27,DBC,30.59000015258789,30.950000762939453,30.540000915527344,30.860000610351562,30.860000610351562,307600
2026-08-28,DBC,30.940000534057617,30.940000534057617,30.690000534057617,30.790000915527344,30.790000915527344,939800
2026-08-31,DBC,31.149999618530273,31.31999969482422,31.040000915527344,31.299999237060547,31.299999237060547,579600
2026-09-01,DBC,31.56999969482422,31.969999313354492,31.450000762939453,31.93000030517578,31.93000030517578,2540300
2026-09-02,DBC,31.770000457763672,32.0099983215332,31.729999542236328,31.93000030517578,31.93000030517578,1090400
2026-09-03,DBC,31.799999237060547,32.130001068115234,31.799999237060547,31.959999084472656,31.959999084472656,396400
2026-09-04,DBC,31.739999771118164,31.959999084472656,31.5,31.899999618530273,31.899999618530273,835000
2026-09-08,DBC,32.27000045776367,32.41999816894531,32.13999938964844,32.400001525878906,32.400001525878906,700400
2026-09-09,DBC,32.810001373291016,32.880001068115234,32.68000030517578,32.849998474121094,32.849998474121094,578700
2026-09-10,DBC,33.189998626708984,33.630001068115234,33.060001373291016,33.619998931884766,33.619998931884766,1023100
2026-09-11,DBC,33.11000061035156,33.22999954223633,32.9900016784668,33.15999984741211,33.15999984741211,577000
2026-09-14,DBC,33.4900016784668,33.599998474121094,33.02000045776367,33.150001525878906,33.150001525878906,1308800
2026-09-15,DBC,33.36000061035156,33.779998779296875,33.36000061035156,33.68000030517578,33.68000030517578,826800
2026-09-16,DBC,33.650001525878906,33.650001525878906,33.09000015258789,33.15999984741211,33.15999984741211,994900
2026-09-17,DBC,32.95000076293945,33.220001220703125,32.95000076293945,33.04999923706055,33.04999923706055,556700
2026-09-18,DBC,33.209999084472656,33.209999084472656,32.849998474121094,32.93000030517578,32.93000030517578,985100
2026-09-21,DBC,32.630001068115234,32.689998626708984,32.41999816894531,32.58000183105469,32.58000183105469,582100
