date,ticker,open,high,low,close,adj_close,volume
2007-04-11,HYG,104.3499984741211,104.38999938964844,104.3499984741211,104.3499984741211,31.22309112548828,1900
2007-04-12,HYG,104.41999816894531,104.41999816894531,104.3499984741211,104.41999816894531,31.243999481201172,6100
2007-04-13,HYG,104.38999938964844,104.48999786376953,104.2300033569336,104.2300033569336,31.187170028686523,3400
2007-04-16,HYG,104.2699966430664,104.2699966430664,104.1500015258789,104.19000244140625,31.175180435180664,7600
2007-04-17,HYG,104.1500015258789,104.4000015258789,104.13999938964844,104.13999938964844,31.16023826599121,28100
2007-04-18,HYG,104.19000244140625,104.2699966430664,104.1500015258789,104.16999816894531,31.16921043395996,6300
2007-04-19,HYG,104.19999694824219,104.56999969482422,104.05999755859375,104.52999877929688,31.276914596557617,47500
2007-04-20,HYG,104.54000091552734,104.54000091552734,104.44999694824219,104.47000122070312,31.258981704711914,4900
2007-04-23,HYG,104.58999633789062,104.66000366210938,104.44999694824219,104.52999877929688,31.276914596557617,1700
2007-04-24,HYG,104.58999633789062,105.30999755859375,104.41999816894531,105.25,31.492395401000977,398500
2007-04-25,HYG,105.27999877929688,105.41000366210938,105.27999877929688,105.41000366210938,31.540231704711914,16300
2007-04-26,HYG,105.43000030517578,105.5999984741211,105.29000091552734,105.5999984741211,31.597074508666992,48200
2007-04-27,HYG,105.51000213623047,105.5999984741211,105.51000213623047,105.5999984741211,31.597074508666992,8300
2007-04-30,HYG,105.55999755859375,105.62999725341797,105.33000183105469,105.61000061035156,31.60009765625,15500
2007-05-01,HYG,105.2699966430664,105.43000030517578,105.2699966430664,105.33000183105469,31.603979110717773,8600
2007-05-02,HYG,105.3499984741211,105.38999938964844,105.19999694824219,105.29000091552734,31.59198570251465,4700
2007-05-03,HYG,105.37000274658203,105.4800033569336,105.19999694824219,105.30000305175781,31.59499168395996,17200
2007-05-04,HYG,105.3499984741211,105.44000244140625,105.20999908447266,105.43000030517578,31.633974075317383,4600
2007-05-07,HYG,105.31999969482422,105.41999816894531,105.30000305175781,105.41999816894531,31.630979537963867,4200
2007-05-08,HYG,105.54000091552734,105.55000305175781,105.44999694824219,105.5,31.654979705810547,16100
2007-05-09,HYG,105.58999633789062,105.5999984741211,105.16000366210938,105.22000122070312,31.570995330810547,9400
2007-05-10,HYG,105.69999694824219,105.80999755859375,105.51000213623047,105.5999984741211,31.684951782226562,17400
2007-05-11,HYG,105.63999938964844,105.77999877929688,105.55999755859375,105.66000366210938,31.702991485595703,12200
2007-05-14,HYG,105.69000244140625,105.69999694824219,105.55000305175781,105.6500015258789,31.700008392333984,11600
2007-05-15,HYG,105.69999694824219,105.93000030517578,105.56999969482422,105.56999969482422,31.676002502441406,39400
2007-05-16,HYG,105.83000183105469,105.86000061035156,105.81999969482422,105.8499984741211,31.760025024414062,78100
2007-05-17,HYG,105.88999938964844,105.93000030517578,105.69000244140625,105.81999969482422,31.750988006591797,14500
2007-05-18,HYG,105.94999694824219,105.94999694824219,105.8499984741211,105.8499984741211,31.760025024414062,5200
2007-05-21,HYG,105.94000244140625,105.95999908447266,105.8499984741211,105.94999694824219,31.790000915527344,14600
2007-05-22,HYG,106.08000183105469,106.08999633789062,105.7300033569336,105.95999908447266,31.793027877807617,10200
2007-05-23,HYG,105.91999816894531,106.11000061035156,105.69999694824219,105.87999725341797,31.769014358520508,22500
2007-05-24,HYG,106.04000091552734,106.04000091552734,105.8499984741211,105.91000366210938,31.77803611755371,17100
2007-05-25,HYG,105.97000122070312,106.47000122070312,105.80000305175781,106.05999755859375,31.82301139831543,7400
2007-05-29,HYG,105.69999694824219,105.72000122070312,105.58000183105469,105.63999938964844,31.697004318237305,4900
2007-05-30,HYG,105.87000274658203,105.94000244140625,105.75,105.87999725341797,31.769014358520508,4300
2007-05-31,HYG,105.88999938964844,105.88999938964844,105.6500015258789,105.70999908447266,31.71799659729004,6200
2007-06-01,HYG,105.11000061035156,105.12999725341797,104.94999694824219,105.11000061035156,31.71378517150879,13500
2007-06-04,HYG,105.19999694824219,105.22000122070312,105.0199966430664,105.19999694824219,31.740951538085938,21800
2007-06-05,HYG,105.20999908447266,105.20999908447266,105.05000305175781,105.05000305175781,31.695680618286133,4500
2007-06-06,HYG,105.0,105.05999755859375,104.87999725341797,104.91999816894531,31.656435012817383,74600
2007-06-07,HYG,104.73999786376953,104.73999786376953,104.19999694824219,104.43000030517578,31.508609771728516,12100
2007-06-08,HYG,104.20999908447266,104.2699966430664,103.91999816894531,104.1500015258789,31.424150466918945,17800
2007-06-11,HYG,103.9000015258789,104.06999969482422,103.5999984741211,103.93000030517578,31.357749938964844,2900
2007-06-12,HYG,103.7699966430664,103.77999877929688,103.06999969482422,103.4000015258789,31.197858810424805,67300
2007-06-13,HYG,103.62999725341797,103.80999755859375,102.87000274658203,103.58000183105469,31.25215721130371,24600
2007-06-14,HYG,103.33999633789062,103.66000366210938,103.16000366210938,103.66000366210938,31.276275634765625,18200
2007-06-15,HYG,103.5,103.68000030517578,103.5,103.63999938964844,31.27022933959961,13500
2007-06-18,HYG,103.91000366210938,103.91000366210938,103.4000015258789,103.69999694824219,31.288347244262695,14600
2007-06-19,HYG,103.83999633789062,103.83999633789062,103.36000061035156,103.83000183105469,31.327579498291016,19600
2007-06-20,HYG,103.83999633789062,103.83999633789062,102.91000366210938,102.91000366210938,31.04998016357422,16900
2007-06-21,HYG,103.0,103.43000030517578,103.0,103.0999984741211,31.107322692871094,13900
2007-06-22,HYG,103.22000122070312,103.36000061035156,102.83999633789062,103.30000305175781,31.167652130126953,27800
2007-06-25,HYG,103.30000305175781,103.33999633789062,102.6500015258789,102.69999694824219,30.986652374267578,29000
2007-06-26,HYG,102.94000244140625,103.19000244140625,102.69999694824219,103.0,31.0771541595459,43600
2007-06-27,HYG,102.79000091552734,102.80000305175781,102.4800033569336,102.63999938964844,30.968547821044922,6800
2007-06-28,HYG,102.55000305175781,102.63999938964844,101.93000030517578,102.0999984741211,30.80559539794922,9500
2007-06-29,HYG,102.0999984741211,102.5,101.80999755859375,101.80999755859375,30.718107223510742,14600
2007-07-02,HYG,101.69999694824219,102.2699966430664,101.4000015258789,102.0,30.95880699157715,19600
2007-07-03,HYG,101.9000015258789,101.9000015258789,101.5999984741211,101.80999755859375,30.901121139526367,11700
2007-07-05,HYG,101.8499984741211,101.86000061035156,100.9800033569336,101.44000244140625,30.788818359375,14600
2007-07-06,HYG,101.43000030517578,101.79000091552734,101.11000061035156,101.55000305175781,30.82222557067871,8200
2007-07-09,HYG,101.43000030517578,101.9800033569336,101.38999938964844,101.86000061035156,30.916305541992188,8400
2007-07-10,HYG,101.4800033569336,101.75,101.0,101.58999633789062,30.83435821533203,19700
2007-07-11,HYG,101.62000274658203,101.62999725341797,100.55999755859375,100.83000183105469,30.603673934936523,17200
2007-07-12,HYG,101.0,101.12999725341797,100.70999908447266,101.12999725341797,30.69474983215332,8300
2007-07-13,HYG,101.30000305175781,101.55999755859375,101.0,101.55000305175781,30.82222557067871,5200
2007-07-16,HYG,101.37000274658203,101.80999755859375,101.26000213623047,101.58999633789062,30.83435821533203,17100
2007-07-17,HYG,101.69999694824219,101.70999908447266,101.22000122070312,101.70999908447266,30.870771408081055,10600
2007-07-18,HYG,101.66999816894531,101.66999816894531,100.80000305175781,100.94999694824219,30.640077590942383,15600
2007-07-19,HYG,101.02999877929688,101.05999755859375,101.02999877929688,101.05999755859375,30.673465728759766,6400
2007-07-20,HYG,100.9800033569336,101.31999969482422,100.58999633789062,100.80000305175781,30.594572067260742,18600
2007-07-23,HYG,100.69999694824219,100.70999908447266,100.5,100.58000183105469,30.52779769897461,9000
2007-07-24,HYG,100.5,100.51000213623047,99.86000061035156,100.0,30.351768493652344,44900
2007-07-25,HYG,99.9000015258789,99.9000015258789,98.68000030517578,99.05000305175781,30.063426971435547,28100
2007-07-26,HYG,98.5,99.5,96.38999938964844,97.6500015258789,29.638504028320312,43200
2007-07-27,HYG,97.0,97.0,95.48999786376953,96.0199966430664,29.14375114440918,44600
2007-07-30,HYG,96.98999786376953,97.0199966430664,96.3499984741211,96.94999694824219,29.426023483276367,24600
2007-07-31,HYG,97.0,98.19999694824219,97.0,97.27999877929688,29.526193618774414,34000
2007-08-01,HYG,96.83999633789062,96.83999633789062,95.26000213623047,96.44999694824219,29.465068817138672,33500
2007-08-02,HYG,96.98999786376953,97.33000183105469,96.98999786376953,97.0,29.633115768432617,28800
2007-08-03,HYG,97.3499984741211,97.3499984741211,96.37999725341797,97.0,29.633115768432617,20100
2007-08-06,HYG,98.75,98.75,96.05000305175781,96.79000091552734,29.5689754486084,30400
2007-08-07,HYG,99.25,99.25,96.80000305175781,97.4800033569336,29.779767990112305,68800
2007-08-08,HYG,99.0,100.5,98.0,98.62999725341797,30.13106918334961,30300
2007-08-09,HYG,98.62000274658203,98.91999816894531,98.01000213623047,98.52999877929688,30.100528717041016,12800
2007-08-10,HYG,98.19999694824219,98.37000274658203,97.75,98.33000183105469,30.039438247680664,18800
2007-08-13,HYG,99.0199966430664,99.05000305175781,98.4000015258789,99.05000305175781,30.259361267089844,21300
2007-08-14,HYG,99.31999969482422,99.31999969482422,98.16999816894531,98.27999877929688,30.024154663085938,12400
2007-08-15,HYG,98.3499984741211,99.04000091552734,98.27999877929688,98.83000183105469,30.192174911499023,9100
2007-08-16,HYG,100.0,100.0,97.9800033569336,98.69999694824219,30.152450561523438,15300
2007-08-17,HYG,99.0,100.0,98.5999984741211,99.69999694824219,30.45793342590332,30000
2007-08-20,HYG,100.0,100.0,98.75,98.75,30.16773796081543,49300
2007-08-21,HYG,99.25,99.8499984741211,98.05999755859375,98.23999786376953,30.01193618774414,33700
2007-08-22,HYG,98.5999984741211,99.19999694824219,98.0999984741211,99.0,30.244091033935547,52700
2007-08-23,HYG,99.16999816894531,99.80000305175781,99.0,99.5999984741211,30.42737579345703,59400
2007-08-24,HYG,99.69999694824219,99.8499984741211,99.16000366210938,99.8499984741211,30.503768920898438,11600
2007-08-27,HYG,100.0,100.5,99.9000015258789,100.5,30.70234489440918,11800
2007-08-28,HYG,100.5,100.9000015258789,100.0,100.1500015258789,30.59542465209961,55800
2007-08-29,HYG,100.0,100.9000015258789,99.66999816894531,100.55000305175781,30.71763038635254,18300
2007-08-30,HYG,100.73999786376953,101.04000091552734,100.22000122070312,100.76000213623047,30.781766891479492,42900
2007-08-31,HYG,101.4800033569336,101.68000030517578,101.01000213623047,101.66999816894531,31.059762954711914,11300
2007-09-04,HYG,101.97000122070312,101.97000122070312,101.0,101.75,31.275867462158203,13500
2007-09-05,HYG,101.6500015258789,101.87999725341797,101.2300033569336,101.79000091552734,31.28816032409668,14400
2007-09-06,HYG,101.48999786376953,101.73999786376953,101.48999786376953,101.7300033569336,31.269739151000977,16400
2007-09-07,HYG,101.9000015258789,101.9000015258789,100.44999694824219,100.56999969482422,30.913156509399414,50700
2007-09-10,HYG,101.5,101.5,100.61000061035156,101.0,31.045345306396484,10000
2007-09-11,HYG,101.4800033569336,102.0,101.0,101.83000183105469,31.300466537475586,24100
2007-09-12,HYG,102.0,102.5,101.37999725341797,102.29000091552734,31.441852569580078,32000
2007-09-13,HYG,102.25,102.25,101.22000122070312,101.93000030517578,31.331180572509766,10900
2007-09-14,HYG,101.94999694824219,102.94000244140625,101.22000122070312,102.88999938964844,31.62627410888672,33900
2007-09-17,HYG,103.0,103.5,102.36000061035156,103.36000061035156,31.770763397216797,20100
2007-09-18,HYG,103.75,104.36000061035156,102.9800033569336,104.0999984741211,31.998218536376953,31400
2007-09-19,HYG,104.25,106.0999984741211,104.19999694824219,106.08999633789062,32.60992431640625,85900
2007-09-20,HYG,106.04000091552734,106.04000091552734,103.0,103.48999786376953,31.81069564819336,410400
2007-09-21,HYG,104.98999786376953,105.4000015258789,102.0999984741211,103.75,31.890634536743164,105100
2007-09-24,HYG,102.68000030517578,104.44999694824219,102.6500015258789,104.44999694824219,32.10578918457031,45500
2007-09-25,HYG,103.0,104.69999694824219,103.0,104.69999694824219,32.18262481689453,167500
2007-09-26,HYG,104.69999694824219,104.69999694824219,104.12999725341797,104.31999969482422,32.065818786621094,25300
2007-09-27,HYG,104.5,104.55000305175781,101.16000366210938,104.0,31.967464447021484,49200
2007-09-28,HYG,104.47000122070312,104.4800033569336,103.5999984741211,104.0,31.967464447021484,46700
2007-10-01,HYG,104.47000122070312,104.5,103.33000183105469,103.75,32.08964920043945,50300
2007-10-02,HYG,102.52999877929688,103.98999786376953,102.52999877929688,103.94999694824219,32.15152359008789,72100
2007-10-03,HYG,104.0,104.47000122070312,103.31999969482422,103.4000015258789,31.98137664794922,35300
2007-10-04,HYG,103.80000305175781,103.94999694824219,103.29000091552734,103.83999633789062,32.11746597290039,17600
2007-10-05,HYG,103.97000122070312,104.0,103.5199966430664,103.9000015258789,32.13603210449219,22900
2007-10-08,HYG,104.22000122070312,104.38999938964844,103.86000061035156,104.25,32.24428176879883,18600
2007-10-09,HYG,104.31999969482422,104.33999633789062,104.0,104.33000183105469,32.26904296875,14600
2007-10-10,HYG,104.4800033569336,104.4800033569336,104.1500015258789,104.23999786376953,32.24118423461914,21200
2007-10-11,HYG,104.48999786376953,104.5,104.0,104.38999938964844,32.28759002685547,22300
2007-10-12,HYG,104.41999816894531,104.5999984741211,104.41999816894531,104.5,32.32160568237305,73700
2007-10-15,HYG,105.19999694824219,105.19999694824219,104.5,105.0,32.476280212402344,24600
2007-10-16,HYG,104.5,104.68000030517578,104.0999984741211,104.5999984741211,32.35255432128906,60600
2007-10-17,HYG,104.02999877929688,104.6500015258789,103.30999755859375,103.30999755859375,31.95355796813965,15200
2007-10-18,HYG,104.2300033569336,104.25,103.25,103.26000213623047,31.938093185424805,13200
2007-10-19,HYG,103.25,103.94000244140625,102.0,102.80000305175781,31.79578971862793,40200
2007-10-22,HYG,102.80000305175781,102.80000305175781,101.8499984741211,101.8499984741211,31.501989364624023,64600
2007-10-23,HYG,102.19000244140625,102.69999694824219,101.94999694824219,102.69999694824219,31.764875411987305,27000
2007-10-24,HYG,102.5999984741211,102.75,102.30000305175781,102.69999694824219,31.764875411987305,22200
2007-10-25,HYG,102.98999786376953,102.98999786376953,102.63999938964844,102.8499984741211,31.811281204223633,16600
2007-10-26,HYG,102.69999694824219,103.08999633789062,102.5999984741211,103.08999633789062,31.885515213012695,10800
2007-10-29,HYG,103.48999786376953,103.5,103.05999755859375,103.4000015258789,31.98137664794922,19900
2007-10-30,HYG,103.30000305175781,103.30000305175781,102.69999694824219,103.19999694824219,31.9195499420166,10500
2007-10-31,HYG,103.61000061035156,104.0,103.04000091552734,103.8499984741211,32.120582580566406,12000
2007-11-01,HYG,102.70999908447266,102.9000015258789,102.0,102.5,31.911975860595703,29400
2007-11-02,HYG,102.48999786376953,102.5,101.91999816894531,102.25,31.83417510986328,32300
2007-11-05,HYG,106.0,106.0,101.5,102.19999694824219,31.818572998046875,13800
2007-11-06,HYG,102.19999694824219,103.1500015258789,102.19999694824219,102.7300033569336,31.98358917236328,34900
2007-11-07,HYG,101.81999969482422,103.0999984741211,101.81999969482422,102.5999984741211,31.94314193725586,11900
2007-11-08,HYG,102.8499984741211,102.8499984741211,100.41000366210938,101.30000305175781,31.53838539123535,121000
2007-11-09,HYG,101.56999969482422,101.75,100.51000213623047,101.75,31.67847442626953,38400
2007-11-12,HYG,103.0199966430664,103.0199966430664,101.9000015258789,102.1500015258789,31.802988052368164,41400
2007-11-13,HYG,102.94999694824219,102.94999694824219,101.55999755859375,101.75,31.67847442626953,15300
2007-11-14,HYG,102.75,102.75,101.69999694824219,102.0,31.756309509277344,7800
2007-11-15,HYG,101.98999786376953,102.33999633789062,101.68000030517578,101.97000122070312,31.74696922302246,15500
2007-11-16,HYG,103.0,103.0,101.52999877929688,102.0,31.756309509277344,18400
2007-11-19,HYG,102.69999694824219,102.69999694824219,101.77999877929688,102.0,31.756309509277344,16700
2007-11-20,HYG,101.75,102.38999938964844,100.41000366210938,101.0,31.444978713989258,26500
2007-11-21,HYG,100.69999694824219,100.69999694824219,97.0,99.0999984741211,30.853431701660156,139600
2007-11-23,HYG,99.19999694824219,100.5,98.91000366210938,98.91000366210938,30.794273376464844,3100
2007-11-26,HYG,98.0,101.0,98.0,100.0,31.133649826049805,69500
2007-11-27,HYG,100.5,101.4800033569336,99.5,100.1500015258789,31.180334091186523,25700
2007-11-28,HYG,99.58000183105469,101.19999694824219,99.58000183105469,101.0999984741211,31.476099014282227,11700
2007-11-29,HYG,101.75,101.75,100.0999984741211,101.5999984741211,31.63178253173828,20200
2007-11-30,HYG,102.0,102.5,101.51000213623047,102.01000213623047,31.75942039489746,34900
2007-12-03,HYG,103.0,103.0,101.0999984741211,102.38999938964844,32.079593658447266,31400
2007-12-04,HYG,103.0,103.0,102.0,102.0,31.957422256469727,16300
2007-12-05,HYG,101.68000030517578,102.5,100.26000213623047,100.80000305175781,31.581480026245117,270600
2007-12-06,HYG,101.61000061035156,101.75,100.0,101.69999694824219,31.863435745239258,33200
2007-12-07,HYG,100.5999984741211,102.48999786376953,100.5999984741211,101.6500015258789,31.847761154174805,27100
2007-12-10,HYG,100.7300033569336,101.63999938964844,100.7300033569336,101.5,31.80077362060547,23500
2007-12-11,HYG,102.16999816894531,102.4800033569336,100.8499984741211,101.4000015258789,31.769445419311523,30300
2007-12-12,HYG,102.5,103.75,101.5,101.94999694824219,31.9417667388916,29400
2007-12-13,HYG,101.75,102.27999877929688,101.2300033569336,101.9000015258789,31.92609405517578,44500
2007-12-14,HYG,102.5,102.5,101.19000244140625,102.05000305175781,31.97308921813965,15600
2007-12-17,HYG,102.5,102.5,101.12000274658203,101.5,31.80077362060547,18900
2007-12-18,HYG,101.41000366210938,102.0,101.41000366210938,101.5999984741211,31.832117080688477,53200
2007-12-19,HYG,101.11000061035156,102.0999984741211,101.11000061035156,102.0999984741211,31.9887752532959,24000
2007-12-20,HYG,101.4000015258789,101.94999694824219,101.4000015258789,101.87999725341797,31.919824600219727,31300
2007-12-21,HYG,102.4800033569336,102.4800033569336,101.38999938964844,102.19999694824219,32.020103454589844,37600
2007-12-24,HYG,102.0199966430664,102.26000213623047,101.19999694824219,101.83999633789062,31.907323837280273,66800
2007-12-26,HYG,101.52999877929688,101.69999694824219,101.19999694824219,101.38999938964844,31.766334533691406,48400
2007-12-27,HYG,101.18000030517578,101.5999984741211,101.18000030517578,101.48999786376953,31.975854873657227,22900
2007-12-28,HYG,101.4000015258789,101.62000274658203,100.25,100.5,31.663923263549805,88500
2007-12-31,HYG,100.20999908447266,100.73999786376953,99.87000274658203,100.72000122070312,31.73322868347168,38800
2008-01-02,HYG,99.55999755859375,100.9000015258789,99.30000305175781,99.5,31.34882354736328,61800
2008-01-03,HYG,99.5999984741211,99.94999694824219,99.26000213623047,99.30999755859375,31.288999557495117,64800
2008-01-04,HYG,100.01000213623047,100.05000305175781,98.83999633789062,99.19999694824219,31.254369735717773,48600
2008-01-07,HYG,99.48999786376953,99.48999786376953,98.30000305175781,98.61000061035156,31.06844711303711,177200
2008-01-08,HYG,99.48999786376953,99.48999786376953,98.0,98.04000091552734,30.888864517211914,42100
2008-01-09,HYG,98.48999786376953,98.48999786376953,96.93000030517578,96.97000122070312,30.551740646362305,51600
2008-01-10,HYG,97.16999816894531,98.16999816894531,96.94999694824219,97.69000244140625,30.778581619262695,154800
2008-01-11,HYG,97.83999633789062,98.5,97.30999755859375,97.9000015258789,30.84476661682129,71700
2008-01-14,HYG,97.63999938964844,98.06999969482422,97.37999725341797,97.55999755859375,30.73764419555664,20600
2008-01-15,HYG,97.94999694824219,97.94999694824219,97.5999984741211,97.80999755859375,30.81641387939453,20000
2008-01-16,HYG,97.83999633789062,97.9000015258789,97.41000366210938,97.69999694824219,30.781747817993164,20700
2008-01-17,HYG,97.5,97.5,97.01000213623047,97.01000213623047,30.56434440612793,31600
2008-01-18,HYG,97.47000122070312,98.94999694824219,97.02999877929688,97.7699966430664,30.80379867553711,84500
2008-01-22,HYG,96.69999694824219,97.86000061035156,93.30000305175781,97.08999633789062,30.58954620361328,192400
2008-01-23,HYG,96.83999633789062,97.58999633789062,95.0199966430664,97.27999877929688,30.649417877197266,59600
2008-01-24,HYG,97.26000213623047,98.5,96.87999725341797,98.5,31.033796310424805,62700
2008-01-25,HYG,98.11000061035156,99.5,97.05999755859375,98.6500015258789,31.081073760986328,43700
2008-01-28,HYG,98.5,98.5,97.5,98.19999694824219,30.939289093017578,44800
2008-01-29,HYG,97.77999877929688,98.3499984741211,97.77999877929688,98.30000305175781,30.970787048339844,39200
2008-01-30,HYG,98.41999816894531,98.73999786376953,97.93000030517578,98.68000030517578,31.090499877929688,27400
2008-01-31,HYG,98.13999938964844,98.87999725341797,97.75,98.87999725341797,31.15353775024414,76500
2008-02-01,HYG,98.44000244140625,98.5,97.0,98.2699966430664,31.170654296875,83100
2008-02-04,HYG,97.25,98.37999725341797,97.25,98.29000091552734,31.176986694335938,44900
2008-02-05,HYG,97.79000091552734,97.79000091552734,97.0,97.5,30.926416397094727,66300
2008-02-06,HYG,97.68000030517578,97.70999908447266,97.18000030517578,97.30000305175781,30.862958908081055,101100
2008-02-07,HYG,96.9000015258789,97.30000305175781,96.0,96.88999938964844,30.732929229736328,58100
2008-02-08,HYG,96.5,96.5,96.0,96.16000366210938,30.501367568969727,80400
2008-02-11,HYG,95.26000213623047,96.20999908447266,95.26000213623047,95.4000015258789,30.260278701782227,74500
2008-02-12,HYG,95.25,96.29000091552734,95.25,95.76000213623047,30.37448501586914,85200
2008-02-13,HYG,95.98999786376953,96.05999755859375,95.51000213623047,95.51000213623047,30.29519271850586,60700
2008-02-14,HYG,96.56999969482422,96.56999969482422,95.44999694824219,95.9800033569336,30.444272994995117,48800
2008-02-15,HYG,95.75,95.75,95.3499984741211,95.73999786376953,30.368144989013672,49700
2008-02-19,HYG,95.75,96.0,95.0,95.25,30.21273422241211,102900
2008-02-20,HYG,95.83999633789062,95.83999633789062,95.02999877929688,95.5,30.292022705078125,65800
2008-02-21,HYG,95.9000015258789,96.0,95.5,95.83000183105469,30.396703720092773,55800
2008-02-22,HYG,95.94000244140625,96.08000183105469,95.6500015258789,96.0,30.45063591003418,48200
2008-02-25,HYG,95.80000305175781,96.43000030517578,95.70999908447266,96.29000091552734,30.5425968170166,81000
2008-02-26,HYG,96.30000305175781,96.94999694824219,96.19999694824219,96.91000366210938,30.73925018310547,80200
2008-02-27,HYG,96.97000122070312,96.9800033569336,96.48999786376953,96.88999938964844,30.732929229736328,75900
2008-02-28,HYG,96.5,96.93000030517578,95.69000244140625,96.75,30.688493728637695,61300
2008-02-29,HYG,96.37999725341797,96.45999908447266,95.69000244140625,96.37999725341797,30.571130752563477,72900
2008-03-03,HYG,96.19000244140625,96.19000244140625,95.5,95.79000091552734,30.579435348510742,53500
2008-03-04,HYG,95.80000305175781,95.94999694824219,95.51000213623047,95.68000030517578,30.54433250427246,29900
2008-03-05,HYG,95.5,96.0,95.5,95.94999694824219,30.63051986694336,73300
2008-03-06,HYG,95.94000244140625,95.94000244140625,95.5,95.69999694824219,30.550716400146484,21000
2008-03-07,HYG,95.2300033569336,95.5,95.2300033569336,95.5,30.48689079284668,44200
2008-03-10,HYG,95.45999908447266,95.55000305175781,95.25,95.27999877929688,30.41665267944336,26800
2008-03-11,HYG,95.13999938964844,95.69999694824219,95.05000305175781,95.5199966430664,30.49324607849121,36200
2008-03-12,HYG,95.26000213623047,95.51000213623047,95.25,95.5,30.48689079284668,53200
2008-03-13,HYG,95.22000122070312,95.22000122070312,93.80000305175781,94.83000183105469,30.272987365722656,80100
2008-03-14,HYG,94.83000183105469,95.0,94.05000305175781,94.26000213623047,30.09103012084961,37300
2008-03-17,HYG,94.02999877929688,94.02999877929688,93.30000305175781,93.81999969482422,29.950584411621094,55100
2008-03-18,HYG,94.45999908447266,96.98999786376953,94.29000091552734,95.19999694824219,30.391109466552734,46700
2008-03-19,HYG,95.45999908447266,95.58000183105469,95.0999984741211,95.30000305175781,30.42304229736328,75800
2008-03-20,HYG,95.26000213623047,95.75,95.19999694824219,95.75,30.566675186157227,55600
2008-03-24,HYG,95.98999786376953,96.5999984741211,95.79000091552734,96.4800033569336,30.799728393554688,104900
2008-03-25,HYG,96.5,96.75,96.22000122070312,96.7300033569336,30.879547119140625,90200
2008-03-26,HYG,96.5999984741211,96.7699966430664,96.4000015258789,96.5,30.806079864501953,149700
2008-03-27,HYG,96.5999984741211,96.5999984741211,96.11000061035156,96.19000244140625,30.707149505615234,97800
2008-03-28,HYG,96.19999694824219,96.23999786376953,96.01000213623047,96.23999786376953,30.723121643066406,46400
2008-03-31,HYG,96.0199966430664,96.69999694824219,95.62999725341797,96.66999816894531,30.860374450683594,246500
2008-04-01,HYG,95.87999725341797,96.45999908447266,95.87999725341797,96.44999694824219,30.99598503112793,988000
2008-04-02,HYG,96.41999816894531,96.6500015258789,96.25,96.5,31.012048721313477,92200
2008-04-03,HYG,96.66000366210938,96.66000366210938,95.5999984741211,96.33000183105469,30.95745086669922,98300
2008-04-04,HYG,96.5,98.2300033569336,96.20999908447266,96.69999694824219,31.076332092285156,142200
2008-04-07,HYG,96.80000305175781,97.52999877929688,96.69999694824219,97.47000122070312,31.323795318603516,117300
2008-04-08,HYG,97.1500015258789,97.80000305175781,96.9000015258789,97.80000305175781,31.42983055114746,85300
2008-04-09,HYG,97.0,97.19999694824219,96.77999877929688,96.94999694824219,31.15669059753418,79400
2008-04-10,HYG,96.91000366210938,98.51000213623047,96.83999633789062,97.30000305175781,31.269142150878906,176900
2008-04-11,HYG,97.0999984741211,97.12999725341797,96.5,96.5199966430664,31.01848793029785,59600
2008-04-14,HYG,96.79000091552734,96.9000015258789,96.5199966430664,96.86000061035156,31.127758026123047,54700
2008-04-15,HYG,96.79000091552734,97.19999694824219,96.63999938964844,96.8499984741211,31.12453842163086,59400
2008-04-16,HYG,97.18000030517578,97.41999816894531,96.83999633789062,97.2699966430664,31.25950813293457,84700
2008-04-17,HYG,97.37000274658203,97.37000274658203,97.0999984741211,97.37000274658203,31.291669845581055,61900
2008-04-18,HYG,97.81999969482422,98.05000305175781,97.33000183105469,98.02999877929688,31.50374412536621,123700
2008-04-21,HYG,97.9800033569336,97.9800033569336,97.76000213623047,97.87000274658203,31.452308654785156,70500
2008-04-22,HYG,98.13999938964844,98.31999969482422,97.52999877929688,98.0,31.494112014770508,77600
2008-04-23,HYG,98.4000015258789,98.69000244140625,97.77999877929688,98.4000015258789,31.622648239135742,103800
2008-04-24,HYG,98.55000305175781,98.55000305175781,97.9000015258789,98.43000030517578,31.63230323791504,114400
2008-04-25,HYG,98.77999877929688,98.9000015258789,98.5999984741211,98.9000015258789,31.783355712890625,87600
2008-04-28,HYG,99.16999816894531,99.5,98.48999786376953,99.4800033569336,31.96973991394043,595700
2008-04-29,HYG,99.47000122070312,99.47000122070312,98.91000366210938,99.19000244140625,31.876550674438477,144500
2008-04-30,HYG,99.20999908447266,99.95999908447266,98.5,99.29000091552734,31.9086971282959,113400
2008-05-01,HYG,99.19999694824219,100.81999969482422,99.19999694824219,100.81999969482422,32.58678436279297,428500
2008-05-02,HYG,100.31999969482422,100.38999938964844,99.61000061035156,99.80000305175781,32.2570686340332,133900
2008-05-05,HYG,99.51000213623047,99.69999694824219,99.51000213623047,99.63999938964844,32.20541000366211,121900
2008-05-06,HYG,99.27999877929688,99.27999877929688,98.68000030517578,98.93000030517578,31.975923538208008,121400
2008-05-07,HYG,99.22000122070312,99.2300033569336,98.62000274658203,99.0,31.99851417541504,65700
2008-05-08,HYG,99.16999816894531,99.19000244140625,98.75,98.79000091552734,31.93067741394043,59700
2008-05-09,HYG,98.87000274658203,99.0,98.48999786376953,99.0,31.99851417541504,73100
2008-05-12,HYG,98.91999816894531,98.93000030517578,98.5,98.87000274658203,31.95651626586914,91900
2008-05-13,HYG,98.9800033569336,99.04000091552734,98.70999908447266,98.83999633789062,31.946834564208984,59500
2008-05-14,HYG,98.94000244140625,99.13999938964844,98.0999984741211,98.69999694824219,31.901559829711914,153100
2008-05-15,HYG,99.16000366210938,99.25,98.25,98.95999908447266,31.985593795776367,146600
2008-05-16,HYG,98.72000122070312,99.13999938964844,98.5999984741211,99.0999984741211,32.03084945678711,79300
2008-05-19,HYG,99.3499984741211,99.58000183105469,99.19999694824219,99.48999786376953,32.15690994262695,58900
2008-05-20,HYG,99.5,99.5,99.06999969482422,99.30000305175781,32.09551239013672,49300
2008-05-21,HYG,99.3499984741211,99.3499984741211,99.0199966430664,99.12000274658203,32.03733444213867,97300
2008-05-22,HYG,99.0,99.23999786376953,98.7300033569336,98.97000122070312,31.988847732543945,51700
2008-05-23,HYG,98.69999694824219,98.80999755859375,97.69999694824219,98.37999725341797,31.798137664794922,401400
2008-05-27,HYG,98.36000061035156,98.36000061035156,97.54000091552734,97.83000183105469,31.6203556060791,65800
2008-05-28,HYG,97.5999984741211,98.33999633789062,97.5999984741211,98.30999755859375,31.775524139404297,73700
2008-05-29,HYG,98.25,98.4000015258789,98.0,98.20999908447266,31.74319839477539,76300
2008-05-30,HYG,98.2300033569336,98.2300033569336,98.06999969482422,98.22000122070312,31.74641990661621,53600
2008-06-02,HYG,97.58999633789062,97.66999816894531,95.81999969482422,96.77999877929688,31.484193801879883,374500
2008-06-03,HYG,97.30000305175781,97.30000305175781,96.30000305175781,96.8499984741211,31.506975173950195,80200
2008-06-04,HYG,96.93000030517578,96.93000030517578,96.44999694824219,96.75,31.47445297241211,46100
2008-06-05,HYG,97.0,97.19999694824219,96.87999725341797,97.16999816894531,31.61109733581543,49200
2008-06-06,HYG,96.97000122070312,97.37999725341797,96.77999877929688,96.9000015258789,31.523258209228516,43100
2008-06-09,HYG,97.2699966430664,97.37000274658203,96.61000061035156,97.20999908447266,31.624107360839844,47100
2008-06-10,HYG,97.0,97.26000213623047,96.86000061035156,97.25,31.637126922607422,52400
2008-06-11,HYG,97.5,97.9800033569336,97.0,97.2300033569336,31.63060188293457,66500
2008-06-12,HYG,96.93000030517578,97.3499984741211,96.70999908447266,97.06999969482422,31.578554153442383,41200
2008-06-13,HYG,97.0999984741211,97.5,96.3499984741211,97.5,31.718441009521484,58900
2008-06-16,HYG,96.5999984741211,97.06999969482422,96.11000061035156,96.1500015258789,31.27925682067871,61200
2008-06-17,HYG,96.02999877929688,96.80000305175781,95.97000122070312,96.31999969482422,31.334579467773438,87300
2008-06-18,HYG,96.30000305175781,96.8499984741211,96.05000305175781,96.52999877929688,31.402891159057617,67200
2008-06-19,HYG,96.22000122070312,96.22000122070312,95.6500015258789,95.91999816894531,31.20443344116211,86600
2008-06-20,HYG,95.80000305175781,95.87999725341797,95.25,95.54000091552734,31.080825805664062,40500
2008-06-23,HYG,95.58999633789062,95.63999938964844,95.08999633789062,95.19000244140625,30.96697235107422,37800
2008-06-24,HYG,95.0999984741211,95.62999725341797,94.48999786376953,94.79000091552734,30.836851119995117,176700
2008-06-25,HYG,94.63999938964844,95.13999938964844,94.5,95.11000061035156,30.940950393676758,92900
2008-06-26,HYG,94.18000030517578,94.5999984741211,93.80000305175781,94.36000061035156,30.69695472717285,96000
2008-06-27,HYG,94.0199966430664,94.19999694824219,93.58999633789062,94.0999984741211,30.612363815307617,58300
2008-06-30,HYG,93.9000015258789,94.0999984741211,93.54000091552734,94.0,30.579866409301758,84900
2008-07-01,HYG,92.43000030517578,94.0,92.3499984741211,93.25,30.547409057617188,957200
2008-07-02,HYG,93.0199966430664,93.5,92.56999969482422,93.18000030517578,30.524484634399414,81800
2008-07-03,HYG,93.37000274658203,93.58000183105469,92.98999786376953,93.13999938964844,30.51136589050293,41700
2008-07-07,HYG,93.56999969482422,93.56999969482422,92.70999908447266,93.22000122070312,30.53757667541504,102500
2008-07-08,HYG,93.1500015258789,93.20999908447266,92.66000366210938,92.97000122070312,30.4556941986084,170000
2008-07-09,HYG,92.80000305175781,93.19999694824219,92.55000305175781,92.6500015258789,30.350881576538086,79000
2008-07-10,HYG,92.41999816894531,93.08999633789062,92.33999633789062,92.7699966430664,30.390161514282227,99100
2008-07-11,HYG,92.30999755859375,92.80999755859375,92.2300033569336,92.6500015258789,30.350881576538086,310000
2008-07-14,HYG,93.16000366210938,93.16000366210938,91.9000015258789,92.43000030517578,30.278804779052734,41200
2008-07-15,HYG,91.70999908447266,91.80000305175781,90.7300033569336,91.0,29.810333251953125,149100
2008-07-16,HYG,91.19999694824219,91.56999969482422,91.0,91.30000305175781,29.90860939025879,25300
2008-07-17,HYG,91.69999694824219,92.55000305175781,91.45999908447266,91.56999969482422,29.99704933166504,41900
2008-07-18,HYG,92.08999633789062,93.04000091552734,91.7699966430664,93.04000091552734,30.47861671447754,48800
2008-07-21,HYG,93.5199966430664,93.69000244140625,93.0,93.5,30.629302978515625,49500
2008-07-22,HYG,93.30000305175781,93.88999938964844,93.12000274658203,93.81999969482422,30.734159469604492,103000
2008-07-23,HYG,93.6500015258789,93.93000030517578,93.55000305175781,93.56999969482422,30.652233123779297,193500
2008-07-24,HYG,93.80999755859375,94.23999786376953,93.26000213623047,93.79000091552734,30.72429084777832,64100
2008-07-25,HYG,93.75,94.52999877929688,93.69999694824219,93.98999786376953,30.78982162475586,188000
2008-07-28,HYG,93.44000244140625,93.7300033569336,93.30000305175781,93.66999816894531,30.68498420715332,75200
2008-07-29,HYG,93.55999755859375,93.83000183105469,93.19999694824219,93.69000244140625,30.691551208496094,65900
2008-07-30,HYG,93.3499984741211,93.73999786376953,93.0,93.70999908447266,30.69810676574707,103900
2008-07-31,HYG,93.37000274658203,93.9000015258789,93.0,93.9000015258789,30.760337829589844,82000
2008-08-01,HYG,92.69999694824219,93.06999969482422,92.4000015258789,92.81999969482422,30.622764587402344,25200
2008-08-04,HYG,92.37999725341797,92.4800033569336,92.04000091552734,92.18000030517578,30.41159439086914,75800
2008-08-05,HYG,92.33000183105469,93.69999694824219,92.0199966430664,92.83000183105469,30.626054763793945,70600
2008-08-06,HYG,92.26000213623047,92.3499984741211,92.0,92.20999908447266,30.42149543762207,44200
2008-08-07,HYG,92.16999816894531,92.26000213623047,92.0,92.0999984741211,30.385225296020508,42700
2008-08-08,HYG,92.06999969482422,92.27999877929688,91.97000122070312,92.26000213623047,30.438013076782227,62300
2008-08-11,HYG,91.8499984741211,92.1500015258789,91.36000061035156,92.0,30.35223388671875,49800
2008-08-12,HYG,92.18000030517578,92.47000122070312,91.9000015258789,92.36000061035156,30.470983505249023,95000
2008-08-13,HYG,92.30000305175781,92.5,92.0,92.5,30.517192840576172,47200
2008-08-14,HYG,92.4000015258789,92.5,92.16000366210938,92.5,30.517192840576172,58400
2008-08-15,HYG,92.44000244140625,92.73999786376953,92.41999816894531,92.70999908447266,30.586469650268555,39900
2008-08-18,HYG,92.75,92.98999786376953,92.0199966430664,92.5,30.517192840576172,91100
2008-08-19,HYG,92.6500015258789,92.75,92.25,92.68000030517578,30.576576232910156,101400
2008-08-20,HYG,92.68000030517578,92.81999969482422,92.33000183105469,92.66000366210938,30.56999397277832,30700
2008-08-21,HYG,92.37000274658203,92.5999984741211,92.25,92.52999877929688,30.52706527709961,103100
2008-08-22,HYG,92.44999694824219,92.75,92.0,92.0,30.35223388671875,58300
2008-08-25,HYG,92.11000061035156,92.5199966430664,92.11000061035156,92.5,30.517192840576172,60600
2008-08-26,HYG,92.55999755859375,92.55999755859375,91.9000015258789,92.0,30.35223388671875,259900
2008-08-27,HYG,92.37999725341797,92.37999725341797,91.83000183105469,92.0999984741211,30.385225296020508,68400
2008-08-28,HYG,92.37999725341797,92.41999816894531,92.0199966430664,92.2300033569336,30.428129196166992,74100
2008-08-29,HYG,92.44999694824219,92.58999633789062,92.0,92.4000015258789,30.484203338623047,59500
2008-09-02,HYG,92.23999786376953,92.52999877929688,91.62000274658203,91.80000305175781,30.4908504486084,57200
2008-09-03,HYG,92.0,92.0999984741211,91.83000183105469,92.0999984741211,30.590471267700195,50200
2008-09-04,HYG,92.5,92.5,92.30999755859375,92.5,30.723337173461914,46700
2008-09-05,HYG,92.26000213623047,92.43000030517578,91.5199966430664,92.41999816894531,30.696762084960938,62400
2008-09-08,HYG,93.13999938964844,93.13999938964844,92.1500015258789,92.30999755859375,30.660221099853516,59300
2008-09-09,HYG,92.56999969482422,92.91000366210938,92.19999694824219,92.51000213623047,30.726652145385742,168700
2008-09-10,HYG,92.4800033569336,92.4800033569336,92.0,92.0,30.557268142700195,61200
2008-09-11,HYG,92.16999816894531,92.33999633789062,91.66000366210938,92.0,30.557268142700195,101600
2008-09-12,HYG,91.87999725341797,92.02999877929688,91.4800033569336,92.0,30.557268142700195,121100
2008-09-15,HYG,91.87999725341797,91.87999725341797,88.0,88.62000274658203,29.434629440307617,377800
2008-09-16,HYG,87.04000091552734,87.41000366210938,82.23999786376953,86.58000183105469,28.75704002380371,283800
2008-09-17,HYG,86.16999816894531,86.4000015258789,79.25,81.37999725341797,27.02989387512207,283100
2008-09-18,HYG,82.98999786376953,88.19999694824219,81.41000366210938,87.80000305175781,29.162263870239258,226400
2008-09-19,HYG,89.0,92.05000305175781,88.0999984741211,88.91999816894531,29.534252166748047,77800
2008-09-22,HYG,89.0999984741211,90.19999694824219,88.5999984741211,88.83999633789062,29.50769805908203,34600
2008-09-23,HYG,89.56999969482422,89.75,87.0,87.97000122070312,29.2187442779541,64200
2008-09-24,HYG,88.05000305175781,89.69000244140625,88.05000305175781,88.76000213623047,29.481115341186523,57700
2008-09-25,HYG,88.8499984741211,88.8499984741211,86.5,86.5,28.730470657348633,73600
2008-09-26,HYG,85.4800033569336,86.94000244140625,84.93000030517578,86.19999694824219,28.630836486816406,50900
2008-09-29,HYG,86.2300033569336,86.2300033569336,76.0,79.22000122070312,26.312469482421875,174700
2008-09-30,HYG,82.51000213623047,82.63999938964844,80.5999984741211,82.0,27.235816955566406,113200
2008-10-01,HYG,82.33000183105469,85.19999694824219,82.0,84.8499984741211,28.42159652709961,991400
2008-10-02,HYG,84.87000274658203,84.87000274658203,81.01000213623047,82.63999938964844,27.681333541870117,230900
2008-10-03,HYG,83.2300033569336,83.76000213623047,81.75,82.33999633789062,27.58084487915039,51400
2008-10-06,HYG,80.5,81.75,77.55000305175781,79.3499984741211,26.57931137084961,134200
2008-10-07,HYG,79.51000213623047,82.66999816894531,77.88999938964844,78.01000213623047,26.130443572998047,240800
2008-10-08,HYG,76.62000274658203,78.19999694824219,74.22000122070312,74.75,25.03847885131836,157800
2008-10-09,HYG,75.19999694824219,78.26000213623047,73.01000213623047,73.01000213623047,24.45563316345215,113800
2008-10-10,HYG,71.37000274658203,71.37000274658203,63.959999084472656,68.13999938964844,22.824356079101562,274300
2008-10-13,HYG,70.55000305175781,76.5,70.45999908447266,76.5,25.62465476989746,230000
2008-10-14,HYG,78.25,79.33000183105469,75.5,77.0,25.79212188720703,372300
2008-10-15,HYG,75.98999786376953,75.98999786376953,71.87999725341797,73.63999938964844,24.666654586791992,374900
2008-10-16,HYG,74.31999969482422,74.33000183105469,70.0,70.8499984741211,23.732105255126953,167400
2008-10-17,HYG,70.51000213623047,70.83999633789062,69.5,70.0,23.447383880615234,120700
2008-10-20,HYG,71.55000305175781,71.80000305175781,70.0,71.4000015258789,23.91634178161621,1460200
2008-10-21,HYG,71.22000122070312,72.88999938964844,70.45999908447266,70.98999786376953,23.77901268005371,398300
2008-10-22,HYG,71.68000030517578,71.68000030517578,70.2699966430664,70.4000015258789,23.581375122070312,113300
2008-10-23,HYG,70.4000015258789,71.88999938964844,70.0999984741211,71.58999633789062,23.979990005493164,157700
2008-10-24,HYG,70.4000015258789,70.80000305175781,69.05999755859375,69.80000305175781,23.380393981933594,155600
2008-10-27,HYG,70.04000091552734,70.37999725341797,66.25,66.25,22.191299438476562,1313600
2008-10-28,HYG,67.69000244140625,68.69999694824219,67.0,67.0,22.442501068115234,158600
2008-10-29,HYG,67.41000366210938,71.0,67.41000366210938,70.05000305175781,23.464149475097656,318700
2008-10-30,HYG,70.94999694824219,71.97000122070312,70.5,71.97000122070312,24.107269287109375,169900
2008-10-31,HYG,71.5999984741211,72.26000213623047,71.58999633789062,72.0,24.117324829101562,126500
2008-11-03,HYG,72.26000213623047,72.26000213623047,71.69999694824219,71.88999938964844,24.313488006591797,168900
2008-11-04,HYG,72.77999877929688,72.77999877929688,71.75,72.69999694824219,24.587419509887695,430300
2008-11-05,HYG,72.77999877929688,73.22000122070312,72.0,72.0999984741211,24.38449478149414,392100
2008-11-06,HYG,71.01000213623047,72.5,71.0,72.0999984741211,24.38449478149414,198100
2008-11-07,HYG,72.62999725341797,72.94000244140625,72.0,72.8499984741211,24.638154983520508,221000
2008-11-10,HYG,73.05000305175781,73.41999816894531,72.0,72.86000061035156,24.641529083251953,148600
2008-11-11,HYG,73.58999633789062,73.58999633789062,72.05000305175781,72.7300033569336,24.597578048706055,107100
2008-11-12,HYG,72.69000244140625,72.69000244140625,71.54000091552734,71.69999694824219,24.249238967895508,129400
2008-11-13,HYG,71.12000274658203,71.86000061035156,70.66999816894531,71.31999969482422,24.120697021484375,211900
2008-11-14,HYG,71.37999725341797,71.37999725341797,70.0,70.44999694824219,23.826465606689453,115200
2008-11-17,HYG,70.44999694824219,70.94000244140625,69.11000061035156,69.36000061035156,23.457843780517578,157200
2008-11-18,HYG,69.0,69.44000244140625,67.5999984741211,67.9000015258789,22.964040756225586,174700
2008-11-19,HYG,67.04000091552734,67.7699966430664,65.05999755859375,65.58000183105469,22.17941665649414,174100
2008-11-20,HYG,65.0199966430664,65.33999633789062,62.5,63.400001525878906,21.442129135131836,606400
2008-11-21,HYG,64.91999816894531,65.2699966430664,63.209999084472656,64.02999877929688,21.655197143554688,238500
2008-11-24,HYG,65.16000366210938,65.69000244140625,64.02999877929688,64.31999969482422,21.753280639648438,232500
2008-11-25,HYG,65.83999633789062,65.83999633789062,63.77000045776367,64.98999786376953,21.979883193969727,313500
2008-11-26,HYG,66.05999755859375,66.54000091552734,65.0999984741211,66.5,22.49057388305664,256400
2008-11-28,HYG,65.37999725341797,66.52999877929688,65.37999725341797,66.25,22.406021118164062,420700
2008-12-01,HYG,65.11000061035156,65.66000366210938,63.66999816894531,64.19999694824219,21.943893432617188,409700
2008-12-02,HYG,65.2699966430664,65.2699966430664,64.25,64.88999938964844,22.179744720458984,501700
2008-12-03,HYG,64.80000305175781,64.93000030517578,64.41000366210938,64.9000015258789,22.183149337768555,247800
2008-12-04,HYG,64.91000366210938,65.0,64.16999816894531,64.5199966430664,22.053266525268555,214200
2008-12-05,HYG,64.12000274658203,64.55000305175781,63.5,64.55000305175781,22.063522338867188,485500
2008-12-08,HYG,64.55000305175781,65.37999725341797,63.79999923706055,65.30000305175781,22.319883346557617,703700
2008-12-09,HYG,65.20999908447266,65.33999633789062,64.5,64.80999755859375,22.15239906311035,631800
2008-12-10,HYG,65.05999755859375,65.12999725341797,64.0,64.76000213623047,22.13530921936035,379100
2008-12-11,HYG,64.52999877929688,65.0,64.26000213623047,64.26000213623047,21.964401245117188,914500
2008-12-12,HYG,64.3499984741211,65.30000305175781,64.05000305175781,65.1500015258789,22.26860809326172,320000
2008-12-15,HYG,64.41999816894531,65.63999938964844,64.41999816894531,64.80999755859375,22.15239906311035,611300
2008-12-16,HYG,66.01000213623047,66.02999877929688,64.5999984741211,66.01000213623047,22.56256675720215,523700
2008-12-17,HYG,66.37999725341797,68.0999984741211,65.5999984741211,67.69999694824219,23.14020538330078,1671500
2008-12-18,HYG,68.72000122070312,72.45999908447266,68.08999633789062,71.62999725341797,24.483491897583008,2134800
2008-12-19,HYG,70.98999786376953,71.25,70.12999725341797,71.1500015258789,24.319416046142578,1174700
2008-12-22,HYG,71.33999633789062,74.36000061035156,70.80000305175781,74.0,25.293563842773438,1764700
2008-12-23,HYG,74.37999725341797,75.29000091552734,73.80999755859375,75.08000183105469,25.662723541259766,1220400
2008-12-24,HYG,74.68000030517578,75.5,73.4800033569336,73.9000015258789,25.2593994140625,787700
2008-12-26,HYG,73.98999786376953,75.33999633789062,73.02999877929688,75.30999755859375,25.74135971069336,1291200
2008-12-29,HYG,75.25,75.79000091552734,74.5,75.29000091552734,25.91482925415039,1020000
2008-12-30,HYG,76.16000366210938,76.16000366210938,74.80999755859375,75.5199966430664,25.993976593017578,530100
2008-12-31,HYG,75.54000091552734,76.1500015258789,75.06999969482422,76.01000213623047,26.162643432617188,707400
2009-01-02,HYG,75.58000183105469,76.44999694824219,75.58000183105469,75.7699966430664,26.080032348632812,673600
2009-01-05,HYG,75.41999816894531,81.87000274658203,75.37000274658203,79.43000030517578,27.339797973632812,1907500
2009-01-06,HYG,80.19000244140625,80.61000061035156,79.5199966430664,80.0999984741211,27.570430755615234,2267000
2009-01-07,HYG,79.94000244140625,80.36000061035156,77.75,78.6500015258789,27.07134437561035,1748100
2009-01-08,HYG,78.30999755859375,78.30999755859375,76.86000061035156,77.51000213623047,26.67894172668457,972100
2009-01-09,HYG,78.86000061035156,78.86000061035156,77.55000305175781,78.6500015258789,27.07134437561035,826600
2009-01-12,HYG,78.98999786376953,79.0999984741211,76.20999908447266,76.94000244140625,26.482749938964844,867700
2009-01-13,HYG,77.80999755859375,77.80999755859375,75.81999969482422,76.66000366210938,26.386384963989258,613500
2009-01-14,HYG,75.55000305175781,76.19999694824219,73.68000030517578,75.68000030517578,26.0490665435791,1006000
2009-01-15,HYG,75.11000061035156,75.52999877929688,74.5199966430664,75.37999725341797,25.945775985717773,1122500
2009-01-16,HYG,75.23999786376953,76.12000274658203,73.79000091552734,75.98999786376953,26.155773162841797,574800
2009-01-20,HYG,75.01000213623047,75.52999877929688,74.0199966430664,74.69000244140625,25.708293914794922,544100
2009-01-21,HYG,74.81999969482422,75.04000091552734,73.68000030517578,74.69999694824219,25.711732864379883,534200
2009-01-22,HYG,74.87000274658203,74.87000274658203,73.76000213623047,74.5,25.642911911010742,454800
2009-01-23,HYG,73.81999969482422,74.33000183105469,72.4000015258789,73.30999755859375,25.23331069946289,1556100
2009-01-26,HYG,73.77999877929688,74.23999786376953,73.06999969482422,73.5,25.29869270324707,573600
2009-01-27,HYG,74.16999816894531,74.44000244140625,73.56999969482422,74.18000030517578,25.532777786254883,637500
2009-01-28,HYG,74.94000244140625,76.87000274658203,74.7699966430664,76.80999755859375,26.43800926208496,1549400
2009-01-29,HYG,75.94999694824219,76.36000061035156,74.5199966430664,74.9000015258789,25.78059959411621,685200
2009-01-30,HYG,75.58999633789062,75.58999633789062,74.61000061035156,75.23999786376953,25.897607803344727,469800
2009-02-02,HYG,73.87999725341797,74.20999908447266,72.4000015258789,72.9000015258789,25.34585189819336,1037900
2009-02-03,HYG,73.47000122070312,73.51000213623047,72.51000213623047,73.02999877929688,25.391036987304688,642100
2009-02-04,HYG,73.4800033569336,73.56999969482422,72.83999633789062,72.97000122070312,25.37017250061035,891500
2009-02-05,HYG,73.33000183105469,73.76000213623047,72.02999877929688,72.37000274658203,25.16154670715332,836600
2009-02-06,HYG,72.9000015258789,73.83999633789062,72.5999984741211,73.83000183105469,25.66918182373047,830900
2009-02-09,HYG,73.69999694824219,74.58999633789062,73.55999755859375,74.4000015258789,25.86734962463379,831400
2009-02-10,HYG,74.55000305175781,74.56999969482422,73.5199966430664,73.91000366210938,25.69700050354004,831000
2009-02-11,HYG,74.25,74.33999633789062,73.5999984741211,73.73999786376953,25.637907028198242,592100
2009-02-12,HYG,73.08999633789062,73.51000213623047,72.83999633789062,73.51000213623047,25.557920455932617,509200
2009-02-13,HYG,73.66999816894531,73.80000305175781,73.0999984741211,73.80000305175781,25.65874481201172,299100
2009-02-17,HYG,73.77999877929688,73.83999633789062,71.5999984741211,71.91999816894531,25.005098342895508,1521100
2009-02-18,HYG,72.31999969482422,72.47000122070312,69.5,71.48999786376953,24.855619430541992,1414600
2009-02-19,HYG,71.81999969482422,72.33999633789062,71.5199966430664,71.8499984741211,24.980775833129883,385300
2009-02-20,HYG,70.19000244140625,71.16999816894531,69.52999877929688,70.80000305175781,24.6157169342041,647700
2009-02-23,HYG,70.81999969482422,71.69000244140625,68.26000213623047,69.0199966430664,23.996849060058594,884500
2009-02-24,HYG,69.30999755859375,70.5,69.0,70.0,24.337566375732422,647300
2009-02-25,HYG,70.16000366210938,70.16000366210938,69.19999694824219,69.66000366210938,24.219362258911133,567600
2009-02-26,HYG,69.75,69.87000274658203,67.62999725341797,68.27999877929688,23.739553451538086,603200
2009-02-27,HYG,68.01000213623047,68.44999694824219,67.0,67.25,23.381454467773438,824700
2009-03-02,HYG,66.33000183105469,66.80999755859375,64.80000305175781,65.1500015258789,22.896120071411133,993600
2009-03-03,HYG,65.70999908447266,66.30000305175781,64.9000015258789,65.41000366210938,22.98749542236328,752700
2009-03-04,HYG,65.63999938964844,66.44999694824219,64.80999755859375,65.4000015258789,22.98398208618164,572900
2009-03-05,HYG,65.3499984741211,65.4000015258789,62.2400016784668,62.29999923706055,21.894540786743164,1117900
2009-03-06,HYG,62.70000076293945,63.7400016784668,61.869998931884766,62.0,21.789100646972656,1216800
2009-03-09,HYG,62.31999969482422,62.83000183105469,61.5,61.63999938964844,21.662561416625977,645100
2009-03-10,HYG,62.349998474121094,64.91000366210938,62.349998474121094,64.69000244140625,22.73446273803711,1111400
2009-03-11,HYG,65.45999908447266,65.94999694824219,64.94000244140625,65.72000122070312,23.096433639526367,769500
2009-03-12,HYG,65.75,66.83999633789062,65.5199966430664,66.80999755859375,23.4794979095459,762800
2009-03-13,HYG,67.0199966430664,67.11000061035156,66.5,66.95999908447266,23.532230377197266,632300
2009-03-16,HYG,67.16999816894531,67.83000183105469,67.05999755859375,67.33999633789062,23.665754318237305,514600
2009-03-17,HYG,67.30000305175781,67.4000015258789,66.41999816894531,66.95999908447266,23.532230377197266,460100
2009-03-18,HYG,66.97000122070312,68.62000274658203,66.58000183105469,68.5,24.073429107666016,611000
2009-03-19,HYG,68.45999908447266,68.62000274658203,67.25,67.9000015258789,23.862573623657227,711800
2009-03-20,HYG,67.98999786376953,68.37999725341797,67.52999877929688,67.7699966430664,23.81688117980957,394900
2009-03-23,HYG,68.61000061035156,69.19999694824219,67.62999725341797,69.16999816894531,24.30890464782715,461200
2009-03-24,HYG,69.06999969482422,69.45999908447266,68.62999725341797,69.30000305175781,24.35457420349121,425000
2009-03-25,HYG,69.38999938964844,70.05000305175781,69.38999938964844,69.66999816894531,24.48461151123047,800700
2009-03-26,HYG,70.11000061035156,70.7699966430664,69.7300033569336,70.75,24.864164352416992,660200
2009-03-27,HYG,70.5999984741211,70.5999984741211,68.91000366210938,70.02999877929688,24.61113166809082,1157900
2009-03-30,HYG,69.6500015258789,69.6500015258789,66.75,66.75,23.458417892456055,1299900
2009-03-31,HYG,68.13999938964844,68.7699966430664,67.5,67.80000305175781,23.827428817749023,632700
2009-04-01,HYG,67.66999816894531,67.93000030517578,66.91000366210938,67.0999984741211,23.865121841430664,654300
2009-04-02,HYG,68.04000091552734,69.63999938964844,67.41000366210938,69.54000091552734,24.732952117919922,1469600
2009-04-03,HYG,69.70999908447266,70.80000305175781,69.5,70.5199966430664,25.081506729125977,1355600
2009-04-06,HYG,70.12000274658203,70.88999938964844,69.44999694824219,70.29000091552734,24.999696731567383,648200
2009-04-07,HYG,70.08999633789062,70.08999633789062,69.12000274658203,69.4800033569336,24.711606979370117,459900
2009-04-08,HYG,68.80000305175781,70.5999984741211,68.80000305175781,70.30000305175781,25.00324058532715,721600
2009-04-09,HYG,71.0,72.55000305175781,71.0,72.30000305175781,25.714574813842773,1123800
2009-04-13,HYG,71.44999694824219,72.4800033569336,71.0,72.25,25.696805953979492,801800
2009-04-14,HYG,72.23999786376953,72.23999786376953,71.51000213623047,71.87999725341797,25.565210342407227,617000
2009-04-15,HYG,72.22000122070312,72.5,71.66999816894531,72.48999786376953,25.78217124938965,501700
2009-04-16,HYG,72.70999908447266,74.33000183105469,72.66999816894531,73.63999938964844,26.191207885742188,1109500
2009-04-17,HYG,73.88999938964844,75.75,73.5,75.25,26.763792037963867,683000
2009-04-20,HYG,74.62999725341797,74.94999694824219,72.37999725341797,72.5,25.785730361938477,1003100
2009-04-21,HYG,72.41000366210938,73.80000305175781,71.52999877929688,73.31999969482422,26.07735252380371,264800
2009-04-22,HYG,73.02999877929688,74.16000366210938,72.12000274658203,73.66999816894531,26.20184898376465,715200
2009-04-23,HYG,73.70999908447266,74.0,73.2699966430664,73.58999633789062,26.17340087890625,701300
2009-04-24,HYG,73.98999786376953,74.83999633789062,73.69999694824219,74.7300033569336,26.578866958618164,522500
2009-04-27,HYG,74.19999694824219,74.5199966430664,73.80999755859375,74.13999938964844,26.369001388549805,813400
2009-04-28,HYG,73.9000015258789,74.86000061035156,73.3499984741211,74.30000305175781,26.42592430114746,460200
2009-04-29,HYG,74.98999786376953,75.80000305175781,74.86000061035156,75.68000030517578,26.916719436645508,1167900
2009-04-30,HYG,76.31999969482422,76.48999786376953,75.55000305175781,76.2699966430664,27.126588821411133,919500
2009-05-01,HYG,75.7699966430664,76.08999633789062,74.61000061035156,75.55999755859375,27.083921432495117,609400
2009-05-04,HYG,75.88999938964844,75.94999694824219,75.0,75.37999725341797,27.019411087036133,1043400
2009-05-05,HYG,75.4000015258789,76.04000091552734,75.3499984741211,76.02999877929688,27.25238037109375,799800
2009-05-06,HYG,76.33000183105469,76.79000091552734,75.55000305175781,76.66000366210938,27.47820472717285,738600
2009-05-07,HYG,77.55000305175781,77.66000366210938,74.79000091552734,75.4000015258789,27.02656364440918,1546800
2009-05-08,HYG,76.43000030517578,77.0999984741211,76.20999908447266,76.75,27.51046371459961,1375800
2009-05-11,HYG,76.56999969482422,76.7699966430664,75.41999816894531,76.3499984741211,27.367090225219727,531000
2009-05-12,HYG,76.0,76.6500015258789,75.69999694824219,76.6500015258789,27.474626541137695,682300
2009-05-13,HYG,76.4800033569336,76.5199966430664,75.5,75.6500015258789,27.116182327270508,1118700
2009-05-14,HYG,75.51000213623047,75.62999725341797,74.38999938964844,74.8499984741211,26.829421997070312,966300
2009-05-15,HYG,74.8499984741211,74.88999938964844,73.08000183105469,73.80000305175781,26.453052520751953,1007100
2009-05-18,HYG,74.33999633789062,75.44000244140625,74.16999816894531,75.37000274658203,27.015810012817383,831000
2009-05-19,HYG,75.44999694824219,76.12999725341797,74.86000061035156,75.87000274658203,27.19504737854004,902800
2009-05-20,HYG,76.11000061035156,77.19000244140625,75.87000274658203,76.98999786376953,27.596492767333984,1158400
2009-05-21,HYG,76.69000244140625,76.93000030517578,76.0,76.0,27.241626739501953,1274700
2009-05-22,HYG,76.33000183105469,77.38999938964844,76.02999877929688,77.05000305175781,27.618005752563477,762300
2009-05-26,HYG,76.80999755859375,77.29000091552734,76.37999725341797,76.8499984741211,27.54631996154785,855100
2009-05-27,HYG,77.33999633789062,77.51000213623047,76.98999786376953,76.98999786376953,27.596492767333984,757300
2009-05-28,HYG,77.48999786376953,77.69999694824219,76.98999786376953,77.26000213623047,27.693262100219727,583900
2009-05-29,HYG,77.79000091552734,78.16999816894531,77.44999694824219,77.83999633789062,27.90115737915039,621200
2009-06-01,HYG,77.79000091552734,78.9800033569336,77.79000091552734,78.94999694824219,28.561389923095703,1293700
2009-06-02,HYG,78.66000366210938,78.7300033569336,77.93000030517578,78.72000122070312,28.478185653686523,782200
2009-06-03,HYG,78.91999816894531,78.94000244140625,78.01000213623047,78.2699966430664,28.31539535522461,776100
2009-06-04,HYG,78.0199966430664,78.69999694824219,78.0199966430664,78.51000213623047,28.402212142944336,638100
2009-06-05,HYG,78.98999786376953,78.98999786376953,78.30999755859375,78.76000213623047,28.492652893066406,704400
2009-06-08,HYG,78.97000122070312,79.25,78.31999969482422,78.9000015258789,28.54331398010254,593000
2009-06-09,HYG,78.61000061035156,79.2300033569336,78.61000061035156,79.05000305175781,28.59758949279785,559600
2009-06-10,HYG,79.2699966430664,79.5,78.72000122070312,79.1500015258789,28.633739471435547,636700
2009-06-11,HYG,79.12999725341797,79.95999908447266,79.12999725341797,79.33000183105469,28.698871612548828,524400
2009-06-12,HYG,79.61000061035156,79.87000274658203,79.33000183105469,79.73999786376953,28.84720802307129,566000
2009-06-15,HYG,79.6500015258789,79.70999908447266,78.4800033569336,78.55999755859375,28.42031478881836,574500
2009-06-16,HYG,78.98999786376953,79.2300033569336,77.27999877929688,77.80999755859375,28.14899253845215,1180400
2009-06-17,HYG,77.79000091552734,78.2699966430664,77.0199966430664,77.36000061035156,27.986175537109375,1240800
2009-06-18,HYG,77.05000305175781,78.20999908447266,77.05000305175781,78.0999984741211,28.25388526916504,766200
2009-06-19,HYG,77.70999908447266,78.29000091552734,77.70999908447266,78.18000030517578,28.2828369140625,667900
2009-06-22,HYG,78.08000183105469,78.08000183105469,76.5,77.12000274658203,27.89935874938965,1096700
2009-06-23,HYG,76.86000061035156,77.73999786376953,76.86000061035156,77.25,27.946372985839844,582200
2009-06-24,HYG,77.48999786376953,78.30000305175781,77.25,77.63999938964844,28.087480545043945,576400
2009-06-25,HYG,77.88999938964844,78.44000244140625,77.61000061035156,78.37999725341797,28.355180740356445,647900
2009-06-26,HYG,78.33999633789062,78.38999938964844,77.79000091552734,78.36000061035156,28.34794807434082,495900
2009-06-29,HYG,78.44000244140625,79.33999633789062,78.41000366210938,79.33999633789062,28.702491760253906,647700
2009-06-30,HYG,79.5,79.8499984741211,79.22000122070312,79.70999908447266,28.836339950561523,538900
2009-07-01,HYG,79.25,79.51000213623047,78.79000091552734,79.18000030517578,28.907550811767578,922100
2009-07-02,HYG,78.91999816894531,78.94999694824219,77.70999908447266,77.80000305175781,28.403722763061523,651200
2009-07-06,HYG,77.5199966430664,78.04000091552734,76.61000061035156,76.63999938964844,27.98020362854004,794500
2009-07-07,HYG,77.12999725341797,77.31999969482422,75.56999969482422,75.56999969482422,27.58957290649414,886300
2009-07-08,HYG,75.61000061035156,76.88999938964844,75.55000305175781,76.02999877929688,27.75751495361328,1382300
2009-07-09,HYG,76.62999725341797,77.37999725341797,76.19000244140625,77.12000274658203,28.15545654296875,544900
2009-07-10,HYG,76.94999694824219,77.9000015258789,76.12999725341797,76.52999877929688,27.9400577545166,393700
2009-07-13,HYG,77.20999908447266,77.20999908447266,76.27999877929688,76.69999694824219,28.00208854675293,521500
2009-07-14,HYG,76.5999984741211,77.4000015258789,76.48999786376953,77.0,28.11164093017578,506600
2009-07-15,HYG,77.4000015258789,78.69999694824219,77.27999877929688,78.69999694824219,28.73231315612793,1040200
2009-07-16,HYG,78.52999877929688,79.0,78.0,78.94000244140625,28.81992530822754,515600
2009-07-17,HYG,78.83000183105469,79.0199966430664,78.6500015258789,79.01000213623047,28.84546661376953,597100
2009-07-20,HYG,79.2300033569336,80.20999908447266,79.2300033569336,80.11000061035156,29.247060775756836,784700
2009-07-21,HYG,80.33999633789062,80.8499984741211,79.80999755859375,80.5,29.389453887939453,938600
2009-07-22,HYG,80.4000015258789,80.76000213623047,80.0,80.5999984741211,29.42595100402832,483000
2009-07-23,HYG,81.0,81.79000091552734,80.41999816894531,81.41999816894531,29.72530746459961,750700
2009-07-24,HYG,81.80000305175781,82.01000213623047,80.7300033569336,81.9000015258789,29.900554656982422,639300
2009-07-27,HYG,82.16999816894531,82.29000091552734,81.62000274658203,82.05000305175781,29.95534896850586,512700
2009-07-28,HYG,82.13999938964844,82.41999816894531,81.80000305175781,82.13999938964844,29.988182067871094,591800
2009-07-29,HYG,82.44000244140625,82.76000213623047,82.05999755859375,82.41999816894531,30.090408325195312,627900
2009-07-30,HYG,82.8499984741211,83.91000366210938,82.6500015258789,83.0999984741211,30.338653564453125,976900
2009-07-31,HYG,83.75,84.6500015258789,83.37999725341797,84.44999694824219,30.8315372467041,740700
2009-08-03,HYG,83.7699966430664,84.19000244140625,83.69000244140625,83.9000015258789,30.890064239501953,880400
2009-08-04,HYG,84.30000305175781,84.33999633789062,83.0199966430664,83.72000122070312,30.823802947998047,615100
2009-08-05,HYG,83.54000091552734,83.9800033569336,82.80999755859375,83.44999694824219,30.72440528869629,756000
2009-08-06,HYG,83.70999908447266,83.80000305175781,82.5999984741211,82.79000091552734,30.481395721435547,619500
2009-08-07,HYG,83.22000122070312,84.11000061035156,82.79000091552734,83.37000274658203,30.69493293762207,711300
2009-08-10,HYG,83.62999725341797,83.7699966430664,83.05999755859375,83.75,30.8348445892334,527800
2009-08-11,HYG,83.75,84.05000305175781,83.23999786376953,83.55000305175781,30.761215209960938,623000
2009-08-12,HYG,83.27999877929688,83.63999938964844,83.0,83.33999633789062,30.68389320373535,491400
2009-08-13,HYG,83.33999633789062,83.3499984741211,82.08000183105469,82.27999877929688,30.293624877929688,825300
2009-08-14,HYG,82.62000274658203,82.62000274658203,81.75,81.87000274658203,30.142675399780273,585500
2009-08-17,HYG,81.38999938964844,81.6500015258789,79.62999725341797,79.87000274658203,29.406320571899414,1160800
2009-08-18,HYG,80.55000305175781,81.38999938964844,80.0,81.25,29.914390563964844,639200
2009-08-19,HYG,81.13999938964844,81.58000183105469,80.5,81.58000183105469,30.03589630126953,501700
2009-08-20,HYG,81.66000366210938,81.83999633789062,81.26000213623047,81.33000183105469,29.943885803222656,601200
2009-08-21,HYG,81.69999694824219,82.44000244140625,81.5199966430664,82.44000244140625,30.3525447845459,570400
2009-08-24,HYG,82.4800033569336,82.5,81.72000122070312,82.01000213623047,30.1942195892334,874600
2009-08-25,HYG,82.37999725341797,82.37999725341797,81.80000305175781,82.0,30.190540313720703,565000
2009-08-26,HYG,82.33999633789062,82.44999694824219,81.97000122070312,82.31999969482422,30.308332443237305,476100
2009-08-27,HYG,82.55000305175781,82.63999938964844,81.87999725341797,81.9000015258789,30.153724670410156,968500
2009-08-28,HYG,82.5,82.5,82.12000274658203,82.30999755859375,30.30465316772461,595800
2009-08-31,HYG,82.4000015258789,82.5,82.0199966430664,82.31999969482422,30.308332443237305,498500
2009-09-01,HYG,81.68000030517578,81.68000030517578,80.5999984741211,80.8499984741211,30.023544311523438,742300
2009-09-02,HYG,80.8499984741211,80.88999938964844,80.0999984741211,80.41999816894531,29.86384391784668,698800
2009-09-03,HYG,80.69000244140625,81.08000183105469,80.44999694824219,80.94000244140625,30.05695152282715,486000
2009-09-04,HYG,81.18000030517578,81.91000366210938,80.98999786376953,81.55999755859375,30.28717803955078,667000
2009-09-08,HYG,81.93000030517578,82.72000122070312,81.83000183105469,82.72000122070312,30.717941284179688,974200
2009-09-09,HYG,82.48999786376953,82.80000305175781,81.75,81.94000244140625,30.42827796936035,1454000
2009-09-10,HYG,82.37000274658203,83.25,82.0199966430664,83.20999908447266,30.899913787841797,695600
2009-09-11,HYG,83.55000305175781,84.13999938964844,83.2699966430664,84.0,31.193265914916992,607200
2009-09-14,HYG,84.06999969482422,84.1500015258789,83.51000213623047,84.0999984741211,31.230411529541016,579300
2009-09-15,HYG,84.37000274658203,84.72000122070312,84.12000274658203,84.69999694824219,31.4532413482666,1289500
2009-09-16,HYG,85.31999969482422,85.81999969482422,85.05000305175781,85.79000091552734,31.857982635498047,1143900
2009-09-17,HYG,85.79000091552734,85.94000244140625,85.16000366210938,85.94000244140625,31.913705825805664,733400
2009-09-18,HYG,85.72000122070312,86.05999755859375,84.86000061035156,85.69999694824219,31.82456398010254,565700
2009-09-21,HYG,85.5,85.75,84.93000030517578,85.75,31.843120574951172,510600
2009-09-22,HYG,86.0199966430664,86.12999725341797,85.5,85.6500015258789,31.806011199951172,413400
2009-09-23,HYG,85.9000015258789,86.36000061035156,85.80000305175781,85.91000366210938,31.902570724487305,464900
2009-09-24,HYG,86.30000305175781,86.48999786376953,85.70999908447266,86.06999969482422,31.96196174621582,774000
2009-09-25,HYG,86.0999984741211,86.37999725341797,85.44999694824219,85.79000091552734,31.857982635498047,454800
2009-09-28,HYG,86.1500015258789,86.54000091552734,85.36000061035156,86.47000122070312,32.11049270629883,455200
2009-09-29,HYG,86.44999694824219,86.48999786376953,86.19000244140625,86.37000274658203,32.07337951660156,693000
2009-09-30,HYG,86.3499984741211,86.69000244140625,85.94000244140625,86.3499984741211,32.06593704223633,688000
2009-10-01,HYG,85.36000061035156,85.41000366210938,83.38999938964844,83.38999938964844,31.221664428710938,3014800
2009-10-02,HYG,83.04000091552734,83.61000061035156,82.0,83.41999816894531,31.232881546020508,1694100
2009-10-05,HYG,83.66999816894531,84.54000091552734,83.55000305175781,84.54000091552734,31.652223587036133,556200
2009-10-06,HYG,84.79000091552734,85.16999816894531,84.19999694824219,84.25,31.54366683959961,813300
2009-10-07,HYG,84.12000274658203,85.08000183105469,84.12000274658203,84.87000274658203,31.77579116821289,637400
2009-10-08,HYG,84.87000274658203,85.41999816894531,84.87000274658203,85.41000366210938,31.97796058654785,824700
2009-10-09,HYG,85.11000061035156,85.73999786376953,84.94999694824219,85.73999786376953,32.10151672363281,680100
2009-10-12,HYG,85.87000274658203,85.87999725341797,85.55000305175781,85.72000122070312,32.094024658203125,354200
2009-10-13,HYG,85.87000274658203,85.87000274658203,85.19000244140625,85.69999694824219,32.0865364074707,295500
2009-10-14,HYG,86.0,86.12000274658203,85.72000122070312,86.04000091552734,32.21383285522461,749900
2009-10-15,HYG,86.06999969482422,86.0999984741211,85.75,86.0199966430664,32.206329345703125,382100
2009-10-16,HYG,86.06999969482422,86.08999633789062,85.5999984741211,86.01000213623047,32.20261764526367,443100
2009-10-19,HYG,86.16999816894531,86.2699966430664,85.94999694824219,86.02999877929688,32.21010208129883,534700
2009-10-20,HYG,86.12999725341797,86.43000030517578,86.01000213623047,86.19000244140625,32.27000045776367,419300
2009-10-21,HYG,86.33000183105469,86.93000030517578,86.1500015258789,86.33999633789062,32.3261604309082,869100
2009-10-22,HYG,86.66999816894531,87.0,86.47000122070312,87.0,32.57328414916992,646200
2009-10-23,HYG,87.19999694824219,87.19999694824219,86.61000061035156,86.8499984741211,32.51708984375,420200
2009-10-26,HYG,86.66000366210938,87.04000091552734,86.62000274658203,86.9000015258789,32.535831451416016,779800
2009-10-27,HYG,86.9000015258789,86.9000015258789,86.05000305175781,86.22000122070312,32.28119659423828,1527900
2009-10-28,HYG,86.37999725341797,86.4800033569336,84.79000091552734,84.80000305175781,31.749576568603516,1266000
2009-10-29,HYG,85.18000030517578,86.44999694824219,85.05000305175781,85.98999786376953,32.19512176513672,1350500
2009-10-30,HYG,86.0,86.20999908447266,84.87000274658203,85.18000030517578,31.891855239868164,1466000
2009-11-02,HYG,84.93000030517578,85.56999969482422,84.6500015258789,85.13999938964844,32.14213562011719,1437000
2009-11-03,HYG,84.58999633789062,85.58000183105469,84.58999633789062,85.33000183105469,32.21385955810547,1135400
2009-11-04,HYG,85.9000015258789,86.0,85.30000305175781,85.45999908447266,32.2629508972168,687800
2009-11-05,HYG,85.62999725341797,85.66000366210938,85.23999786376953,85.52999877929688,32.28939437866211,506800
2009-11-06,HYG,85.47000122070312,85.6500015258789,85.37000274658203,85.61000061035156,32.319580078125,547700
2009-11-09,HYG,85.79000091552734,85.9800033569336,85.69999694824219,85.94999694824219,32.44792938232422,571400
2009-11-10,HYG,85.87000274658203,85.9800033569336,85.66000366210938,85.91999816894531,32.43659591674805,667800
2009-11-11,HYG,85.95999908447266,86.19999694824219,85.87999725341797,85.97000122070312,32.455474853515625,509500
2009-11-12,HYG,86.08999633789062,86.11000061035156,85.75,86.06999969482422,32.49322509765625,619900
2009-11-13,HYG,85.88999938964844,86.25,85.75,85.9000015258789,32.4290657043457,491100
2009-11-16,HYG,86.33000183105469,86.6500015258789,86.05000305175781,86.30000305175781,32.580078125,714900
2009-11-17,HYG,86.4800033569336,86.4800033569336,86.1500015258789,86.27999877929688,32.572509765625,438400
2009-11-18,HYG,86.36000061035156,86.44000244140625,86.05999755859375,86.05999755859375,32.48945236206055,630200
2009-11-19,HYG,86.19999694824219,86.30000305175781,85.87000274658203,86.23999786376953,32.55742263793945,679700
2009-11-20,HYG,86.13999938964844,86.33999633789062,86.0,86.22000122070312,32.549835205078125,544200
2009-11-23,HYG,86.27999877929688,86.37000274658203,86.0999984741211,86.12999725341797,32.51589584350586,428600
2009-11-24,HYG,86.26000213623047,86.30000305175781,86.05000305175781,86.18000030517578,32.53475570678711,526800
2009-11-25,HYG,86.25,86.6500015258789,86.20999908447266,86.22000122070312,32.549835205078125,548900
2009-11-27,HYG,85.36000061035156,85.8499984741211,85.05000305175781,85.62000274658203,32.3233528137207,570000
2009-11-30,HYG,85.5999984741211,86.0999984741211,85.5999984741211,85.9000015258789,32.4290657043457,674100
2009-12-01,HYG,85.58999633789062,85.83000183105469,85.3499984741211,85.69999694824219,32.58953094482422,749100
2009-12-02,HYG,85.69999694824219,85.95999908447266,85.5999984741211,85.79000091552734,32.623741149902344,537400
2009-12-03,HYG,85.93000030517578,86.26000213623047,85.86000061035156,85.9000015258789,32.665611267089844,489600
2009-12-04,HYG,86.20999908447266,86.55999755859375,86.20999908447266,86.25,32.7987060546875,532000
2009-12-07,HYG,86.33999633789062,86.44000244140625,86.16000366210938,86.36000061035156,32.84050369262695,397200
2009-12-08,HYG,86.3499984741211,86.5,86.19000244140625,86.45999908447266,32.87854766845703,359000
2009-12-09,HYG,86.5199966430664,86.62999725341797,86.43000030517578,86.45999908447266,32.87854766845703,357000
2009-12-10,HYG,86.62000274658203,86.88999938964844,86.61000061035156,86.88999938964844,33.04206085205078,401000
2009-12-11,HYG,87.0,87.05999755859375,86.83999633789062,86.94000244140625,33.06105041503906,444100
2009-12-14,HYG,87.0,87.76000213623047,87.0,87.63999938964844,33.32726287841797,1132700
2009-12-15,HYG,87.5999984741211,87.69999694824219,87.26000213623047,87.55000305175781,33.29302978515625,417600
2009-12-16,HYG,87.75,87.79000091552734,87.30999755859375,87.75,33.369102478027344,621100
2009-12-17,HYG,87.5999984741211,87.77999877929688,87.48999786376953,87.69999694824219,33.35007858276367,350200
2009-12-18,HYG,87.77999877929688,87.83000183105469,87.61000061035156,87.6500015258789,33.3310661315918,281600
2009-12-21,HYG,87.80999755859375,87.94000244140625,87.6500015258789,87.91000366210938,33.4299430847168,646800
2009-12-22,HYG,88.0,88.12000274658203,87.87000274658203,88.0999984741211,33.50220489501953,432500
2009-12-23,HYG,88.1500015258789,88.44999694824219,88.12000274658203,88.30999755859375,33.58203887939453,440100
2009-12-24,HYG,88.38999938964844,88.7699966430664,88.30000305175781,88.63999938964844,33.707542419433594,188800
2009-12-28,HYG,88.7300033569336,88.80000305175781,88.25,88.37999725341797,33.608680725097656,532400
2009-12-29,HYG,87.8499984741211,87.9000015258789,87.30000305175781,87.33000183105469,33.428749084472656,494600
2009-12-30,HYG,87.5,87.77999877929688,87.43000030517578,87.69999694824219,33.57039260864258,421600
2009-12-31,HYG,87.83999633789062,87.9000015258789,87.58000183105469,87.83999633789062,33.62397766113281,346000
2010-01-04,HYG,88.0,88.52999877929688,88.0,88.52999877929688,33.888092041015625,1316800
2010-01-05,HYG,88.75,89.08000183105469,88.41999816894531,88.94999694824219,34.04887771606445,733000
2010-01-06,HYG,89.04000091552734,89.26000213623047,89.0,89.18000030517578,34.13690185546875,715700
2010-01-07,HYG,89.37999725341797,89.62999725341797,89.11000061035156,89.54000091552734,34.27470397949219,956000
2010-01-08,HYG,89.55999755859375,89.80999755859375,89.51000213623047,89.68000030517578,34.32830810546875,711400
2010-01-11,HYG,89.5,89.70999908447266,89.4800033569336,89.5999984741211,34.29766845703125,895800
2010-01-12,HYG,89.5,90.29000091552734,89.05000305175781,89.13999938964844,34.12158203125,1133900
2010-01-13,HYG,89.0999984741211,89.41999816894531,89.0999984741211,89.33999633789062,34.19813919067383,868900
2010-01-14,HYG,89.44000244140625,89.4800033569336,89.20999908447266,89.44000244140625,34.2364387512207,394600
2010-01-15,HYG,89.5199966430664,89.5199966430664,88.98999786376953,89.08000183105469,34.09862518310547,835300
2010-01-19,HYG,89.0,89.19999694824219,88.97000122070312,89.12000274658203,34.113948822021484,796900
2010-01-20,HYG,89.1500015258789,89.20999908447266,88.86000061035156,88.98999786376953,34.064208984375,588500
2010-01-21,HYG,89.16000366210938,89.16000366210938,87.5999984741211,87.5999984741211,33.532108306884766,1416800
2010-01-22,HYG,87.98999786376953,88.04000091552734,86.61000061035156,86.7699966430664,33.21440505981445,1394400
2010-01-25,HYG,87.23999786376953,87.44000244140625,86.75,86.9000015258789,33.264156341552734,711300
2010-01-26,HYG,87.19999694824219,87.43000030517578,86.9000015258789,87.01000213623047,33.30625534057617,576000
2010-01-27,HYG,86.95999908447266,87.41999816894531,86.91999816894531,87.04000091552734,33.3177375793457,876500
2010-01-28,HYG,87.11000061035156,87.23999786376953,86.55000305175781,86.66999816894531,33.176109313964844,833700
2010-01-29,HYG,87.2699966430664,87.2699966430664,86.22000122070312,86.2300033569336,33.00770568847656,1357000
2010-02-01,HYG,85.94999694824219,86.27999877929688,85.6500015258789,85.9800033569336,33.167015075683594,924700
2010-02-02,HYG,86.2699966430664,86.61000061035156,86.0,86.23999786376953,33.2673225402832,1238500
2010-02-03,HYG,86.4000015258789,86.70999908447266,86.22000122070312,86.68000030517578,33.43703842163086,641200
2010-02-04,HYG,86.30000305175781,86.3499984741211,85.37999725341797,85.44999694824219,32.962562561035156,1762600
2010-02-05,HYG,85.33000183105469,85.33000183105469,83.44999694824219,84.94999694824219,32.76971435546875,3261500
2010-02-08,HYG,84.80000305175781,85.12999725341797,84.38999938964844,84.58000183105469,32.626953125,1202400
2010-02-09,HYG,84.86000061035156,85.05000305175781,84.45999908447266,84.75,32.692527770996094,853800
2010-02-10,HYG,84.69999694824219,84.91999816894531,83.5999984741211,83.61000061035156,32.25278091430664,1463200
2010-02-11,HYG,83.91000366210938,84.41999816894531,83.38999938964844,83.94999694824219,32.383941650390625,1157700
2010-02-12,HYG,83.95999908447266,84.16999816894531,83.37999725341797,83.9000015258789,32.36465072631836,743100
2010-02-16,HYG,83.66999816894531,85.0199966430664,83.66999816894531,84.7300033569336,32.684818267822266,1061300
2010-02-17,HYG,85.16999816894531,85.47000122070312,85.12999725341797,85.37999725341797,32.9355583190918,1400200
2010-02-18,HYG,85.48999786376953,86.38999938964844,85.48999786376953,86.19000244140625,33.248016357421875,1153400
2010-02-19,HYG,86.37000274658203,86.77999877929688,86.30000305175781,86.7699966430664,33.471771240234375,1485600
2010-02-22,HYG,86.88999938964844,87.05999755859375,86.70999908447266,86.87999725341797,33.51417922973633,1596200
2010-02-23,HYG,87.0199966430664,87.0999984741211,85.94999694824219,86.25,33.27117156982422,1014900
2010-02-24,HYG,86.56999969482422,86.9800033569336,86.3499984741211,86.58000183105469,33.39847946166992,1047000
2010-02-25,HYG,86.27999877929688,86.6500015258789,86.0,86.58999633789062,33.402313232421875,503400
2010-02-26,HYG,86.75,87.22000122070312,86.66000366210938,87.16999816894531,33.626060485839844,697900
2010-03-01,HYG,86.69000244140625,86.77999877929688,86.5,86.58999633789062,33.65169906616211,1468800
2010-03-02,HYG,86.87999725341797,87.19999694824219,86.69000244140625,87.1500015258789,33.86933898925781,1291800
2010-03-03,HYG,87.27999877929688,87.37999725341797,87.08999633789062,87.23999786376953,33.9043083190918,986800
2010-03-04,HYG,87.43000030517578,87.43000030517578,87.08000183105469,87.30999755859375,33.931556701660156,641100
2010-03-05,HYG,87.58999633789062,87.83999633789062,87.29000091552734,87.83000183105469,34.133609771728516,975800
2010-03-08,HYG,87.97000122070312,88.0999984741211,87.79000091552734,87.8499984741211,34.141380310058594,937900
2010-03-09,HYG,87.81999969482422,88.2300033569336,87.80000305175781,88.2300033569336,34.2890625,630800
2010-03-10,HYG,88.0199966430664,88.30000305175781,88.0,88.26000213623047,34.30074691772461,640200
2010-03-11,HYG,88.16999816894531,88.25,88.0199966430664,88.18000030517578,34.269630432128906,488500
2010-03-12,HYG,88.19000244140625,88.37000274658203,88.1500015258789,88.19999694824219,34.27739334106445,636700
2010-03-15,HYG,88.20999908447266,88.25,87.93000030517578,88.0999984741211,34.238548278808594,471400
2010-03-16,HYG,88.22000122070312,88.4800033569336,87.98999786376953,88.4000015258789,34.35512924194336,923300
2010-03-17,HYG,88.47000122070312,88.63999938964844,88.33999633789062,88.4000015258789,34.35512924194336,918300
2010-03-18,HYG,88.4800033569336,88.63999938964844,88.41000366210938,88.52999877929688,34.4056396484375,637200
2010-03-19,HYG,88.08999633789062,88.5999984741211,87.97000122070312,88.08999633789062,34.234657287597656,674600
2010-03-22,HYG,87.94999694824219,88.5199966430664,87.80999755859375,88.51000213623047,34.39789581298828,759000
2010-03-23,HYG,88.5199966430664,88.5999984741211,88.33000183105469,88.5,34.39399719238281,699200
2010-03-24,HYG,88.4800033569336,88.58999633789062,88.3499984741211,88.44999694824219,34.37455749511719,430800
2010-03-25,HYG,88.63999938964844,88.80999755859375,88.51000213623047,88.66000366210938,34.456172943115234,1005200
2010-03-26,HYG,88.62000274658203,88.69999694824219,88.5,88.62999725341797,34.44451141357422,1312500
2010-03-29,HYG,88.73999786376953,88.76000213623047,88.69999694824219,88.73999786376953,34.487274169921875,546200
2010-03-30,HYG,88.75,88.87000274658203,88.55999755859375,88.6500015258789,34.452301025390625,605600
2010-03-31,HYG,88.56999969482422,88.5999984741211,87.80999755859375,88.37000274658203,34.343475341796875,1255400
2010-04-01,HYG,87.83999633789062,88.0,87.5,87.5,34.26046371459961,773100
2010-04-05,HYG,87.6500015258789,87.9800033569336,87.41000366210938,87.45999908447266,34.24482345581055,930200
2010-04-06,HYG,87.51000213623047,88.08000183105469,87.44999694824219,88.02999877929688,34.467979431152344,679100
2010-04-07,HYG,87.91000366210938,88.23999786376953,87.9000015258789,88.16000366210938,34.51887893676758,859000
2010-04-08,HYG,88.0999984741211,88.3499984741211,88.01000213623047,88.30999755859375,34.57759094238281,736100
2010-04-09,HYG,88.30000305175781,88.56999969482422,88.26000213623047,88.44000244140625,34.628543853759766,679800
2010-04-12,HYG,88.55000305175781,88.66000366210938,88.44000244140625,88.45999908447266,34.6363525390625,443300
2010-04-13,HYG,88.63999938964844,88.81999969482422,88.63999938964844,88.69999694824219,34.73033142089844,1162900
2010-04-14,HYG,88.9000015258789,89.0199966430664,88.80000305175781,88.94000244140625,34.82428741455078,857700
2010-04-15,HYG,89.0199966430664,89.47000122070312,88.91999816894531,89.18000030517578,34.91825866699219,1251000
2010-04-16,HYG,89.1500015258789,89.3499984741211,88.0999984741211,88.45999908447266,34.6363525390625,1334100
2010-04-19,HYG,88.26000213623047,88.48999786376953,88.05000305175781,88.29000091552734,34.5698127746582,757200
2010-04-20,HYG,88.66000366210938,90.33000183105469,88.51000213623047,89.23999786376953,34.941776275634766,1299400
2010-04-21,HYG,89.33999633789062,89.41000366210938,89.08999633789062,89.25,34.94569778442383,553100
2010-04-22,HYG,89.22000122070312,89.22000122070312,88.77999877929688,88.98999786376953,34.843894958496094,250700
2010-04-23,HYG,89.0,89.5999984741211,88.87000274658203,89.56999969482422,35.07096862792969,676000
2010-04-26,HYG,89.4000015258789,89.69999694824219,89.4000015258789,89.56999969482422,35.07096862792969,440100
2010-04-27,HYG,89.56999969482422,89.7300033569336,88.37000274658203,88.44000244140625,34.628543853759766,1220700
2010-04-28,HYG,88.80000305175781,88.91999816894531,88.5,88.5,34.65201950073242,988000
2010-04-29,HYG,88.91000366210938,89.2300033569336,88.88999938964844,89.11000061035156,34.89086151123047,812200
2010-04-30,HYG,88.95999908447266,89.5199966430664,88.95999908447266,89.4000015258789,35.004398345947266,809800
2010-05-03,HYG,88.80000305175781,89.08999633789062,88.75,88.75,35.00045394897461,639000
2010-05-04,HYG,88.55999755859375,88.62999725341797,87.80999755859375,87.83999633789062,34.641605377197266,786100
2010-05-05,HYG,87.25,87.3499984741211,86.0999984741211,86.63999938964844,34.16835403442383,2567500
2010-05-06,HYG,86.27999877929688,86.51000213623047,78.95999908447266,84.48999786376953,33.32044982910156,6587300
2010-05-07,HYG,84.44999694824219,85.12000274658203,82.51000213623047,84.4800033569336,33.31652069091797,2584000
2010-05-10,HYG,86.88999938964844,87.4000015258789,85.61000061035156,86.05999755859375,33.939598083496094,1670100
2010-05-11,HYG,85.66999816894531,86.87999725341797,85.58000183105469,85.95999908447266,33.90017318725586,1524400
2010-05-12,HYG,86.5,87.02999877929688,86.43000030517578,87.01000213623047,34.31425857543945,1031200
2010-05-13,HYG,87.08999633789062,87.25,86.47000122070312,86.47000122070312,34.10128402709961,1151600
2010-05-14,HYG,86.20999908447266,86.45999908447266,85.36000061035156,85.97000122070312,33.90411376953125,1050700
2010-05-17,HYG,85.94999694824219,86.19000244140625,85.12000274658203,85.86000061035156,33.86073684692383,1120800
2010-05-18,HYG,86.31999969482422,86.45999908447266,85.41000366210938,85.68000030517578,33.78974151611328,1067400
2010-05-19,HYG,85.41000366210938,85.6500015258789,84.26000213623047,85.18000030517578,33.59257125854492,1565100
2010-05-20,HYG,83.88999938964844,83.88999938964844,81.33000183105469,82.63999938964844,32.59084701538086,3092800
2010-05-21,HYG,81.48999786376953,84.4000015258789,81.43000030517578,84.30000305175781,33.24549865722656,1815000
2010-05-24,HYG,84.0999984741211,85.19999694824219,83.98999786376953,84.43000030517578,33.2967643737793,1266200
2010-05-25,HYG,83.19999694824219,84.33000183105469,82.01000213623047,84.33000183105469,33.2573356628418,1507500
2010-05-26,HYG,84.63999938964844,85.05000305175781,83.19000244140625,83.31999969482422,32.859031677246094,1738300
2010-05-27,HYG,84.13999938964844,84.87999725341797,84.13999938964844,84.47000122070312,33.312522888183594,828500
2010-05-28,HYG,84.79000091552734,84.83999633789062,84.31999969482422,84.61000061035156,33.36775588989258,1253900
2010-06-01,HYG,83.61000061035156,84.3499984741211,83.37000274658203,83.56999969482422,33.209991455078125,770300
2010-06-02,HYG,83.93000030517578,84.13999938964844,83.69999694824219,84.0,33.380863189697266,1414500
2010-06-03,HYG,84.22000122070312,84.4000015258789,83.70999908447266,84.02999877929688,33.39280319213867,877200
2010-06-04,HYG,83.51000213623047,84.1500015258789,83.33000183105469,83.55999755859375,33.206031799316406,1439000
2010-06-07,HYG,83.47000122070312,84.2699966430664,82.9800033569336,82.9800033569336,32.97553253173828,992900
2010-06-08,HYG,83.5199966430664,83.5199966430664,82.55000305175781,83.11000061035156,33.027198791503906,1085200
2010-06-09,HYG,83.30000305175781,83.44999694824219,83.01000213623047,83.29000091552734,33.098724365234375,1081900
2010-06-10,HYG,83.61000061035156,84.13999938964844,83.37000274658203,84.13999938964844,33.4365119934082,588200
2010-06-11,HYG,83.69000244140625,84.27999877929688,83.58999633789062,84.26000213623047,33.48420715332031,468300
2010-06-14,HYG,84.3499984741211,84.69999694824219,84.25,84.37000274658203,33.527915954589844,843100
2010-06-15,HYG,84.6500015258789,85.43000030517578,84.55999755859375,85.19000244140625,33.853763580322266,1387200
2010-06-16,HYG,84.98999786376953,85.31999969482422,84.80000305175781,85.26000213623047,33.8815803527832,1877200
2010-06-17,HYG,85.5,85.94000244140625,85.36000061035156,85.9000015258789,34.13592529296875,1097000
2010-06-18,HYG,85.9800033569336,86.33000183105469,85.93000030517578,86.2699966430664,34.282962799072266,734300
2010-06-21,HYG,86.7699966430664,86.81999969482422,86.47000122070312,86.58000183105469,34.40613555908203,1094400
2010-06-22,HYG,86.5,86.5999984741211,85.62000274658203,85.95999908447266,34.1597785949707,1011000
2010-06-23,HYG,86.02999877929688,86.08999633789062,85.29000091552734,85.9000015258789,34.13592529296875,882300
2010-06-24,HYG,85.72000122070312,85.7699966430664,85.19999694824219,85.30999755859375,33.90147018432617,613600
2010-06-25,HYG,85.62999725341797,85.73999786376953,85.25,85.69999694824219,34.05644226074219,536500
2010-06-28,HYG,85.81999969482422,86.19999694824219,85.66999816894531,85.88999938964844,34.13196563720703,682200
2010-06-29,HYG,85.56999969482422,85.58000183105469,84.52999877929688,85.02999877929688,33.79018020629883,1354400
2010-06-30,HYG,84.8499984741211,85.12000274658203,84.51000213623047,84.9000015258789,33.73851776123047,1111300
2010-07-01,HYG,84.45999908447266,84.72000122070312,83.45999908447266,84.68000030517578,33.899879455566406,2044000
2010-07-02,HYG,84.55999755859375,85.1500015258789,84.5,84.69999694824219,33.90787887573242,880400
2010-07-06,HYG,85.20999908447266,85.41000366210938,84.86000061035156,85.37000274658203,34.176090240478516,1176600
2010-07-07,HYG,85.37999725341797,86.4800033569336,85.19999694824219,86.4000015258789,34.58843231201172,1173900
2010-07-08,HYG,86.66000366210938,86.83999633789062,86.12000274658203,86.80000305175781,34.74856948852539,1525200
2010-07-09,HYG,86.80000305175781,86.80000305175781,86.47000122070312,86.5999984741211,34.668479919433594,778800
2010-07-12,HYG,86.70999908447266,86.72000122070312,85.86000061035156,86.52999877929688,34.640480041503906,786500
2010-07-13,HYG,86.75,87.3499984741211,86.5199966430664,87.19999694824219,34.90869140625,1464900
2010-07-14,HYG,87.05000305175781,87.26000213623047,86.87999725341797,87.12000274658203,34.87665939331055,640400
2010-07-15,HYG,86.95999908447266,87.30000305175781,86.91999816894531,87.25,34.92870330810547,565900
2010-07-16,HYG,87.19000244140625,87.20999908447266,86.4800033569336,86.72000122070312,34.716552734375,1215300
2010-07-19,HYG,86.9800033569336,87.22000122070312,86.7300033569336,87.01000213623047,34.832618713378906,556000
2010-07-20,HYG,87.0,88.16000366210938,86.86000061035156,87.70999908447266,35.11286163330078,2442800
2010-07-21,HYG,88.08000183105469,88.44000244140625,87.37000274658203,87.66999816894531,35.096832275390625,1376100
2010-07-22,HYG,87.94999694824219,88.45999908447266,87.94999694824219,88.44999694824219,35.40910720825195,809300
2010-07-23,HYG,88.38999938964844,88.8499984741211,88.04000091552734,88.8499984741211,35.569252014160156,985400
2010-07-26,HYG,88.80000305175781,88.95999908447266,88.47000122070312,88.88999938964844,35.585262298583984,887200
2010-07-27,HYG,88.98999786376953,89.0999984741211,88.4800033569336,88.7699966430664,35.537227630615234,887100
2010-07-28,HYG,88.87999725341797,88.94999694824219,88.5199966430664,88.58000183105469,35.46115493774414,603100
2010-07-29,HYG,88.87999725341797,88.93000030517578,88.58000183105469,88.8499984741211,35.569252014160156,628800
2010-07-30,HYG,88.5999984741211,88.87000274658203,88.3499984741211,88.62000274658203,35.47715759277344,1038700
2010-08-02,HYG,88.38999938964844,88.55000305175781,88.19999694824219,88.4800033569336,35.66216278076172,1021600
2010-08-03,HYG,88.16999816894531,88.62999725341797,88.08999633789062,88.4800033569336,35.66216278076172,1705900
2010-08-04,HYG,88.58000183105469,88.58999633789062,88.29000091552734,88.43000030517578,35.642032623291016,1844200
2010-08-05,HYG,88.33999633789062,88.41000366210938,88.1500015258789,88.38999938964844,35.625877380371094,708100
2010-08-06,HYG,88.33999633789062,88.38999938964844,87.87000274658203,88.37000274658203,35.61783981323242,830300
2010-08-09,HYG,88.58999633789062,88.58999633789062,88.08999633789062,88.20999908447266,35.55331802368164,1266200
2010-08-10,HYG,88.2300033569336,88.30000305175781,87.94999694824219,88.18000030517578,35.54123306274414,1271500
2010-08-11,HYG,87.58999633789062,87.69999694824219,86.9000015258789,87.02999877929688,35.07772445678711,1558600
2010-08-12,HYG,86.6500015258789,87.13999938964844,86.19999694824219,86.7300033569336,34.95681381225586,1261600
2010-08-13,HYG,86.97000122070312,87.33000183105469,86.6500015258789,87.11000061035156,35.10997009277344,776300
2010-08-16,HYG,86.98999786376953,87.47000122070312,86.9800033569336,87.22000122070312,35.154296875,1087600
2010-08-17,HYG,87.55000305175781,87.77999877929688,87.47000122070312,87.55000305175781,35.2873420715332,860800
2010-08-18,HYG,87.5999984741211,87.76000213623047,87.5,87.69999694824219,35.34778594970703,717000
2010-08-19,HYG,87.69999694824219,87.80999755859375,87.27999877929688,87.5199966430664,35.27524948120117,882800
2010-08-20,HYG,87.5199966430664,87.7699966430664,87.45999908447266,87.7300033569336,35.3598747253418,557700
2010-08-23,HYG,87.80000305175781,87.80999755859375,87.56999969482422,87.7300033569336,35.3598747253418,633300
2010-08-24,HYG,87.51000213623047,87.56999969482422,87.25,87.2699966430664,35.17446517944336,1000800
2010-08-25,HYG,87.19999694824219,87.31999969482422,86.79000091552734,87.1500015258789,35.12612533569336,788400
2010-08-26,HYG,87.22000122070312,87.44000244140625,86.80000305175781,87.02999877929688,35.07772445678711,1012400
2010-08-27,HYG,87.19999694824219,87.43000030517578,86.91000366210938,87.0199966430664,35.073692321777344,1302000
2010-08-30,HYG,87.02999877929688,87.43000030517578,87.02999877929688,87.18000030517578,35.138206481933594,620800
2010-08-31,HYG,87.19999694824219,87.37999725341797,87.0999984741211,87.1500015258789,35.12612533569336,1154800
2010-09-01,HYG,86.91000366210938,87.45999908447266,86.88999938964844,87.45999908447266,35.50569534301758,1697900
2010-09-02,HYG,87.5199966430664,87.61000061035156,87.33999633789062,87.5999984741211,35.56249237060547,603900
2010-09-03,HYG,87.7300033569336,87.86000061035156,87.4800033569336,87.86000061035156,35.66806411743164,999600
2010-09-07,HYG,87.68000030517578,87.73999786376953,87.3499984741211,87.7300033569336,35.61529541015625,883500
2010-09-08,HYG,87.7300033569336,87.86000061035156,87.66000366210938,87.75,35.62342071533203,835500
2010-09-09,HYG,88.12999725341797,88.12999725341797,87.83000183105469,88.0999984741211,35.76551055908203,789300
2010-09-10,HYG,88.2300033569336,88.37000274658203,88.0199966430664,88.33000183105469,35.858890533447266,957600
2010-09-13,HYG,88.58000183105469,88.81999969482422,88.44999694824219,88.79000091552734,36.045623779296875,1103500
2010-09-14,HYG,88.77999877929688,88.77999877929688,88.5199966430664,88.7699966430664,36.03749465942383,658700
2010-09-15,HYG,88.47000122070312,88.73999786376953,88.47000122070312,88.69000244140625,36.00502014160156,570800
2010-09-16,HYG,88.73999786376953,88.9000015258789,88.6500015258789,88.83999633789062,36.0659065246582,751400
2010-09-17,HYG,89.05000305175781,89.05000305175781,88.9000015258789,89.0,36.130863189697266,922800
2010-09-20,HYG,89.0999984741211,89.22000122070312,89.05000305175781,89.13999938964844,36.187705993652344,631900
2010-09-21,HYG,89.2300033569336,89.2300033569336,88.87000274658203,88.98999786376953,36.126808166503906,810900
2010-09-22,HYG,89.0999984741211,89.0999984741211,88.62000274658203,88.62999725341797,35.98065948486328,832700
2010-09-23,HYG,88.5,88.5199966430664,88.25,88.4000015258789,35.887290954589844,758800
2010-09-24,HYG,88.52999877929688,88.88999938964844,88.52999877929688,88.75,36.02936553955078,917200
2010-09-27,HYG,88.93000030517578,89.08000183105469,88.83999633789062,88.9000015258789,36.090267181396484,615900
2010-09-28,HYG,89.16000366210938,89.16000366210938,88.80000305175781,89.02999877929688,36.1430549621582,1038800
2010-09-29,HYG,89.19999694824219,89.41000366210938,89.11000061035156,89.23999786376953,36.22831344604492,826600
2010-09-30,HYG,89.4800033569336,89.73999786376953,89.2300033569336,89.69000244140625,36.410972595214844,2290800
2010-10-01,HYG,89.20999908447266,89.33000183105469,88.98999786376953,89.22000122070312,36.45880889892578,837800
2010-10-04,HYG,89.27999877929688,89.27999877929688,88.88999938964844,88.91000366210938,36.33211135864258,2490600
2010-10-05,HYG,89.25,89.31999969482422,89.05999755859375,89.2300033569336,36.46287536621094,993500
2010-10-06,HYG,89.22000122070312,89.33000183105469,89.05000305175781,89.1500015258789,36.430198669433594,1990200
2010-10-07,HYG,89.3499984741211,89.5,89.12999725341797,89.33000183105469,36.50372314453125,1371700
2010-10-08,HYG,89.45999908447266,89.68000030517578,89.36000061035156,89.62999725341797,36.6263427734375,1524800
2010-10-11,HYG,89.66000366210938,89.88999938964844,89.62999725341797,89.81999969482422,36.70396041870117,644900
2010-10-12,HYG,89.7699966430664,89.94999694824219,89.66999816894531,89.73999786376953,36.6712646484375,855200
2010-10-13,HYG,89.93000030517578,90.25,89.81999969482422,90.04000091552734,36.79387664794922,880300
2010-10-14,HYG,90.12000274658203,90.12999725341797,89.55000305175781,89.61000061035156,36.61815643310547,994400
2010-10-15,HYG,89.79000091552734,90.0,89.73999786376953,89.83999633789062,36.712162017822266,524200
2010-10-18,HYG,89.94999694824219,90.0999984741211,89.72000122070312,89.72000122070312,36.66310119628906,516300
2010-10-19,HYG,89.79000091552734,89.94999694824219,89.68000030517578,89.70999908447266,36.658992767333984,601800
2010-10-20,HYG,89.81999969482422,90.0199966430664,89.63999938964844,89.98999786376953,36.773414611816406,965600
2010-10-21,HYG,90.08999633789062,90.12000274658203,89.8499984741211,89.8499984741211,36.716217041015625,521000
2010-10-22,HYG,90.06999969482422,90.27999877929688,90.01000213623047,90.26000213623047,36.8837890625,418000
2010-10-25,HYG,90.47000122070312,90.7699966430664,90.44999694824219,90.61000061035156,37.02680206298828,1051500
2010-10-26,HYG,90.58999633789062,90.7699966430664,90.55000305175781,90.75,37.083988189697266,568100
2010-10-27,HYG,90.69999694824219,90.80000305175781,90.52999877929688,90.6500015258789,37.04314041137695,910700
2010-10-28,HYG,90.88999938964844,90.9000015258789,90.55000305175781,90.69999694824219,37.06359100341797,1078600
2010-10-29,HYG,90.80999755859375,90.9000015258789,90.66000366210938,90.73999786376953,37.07990264892578,898000
2010-11-01,HYG,90.30000305175781,90.4000015258789,89.94999694824219,89.97000122070312,37.010414123535156,921400
2010-11-02,HYG,90.19999694824219,90.41999816894531,90.06999969482422,90.41000366210938,37.1913948059082,859800
2010-11-03,HYG,90.44999694824219,90.80000305175781,90.33999633789062,90.70999908447266,37.31480407714844,1301600
2010-11-04,HYG,91.06999969482422,91.97000122070312,91.05999755859375,91.88999938964844,37.80025100708008,1495800
2010-11-05,HYG,91.77999877929688,91.88999938964844,91.5199966430664,91.79000091552734,37.75907897949219,1281500
2010-11-08,HYG,91.69999694824219,91.79000091552734,91.44999694824219,91.5199966430664,37.64801788330078,1178800
2010-11-09,HYG,91.69000244140625,91.69000244140625,91.0999984741211,91.26000213623047,37.54109191894531,705400
2010-11-10,HYG,91.25,91.25,90.4800033569336,90.51000213623047,37.23255157470703,1250800
2010-11-11,HYG,90.44000244140625,90.52999877929688,89.80999755859375,90.1500015258789,37.084434509277344,1051000
2010-11-12,HYG,90.13999938964844,90.25,89.81999969482422,89.81999969482422,36.94868469238281,1088500
2010-11-15,HYG,90.16999816894531,90.19999694824219,89.58999633789062,89.6500015258789,36.8787727355957,1071300
2010-11-16,HYG,89.58000183105469,89.69999694824219,88.48999786376953,88.66000366210938,36.47153091430664,1674100
2010-11-17,HYG,89.25,89.37000274658203,89.0,89.11000061035156,36.6566047668457,1827000
2010-11-18,HYG,89.81999969482422,90.23999786376953,89.58000183105469,90.23999786376953,37.121463775634766,1197000
2010-11-19,HYG,90.0,90.20999908447266,89.83999633789062,90.20999908447266,37.109130859375,592000
2010-11-22,HYG,89.76000213623047,89.94999694824219,89.54000091552734,89.58000183105469,36.8499870300293,424600
2010-11-23,HYG,89.37999725341797,89.37999725341797,88.31999969482422,88.3499984741211,36.34398651123047,1975700
2010-11-24,HYG,88.56999969482422,89.0199966430664,88.56999969482422,88.87999725341797,36.56201171875,690700
2010-11-26,HYG,88.7699966430664,88.87000274658203,88.51000213623047,88.55999755859375,36.430381774902344,365000
2010-11-29,HYG,88.51000213623047,89.0199966430664,88.4800033569336,88.79000091552734,36.52500534057617,598300
2010-11-30,HYG,88.58999633789062,89.12000274658203,88.41999816894531,88.98999786376953,36.607269287109375,1459300
2010-12-01,HYG,88.9800033569336,89.25,88.79000091552734,89.22000122070312,36.945987701416016,1710800
2010-12-02,HYG,89.26000213623047,89.31999969482422,89.0,89.2699966430664,36.96670913696289,775600
2010-12-03,HYG,89.19999694824219,89.44999694824219,89.16000366210938,89.41999816894531,37.028831481933594,1621000
2010-12-06,HYG,89.41999816894531,89.41999816894531,89.2300033569336,89.37000274658203,37.00810623168945,776300
2010-12-07,HYG,89.81999969482422,89.91000366210938,89.66999816894531,89.83000183105469,37.19862747192383,946300
2010-12-08,HYG,89.7300033569336,90.0,89.41000366210938,89.54000091552734,37.078514099121094,1216200
2010-12-09,HYG,89.66999816894531,89.66999816894531,89.33999633789062,89.3499984741211,36.99984359741211,457200
2010-12-10,HYG,89.5,89.61000061035156,89.30999755859375,89.38999938964844,37.01638412475586,613100
2010-12-13,HYG,89.4000015258789,89.56999969482422,88.81999969482422,88.94000244140625,36.83004379272461,1176600
2010-12-14,HYG,89.4000015258789,89.4000015258789,88.87999725341797,89.37999725341797,37.01224899291992,1366900
2010-12-15,HYG,89.4000015258789,89.4000015258789,88.91000366210938,89.02999877929688,36.86733627319336,566500
2010-12-16,HYG,88.9000015258789,89.36000061035156,88.77999877929688,89.36000061035156,37.00396728515625,498600
2010-12-17,HYG,89.3499984741211,89.52999877929688,89.2300033569336,89.48999786376953,37.05778884887695,989700
2010-12-20,HYG,89.62999725341797,89.6500015258789,89.5,89.6500015258789,37.124061584472656,587700
2010-12-21,HYG,89.80999755859375,89.88999938964844,89.66000366210938,89.83999633789062,37.20273971557617,785400
2010-12-22,HYG,89.8499984741211,90.13999938964844,89.7699966430664,90.08999633789062,37.30628204345703,803000
2010-12-23,HYG,90.1500015258789,90.25,90.12000274658203,90.18000030517578,37.343563079833984,560500
2010-12-27,HYG,90.31999969482422,90.36000061035156,90.12000274658203,90.25,37.37253189086914,590800
2010-12-28,HYG,89.87000274658203,89.9000015258789,89.54000091552734,89.7300033569336,37.39630126953125,575100
2010-12-29,HYG,89.83999633789062,90.05999755859375,89.72000122070312,90.02999877929688,37.52130126953125,535700
2010-12-30,HYG,90.13999938964844,90.13999938964844,89.95999908447266,90.12999725341797,37.56298065185547,335400
2010-12-31,HYG,90.12999725341797,90.30999755859375,90.05000305175781,90.29000091552734,37.629634857177734,715700
2011-01-03,HYG,90.29000091552734,90.70999908447266,90.2699966430664,90.36000061035156,37.658843994140625,1448800
2011-01-04,HYG,90.55999755859375,90.77999877929688,90.4800033569336,90.7699966430664,37.82969284057617,1077800
2011-01-05,HYG,90.63999938964844,91.01000213623047,90.62999725341797,91.0,37.92558288574219,2537800
2011-01-06,HYG,91.04000091552734,91.12000274658203,90.69000244140625,91.11000061035156,37.971439361572266,2046600
2011-01-07,HYG,91.12000274658203,91.12000274658203,90.69999694824219,90.76000213623047,37.82554626464844,917900
2011-01-10,HYG,90.61000061035156,90.7300033569336,90.56999969482422,90.69000244140625,37.79636001586914,517400
2011-01-11,HYG,90.91000366210938,91.08999633789062,90.8499984741211,91.04000091552734,37.942256927490234,493300
2011-01-12,HYG,91.05000305175781,91.33000183105469,91.05000305175781,91.2300033569336,38.021446228027344,609600
2011-01-13,HYG,91.23999786376953,91.44999694824219,91.16999816894531,91.20999908447266,38.013084411621094,1563900
2011-01-14,HYG,91.3499984741211,91.4000015258789,91.23999786376953,91.36000061035156,38.075599670410156,912500
2011-01-18,HYG,91.5,91.5,91.25,91.3499984741211,38.07143783569336,1186800
2011-01-19,HYG,91.2699966430664,91.38999938964844,91.05999755859375,91.06999969482422,37.95473861694336,1073200
2011-01-20,HYG,91.06999969482422,91.12999725341797,90.76000213623047,90.88999938964844,37.87970733642578,766000
2011-01-21,HYG,90.9800033569336,91.33999633789062,90.9800033569336,91.26000213623047,38.033935546875,681100
2011-01-24,HYG,91.29000091552734,91.44999694824219,91.29000091552734,91.38999938964844,38.08810043334961,697300
2011-01-25,HYG,91.43000030517578,91.52999877929688,91.33000183105469,91.52999877929688,38.14644241333008,686400
2011-01-26,HYG,91.63999938964844,91.72000122070312,91.52999877929688,91.72000122070312,38.22564697265625,985500
2011-01-27,HYG,91.7699966430664,91.8499984741211,91.69000244140625,91.83999633789062,38.275665283203125,679400
2011-01-28,HYG,91.87999725341797,91.88999938964844,91.2699966430664,91.29000091552734,38.04645538330078,2015100
2011-01-31,HYG,91.52999877929688,91.77999877929688,91.36000061035156,91.77999877929688,38.250633239746094,1183200
2011-02-01,HYG,91.30999755859375,91.44999694824219,91.20999908447266,91.37000274658203,38.32572937011719,944600
2011-02-02,HYG,91.48999786376953,91.51000213623047,91.37000274658203,91.47000122070312,38.36769104003906,550400
2011-02-03,HYG,91.4800033569336,91.55999755859375,91.2699966430664,91.47000122070312,38.36769104003906,1240800
2011-02-04,HYG,91.69999694824219,91.88999938964844,91.5199966430664,91.87000274658203,38.535465240478516,1667600
2011-02-07,HYG,92.01000213623047,92.05000305175781,91.79000091552734,92.04000091552734,38.60675811767578,2260600
2011-02-08,HYG,92.12000274658203,92.16000366210938,92.0,92.13999938964844,38.6486930847168,2632400
2011-02-09,HYG,92.13999938964844,92.13999938964844,91.62000274658203,91.62000274658203,38.430580139160156,936900
2011-02-10,HYG,91.5999984741211,91.91000366210938,91.5,91.72000122070312,38.4725456237793,801800
2011-02-11,HYG,91.87000274658203,91.94999694824219,91.62999725341797,91.94999694824219,38.569034576416016,586700
2011-02-14,HYG,91.86000061035156,92.0199966430664,91.86000061035156,92.0199966430664,38.5983772277832,660000
2011-02-15,HYG,92.05999755859375,92.05999755859375,91.7699966430664,91.83999633789062,38.52287292480469,1109100
2011-02-16,HYG,92.01000213623047,92.08999633789062,91.87000274658203,91.87000274658203,38.535465240478516,1378100
2011-02-17,HYG,92.0,92.0999984741211,91.95999908447266,92.08000183105469,38.623531341552734,658800
2011-02-18,HYG,92.18000030517578,92.37000274658203,92.11000061035156,92.36000061035156,38.740989685058594,870300
2011-02-22,HYG,92.19000244140625,92.23999786376953,91.58999633789062,91.5999984741211,38.422218322753906,1305600
2011-02-23,HYG,91.62999725341797,91.83000183105469,91.58999633789062,91.69000244140625,38.45995330810547,1062700
2011-02-24,HYG,91.8499984741211,91.91000366210938,91.70999908447266,91.76000213623047,38.48930740356445,857300
2011-02-25,HYG,91.80999755859375,92.08000183105469,91.77999877929688,92.04000091552734,38.60675811767578,1907800
2011-02-28,HYG,92.13999938964844,92.52999877929688,91.9800033569336,92.5,38.799739837646484,4044100
2011-03-01,HYG,91.97000122070312,91.9800033569336,91.68000030517578,91.77999877929688,38.74018478393555,1692100
2011-03-02,HYG,91.75,91.87999725341797,91.69999694824219,91.86000061035156,38.77397918701172,1271400
2011-03-03,HYG,91.91000366210938,92.22000122070312,91.91000366210938,92.19000244140625,38.913246154785156,1615300
2011-03-04,HYG,92.19000244140625,92.20999908447266,91.93000030517578,92.0,38.833045959472656,1057200
2011-03-07,HYG,92.12999725341797,92.13999938964844,91.91999816894531,92.0199966430664,38.84150314331055,1086800
2011-03-08,HYG,92.0,92.05999755859375,91.91000366210938,91.94000244140625,38.80772399902344,971400
2011-03-09,HYG,91.95999908447266,92.01000213623047,91.6500015258789,91.68000030517578,38.697967529296875,1241700
2011-03-10,HYG,91.73999786376953,91.80000305175781,91.16999816894531,91.19999694824219,38.49541091918945,1098400
2011-03-11,HYG,91.11000061035156,91.3499984741211,91.05999755859375,91.18000030517578,38.48692321777344,1023500
2011-03-14,HYG,91.08999633789062,91.26000213623047,90.76000213623047,90.80999755859375,38.33076095581055,1643400
2011-03-15,HYG,89.9000015258789,90.48999786376953,89.5,90.33999633789062,38.13235092163086,1598300
2011-03-16,HYG,90.36000061035156,90.62000274658203,89.72000122070312,89.77999877929688,37.89601516723633,2882900
2011-03-17,HYG,90.22000122070312,90.76000213623047,90.22000122070312,90.75,38.30542755126953,1634200
2011-03-18,HYG,91.13999938964844,91.47000122070312,91.0199966430664,91.18000030517578,38.48692321777344,1300400
2011-03-21,HYG,91.48999786376953,91.77999877929688,91.41000366210938,91.73999786376953,38.72330856323242,943800
2011-03-22,HYG,91.62000274658203,91.83000183105469,91.52999877929688,91.79000091552734,38.744415283203125,2285400
2011-03-23,HYG,91.69000244140625,91.81999969482422,91.52999877929688,91.68000030517578,38.697967529296875,749400
2011-03-24,HYG,91.76000213623047,91.8499984741211,91.6500015258789,91.76000213623047,38.731746673583984,923100
2011-03-25,HYG,91.83999633789062,91.86000061035156,91.76000213623047,91.79000091552734,38.744415283203125,478500
2011-03-28,HYG,91.9000015258789,91.9000015258789,91.69000244140625,91.81999969482422,38.757076263427734,844000
2011-03-29,HYG,91.69999694824219,91.91000366210938,91.68000030517578,91.87000274658203,38.778194427490234,1010700
2011-03-30,HYG,91.94999694824219,92.05999755859375,91.75,92.01000213623047,38.83727264404297,1868800
2011-03-31,HYG,92.02999877929688,92.02999877929688,91.87000274658203,91.95999908447266,38.81616973876953,924100
2011-04-01,HYG,91.38999938964844,91.52999877929688,91.27999877929688,91.27999877929688,38.76946258544922,1322400
2011-04-04,HYG,91.44000244140625,91.86000061035156,91.3499984741211,91.83999633789062,39.00730514526367,3254100
2011-04-05,HYG,91.63999938964844,91.91000366210938,91.63999938964844,91.73999786376953,38.9648323059082,1338100
2011-04-06,HYG,91.91000366210938,91.9800033569336,91.83999633789062,91.94000244140625,39.04977035522461,835300
2011-04-07,HYG,91.93000030517578,92.06999969482422,91.91999816894531,92.02999877929688,39.088016510009766,1156700
2011-04-08,HYG,92.08999633789062,92.12000274658203,91.91000366210938,92.02999877929688,39.088016510009766,1168900
2011-04-11,HYG,92.08000183105469,92.16999816894531,91.93000030517578,91.94000244140625,39.04977035522461,1045900
2011-04-12,HYG,91.9800033569336,91.9800033569336,91.62000274658203,91.6500015258789,38.926605224609375,940100
2011-04-13,HYG,91.87000274658203,92.08999633789062,91.83000183105469,92.08999633789062,39.113468170166016,1128100
2011-04-14,HYG,92.0,92.0199966430664,91.63999938964844,91.72000122070312,38.95634078979492,1538700
2011-04-15,HYG,91.8499984741211,91.9000015258789,91.76000213623047,91.83999633789062,39.00730514526367,658300
2011-04-18,HYG,91.69999694824219,91.69999694824219,91.41999816894531,91.5199966430664,38.87138748168945,1736400
2011-04-19,HYG,91.63999938964844,91.86000061035156,91.61000061035156,91.83999633789062,39.00730514526367,1020800
2011-04-20,HYG,92.0,92.2300033569336,91.91000366210938,92.19000244140625,39.15596008300781,716400
2011-04-21,HYG,92.31999969482422,92.43000030517578,92.11000061035156,92.41000366210938,39.2493896484375,632000
2011-04-25,HYG,92.44999694824219,92.44999694824219,92.30000305175781,92.30999755859375,39.20692443847656,978700
2011-04-26,HYG,92.44999694824219,92.5199966430664,92.33000183105469,92.5199966430664,39.29613494873047,575400
2011-04-27,HYG,92.48999786376953,92.58000183105469,92.4800033569336,92.58000183105469,39.321590423583984,738800
2011-04-28,HYG,92.58000183105469,92.66000366210938,92.55000305175781,92.62999725341797,39.342838287353516,697600
2011-04-29,HYG,92.76000213623047,92.8499984741211,92.68000030517578,92.8499984741211,39.436279296875,799000
2011-05-02,HYG,92.30999755859375,92.41999816894531,92.20999908447266,92.2300033569336,39.41618728637695,848700
2011-05-03,HYG,92.41999816894531,92.43000030517578,92.0999984741211,92.25,39.424747467041016,977700
2011-05-04,HYG,92.37999725341797,92.37999725341797,92.12000274658203,92.22000122070312,39.41191864013672,959400
2011-05-05,HYG,92.22000122070312,92.22000122070312,91.79000091552734,91.83999633789062,39.24951934814453,1300000
2011-05-06,HYG,92.11000061035156,92.44999694824219,92.11000061035156,92.30999755859375,39.45038604736328,968900
2011-05-09,HYG,92.38999938964844,92.51000213623047,92.29000091552734,92.43000030517578,39.501686096191406,620500
2011-05-10,HYG,92.33000183105469,92.62999725341797,92.33000183105469,92.62999725341797,39.58712387084961,723600
2011-05-11,HYG,92.69000244140625,92.7300033569336,92.37000274658203,92.48999786376953,39.52730941772461,595200
2011-05-12,HYG,92.47000122070312,92.58000183105469,92.26000213623047,92.58000183105469,39.56575012207031,1129800
2011-05-13,HYG,92.5999984741211,92.5999984741211,92.19999694824219,92.19999694824219,39.40338134765625,1053400
2011-05-16,HYG,92.26000213623047,92.47000122070312,92.26000213623047,92.37999725341797,39.48027420043945,540400
2011-05-17,HYG,92.37000274658203,92.58999633789062,92.11000061035156,92.54000091552734,39.548702239990234,1674000
2011-05-18,HYG,92.4800033569336,92.66000366210938,92.43000030517578,92.6500015258789,39.595672607421875,813000
2011-05-19,HYG,92.66999816894531,92.66999816894531,92.51000213623047,92.61000061035156,39.578582763671875,715900
2011-05-20,HYG,92.61000061035156,92.61000061035156,92.41000366210938,92.54000091552734,39.548702239990234,538900
2011-05-23,HYG,92.26000213623047,92.3499984741211,92.08000183105469,92.0999984741211,39.36063003540039,1204800
2011-05-24,HYG,92.30999755859375,92.37000274658203,91.93000030517578,91.94999694824219,39.29651641845703,808100
2011-05-25,HYG,92.02999877929688,92.05000305175781,91.9000015258789,91.94999694824219,39.29651641845703,1407900
2011-05-26,HYG,91.97000122070312,92.0,91.87000274658203,91.87000274658203,39.26234436035156,787900
2011-05-27,HYG,91.94999694824219,92.26000213623047,91.9000015258789,92.1500015258789,39.38202667236328,1225700
2011-05-31,HYG,92.4000015258789,92.45999908447266,92.26000213623047,92.4000015258789,39.48884201049805,1848000
2011-06-01,HYG,91.76000213623047,91.88999938964844,91.1500015258789,91.30000305175781,39.259246826171875,2091600
2011-06-02,HYG,91.36000061035156,91.4000015258789,91.19999694824219,91.23999786376953,39.23344421386719,1177000
2011-06-03,HYG,90.95999908447266,91.08000183105469,90.81999969482422,90.87999725341797,39.07862854003906,1141100
2011-06-06,HYG,90.94000244140625,91.01000213623047,90.56999969482422,90.66000366210938,38.98403549194336,1660100
2011-06-07,HYG,90.9000015258789,90.93000030517578,90.54000091552734,90.58999633789062,38.953914642333984,995500
2011-06-08,HYG,90.55999755859375,90.58000183105469,90.13999938964844,90.16000366210938,38.769020080566406,1642600
2011-06-09,HYG,90.20999908447266,90.44000244140625,90.12000274658203,90.22000122070312,38.794822692871094,1480700
2011-06-10,HYG,90.2699966430664,90.3499984741211,89.44000244140625,89.62999725341797,38.5411262512207,3870000
2011-06-13,HYG,89.75,89.98999786376953,89.29000091552734,89.29000091552734,38.394935607910156,2015400
2011-06-14,HYG,89.97000122070312,90.0199966430664,89.80000305175781,89.8499984741211,38.63572311401367,1253000
2011-06-15,HYG,89.58000183105469,89.8499984741211,89.37000274658203,89.47000122070312,38.47233581542969,1319400
2011-06-16,HYG,89.41000366210938,89.69999694824219,87.62999725341797,87.87999725341797,37.78860855102539,7149900
2011-06-17,HYG,88.88999938964844,89.18000030517578,88.30000305175781,88.8499984741211,38.20573043823242,3486900
2011-06-20,HYG,88.94999694824219,89.56999969482422,88.94000244140625,89.47000122070312,38.47233581542969,1555600
2011-06-21,HYG,89.62000274658203,90.08000183105469,89.55999755859375,90.06999969482422,38.730308532714844,2212000
2011-06-22,HYG,89.9000015258789,90.04000091552734,89.41000366210938,89.41999816894531,38.45083236694336,1667400
2011-06-23,HYG,89.25,90.0,88.83000183105469,89.9000015258789,38.65721893310547,2999800
2011-06-24,HYG,90.05000305175781,90.05000305175781,89.33000183105469,89.47000122070312,38.47233581542969,1416400
2011-06-27,HYG,89.51000213623047,89.5999984741211,89.36000061035156,89.44999694824219,38.46373748779297,1137600
2011-06-28,HYG,89.69999694824219,89.80999755859375,89.62000274658203,89.80999755859375,38.618526458740234,1477500
2011-06-29,HYG,90.0999984741211,90.75,89.94999694824219,90.69999694824219,39.001251220703125,1752700
2011-06-30,HYG,90.69999694824219,91.5999984741211,90.69999694824219,91.30999755859375,39.26352310180664,2514300
2011-07-01,HYG,91.38999938964844,91.44999694824219,90.83999633789062,91.20999908447266,39.47213363647461,1749800
2011-07-05,HYG,91.05999755859375,91.33999633789062,90.91000366210938,91.33000183105469,39.5240478515625,2253200
2011-07-06,HYG,90.98999786376953,91.37999725341797,90.91999816894531,91.37000274658203,39.541351318359375,1969400
2011-07-07,HYG,91.58000183105469,91.7300033569336,91.30999755859375,91.7300033569336,39.697166442871094,2662100
2011-07-08,HYG,91.16000366210938,91.5199966430664,91.13999938964844,91.4800033569336,39.588951110839844,1771000
2011-07-11,HYG,91.01000213623047,91.12999725341797,90.55000305175781,90.58000183105469,39.199466705322266,1967100
2011-07-12,HYG,90.5199966430664,90.66000366210938,90.31999969482422,90.33000183105469,39.09128189086914,1407200
2011-07-13,HYG,90.5999984741211,91.06999969482422,90.54000091552734,91.02999877929688,39.39424133300781,1056800
2011-07-14,HYG,90.87000274658203,91.5,90.80999755859375,90.9800033569336,39.37257766723633,823300
2011-07-15,HYG,91.16999816894531,91.16999816894531,90.88999938964844,90.94999694824219,39.359615325927734,688800
2011-07-18,HYG,90.75,91.0,90.51000213623047,90.79000091552734,39.29037094116211,2103500
2011-07-19,HYG,90.77999877929688,91.2300033569336,90.70999908447266,91.19999694824219,39.467803955078125,894100
2011-07-20,HYG,91.41000366210938,91.41000366210938,91.19999694824219,91.27999877929688,39.50240707397461,878500
2011-07-21,HYG,91.44999694824219,91.7699966430664,91.3499984741211,91.72000122070312,39.692848205566406,936300
2011-07-22,HYG,91.5999984741211,91.86000061035156,91.54000091552734,91.83999633789062,39.744754791259766,670000
2011-07-25,HYG,91.55000305175781,91.73999786376953,91.33999633789062,91.3499984741211,39.5327033996582,1050600
2011-07-26,HYG,91.44000244140625,91.63999938964844,91.33000183105469,91.54000091552734,39.61494827270508,570200
2011-07-27,HYG,91.5199966430664,91.58000183105469,90.81999969482422,90.81999969482422,39.30335235595703,1158100
2011-07-28,HYG,90.91999816894531,91.18000030517578,90.83000183105469,90.95999908447266,39.36394119262695,689700
2011-07-29,HYG,90.4800033569336,91.08000183105469,90.41000366210938,91.05000305175781,39.40288543701172,1199100
2011-08-01,HYG,90.79000091552734,91.01000213623047,90.25,90.69999694824219,39.49039840698242,907000
2011-08-02,HYG,90.48999786376953,90.5,89.56999969482422,89.58000183105469,39.00276184082031,1286700
2011-08-03,HYG,89.61000061035156,89.95999908447266,88.80999755859375,89.52999877929688,38.980995178222656,2361600
2011-08-04,HYG,89.0,89.3499984741211,86.91000366210938,86.94999694824219,37.8576545715332,3396500
2011-08-05,HYG,87.44000244140625,88.12999725341797,84.61000061035156,86.86000061035156,37.81847381591797,4671900
2011-08-08,HYG,83.87000274658203,85.86000061035156,82.33000183105469,83.16000366210938,36.20750045776367,6491600
2011-08-09,HYG,84.25,85.69999694824219,83.05000305175781,85.69999694824219,37.31340408325195,5124100
2011-08-10,HYG,85.1500015258789,85.29000091552734,83.88999938964844,84.25,36.682090759277344,3395000
2011-08-11,HYG,83.66000366210938,85.91000366210938,83.66000366210938,85.77999877929688,37.34825134277344,2916900
2011-08-12,HYG,85.9800033569336,86.20999908447266,85.02999877929688,85.37999725341797,37.17407989501953,2273600
2011-08-15,HYG,85.97000122070312,86.88999938964844,85.68000030517578,86.7699966430664,37.77928161621094,3280700
2011-08-16,HYG,86.52999877929688,86.77999877929688,86.12000274658203,86.22000122070312,37.539794921875,2712000
2011-08-17,HYG,86.62999725341797,87.18000030517578,86.5999984741211,87.16999816894531,37.95342254638672,1668900
2011-08-18,HYG,86.18000030517578,86.2300033569336,85.11000061035156,86.11000061035156,37.4919319152832,2342700
2011-08-19,HYG,85.2699966430664,86.58000183105469,85.08999633789062,85.36000061035156,37.16537857055664,1879400
2011-08-22,HYG,86.0,86.36000061035156,85.3499984741211,85.45999908447266,37.20891189575195,1681100
2011-08-23,HYG,85.27999877929688,86.23999786376953,84.69999694824219,86.0999984741211,37.48759078979492,2588800
2011-08-24,HYG,85.5,86.05999755859375,85.19000244140625,85.70999908447266,37.3177604675293,2550900
2011-08-25,HYG,86.22000122070312,86.45999908447266,85.0,85.0199966430664,37.01738357543945,1678800
2011-08-26,HYG,85.05000305175781,86.05000305175781,84.30000305175781,85.87999725341797,37.391761779785156,1629000
2011-08-29,HYG,86.47000122070312,86.8499984741211,86.18000030517578,86.75,37.77054977416992,2082100
2011-08-30,HYG,86.61000061035156,86.95999908447266,86.48999786376953,86.91000366210938,37.840248107910156,1774500
2011-08-31,HYG,87.79000091552734,88.37999725341797,87.56999969482422,88.02999877929688,38.327857971191406,3213700
2011-09-01,HYG,87.48999786376953,87.61000061035156,87.2300033569336,87.41000366210938,38.302894592285156,1624000
2011-09-02,HYG,86.56999969482422,87.55999755859375,86.56999969482422,87.0,38.12328338623047,1814600
2011-09-06,HYG,85.76000213623047,86.30000305175781,85.5199966430664,85.97000122070312,37.67190170288086,3004100
2011-09-07,HYG,86.58999633789062,86.76000213623047,86.11000061035156,86.38999938964844,37.8559684753418,916900
2011-09-08,HYG,86.55999755859375,86.8499984741211,86.38999938964844,86.66000366210938,37.974266052246094,1533100
2011-09-09,HYG,86.55000305175781,86.80000305175781,85.62999725341797,85.87999725341797,37.6324462890625,1978400
2011-09-12,HYG,85.30999755859375,85.45999908447266,84.80999755859375,85.13999938964844,37.30820083618164,2110000
2011-09-13,HYG,85.33999633789062,86.0,85.13999938964844,85.79000091552734,37.593017578125,2331900
2011-09-14,HYG,86.06999969482422,86.55999755859375,85.66000366210938,86.36000061035156,37.84278869628906,1648300
2011-09-15,HYG,86.55999755859375,86.95999908447266,86.37000274658203,86.94000244140625,38.09695053100586,1534000
2011-09-16,HYG,87.1500015258789,87.1500015258789,86.5999984741211,86.88999938964844,38.075042724609375,1217200
2011-09-19,HYG,86.73999786376953,86.93000030517578,86.37999725341797,86.76000213623047,38.01808547973633,1251000
2011-09-20,HYG,86.91999816894531,87.08000183105469,86.56999969482422,86.9000015258789,38.07942581176758,1509100
2011-09-21,HYG,86.9000015258789,87.08000183105469,86.13999938964844,86.1500015258789,37.750770568847656,2524900
2011-09-22,HYG,85.16999816894531,85.5199966430664,84.77999877929688,84.9800033569336,37.23809814453125,2295700
2011-09-23,HYG,84.7300033569336,85.62000274658203,84.69999694824219,85.20999908447266,37.3388671875,2251300
2011-09-26,HYG,85.38999938964844,86.37999725341797,85.01000213623047,85.52999877929688,37.479103088378906,2451400
2011-09-27,HYG,86.04000091552734,86.04000091552734,85.5,85.62999725341797,37.52289962768555,3481300
2011-09-28,HYG,85.58000183105469,85.5999984741211,84.51000213623047,84.66999816894531,37.102256774902344,2696800
2011-09-29,HYG,85.0,85.27999877929688,84.36000061035156,84.51000213623047,37.032127380371094,1643100
2011-09-30,HYG,83.9800033569336,83.9800033569336,82.7300033569336,82.83000183105469,36.295963287353516,2510700
2011-10-03,HYG,81.91999816894531,82.45999908447266,81.30000305175781,81.30000305175781,35.858428955078125,2560600
2011-10-04,HYG,80.61000061035156,81.18000030517578,77.9000015258789,81.05000305175781,35.748172760009766,4870500
2011-10-05,HYG,81.43000030517578,82.11000061035156,80.7300033569336,82.04000091552734,36.18480682373047,2563800
2011-10-06,HYG,82.29000091552734,83.31999969482422,81.9000015258789,83.30999755859375,36.744972229003906,2317200
2011-10-07,HYG,83.77999877929688,83.80000305175781,82.66999816894531,83.37999725341797,36.77581024169922,2686900
2011-10-10,HYG,84.37999725341797,85.18000030517578,83.87000274658203,85.16999816894531,37.56531524658203,2014300
2011-10-11,HYG,85.02999877929688,85.02999877929688,84.18000030517578,84.2300033569336,37.15073776245117,2278800
2011-10-12,HYG,84.7699966430664,86.27999877929688,84.41999816894531,86.19000244140625,38.015220642089844,4223000
2011-10-13,HYG,85.83999633789062,86.0199966430664,85.11000061035156,85.83000183105469,37.856422424316406,3361300
2011-10-14,HYG,86.30999755859375,86.45999908447266,86.0,86.43000030517578,38.121055603027344,2760400
2011-10-17,HYG,86.0199966430664,86.06999969482422,85.7300033569336,85.93000030517578,37.900550842285156,1904100
2011-10-18,HYG,85.91999816894531,86.58000183105469,85.43000030517578,86.38999938964844,38.103431701660156,2890000
2011-10-19,HYG,86.55000305175781,87.22000122070312,86.05999755859375,86.11000061035156,37.97993469238281,3574500
2011-10-20,HYG,86.4000015258789,86.87999725341797,86.19999694824219,86.87000274658203,38.31514358520508,1759800
2011-10-21,HYG,87.44999694824219,87.94000244140625,87.25,87.91999816894531,38.77825927734375,2405600
2011-10-24,HYG,88.0,90.4800033569336,87.8499984741211,90.30000305175781,39.82799530029297,5630300
2011-10-25,HYG,89.41000366210938,89.83000183105469,88.66000366210938,88.69999694824219,39.122276306152344,4506500
2011-10-26,HYG,89.5,89.5,88.44999694824219,89.08000183105469,39.28987503051758,2839500
2011-10-27,HYG,90.73999786376953,91.41999816894531,90.0,90.38999938964844,39.86769104003906,5132100
2011-10-28,HYG,90.16000366210938,90.19999694824219,89.83999633789062,90.12000274658203,39.74859619140625,2820700
2011-10-31,HYG,89.66000366210938,89.66999816894531,89.19999694824219,89.27999877929688,39.378116607666016,2972600
2011-11-01,HYG,87.52999877929688,88.12000274658203,86.75,87.16999816894531,38.67532730102539,3132800
2011-11-02,HYG,87.62999725341797,88.18000030517578,87.45999908447266,88.0,39.04359436035156,1812500
2011-11-03,HYG,88.69000244140625,88.98999786376953,88.12000274658203,88.87000274658203,39.42955017089844,1409900
2011-11-04,HYG,88.37999725341797,88.86000061035156,88.06999969482422,88.77999877929688,39.389644622802734,3759500
2011-11-07,HYG,88.7300033569336,88.79000091552734,88.0199966430664,88.4800033569336,39.256526947021484,1756000
2011-11-08,HYG,88.75,88.81999969482422,88.33000183105469,88.68000030517578,39.345272064208984,1823800
2011-11-09,HYG,87.70999908447266,87.97000122070312,86.80000305175781,86.80000305175781,38.51116943359375,2151500
2011-11-10,HYG,87.56999969482422,87.70999908447266,86.87000274658203,86.88999938964844,38.551082611083984,2487700
2011-11-11,HYG,87.4000015258789,88.11000061035156,87.33000183105469,88.04000091552734,39.061336517333984,1270200
2011-11-14,HYG,87.87999725341797,87.87999725341797,87.0,87.44999694824219,38.79954528808594,1603100
2011-11-15,HYG,87.30999755859375,87.4000015258789,86.9000015258789,87.22000122070312,38.69750213623047,1450000
2011-11-16,HYG,86.97000122070312,87.12000274658203,86.3499984741211,86.37000274658203,38.32039260864258,1788500
2011-11-17,HYG,86.51000213623047,86.7699966430664,85.52999877929688,85.94999694824219,38.134029388427734,2131700
2011-11-18,HYG,86.27999877929688,86.30999755859375,85.79000091552734,85.88999938964844,38.10741424560547,2226100
2011-11-21,HYG,85.79000091552734,85.91999816894531,84.81999969482422,84.91999816894531,37.677040100097656,3219000
2011-11-22,HYG,84.9000015258789,85.13999938964844,84.19000244140625,84.2699966430664,37.38865661621094,4123400
2011-11-23,HYG,84.01000213623047,84.19999694824219,82.62999725341797,82.75,36.71428680419922,4483000
2011-11-25,HYG,82.98999786376953,83.69000244140625,82.52999877929688,82.75,36.71428680419922,1476200
2011-11-28,HYG,84.52999877929688,84.91999816894531,84.0199966430664,84.5999984741211,37.535091400146484,2455000
2011-11-29,HYG,84.91999816894531,85.1500015258789,84.62000274658203,85.1500015258789,37.77910232543945,2010300
2011-11-30,HYG,86.30000305175781,86.68000030517578,86.06999969482422,86.5999984741211,38.422420501708984,2944100
2011-12-01,HYG,86.0,86.5199966430664,85.83999633789062,86.43000030517578,38.59164810180664,2442000
2011-12-02,HYG,86.69000244140625,87.0,86.43000030517578,86.91999816894531,38.81045150756836,2664700
2011-12-05,HYG,87.44000244140625,87.63999938964844,87.12000274658203,87.41000366210938,39.02922058105469,2719200
2011-12-06,HYG,87.37000274658203,87.86000061035156,87.12999725341797,87.80000305175781,39.203407287597656,2355600
2011-12-07,HYG,87.58000183105469,87.68000030517578,87.19000244140625,87.5199966430664,39.07834243774414,1740600
2011-12-08,HYG,87.38999938964844,87.5199966430664,86.94000244140625,86.94999694824219,38.82384490966797,1994200
2011-12-09,HYG,87.0999984741211,87.75,87.0,87.69999694824219,39.15874099731445,1355900
2011-12-12,HYG,87.37999725341797,87.37999725341797,87.05000305175781,87.2300033569336,38.94886016845703,1772000
2011-12-13,HYG,87.51000213623047,87.70999908447266,86.87000274658203,86.9000015258789,38.801513671875,1742400
2011-12-14,HYG,86.93000030517578,86.9800033569336,86.47000122070312,86.75,38.73453903198242,1317700
2011-12-15,HYG,87.33999633789062,87.3499984741211,86.93000030517578,87.05999755859375,38.87296676635742,1562200
2011-12-16,HYG,87.25,87.51000213623047,87.0,87.47000122070312,39.056007385253906,1383900
2011-12-19,HYG,87.54000091552734,87.94999694824219,87.3499984741211,87.36000061035156,39.00688171386719,2268000
2011-12-20,HYG,87.94000244140625,88.5199966430664,87.86000061035156,88.44999694824219,39.493621826171875,1957100
2011-12-21,HYG,88.20999908447266,88.69999694824219,88.0999984741211,88.69999694824219,39.60523223876953,1792300
2011-12-22,HYG,88.62999725341797,89.16000366210938,88.45999908447266,89.04000091552734,39.75705337524414,1885800
2011-12-23,HYG,88.98999786376953,89.51000213623047,88.87000274658203,89.44999694824219,39.94009780883789,1255200
2011-12-27,HYG,89.02999877929688,89.30000305175781,88.80000305175781,89.2699966430664,40.09956741333008,2282000
2011-12-28,HYG,89.41000366210938,89.48999786376953,88.76000213623047,88.8499984741211,39.9109001159668,1899200
2011-12-29,HYG,89.0999984741211,89.44000244140625,88.86000061035156,89.37999725341797,40.14897537231445,1558600
2011-12-30,HYG,89.37000274658203,89.6500015258789,89.26000213623047,89.43000030517578,40.171443939208984,1553400
2012-01-03,HYG,89.81999969482422,89.98999786376953,89.44999694824219,89.72000122070312,40.301700592041016,3118800
2012-01-04,HYG,89.69999694824219,89.70999908447266,89.11000061035156,89.56999969482422,40.23432922363281,3010000
2012-01-05,HYG,89.54000091552734,89.58000183105469,88.98999786376953,89.18000030517578,40.05915832519531,2579700
2012-01-06,HYG,89.38999938964844,89.38999938964844,88.75,88.9000015258789,39.93336486816406,1916400
2012-01-09,HYG,88.91000366210938,89.2300033569336,88.91000366210938,89.0199966430664,39.98727798461914,2157800
2012-01-10,HYG,89.4000015258789,89.4800033569336,89.19999694824219,89.33000183105469,40.12653350830078,2318000
2012-01-11,HYG,89.2699966430664,89.33000183105469,89.04000091552734,89.23999786376953,40.086082458496094,1191100
2012-01-12,HYG,89.23999786376953,89.44000244140625,89.04000091552734,89.12000274658203,40.03218078613281,1558100
2012-01-13,HYG,89.06999969482422,89.12999725341797,88.55000305175781,89.0199966430664,39.98727798461914,1929400
2012-01-17,HYG,89.37999725341797,89.37999725341797,89.05999755859375,89.19999694824219,40.068115234375,4144200
2012-01-18,HYG,89.20999908447266,89.45999908447266,88.94999694824219,89.44999694824219,40.180419921875,2725800
2012-01-19,HYG,89.72000122070312,89.8499984741211,89.45999908447266,89.58000183105469,40.23883819580078,2953000
2012-01-20,HYG,89.61000061035156,89.73999786376953,89.54000091552734,89.58000183105469,40.23883819580078,2037500
2012-01-23,HYG,89.7699966430664,90.0199966430664,89.66000366210938,89.88999938964844,40.378074645996094,1680100
2012-01-24,HYG,89.88999938964844,90.16999816894531,89.72000122070312,90.12000274658203,40.48139572143555,2863800
2012-01-25,HYG,90.30000305175781,91.0,89.91999816894531,90.91000366210938,40.83626937866211,3882800
2012-01-26,HYG,91.30000305175781,91.4800033569336,90.91999816894531,91.12999725341797,40.93507766723633,6487500
2012-01-27,HYG,91.01000213623047,91.18000030517578,90.80000305175781,90.80000305175781,40.78683090209961,2431100
2012-01-30,HYG,90.45999908447266,90.7300033569336,90.3499984741211,90.51000213623047,40.65656661987305,2553000
2012-01-31,HYG,90.75,90.87000274658203,90.52999877929688,90.73999786376953,40.7598762512207,2864400
2012-02-01,HYG,90.27999877929688,90.72000122070312,90.27999877929688,90.4000015258789,40.8353271484375,4284200
2012-02-02,HYG,90.58999633789062,90.62000274658203,90.41000366210938,90.45999908447266,40.862403869628906,2079600
2012-02-03,HYG,91.22000122070312,91.23999786376953,90.58000183105469,90.72000122070312,40.97987365722656,2312900
2012-02-06,HYG,90.63999938964844,90.76000213623047,90.5,90.73999786376953,40.98891067504883,2270500
2012-02-07,HYG,90.79000091552734,90.98999786376953,90.66999816894531,90.91999816894531,41.0702018737793,2467000
2012-02-08,HYG,91.04000091552734,91.08999633789062,90.80999755859375,91.0,41.10635757446289,3336000
2012-02-09,HYG,91.05999755859375,91.08999633789062,90.66999816894531,91.04000091552734,41.12444305419922,3258700
2012-02-10,HYG,90.58000183105469,90.62000274658203,90.25,90.25,40.767555236816406,2909600
2012-02-13,HYG,90.5,90.72000122070312,90.33000183105469,90.51000213623047,40.88501739501953,2193100
2012-02-14,HYG,90.45999908447266,90.6500015258789,90.38999938964844,90.51000213623047,40.88501739501953,3000100
2012-02-15,HYG,90.52999877929688,90.7699966430664,90.19999694824219,90.22000122070312,40.75400924682617,1986600
2012-02-16,HYG,90.22000122070312,90.62000274658203,89.98999786376953,90.5999984741211,40.92567443847656,2514100
2012-02-17,HYG,90.83999633789062,90.86000061035156,90.44999694824219,90.56999969482422,40.912113189697266,2402700
2012-02-21,HYG,90.68000030517578,91.08999633789062,90.6500015258789,90.91000366210938,41.06572341918945,2265100
2012-02-22,HYG,91.02999877929688,91.25,90.97000122070312,91.19999694824219,41.19671630859375,3570600
2012-02-23,HYG,91.26000213623047,91.73999786376953,91.19999694824219,91.52999877929688,41.34576416015625,3212300
2012-02-24,HYG,91.55000305175781,91.8499984741211,91.4800033569336,91.80999755859375,41.47226333618164,1795500
2012-02-27,HYG,91.58999633789062,91.94999694824219,91.58999633789062,91.83000183105469,41.48127365112305,1608100
2012-02-28,HYG,91.9000015258789,92.12000274658203,91.8499984741211,92.01000213623047,41.56259536743164,2813200
2012-02-29,HYG,92.0999984741211,92.26000213623047,91.7699966430664,92.12999725341797,41.61680221557617,3085800
2012-03-01,HYG,91.6500015258789,91.83999633789062,91.5,91.75,41.688133239746094,3802800
2012-03-02,HYG,91.7300033569336,91.7300033569336,91.33999633789062,91.37000274658203,41.515480041503906,1709000
2012-03-05,HYG,91.44999694824219,91.4800033569336,90.8499984741211,90.86000061035156,41.28374099731445,2333700
2012-03-06,HYG,90.54000091552734,90.73999786376953,89.6500015258789,89.6500015258789,40.73396682739258,5792700
2012-03-07,HYG,89.93000030517578,90.01000213623047,89.63999938964844,89.9000015258789,40.84756088256836,5840700
2012-03-08,HYG,90.25,90.62000274658203,90.04000091552734,90.5999984741211,41.16558837890625,2249700
2012-03-09,HYG,90.69000244140625,90.94000244140625,90.62999725341797,90.69999694824219,41.21103286743164,2531300
2012-03-12,HYG,90.62000274658203,90.72000122070312,90.5,90.69999694824219,41.21103286743164,2153000
2012-03-13,HYG,90.9800033569336,91.36000061035156,90.76000213623047,91.36000061035156,41.51091003417969,2890700
2012-03-14,HYG,91.30999755859375,91.3499984741211,90.66999816894531,91.12999725341797,41.406410217285156,2928800
2012-03-15,HYG,91.19999694824219,91.19999694824219,90.73999786376953,90.81999969482422,41.26555252075195,1726800
2012-03-16,HYG,90.91000366210938,91.0,90.30000305175781,90.48999786376953,41.11564254760742,3570300
2012-03-19,HYG,90.48999786376953,90.86000061035156,90.33000183105469,90.83000183105469,41.27012252807617,2283900
2012-03-20,HYG,90.76000213623047,90.91999816894531,90.61000061035156,90.76000213623047,41.23832702636719,2756600
2012-03-21,HYG,90.93000030517578,90.93000030517578,90.44999694824219,90.47000122070312,41.10652542114258,3280100
2012-03-22,HYG,90.44999694824219,90.77999877929688,90.43000030517578,90.69000244140625,41.20649337768555,3500900
2012-03-23,HYG,90.66000366210938,90.75,90.4000015258789,90.5,41.12017059326172,3465200
2012-03-26,HYG,90.62000274658203,91.05999755859375,90.56999969482422,91.05000305175781,41.37007141113281,2081200
2012-03-27,HYG,91.01000213623047,91.30999755859375,90.94000244140625,91.20999908447266,41.44277572631836,4196700
2012-03-28,HYG,91.25,91.25,90.7699966430664,90.91000366210938,41.30646896362305,2803700
2012-03-29,HYG,90.81999969482422,90.94999694824219,90.5999984741211,90.9000015258789,41.30192565917969,2158600
2012-03-30,HYG,90.97000122070312,91.06999969482422,90.58999633789062,90.72000122070312,41.22014617919922,4020300
2012-04-02,HYG,90.36000061035156,90.47000122070312,90.19999694824219,90.33000183105469,41.29096603393555,5883800
2012-04-03,HYG,90.30999755859375,90.5199966430664,90.23999786376953,90.25,41.25440979003906,4099700
2012-04-04,HYG,89.97000122070312,90.0999984741211,89.79000091552734,89.91999816894531,41.10354995727539,2297600
2012-04-05,HYG,89.87000274658203,89.9000015258789,89.58999633789062,89.69999694824219,41.00300216674805,3658900
2012-04-09,HYG,89.52999877929688,89.56999969482422,89.13999938964844,89.23999786376953,40.792747497558594,2692500
2012-04-10,HYG,89.2699966430664,89.43000030517578,88.72000122070312,88.80000305175781,40.591609954833984,4471100
2012-04-11,HYG,89.23999786376953,89.38999938964844,89.06999969482422,89.33999633789062,40.83843231201172,2003700
2012-04-12,HYG,89.41999816894531,90.20999908447266,89.33999633789062,90.13999938964844,41.204139709472656,2753500
2012-04-13,HYG,90.11000061035156,90.19999694824219,89.79000091552734,89.8499984741211,41.07154083251953,2767400
2012-04-16,HYG,90.04000091552734,90.16999816894531,89.70999908447266,89.98999786376953,41.13554000854492,3804300
2012-04-17,HYG,90.26000213623047,90.48999786376953,90.1500015258789,90.37999725341797,41.3138427734375,2787400
2012-04-18,HYG,90.23999786376953,90.45999908447266,90.19000244140625,90.3499984741211,41.30012893676758,3322600
2012-04-19,HYG,90.31999969482422,90.48999786376953,90.08000183105469,90.18000030517578,41.222415924072266,2597800
2012-04-20,HYG,90.45999908447266,90.45999908447266,90.11000061035156,90.31999969482422,41.286407470703125,2241500
2012-04-23,HYG,90.0199966430664,90.16000366210938,89.8499984741211,90.12999725341797,41.1995964050293,2850700
2012-04-24,HYG,90.2300033569336,90.33999633789062,90.0999984741211,90.33999633789062,41.2955436706543,2049300
2012-04-25,HYG,90.56999969482422,91.0,90.45999908447266,91.0,41.59722900390625,3351000
2012-04-26,HYG,91.0,91.13999938964844,90.95999908447266,91.05999755859375,41.62468719482422,2641100
2012-04-27,HYG,91.13999938964844,91.1500015258789,90.9000015258789,91.0199966430664,41.60638427734375,2413000
2012-04-30,HYG,91.02999877929688,91.22000122070312,90.80000305175781,91.19999694824219,41.688697814941406,3989000
2012-05-01,HYG,90.8499984741211,91.16999816894531,90.7300033569336,90.76000213623047,41.72039794921875,3624600
2012-05-02,HYG,90.66000366210938,91.18000030517578,90.5999984741211,91.11000061035156,41.88127136230469,2040700
2012-05-03,HYG,91.19999694824219,91.25,90.94999694824219,91.05000305175781,41.85367965698242,1871900
2012-05-04,HYG,90.94000244140625,91.08000183105469,90.80000305175781,90.87000274658203,41.770957946777344,2381400
2012-05-07,HYG,90.83999633789062,91.23999786376953,90.61000061035156,91.0199966430664,41.83989715576172,1906100
2012-05-08,HYG,90.88999938964844,91.06999969482422,90.72000122070312,91.0,41.8306999206543,1688900
2012-05-09,HYG,90.7699966430664,90.86000061035156,90.44000244140625,90.68000030517578,41.68360900878906,3146800
2012-05-10,HYG,90.9800033569336,91.02999877929688,90.5199966430664,90.58000183105469,41.63763427734375,3354000
2012-05-11,HYG,90.54000091552734,91.1500015258789,90.4800033569336,90.80999755859375,41.74337387084961,2765200
2012-05-14,HYG,90.5,90.56999969482422,90.0,90.13999938964844,41.435394287109375,4544000
2012-05-15,HYG,90.0999984741211,90.18000030517578,89.69999694824219,89.69999694824219,41.23314666748047,5242100
2012-05-16,HYG,89.80999755859375,90.05000305175781,88.79000091552734,88.81999969482422,40.82862091064453,6224400
2012-05-17,HYG,88.81999969482422,88.83000183105469,87.37000274658203,87.58999633789062,40.263214111328125,8867800
2012-05-18,HYG,88.01000213623047,88.29000091552734,87.4800033569336,87.58999633789062,40.263214111328125,6525600
2012-05-21,HYG,87.69000244140625,88.55999755859375,87.68000030517578,88.5,40.68151092529297,4276900
2012-05-22,HYG,88.76000213623047,89.11000061035156,88.37999725341797,88.48999786376953,40.67694854736328,3675300
2012-05-23,HYG,88.29000091552734,88.68000030517578,87.94999694824219,88.4000015258789,40.635528564453125,4320900
2012-05-24,HYG,88.25,88.6500015258789,88.25,88.41999816894531,40.644737243652344,2183000
2012-05-25,HYG,88.56999969482422,88.63999938964844,88.08999633789062,88.13999938964844,40.516021728515625,1651500
2012-05-29,HYG,88.52999877929688,89.25,88.44999694824219,89.11000061035156,40.96192169189453,4380300
2012-05-30,HYG,88.7300033569336,88.80999755859375,88.52999877929688,88.70999908447266,40.778053283691406,2543300
2012-05-31,HYG,88.80000305175781,88.80000305175781,87.75,87.7699966430664,40.34595489501953,10706100
2012-06-01,HYG,86.58000183105469,87.16000366210938,86.36000061035156,86.47000122070312,39.9953498840332,5945600
2012-06-04,HYG,86.54000091552734,86.8499984741211,86.43000030517578,86.54000091552734,40.02772521972656,3125700
2012-06-05,HYG,86.54000091552734,87.37999725341797,86.44999694824219,87.08999633789062,40.2821159362793,2970100
2012-06-06,HYG,87.48999786376953,88.04000091552734,87.30999755859375,88.0199966430664,40.712257385253906,2334800
2012-06-07,HYG,88.5,88.73999786376953,88.04000091552734,88.3499984741211,40.86491012573242,5454300
2012-06-08,HYG,88.33000183105469,88.9000015258789,88.19000244140625,88.69000244140625,41.022178649902344,3738100
2012-06-11,HYG,88.9000015258789,88.98999786376953,88.0999984741211,88.11000061035156,40.753910064697266,5266700
2012-06-12,HYG,88.41000366210938,88.81999969482422,88.26000213623047,88.7300033569336,41.040687561035156,3648400
2012-06-13,HYG,88.5999984741211,88.91999816894531,88.26000213623047,88.47000122070312,40.92042541503906,3527200
2012-06-14,HYG,88.48999786376953,89.23999786376953,88.43000030517578,89.12999725341797,41.22569274902344,3874100
2012-06-15,HYG,89.0,89.37999725341797,89.0,89.29000091552734,41.29970932006836,2683200
2012-06-18,HYG,89.08999633789062,89.33999633789062,89.0,89.31999969482422,41.313568115234375,3628200
2012-06-19,HYG,89.69000244140625,90.11000061035156,89.33999633789062,89.94999694824219,41.604976654052734,2809100
2012-06-20,HYG,90.18000030517578,90.33999633789062,89.81999969482422,90.30000305175781,41.76686096191406,3719000
2012-06-21,HYG,90.4000015258789,90.69999694824219,89.41999816894531,89.55999755859375,41.42459487915039,4843700
2012-06-22,HYG,89.87000274658203,90.27999877929688,89.8499984741211,90.16999816894531,41.70674514770508,3211700
2012-06-25,HYG,89.80999755859375,90.05000305175781,89.66999816894531,90.02999877929688,41.641963958740234,3385600
2012-06-26,HYG,90.11000061035156,90.12000274658203,89.66000366210938,89.9000015258789,41.58184051513672,2357900
2012-06-27,HYG,90.05999755859375,90.45999908447266,90.05999755859375,90.44000244140625,41.83161163330078,1918000
2012-06-28,HYG,90.19000244140625,90.48999786376953,90.08000183105469,90.43000030517578,41.82697296142578,3068700
2012-06-29,HYG,90.9800033569336,91.29000091552734,90.77999877929688,91.29000091552734,42.22477340698242,3394900
2012-07-02,HYG,90.80000305175781,90.87000274658203,90.4000015258789,90.87000274658203,42.27034378051758,3810700
2012-07-03,HYG,90.94999694824219,91.26000213623047,90.83000183105469,91.19999694824219,42.423851013183594,1987500
2012-07-05,HYG,91.0,91.41000366210938,90.72000122070312,91.20999908447266,42.428524017333984,2221300
2012-07-06,HYG,90.73999786376953,91.12999725341797,90.69999694824219,91.08999633789062,42.372684478759766,2612400
2012-07-09,HYG,90.98999786376953,91.23999786376953,90.88999938964844,91.12000274658203,42.38662338256836,1916600
2012-07-10,HYG,91.19999694824219,91.33999633789062,90.5999984741211,90.72000122070312,42.20061111450195,1832600
2012-07-11,HYG,90.86000061035156,91.08000183105469,90.63999938964844,91.01000213623047,42.33550262451172,3188700
2012-07-12,HYG,90.93000030517578,90.95999908447266,90.45999908447266,90.80999755859375,42.24244689941406,1989100
2012-07-13,HYG,90.91000366210938,91.12999725341797,90.76000213623047,91.08999633789062,42.372684478759766,2316400
2012-07-16,HYG,90.69000244140625,91.02999877929688,90.66000366210938,90.73999786376953,42.20988464355469,2178900
2012-07-17,HYG,91.0,91.19000244140625,90.69000244140625,91.16999816894531,42.40990447998047,4036500
2012-07-18,HYG,91.12999725341797,91.55000305175781,91.08999633789062,91.55000305175781,42.58668899536133,3958600
2012-07-19,HYG,91.51000213623047,91.88999938964844,91.4800033569336,91.77999877929688,42.69367218017578,4718200
2012-07-20,HYG,91.51000213623047,91.61000061035156,91.2300033569336,91.3499984741211,42.49362564086914,2733500
2012-07-23,HYG,90.83999633789062,91.29000091552734,90.58000183105469,91.19999694824219,42.423851013183594,4561700
2012-07-24,HYG,91.12000274658203,91.16000366210938,90.56999969482422,90.63999938964844,42.16333770751953,3447700
2012-07-25,HYG,90.88999938964844,90.93000030517578,90.44000244140625,90.44999694824219,42.07499313354492,2891000
2012-07-26,HYG,90.88999938964844,91.41999816894531,90.83000183105469,91.37999725341797,42.507606506347656,4330900
2012-07-27,HYG,91.37000274658203,91.94000244140625,91.37000274658203,91.91999816894531,42.7587890625,5556800
2012-07-30,HYG,91.9000015258789,91.94999694824219,91.6500015258789,91.91999816894531,42.7587890625,3889700
2012-07-31,HYG,91.94999694824219,91.98999786376953,91.54000091552734,91.69999694824219,42.65644073486328,3530800
2012-08-01,HYG,91.41000366210938,91.69000244140625,91.1500015258789,91.69000244140625,42.88796615600586,3598100
2012-08-02,HYG,91.45999908447266,91.58999633789062,91.1500015258789,91.31999969482422,42.714900970458984,4516600
2012-08-03,HYG,91.5999984741211,91.9000015258789,91.56999969482422,91.69999694824219,42.892635345458984,4602000
2012-08-06,HYG,91.6500015258789,91.98999786376953,91.63999938964844,91.63999938964844,42.86459732055664,2864400
2012-08-07,HYG,91.81999969482422,91.9000015258789,91.36000061035156,91.45999908447266,42.780391693115234,3680600
2012-08-08,HYG,91.58000183105469,91.70999908447266,91.4800033569336,91.5199966430664,42.80846405029297,3162100
2012-08-09,HYG,91.62000274658203,91.66000366210938,91.37999725341797,91.52999877929688,42.81314468383789,2975600
2012-08-10,HYG,91.41999816894531,91.58000183105469,91.30999755859375,91.44999694824219,42.775699615478516,1533600
2012-08-13,HYG,91.41000366210938,91.5,91.25,91.5,42.799102783203125,2007800
2012-08-14,HYG,91.5,91.79000091552734,91.47000122070312,91.63999938964844,42.86459732055664,2381000
2012-08-15,HYG,91.7300033569336,91.7300033569336,91.19999694824219,91.19999694824219,42.65880584716797,2580400
2012-08-16,HYG,91.33999633789062,91.58000183105469,91.08000183105469,91.54000091552734,42.81782531738281,2914300
2012-08-17,HYG,91.48999786376953,91.6500015258789,91.38999938964844,91.54000091552734,42.81782531738281,2222000
2012-08-20,HYG,91.55999755859375,91.69999694824219,91.41000366210938,91.6500015258789,42.86924362182617,2333200
2012-08-21,HYG,91.7300033569336,91.86000061035156,91.69999694824219,91.8499984741211,42.962825775146484,2531200
2012-08-22,HYG,91.76000213623047,91.87000274658203,91.68000030517578,91.76000213623047,42.920711517333984,1889100
2012-08-23,HYG,91.7699966430664,91.8499984741211,91.61000061035156,91.73999786376953,42.91139221191406,1141700
2012-08-24,HYG,91.7699966430664,92.16000366210938,91.69000244140625,92.1500015258789,43.103172302246094,2082100
2012-08-27,HYG,92.12000274658203,92.22000122070312,91.91999816894531,92.08000183105469,43.07038497924805,1883600
2012-08-28,HYG,92.06999969482422,92.1500015258789,91.94999694824219,92.0,43.03300476074219,1795700
2012-08-29,HYG,92.12999725341797,92.16999816894531,92.0,92.12999725341797,43.09381103515625,1617600
2012-08-30,HYG,92.08000183105469,92.18000030517578,92.0,92.08999633789062,43.07508850097656,2022400
2012-08-31,HYG,92.25,92.4000015258789,92.08999633789062,92.33000183105469,43.18733215332031,1801800
2012-09-04,HYG,91.87000274658203,91.87000274658203,91.55999755859375,91.81999969482422,43.186405181884766,3921500
2012-09-05,HYG,91.91000366210938,91.91999816894531,91.76000213623047,91.83000183105469,43.19110870361328,1541000
2012-09-06,HYG,91.86000061035156,92.37999725341797,91.86000061035156,92.37000274658203,43.44507598876953,3306000
2012-09-07,HYG,92.5,92.5999984741211,92.37000274658203,92.52999877929688,43.52032470703125,3403300
2012-09-10,HYG,92.4800033569336,92.70999908447266,92.31999969482422,92.37999725341797,43.449771881103516,2138600
2012-09-11,HYG,92.43000030517578,93.01000213623047,92.43000030517578,93.01000213623047,43.746089935302734,4400300
2012-09-12,HYG,93.12999725341797,93.30999755859375,93.08000183105469,93.29000091552734,43.877803802490234,1957400
2012-09-13,HYG,93.33000183105469,93.91000366210938,93.26000213623047,93.88999938964844,44.15998077392578,5946800
2012-09-14,HYG,93.9000015258789,94.04000091552734,93.70999908447266,93.87999725341797,44.15528106689453,3467200
2012-09-17,HYG,93.77999877929688,93.9800033569336,93.69999694824219,93.80000305175781,44.1176872253418,3075500
2012-09-18,HYG,93.83000183105469,93.91999816894531,93.62000274658203,93.83999633789062,44.136478424072266,4099400
2012-09-19,HYG,93.94000244140625,93.94000244140625,93.72000122070312,93.72000122070312,44.08007049560547,3306500
2012-09-20,HYG,93.62999725341797,93.63999938964844,93.2699966430664,93.27999877929688,43.873085021972656,2122200
2012-09-21,HYG,93.47000122070312,93.47000122070312,93.02999877929688,93.1500015258789,43.811946868896484,3121700
2012-09-24,HYG,93.0199966430664,93.12000274658203,92.94000244140625,93.02999877929688,43.755496978759766,1867200
2012-09-25,HYG,93.05000305175781,93.0999984741211,92.12999725341797,92.19999694824219,43.36511993408203,5726800
2012-09-26,HYG,92.18000030517578,92.19999694824219,91.4800033569336,91.73999786376953,43.148799896240234,6554200
2012-09-27,HYG,92.18000030517578,92.73999786376953,92.0,92.73999786376953,43.61912155151367,3882600
2012-09-28,HYG,92.66000366210938,92.66999816894531,92.29000091552734,92.30000305175781,43.41215896606445,3668200
2012-10-01,HYG,92.2699966430664,92.2699966430664,91.5999984741211,91.66000366210938,43.33887481689453,5386700
2012-10-02,HYG,91.83999633789062,91.97000122070312,91.63999938964844,91.88999938964844,43.44763946533203,3151900
2012-10-03,HYG,91.97000122070312,92.3499984741211,91.91000366210938,92.12000274658203,43.55636215209961,3201000
2012-10-04,HYG,92.2300033569336,92.56999969482422,92.18000030517578,92.51000213623047,43.740814208984375,1847200
2012-10-05,HYG,92.77999877929688,92.79000091552734,92.27999877929688,92.45999908447266,43.71715545654297,2513500
2012-10-08,HYG,92.26000213623047,92.4000015258789,92.19000244140625,92.33000183105469,43.655662536621094,1143300
2012-10-09,HYG,92.51000213623047,92.51000213623047,92.05000305175781,92.06999969482422,43.53274154663086,5777300
2012-10-10,HYG,92.1500015258789,92.20999908447266,91.80000305175781,91.8499984741211,43.42872619628906,5431800
2012-10-11,HYG,92.19999694824219,92.37000274658203,92.12000274658203,92.3499984741211,43.66511917114258,2811000
2012-10-12,HYG,92.44000244140625,92.76000213623047,92.30999755859375,92.51000213623047,43.740814208984375,3696800
2012-10-15,HYG,92.76000213623047,92.97000122070312,92.58000183105469,92.93000030517578,43.93936538696289,2378500
2012-10-16,HYG,93.05999755859375,93.33000183105469,92.94000244140625,93.2699966430664,44.10012435913086,3536300
2012-10-17,HYG,93.4000015258789,93.55999755859375,93.30000305175781,93.4800033569336,44.19941329956055,2971500
2012-10-18,HYG,93.3499984741211,93.52999877929688,93.30000305175781,93.43000030517578,44.17578125,1676300
2012-10-19,HYG,93.37000274658203,93.41999816894531,92.87999725341797,92.95999908447266,43.95355224609375,2041200
2012-10-22,HYG,93.0,93.19000244140625,92.91999816894531,92.9800033569336,43.96299362182617,3021700
2012-10-23,HYG,92.69999694824219,92.80999755859375,92.5,92.62999725341797,43.79753112792969,3916900
2012-10-24,HYG,92.83999633789062,92.87000274658203,92.5,92.55000305175781,43.759681701660156,4332900
2012-10-25,HYG,92.91999816894531,92.95999908447266,92.5999984741211,92.69999694824219,43.830623626708984,2005600
2012-10-26,HYG,92.7300033569336,92.79000091552734,92.27999877929688,92.4800033569336,43.72660446166992,4591800
2012-10-31,HYG,92.4800033569336,92.66999816894531,92.44000244140625,92.58999633789062,43.77861404418945,2914100
2012-11-01,HYG,92.18000030517578,92.62999725341797,92.05999755859375,92.54000091552734,43.75494384765625,2092300
2012-11-02,HYG,92.66000366210938,92.75,92.38999938964844,92.41000366210938,43.69351577758789,2829300
2012-11-05,HYG,92.4000015258789,92.58999633789062,92.11000061035156,92.26000213623047,43.622581481933594,3361700
2012-11-06,HYG,92.43000030517578,92.5199966430664,92.2699966430664,92.4000015258789,43.68878173828125,1409000
2012-11-07,HYG,92.25,92.2699966430664,91.80000305175781,91.8499984741211,43.42872619628906,3698200
2012-11-08,HYG,91.95999908447266,92.16000366210938,91.5,91.55000305175781,43.28688049316406,5829400
2012-11-09,HYG,91.27999877929688,91.68000030517578,91.25,91.38999938964844,43.211219787597656,3953900
2012-11-12,HYG,91.48999786376953,91.56999969482422,91.31999969482422,91.41999816894531,43.22539138793945,2066000
2012-11-13,HYG,91.27999877929688,91.37999725341797,91.06999969482422,91.20999908447266,43.12610626220703,4347400
2012-11-14,HYG,91.45999908447266,91.5,90.63999938964844,90.70999908447266,42.889678955078125,5017500
2012-11-15,HYG,90.55000305175781,90.91999816894531,90.08999633789062,90.66999816894531,42.87080764770508,6989700
2012-11-16,HYG,90.76000213623047,91.0,90.52999877929688,90.93000030517578,42.99373245239258,4730200
2012-11-19,HYG,91.2300033569336,92.12000274658203,91.20999908447266,92.08000183105469,43.537471771240234,9498500
2012-11-20,HYG,92.08000183105469,92.18000030517578,91.83999633789062,92.08999633789062,43.54217529296875,4010400
2012-11-21,HYG,92.0,92.2300033569336,91.97000122070312,92.05999755859375,43.52800750732422,2984700
2012-11-23,HYG,92.25,92.44000244140625,92.11000061035156,92.37000274658203,43.674598693847656,1041100
2012-11-26,HYG,92.30999755859375,92.38999938964844,92.01000213623047,92.38999938964844,43.68404006958008,2160700
2012-11-27,HYG,92.26000213623047,92.56999969482422,92.26000213623047,92.4800033569336,43.72660446166992,4194100
2012-11-28,HYG,92.41000366210938,92.73999786376953,92.23999786376953,92.5,43.736045837402344,6528000
2012-11-29,HYG,92.7300033569336,92.94999694824219,92.5999984741211,92.91000366210938,43.929901123046875,3870500
2012-11-30,HYG,92.9000015258789,93.1500015258789,92.87000274658203,93.05000305175781,43.99610137939453,3276200
2012-12-03,HYG,92.86000061035156,93.02999877929688,92.66000366210938,93.02999877929688,44.219017028808594,5444400
2012-12-04,HYG,92.98999786376953,93.16999816894531,92.8499984741211,93.02999877929688,44.219017028808594,3121100
2012-12-05,HYG,93.2699966430664,93.29000091552734,92.8499984741211,93.18000030517578,44.29032516479492,4580900
2012-12-06,HYG,93.1500015258789,93.38999938964844,93.1500015258789,93.3499984741211,44.37111282348633,2261500
2012-12-07,HYG,93.44999694824219,93.5,93.16000366210938,93.20999908447266,44.304588317871094,2294400
2012-12-10,HYG,93.5,93.5,93.16999816894531,93.29000091552734,44.34262466430664,2140700
2012-12-11,HYG,93.52999877929688,93.70999908447266,93.3499984741211,93.37999725341797,44.385372161865234,3206300
2012-12-12,HYG,93.55000305175781,93.80000305175781,93.44000244140625,93.66000366210938,44.51848602294922,3305600
2012-12-13,HYG,93.5999984741211,93.80000305175781,93.30000305175781,93.33000183105469,44.36161422729492,4898700
2012-12-14,HYG,93.36000061035156,93.5,93.26000213623047,93.26000213623047,44.328330993652344,2741400
2012-12-17,HYG,93.31999969482422,93.69999694824219,93.31999969482422,93.62000274658203,44.49946594238281,2195600
2012-12-18,HYG,93.7699966430664,93.80999755859375,93.58000183105469,93.66999816894531,44.523216247558594,3409800
2012-12-19,HYG,93.73999786376953,93.73999786376953,93.56999969482422,93.56999969482422,44.47569274902344,2566400
2012-12-20,HYG,93.5999984741211,93.91000366210938,93.58999633789062,93.9000015258789,44.6325569152832,3191200
2012-12-21,HYG,93.44000244140625,93.68000030517578,93.44000244140625,93.62999725341797,44.50422286987305,3187900
2012-12-24,HYG,93.43000030517578,93.55000305175781,93.19000244140625,93.29000091552734,44.34262466430664,1221400
2012-12-26,HYG,93.0,93.13999938964844,92.79000091552734,93.01000213623047,44.45014953613281,2257200
2012-12-27,HYG,93.05000305175781,93.19999694824219,92.88999938964844,93.19999694824219,44.540924072265625,2332600
2012-12-28,HYG,93.01000213623047,93.23999786376953,92.86000061035156,92.94999694824219,44.421478271484375,2426100
2012-12-31,HYG,92.97000122070312,93.4000015258789,92.93000030517578,93.3499984741211,44.61262512207031,2918500
2013-01-02,HYG,94.06999969482422,94.2300033569336,93.80000305175781,94.2300033569336,45.03318786621094,3975200
2013-01-03,HYG,94.08000183105469,94.29000091552734,93.87999725341797,93.94000244140625,44.89462661743164,3950700
2013-01-04,HYG,93.9800033569336,94.08000183105469,93.83000183105469,94.0,44.92329788208008,2968000
2013-01-07,HYG,94.0199966430664,94.08999633789062,93.83000183105469,94.08000183105469,44.961483001708984,4137300
2013-01-08,HYG,94.0999984741211,94.12000274658203,93.93000030517578,94.01000213623047,44.92808532714844,2179100
2013-01-09,HYG,94.23999786376953,94.23999786376953,94.01000213623047,94.19000244140625,45.01408767700195,2183900
2013-01-10,HYG,94.33000183105469,94.37999725341797,94.19999694824219,94.3499984741211,45.09053039550781,1684300
2013-01-11,HYG,94.30000305175781,94.5199966430664,94.20999908447266,94.5199966430664,45.171783447265625,1982600
2013-01-14,HYG,94.44999694824219,94.47000122070312,94.22000122070312,94.38999938964844,45.1096305847168,2182400
2013-01-15,HYG,94.22000122070312,94.41999816894531,94.16999816894531,94.41000366210938,45.119205474853516,2136000
2013-01-16,HYG,94.27999877929688,94.4000015258789,94.16999816894531,94.25,45.042755126953125,3272700
2013-01-17,HYG,94.41999816894531,94.61000061035156,94.30999755859375,94.58999633789062,45.20524215698242,6058900
2013-01-18,HYG,94.54000091552734,94.72000122070312,94.4800033569336,94.72000122070312,45.26737976074219,2836800
2013-01-22,HYG,94.6500015258789,94.87000274658203,94.54000091552734,94.77999877929688,45.29603576660156,2295200
2013-01-23,HYG,94.70999908447266,94.79000091552734,94.6500015258789,94.66999816894531,45.24345016479492,2227900
2013-01-24,HYG,94.7699966430664,94.93000030517578,94.69000244140625,94.87999725341797,45.34384536743164,3175400
2013-01-25,HYG,94.97000122070312,94.97000122070312,94.77999877929688,94.8499984741211,45.32951354980469,2525100
2013-01-28,HYG,94.7699966430664,94.83999633789062,94.69000244140625,94.80000305175781,45.30560302734375,2331000
2013-01-29,HYG,94.70999908447266,94.75,94.54000091552734,94.63999938964844,45.22913360595703,1514300
2013-01-30,HYG,94.44999694824219,94.51000213623047,93.88999938964844,93.95999908447266,44.90416717529297,6595600
2013-01-31,HYG,93.93000030517578,94.11000061035156,93.62000274658203,93.66999816894531,44.76554489135742,5963700
2013-02-01,HYG,93.54000091552734,93.76000213623047,93.45999908447266,93.4800033569336,44.914005279541016,5713000
2013-02-04,HYG,93.29000091552734,93.4000015258789,93.01000213623047,93.08999633789062,44.72664260864258,3878000
2013-02-05,HYG,93.23999786376953,93.4000015258789,93.19999694824219,93.30000305175781,44.8275260925293,2590900
2013-02-06,HYG,93.16000366210938,93.29000091552734,93.05999755859375,93.16000366210938,44.760276794433594,2850500
2013-02-07,HYG,93.11000061035156,93.12999725341797,92.80999755859375,92.9800033569336,44.67376708984375,4071400
2013-02-08,HYG,92.91999816894531,93.0999984741211,92.91000366210938,93.0,44.683406829833984,3220400
2013-02-11,HYG,92.88999938964844,93.08000183105469,92.86000061035156,92.98999786376953,44.67860794067383,3146100
2013-02-12,HYG,92.91999816894531,93.36000061035156,92.91000366210938,93.30999755859375,44.832340240478516,3490600
2013-02-13,HYG,93.41999816894531,93.4800033569336,93.16999816894531,93.44999694824219,44.89961624145508,3672200
2013-02-14,HYG,93.25,93.55000305175781,93.25,93.41000366210938,44.88041305541992,2731800
2013-02-15,HYG,93.45999908447266,93.66000366210938,93.26000213623047,93.41999816894531,44.88520431518555,2483000
2013-02-19,HYG,93.5,93.58999633789062,93.41000366210938,93.51000213623047,44.92842483520508,3074300
2013-02-20,HYG,93.58000183105469,93.72000122070312,93.4000015258789,93.41999816894531,44.88520431518555,3830300
2013-02-21,HYG,93.41999816894531,93.58999633789062,93.30000305175781,93.5199966430664,44.933223724365234,7185300
2013-02-22,HYG,93.62999725341797,93.75,93.51000213623047,93.75,45.043785095214844,3367000
2013-02-25,HYG,93.77999877929688,93.93000030517578,93.44999694824219,93.45999908447266,44.90442657470703,5259300
2013-02-26,HYG,93.63999938964844,93.91999816894531,93.47000122070312,93.91999816894531,45.125431060791016,4075600
2013-02-27,HYG,93.8499984741211,94.1500015258789,93.75,94.08000183105469,45.20228958129883,3681600
2013-02-28,HYG,94.06999969482422,94.12999725341797,93.94000244140625,94.04000091552734,45.18306350708008,3822000
2013-03-01,HYG,93.48999786376953,93.98999786376953,93.4800033569336,93.72000122070312,45.27294158935547,4833200
2013-03-04,HYG,93.6500015258789,93.80000305175781,93.61000061035156,93.7300033569336,45.27777099609375,2222500
2013-03-05,HYG,93.79000091552734,94.0199966430664,93.79000091552734,93.91999816894531,45.36954116821289,3733400
2013-03-06,HYG,94.02999877929688,94.05999755859375,93.83999633789062,93.86000061035156,45.34056091308594,2118000
2013-03-07,HYG,93.94999694824219,94.0,93.9000015258789,94.0,45.408226013183594,2124900
2013-03-08,HYG,94.16999816894531,94.19000244140625,93.91999816894531,94.11000061035156,45.46132278442383,2464100
2013-03-11,HYG,94.08000183105469,94.1500015258789,94.0,94.05000305175781,45.432350158691406,2782800
2013-03-12,HYG,93.98999786376953,94.0999984741211,93.95999908447266,94.01000213623047,45.41306686401367,1526200
2013-03-13,HYG,94.0999984741211,94.16999816894531,93.94999694824219,94.02999877929688,45.42268753051758,1431200
2013-03-14,HYG,94.16999816894531,94.38999938964844,94.06999969482422,94.38999938964844,45.59657287597656,2954100
2013-03-15,HYG,94.25,94.4000015258789,94.19999694824219,94.37999725341797,45.59176254272461,2024300
2013-03-18,HYG,94.0,94.45999908447266,94.0,94.4000015258789,45.60138702392578,3000600
2013-03-19,HYG,94.44999694824219,94.52999877929688,94.20999908447266,94.23999786376953,45.52412796020508,3742800
2013-03-20,HYG,94.33000183105469,94.5999984741211,94.31999969482422,94.55000305175781,45.67387771606445,2553200
2013-03-21,HYG,94.37000274658203,94.55999755859375,94.22000122070312,94.37999725341797,45.59176254272461,3532400
2013-03-22,HYG,94.37999725341797,94.45999908447266,94.25,94.30999755859375,45.55793380737305,2201500
2013-03-25,HYG,94.30000305175781,94.44000244140625,94.1500015258789,94.16999816894531,45.49030303955078,2131700
2013-03-26,HYG,94.38999938964844,94.4000015258789,94.25,94.33999633789062,45.572452545166016,1169400
2013-03-27,HYG,94.19000244140625,94.29000091552734,94.16999816894531,94.18000030517578,45.49517822265625,2195100
2013-03-28,HYG,94.23999786376953,94.37999725341797,94.16000366210938,94.3499984741211,45.57725524902344,1959100
2013-04-01,HYG,93.83000183105469,94.08999633789062,93.6500015258789,94.02999877929688,45.658843994140625,3823000
2013-04-02,HYG,93.94999694824219,94.18000030517578,93.91999816894531,93.95999908447266,45.6248664855957,2528700
2013-04-03,HYG,93.98999786376953,94.05000305175781,93.77999877929688,93.95999908447266,45.6248664855957,2773100
2013-04-04,HYG,93.91999816894531,94.1500015258789,93.87000274658203,93.93000030517578,45.61029815673828,3040600
2013-04-05,HYG,93.7699966430664,94.0199966430664,93.68000030517578,94.0199966430664,45.65397644042969,2243800
2013-04-08,HYG,94.06999969482422,94.1500015258789,93.94999694824219,94.12000274658203,45.702545166015625,2346800
2013-04-09,HYG,94.19999694824219,94.41999816894531,94.12000274658203,94.41999816894531,45.84821319580078,2985400
2013-04-10,HYG,94.3499984741211,94.76000213623047,94.3499984741211,94.72000122070312,45.9939079284668,2932600
2013-04-11,HYG,94.75,94.79000091552734,94.63999938964844,94.72000122070312,45.9939079284668,2676200
2013-04-12,HYG,94.63999938964844,94.80999755859375,94.55000305175781,94.75,46.00846862792969,2040900
2013-04-15,HYG,94.75,94.75,94.12999725341797,94.1500015258789,45.71715545654297,3910600
2013-04-16,HYG,94.41000366210938,94.80999755859375,94.31999969482422,94.80000305175781,46.03274917602539,4138300
2013-04-17,HYG,94.61000061035156,94.66999816894531,94.4000015258789,94.6500015258789,45.95988464355469,5778600
2013-04-18,HYG,94.61000061035156,94.66999816894531,94.45999908447266,94.5,45.8870735168457,2476900
2013-04-19,HYG,94.5999984741211,94.66000366210938,94.43000030517578,94.44999694824219,45.86278533935547,2474800
2013-04-22,HYG,94.69000244140625,94.88999938964844,94.52999877929688,94.66999816894531,45.96963119506836,3641900
2013-04-23,HYG,94.7699966430664,95.05000305175781,94.7699966430664,95.04000091552734,46.149288177490234,2217400
2013-04-24,HYG,95.08999633789062,95.26000213623047,95.01000213623047,95.20999908447266,46.2318229675293,3872600
2013-04-25,HYG,95.22000122070312,95.5199966430664,95.13999938964844,95.47000122070312,46.35807418823242,2453100
2013-04-26,HYG,95.45999908447266,95.4800033569336,95.33000183105469,95.37000274658203,46.30950927734375,2679000
2013-04-29,HYG,95.38999938964844,95.58999633789062,95.37999725341797,95.55000305175781,46.39691162109375,1785300
2013-04-30,HYG,95.62999725341797,95.8499984741211,95.55000305175781,95.8499984741211,46.542598724365234,2953100
2013-05-01,HYG,95.33999633789062,95.55999755859375,95.18000030517578,95.19999694824219,46.45378875732422,4812400
2013-05-02,HYG,95.5,95.83000183105469,95.37000274658203,95.80999755859375,46.75140380859375,3368200
2013-05-03,HYG,95.97000122070312,96.12999725341797,95.86000061035156,95.95999908447266,46.82463073730469,2407400
2013-05-06,HYG,95.91999816894531,96.05999755859375,95.87999725341797,96.0199966430664,46.85392761230469,1458700
2013-05-07,HYG,96.12000274658203,96.1500015258789,95.91999816894531,95.94999694824219,46.81974792480469,2590900
2013-05-08,HYG,96.0199966430664,96.30000305175781,96.0199966430664,96.29000091552734,46.98564529418945,3801200
2013-05-09,HYG,96.19999694824219,96.29000091552734,96.0,96.01000213623047,46.849029541015625,1644900
2013-05-10,HYG,96.05000305175781,96.05000305175781,95.45999908447266,95.51000213623047,46.605045318603516,4654400
2013-05-13,HYG,95.41000366210938,95.5,95.11000061035156,95.12000274658203,46.41477584838867,2710000
2013-05-14,HYG,95.19999694824219,95.45999908447266,95.11000061035156,95.22000122070312,46.46355438232422,4473900
2013-05-15,HYG,95.22000122070312,95.33999633789062,95.08999633789062,95.2300033569336,46.468421936035156,3179800
2013-05-16,HYG,95.29000091552734,95.63999938964844,95.18000030517578,95.45999908447266,46.58066177368164,6036800
2013-05-17,HYG,95.5999984741211,95.62999725341797,95.33999633789062,95.45999908447266,46.58066177368164,4313300
2013-05-20,HYG,95.45999908447266,95.63999938964844,95.36000061035156,95.55999755859375,46.629478454589844,2086200
2013-05-21,HYG,95.55999755859375,95.77999877929688,95.54000091552734,95.73999786376953,46.71727752685547,4666500
2013-05-22,HYG,95.72000122070312,95.87999725341797,95.0999984741211,95.1500015258789,46.42940902709961,5243800
2013-05-23,HYG,95.0,95.0199966430664,94.69000244140625,94.88999938964844,46.302528381347656,3294400
2013-05-24,HYG,94.75,94.79000091552734,94.66999816894531,94.70999908447266,46.21467208862305,3420400
2013-05-28,HYG,95.02999877929688,95.02999877929688,94.30999755859375,94.36000061035156,46.04387283325195,3486700
2013-05-29,HYG,94.04000091552734,94.26000213623047,93.55000305175781,93.9800033569336,45.858489990234375,10958100
2013-05-30,HYG,94.0,94.36000061035156,93.69000244140625,94.16999816894531,45.95118713378906,5462100
2013-05-31,HYG,93.97000122070312,94.11000061035156,92.9000015258789,92.91999816894531,45.34123611450195,6809400
2013-06-03,HYG,92.37999725341797,92.5199966430664,91.80000305175781,92.36000061035156,45.30149841308594,14320900
2013-06-04,HYG,92.5,93.05000305175781,92.19000244140625,92.36000061035156,45.30149841308594,7927000
2013-06-05,HYG,92.19000244140625,92.23999786376953,91.44000244140625,91.55999755859375,44.90912628173828,10309200
2013-06-06,HYG,91.4000015258789,92.58999633789062,91.31999969482422,92.27999877929688,45.26228332519531,11849800
2013-06-07,HYG,92.44000244140625,92.97000122070312,92.19999694824219,92.33999633789062,45.291690826416016,8879800
2013-06-10,HYG,92.33999633789062,92.58999633789062,92.08000183105469,92.1500015258789,45.19851303100586,7678000
2013-06-11,HYG,91.58000183105469,92.23999786376953,91.29000091552734,91.58000183105469,44.9189338684082,9065200
2013-06-12,HYG,91.93000030517578,92.12000274658203,91.62999725341797,91.6500015258789,44.9532356262207,9193300
2013-06-13,HYG,91.6500015258789,92.81999969482422,91.6500015258789,92.69999694824219,45.46825408935547,7526400
2013-06-14,HYG,92.77999877929688,92.94000244140625,92.55000305175781,92.80999755859375,45.52226257324219,3909200
2013-06-17,HYG,92.93000030517578,93.44999694824219,92.80000305175781,92.80000305175781,45.5173225402832,3830700
2013-06-18,HYG,92.76000213623047,93.11000061035156,92.76000213623047,93.02999877929688,45.63011932373047,3609700
2013-06-19,HYG,92.94999694824219,93.2699966430664,91.62000274658203,91.63999938964844,44.948341369628906,7971700
2013-06-20,HYG,91.08999633789062,91.58000183105469,90.27999877929688,90.73999786376953,44.50691604614258,11094000
2013-06-21,HYG,91.01000213623047,91.11000061035156,90.12000274658203,90.1500015258789,44.2175178527832,9245400
2013-06-24,HYG,89.44999694824219,90.0,88.2699966430664,89.04000091552734,43.67311477661133,12116100
2013-06-25,HYG,89.5,90.30999755859375,89.5,90.30999755859375,44.29599380493164,6233300
2013-06-26,HYG,90.69999694824219,91.18000030517578,90.56999969482422,91.05999755859375,44.663883209228516,5527200
2013-06-27,HYG,91.4000015258789,91.94000244140625,91.4000015258789,91.5,44.87967300415039,5578600
2013-06-28,HYG,91.30000305175781,91.31999969482422,90.47000122070312,90.87999725341797,44.575584411621094,6112000
2013-07-01,HYG,90.56999969482422,90.98999786376953,90.5,90.88999938964844,44.81718826293945,5213400
2013-07-02,HYG,90.79000091552734,91.05000305175781,90.3499984741211,90.61000061035156,44.67913818359375,3799800
2013-07-03,HYG,90.29000091552734,90.86000061035156,90.27999877929688,90.81999969482422,44.78266906738281,1679600
2013-07-05,HYG,90.38999938964844,90.44000244140625,89.62999725341797,89.8499984741211,44.30437469482422,3312600
2013-07-08,HYG,90.08999633789062,91.08999633789062,90.0,91.08999633789062,44.91579818725586,5638400
2013-07-09,HYG,91.0999984741211,91.19000244140625,90.87000274658203,91.13999938964844,44.94047164916992,6127700
2013-07-10,HYG,91.18000030517578,91.54000091552734,91.08000183105469,91.5,45.11798095703125,6529900
2013-07-11,HYG,92.18000030517578,92.66999816894531,92.0,92.6500015258789,45.685035705566406,5865400
2013-07-12,HYG,92.41000366210938,92.66999816894531,92.25,92.55999755859375,45.640655517578125,5788300
2013-07-15,HYG,92.66999816894531,93.08999633789062,92.55999755859375,92.94999694824219,45.832969665527344,6791500
2013-07-16,HYG,93.08999633789062,93.08999633789062,92.47000122070312,92.72000122070312,45.71952819824219,3292100
2013-07-17,HYG,93.02999877929688,93.5199966430664,93.0,93.4000015258789,46.05487823486328,8660500
2013-07-18,HYG,93.5,94.0,93.44000244140625,93.95999908447266,46.33098602294922,6825000
2013-07-19,HYG,93.94999694824219,93.97000122070312,93.7699966430664,93.9000015258789,46.30139923095703,2603100
2013-07-22,HYG,93.93000030517578,94.01000213623047,93.75,93.97000122070312,46.33592987060547,3888200
2013-07-23,HYG,93.88999938964844,93.9800033569336,93.66999816894531,93.73999786376953,46.2225227355957,2483700
2013-07-24,HYG,93.54000091552734,93.63999938964844,92.66000366210938,92.94999694824219,45.832969665527344,5249800
2013-07-25,HYG,92.51000213623047,92.87999725341797,92.44000244140625,92.73999786376953,45.72943115234375,5995400
2013-07-26,HYG,92.4800033569336,92.77999877929688,92.38999938964844,92.77999877929688,45.74916458129883,4213600
2013-07-29,HYG,92.5999984741211,92.7300033569336,92.41999816894531,92.58000183105469,45.6505012512207,3850100
2013-07-30,HYG,92.5199966430664,92.87000274658203,92.5199966430664,92.70999908447266,45.714637756347656,4239400
2013-07-31,HYG,92.48999786376953,93.01000213623047,92.27999877929688,92.9800033569336,45.84775161743164,4076500
2013-08-01,HYG,92.41999816894531,92.58999633789062,91.61000061035156,91.6500015258789,45.41320037841797,4616600
2013-08-02,HYG,91.95999908447266,92.26000213623047,91.80999755859375,92.20999908447266,45.690704345703125,4309400
2013-08-05,HYG,92.18000030517578,92.18000030517578,91.69999694824219,91.73999786376953,45.457820892333984,2231000
2013-08-06,HYG,91.93000030517578,91.93000030517578,91.36000061035156,91.6500015258789,45.41320037841797,3398800
2013-08-07,HYG,91.44999694824219,91.54000091552734,91.29000091552734,91.36000061035156,45.26948928833008,2253300
2013-08-08,HYG,91.41999816894531,91.58999633789062,91.37999725341797,91.55999755859375,45.368614196777344,2857100
2013-08-09,HYG,91.43000030517578,91.66999816894531,91.12000274658203,91.56999969482422,45.37358856201172,1765600
2013-08-12,HYG,91.44000244140625,91.72000122070312,91.41999816894531,91.48999786376953,45.333927154541016,3840800
2013-08-13,HYG,91.4800033569336,91.56999969482422,91.30000305175781,91.48999786376953,45.333927154541016,2290500
2013-08-14,HYG,91.43000030517578,91.48999786376953,91.26000213623047,91.30999755859375,45.24473571777344,4605800
2013-08-15,HYG,91.0,91.08999633789062,90.75,90.83999633789062,45.01182174682617,6446100
2013-08-16,HYG,90.97000122070312,91.0999984741211,90.41999816894531,90.52999877929688,44.858238220214844,6922400
2013-08-19,HYG,90.56999969482422,90.62999725341797,89.80000305175781,89.93000030517578,44.56096267700195,6536300
2013-08-20,HYG,90.30000305175781,90.86000061035156,90.27999877929688,90.76000213623047,44.972232818603516,4208300
2013-08-21,HYG,90.66999816894531,90.77999877929688,90.37000274658203,90.43000030517578,44.80869674682617,3098100
2013-08-22,HYG,90.56999969482422,90.91999816894531,90.48999786376953,90.91999816894531,45.05146408081055,4049900
2013-08-23,HYG,90.9000015258789,91.36000061035156,90.8499984741211,91.30000305175781,45.239784240722656,3370400
2013-08-26,HYG,91.31999969482422,91.38999938964844,91.12999725341797,91.30999755859375,45.24473571777344,2365400
2013-08-27,HYG,91.05000305175781,91.12999725341797,90.70999908447266,90.72000122070312,44.95240783691406,3578500
2013-08-28,HYG,90.76000213623047,91.08999633789062,90.66000366210938,91.05999755859375,45.12085723876953,3860600
2013-08-29,HYG,90.91000366210938,91.5,90.81999969482422,91.43000030517578,45.30421447753906,4012900
2013-08-30,HYG,91.47000122070312,91.58999633789062,91.19000244140625,91.3499984741211,45.26454162597656,2486900
2013-09-03,HYG,90.94000244140625,91.18000030517578,90.30999755859375,90.38999938964844,45.02546310424805,9986800
2013-09-04,HYG,90.52999877929688,90.83999633789062,90.51000213623047,90.7300033569336,45.194801330566406,3507400
2013-09-05,HYG,90.56999969482422,90.6500015258789,90.2699966430664,90.2699966430664,44.965694427490234,3622300
2013-09-06,HYG,90.79000091552734,91.0999984741211,90.41999816894531,90.56999969482422,45.11510467529297,4713800
2013-09-09,HYG,90.7300033569336,91.0,90.70999908447266,90.80000305175781,45.22966384887695,4227400
2013-09-10,HYG,90.87999725341797,91.12999725341797,90.87000274658203,91.12000274658203,45.38906478881836,5287100
2013-09-11,HYG,90.98999786376953,91.26000213623047,90.9000015258789,91.23999786376953,45.4488410949707,3514200
2013-09-12,HYG,91.19000244140625,91.30999755859375,91.0999984741211,91.12999725341797,45.39408493041992,3594500
2013-09-13,HYG,91.23999786376953,91.31999969482422,90.9800033569336,91.05999755859375,45.35920715332031,2789300
2013-09-16,HYG,91.70999908447266,91.80999755859375,91.44999694824219,91.55999755859375,45.608253479003906,4331300
2013-09-17,HYG,91.66999816894531,91.9800033569336,91.61000061035156,91.86000061035156,45.7576904296875,5978600
2013-09-18,HYG,91.83999633789062,92.87999725341797,91.70999908447266,92.73999786376953,46.19603729248047,7476300
2013-09-19,HYG,92.98999786376953,92.98999786376953,92.4000015258789,92.47000122070312,46.06155014038086,5821100
2013-09-20,HYG,92.44000244140625,92.48999786376953,92.27999877929688,92.36000061035156,46.00677490234375,4033900
2013-09-23,HYG,92.3499984741211,92.45999908447266,92.22000122070312,92.3499984741211,46.001773834228516,6564600
2013-09-24,HYG,92.2699966430664,92.41000366210938,92.05999755859375,92.1500015258789,45.90216064453125,7947700
2013-09-25,HYG,92.13999938964844,92.26000213623047,91.94999694824219,91.98999786376953,45.82243347167969,3535700
2013-09-26,HYG,92.11000061035156,92.12999725341797,91.7699966430664,91.94000244140625,45.79753875732422,4751200
2013-09-27,HYG,91.87000274658203,91.94000244140625,91.61000061035156,91.83999633789062,45.74772644042969,6779700
2013-09-30,HYG,91.58999633789062,91.94999694824219,91.5,91.58000183105469,45.618221282958984,6248900
2013-10-01,HYG,91.16000366210938,91.55000305175781,91.05999755859375,91.52999877929688,45.8159294128418,5743900
2013-10-02,HYG,91.45999908447266,91.56999969482422,91.25,91.56999969482422,45.8359489440918,2765700
2013-10-03,HYG,91.6500015258789,91.69000244140625,91.43000030517578,91.62999725341797,45.86600112915039,3169700
2013-10-04,HYG,91.5999984741211,91.87000274658203,91.54000091552734,91.79000091552734,45.94607162475586,2048300
2013-10-07,HYG,91.45999908447266,91.76000213623047,91.45999908447266,91.55000305175781,45.82594680786133,2391700
2013-10-08,HYG,91.75,91.86000061035156,91.48999786376953,91.51000213623047,45.805908203125,2944700
2013-10-09,HYG,91.77999877929688,91.77999877929688,91.51000213623047,91.58999633789062,45.84596633911133,2973700
2013-10-10,HYG,91.81999969482422,92.0999984741211,91.81999969482422,92.01000213623047,46.05618667602539,2899500
2013-10-11,HYG,92.16000366210938,92.23999786376953,92.01000213623047,92.18000030517578,46.14131546020508,3293900
2013-10-14,HYG,92.0,92.41000366210938,92.0,92.31999969482422,46.21135330200195,1003900
2013-10-15,HYG,92.4000015258789,92.4000015258789,92.05000305175781,92.29000091552734,46.19637680053711,2310100
2013-10-16,HYG,92.33000183105469,92.79000091552734,92.31999969482422,92.77999877929688,46.441646575927734,6949700
2013-10-17,HYG,92.75,93.25,92.7300033569336,93.2300033569336,46.666900634765625,7277900
2013-10-18,HYG,93.27999877929688,93.5,93.25,93.41999816894531,46.761985778808594,2873800
2013-10-21,HYG,93.44999694824219,93.45999908447266,93.20999908447266,93.20999908447266,46.65684127807617,2471400
2013-10-22,HYG,93.37999725341797,93.61000061035156,93.36000061035156,93.48999786376953,46.79706573486328,5488400
2013-10-23,HYG,93.56999969482422,93.58999633789062,93.31999969482422,93.56999969482422,46.83708572387695,2434200
2013-10-24,HYG,93.5999984741211,93.69000244140625,93.45999908447266,93.5999984741211,46.852073669433594,2284400
2013-10-25,HYG,93.63999938964844,93.69999694824219,93.55000305175781,93.62999725341797,46.867103576660156,2026000
2013-10-28,HYG,93.6500015258789,93.69999694824219,93.58000183105469,93.61000061035156,46.857120513916016,1697900
2013-10-29,HYG,93.58999633789062,93.79000091552734,93.56999969482422,93.76000213623047,46.932193756103516,1864600
2013-10-30,HYG,93.76000213623047,93.83000183105469,93.30999755859375,93.37999725341797,46.74196243286133,3691100
2013-10-31,HYG,93.44000244140625,93.54000091552734,93.22000122070312,93.43000030517578,46.76701354980469,5846500
2013-11-01,HYG,93.0,93.26000213623047,92.80000305175781,92.81999969482422,46.68653869628906,7882000
2013-11-04,HYG,93.08000183105469,93.08000183105469,92.93000030517578,92.9800033569336,46.76701354980469,2025500
2013-11-05,HYG,92.91999816894531,92.91999816894531,92.7300033569336,92.7300033569336,46.64125061035156,2770300
2013-11-06,HYG,92.88999938964844,93.01000213623047,92.81999969482422,93.0,46.77705001831055,4936700
2013-11-07,HYG,93.0999984741211,93.13999938964844,92.91999816894531,93.05999755859375,46.807247161865234,4802700
2013-11-08,HYG,92.69000244140625,92.95999908447266,92.66000366210938,92.9000015258789,46.72675323486328,4191100
2013-11-11,HYG,92.94000244140625,92.94000244140625,92.52999877929688,92.55000305175781,46.55070114135742,1607600
2013-11-12,HYG,92.55999755859375,92.58999633789062,92.37000274658203,92.41999816894531,46.48532485961914,2148900
2013-11-13,HYG,92.37000274658203,92.77999877929688,92.31999969482422,92.7699966430664,46.661380767822266,2795100
2013-11-14,HYG,92.75,93.05000305175781,92.6500015258789,93.04000091552734,46.797203063964844,4216800
2013-11-15,HYG,93.05999755859375,93.18000030517578,92.95999908447266,93.18000030517578,46.867584228515625,2990600
2013-11-18,HYG,93.2300033569336,93.25,92.83000183105469,92.91000366210938,46.73179244995117,3694600
2013-11-19,HYG,92.87999725341797,93.01000213623047,92.79000091552734,92.87000274658203,46.71168899536133,1415800
2013-11-20,HYG,92.83000183105469,93.06999969482422,92.66999816894531,92.77999877929688,46.66641616821289,2470600
2013-11-21,HYG,92.83000183105469,93.0999984741211,92.76000213623047,93.0999984741211,46.82733917236328,1895800
2013-11-22,HYG,93.05999755859375,93.19999694824219,92.98999786376953,93.16999816894531,46.862552642822266,1649200
2013-11-25,HYG,93.19999694824219,93.33999633789062,93.05999755859375,93.30999755859375,46.933021545410156,2813900
2013-11-26,HYG,93.22000122070312,93.43000030517578,93.1500015258789,93.37999725341797,46.968196868896484,2835300
2013-11-27,HYG,93.63999938964844,93.63999938964844,93.30000305175781,93.31999969482422,46.93801498413086,1845300
2013-11-29,HYG,93.33000183105469,93.44999694824219,93.30999755859375,93.41999816894531,46.98830032348633,958700
2013-12-02,HYG,92.88999938964844,93.02999877929688,92.8499984741211,93.0,47.00347137451172,5748100
2013-12-03,HYG,92.86000061035156,93.0,92.76000213623047,92.91000366210938,46.95798873901367,2710300
2013-12-04,HYG,92.75,92.87000274658203,92.54000091552734,92.66999816894531,46.836700439453125,3076100
2013-12-05,HYG,92.66999816894531,92.76000213623047,92.54000091552734,92.5999984741211,46.80128860473633,5354700
2013-12-06,HYG,92.83000183105469,92.9800033569336,92.6500015258789,92.86000061035156,46.93268585205078,2487900
2013-12-09,HYG,93.05000305175781,93.25,92.9000015258789,93.19999694824219,47.10454559326172,4313000
2013-12-10,HYG,93.19999694824219,93.23999786376953,93.08999633789062,93.19999694824219,47.10454559326172,1473200
2013-12-11,HYG,93.19999694824219,93.19999694824219,92.79000091552734,92.91999816894531,46.96307373046875,3586600
2013-12-12,HYG,92.93000030517578,93.01000213623047,92.75,92.75,46.87714767456055,4268800
2013-12-13,HYG,92.86000061035156,92.97000122070312,92.79000091552734,92.9000015258789,46.95294952392578,3523200
2013-12-16,HYG,92.87000274658203,93.04000091552734,92.87000274658203,92.9800033569336,46.99336624145508,3108500
2013-12-17,HYG,93.08000183105469,93.08000183105469,92.87999725341797,92.98999786376953,46.998416900634766,2799900
2013-12-18,HYG,93.0,93.27999877929688,92.75,93.1500015258789,47.079288482666016,4893500
2013-12-19,HYG,93.0,93.08999633789062,92.91000366210938,93.05000305175781,47.028751373291016,5775500
2013-12-20,HYG,93.05000305175781,93.11000061035156,92.93000030517578,93.11000061035156,47.0590705871582,12743900
2013-12-23,HYG,93.08999633789062,93.33000183105469,93.01000213623047,93.18000030517578,47.09443664550781,5525100
2013-12-24,HYG,93.0999984741211,93.20999908447266,93.0999984741211,93.12999725341797,47.06919860839844,1281600
2013-12-26,HYG,92.61000061035156,92.7699966430664,92.61000061035156,92.75,47.11339569091797,1577400
2013-12-27,HYG,92.77999877929688,92.77999877929688,92.6500015258789,92.73999786376953,47.1082878112793,1357300
2013-12-30,HYG,92.7699966430664,92.87000274658203,92.66999816894531,92.81999969482422,47.14894485473633,1888600
2013-12-31,HYG,92.8499984741211,92.95999908447266,92.7699966430664,92.87999725341797,47.17941665649414,2413400
2014-01-02,HYG,92.86000061035156,93.05000305175781,92.70999908447266,93.04000091552734,47.26070022583008,7412500
2014-01-03,HYG,92.98999786376953,93.11000061035156,92.94000244140625,93.01000213623047,47.24543762207031,1903300
2014-01-06,HYG,93.1500015258789,93.2300033569336,93.05999755859375,93.20999908447266,47.34699630737305,2622700
2014-01-07,HYG,93.2300033569336,93.30999755859375,93.16000366210938,93.20999908447266,47.34699630737305,3953000
2014-01-08,HYG,93.20999908447266,93.29000091552734,93.12000274658203,93.1500015258789,47.31656265258789,4540500
2014-01-09,HYG,93.25,93.30000305175781,93.19000244140625,93.29000091552734,47.38765335083008,3036600
2014-01-10,HYG,93.41000366210938,93.56999969482422,93.3499984741211,93.56999969482422,47.5298957824707,2423900
2014-01-13,HYG,93.55000305175781,93.61000061035156,93.41000366210938,93.47000122070312,47.47906494140625,4716600
2014-01-14,HYG,93.4800033569336,93.68000030517578,93.4800033569336,93.61000061035156,47.55022048950195,2636100
2014-01-15,HYG,93.69999694824219,93.80000305175781,93.61000061035156,93.80000305175781,47.64670181274414,1797400
2014-01-16,HYG,93.79000091552734,93.83000183105469,93.7300033569336,93.76000213623047,47.626441955566406,1269800
2014-01-17,HYG,93.83000183105469,93.88999938964844,93.72000122070312,93.77999877929688,47.636558532714844,2192300
2014-01-21,HYG,93.9000015258789,93.94999694824219,93.81999969482422,93.9000015258789,47.69751739501953,2056000
2014-01-22,HYG,93.93000030517578,93.94000244140625,93.7300033569336,93.76000213623047,47.626441955566406,3235400
2014-01-23,HYG,93.77999877929688,93.80999755859375,93.58000183105469,93.63999938964844,47.565452575683594,4989500
2014-01-24,HYG,93.45999908447266,93.47000122070312,92.98999786376953,93.0199966430664,47.25054168701172,7575400
2014-01-27,HYG,93.1500015258789,93.22000122070312,92.94999694824219,92.98999786376953,47.235294342041016,5482900
2014-01-28,HYG,93.11000061035156,93.4800033569336,93.04000091552734,93.4000015258789,47.44355010986328,5393600
2014-01-29,HYG,93.25,93.26000213623047,93.0999984741211,93.12000274658203,47.30131149291992,5781700
2014-01-30,HYG,93.30000305175781,93.43000030517578,93.20999908447266,93.27999877929688,47.382606506347656,3940200
2014-01-31,HYG,93.12999725341797,93.37000274658203,93.12000274658203,93.25,47.367366790771484,7756900
2014-02-03,HYG,93.0199966430664,93.0199966430664,92.30000305175781,92.51000213623047,47.22541809082031,16150600
2014-02-04,HYG,92.75,92.80000305175781,92.58000183105469,92.62000274658203,47.28159713745117,5246900
2014-02-05,HYG,92.62000274658203,92.69999694824219,92.52999877929688,92.62000274658203,47.28159713745117,3893000
2014-02-06,HYG,92.77999877929688,92.97000122070312,92.66000366210938,92.94999694824219,47.450035095214844,3426100
2014-02-07,HYG,93.05999755859375,93.41999816894531,93.05999755859375,93.41999816894531,47.689971923828125,5193300
2014-02-10,HYG,93.41999816894531,93.54000091552734,93.30999755859375,93.4800033569336,47.72058868408203,5199700
2014-02-11,HYG,93.52999877929688,93.75,93.44000244140625,93.63999938964844,47.80227279663086,3950800
2014-02-12,HYG,93.66999816894531,93.72000122070312,93.45999908447266,93.48999786376953,47.72571563720703,2432100
2014-02-13,HYG,93.44000244140625,93.77999877929688,93.44000244140625,93.76000213623047,47.86357879638672,3078400
2014-02-14,HYG,93.69999694824219,93.94999694824219,93.69000244140625,93.91000366210938,47.94011688232422,2158700
2014-02-18,HYG,93.81999969482422,94.08999633789062,93.81999969482422,94.04000091552734,48.0064811706543,3734700
2014-02-19,HYG,94.11000061035156,94.19000244140625,93.77999877929688,93.80000305175781,47.88394546508789,7273600
2014-02-20,HYG,93.88999938964844,94.08999633789062,93.87000274658203,94.08999633789062,48.03201675415039,3756900
2014-02-21,HYG,94.0999984741211,94.2300033569336,94.0999984741211,94.16999816894531,48.072818756103516,2574600
2014-02-24,HYG,94.25,94.44000244140625,94.25,94.37999725341797,48.18004608154297,3531600
2014-02-25,HYG,94.4000015258789,94.5199966430664,94.37999725341797,94.48999786376953,48.2362174987793,2979500
2014-02-26,HYG,94.56999969482422,94.6500015258789,94.5,94.6500015258789,48.317893981933594,2722100
2014-02-27,HYG,94.6500015258789,94.83999633789062,94.6500015258789,94.83000183105469,48.40976333618164,4377300
2014-02-28,HYG,94.81999969482422,95.0199966430664,94.72000122070312,94.93000030517578,48.4608268737793,3919300
2014-03-03,HYG,94.37000274658203,94.5,94.11000061035156,94.37999725341797,48.416194915771484,9488700
2014-03-04,HYG,94.61000061035156,94.75,94.4800033569336,94.72000122070312,48.59061813354492,9313600
2014-03-05,HYG,94.69000244140625,94.69999694824219,94.5,94.55000305175781,48.50339126586914,4531600
2014-03-06,HYG,94.62999725341797,94.66999816894531,94.37000274658203,94.41000366210938,48.431575775146484,4075500
2014-03-07,HYG,94.30999755859375,94.37999725341797,94.01000213623047,94.05000305175781,48.24687957763672,4552000
2014-03-10,HYG,94.04000091552734,94.08999633789062,93.91999816894531,94.05999755859375,48.25199508666992,1908200
2014-03-11,HYG,94.13999938964844,94.16000366210938,93.94000244140625,93.95999908447266,48.20072555541992,1618500
2014-03-12,HYG,93.9800033569336,94.13999938964844,93.97000122070312,94.12000274658203,48.28279495239258,2595000
2014-03-13,HYG,94.18000030517578,94.18000030517578,93.83000183105469,93.87000274658203,48.15458297729492,4829700
2014-03-14,HYG,93.88999938964844,94.01000213623047,93.73999786376953,93.80000305175781,48.11863708496094,4088200
2014-03-17,HYG,93.91000366210938,94.01000213623047,93.8499984741211,93.93000030517578,48.185340881347656,2943100
2014-03-18,HYG,94.02999877929688,94.2300033569336,93.93000030517578,94.20999908447266,48.3289909362793,2903500
2014-03-19,HYG,94.19000244140625,94.29000091552734,93.54000091552734,93.7300033569336,48.08274841308594,9983600
2014-03-20,HYG,93.9000015258789,94.06999969482422,93.66999816894531,94.05000305175781,48.24687957763672,4872300
2014-03-21,HYG,94.01000213623047,94.16000366210938,93.95999908447266,93.98999786376953,48.21613311767578,6106500
2014-03-24,HYG,94.19999694824219,94.19999694824219,93.95999908447266,94.0199966430664,48.23150634765625,5986100
2014-03-25,HYG,94.08999633789062,94.29000091552734,94.08999633789062,94.20999908447266,48.3289909362793,3468800
2014-03-26,HYG,94.3499984741211,94.3499984741211,94.16000366210938,94.2300033569336,48.33925247192383,3887200
2014-03-27,HYG,94.16999816894531,94.23999786376953,94.06999969482422,94.08999633789062,48.26743698120117,2255400
2014-03-28,HYG,94.2300033569336,94.3499984741211,94.16999816894531,94.25,48.34951400756836,2732600
2014-03-31,HYG,94.44999694824219,94.48999786376953,94.33999633789062,94.38999938964844,48.421329498291016,2641400
2014-04-01,HYG,94.05000305175781,94.12000274658203,93.97000122070312,94.12000274658203,48.51149368286133,4514900
2014-04-02,HYG,94.13999938964844,94.13999938964844,93.9800033569336,94.0199966430664,48.45998001098633,2285900
2014-04-03,HYG,94.0999984741211,94.1500015258789,94.04000091552734,94.05999755859375,48.48056411743164,2812400
2014-04-04,HYG,94.18000030517578,94.36000061035156,94.1500015258789,94.27999877929688,48.59395217895508,4555000
2014-04-07,HYG,94.2699966430664,94.30000305175781,94.06999969482422,94.08000183105469,48.49091720581055,1520900
2014-04-08,HYG,94.1500015258789,94.30000305175781,94.08000183105469,94.30000305175781,48.60428237915039,2804400
2014-04-09,HYG,94.30000305175781,94.45999908447266,94.19999694824219,94.44999694824219,48.68159103393555,4383400
2014-04-10,HYG,94.5,94.5,94.18000030517578,94.18000030517578,48.542442321777344,3226900
2014-04-11,HYG,94.22000122070312,94.22000122070312,93.7699966430664,93.77999877929688,48.33625793457031,7228500
2014-04-14,HYG,93.83999633789062,94.13999938964844,93.83999633789062,94.08000183105469,48.49091720581055,3355800
2014-04-15,HYG,94.22000122070312,94.22000122070312,94.0,94.18000030517578,48.542442321777344,3104900
2014-04-16,HYG,94.22000122070312,94.25,94.0999984741211,94.2300033569336,48.568206787109375,3450100
2014-04-17,HYG,94.18000030517578,94.25,94.0999984741211,94.12000274658203,48.51149368286133,2443800
2014-04-21,HYG,94.23999786376953,94.27999877929688,94.0999984741211,94.12000274658203,48.51149368286133,1682200
2014-04-22,HYG,94.25,94.2699966430664,94.12000274658203,94.22000122070312,48.56306838989258,2442800
2014-04-23,HYG,94.23999786376953,94.44000244140625,94.19999694824219,94.25,48.578521728515625,1591300
2014-04-24,HYG,94.25,94.4000015258789,94.1500015258789,94.2699966430664,48.58881378173828,1021700
2014-04-25,HYG,94.30999755859375,94.31999969482422,94.16000366210938,94.23999786376953,48.57333755493164,1195400
2014-04-28,HYG,94.26000213623047,94.30000305175781,94.12999725341797,94.22000122070312,48.56306838989258,1903900
2014-04-29,HYG,94.36000061035156,94.37999725341797,94.19000244140625,94.36000061035156,48.63521957397461,1775300
2014-04-30,HYG,94.36000061035156,94.41999816894531,94.19999694824219,94.33999633789062,48.62489700317383,4393100
2014-05-01,HYG,94.01000213623047,94.05000305175781,93.81999969482422,93.81999969482422,48.5746955871582,7322200
2014-05-02,HYG,94.04000091552734,94.04000091552734,93.83000183105469,94.04000091552734,48.68861389160156,2146000
2014-05-05,HYG,93.7699966430664,94.08000183105469,93.75,94.0,48.66787338256836,3541300
2014-05-06,HYG,94.1500015258789,94.1500015258789,93.9800033569336,94.0199966430664,48.67821502685547,2567800
2014-05-07,HYG,94.08999633789062,94.26000213623047,94.05000305175781,94.16000366210938,48.750736236572266,1578600
2014-05-08,HYG,94.2699966430664,94.30999755859375,94.08999633789062,94.13999938964844,48.74034881591797,4522400
2014-05-09,HYG,94.16000366210938,94.30000305175781,94.13999938964844,94.2300033569336,48.7869758605957,1736600
2014-05-12,HYG,94.37999725341797,94.37999725341797,94.22000122070312,94.33000183105469,48.838741302490234,1123000
2014-05-13,HYG,94.2699966430664,94.62000274658203,94.25,94.4800033569336,48.9163932800293,1933600
2014-05-14,HYG,94.4000015258789,94.58999633789062,94.38999938964844,94.52999877929688,48.942291259765625,1721400
2014-05-15,HYG,94.5999984741211,94.5999984741211,94.33999633789062,94.44000244140625,48.89567565917969,4240700
2014-05-16,HYG,94.5,94.6500015258789,94.37999725341797,94.62999725341797,48.99409103393555,3185000
2014-05-19,HYG,94.5999984741211,94.8499984741211,94.51000213623047,94.7699966430664,49.066524505615234,7351000
2014-05-20,HYG,94.7699966430664,94.77999877929688,94.63999938964844,94.6500015258789,49.00437927246094,4217800
2014-05-21,HYG,94.7300033569336,94.7699966430664,94.5,94.63999938964844,48.99922561645508,2925900
2014-05-22,HYG,94.66000366210938,94.7300033569336,94.58999633789062,94.70999908447266,49.035491943359375,1950900
2014-05-23,HYG,94.66000366210938,94.83999633789062,94.66000366210938,94.73999786376953,49.05101776123047,2289100
2014-05-27,HYG,94.7699966430664,94.8499984741211,94.72000122070312,94.83000183105469,49.09761047363281,4384700
2014-05-28,HYG,94.8499984741211,94.9000015258789,94.80999755859375,94.86000061035156,49.11310577392578,3904400
2014-05-29,HYG,94.9000015258789,95.0,94.83999633789062,94.94999694824219,49.15976333618164,4734800
2014-05-30,HYG,94.9800033569336,95.06999969482422,94.93000030517578,95.05000305175781,49.21149826049805,4445800
2014-06-02,HYG,94.75,94.75,94.30999755859375,94.31999969482422,49.05495071411133,5722500
2014-06-03,HYG,94.41000366210938,94.43000030517578,94.30999755859375,94.33000183105469,49.060176849365234,2978300
2014-06-04,HYG,94.30999755859375,94.4000015258789,94.26000213623047,94.33000183105469,49.060176849365234,2527200
2014-06-05,HYG,94.41999816894531,94.58999633789062,94.33000183105469,94.55999755859375,49.17980194091797,2034100
2014-06-06,HYG,94.5999984741211,94.91000366210938,94.58999633789062,94.83000183105469,49.320194244384766,3059100
2014-06-09,HYG,94.97000122070312,94.9800033569336,94.77999877929688,94.94000244140625,49.3774528503418,2906800
2014-06-10,HYG,94.76000213623047,95.0,94.76000213623047,94.88999938964844,49.35139083862305,2091000
2014-06-11,HYG,94.87999725341797,94.91999816894531,94.77999877929688,94.9000015258789,49.35660934448242,1699500
2014-06-12,HYG,94.80999755859375,94.93000030517578,94.80999755859375,94.83999633789062,49.32541275024414,1354000
2014-06-13,HYG,94.9800033569336,94.9800033569336,94.83000183105469,94.94999694824219,49.38264083862305,1276500
2014-06-16,HYG,94.91999816894531,95.0,94.88999938964844,94.9000015258789,49.35660934448242,1869500
2014-06-17,HYG,94.88999938964844,95.0,94.77999877929688,94.83000183105469,49.320194244384766,7251700
2014-06-18,HYG,94.83999633789062,95.30999755859375,94.83999633789062,95.26000213623047,49.54381561279297,4284800
2014-06-19,HYG,95.2699966430664,95.30999755859375,95.1500015258789,95.23999786376953,49.53346252441406,2882500
2014-06-20,HYG,95.26000213623047,95.4000015258789,95.23999786376953,95.33000183105469,49.58023452758789,2372300
2014-06-23,HYG,95.33999633789062,95.43000030517578,95.29000091552734,95.31999969482422,49.57505416870117,1551000
2014-06-24,HYG,95.2699966430664,95.41000366210938,95.23999786376953,95.23999786376953,49.53346252441406,1839300
2014-06-25,HYG,95.30000305175781,95.4000015258789,95.25,95.37999725341797,49.60626983642578,2385000
2014-06-26,HYG,95.33999633789062,95.38999938964844,95.19999694824219,95.27999877929688,49.55426025390625,1806400
2014-06-27,HYG,95.30999755859375,95.33000183105469,95.19000244140625,95.27999877929688,49.55426025390625,1702700
2014-06-30,HYG,95.11000061035156,95.31999969482422,95.11000061035156,95.19999694824219,49.512611389160156,2647600
2014-07-01,HYG,94.93000030517578,95.02999877929688,94.77999877929688,94.80999755859375,49.52568054199219,3472700
2014-07-02,HYG,94.87000274658203,95.0,94.80999755859375,94.87000274658203,49.55702590942383,2819400
2014-07-03,HYG,94.86000061035156,94.91000366210938,94.69999694824219,94.7300033569336,49.483909606933594,2776100
2014-07-07,HYG,94.69999694824219,94.80000305175781,94.6500015258789,94.66000366210938,49.44738006591797,1941300
2014-07-08,HYG,94.73999786376953,94.77999877929688,94.66000366210938,94.68000030517578,49.4577751159668,2035300
2014-07-09,HYG,94.75,94.80000305175781,94.58000183105469,94.61000061035156,49.421207427978516,3945400
2014-07-10,HYG,94.54000091552734,94.54000091552734,94.29000091552734,94.31999969482422,49.269744873046875,6011600
2014-07-11,HYG,94.33000183105469,94.52999877929688,94.33000183105469,94.4800033569336,49.35333251953125,2071400
2014-07-14,HYG,94.80000305175781,94.80000305175781,94.44000244140625,94.44999694824219,49.33763122558594,2632700
2014-07-15,HYG,94.45999908447266,94.51000213623047,94.29000091552734,94.30000305175781,49.259300231933594,2888400
2014-07-16,HYG,94.41000366210938,94.41000366210938,94.12999725341797,94.1500015258789,49.18093490600586,4264900
2014-07-17,HYG,94.11000061035156,94.13999938964844,93.4800033569336,93.48999786376953,48.836185455322266,5767800
2014-07-18,HYG,93.7699966430664,93.9800033569336,93.6500015258789,93.87999725341797,49.03989791870117,1994800
2014-07-21,HYG,93.8499984741211,93.87999725341797,93.62999725341797,93.72000122070312,48.95631790161133,3111700
2014-07-22,HYG,93.7699966430664,94.0,93.76000213623047,93.8499984741211,49.02419662475586,3707100
2014-07-23,HYG,93.95999908447266,94.08000183105469,93.93000030517578,94.02999877929688,49.118263244628906,1995900
2014-07-24,HYG,94.06999969482422,94.29000091552734,93.98999786376953,94.19999694824219,49.207061767578125,3089100
2014-07-25,HYG,94.18000030517578,94.2300033569336,94.01000213623047,94.04000091552734,49.12348556518555,3072300
2014-07-28,HYG,94.01000213623047,94.04000091552734,93.73999786376953,93.76000213623047,48.97722625732422,5355100
2014-07-29,HYG,93.81999969482422,94.0,93.61000061035156,93.62999725341797,48.9093132019043,3877100
2014-07-30,HYG,93.7300033569336,93.7699966430664,93.0999984741211,93.23999786376953,48.70558166503906,5415100
2014-07-31,HYG,92.83000183105469,92.97000122070312,92.44000244140625,92.4800033569336,48.30856704711914,7460000
2014-08-01,HYG,92.05999755859375,92.3499984741211,91.31999969482422,92.04000091552734,48.3038444519043,10942000
2014-08-04,HYG,92.05999755859375,92.62999725341797,92.02999877929688,92.5999984741211,48.59774398803711,7020400
2014-08-05,HYG,92.61000061035156,92.62999725341797,92.27999877929688,92.41999816894531,48.50331115722656,3612500
2014-08-06,HYG,92.37999725341797,92.7300033569336,92.3499984741211,92.63999938964844,48.61875534057617,4167700
2014-08-07,HYG,92.69000244140625,92.94999694824219,92.66999816894531,92.69999694824219,48.65024185180664,3833900
2014-08-08,HYG,92.5,93.05999755859375,92.5,92.98999786376953,48.80242156982422,3426300
2014-08-11,HYG,93.12000274658203,93.48999786376953,92.98999786376953,93.43000030517578,49.03337097167969,6908300
2014-08-12,HYG,93.47000122070312,93.55999755859375,93.31999969482422,93.41000366210938,49.022857666015625,4231700
2014-08-13,HYG,93.6500015258789,93.69999694824219,93.45999908447266,93.68000030517578,49.16455078125,4960200
2014-08-14,HYG,93.72000122070312,93.95999908447266,93.70999908447266,93.86000061035156,49.25902557373047,4246600
2014-08-15,HYG,94.0199966430664,94.11000061035156,93.87000274658203,94.05000305175781,49.3587532043457,6051300
2014-08-18,HYG,94.06999969482422,94.33999633789062,94.01000213623047,94.31999969482422,49.500450134277344,5112800
2014-08-19,HYG,94.37000274658203,94.37999725341797,94.23999786376953,94.29000091552734,49.48469543457031,2747200
2014-08-20,HYG,94.31999969482422,94.4800033569336,94.16999816894531,94.36000061035156,49.52143859863281,2470000
2014-08-21,HYG,94.36000061035156,94.45999908447266,94.33999633789062,94.36000061035156,49.52143859863281,1869100
2014-08-22,HYG,94.3499984741211,94.41000366210938,94.08999633789062,94.12999725341797,49.40074157714844,3065500
2014-08-25,HYG,94.26000213623047,94.37999725341797,94.08000183105469,94.33000183105469,49.50568771362305,1958000
2014-08-26,HYG,94.33000183105469,94.47000122070312,94.30999755859375,94.4000015258789,49.54242706298828,1562400
2014-08-27,HYG,94.47000122070312,94.4800033569336,94.30000305175781,94.30999755859375,49.49518966674805,3685200
2014-08-28,HYG,94.27999877929688,94.38999938964844,94.12999725341797,94.16999816894531,49.42173767089844,1815400
2014-08-29,HYG,94.23999786376953,94.27999877929688,94.12000274658203,94.23999786376953,49.45841979980469,2046000
2014-09-02,HYG,93.7699966430664,93.9800033569336,93.75,93.91999816894531,49.51645278930664,4484800
2014-09-03,HYG,93.91999816894531,93.91999816894531,93.66999816894531,93.68000030517578,49.38993453979492,3200200
2014-09-04,HYG,93.7300033569336,93.7699966430664,93.26000213623047,93.37000274658203,49.226470947265625,4754500
2014-09-05,HYG,93.37999725341797,93.44999694824219,93.25,93.26000213623047,49.16848373413086,4752700
2014-09-08,HYG,93.23999786376953,93.3499984741211,93.08000183105469,93.16999816894531,49.12101364135742,2549200
2014-09-09,HYG,93.13999938964844,93.13999938964844,92.70999908447266,92.73999786376953,48.89433288574219,4647900
2014-09-10,HYG,92.75,92.81999969482422,92.55000305175781,92.77999877929688,48.91542053222656,3290600
2014-09-11,HYG,92.68000030517578,92.83999633789062,92.58000183105469,92.77999877929688,48.91542053222656,2822400
2014-09-12,HYG,92.69999694824219,92.80000305175781,92.5199966430664,92.66999816894531,48.85740280151367,5372500
2014-09-15,HYG,92.75,92.76000213623047,92.47000122070312,92.5,48.76778793334961,3592400
2014-09-16,HYG,92.44999694824219,92.86000061035156,92.43000030517578,92.69000244140625,48.868003845214844,5132200
2014-09-17,HYG,92.87000274658203,93.08999633789062,92.76000213623047,92.98999786376953,49.02613830566406,4399300
2014-09-18,HYG,92.9800033569336,93.08000183105469,92.91000366210938,93.0199966430664,49.041961669921875,3640300
2014-09-19,HYG,93.0999984741211,93.19000244140625,93.0199966430664,93.16000366210938,49.115753173828125,6000600
2014-09-22,HYG,93.16000366210938,93.23999786376953,92.91000366210938,92.98999786376953,49.02613830566406,4355300
2014-09-23,HYG,92.79000091552734,92.91999816894531,92.44000244140625,92.5199966430664,48.77833557128906,3573100
2014-09-24,HYG,92.5,92.5,92.05999755859375,92.23999786376953,48.63072204589844,6342700
2014-09-25,HYG,92.0999984741211,92.0999984741211,91.5,91.61000061035156,48.29856491088867,7348000
2014-09-26,HYG,91.22000122070312,91.7300033569336,90.94999694824219,91.55000305175781,48.26691818237305,11842500
2014-09-29,HYG,91.04000091552734,91.37000274658203,90.88999938964844,91.36000061035156,48.166748046875,6289400
2014-09-30,HYG,91.63999938964844,92.02999877929688,91.55000305175781,91.94999694824219,48.477806091308594,6905400
2014-10-01,HYG,91.75,91.9000015258789,91.5199966430664,91.66000366210938,48.53129959106445,9996600
2014-10-02,HYG,91.62000274658203,91.87999725341797,91.4000015258789,91.83999633789062,48.62662124633789,6197300
2014-10-03,HYG,92.0999984741211,92.43000030517578,91.97000122070312,92.1500015258789,48.790748596191406,6371600
2014-10-06,HYG,92.30000305175781,92.44000244140625,92.13999938964844,92.25,48.84368133544922,4213800
2014-10-07,HYG,92.12999725341797,92.20999908447266,91.80999755859375,91.9000015258789,48.658382415771484,4994200
2014-10-08,HYG,91.87999725341797,92.37999725341797,91.7300033569336,92.33999633789062,48.89133834838867,7589400
2014-10-09,HYG,92.1500015258789,92.2300033569336,91.2699966430664,91.36000061035156,48.37245559692383,7177500
2014-10-10,HYG,91.18000030517578,91.30999755859375,90.51000213623047,90.62000274658203,47.98067092895508,14239800
2014-10-13,HYG,90.55000305175781,90.95999908447266,90.1500015258789,90.16999816894531,47.74241256713867,7908500
2014-10-14,HYG,90.5,90.7699966430664,90.22000122070312,90.47000122070312,47.9012336730957,11695300
2014-10-15,HYG,90.20999908447266,90.48999786376953,89.20999908447266,90.48999786376953,47.91183853149414,11711300
2014-10-16,HYG,89.98999786376953,91.0999984741211,89.8499984741211,91.0,48.181846618652344,12623100
2014-10-17,HYG,91.73999786376953,92.23999786376953,91.4000015258789,91.7699966430664,48.58952331542969,13575900
2014-10-20,HYG,91.83000183105469,92.5,91.7300033569336,92.43000030517578,48.938987731933594,7331400
2014-10-21,HYG,92.62000274658203,93.19999694824219,92.62000274658203,93.18000030517578,49.336097717285156,7453700
2014-10-22,HYG,93.16000366210938,93.19999694824219,92.44999694824219,92.56999969482422,49.013126373291016,8363900
2014-10-23,HYG,92.87000274658203,94.91999816894531,92.51000213623047,92.52999877929688,48.991947174072266,9482300
2014-10-24,HYG,92.44999694824219,92.91999816894531,92.44999694824219,92.79000091552734,49.129600524902344,5764300
2014-10-27,HYG,92.7300033569336,92.75,92.33999633789062,92.41000366210938,48.92839050292969,4911400
2014-10-28,HYG,92.54000091552734,92.70999908447266,92.37999725341797,92.55999755859375,49.0078125,6024200
2014-10-29,HYG,92.62999725341797,92.68000030517578,92.20999908447266,92.48999786376953,48.970760345458984,5320700
2014-10-30,HYG,92.5,94.94999694824219,92.38999938964844,92.44999694824219,48.94957733154297,3341700
2014-10-31,HYG,92.80999755859375,92.80999755859375,92.5,92.52999877929688,48.991947174072266,5065400
2014-11-03,HYG,92.22000122070312,92.51000213623047,92.18000030517578,92.31999969482422,49.0950927734375,4936200
2014-11-04,HYG,92.29000091552734,92.29000091552734,91.95999908447266,92.02999877929688,48.94086456298828,5886200
2014-11-05,HYG,92.16000366210938,92.18000030517578,91.91000366210938,92.01000213623047,48.930240631103516,4399300
2014-11-06,HYG,92.08000183105469,92.2699966430664,92.06999969482422,92.25,49.057884216308594,3747700
2014-11-07,HYG,92.25,92.37999725341797,92.13999938964844,92.33999633789062,49.10573196411133,3456300
2014-11-10,HYG,92.30999755859375,92.41999816894531,92.29000091552734,92.37999725341797,49.12699508666992,2680400
2014-11-11,HYG,92.37999725341797,92.62000274658203,92.25,92.58999633789062,49.23869323730469,2730700
2014-11-12,HYG,92.4800033569336,92.51000213623047,92.26000213623047,92.29000091552734,49.07914733886719,3218900
2014-11-13,HYG,92.37999725341797,92.37999725341797,91.80000305175781,91.91000366210938,48.8770751953125,5081300
2014-11-14,HYG,91.80999755859375,91.94000244140625,91.41000366210938,91.44999694824219,48.6324348449707,7868000
2014-11-17,HYG,91.5199966430664,91.66999816894531,91.3499984741211,91.44000244140625,48.62711715698242,5213700
2014-11-18,HYG,91.41000366210938,91.55999755859375,91.25,91.26000213623047,48.53141784667969,5227200
2014-11-19,HYG,91.0999984741211,91.26000213623047,90.86000061035156,91.23999786376953,48.52076721191406,7733300
2014-11-20,HYG,91.0,91.30000305175781,90.91999816894531,91.25,48.526092529296875,3274300
2014-11-21,HYG,91.62000274658203,92.01000213623047,91.52999877929688,91.75,48.79198455810547,7983000
2014-11-24,HYG,91.87000274658203,91.94000244140625,91.62999725341797,91.73999786376953,48.78666687011719,4569100
2014-11-25,HYG,91.69999694824219,91.94999694824219,91.66000366210938,91.88999938964844,48.866432189941406,4878500
2014-11-26,HYG,91.94999694824219,92.12999725341797,91.9000015258789,92.01000213623047,48.930240631103516,3055800
2014-11-28,HYG,91.58999633789062,91.6500015258789,91.04000091552734,91.12999725341797,48.46231460571289,5290500
2014-12-01,HYG,90.66999816894531,90.66999816894531,89.73999786376953,89.80000305175781,47.974525451660156,12432400
2014-12-02,HYG,90.05000305175781,90.31999969482422,89.87000274658203,90.29000091552734,48.23630142211914,6821200
2014-12-03,HYG,90.31999969482422,90.51000213623047,90.19999694824219,90.44000244140625,48.31645965576172,7627000
2014-12-04,HYG,90.36000061035156,90.5,90.30000305175781,90.37999725341797,48.284366607666016,4581600
2014-12-05,HYG,90.26000213623047,90.38999938964844,90.04000091552734,90.30999755859375,48.2469596862793,5237400
2014-12-08,HYG,90.12999725341797,90.19999694824219,89.69999694824219,89.8499984741211,48.0012321472168,6770800
2014-12-09,HYG,89.30999755859375,89.87999725341797,89.2300033569336,89.80000305175781,47.974525451660156,9702100
2014-12-10,HYG,89.37000274658203,89.5,88.41999816894531,88.7699966430664,47.424251556396484,15409400
2014-12-11,HYG,88.62000274658203,88.91000366210938,87.91999816894531,88.44999694824219,47.253265380859375,12053000
2014-12-12,HYG,87.80000305175781,87.94000244140625,87.0999984741211,87.25,46.61220169067383,11563300
2014-12-15,HYG,87.44000244140625,87.5999984741211,86.45999908447266,87.19999694824219,46.58551025390625,14114000
2014-12-16,HYG,86.44000244140625,87.66000366210938,86.12000274658203,86.88999938964844,46.41987991333008,14875500
2014-12-17,HYG,86.95999908447266,88.9800033569336,86.88999938964844,88.66000366210938,47.365474700927734,16864000
2014-12-18,HYG,90.0,90.30999755859375,88.72000122070312,89.37000274658203,47.74481201171875,16638700
2014-12-19,HYG,89.62000274658203,90.30999755859375,89.5199966430664,90.2300033569336,48.204227447509766,9952800
2014-12-22,HYG,90.1500015258789,90.30000305175781,89.69999694824219,90.01000213623047,48.086708068847656,6622400
2014-12-23,HYG,90.23999786376953,90.41000366210938,89.94999694824219,90.33000183105469,48.257652282714844,5314400
2014-12-24,HYG,89.9800033569336,90.30000305175781,89.91999816894531,90.25,48.42183303833008,2285700
2014-12-26,HYG,90.3499984741211,90.5,89.9000015258789,89.97000122070312,48.271583557128906,1815500
2014-12-29,HYG,90.0199966430664,90.23999786376953,89.7300033569336,90.0199966430664,48.29845428466797,4717100
2014-12-30,HYG,89.7699966430664,89.95999908447266,89.66000366210938,89.83999633789062,48.20188522338867,3624300
2014-12-31,HYG,89.87999725341797,90.0,89.44000244140625,89.5999984741211,48.07307434082031,4185400
2015-01-02,HYG,89.69000244140625,89.93000030517578,89.48999786376953,89.5999984741211,48.07307434082031,3271900
2015-01-05,HYG,89.0999984741211,89.23999786376953,88.6500015258789,88.7699966430664,47.627769470214844,7523100
2015-01-06,HYG,88.5999984741211,88.95999908447266,88.33999633789062,88.43000030517578,47.44538497924805,9489700
2015-01-07,HYG,89.12000274658203,89.27999877929688,88.87000274658203,88.9800033569336,47.74046325683594,8353100
2015-01-08,HYG,89.30999755859375,89.83000183105469,88.9800033569336,89.6500015258789,48.09994125366211,8388600
2015-01-09,HYG,89.72000122070312,90.13999938964844,89.37000274658203,90.0999984741211,48.341373443603516,6766700
2015-01-12,HYG,90.16999816894531,90.16999816894531,89.63999938964844,89.98999786376953,48.28236389160156,8698500
2015-01-13,HYG,90.0,90.2300033569336,89.54000091552734,89.98999786376953,48.28236389160156,7738700
2015-01-14,HYG,89.51000213623047,89.83999633789062,89.3499984741211,89.77999877929688,48.16966247558594,7415500
2015-01-15,HYG,89.9800033569336,89.9800033569336,89.20999908447266,89.2300033569336,47.874568939208984,7061300
2015-01-16,HYG,89.33999633789062,89.69999694824219,89.33000183105469,89.56999969482422,48.05699157714844,7685500
2015-01-20,HYG,89.83999633789062,89.83999633789062,89.26000213623047,89.41000366210938,47.971153259277344,5915300
2015-01-21,HYG,89.36000061035156,89.91000366210938,89.30000305175781,89.88999938964844,48.22867965698242,6110700
2015-01-22,HYG,90.0199966430664,90.16999816894531,89.77999877929688,90.01000213623047,48.293087005615234,6940100
2015-01-23,HYG,90.01000213623047,90.13999938964844,89.93000030517578,90.01000213623047,48.293087005615234,5134500
2015-01-26,HYG,90.06999969482422,90.48999786376953,89.93000030517578,90.41999816894531,48.513023376464844,8252300
2015-01-27,HYG,90.08000183105469,90.43000030517578,90.01000213623047,90.3499984741211,48.475486755371094,8771100
2015-01-28,HYG,90.41000366210938,90.5,90.01000213623047,90.16000366210938,48.37357711791992,5622400
2015-01-29,HYG,90.33999633789062,90.5199966430664,90.1500015258789,90.4800033569336,48.545249938964844,4923200
2015-01-30,HYG,90.37999725341797,90.4800033569336,90.19000244140625,90.2300033569336,48.4111213684082,6383000
2015-02-02,HYG,90.02999877929688,90.20999908447266,89.87999725341797,90.20999908447266,48.596954345703125,4120600
2015-02-03,HYG,90.37999725341797,90.83000183105469,90.30000305175781,90.72000122070312,48.8717041015625,11682400
2015-02-04,HYG,90.63999938964844,90.63999938964844,90.30000305175781,90.33999633789062,48.6669807434082,8333900
2015-02-05,HYG,90.55000305175781,90.87999725341797,90.4000015258789,90.87000274658203,48.952510833740234,10172500
2015-02-06,HYG,91.06999969482422,91.08000183105469,90.77999877929688,90.94000244140625,48.990230560302734,6076700
2015-02-09,HYG,90.87999725341797,90.98999786376953,90.69999694824219,90.72000122070312,48.8717041015625,4672800
2015-02-10,HYG,90.9000015258789,91.02999877929688,90.88999938964844,91.02999877929688,49.038692474365234,6846600
2015-02-11,HYG,90.9800033569336,91.02999877929688,90.83000183105469,91.0,49.02253723144531,5688000
2015-02-12,HYG,91.13999938964844,91.13999938964844,90.94000244140625,90.98999786376953,49.01716232299805,3185400
2015-02-13,HYG,91.01000213623047,91.19000244140625,90.94000244140625,91.12000274658203,49.08718490600586,4676600
2015-02-17,HYG,91.23999786376953,91.27999877929688,91.02999877929688,91.05999755859375,49.05488204956055,6624200
2015-02-18,HYG,91.1500015258789,91.38999938964844,91.04000091552734,91.37000274658203,49.221866607666016,4744400
2015-02-19,HYG,91.2699966430664,91.31999969482422,91.13999938964844,91.16000366210938,49.1087532043457,2964800
2015-02-20,HYG,91.1500015258789,91.41999816894531,91.08000183105469,91.41000366210938,49.243431091308594,5470600
2015-02-23,HYG,91.44999694824219,91.4800033569336,91.2699966430664,91.4800033569336,49.28114700317383,4165700
2015-02-24,HYG,91.45999908447266,91.5999984741211,91.38999938964844,91.56999969482422,49.32958984375,3689300
2015-02-25,HYG,91.62999725341797,91.9000015258789,91.56999969482422,91.87000274658203,49.491233825683594,9048500
2015-02-26,HYG,91.83999633789062,91.97000122070312,91.73999786376953,91.8499984741211,49.48046112060547,7928200
2015-02-27,HYG,91.9000015258789,91.94999694824219,91.80999755859375,91.87000274658203,49.491233825683594,4521800
2015-03-02,HYG,91.55999755859375,91.5999984741211,91.30000305175781,91.45999908447266,49.48202896118164,6933000
2015-03-03,HYG,91.31999969482422,91.4000015258789,91.12000274658203,91.19999694824219,49.341373443603516,10032000
2015-03-04,HYG,91.05000305175781,91.16000366210938,90.9800033569336,91.02999877929688,49.24938201904297,7832800
2015-03-05,HYG,91.16999816894531,91.19999694824219,91.04000091552734,91.19999694824219,49.341373443603516,6412500
2015-03-06,HYG,90.94999694824219,90.97000122070312,90.52999877929688,90.62000274658203,49.02758026123047,9271900
2015-03-09,HYG,90.7300033569336,90.73999786376953,90.37999725341797,90.43000030517578,48.924766540527344,9607500
2015-03-10,HYG,90.27999877929688,90.33999633789062,89.9000015258789,90.08000183105469,48.73541259765625,12447300
2015-03-11,HYG,90.3499984741211,90.45999908447266,90.06999969482422,90.33000183105469,48.87065124511719,9214800
2015-03-12,HYG,90.5999984741211,90.63999938964844,90.36000061035156,90.51000213623047,48.96807098388672,4469900
2015-03-13,HYG,90.36000061035156,90.4000015258789,89.97000122070312,90.19999694824219,48.800331115722656,6184500
2015-03-16,HYG,90.2699966430664,90.33999633789062,90.05000305175781,90.11000061035156,48.75164031982422,4772600
2015-03-17,HYG,89.87999725341797,90.0199966430664,89.48999786376953,89.66000366210938,48.50817108154297,13059600
2015-03-18,HYG,89.66000366210938,90.47000122070312,89.48999786376953,90.45999908447266,48.94097900390625,11633900
2015-03-19,HYG,90.16999816894531,90.36000061035156,89.68000030517578,89.73999786376953,48.551422119140625,9226000
2015-03-20,HYG,90.0999984741211,90.4800033569336,89.97000122070312,90.44000244140625,48.93022537231445,9127300
2015-03-23,HYG,90.43000030517578,90.54000091552734,90.30999755859375,90.51000213623047,48.96807098388672,5459200
2015-03-24,HYG,90.4800033569336,90.72000122070312,90.44999694824219,90.6500015258789,49.04378890991211,6767200
2015-03-25,HYG,90.70999908447266,90.83000183105469,90.4000015258789,90.41000366210938,48.91394805908203,5364600
2015-03-26,HYG,90.51000213623047,90.52999877929688,90.2300033569336,90.4000015258789,48.908538818359375,4876400
2015-03-27,HYG,90.38999938964844,90.55999755859375,90.3499984741211,90.47000122070312,48.946407318115234,3822000
2015-03-30,HYG,90.51000213623047,90.79000091552734,90.5,90.72000122070312,49.08167266845703,4197700
2015-03-31,HYG,90.69000244140625,90.83999633789062,90.55999755859375,90.61000061035156,49.022159576416016,4498400
2015-04-01,HYG,90.3499984741211,90.43000030517578,90.0999984741211,90.38999938964844,49.12324905395508,9298200
2015-04-02,HYG,90.45999908447266,90.58999633789062,90.3499984741211,90.45999908447266,49.161251068115234,4774400
2015-04-06,HYG,90.37999725341797,90.80999755859375,90.37999725341797,90.69000244140625,49.286251068115234,5020700
2015-04-07,HYG,90.7699966430664,91.19999694824219,90.69000244140625,91.16999816894531,49.547142028808594,8659800
2015-04-08,HYG,91.20999908447266,91.30000305175781,91.01000213623047,91.1500015258789,49.53626251220703,7151900
2015-04-09,HYG,91.19000244140625,91.26000213623047,91.0,91.05999755859375,49.48736572265625,3415700
2015-04-10,HYG,91.05000305175781,91.27999877929688,91.05000305175781,91.2699966430664,49.601478576660156,3012700
2015-04-13,HYG,91.2699966430664,91.31999969482422,91.08000183105469,91.0999984741211,49.509071350097656,2866600
2015-04-14,HYG,91.12999725341797,91.19999694824219,90.93000030517578,91.13999938964844,49.530799865722656,2830000
2015-04-15,HYG,91.23999786376953,91.55999755859375,91.20999908447266,91.5,49.726463317871094,4438300
2015-04-16,HYG,91.44000244140625,91.44000244140625,91.2699966430664,91.30999755859375,49.62321853637695,5285400
2015-04-17,HYG,91.23999786376953,91.23999786376953,91.0,91.02999877929688,49.47105026245117,3901300
2015-04-20,HYG,91.23999786376953,91.37999725341797,91.11000061035156,91.2300033569336,49.57976150512695,3641000
2015-04-21,HYG,91.4800033569336,91.4800033569336,91.23999786376953,91.29000091552734,49.612361907958984,3730700
2015-04-22,HYG,91.43000030517578,91.44000244140625,91.18000030517578,91.19999694824219,49.563453674316406,4031100
2015-04-23,HYG,91.26000213623047,91.36000061035156,91.08000183105469,91.16999816894531,49.547142028808594,4755200
2015-04-24,HYG,91.19000244140625,91.33999633789062,91.19000244140625,91.31999969482422,49.6286735534668,4221400
2015-04-27,HYG,91.44999694824219,91.48999786376953,91.2699966430664,91.3499984741211,49.644954681396484,5049600
2015-04-28,HYG,91.27999877929688,91.30999755859375,91.16999816894531,91.20999908447266,49.56889343261719,4697400
2015-04-29,HYG,91.0,91.19999694824219,90.91999816894531,91.04000091552734,49.476478576660156,8152700
2015-04-30,HYG,91.0,91.08000183105469,90.80999755859375,90.98999786376953,49.44932174682617,11463800
2015-05-01,HYG,90.66000366210938,90.80999755859375,90.61000061035156,90.79000091552734,49.55955123901367,8053700
2015-05-04,HYG,90.94999694824219,90.97000122070312,90.6500015258789,90.7699966430664,49.54867935180664,6683700
2015-05-05,HYG,90.69000244140625,90.77999877929688,90.48999786376953,90.6500015258789,49.483158111572266,12736900
2015-05-06,HYG,90.6500015258789,90.69000244140625,90.31999969482422,90.37999725341797,49.33576965332031,13677500
2015-05-07,HYG,90.30000305175781,90.58000183105469,90.2699966430664,90.37000274658203,49.33028793334961,8676400
2015-05-08,HYG,90.86000061035156,91.08000183105469,90.80000305175781,91.08000183105469,49.7178840637207,10319600
2015-05-11,HYG,91.01000213623047,91.05999755859375,90.4800033569336,90.51000213623047,49.406742095947266,5499200
2015-05-12,HYG,90.36000061035156,90.7300033569336,90.29000091552734,90.5,49.40126037597656,6569200
2015-05-13,HYG,90.62000274658203,90.7699966430664,90.33000183105469,90.37000274658203,49.33028793334961,4349000
2015-05-14,HYG,90.58999633789062,90.87000274658203,90.58999633789062,90.80999755859375,49.57050704956055,5147100
2015-05-15,HYG,90.9000015258789,91.08000183105469,90.80999755859375,91.01000213623047,49.6796760559082,8939400
2015-05-18,HYG,91.0,91.0,90.75,90.86000061035156,49.5977897644043,2843700
2015-05-19,HYG,90.87999725341797,90.87999725341797,90.63999938964844,90.72000122070312,49.521358489990234,4743200
2015-05-20,HYG,90.7300033569336,90.86000061035156,90.61000061035156,90.61000061035156,49.46131896972656,2841700
2015-05-21,HYG,90.5999984741211,90.83000183105469,90.5999984741211,90.73999786376953,49.53229522705078,3709300
2015-05-22,HYG,90.7300033569336,90.8499984741211,90.69000244140625,90.80999755859375,49.57050704956055,3716900
2015-05-26,HYG,90.66999816894531,90.79000091552734,90.61000061035156,90.62000274658203,49.46681213378906,3951500
2015-05-27,HYG,90.77999877929688,90.9000015258789,90.68000030517578,90.81999969482422,49.57594299316406,3737800
2015-05-28,HYG,90.80999755859375,90.83000183105469,90.69000244140625,90.77999877929688,49.55411911010742,5440700
2015-05-29,HYG,90.76000213623047,90.97000122070312,90.76000213623047,90.91000366210938,49.625083923339844,4764000
2015-06-01,HYG,90.6500015258789,90.7699966430664,90.45999908447266,90.66000366210938,49.708438873291016,9372600
2015-06-02,HYG,90.75,90.75,90.33999633789062,90.48999786376953,49.615196228027344,5203700
2015-06-03,HYG,90.38999938964844,90.44999694824219,89.94000244140625,90.0,49.346553802490234,9532700
2015-06-04,HYG,89.93000030517578,90.01000213623047,89.70999908447266,89.70999908447266,49.18755340576172,11381700
2015-06-05,HYG,89.48999786376953,89.62999725341797,89.33000183105469,89.44000244140625,49.03949737548828,7747600
2015-06-08,HYG,89.5199966430664,89.61000061035156,89.33999633789062,89.44000244140625,49.03949737548828,6487800
2015-06-09,HYG,89.41999816894531,89.44000244140625,89.16999816894531,89.29000091552734,48.95725631713867,11416200
2015-06-10,HYG,89.30999755859375,89.4800033569336,89.26000213623047,89.41000366210938,49.0230598449707,5187500
2015-06-11,HYG,89.47000122070312,89.5999984741211,89.37999725341797,89.58999633789062,49.121726989746094,5202100
2015-06-12,HYG,89.41999816894531,89.5199966430664,89.23999786376953,89.26000213623047,48.94081497192383,5713500
2015-06-15,HYG,89.06999969482422,89.22000122070312,88.80999755859375,88.83999633789062,48.71051788330078,12726200
2015-06-16,HYG,88.80999755859375,89.33999633789062,88.80999755859375,89.33999633789062,48.984649658203125,5249800
2015-06-17,HYG,89.19999694824219,89.4000015258789,88.94000244140625,89.26000213623047,48.94081497192383,5660400
2015-06-18,HYG,89.29000091552734,89.69000244140625,89.29000091552734,89.58999633789062,49.121726989746094,6869900
2015-06-19,HYG,89.76000213623047,89.76000213623047,89.45999908447266,89.63999938964844,49.149147033691406,12585700
2015-06-22,HYG,89.88999938964844,89.98999786376953,89.63999938964844,89.81999969482422,49.24784469604492,5035400
2015-06-23,HYG,89.7699966430664,89.80000305175781,89.63999938964844,89.76000213623047,49.2149658203125,3474800
2015-06-24,HYG,89.69999694824219,89.79000091552734,89.5199966430664,89.5199966430664,49.08335876464844,2636900
2015-06-25,HYG,89.56999969482422,89.63999938964844,89.25,89.25,48.93532180786133,5176700
2015-06-26,HYG,89.25,89.31999969482422,88.94999694824219,88.98999786376953,48.79279327392578,6683200
2015-06-29,HYG,88.6500015258789,88.80000305175781,88.37000274658203,88.37999725341797,48.45830535888672,10156900
2015-06-30,HYG,88.76000213623047,88.86000061035156,88.58000183105469,88.80000305175781,48.68858337402344,4912700
2015-07-01,HYG,88.80999755859375,88.80999755859375,88.36000061035156,88.41999816894531,48.69683074951172,13614700
2015-07-02,HYG,88.6500015258789,88.8499984741211,88.5199966430664,88.75,48.87862777709961,5586300
2015-07-06,HYG,88.58000183105469,88.75,88.41000366210938,88.45999908447266,48.71891403198242,4719100
2015-07-07,HYG,88.33000183105469,88.62999725341797,88.12999725341797,88.52999877929688,48.757423400878906,8406300
2015-07-08,HYG,88.16999816894531,88.41999816894531,88.05999755859375,88.08999633789062,48.515113830566406,5744800
2015-07-09,HYG,88.44999694824219,88.7300033569336,88.29000091552734,88.29000091552734,48.62525939941406,6291000
2015-07-10,HYG,88.58999633789062,88.87000274658203,88.55999755859375,88.80000305175781,48.906131744384766,7097900
2015-07-13,HYG,88.91000366210938,88.94000244140625,88.72000122070312,88.87999725341797,48.95020294189453,6119200
2015-07-14,HYG,88.73999786376953,88.83000183105469,88.63999938964844,88.79000091552734,48.90061569213867,6354100
2015-07-15,HYG,88.77999877929688,88.9000015258789,88.6500015258789,88.79000091552734,48.90061569213867,5983300
2015-07-16,HYG,88.88999938964844,89.02999877929688,88.87999725341797,88.93000030517578,48.97772216796875,7523600
2015-07-17,HYG,88.98999786376953,88.98999786376953,88.5999984741211,88.69000244140625,48.8455810546875,7788400
2015-07-20,HYG,88.6500015258789,88.66000366210938,88.2699966430664,88.27999877929688,48.61975860595703,6740400
2015-07-21,HYG,88.20999908447266,88.31999969482422,88.11000061035156,88.12000274658203,48.53162384033203,4904800
2015-07-22,HYG,87.87000274658203,87.93000030517578,87.5199966430664,87.55000305175781,48.217681884765625,10578500
2015-07-23,HYG,87.5199966430664,87.70999908447266,87.5,87.5,48.19015121459961,4918400
2015-07-24,HYG,87.5,87.55000305175781,87.19999694824219,87.25,48.05245590209961,4702900
2015-07-27,HYG,87.01000213623047,87.2699966430664,86.80999755859375,86.87999725341797,47.84870910644531,11061700
2015-07-28,HYG,86.97000122070312,87.44999694824219,86.93000030517578,87.3499984741211,48.1075439453125,10471000
2015-07-29,HYG,87.3499984741211,87.93000030517578,87.3499984741211,87.86000061035156,48.38844680786133,8839500
2015-07-30,HYG,87.80999755859375,88.16999816894531,87.80999755859375,88.12000274658203,48.53162384033203,6127600
2015-07-31,HYG,88.01000213623047,88.23999786376953,87.94000244140625,87.97000122070312,48.449005126953125,5936500
2015-08-03,HYG,87.58999633789062,87.5999984741211,87.37000274658203,87.41000366210938,48.35829162597656,5416900
2015-08-04,HYG,87.5,87.62999725341797,87.44000244140625,87.45999908447266,48.38594055175781,3691400
2015-08-05,HYG,87.63999938964844,87.7300033569336,87.33000183105469,87.33999633789062,48.319557189941406,7778300
2015-08-06,HYG,87.2300033569336,87.33000183105469,86.95999908447266,86.9800033569336,48.120391845703125,10794800
2015-08-07,HYG,86.8499984741211,86.88999938964844,86.68000030517578,86.70999908447266,47.971012115478516,5483500
2015-08-10,HYG,86.7699966430664,86.97000122070312,86.7300033569336,86.95999908447266,48.109310150146484,3234500
2015-08-11,HYG,86.62999725341797,86.69999694824219,86.45999908447266,86.55999755859375,47.88804626464844,4598600
2015-08-12,HYG,86.26000213623047,86.4800033569336,86.04000091552734,86.44000244140625,47.82163619995117,6371900
2015-08-13,HYG,86.37000274658203,86.44000244140625,86.27999877929688,86.33000183105469,47.760780334472656,7422100
2015-08-14,HYG,86.29000091552734,86.51000213623047,86.27999877929688,86.37999725341797,47.78843307495117,3437900
2015-08-17,HYG,86.29000091552734,86.51000213623047,86.19999694824219,86.37999725341797,47.78843307495117,4153600
2015-08-18,HYG,86.2699966430664,86.4000015258789,86.18000030517578,86.2699966430664,47.727596282958984,5471300
2015-08-19,HYG,86.20999908447266,86.44999694824219,86.0199966430664,86.19000244140625,47.683326721191406,7208500
2015-08-20,HYG,85.9000015258789,85.97000122070312,85.6500015258789,85.7699966430664,47.45096206665039,11099100
2015-08-21,HYG,85.52999877929688,85.75,85.37000274658203,85.45999908447266,47.27947235107422,13158600
2015-08-24,HYG,83.80999755859375,85.37999725341797,83.43000030517578,84.76000213623047,46.892215728759766,19116200
2015-08-25,HYG,85.55999755859375,85.69000244140625,84.91000366210938,84.93000030517578,46.98628616333008,18194700
2015-08-26,HYG,85.26000213623047,85.80000305175781,85.19000244140625,85.63999938964844,47.37907791137695,10654800
2015-08-27,HYG,85.86000061035156,86.44999694824219,85.86000061035156,86.27999877929688,47.73313903808594,12772100
2015-08-28,HYG,86.22000122070312,86.5,86.05999755859375,86.36000061035156,47.77741241455078,9100000
2015-08-31,HYG,86.23999786376953,86.30000305175781,85.7300033569336,86.23999786376953,47.71099090576172,5408800
2015-09-01,HYG,85.69999694824219,85.7699966430664,85.44000244140625,85.58000183105469,47.55708694458008,4739100
2015-09-02,HYG,85.93000030517578,85.95999908447266,85.68000030517578,85.93000030517578,47.751590728759766,5259700
2015-09-03,HYG,86.0,86.2300033569336,85.86000061035156,86.05000305175781,47.81827926635742,8779000
2015-09-04,HYG,85.86000061035156,86.06999969482422,85.8499984741211,85.95999908447266,47.768245697021484,4671000
2015-09-08,HYG,86.3499984741211,86.44000244140625,86.23999786376953,86.43000030517578,48.02943801879883,5450300
2015-09-09,HYG,86.5999984741211,86.62000274658203,86.23999786376953,86.31999969482422,47.968299865722656,4914800
2015-09-10,HYG,86.27999877929688,86.5999984741211,86.27999877929688,86.52999877929688,48.08501434326172,4744100
2015-09-11,HYG,86.1500015258789,86.55000305175781,86.11000061035156,86.5,48.068328857421875,4834900
2015-09-14,HYG,86.36000061035156,86.44000244140625,86.22000122070312,86.3499984741211,47.984947204589844,4383100
2015-09-15,HYG,86.25,86.41000366210938,86.19999694824219,86.33000183105469,47.97385025024414,4247800
2015-09-16,HYG,86.02999877929688,86.2300033569336,85.94000244140625,86.0199966430664,47.801570892333984,5026700
2015-09-17,HYG,86.01000213623047,86.41000366210938,85.8499984741211,86.08999633789062,47.84047317504883,6576800
2015-09-18,HYG,85.83999633789062,86.05000305175781,85.69000244140625,85.8499984741211,47.70710754394531,10827600
2015-09-21,HYG,85.86000061035156,85.9000015258789,85.61000061035156,85.69000244140625,47.61820983886719,7579000
2015-09-22,HYG,85.3499984741211,85.69000244140625,84.95999908447266,85.06999969482422,47.273658752441406,7366900
2015-09-23,HYG,85.05000305175781,85.11000061035156,84.86000061035156,84.91999816894531,47.190311431884766,7686000
2015-09-24,HYG,84.75,84.75,84.3499984741211,84.5,46.956912994384766,9167500
2015-09-25,HYG,84.5999984741211,84.76000213623047,84.04000091552734,84.06999969482422,46.717952728271484,8384200
2015-09-28,HYG,83.66999816894531,84.0199966430664,82.72000122070312,82.77999877929688,46.00110626220703,12416300
2015-09-29,HYG,82.70999908447266,83.08999633789062,82.62999725341797,82.7699966430664,45.99554443359375,11417600
2015-09-30,HYG,83.12999725341797,83.33999633789062,82.83000183105469,83.29000091552734,46.284488677978516,14539800
2015-10-01,HYG,82.75,82.87999725341797,82.31999969482422,82.36000061035156,45.98746871948242,12179800
2015-10-02,HYG,81.88999938964844,82.47000122070312,81.66000366210938,82.44000244140625,46.03214645385742,14060200
2015-10-05,HYG,82.87000274658203,83.47000122070312,82.80999755859375,83.43000030517578,46.584903717041016,13531400
2015-10-06,HYG,83.4800033569336,83.9800033569336,83.36000061035156,83.88999938964844,46.84172821044922,13985800
2015-10-07,HYG,84.3499984741211,84.83000183105469,84.19999694824219,84.75,47.32196044921875,18000700
2015-10-08,HYG,84.62000274658203,85.12999725341797,84.45999908447266,85.0999984741211,47.517391204833984,9466900
2015-10-09,HYG,85.2300033569336,85.5999984741211,84.9800033569336,85.11000061035156,47.52298355102539,9900600
2015-10-12,HYG,85.18000030517578,85.25,84.83000183105469,84.94999694824219,47.43364334106445,3867000
2015-10-13,HYG,84.79000091552734,84.94999694824219,84.62999725341797,84.75,47.32196044921875,7772600
2015-10-14,HYG,84.76000213623047,84.94999694824219,84.63999938964844,84.69000244140625,47.28846740722656,7748100
2015-10-15,HYG,84.81999969482422,84.94999694824219,84.61000061035156,84.88999938964844,47.40013885498047,8049200
2015-10-16,HYG,84.91000366210938,85.29000091552734,84.88999938964844,85.27999877929688,47.6179313659668,5978200
2015-10-19,HYG,85.1500015258789,85.56999969482422,85.08000183105469,85.51000213623047,47.74634552001953,10347000
2015-10-20,HYG,85.37999725341797,85.69000244140625,85.29000091552734,85.58999633789062,47.79103088378906,10294800
2015-10-21,HYG,85.6500015258789,85.7699966430664,85.26000213623047,85.5,47.7407341003418,14332200
2015-10-22,HYG,85.58000183105469,85.68000030517578,85.41000366210938,85.52999877929688,47.75749588012695,11805100
2015-10-23,HYG,85.9000015258789,86.08999633789062,85.58000183105469,85.83000183105469,47.92501449584961,13201700
2015-10-26,HYG,85.93000030517578,85.94000244140625,85.68000030517578,85.73999786376953,47.874759674072266,9354100
2015-10-27,HYG,85.66999816894531,85.68000030517578,85.33999633789062,85.45999908447266,47.718421936035156,5585800
2015-10-28,HYG,85.45999908447266,85.70999908447266,85.30000305175781,85.69000244140625,47.84684371948242,8637000
2015-10-29,HYG,85.44999694824219,85.68000030517578,85.43000030517578,85.47000122070312,47.72398376464844,6064500
2015-10-30,HYG,85.52999877929688,85.76000213623047,85.38999938964844,85.56999969482422,47.77983474731445,8803100
2015-11-02,HYG,85.18000030517578,85.4800033569336,85.11000061035156,85.44000244140625,47.927894592285156,5476000
2015-11-03,HYG,85.36000061035156,85.58000183105469,85.36000061035156,85.52999877929688,47.978416442871094,5873700
2015-11-04,HYG,85.56999969482422,85.56999969482422,85.23999786376953,85.27999877929688,47.838199615478516,6082100
2015-11-05,HYG,85.25,85.33999633789062,84.94000244140625,84.94999694824219,47.653053283691406,8529600
2015-11-06,HYG,84.62000274658203,84.69000244140625,84.33999633789062,84.54000091552734,47.42306137084961,8207700
2015-11-09,HYG,84.36000061035156,84.44000244140625,84.12999725341797,84.19000244140625,47.22673034667969,10127900
2015-11-10,HYG,84.0999984741211,84.19000244140625,83.87000274658203,84.0,47.12016296386719,9673000
2015-11-11,HYG,84.04000091552734,84.0999984741211,83.75,83.80000305175781,47.00794219970703,3943900
2015-11-12,HYG,83.47000122070312,83.68000030517578,83.22000122070312,83.23999786376953,46.69379806518555,11570600
2015-11-13,HYG,83.27999877929688,83.36000061035156,82.98999786376953,83.0,46.55921173095703,7487900
2015-11-16,HYG,82.91000366210938,83.44000244140625,82.80999755859375,83.38999938964844,46.77796173095703,8228200
2015-11-17,HYG,83.5999984741211,83.73999786376953,83.37000274658203,83.44999694824219,46.81162643432617,9106400
2015-11-18,HYG,83.4000015258789,83.66000366210938,83.4000015258789,83.61000061035156,46.901371002197266,7479000
2015-11-19,HYG,83.33000183105469,83.48999786376953,82.8499984741211,82.86000061035156,46.48066329956055,9428300
2015-11-20,HYG,82.87999725341797,83.20999908447266,82.80999755859375,82.83999633789062,46.46944046020508,9763700
2015-11-23,HYG,82.73999786376953,82.88999938964844,82.69000244140625,82.7699966430664,46.430179595947266,5138900
2015-11-24,HYG,82.6500015258789,82.91000366210938,82.56999969482422,82.87999725341797,46.491886138916016,9529200
2015-11-25,HYG,82.83999633789062,82.98999786376953,82.83999633789062,82.97000122070312,46.54236602783203,7132500
2015-11-27,HYG,83.0199966430664,83.1500015258789,82.94000244140625,83.0999984741211,46.61528396606445,2259900
2015-11-30,HYG,83.0999984741211,83.1500015258789,82.98999786376953,83.05000305175781,46.5872688293457,5356300
2015-12-01,HYG,82.8499984741211,83.27999877929688,82.80000305175781,83.23999786376953,46.91865921020508,9849200
2015-12-02,HYG,83.18000030517578,83.44000244140625,83.02999877929688,83.06999969482422,46.822837829589844,11871300
2015-12-03,HYG,82.91999816894531,83.12999725341797,82.72000122070312,82.8499984741211,46.69883346557617,15290200
2015-12-04,HYG,82.80000305175781,82.93000030517578,82.5,82.66000366210938,46.591758728027344,14027900
2015-12-07,HYG,82.33000183105469,82.5,82.0199966430664,82.08000183105469,46.26483917236328,11989900
2015-12-08,HYG,81.43000030517578,81.62000274658203,80.95999908447266,81.05999755859375,45.68992233276367,25199100
2015-12-09,HYG,81.05999755859375,81.69999694824219,81.05000305175781,81.4800033569336,45.92662811279297,16703900
2015-12-10,HYG,81.2699966430664,81.56999969482422,81.0,81.13999938964844,45.7349967956543,14206800
2015-12-11,HYG,80.54000091552734,80.54000091552734,78.62000274658203,79.5199966430664,44.82189178466797,54233300
2015-12-14,HYG,79.4000015258789,79.51000213623047,78.20999908447266,78.83000183105469,44.43295669555664,38540500
2015-12-15,HYG,79.80000305175781,80.44999694824219,79.76000213623047,80.12000274658203,45.16004943847656,36337800
2015-12-16,HYG,80.38999938964844,80.88999938964844,80.05999755859375,80.7300033569336,45.50389099121094,30575300
2015-12-17,HYG,80.69999694824219,80.80999755859375,79.80000305175781,79.83000183105469,44.99659729003906,17345300
2015-12-18,HYG,79.55999755859375,79.79000091552734,79.33999633789062,79.52999877929688,44.8275146484375,23548900
2015-12-21,HYG,79.69999694824219,79.9000015258789,79.06999969482422,79.27999877929688,44.686580657958984,14468700
2015-12-22,HYG,79.4000015258789,80.26000213623047,79.36000061035156,80.23999786376953,45.22770309448242,12569500
2015-12-23,HYG,80.51000213623047,80.88999938964844,80.41999816894531,80.75,45.515159606933594,12824900
2015-12-24,HYG,80.3499984741211,80.69999694824219,80.2699966430664,80.48999786376953,45.608123779296875,5284300
2015-12-28,HYG,80.23999786376953,80.25,79.87999725341797,80.01000213623047,45.33613204956055,7151600
2015-12-29,HYG,80.16000366210938,80.52999877929688,80.1500015258789,80.47000122070312,45.596763610839844,7485500
2015-12-30,HYG,80.37000274658203,80.63999938964844,80.18000030517578,80.52999877929688,45.6307373046875,13145300
2015-12-31,HYG,80.4800033569336,80.87999725341797,80.38999938964844,80.58000183105469,45.659088134765625,7935200
2016-01-04,HYG,80.01000213623047,80.16000366210938,79.66999816894531,80.0999984741211,45.387123107910156,14787700
2016-01-05,HYG,80.33999633789062,80.52999877929688,80.06999969482422,80.25,45.47210693359375,11491300
2016-01-06,HYG,79.93000030517578,80.33000183105469,79.93000030517578,80.25,45.47210693359375,11320100
2016-01-07,HYG,79.66999816894531,80.0,79.62000274658203,79.7300033569336,45.177459716796875,11004700
2016-01-08,HYG,80.04000091552734,80.22000122070312,79.5,79.5199966430664,45.05845260620117,17902100
2016-01-11,HYG,79.86000061035156,79.94999694824219,79.30999755859375,79.4000015258789,44.99045181274414,16917700
2016-01-12,HYG,79.88999938964844,79.94999694824219,79.30000305175781,79.4800033569336,45.03580856323242,15217700
2016-01-13,HYG,79.54000091552734,79.62000274658203,78.48999786376953,78.5999984741211,44.537174224853516,20352700
2016-01-14,HYG,78.66000366210938,79.04000091552734,78.27999877929688,78.94999694824219,44.735496520996094,18572700
2016-01-15,HYG,77.66999816894531,78.68000030517578,77.41999816894531,77.91000366210938,44.14619445800781,27309900
2016-01-19,HYG,77.94999694824219,78.12999725341797,77.38999938964844,77.63999938964844,43.99321365356445,15975700
2016-01-20,HYG,77.02999877929688,77.41999816894531,75.81999969482422,77.12000274658203,43.69854736328125,25973500
2016-01-21,HYG,77.12000274658203,77.95999908447266,76.80000305175781,77.63999938964844,43.99321365356445,20065800
2016-01-22,HYG,78.4000015258789,78.91999816894531,78.23999786376953,78.83000183105469,44.66749572753906,17653100
2016-01-25,HYG,78.58999633789062,78.73999786376953,78.02999877929688,78.05000305175781,44.22550582885742,16448400
2016-01-26,HYG,78.36000061035156,78.79000091552734,78.18000030517578,78.75,44.622127532958984,12010900
2016-01-27,HYG,78.72000122070312,79.08000183105469,78.37999725341797,78.62999725341797,44.554161071777344,14563000
2016-01-28,HYG,79.11000061035156,79.29000091552734,78.73999786376953,79.02999877929688,44.78080749511719,14622600
2016-01-29,HYG,79.19999694824219,79.44999694824219,79.12999725341797,79.29000091552734,44.928123474121094,14218700
2016-02-01,HYG,78.76000213623047,78.79000091552734,78.30999755859375,78.43000030517578,44.66107940673828,8865500
2016-02-02,HYG,78.05000305175781,78.22000122070312,77.83000183105469,77.87000274658203,44.34219741821289,15442100
2016-02-03,HYG,78.11000061035156,78.4000015258789,77.62999725341797,78.25,44.558563232421875,15465200
2016-02-04,HYG,78.22000122070312,78.38999938964844,77.93000030517578,78.0,44.41621780395508,8989700
2016-02-05,HYG,77.98999786376953,77.98999786376953,77.27999877929688,77.4000015258789,44.074527740478516,14632300
2016-02-08,HYG,76.7699966430664,76.80000305175781,76.27999877929688,76.5,43.56205749511719,15649900
2016-02-09,HYG,76.08999633789062,76.55999755859375,75.87000274658203,76.20999908447266,43.396934509277344,18685000
2016-02-10,HYG,76.41000366210938,76.7300033569336,75.94999694824219,76.0999984741211,43.334285736083984,13086000
2016-02-11,HYG,75.3499984741211,75.87000274658203,75.08999633789062,75.58999633789062,43.04387664794922,22158200
2016-02-12,HYG,75.86000061035156,76.79000091552734,75.7699966430664,76.72000122070312,43.68733215332031,17751500
2016-02-16,HYG,76.80999755859375,77.02999877929688,76.69000244140625,76.79000091552734,43.72718811035156,14106000
2016-02-17,HYG,77.18000030517578,77.58999633789062,77.11000061035156,77.41999816894531,44.085933685302734,16353000
2016-02-18,HYG,77.69999694824219,77.75,77.44000244140625,77.48999786376953,44.12578582763672,13247300
2016-02-19,HYG,77.1500015258789,77.68000030517578,77.05000305175781,77.63999938964844,44.211219787597656,12879900
2016-02-22,HYG,78.04000091552734,78.3499984741211,77.94999694824219,78.30999755859375,44.59274673461914,13826600
2016-02-23,HYG,78.05999755859375,78.27999877929688,77.73999786376953,78.1500015258789,44.50162887573242,16809700
2016-02-24,HYG,77.55999755859375,78.37000274658203,77.45999908447266,78.27999877929688,44.575645446777344,13622100
2016-02-25,HYG,78.33000183105469,78.7300033569336,78.05999755859375,78.69999694824219,44.814815521240234,10699100
2016-02-26,HYG,78.94999694824219,79.30000305175781,78.86000061035156,79.2300033569336,45.116641998291016,12060200
2016-02-29,HYG,79.27999877929688,80.12999725341797,79.26000213623047,80.08000183105469,45.60065841674805,23746800
2016-03-01,HYG,79.83000183105469,81.01000213623047,79.54000091552734,80.91999816894531,46.32135009765625,24023200
2016-03-02,HYG,80.5,80.61000061035156,80.22000122070312,80.37000274658203,46.00648498535156,14987400
2016-03-03,HYG,80.2699966430664,80.87000274658203,79.98999786376953,80.63999938964844,46.161048889160156,12018400
2016-03-04,HYG,80.77999877929688,81.23999786376953,80.5,80.87000274658203,46.29271697998047,18029900
2016-03-07,HYG,80.68000030517578,81.0,80.66999816894531,80.97000122070312,46.34996032714844,12656200
2016-03-08,HYG,80.79000091552734,80.8499984741211,80.36000061035156,80.4000015258789,46.02365493774414,17813700
2016-03-09,HYG,80.55000305175781,80.69999694824219,80.36000061035156,80.5999984741211,46.138187408447266,7699600
2016-03-10,HYG,81.05999755859375,81.19000244140625,80.55000305175781,81.16000366210938,46.45873260498047,18167000
2016-03-11,HYG,81.72000122070312,82.26000213623047,81.63999938964844,82.13999938964844,47.01972198486328,18662700
2016-03-14,HYG,81.87999725341797,82.05999755859375,81.52999877929688,81.91000366210938,46.88804244995117,12512400
2016-03-15,HYG,81.4000015258789,81.4800033569336,81.11000061035156,81.1500015258789,46.45297622680664,16442600
2016-03-16,HYG,80.93000030517578,81.98999786376953,80.81999969482422,81.69000244140625,46.76211166381836,21567100
2016-03-17,HYG,81.87999725341797,82.3499984741211,81.72000122070312,82.20999908447266,47.059783935546875,18423000
2016-03-18,HYG,82.30000305175781,82.61000061035156,82.27999877929688,82.4000015258789,47.168556213378906,12922000
2016-03-21,HYG,82.38999938964844,82.45999908447266,82.13999938964844,82.30999755859375,47.11705017089844,12653600
2016-03-22,HYG,82.13999938964844,82.25,81.9800033569336,82.08999633789062,46.991085052490234,8941200
2016-03-23,HYG,82.06999969482422,82.06999969482422,81.68000030517578,81.70999908447266,46.7735481262207,11354200
2016-03-24,HYG,81.12000274658203,81.48999786376953,81.08000183105469,81.3499984741211,46.56749725341797,13497800
2016-03-28,HYG,81.26000213623047,81.43000030517578,80.94000244140625,80.9800033569336,46.355690002441406,11298900
2016-03-29,HYG,80.73999786376953,81.31999969482422,80.68000030517578,81.29000091552734,46.53312301635742,11348400
2016-03-30,HYG,81.44000244140625,81.70999908447266,81.38999938964844,81.58000183105469,46.69915771484375,11796400
2016-03-31,HYG,81.48999786376953,81.9000015258789,81.4800033569336,81.69000244140625,46.76211166381836,9436700
2016-04-01,HYG,80.9800033569336,81.51000213623047,80.80000305175781,81.37000274658203,46.796051025390625,10822400
2016-04-04,HYG,81.26000213623047,81.51000213623047,81.08000183105469,81.16999816894531,46.6810417175293,9269700
2016-04-05,HYG,80.81999969482422,81.06999969482422,80.77999877929688,80.87000274658203,46.50849533081055,13254500
2016-04-06,HYG,81.01000213623047,81.62000274658203,80.9800033569336,81.55000305175781,46.89955520629883,13935000
2016-04-07,HYG,81.22000122070312,81.41000366210938,81.05999755859375,81.1500015258789,46.66950607299805,11306100
2016-04-08,HYG,81.58000183105469,81.63999938964844,81.41999816894531,81.5199966430664,46.88230514526367,7953000
2016-04-11,HYG,81.6500015258789,81.86000061035156,81.62000274658203,81.62999725341797,46.945579528808594,8126900
2016-04-12,HYG,81.7699966430664,82.13999938964844,81.72000122070312,82.11000061035156,47.22159957885742,11772800
2016-04-13,HYG,82.30999755859375,82.81999969482422,82.30999755859375,82.6500015258789,47.532169342041016,13596100
2016-04-14,HYG,82.6500015258789,82.7300033569336,82.5,82.62000274658203,47.51493453979492,10758400
2016-04-15,HYG,82.47000122070312,82.56999969482422,82.4000015258789,82.48999786376953,47.44015121459961,7857300
2016-04-18,HYG,82.16000366210938,82.97000122070312,82.12999725341797,82.95999908447266,47.71048355102539,9211400
2016-04-19,HYG,83.1500015258789,83.41000366210938,83.08000183105469,83.30999755859375,47.9117431640625,11623600
2016-04-20,HYG,83.37999725341797,83.69999694824219,83.22000122070312,83.47000122070312,48.0037727355957,10128800
2016-04-21,HYG,83.56999969482422,83.5999984741211,83.16999816894531,83.20999908447266,47.8542366027832,13349500
2016-04-22,HYG,83.27999877929688,83.44999694824219,83.20999908447266,83.4000015258789,47.96352767944336,10982300
2016-04-25,HYG,83.25,83.37000274658203,83.05000305175781,83.08000183105469,47.77947998046875,8972400
2016-04-26,HYG,83.29000091552734,83.37000274658203,83.16000366210938,83.36000061035156,47.94051742553711,8291000
2016-04-27,HYG,83.44000244140625,83.91000366210938,83.41000366210938,83.8499984741211,48.22228240966797,10505400
2016-04-28,HYG,83.83000183105469,84.04000091552734,83.6500015258789,83.70999908447266,48.14179992675781,9229000
2016-04-29,HYG,83.62999725341797,83.91000366210938,83.3499984741211,83.8499984741211,48.22228240966797,20284700
2016-05-02,HYG,83.37999725341797,83.52999877929688,83.29000091552734,83.5,48.24079513549805,11420700
2016-05-03,HYG,83.19999694824219,83.22000122070312,82.83999633789062,82.95999908447266,47.92882537841797,18449200
2016-05-04,HYG,82.80999755859375,82.86000061035156,82.61000061035156,82.6500015258789,47.749717712402344,17645200
2016-05-05,HYG,82.91000366210938,82.91999816894531,82.54000091552734,82.58000183105469,47.709266662597656,18782100
2016-05-06,HYG,82.2300033569336,82.70999908447266,82.20999908447266,82.52999877929688,47.68036651611328,16204400
2016-05-09,HYG,82.4000015258789,82.58999633789062,82.27999877929688,82.37999725341797,47.593719482421875,11622800
2016-05-10,HYG,82.43000030517578,83.0999984741211,82.43000030517578,83.08000183105469,47.99814987182617,11420700
2016-05-11,HYG,83.08000183105469,83.36000061035156,82.93000030517578,83.0199966430664,47.963462829589844,20692000
2016-05-12,HYG,83.23999786376953,83.23999786376953,82.95999908447266,83.1500015258789,48.038570404052734,11312400
2016-05-13,HYG,83.06999969482422,83.18000030517578,82.73999786376953,82.77999877929688,47.82481384277344,11332400
2016-05-16,HYG,82.93000030517578,83.27999877929688,82.87000274658203,83.23999786376953,48.090579986572266,12981700
2016-05-17,HYG,83.0999984741211,83.31999969482422,83.01000213623047,83.06999969482422,47.99234390258789,7489900
2016-05-18,HYG,83.0999984741211,83.33000183105469,82.8499984741211,83.08000183105469,47.99814987182617,16612500
2016-05-19,HYG,82.79000091552734,82.91000366210938,82.58999633789062,82.8499984741211,47.865264892578125,20290200
2016-05-20,HYG,82.86000061035156,83.16000366210938,82.86000061035156,83.13999938964844,48.03279495239258,10556700
2016-05-23,HYG,83.12000274658203,83.5999984741211,82.95999908447266,83.16000366210938,48.04435729980469,10457400
2016-05-24,HYG,83.37000274658203,83.66000366210938,83.30999755859375,83.66000366210938,48.33322525024414,10838400
2016-05-25,HYG,83.83000183105469,83.91999816894531,83.75,83.79000091552734,48.40834426879883,15119600
2016-05-26,HYG,83.94000244140625,83.94000244140625,83.54000091552734,83.55000305175781,48.26968765258789,12269000
2016-05-27,HYG,83.58999633789062,83.69000244140625,83.52999877929688,83.69000244140625,48.35053634643555,6225600
2016-05-31,HYG,83.75,83.87000274658203,83.5199966430664,83.61000061035156,48.30433654785156,11994100
2016-06-01,HYG,82.98999786376953,83.37999725341797,82.9000015258789,83.33999633789062,48.38097381591797,16488600
2016-06-02,HYG,83.19999694824219,83.41000366210938,83.11000061035156,83.36000061035156,48.3925895690918,12118900
2016-06-03,HYG,83.44000244140625,83.55999755859375,83.2300033569336,83.51000213623047,48.47966003417969,13093000
2016-06-06,HYG,83.77999877929688,83.93000030517578,83.62000274658203,83.87999725341797,48.6944465637207,16126200
2016-06-07,HYG,83.9800033569336,84.3499984741211,83.93000030517578,84.25,48.90924072265625,18423500
2016-06-08,HYG,84.36000061035156,84.5999984741211,84.3499984741211,84.56999969482422,49.09501266479492,14652800
2016-06-09,HYG,84.56999969482422,84.56999969482422,84.13999938964844,84.23999786376953,48.9034538269043,11188300
2016-06-10,HYG,83.9000015258789,84.0199966430664,83.66000366210938,83.83000183105469,48.66541290283203,15259900
2016-06-13,HYG,83.5,83.80999755859375,83.2699966430664,83.2699966430664,48.340354919433594,17257900
2016-06-14,HYG,83.12999725341797,83.23999786376953,82.7699966430664,82.98999786376953,48.17776107788086,20578800
2016-06-15,HYG,83.26000213623047,83.37999725341797,82.97000122070312,83.02999877929688,48.200984954833984,14202800
2016-06-16,HYG,82.8499984741211,83.1500015258789,82.44999694824219,83.08000183105469,48.23004150390625,19195500
2016-06-17,HYG,83.08999633789062,83.33000183105469,83.05999755859375,83.12999725341797,48.259037017822266,16113800
2016-06-20,HYG,83.7300033569336,83.97000122070312,83.52999877929688,83.62000274658203,48.54351806640625,13368400
2016-06-21,HYG,83.7699966430664,83.9800033569336,83.62999725341797,83.94000244140625,48.72929763793945,12141800
2016-06-22,HYG,83.98999786376953,84.12000274658203,83.88999938964844,84.0199966430664,48.77571487426758,10759500
2016-06-23,HYG,84.38999938964844,84.63999938964844,84.31999969482422,84.63999938964844,49.13563919067383,9920200
2016-06-24,HYG,82.98999786376953,84.19999694824219,82.9000015258789,83.25,48.32872009277344,31416700
2016-06-27,HYG,83.0,83.05999755859375,82.01000213623047,82.05000305175781,47.632102966308594,27244200
2016-06-28,HYG,82.83000183105469,83.11000061035156,82.69000244140625,83.08000183105469,48.23004150390625,13910300
2016-06-29,HYG,83.58000183105469,84.30000305175781,83.54000091552734,84.12999725341797,48.83955383300781,23604300
2016-06-30,HYG,84.05999755859375,84.80000305175781,83.94000244140625,84.69999694824219,49.17048645019531,26304600
2016-07-01,HYG,84.30000305175781,84.69999694824219,84.25,84.47000122070312,49.26789093017578,16343000
2016-07-05,HYG,84.30000305175781,84.30000305175781,83.8499984741211,83.98999786376953,48.9879150390625,12078200
2016-07-06,HYG,83.87999725341797,84.37000274658203,83.75,84.36000061035156,49.20372772216797,9607000
2016-07-07,HYG,84.37999725341797,84.5999984741211,84.25,84.47000122070312,49.26789093017578,13058100
2016-07-08,HYG,84.81999969482422,85.63999938964844,84.79000091552734,85.58999633789062,49.921146392822266,21395600
2016-07-11,HYG,85.63999938964844,85.91999816894531,85.5999984741211,85.63999938964844,49.95027542114258,18313500
2016-07-12,HYG,86.05999755859375,86.31999969482422,85.86000061035156,85.87999725341797,50.09026336669922,16074300
2016-07-13,HYG,85.87000274658203,85.9000015258789,85.51000213623047,85.62999725341797,49.94445037841797,13040300
2016-07-14,HYG,85.9000015258789,85.91000366210938,85.5999984741211,85.80000305175781,50.04361343383789,7764400
2016-07-15,HYG,85.8499984741211,85.94000244140625,85.5999984741211,85.62999725341797,49.94445037841797,9163800
2016-07-18,HYG,85.68000030517578,85.94000244140625,85.62999725341797,85.91999816894531,50.1136360168457,7447200
2016-07-19,HYG,85.7300033569336,85.87000274658203,85.54000091552734,85.69000244140625,49.9794807434082,7349700
2016-07-20,HYG,85.80999755859375,85.98999786376953,85.6500015258789,85.91000366210938,50.1077880859375,7247500
2016-07-21,HYG,85.77999877929688,86.08000183105469,85.73999786376953,85.79000091552734,50.03776168823242,11265000
2016-07-22,HYG,85.80999755859375,86.26000213623047,85.7300033569336,86.16999816894531,50.25941848754883,10523500
2016-07-25,HYG,86.08999633789062,86.08999633789062,85.68000030517578,85.76000213623047,50.020294189453125,14768400
2016-07-26,HYG,85.69999694824219,85.75,85.37999725341797,85.43000030517578,49.82783508300781,14292600
2016-07-27,HYG,85.58000183105469,85.72000122070312,85.33999633789062,85.69000244140625,49.9794807434082,11730800
2016-07-28,HYG,85.51000213623047,85.51000213623047,85.23999786376953,85.33000183105469,49.76948547363281,17968100
2016-07-29,HYG,85.18000030517578,85.43000030517578,84.98999786376953,85.41000366210938,49.8161506652832,15202400
2016-08-01,HYG,84.97000122070312,84.9800033569336,84.4800033569336,84.55000305175781,49.536685943603516,18335300
2016-08-02,HYG,84.5199966430664,84.61000061035156,84.29000091552734,84.43000030517578,49.46636962890625,21959800
2016-08-03,HYG,84.5,84.88999938964844,84.44999694824219,84.80999755859375,49.68898391723633,13733700
2016-08-04,HYG,85.12000274658203,85.45999908447266,85.0,85.3499984741211,50.005393981933594,11832000
2016-08-05,HYG,85.62999725341797,85.77999877929688,85.51000213623047,85.54000091552734,50.1167106628418,12314900
2016-08-08,HYG,85.69999694824219,85.93000030517578,85.5999984741211,85.88999938964844,50.321739196777344,10800900
2016-08-09,HYG,85.94000244140625,86.25,85.91999816894531,86.19000244140625,50.497501373291016,13772300
2016-08-10,HYG,86.20999908447266,86.25,86.0,86.02999877929688,50.40376663208008,7250400
2016-08-11,HYG,86.16999816894531,86.36000061035156,86.0999984741211,86.23999786376953,50.526798248291016,6732600
2016-08-12,HYG,86.19000244140625,86.33000183105469,86.12000274658203,86.30999755859375,50.56783676147461,3996500
2016-08-15,HYG,86.48999786376953,86.62000274658203,86.33000183105469,86.56999969482422,50.720149993896484,9396400
2016-08-16,HYG,86.5999984741211,86.5999984741211,86.3499984741211,86.38999938964844,50.614715576171875,8104400
2016-08-17,HYG,86.44999694824219,86.55000305175781,86.31999969482422,86.51000213623047,50.68503189086914,14139600
2016-08-18,HYG,86.58000183105469,86.8499984741211,86.5199966430664,86.8499984741211,50.884193420410156,8582700
2016-08-19,HYG,86.73999786376953,86.80999755859375,86.55000305175781,86.58999633789062,50.731895446777344,7474000
2016-08-22,HYG,86.5,86.55999755859375,86.30999755859375,86.44999694824219,50.64986801147461,5364700
2016-08-23,HYG,86.66999816894531,86.81999969482422,86.58999633789062,86.73999786376953,50.81977462768555,7476400
2016-08-24,HYG,86.7300033569336,86.77999877929688,86.48999786376953,86.5,50.67915344238281,6655300
2016-08-25,HYG,86.55000305175781,86.7699966430664,86.52999877929688,86.66000366210938,50.77287292480469,7482800
2016-08-26,HYG,86.61000061035156,87.0199966430664,86.41000366210938,86.55999755859375,50.71427917480469,10544900
2016-08-29,HYG,86.69000244140625,87.04000091552734,86.66000366210938,86.98999786376953,50.966278076171875,10038500
2016-08-30,HYG,86.98999786376953,87.13999938964844,86.79000091552734,87.04000091552734,50.99555969238281,16157400
2016-08-31,HYG,86.97000122070312,87.02999877929688,86.62000274658203,86.69999694824219,50.79632568359375,16985000
2016-09-01,HYG,86.4000015258789,86.52999877929688,86.12000274658203,86.5,50.89694595336914,14952700
2016-09-02,HYG,86.76000213623047,87.02999877929688,86.62000274658203,86.9000015258789,51.13231658935547,13540100
2016-09-06,HYG,86.87000274658203,87.01000213623047,86.8499984741211,87.0,51.1911506652832,12662000
2016-09-07,HYG,86.94999694824219,87.01000213623047,86.69999694824219,86.76000213623047,51.0499267578125,8245100
2016-09-08,HYG,86.7699966430664,86.81999969482422,86.58999633789062,86.5999984741211,50.95576858520508,8430700
2016-09-09,HYG,86.3499984741211,86.55999755859375,85.73999786376953,85.7699966430664,50.4673957824707,25087600
2016-09-12,HYG,85.5999984741211,86.2300033569336,85.55000305175781,86.06999969482422,50.64396667480469,17718300
2016-09-13,HYG,85.86000061035156,85.97000122070312,85.2699966430664,85.41000366210938,50.2556266784668,21907200
2016-09-14,HYG,85.52999877929688,85.80999755859375,85.29000091552734,85.38999938964844,50.24379348754883,14257700
2016-09-15,HYG,85.5,85.93000030517578,85.44000244140625,85.88999938964844,50.53802490234375,9964800
2016-09-16,HYG,85.77999877929688,85.93000030517578,85.58000183105469,85.91000366210938,50.5497932434082,8396600
2016-09-19,HYG,85.97000122070312,86.06999969482422,85.81999969482422,85.95999908447266,50.57921600341797,9855500
2016-09-20,HYG,86.0,86.0999984741211,85.72000122070312,85.86000061035156,50.520362854003906,8705600
2016-09-21,HYG,85.91000366210938,86.62000274658203,85.87999725341797,86.56999969482422,50.93813705444336,17484300
2016-09-22,HYG,86.86000061035156,87.12999725341797,86.70999908447266,86.86000061035156,51.108787536621094,11813600
2016-09-23,HYG,86.80000305175781,86.97000122070312,86.69999694824219,86.76000213623047,51.0499267578125,13122600
2016-09-26,HYG,86.56999969482422,86.68000030517578,86.30999755859375,86.37999725341797,50.82635498046875,6590500
2016-09-27,HYG,86.26000213623047,86.63999938964844,86.12999725341797,86.62999725341797,50.97343826293945,8516500
2016-09-28,HYG,86.77999877929688,87.2300033569336,86.47000122070312,87.20999908447266,51.31471252441406,11149300
2016-09-29,HYG,87.16999816894531,87.19000244140625,86.55999755859375,86.87999725341797,51.12054443359375,13425800
2016-09-30,HYG,87.0,87.29000091552734,86.9800033569336,87.26000213623047,51.344146728515625,12158000
2016-10-03,HYG,86.81999969482422,86.91000366210938,86.6500015258789,86.81999969482422,51.31220245361328,10708800
2016-10-04,HYG,86.94000244140625,87.0,86.55999755859375,86.66999816894531,51.22357940673828,11057500
2016-10-05,HYG,86.97000122070312,86.98999786376953,86.76000213623047,86.9000015258789,51.359500885009766,9424500
2016-10-06,HYG,86.97000122070312,86.98999786376953,86.7300033569336,86.94999694824219,51.3890380859375,9455200
2016-10-07,HYG,86.98999786376953,87.19000244140625,86.73999786376953,87.1500015258789,51.507240295410156,10824200
2016-10-10,HYG,87.20999908447266,87.5,87.1500015258789,87.4000015258789,51.6550178527832,4182300
2016-10-11,HYG,87.2699966430664,87.27999877929688,86.7699966430664,86.91000366210938,51.36539840698242,8855400
2016-10-12,HYG,86.87000274658203,87.02999877929688,86.7300033569336,86.87999725341797,51.347679138183594,7915300
2016-10-13,HYG,86.61000061035156,86.7699966430664,86.43000030517578,86.66000366210938,51.2176628112793,10614800
2016-10-14,HYG,86.91000366210938,86.9800033569336,86.73999786376953,86.86000061035156,51.33587646484375,6766300
2016-10-17,HYG,86.83999633789062,86.98999786376953,86.70999908447266,86.73999786376953,51.26491165161133,7790000
2016-10-18,HYG,87.05000305175781,87.12000274658203,86.81999969482422,87.08999633789062,51.47178649902344,8404600
2016-10-19,HYG,87.16000366210938,87.38999938964844,87.13999938964844,87.33999633789062,51.61952590942383,9874300
2016-10-20,HYG,87.33999633789062,87.41000366210938,87.18000030517578,87.3499984741211,51.62546157836914,12558000
2016-10-21,HYG,87.18000030517578,87.44999694824219,87.06999969482422,87.37000274658203,51.63727951049805,8332900
2016-10-24,HYG,87.4800033569336,87.55999755859375,87.27999877929688,87.41999816894531,51.66682434082031,7200800
2016-10-25,HYG,87.33000183105469,87.41999816894531,87.2300033569336,87.37000274658203,51.63727951049805,6906500
2016-10-26,HYG,87.1500015258789,87.3499984741211,86.98999786376953,87.0199966430664,51.430416107177734,13813300
2016-10-27,HYG,87.08999633789062,87.12999725341797,86.55000305175781,86.69999694824219,51.24131393432617,19333100
2016-10-28,HYG,86.5999984741211,86.66000366210938,86.20999908447266,86.27999877929688,50.993064880371094,19745600
2016-10-31,HYG,86.26000213623047,86.30999755859375,85.93000030517578,86.0199966430664,50.839412689208984,21174600
2016-11-01,HYG,85.68000030517578,85.68000030517578,84.97000122070312,85.30000305175781,50.641143798828125,26184000
2016-11-02,HYG,85.16000366210938,85.23999786376953,84.81999969482422,84.91999816894531,50.415531158447266,19593600
2016-11-03,HYG,85.0999984741211,85.2300033569336,84.87000274658203,84.94000244140625,50.42739486694336,12699700
2016-11-04,HYG,85.08999633789062,85.25,84.91000366210938,84.9800033569336,50.451171875,10970400
2016-11-07,HYG,85.75,86.22000122070312,85.69000244140625,86.16999816894531,51.157615661621094,14416200
2016-11-08,HYG,85.7699966430664,86.12999725341797,85.73999786376953,85.9800033569336,51.04483413696289,20370600
2016-11-09,HYG,85.44999694824219,86.0,85.30000305175781,85.37999725341797,50.68862533569336,24858900
2016-11-10,HYG,85.19999694824219,85.19999694824219,84.20999908447266,84.26000213623047,50.023704528808594,33213300
2016-11-11,HYG,83.98999786376953,84.19999694824219,83.25,83.47000122070312,49.5546875,16442900
2016-11-14,HYG,83.25,84.19000244140625,83.23999786376953,84.08999633789062,49.92274856567383,21036000
2016-11-15,HYG,84.5199966430664,85.30999755859375,84.5199966430664,85.19999694824219,50.58172607421875,17888600
2016-11-16,HYG,84.83999633789062,85.0,84.7300033569336,84.86000061035156,50.37990188598633,11965700
2016-11-17,HYG,84.8499984741211,85.08999633789062,84.62999725341797,84.62999725341797,50.24336624145508,12017600
2016-11-18,HYG,84.80999755859375,84.94000244140625,84.4800033569336,84.62999725341797,50.24336624145508,17781800
2016-11-21,HYG,84.8499984741211,85.3499984741211,84.83999633789062,85.30999755859375,50.647071838378906,11581600
2016-11-22,HYG,85.44999694824219,86.02999877929688,85.41999816894531,85.94000244140625,51.02105712890625,16648100
2016-11-23,HYG,85.29000091552734,85.69000244140625,85.27999877929688,85.62000274658203,50.831092834472656,10662900
2016-11-25,HYG,85.66999816894531,85.76000213623047,85.5999984741211,85.7300033569336,50.896392822265625,2009600
2016-11-28,HYG,85.62000274658203,86.0,85.47000122070312,85.72000122070312,50.89046096801758,16897400
2016-11-29,HYG,85.5,85.69999694824219,85.43000030517578,85.61000061035156,50.825157165527344,9164000
2016-11-30,HYG,85.69999694824219,85.80000305175781,85.43000030517578,85.6500015258789,50.84892272949219,15211300
2016-12-01,HYG,85.27999877929688,85.31999969482422,84.87000274658203,84.87000274658203,50.6109733581543,18249400
2016-12-02,HYG,85.06999969482422,85.38999938964844,84.9800033569336,85.37999725341797,50.91510772705078,9360400
2016-12-05,HYG,85.41999816894531,85.66999816894531,85.37999725341797,85.5999984741211,51.04627990722656,9782100
2016-12-06,HYG,85.7300033569336,86.05999755859375,85.6500015258789,86.02999877929688,51.302696228027344,16090600
2016-12-07,HYG,86.13999938964844,86.5999984741211,86.06999969482422,86.45999908447266,51.559146881103516,20886400
2016-12-08,HYG,86.37000274658203,86.5,86.12999725341797,86.44999694824219,51.553192138671875,10782100
2016-12-09,HYG,86.41000366210938,86.62000274658203,86.36000061035156,86.48999786376953,51.577030181884766,6463400
2016-12-12,HYG,86.6500015258789,86.68000030517578,86.27999877929688,86.37000274658203,51.50548553466797,8457100
2016-12-13,HYG,86.69000244140625,86.83999633789062,86.55999755859375,86.58000183105469,51.630699157714844,10739200
2016-12-14,HYG,86.58000183105469,86.83999633789062,85.8499984741211,85.93000030517578,51.243072509765625,15672400
2016-12-15,HYG,85.79000091552734,86.13999938964844,85.75,85.97000122070312,51.26696014404297,11221700
2016-12-16,HYG,86.20999908447266,86.26000213623047,86.02999877929688,86.05000305175781,51.31465148925781,15722200
2016-12-19,HYG,86.12000274658203,86.37999725341797,86.0999984741211,86.2699966430664,51.44585037231445,5897900
2016-12-20,HYG,86.30000305175781,86.4800033569336,86.19000244140625,86.38999938964844,51.517391204833984,11072400
2016-12-21,HYG,86.3499984741211,86.62000274658203,86.33000183105469,86.54000091552734,51.60683822631836,17461400
2016-12-22,HYG,86.2699966430664,86.44000244140625,86.16999816894531,86.44000244140625,51.71812438964844,8507600
2016-12-23,HYG,86.47000122070312,86.61000061035156,86.41000366210938,86.5999984741211,51.81385040283203,4230500
2016-12-27,HYG,86.48999786376953,86.66000366210938,86.44999694824219,86.5199966430664,51.76598358154297,5840600
2016-12-28,HYG,86.63999938964844,86.63999938964844,86.36000061035156,86.4000015258789,51.69422912597656,6961200
2016-12-29,HYG,86.47000122070312,86.55000305175781,86.37999725341797,86.5199966430664,51.76598358154297,3794300
2016-12-30,HYG,86.58000183105469,86.69999694824219,86.37999725341797,86.55000305175781,51.783966064453125,7513400
2017-01-03,HYG,86.87999725341797,86.94999694824219,86.69999694824219,86.91000366210938,51.999332427978516,14050100
2017-01-04,HYG,87.0,87.38999938964844,87.0,87.37999725341797,52.28053283691406,11912400
2017-01-05,HYG,87.26000213623047,87.41999816894531,87.19999694824219,87.25,52.20277786254883,10458600
2017-01-06,HYG,87.16000366210938,87.27999877929688,87.04000091552734,87.2300033569336,52.1907958984375,6836400
2017-01-09,HYG,87.20999908447266,87.27999877929688,87.05000305175781,87.20999908447266,52.1788330078125,6648800
2017-01-10,HYG,87.30999755859375,87.43000030517578,87.18000030517578,87.22000122070312,52.18479919433594,11777000
2017-01-11,HYG,87.25,87.31999969482422,87.11000061035156,87.2699966430664,52.214744567871094,11914200
2017-01-12,HYG,87.25,87.30000305175781,87.12999725341797,87.29000091552734,52.226688385009766,12512300
2017-01-13,HYG,87.26000213623047,87.4000015258789,87.0999984741211,87.31999969482422,52.24467468261719,8861000
2017-01-17,HYG,87.26000213623047,87.29000091552734,87.1500015258789,87.2300033569336,52.1907958984375,8633000
2017-01-18,HYG,87.19999694824219,87.30999755859375,87.0999984741211,87.30999755859375,52.23866653442383,12715500
2017-01-19,HYG,87.25,87.30000305175781,86.94000244140625,87.02999877929688,52.07115936279297,10703200
2017-01-20,HYG,87.05999755859375,87.22000122070312,86.97000122070312,87.19999694824219,52.172855377197266,9262000
2017-01-23,HYG,87.12999725341797,87.22000122070312,87.04000091552734,87.19999694824219,52.172855377197266,13561300
2017-01-24,HYG,87.1500015258789,87.31999969482422,87.11000061035156,87.26000213623047,52.208740234375,7490500
2017-01-25,HYG,87.4000015258789,87.56999969482422,87.33999633789062,87.56999969482422,52.39420700073242,8953900
2017-01-26,HYG,87.5,87.58999633789062,87.41000366210938,87.52999877929688,52.37031173706055,7443900
2017-01-27,HYG,87.45999908447266,87.69000244140625,87.44999694824219,87.61000061035156,52.41815948486328,7888100
2017-01-30,HYG,87.4800033569336,87.54000091552734,87.30999755859375,87.43000030517578,52.31047058105469,7637600
2017-01-31,HYG,87.38999938964844,87.41999816894531,87.18000030517578,87.33999633789062,52.256587982177734,12249400
2017-02-01,HYG,87.19999694824219,87.33000183105469,86.94999694824219,87.27999877929688,52.45011901855469,12489400
2017-02-02,HYG,87.2699966430664,87.37000274658203,87.13999938964844,87.33000183105469,52.480140686035156,10886200
2017-02-03,HYG,87.5199966430664,87.58000183105469,87.43000030517578,87.4800033569336,52.5703239440918,12674000
2017-02-06,HYG,87.5,87.52999877929688,87.3499984741211,87.41999816894531,52.534236907958984,7004900
2017-02-07,HYG,87.5199966430664,87.5199966430664,87.27999877929688,87.29000091552734,52.45613479614258,11170100
2017-02-08,HYG,87.29000091552734,87.36000061035156,87.12000274658203,87.3499984741211,52.492210388183594,11107300
2017-02-09,HYG,87.3499984741211,87.54000091552734,87.3499984741211,87.47000122070312,52.56430435180664,7292600
2017-02-10,HYG,87.5199966430664,87.55000305175781,87.4000015258789,87.52999877929688,52.60038757324219,5471800
2017-02-13,HYG,87.5999984741211,87.72000122070312,87.58999633789062,87.66000366210938,52.678470611572266,7477200
2017-02-14,HYG,87.6500015258789,87.76000213623047,87.47000122070312,87.72000122070312,52.71455764770508,8785000
2017-02-15,HYG,87.62999725341797,87.7699966430664,87.56999969482422,87.75,52.73256301879883,10582800
2017-02-16,HYG,87.66000366210938,88.08000183105469,87.51000213623047,87.68000030517578,52.690486907958984,8917800
2017-02-17,HYG,87.58999633789062,87.79000091552734,87.51000213623047,87.7699966430664,52.744571685791016,6247300
2017-02-21,HYG,87.7699966430664,88.05999755859375,87.7699966430664,88.05999755859375,52.91883087158203,10437800
2017-02-22,HYG,88.01000213623047,88.12000274658203,87.94000244140625,88.0999984741211,52.94289016723633,10963600
2017-02-23,HYG,88.29000091552734,88.30000305175781,88.08000183105469,88.18000030517578,52.99095153808594,8150200
2017-02-24,HYG,88.11000061035156,88.37000274658203,88.05999755859375,88.25,53.03303909301758,8390200
2017-02-27,HYG,88.25,88.36000061035156,88.19000244140625,88.36000061035156,53.09916305541992,5693300
2017-02-28,HYG,88.30000305175781,88.37000274658203,88.23999786376953,88.29000091552734,53.057071685791016,5868400
2017-03-01,HYG,88.18000030517578,88.30999755859375,88.18000030517578,88.2300033569336,53.252628326416016,10612100
2017-03-02,HYG,88.25,88.25,87.94999694824219,87.94999694824219,53.08362579345703,9193000
2017-03-03,HYG,88.0199966430664,88.08999633789062,87.81999969482422,87.98999786376953,53.10780334472656,15059300
2017-03-06,HYG,87.8499984741211,87.88999938964844,87.69000244140625,87.70999908447266,52.93877410888672,17066300
2017-03-07,HYG,87.52999877929688,87.5999984741211,87.12000274658203,87.13999938964844,52.5947380065918,17023100
2017-03-08,HYG,86.93000030517578,87.06999969482422,86.55000305175781,86.55999755859375,52.244667053222656,22433500
2017-03-09,HYG,86.37999725341797,86.72000122070312,86.19999694824219,86.33000183105469,52.10587692260742,21260700
2017-03-10,HYG,86.87999725341797,86.87999725341797,86.08000183105469,86.30000305175781,52.087772369384766,20643900
2017-03-13,HYG,86.37999725341797,86.4800033569336,86.12000274658203,86.37000274658203,52.1300163269043,13512300
2017-03-14,HYG,86.12000274658203,86.20999908447266,85.98999786376953,86.11000061035156,51.973060607910156,12808500
2017-03-15,HYG,86.4000015258789,87.30000305175781,86.31999969482422,87.30000305175781,52.69131088256836,19654600
2017-03-16,HYG,87.5,87.52999877929688,87.02999877929688,87.05000305175781,52.54041290283203,15807500
2017-03-17,HYG,87.25,87.25,87.04000091552734,87.08000183105469,52.558528900146484,9984500
2017-03-20,HYG,87.06999969482422,87.06999969482422,86.91000366210938,86.91000366210938,52.4559211730957,12220600
2017-03-21,HYG,87.08000183105469,87.16999816894531,86.27999877929688,86.29000091552734,52.081695556640625,16918200
2017-03-22,HYG,86.23999786376953,86.56999969482422,86.0199966430664,86.5,52.20845413208008,14054600
2017-03-23,HYG,86.43000030517578,86.75,86.37000274658203,86.52999877929688,52.226558685302734,10618900
2017-03-24,HYG,86.5999984741211,86.86000061035156,86.5999984741211,86.83000183105469,52.40764617919922,8920800
2017-03-27,HYG,86.5199966430664,86.77999877929688,86.4000015258789,86.73999786376953,52.35330581665039,7788700
2017-03-28,HYG,86.69999694824219,87.25,86.69999694824219,87.22000122070312,52.64301300048828,16871700
2017-03-29,HYG,87.27999877929688,87.55000305175781,87.22000122070312,87.4000015258789,52.751678466796875,12266300
2017-03-30,HYG,87.5999984741211,87.83000183105469,87.47000122070312,87.80999755859375,52.99912643432617,16367900
2017-03-31,HYG,87.7300033569336,87.9000015258789,87.69000244140625,87.77999877929688,52.98100662231445,11778400
2017-04-03,HYG,87.45999908447266,87.47000122070312,87.2300033569336,87.36000061035156,52.95254135131836,20664400
2017-04-04,HYG,87.37000274658203,87.48999786376953,87.29000091552734,87.38999938964844,52.97071838378906,8473900
2017-04-05,HYG,87.52999877929688,87.70999908447266,87.2699966430664,87.31999969482422,52.92828369140625,11102300
2017-04-06,HYG,87.4000015258789,87.5199966430664,87.30000305175781,87.43000030517578,52.99495315551758,7234500
2017-04-07,HYG,87.55000305175781,87.62000274658203,87.38999938964844,87.38999938964844,52.97071838378906,5457800
2017-04-10,HYG,87.52999877929688,87.62000274658203,87.44999694824219,87.51000213623047,53.04345703125,7996900
2017-04-11,HYG,87.56999969482422,87.56999969482422,87.23999786376953,87.33999633789062,52.940372467041016,8005800
2017-04-12,HYG,87.4000015258789,87.5999984741211,87.31999969482422,87.4000015258789,52.97677230834961,8723800
2017-04-13,HYG,87.37000274658203,87.48999786376953,87.16000366210938,87.22000122070312,52.867652893066406,10446700
2017-04-17,HYG,87.33000183105469,87.5,87.2300033569336,87.4800033569336,53.0252799987793,7158700
2017-04-18,HYG,87.47000122070312,87.55999755859375,87.2300033569336,87.45999908447266,53.01316452026367,9062800
2017-04-19,HYG,87.51000213623047,87.69999694824219,87.33000183105469,87.37999725341797,52.96466064453125,8643200
2017-04-20,HYG,87.4800033569336,87.69000244140625,87.44000244140625,87.66999816894531,53.14043045043945,7766000
2017-04-21,HYG,87.63999938964844,87.70999908447266,87.48999786376953,87.5999984741211,53.0980224609375,11328200
2017-04-24,HYG,87.95999908447266,88.0199966430664,87.87999725341797,88.01000213623047,53.3465690612793,8904700
2017-04-25,HYG,88.06999969482422,88.19999694824219,88.02999877929688,88.16999816894531,53.44351577758789,12493400
2017-04-26,HYG,88.08999633789062,88.2300033569336,88.06999969482422,88.08999633789062,53.39500427246094,7269000
2017-04-27,HYG,88.08999633789062,88.16000366210938,88.01000213623047,88.1500015258789,53.431400299072266,6897900
2017-04-28,HYG,88.16000366210938,88.23999786376953,88.06999969482422,88.12000274658203,53.41319274902344,7542800
2017-05-01,HYG,87.75,87.8499984741211,87.69999694824219,87.79000091552734,53.44059753417969,10336000
2017-05-02,HYG,87.88999938964844,87.9000015258789,87.76000213623047,87.81999969482422,53.45884704589844,10792800
2017-05-03,HYG,87.88999938964844,87.94999694824219,87.80000305175781,87.9000015258789,53.5075569152832,7413400
2017-05-04,HYG,87.83999633789062,87.83999633789062,87.3499984741211,87.43000030517578,53.22145080566406,20562500
2017-05-05,HYG,87.43000030517578,87.66000366210938,87.37999725341797,87.58000183105469,53.31276321411133,14935200
2017-05-08,HYG,87.61000061035156,87.7300033569336,87.54000091552734,87.68000030517578,53.373626708984375,8199200
2017-05-09,HYG,87.80000305175781,87.8499984741211,87.61000061035156,87.62000274658203,53.33711624145508,10810000
2017-05-10,HYG,87.8499984741211,88.04000091552734,87.7300033569336,88.0,53.56842803955078,10824900
2017-05-11,HYG,87.94000244140625,88.04000091552734,87.83000183105469,88.01000213623047,53.574562072753906,8461400
2017-05-12,HYG,88.05999755859375,88.06999969482422,87.91000366210938,87.9800033569336,53.55625915527344,8929900
2017-05-15,HYG,88.12000274658203,88.25,88.11000061035156,88.18000030517578,53.67798614501953,10690200
2017-05-16,HYG,88.2699966430664,88.3499984741211,88.18000030517578,88.30999755859375,53.757137298583984,12638900
2017-05-17,HYG,88.0199966430664,88.0999984741211,87.87000274658203,87.91999816894531,53.51972579956055,14055700
2017-05-18,HYG,87.66000366210938,88.16000366210938,87.62999725341797,88.0199966430664,53.58061218261719,10731800
2017-05-19,HYG,88.16999816894531,88.30999755859375,88.12999725341797,88.18000030517578,53.67798614501953,15998800
2017-05-22,HYG,88.36000061035156,88.44999694824219,88.2699966430664,88.44999694824219,53.842369079589844,7181800
2017-05-23,HYG,88.48999786376953,88.48999786376953,88.3499984741211,88.44000244140625,53.83625411987305,6998400
2017-05-24,HYG,88.5,88.61000061035156,88.4000015258789,88.58999633789062,53.92759323120117,8533600
2017-05-25,HYG,88.58999633789062,88.75,88.48999786376953,88.5199966430664,53.884971618652344,7985500
2017-05-26,HYG,88.5,88.58999633789062,88.5,88.56999969482422,53.915401458740234,2909500
2017-05-30,HYG,88.55999755859375,88.69999694824219,88.5199966430664,88.66000366210938,53.97018814086914,5371100
2017-05-31,HYG,88.66999816894531,88.69999694824219,88.52999877929688,88.6500015258789,53.964073181152344,13758400
2017-06-01,HYG,88.36000061035156,88.5999984741211,88.29000091552734,88.52999877929688,54.1212043762207,19189300
2017-06-02,HYG,88.55000305175781,88.66000366210938,88.5,88.58000183105469,54.15178680419922,9491600
2017-06-05,HYG,88.55000305175781,88.63999938964844,88.45999908447266,88.5,54.10287094116211,10384400
2017-06-06,HYG,88.4800033569336,88.51000213623047,88.30999755859375,88.36000061035156,54.017303466796875,14386500
2017-06-07,HYG,88.44000244140625,88.44000244140625,88.06999969482422,88.18000030517578,53.907257080078125,13329000
2017-06-08,HYG,88.19999694824219,88.33999633789062,88.02999877929688,88.25,53.9500617980957,14208300
2017-06-09,HYG,88.33999633789062,88.44999694824219,88.19999694824219,88.31999969482422,53.99282455444336,10414900
2017-06-12,HYG,88.3499984741211,88.54000091552734,88.29000091552734,88.47000122070312,54.08453369140625,9900000
2017-06-13,HYG,88.51000213623047,88.63999938964844,88.5,88.62999725341797,54.18235397338867,8640400
2017-06-14,HYG,88.73999786376953,88.75,88.5199966430664,88.63999938964844,54.18844985961914,8850700
2017-06-15,HYG,88.41999816894531,88.44999694824219,88.12000274658203,88.30000305175781,53.980613708496094,10860500
2017-06-16,HYG,88.37999725341797,88.37999725341797,88.12999725341797,88.1500015258789,53.88893508911133,11996100
2017-06-19,HYG,88.31999969482422,88.44999694824219,88.29000091552734,88.41999816894531,54.05398941040039,6398400
2017-06-20,HYG,88.1500015258789,88.22000122070312,88.0999984741211,88.11000061035156,53.86444854736328,18318500
2017-06-21,HYG,88.12000274658203,88.16000366210938,87.5199966430664,87.5999984741211,53.55267333984375,26728100
2017-06-22,HYG,87.69000244140625,87.87999725341797,87.62999725341797,87.83999633789062,53.69940948486328,18699400
2017-06-23,HYG,87.87999725341797,88.22000122070312,87.87000274658203,88.19999694824219,53.91947555541992,11337700
2017-06-26,HYG,88.18000030517578,88.36000061035156,88.1500015258789,88.31999969482422,53.99282455444336,9504500
2017-06-27,HYG,88.31999969482422,88.33999633789062,87.9800033569336,88.04000091552734,53.82163619995117,15293300
2017-06-28,HYG,88.20999908447266,88.44000244140625,88.11000061035156,88.4000015258789,54.041751861572266,9755500
2017-06-29,HYG,88.26000213623047,88.38999938964844,88.05999755859375,88.18000030517578,53.907257080078125,14548400
2017-06-30,HYG,88.30000305175781,88.4800033569336,88.20999908447266,88.38999938964844,54.03561782836914,8202000
2017-07-03,HYG,88.01000213623047,88.25,87.87999725341797,87.97000122070312,54.00922775268555,13882000
2017-07-05,HYG,88.02999877929688,88.11000061035156,87.83999633789062,87.9000015258789,53.966270446777344,16269100
2017-07-06,HYG,87.87000274658203,87.88999938964844,87.54000091552734,87.68000030517578,53.83120346069336,15424700
2017-07-07,HYG,87.61000061035156,87.70999908447266,87.44999694824219,87.5999984741211,53.782073974609375,15731200
2017-07-10,HYG,87.5999984741211,87.73999786376953,87.56999969482422,87.69999694824219,53.84343338012695,12286600
2017-07-11,HYG,87.69999694824219,87.72000122070312,87.5199966430664,87.63999938964844,53.80662536621094,9261400
2017-07-12,HYG,87.98999786376953,88.20999908447266,87.87000274658203,88.20999908447266,54.15656280517578,17979900
2017-07-13,HYG,88.22000122070312,88.31999969482422,88.12999725341797,88.27999877929688,54.199562072753906,11744600
2017-07-14,HYG,88.33999633789062,88.56999969482422,88.25,88.52999877929688,54.35303497314453,12626700
2017-07-17,HYG,88.55000305175781,88.58999633789062,88.4800033569336,88.55999755859375,54.37144470214844,10158100
2017-07-18,HYG,88.54000091552734,88.63999938964844,88.47000122070312,88.5999984741211,54.39603042602539,9221100
2017-07-19,HYG,88.69000244140625,88.83000183105469,88.62999725341797,88.75,54.48809814453125,8250900
2017-07-20,HYG,88.83999633789062,88.8499984741211,88.66999816894531,88.80000305175781,54.518821716308594,11827800
2017-07-21,HYG,88.77999877929688,88.79000091552734,88.6500015258789,88.7300033569336,54.4758415222168,8771700
2017-07-24,HYG,88.70999908447266,88.80000305175781,88.6500015258789,88.80000305175781,54.518821716308594,4707500
2017-07-25,HYG,88.87000274658203,88.91000366210938,88.79000091552734,88.83999633789062,54.543365478515625,7292900
2017-07-26,HYG,88.97000122070312,89.04000091552734,88.86000061035156,88.97000122070312,54.6231803894043,7279800
2017-07-27,HYG,88.95999908447266,89.0,88.80999755859375,88.9000015258789,54.5802116394043,11624500
2017-07-28,HYG,88.8499984741211,88.91000366210938,88.7699966430664,88.91000366210938,54.586334228515625,4945300
2017-07-31,HYG,88.80000305175781,88.98999786376953,88.79000091552734,88.91000366210938,54.586334228515625,9779900
2017-08-01,HYG,88.61000061035156,88.68000030517578,88.56999969482422,88.62999725341797,54.64056396484375,14946800
2017-08-02,HYG,88.62999725341797,88.72000122070312,88.58999633789062,88.6500015258789,54.65291213989258,7422700
2017-08-03,HYG,88.56999969482422,88.66000366210938,88.41999816894531,88.4800033569336,54.548118591308594,9548300
2017-08-04,HYG,88.4800033569336,88.5199966430664,88.41000366210938,88.5,54.560455322265625,6451600
2017-08-07,HYG,88.5,88.5,88.4000015258789,88.45999908447266,54.535804748535156,5204700
2017-08-08,HYG,88.41999816894531,88.5,87.98999786376953,88.08000183105469,54.301536560058594,18534700
2017-08-09,HYG,87.9000015258789,87.9800033569336,87.68000030517578,87.73999786376953,54.0919075012207,15001700
2017-08-10,HYG,87.55999755859375,87.63999938964844,87.11000061035156,87.18000030517578,53.74665069580078,24749700
2017-08-11,HYG,87.37000274658203,87.45999908447266,87.26000213623047,87.33000183105469,53.839141845703125,17434300
2017-08-14,HYG,87.58999633789062,87.94000244140625,87.58999633789062,87.79000091552734,54.12270736694336,12566000
2017-08-15,HYG,87.80000305175781,87.88999938964844,87.7300033569336,87.81999969482422,54.1412467956543,6830500
2017-08-16,HYG,87.88999938964844,87.97000122070312,87.80000305175781,87.83000183105469,54.14737319946289,11716100
2017-08-17,HYG,87.72000122070312,87.80000305175781,87.29000091552734,87.33999633789062,53.84532928466797,14112300
2017-08-18,HYG,87.48999786376953,87.69000244140625,87.29000091552734,87.47000122070312,53.925418853759766,14324400
2017-08-21,HYG,87.58000183105469,87.61000061035156,87.44999694824219,87.55999755859375,53.98090744018555,7763400
2017-08-22,HYG,87.63999938964844,88.0,87.58999633789062,87.91999816894531,54.202880859375,12982200
2017-08-23,HYG,87.7699966430664,87.97000122070312,87.70999908447266,87.93000030517578,54.20903015136719,6449500
2017-08-24,HYG,87.97000122070312,88.06999969482422,87.87999725341797,88.05999755859375,54.2891960144043,8480100
2017-08-25,HYG,88.04000091552734,88.25,88.01000213623047,88.22000122070312,54.38784408569336,6622800
2017-08-28,HYG,88.2699966430664,88.2699966430664,88.13999938964844,88.2300033569336,54.39397430419922,5161700
2017-08-29,HYG,88.01000213623047,88.1500015258789,87.98999786376953,88.12000274658203,54.32619094848633,8991600
2017-08-30,HYG,88.1500015258789,88.4000015258789,88.13999938964844,88.36000061035156,54.47414779663086,13431100
2017-08-31,HYG,88.41999816894531,88.61000061035156,88.41999816894531,88.5999984741211,54.62208557128906,12705200
2017-09-01,HYG,88.1500015258789,88.3499984741211,88.1500015258789,88.31999969482422,54.67784118652344,10535700
2017-09-05,HYG,88.26000213623047,88.26000213623047,87.95999908447266,88.12000274658203,54.55401611328125,9560500
2017-09-06,HYG,88.2300033569336,88.27999877929688,88.04000091552734,88.05999755859375,54.51686096191406,9023300
2017-09-07,HYG,88.19999694824219,88.19999694824219,88.05999755859375,88.06999969482422,54.52305603027344,8784000
2017-09-08,HYG,88.05999755859375,88.05999755859375,87.79000091552734,87.79000091552734,54.34968185424805,7688700
2017-09-11,HYG,87.94000244140625,88.19000244140625,87.8499984741211,88.06999969482422,54.52305603027344,8047600
2017-09-12,HYG,88.11000061035156,88.19000244140625,88.05000305175781,88.18000030517578,54.591156005859375,4752800
2017-09-13,HYG,88.0999984741211,88.2300033569336,88.05000305175781,88.20999908447266,54.60972213745117,11725900
2017-09-14,HYG,88.16999816894531,88.37000274658203,88.16000366210938,88.33000183105469,54.68401336669922,9554600
2017-09-15,HYG,88.27999877929688,88.43000030517578,88.23999786376953,88.41000366210938,54.73352813720703,8248000
2017-09-18,HYG,88.37999725341797,88.41999816894531,88.31999969482422,88.37000274658203,54.70878219604492,7442200
2017-09-19,HYG,88.4000015258789,88.47000122070312,88.31999969482422,88.45999908447266,54.764495849609375,7208300
2017-09-20,HYG,88.4800033569336,88.52999877929688,88.31999969482422,88.44999694824219,54.75830078125,10087200
2017-09-21,HYG,88.4800033569336,88.48999786376953,88.31999969482422,88.33999633789062,54.6901969909668,6932300
2017-09-22,HYG,88.33000183105469,88.43000030517578,88.30000305175781,88.43000030517578,54.745906829833984,7570500
2017-09-25,HYG,88.4000015258789,88.5,88.36000061035156,88.4800033569336,54.776878356933594,4326200
2017-09-26,HYG,88.55999755859375,88.68000030517578,88.54000091552734,88.58999633789062,54.84495544433594,8816500
2017-09-27,HYG,88.58999633789062,88.66000366210938,88.48999786376953,88.62999725341797,54.86970520019531,7490100
2017-09-28,HYG,88.62999725341797,88.66999816894531,88.58000183105469,88.62999725341797,54.86970520019531,5934000
2017-09-29,HYG,88.69999694824219,88.76000213623047,88.5999984741211,88.76000213623047,54.95022964477539,8906900
2017-10-02,HYG,88.26000213623047,88.4000015258789,88.23999786376953,88.3499984741211,54.9222297668457,13097600
2017-10-03,HYG,88.3499984741211,88.5199966430664,88.3499984741211,88.51000213623047,55.021705627441406,5928800
2017-10-04,HYG,88.4800033569336,88.51000213623047,88.37000274658203,88.41999816894531,54.965763092041016,5832400
2017-10-05,HYG,88.41000366210938,88.52999877929688,88.41000366210938,88.52999877929688,55.03412628173828,5967900
2017-10-06,HYG,88.44999694824219,88.48999786376953,88.3499984741211,88.4000015258789,54.95330810546875,5847400
2017-10-09,HYG,88.44000244140625,88.47000122070312,88.37999725341797,88.41000366210938,54.95954895019531,3278400
2017-10-10,HYG,88.52999877929688,88.52999877929688,88.4000015258789,88.4800033569336,55.00307083129883,8786500
2017-10-11,HYG,88.4800033569336,88.4800033569336,88.37000274658203,88.38999938964844,54.94710159301758,7948700
2017-10-12,HYG,88.4000015258789,88.4000015258789,88.29000091552734,88.29000091552734,54.88493728637695,6181100
2017-10-13,HYG,88.41000366210938,88.43000030517578,88.27999877929688,88.33000183105469,54.90980529785156,3941200
2017-10-16,HYG,88.38999938964844,88.4000015258789,88.27999877929688,88.37999725341797,54.940887451171875,6060300
2017-10-17,HYG,88.37999725341797,88.55999755859375,88.37999725341797,88.51000213623047,55.021705627441406,7468100
2017-10-18,HYG,88.54000091552734,88.6500015258789,88.5199966430664,88.5999984741211,55.07762908935547,7974400
2017-10-19,HYG,88.4800033569336,88.6500015258789,88.44000244140625,88.61000061035156,55.08387756347656,7270600
2017-10-20,HYG,88.66000366210938,88.7300033569336,88.61000061035156,88.69000244140625,55.13360595703125,7107000
2017-10-23,HYG,88.69999694824219,88.73999786376953,88.58999633789062,88.58999633789062,55.0714111328125,7227200
2017-10-24,HYG,88.62000274658203,88.69000244140625,88.58000183105469,88.58999633789062,55.0714111328125,7103700
2017-10-25,HYG,88.52999877929688,88.52999877929688,88.22000122070312,88.33999633789062,54.91602325439453,16817000
2017-10-26,HYG,88.43000030517578,88.45999908447266,88.19000244140625,88.2300033569336,54.847618103027344,10649800
2017-10-27,HYG,88.30000305175781,88.48999786376953,88.2300033569336,88.47000122070312,54.996849060058594,13720000
2017-10-30,HYG,88.30000305175781,88.51000213623047,88.30000305175781,88.44999694824219,54.984405517578125,5954500
2017-10-31,HYG,88.48999786376953,88.51000213623047,88.44000244140625,88.47000122070312,54.996849060058594,7198400
2017-11-01,HYG,88.18000030517578,88.19999694824219,88.01000213623047,88.0199966430664,54.94441604614258,9505500
2017-11-02,HYG,88.01000213623047,88.08000183105469,87.9000015258789,87.97000122070312,54.913185119628906,6096800
2017-11-03,HYG,88.0199966430664,88.08000183105469,87.87000274658203,87.9800033569336,54.91942596435547,7003200
2017-11-06,HYG,87.93000030517578,88.04000091552734,87.88999938964844,87.98999786376953,54.92568588256836,12262400
2017-11-07,HYG,87.97000122070312,87.9800033569336,87.70999908447266,87.73999786376953,54.769615173339844,11805400
2017-11-08,HYG,87.73999786376953,87.73999786376953,87.30999755859375,87.3499984741211,54.52615737915039,18120000
2017-11-09,HYG,87.13999938964844,87.13999938964844,86.72000122070312,86.91999816894531,54.257755279541016,38343500
2017-11-10,HYG,86.94000244140625,87.18000030517578,86.87999725341797,87.11000061035156,54.37633514404297,24521600
2017-11-13,HYG,87.04000091552734,87.16000366210938,87.02999877929688,87.05000305175781,54.33891677856445,16280500
2017-11-14,HYG,86.91999816894531,86.95999908447266,86.62000274658203,86.68000030517578,54.10795593261719,13870600
2017-11-15,HYG,86.45999908447266,86.76000213623047,86.22000122070312,86.68000030517578,54.10795593261719,25382000
2017-11-16,HYG,87.12000274658203,87.5999984741211,87.04000091552734,87.52999877929688,54.63854217529297,30075200
2017-11-17,HYG,87.36000061035156,87.51000213623047,87.33999633789062,87.47000122070312,54.60106658935547,15942100
2017-11-20,HYG,87.5199966430664,87.62999725341797,87.43000030517578,87.48999786376953,54.61357116699219,8930300
2017-11-21,HYG,87.56999969482422,87.70999908447266,87.56999969482422,87.66999816894531,54.725929260253906,10102400
2017-11-22,HYG,87.72000122070312,87.87000274658203,87.69999694824219,87.80999755859375,54.81332015991211,9473800
2017-11-24,HYG,87.87000274658203,87.91999816894531,87.83000183105469,87.87000274658203,54.85078048706055,3126500
2017-11-27,HYG,87.87000274658203,87.87000274658203,87.54000091552734,87.5999984741211,54.6822509765625,10645400
2017-11-28,HYG,87.63999938964844,87.88999938964844,87.62999725341797,87.87000274658203,54.85078048706055,10403700
2017-11-29,HYG,87.81999969482422,87.87999725341797,87.68000030517578,87.76000213623047,54.78209686279297,11806200
2017-11-30,HYG,87.79000091552734,87.94999694824219,87.77999877929688,87.77999877929688,54.794593811035156,17981500
2017-12-01,HYG,87.41999816894531,87.5,86.9800033569336,87.37999725341797,54.77703857421875,15485800
2017-12-04,HYG,87.5,87.61000061035156,87.31999969482422,87.3499984741211,54.758235931396484,14801700
2017-12-05,HYG,87.4000015258789,87.44999694824219,87.27999877929688,87.30000305175781,54.72688674926758,9347600
2017-12-06,HYG,87.29000091552734,87.41000366210938,87.19999694824219,87.22000122070312,54.67671203613281,10081700
2017-12-07,HYG,87.26000213623047,87.30999755859375,87.16999816894531,87.26000213623047,54.70181655883789,8955900
2017-12-08,HYG,87.33000183105469,87.37000274658203,87.2699966430664,87.3499984741211,54.758235931396484,9100400
2017-12-11,HYG,87.3499984741211,87.38999938964844,87.29000091552734,87.37000274658203,54.770774841308594,11847900
2017-12-12,HYG,87.44999694824219,87.44999694824219,87.31999969482422,87.33000183105469,54.74568557739258,8846700
2017-12-13,HYG,87.37000274658203,87.44999694824219,87.33000183105469,87.37999725341797,54.77703857421875,7495000
2017-12-14,HYG,87.33999633789062,87.4000015258789,87.06999969482422,87.19999694824219,54.6641960144043,19337000
2017-12-15,HYG,87.30000305175781,87.33999633789062,87.19999694824219,87.20999908447266,54.670475006103516,14223900
2017-12-18,HYG,87.23999786376953,87.38999938964844,87.2300033569336,87.30000305175781,54.72688674926758,11735200
2017-12-19,HYG,87.30000305175781,87.3499984741211,87.08999633789062,87.12000274658203,54.614036560058594,10985000
2017-12-20,HYG,87.19999694824219,87.26000213623047,87.08999633789062,87.19000244140625,54.65793228149414,11857400
2017-12-21,HYG,86.93000030517578,86.98999786376953,86.87000274658203,86.91999816894531,54.715213775634766,11195700
2017-12-22,HYG,86.97000122070312,87.06999969482422,86.91000366210938,87.0,54.76557159423828,11136900
2017-12-26,HYG,86.94000244140625,87.12999725341797,86.93000030517578,87.12999725341797,54.8474006652832,5798900
2017-12-27,HYG,87.08000183105469,87.20999908447266,87.08000183105469,87.16999816894531,54.872581481933594,5625500
2017-12-28,HYG,87.19000244140625,87.20999908447266,87.0999984741211,87.12999725341797,54.8474006652832,6116500
2017-12-29,HYG,87.13999938964844,87.30999755859375,87.08000183105469,87.26000213623047,54.92924499511719,5116800
2018-01-02,HYG,87.30000305175781,87.36000061035156,87.25,87.33999633789062,54.9796028137207,7223500
2018-01-03,HYG,87.33999633789062,87.77999877929688,87.33999633789062,87.76000213623047,55.243995666503906,20557100
2018-01-04,HYG,87.81999969482422,87.98999786376953,87.7699966430664,87.91000366210938,55.33842086791992,13610900
2018-01-05,HYG,87.97000122070312,88.01000213623047,87.87999725341797,87.97000122070312,55.37618637084961,9851600
2018-01-08,HYG,87.95999908447266,88.02999877929688,87.86000061035156,87.9000015258789,55.332088470458984,9804000
2018-01-09,HYG,87.98999786376953,87.98999786376953,87.61000061035156,87.62999725341797,55.16212844848633,13550400
2018-01-10,HYG,87.5,87.55999755859375,87.2699966430664,87.44000244140625,55.04254913330078,33182000
2018-01-11,HYG,87.5199966430664,87.73999786376953,87.45999908447266,87.7300033569336,55.22507858276367,12911500
2018-01-12,HYG,87.58999633789062,87.70999908447266,87.55000305175781,87.58000183105469,55.13066101074219,12088500
2018-01-16,HYG,87.63999938964844,87.7300033569336,87.44999694824219,87.52999877929688,55.099205017089844,18474100
2018-01-17,HYG,87.55999755859375,87.69000244140625,87.5199966430664,87.54000091552734,55.10548782348633,16340400
2018-01-18,HYG,87.5,87.55999755859375,87.4000015258789,87.44999694824219,55.0488395690918,16134900
2018-01-19,HYG,87.44000244140625,87.55000305175781,87.38999938964844,87.54000091552734,55.10548782348633,14401800
2018-01-22,HYG,87.48999786376953,87.6500015258789,87.48999786376953,87.62000274658203,55.15586853027344,16674700
2018-01-23,HYG,87.68000030517578,87.9000015258789,87.62999725341797,87.87999725341797,55.319515228271484,11600300
2018-01-24,HYG,87.80000305175781,87.87999725341797,87.6500015258789,87.75,55.237674713134766,10746300
2018-01-25,HYG,87.9000015258789,87.9000015258789,87.61000061035156,87.69000244140625,55.19990158081055,11039300
2018-01-26,HYG,87.72000122070312,87.83999633789062,87.62999725341797,87.76000213623047,55.243995666503906,7164100
2018-01-29,HYG,87.62999725341797,87.68000030517578,87.43000030517578,87.44999694824219,55.0488395690918,19590800
2018-01-30,HYG,87.44999694824219,87.45999908447266,87.13999938964844,87.1500015258789,54.860008239746094,18469300
2018-01-31,HYG,87.30000305175781,87.41999816894531,87.20999908447266,87.30000305175781,54.95441436767578,12692800
2018-02-01,HYG,86.86000061035156,86.98999786376953,86.72000122070312,86.7699966430664,54.850738525390625,17920000
2018-02-02,HYG,86.55000305175781,86.62000274658203,86.1500015258789,86.22000122070312,54.5030632019043,24787000
2018-02-05,HYG,86.12999725341797,86.51000213623047,85.58000183105469,85.73999786376953,54.199642181396484,28071300
2018-02-06,HYG,85.51000213623047,86.36000061035156,85.51000213623047,86.26000213623047,54.52837371826172,33924300
2018-02-07,HYG,86.37999725341797,86.62000274658203,85.86000061035156,85.94000244140625,54.326072692871094,24298100
2018-02-08,HYG,85.91000366210938,86.0,85.18000030517578,85.19000244140625,53.85195541381836,25419300
2018-02-09,HYG,85.27999877929688,85.41999816894531,84.06999969482422,84.94999694824219,53.70025634765625,47230300
2018-02-12,HYG,85.19999694824219,85.66000366210938,85.16000366210938,85.52999877929688,54.06687927246094,23448100
2018-02-13,HYG,85.31999969482422,85.41999816894531,85.11000061035156,85.26000213623047,53.89621353149414,14679900
2018-02-14,HYG,84.98999786376953,85.44000244140625,84.9000015258789,85.41000366210938,53.99103546142578,19332400
2018-02-15,HYG,85.61000061035156,86.0999984741211,85.61000061035156,86.0999984741211,54.427207946777344,21931600
2018-02-16,HYG,86.08999633789062,86.51000213623047,86.06999969482422,86.44999694824219,54.648468017578125,29195600
2018-02-20,HYG,86.19999694824219,86.37999725341797,86.11000061035156,86.1500015258789,54.458824157714844,22740600
2018-02-21,HYG,86.23999786376953,86.37999725341797,85.73999786376953,85.76000213623047,54.21228790283203,15656700
2018-02-22,HYG,85.80000305175781,86.13999938964844,85.73999786376953,85.81999969482422,54.250213623046875,14626900
2018-02-23,HYG,85.88999938964844,86.41999816894531,85.83000183105469,86.38999938964844,54.61052322387695,15919500
2018-02-26,HYG,86.44999694824219,86.68000030517578,86.38999938964844,86.54000091552734,54.70534133911133,10996300
2018-02-27,HYG,86.4800033569336,86.5,86.19999694824219,86.30999755859375,54.55995178222656,13840900
2018-02-28,HYG,86.41000366210938,86.4800033569336,86.12000274658203,86.18000030517578,54.477779388427734,8751000
2018-03-01,HYG,85.91000366210938,85.93000030517578,85.2699966430664,85.2699966430664,54.11665344238281,24974200
2018-03-02,HYG,85.31999969482422,85.79000091552734,85.29000091552734,85.75,54.42129135131836,18767600
2018-03-05,HYG,85.56999969482422,85.80999755859375,85.56999969482422,85.75,54.42129135131836,9000200
2018-03-06,HYG,85.83000183105469,85.94999694824219,85.69000244140625,85.87000274658203,54.497440338134766,14462900
2018-03-07,HYG,85.7699966430664,85.80999755859375,85.5999984741211,85.66000366210938,54.364192962646484,8195200
2018-03-08,HYG,85.76000213623047,85.80000305175781,85.61000061035156,85.76000213623047,54.42766189575195,10201800
2018-03-09,HYG,85.86000061035156,86.12999725341797,85.77999877929688,86.06999969482422,54.62439727783203,8942600
2018-03-12,HYG,86.0,86.06999969482422,85.79000091552734,85.93000030517578,54.535518646240234,10126500
2018-03-13,HYG,85.93000030517578,86.04000091552734,85.61000061035156,85.66000366210938,54.364192962646484,19020400
2018-03-14,HYG,85.7300033569336,85.77999877929688,85.5199966430664,85.55999755859375,54.30071258544922,10802500
2018-03-15,HYG,85.55000305175781,85.75,85.5,85.62000274658203,54.33879089355469,8647900
2018-03-16,HYG,85.63999938964844,85.80999755859375,85.58999633789062,85.80000305175781,54.45303726196289,11006000
2018-03-19,HYG,85.66000366210938,85.69000244140625,85.3499984741211,85.44999694824219,54.23089599609375,14298800
2018-03-20,HYG,85.43000030517578,85.6500015258789,85.43000030517578,85.62000274658203,54.33879089355469,14317800
2018-03-21,HYG,85.58000183105469,85.80999755859375,85.5199966430664,85.6500015258789,54.35784149169922,8643700
2018-03-22,HYG,85.44999694824219,85.56999969482422,85.12000274658203,85.13999938964844,54.0341796875,15972300
2018-03-23,HYG,85.29000091552734,85.38999938964844,84.81999969482422,84.91999816894531,53.89455032348633,21847400
2018-03-26,HYG,85.3499984741211,85.48999786376953,85.12999725341797,85.47000122070312,54.24359130859375,12454200
2018-03-27,HYG,85.4800033569336,85.62999725341797,85.20999908447266,85.38999938964844,54.19282150268555,12661500
2018-03-28,HYG,85.36000061035156,85.44000244140625,85.19999694824219,85.3499984741211,54.167442321777344,14642900
2018-03-29,HYG,85.48999786376953,85.69999694824219,85.38999938964844,85.63999938964844,54.35148620605469,10299600
2018-04-02,HYG,85.12000274658203,85.2699966430664,84.88999938964844,84.95999908447266,54.140560150146484,18902700
2018-04-03,HYG,85.11000061035156,85.20999908447266,84.88999938964844,85.19999694824219,54.293460845947266,12994100
2018-04-04,HYG,84.9000015258789,85.44000244140625,84.9000015258789,85.38999938964844,54.414573669433594,9677200
2018-04-05,HYG,85.43000030517578,85.58000183105469,85.41000366210938,85.45999908447266,54.459163665771484,10152000
2018-04-06,HYG,85.41000366210938,85.5,85.16999816894531,85.2699966430664,54.33808898925781,12680800
2018-04-09,HYG,85.44999694824219,85.61000061035156,85.41000366210938,85.58999633789062,54.54201889038086,9043200
2018-04-10,HYG,85.69999694824219,85.94000244140625,85.68000030517578,85.9000015258789,54.73955535888672,11434100
2018-04-11,HYG,85.87000274658203,86.0,85.80999755859375,85.93000030517578,54.7586784362793,7675500
2018-04-12,HYG,86.02999877929688,86.26000213623047,85.97000122070312,86.23999786376953,54.95623779296875,23692600
2018-04-13,HYG,86.30000305175781,86.41000366210938,86.23999786376953,86.29000091552734,54.988075256347656,16213400
2018-04-16,HYG,86.38999938964844,86.51000213623047,86.27999877929688,86.41999816894531,55.0709228515625,10781600
2018-04-17,HYG,86.55000305175781,86.66000366210938,86.43000030517578,86.45999908447266,55.096405029296875,15577600
2018-04-18,HYG,86.5199966430664,86.55000305175781,86.33999633789062,86.37000274658203,55.039085388183594,13745600
2018-04-19,HYG,86.20999908447266,86.23999786376953,85.98999786376953,86.0999984741211,54.867008209228516,19345500
2018-04-20,HYG,86.05000305175781,86.08999633789062,85.87000274658203,85.88999938964844,54.73319625854492,17693500
2018-04-23,HYG,85.83000183105469,85.83999633789062,85.58000183105469,85.66000366210938,54.58664321899414,15971100
2018-04-24,HYG,85.69000244140625,85.7699966430664,85.37999725341797,85.48999786376953,54.478309631347656,17872600
2018-04-25,HYG,85.41000366210938,85.54000091552734,85.23999786376953,85.5,54.48468017578125,15078400
2018-04-26,HYG,85.56999969482422,85.86000061035156,85.5199966430664,85.80000305175781,54.67583465576172,17479700
2018-04-27,HYG,85.87000274658203,85.91999816894531,85.61000061035156,85.76000213623047,54.650367736816406,7014700
2018-04-30,HYG,85.69999694824219,85.8499984741211,85.69000244140625,85.69999694824219,54.61210632324219,12473000
2018-05-01,HYG,85.27999877929688,85.4000015258789,85.18000030517578,85.4000015258789,54.652442932128906,18707700
2018-05-02,HYG,85.4000015258789,85.55000305175781,85.31999969482422,85.37000274658203,54.63325500488281,12057000
2018-05-03,HYG,85.4000015258789,85.4000015258789,85.22000122070312,85.36000061035156,54.6268310546875,21626200
2018-05-04,HYG,85.20999908447266,85.44999694824219,85.16000366210938,85.41999816894531,54.665245056152344,14862100
2018-05-07,HYG,85.43000030517578,85.52999877929688,85.4000015258789,85.5,54.71643829345703,23063900
2018-05-08,HYG,85.44999694824219,85.47000122070312,85.30999755859375,85.37000274658203,54.63325500488281,13693500
2018-05-09,HYG,85.3499984741211,85.54000091552734,85.33999633789062,85.51000213623047,54.722816467285156,10476200
2018-05-10,HYG,85.56999969482422,85.79000091552734,85.55000305175781,85.76000213623047,54.88283157348633,13375800
2018-05-11,HYG,85.76000213623047,85.83999633789062,85.62999725341797,85.7300033569336,54.8636360168457,8505100
2018-05-14,HYG,85.72000122070312,85.81999969482422,85.56999969482422,85.75,54.876426696777344,14695800
2018-05-15,HYG,85.55999755859375,85.5999984741211,85.2699966430664,85.33000183105469,54.60763168334961,20008800
2018-05-16,HYG,85.37000274658203,85.47000122070312,85.29000091552734,85.44000244140625,54.67802810668945,13028100
2018-05-17,HYG,85.33999633789062,85.55999755859375,85.33999633789062,85.48999786376953,54.71003341674805,13198300
2018-05-18,HYG,85.3499984741211,85.45999908447266,85.33000183105469,85.4000015258789,54.652442932128906,14241600
2018-05-21,HYG,85.38999938964844,85.56999969482422,85.38999938964844,85.5199966430664,54.729244232177734,7000400
2018-05-22,HYG,85.55999755859375,85.62999725341797,85.51000213623047,85.58000183105469,54.767662048339844,6220700
2018-05-23,HYG,85.4800033569336,85.6500015258789,85.38999938964844,85.6500015258789,54.81243133544922,13053100
2018-05-24,HYG,85.5199966430664,85.72000122070312,85.5199966430664,85.69999694824219,54.84442138671875,12468600
2018-05-25,HYG,85.58000183105469,85.63999938964844,85.45999908447266,85.55999755859375,54.754852294921875,12895700
2018-05-29,HYG,85.37000274658203,85.4000015258789,85.16000366210938,85.19999694824219,54.524410247802734,13519800
2018-05-30,HYG,85.29000091552734,85.48999786376953,85.29000091552734,85.45999908447266,54.69080352783203,15145000
2018-05-31,HYG,85.48999786376953,85.5,85.36000061035156,85.37999725341797,54.63966751098633,17391000
2018-06-01,HYG,85.1500015258789,85.2300033569336,85.0999984741211,85.19000244140625,54.76433563232422,12891000
2018-06-04,HYG,85.2699966430664,85.41999816894531,85.2300033569336,85.37000274658203,54.88007736206055,13830900
2018-06-05,HYG,85.37000274658203,85.5199966430664,85.30000305175781,85.47000122070312,54.944332122802734,10614100
2018-06-06,HYG,85.41000366210938,85.70999908447266,85.37999725341797,85.68000030517578,55.0793571472168,6920900
2018-06-07,HYG,85.62999725341797,85.7699966430664,85.55000305175781,85.70999908447266,55.09861373901367,13764400
2018-06-08,HYG,85.5999984741211,85.7300033569336,85.56999969482422,85.66000366210938,55.06649398803711,9784000
2018-06-11,HYG,85.69999694824219,85.8499984741211,85.69000244140625,85.81999969482422,55.169349670410156,10429300
2018-06-12,HYG,85.83000183105469,85.97000122070312,85.7699966430664,85.88999938964844,55.21433639526367,12432400
2018-06-13,HYG,85.91000366210938,86.05000305175781,85.83000183105469,85.91999816894531,55.2336540222168,9958900
2018-06-14,HYG,86.08000183105469,86.19000244140625,86.02999877929688,86.16999816894531,55.394344329833984,13954300
2018-06-15,HYG,86.11000061035156,86.16000366210938,85.98999786376953,86.12000274658203,55.36219024658203,16303700
2018-06-18,HYG,86.05000305175781,86.12999725341797,85.9800033569336,86.11000061035156,55.35578155517578,11512000
2018-06-19,HYG,85.94000244140625,86.02999877929688,85.87000274658203,85.98999786376953,55.278621673583984,12543200
2018-06-20,HYG,86.08000183105469,86.12999725341797,86.02999877929688,86.08000183105469,55.33647918701172,10422800
2018-06-21,HYG,86.06999969482422,86.06999969482422,85.87000274658203,85.9000015258789,55.22077178955078,8132500
2018-06-22,HYG,86.04000091552734,86.08999633789062,85.87999725341797,85.91000366210938,55.227176666259766,7385200
2018-06-25,HYG,85.7699966430664,85.80999755859375,85.62999725341797,85.70999908447266,55.09861373901367,13975400
2018-06-26,HYG,85.70999908447266,85.7300033569336,85.5999984741211,85.69999694824219,55.092193603515625,7503900
2018-06-27,HYG,85.6500015258789,85.70999908447266,85.47000122070312,85.5199966430664,54.97650146484375,13119200
2018-06-28,HYG,85.3499984741211,85.41000366210938,85.16000366210938,85.27999877929688,54.822200775146484,13829300
2018-06-29,HYG,85.38999938964844,85.5199966430664,85.05999755859375,85.08000183105469,54.69363021850586,17450500
2018-07-02,HYG,84.63999938964844,84.80000305175781,84.5999984741211,84.77999877929688,54.745948791503906,22438600
2018-07-03,HYG,84.83999633789062,84.95999908447266,84.73999786376953,84.79000091552734,54.75236129760742,10098600
2018-07-05,HYG,84.9000015258789,85.12999725341797,84.88999938964844,85.11000061035156,54.95903778076172,12729400
2018-07-06,HYG,85.12999725341797,85.33000183105469,85.12000274658203,85.33000183105469,55.10111618041992,9640300
2018-07-09,HYG,85.37000274658203,85.54000091552734,85.36000061035156,85.45999908447266,55.18503189086914,11517200
2018-07-10,HYG,85.5,85.58000183105469,85.45999908447266,85.47000122070312,55.19150161743164,7531700
2018-07-11,HYG,85.38999938964844,85.44999694824219,85.30000305175781,85.33999633789062,55.10757827758789,14111200
2018-07-12,HYG,85.4800033569336,85.6500015258789,85.44000244140625,85.61000061035156,55.28191375732422,10327300
2018-07-13,HYG,85.68000030517578,85.72000122070312,85.61000061035156,85.61000061035156,55.28191375732422,9860300
2018-07-16,HYG,85.62000274658203,85.62999725341797,85.51000213623047,85.55000305175781,55.24317169189453,7963100
2018-07-17,HYG,85.48999786376953,85.6500015258789,85.44999694824219,85.58000183105469,55.26255798339844,10721000
2018-07-18,HYG,85.61000061035156,85.68000030517578,85.52999877929688,85.62000274658203,55.28837585449219,12838600
2018-07-19,HYG,85.56999969482422,85.63999938964844,85.48999786376953,85.58000183105469,55.26255798339844,6907300
2018-07-20,HYG,85.62000274658203,85.69000244140625,85.58000183105469,85.62000274658203,55.28837585449219,9329000
2018-07-23,HYG,85.66999816894531,85.69000244140625,85.58999633789062,85.58999633789062,55.268985748291016,7459200
2018-07-24,HYG,85.5999984741211,85.83000183105469,85.5999984741211,85.7699966430664,55.38520050048828,11803700
2018-07-25,HYG,85.79000091552734,85.94999694824219,85.72000122070312,85.93000030517578,55.48856735229492,11342300
2018-07-26,HYG,85.94000244140625,86.01000213623047,85.9000015258789,85.94000244140625,55.49502182006836,9233600
2018-07-27,HYG,85.94999694824219,85.9800033569336,85.80999755859375,85.91000366210938,55.47562789916992,10811200
2018-07-30,HYG,85.94000244140625,86.01000213623047,85.8499984741211,85.94000244140625,55.49502182006836,8400500
2018-07-31,HYG,86.0999984741211,86.1500015258789,86.05000305175781,86.12000274658203,55.611263275146484,10709500
2018-08-01,HYG,85.76000213623047,85.87999725341797,85.66999816894531,85.83000183105469,55.661136627197266,23297900
2018-08-02,HYG,85.76000213623047,85.88999938964844,85.72000122070312,85.87999725341797,55.693603515625,10989200
2018-08-03,HYG,85.86000061035156,85.98999786376953,85.8499984741211,85.94999694824219,55.73899459838867,6940500
2018-08-06,HYG,85.87000274658203,86.11000061035156,85.87000274658203,86.11000061035156,55.84272766113281,7521900
2018-08-07,HYG,85.87000274658203,86.2300033569336,85.87000274658203,86.1500015258789,55.86868667602539,8408200
2018-08-08,HYG,86.12999725341797,86.16999816894531,86.08000183105469,86.0999984741211,55.8362922668457,10103600
2018-08-09,HYG,86.11000061035156,86.13999938964844,86.0,86.04000091552734,55.79736328125,6354700
2018-08-10,HYG,85.9000015258789,86.01000213623047,85.81999969482422,85.88999938964844,55.7000732421875,9473300
2018-08-13,HYG,85.95999908447266,85.95999908447266,85.7699966430664,85.83000183105469,55.661136627197266,10479000
2018-08-14,HYG,85.87999725341797,86.01000213623047,85.86000061035156,85.9800033569336,55.75845718383789,9767700
2018-08-15,HYG,85.87000274658203,85.9000015258789,85.7300033569336,85.83000183105469,55.661136627197266,14684800
2018-08-16,HYG,85.91000366210938,85.98999786376953,85.86000061035156,85.94000244140625,55.73252487182617,14931800
2018-08-17,HYG,85.9000015258789,86.06999969482422,85.9000015258789,86.04000091552734,55.79736328125,15280900
2018-08-20,HYG,86.08999633789062,86.1500015258789,86.02999877929688,86.08000183105469,55.82329559326172,8174900
2018-08-21,HYG,86.11000061035156,86.29000091552734,86.08999633789062,86.20999908447266,55.90760803222656,9281400
2018-08-22,HYG,86.19999694824219,86.27999877929688,86.19999694824219,86.23999786376953,55.92703628540039,8297400
2018-08-23,HYG,86.23999786376953,86.31999969482422,86.19000244140625,86.2300033569336,55.92058563232422,7751800
2018-08-24,HYG,86.27999877929688,86.41000366210938,86.25,86.37999725341797,56.017852783203125,7458500
2018-08-27,HYG,86.4000015258789,86.45999908447266,86.37000274658203,86.41000366210938,56.03728485107422,5581700
2018-08-28,HYG,86.37000274658203,86.41000366210938,86.31999969482422,86.37000274658203,56.011390686035156,8175300
2018-08-29,HYG,86.33999633789062,86.38999938964844,86.27999877929688,86.31999969482422,55.97896194458008,7403700
2018-08-30,HYG,86.33000183105469,86.3499984741211,86.22000122070312,86.25,55.93355941772461,8481700
2018-08-31,HYG,86.29000091552734,86.41999816894531,86.27999877929688,86.36000061035156,56.00489044189453,9569300
2018-09-04,HYG,85.88999938964844,85.93000030517578,85.72000122070312,85.80999755859375,55.88828659057617,16029000
2018-09-05,HYG,85.80000305175781,85.83000183105469,85.69000244140625,85.72000122070312,55.82967758178711,13369200
2018-09-06,HYG,85.80000305175781,85.83000183105469,85.72000122070312,85.79000091552734,55.875240325927734,13137500
2018-09-07,HYG,85.62999725341797,85.7699966430664,85.62999725341797,85.69999694824219,55.81666564941406,12374700
2018-09-10,HYG,85.80000305175781,85.88999938964844,85.7699966430664,85.87000274658203,55.92738342285156,6997900
2018-09-11,HYG,85.76000213623047,85.9800033569336,85.76000213623047,85.88999938964844,55.94038009643555,17897800
2018-09-12,HYG,85.91999816894531,86.1500015258789,85.91999816894531,86.08999633789062,56.07061767578125,14041900
2018-09-13,HYG,86.16999816894531,86.30999755859375,86.16999816894531,86.25,56.174861907958984,10375800
2018-09-14,HYG,86.23999786376953,86.38999938964844,86.2300033569336,86.33000183105469,56.22696304321289,12945000
2018-09-17,HYG,86.30999755859375,86.33000183105469,86.2300033569336,86.2699966430664,56.18788528442383,13279900
2018-09-18,HYG,86.29000091552734,86.36000061035156,86.23999786376953,86.26000213623047,56.181392669677734,19882300
2018-09-19,HYG,86.23999786376953,86.29000091552734,86.08000183105469,86.0999984741211,56.07720184326172,14471100
2018-09-20,HYG,86.12000274658203,86.22000122070312,85.93000030517578,86.22000122070312,56.155338287353516,15360100
2018-09-21,HYG,86.22000122070312,86.27999877929688,86.19999694824219,86.23999786376953,56.1683349609375,10966700
2018-09-24,HYG,86.19999694824219,86.25,86.08000183105469,86.19999694824219,56.142311096191406,10229400
2018-09-25,HYG,86.12999725341797,86.18000030517578,86.08999633789062,86.12999725341797,56.096683502197266,13240400
2018-09-26,HYG,86.19000244140625,86.33999633789062,86.16999816894531,86.22000122070312,56.155338287353516,19504800
2018-09-27,HYG,86.30999755859375,86.4000015258789,86.2699966430664,86.37999725341797,56.2595100402832,7996600
2018-09-28,HYG,86.3499984741211,86.47000122070312,86.27999877929688,86.44000244140625,56.298614501953125,17085200
2018-10-01,HYG,86.16000366210938,86.30000305175781,86.13999938964844,86.30000305175781,56.46149444580078,22566000
2018-10-02,HYG,86.26000213623047,86.30000305175781,86.18000030517578,86.2300033569336,56.415740966796875,13577600
2018-10-03,HYG,86.27999877929688,86.30999755859375,85.91000366210938,86.0,56.265220642089844,17930600
2018-10-04,HYG,85.81999969482422,85.9000015258789,85.58000183105469,85.68000030517578,56.05586242675781,24935100
2018-10-05,HYG,85.6500015258789,85.66999816894531,85.30000305175781,85.30000305175781,55.80726623535156,25063300
2018-10-08,HYG,85.3499984741211,85.36000061035156,85.08000183105469,85.11000061035156,55.682987213134766,12869500
2018-10-09,HYG,85.13999938964844,85.30999755859375,85.12000274658203,85.23999786376953,55.76802062988281,19488500
2018-10-10,HYG,85.11000061035156,85.11000061035156,84.61000061035156,84.62999725341797,55.36892318725586,25204700
2018-10-11,HYG,84.83000183105469,85.0,84.56999969482422,84.69999694824219,55.41473388671875,37665300
2018-10-12,HYG,85.11000061035156,85.20999908447266,84.94000244140625,85.1500015258789,55.70914840698242,31877600
2018-10-15,HYG,85.08000183105469,85.19000244140625,85.04000091552734,85.08999633789062,55.66987228393555,16658500
2018-10-16,HYG,85.25,85.4000015258789,85.23999786376953,85.37999725341797,55.859615325927734,18955700
2018-10-17,HYG,85.26000213623047,85.36000061035156,85.13999938964844,85.20999908447266,55.7484016418457,18739400
2018-10-18,HYG,85.1500015258789,85.19000244140625,84.8499984741211,84.8499984741211,55.512847900390625,28653800
2018-10-19,HYG,85.05000305175781,85.06999969482422,84.8499984741211,84.9000015258789,55.545570373535156,20606400
2018-10-22,HYG,85.0999984741211,85.1500015258789,84.87000274658203,84.94000244140625,55.571754455566406,15049900
2018-10-23,HYG,84.6500015258789,84.9000015258789,84.55000305175781,84.86000061035156,55.5194091796875,20873200
2018-10-24,HYG,84.87999725341797,84.91999816894531,84.41000366210938,84.44000244140625,55.24461364746094,23827800
2018-10-25,HYG,84.61000061035156,84.66999816894531,84.43000030517578,84.61000061035156,55.35581588745117,29513700
2018-10-26,HYG,84.30999755859375,84.52999877929688,84.16999816894531,84.2300033569336,55.107261657714844,27424100
2018-10-29,HYG,84.4000015258789,84.44000244140625,84.04000091552734,84.1500015258789,55.05488586425781,23379400
2018-10-30,HYG,84.16999816894531,84.3499984741211,83.98999786376953,84.3499984741211,55.185733795166016,24105300
2018-10-31,HYG,84.44999694824219,84.58999633789062,84.3499984741211,84.3499984741211,55.185733795166016,23047900
2018-11-01,HYG,84.08999633789062,84.41000366210938,84.0,84.31999969482422,55.438865661621094,33115700
2018-11-02,HYG,84.41999816894531,84.52999877929688,84.13999938964844,84.2699966430664,55.40601348876953,19675800
2018-11-05,HYG,84.2699966430664,84.44000244140625,84.2300033569336,84.33999633789062,55.45203399658203,12299600
2018-11-06,HYG,84.41000366210938,84.55999755859375,84.37999725341797,84.55999755859375,55.59668731689453,14675500
2018-11-07,HYG,84.63999938964844,85.06999969482422,84.63999938964844,85.05000305175781,55.918853759765625,26155500
2018-11-08,HYG,84.8499984741211,85.08000183105469,84.81999969482422,84.83999633789062,55.78074645996094,20677500
2018-11-09,HYG,84.66999816894531,84.68000030517578,84.27999877929688,84.36000061035156,55.465152740478516,20869300
2018-11-12,HYG,84.33000183105469,84.41000366210938,83.80999755859375,83.83999633789062,55.123268127441406,22319600
2018-11-13,HYG,83.86000061035156,84.0199966430664,83.62999725341797,83.69999694824219,55.03123092651367,22907600
2018-11-14,HYG,83.80999755859375,83.98999786376953,83.33999633789062,83.54000091552734,54.92604446411133,44747700
2018-11-15,HYG,83.19000244140625,83.5199966430664,82.98999786376953,83.5199966430664,54.91287612915039,32332600
2018-11-16,HYG,83.16000366210938,83.30000305175781,83.0,83.2699966430664,54.7485237121582,64912800
2018-11-19,HYG,83.05000305175781,83.23999786376953,82.9000015258789,83.01000213623047,54.57756805419922,36567300
2018-11-20,HYG,82.77999877929688,82.97000122070312,82.69999694824219,82.75,54.40660858154297,21901900
2018-11-21,HYG,83.16999816894531,83.33999633789062,83.06999969482422,83.16999816894531,54.68275833129883,16560400
2018-11-23,HYG,82.83000183105469,82.9000015258789,82.70999908447266,82.70999908447266,54.380313873291016,9708100
2018-11-26,HYG,83.02999877929688,83.13999938964844,82.91000366210938,83.0999984741211,54.636756896972656,19807100
2018-11-27,HYG,82.94000244140625,83.06999969482422,82.87000274658203,83.05999755859375,54.61042404174805,14370700
2018-11-28,HYG,83.11000061035156,83.7699966430664,83.05999755859375,83.75,55.064109802246094,23513100
2018-11-29,HYG,83.58999633789062,83.88999938964844,83.54000091552734,83.7699966430664,55.0772819519043,17927900
2018-11-30,HYG,83.55999755859375,83.73999786376953,83.55000305175781,83.5999984741211,54.96548843383789,15081000
2018-12-03,HYG,83.6500015258789,83.83000183105469,83.5,83.80000305175781,55.34590530395508,27052900
2018-12-04,HYG,83.62999725341797,83.70999908447266,83.19999694824219,83.27999877929688,55.00245666503906,32066500
2018-12-06,HYG,82.8499984741211,83.08999633789062,82.72000122070312,82.98999786376953,54.810951232910156,27661900
2018-12-07,HYG,83.26000213623047,83.38999938964844,82.83000183105469,82.83000183105469,54.70526123046875,28901200
2018-12-10,HYG,82.81999969482422,82.95999908447266,82.55999755859375,82.88999938964844,54.7448844909668,23434700
2018-12-11,HYG,83.18000030517578,83.26000213623047,82.97000122070312,83.04000091552734,54.84394454956055,19243900
2018-12-12,HYG,83.31999969482422,83.58999633789062,83.29000091552734,83.30999755859375,55.022274017333984,17571500
2018-12-13,HYG,83.5,83.5999984741211,83.43000030517578,83.51000213623047,55.15437698364258,15859200
2018-12-14,HYG,83.37000274658203,83.4800033569336,83.0999984741211,83.16000366210938,54.92323303222656,16397600
2018-12-17,HYG,83.08999633789062,83.16000366210938,82.55000305175781,82.62000274658203,54.566593170166016,24124900
2018-12-18,HYG,82.36000061035156,82.43000030517578,81.9000015258789,82.08000183105469,54.46770095825195,25284300
2018-12-19,HYG,82.12000274658203,82.26000213623047,81.23999786376953,81.33999633789062,53.976627349853516,32062700
2018-12-20,HYG,81.06999969482422,81.19000244140625,80.01000213623047,80.62999725341797,53.505489349365234,68796100
2018-12-21,HYG,80.58999633789062,80.93000030517578,80.0999984741211,80.2300033569336,53.24006271362305,56295000
2018-12-24,HYG,80.2300033569336,80.3499984741211,79.62999725341797,79.62999725341797,52.84188461303711,18853600
2018-12-26,HYG,79.7300033569336,80.97000122070312,79.55000305175781,80.97000122070312,53.73112487792969,25010300
2018-12-27,HYG,80.48999786376953,80.97000122070312,80.37999725341797,80.91999816894531,53.69791793823242,31806100
2018-12-28,HYG,80.98999786376953,81.31999969482422,80.8499984741211,81.04000091552734,53.77756881713867,30106400
2018-12-31,HYG,81.19000244140625,81.33000183105469,81.08999633789062,81.0999984741211,53.8173713684082,14153600
2019-01-02,HYG,80.72000122070312,81.11000061035156,80.6500015258789,80.98999786376953,53.74437713623047,26977400
2019-01-03,HYG,80.91000366210938,81.16000366210938,80.77999877929688,81.02999877929688,53.770912170410156,32776600
2019-01-04,HYG,81.66999816894531,82.5,81.56999969482422,82.38999938964844,54.673404693603516,38754000
2019-01-07,HYG,82.58000183105469,83.19000244140625,82.56999969482422,83.19000244140625,55.20426559448242,38127600
2019-01-08,HYG,83.38999938964844,83.73999786376953,83.26000213623047,83.7300033569336,55.5626106262207,30795000
2019-01-09,HYG,83.8499984741211,84.01000213623047,83.79000091552734,83.83000183105469,55.62898254394531,40909400
2019-01-10,HYG,83.66000366210938,84.20999908447266,83.55000305175781,84.16000366210938,55.84796142578125,50520000
2019-01-11,HYG,83.81999969482422,83.9800033569336,83.77999877929688,83.88999938964844,55.66877746582031,19793300
2019-01-14,HYG,83.66999816894531,83.7699966430664,83.55000305175781,83.62000274658203,55.48964309692383,20137700
2019-01-15,HYG,83.62000274658203,83.94000244140625,83.55000305175781,83.9000015258789,55.675445556640625,24799000
2019-01-16,HYG,84.01000213623047,84.13999938964844,83.95999908447266,84.02999877929688,55.76171112060547,26508100
2019-01-17,HYG,83.94000244140625,84.29000091552734,83.88999938964844,84.26000213623047,55.914337158203125,24574400
2019-01-18,HYG,84.41999816894531,84.66999816894531,84.38999938964844,84.5,56.07360076904297,36236400
2019-01-22,HYG,84.33000183105469,84.33999633789062,83.83000183105469,83.94000244140625,55.70197296142578,25504200
2019-01-23,HYG,84.05999755859375,84.2300033569336,83.87000274658203,84.11000061035156,55.81477737426758,18529400
2019-01-24,HYG,84.08000183105469,84.22000122070312,83.94000244140625,84.19999694824219,55.874515533447266,17875500
2019-01-25,HYG,84.36000061035156,84.48999786376953,84.33999633789062,84.41000366210938,56.01385498046875,16775200
2019-01-28,HYG,84.19000244140625,84.33000183105469,84.06999969482422,84.27999877929688,55.9276008605957,14694100
2019-01-29,HYG,84.3499984741211,84.3499984741211,84.02999877929688,84.2300033569336,55.894439697265625,18717000
2019-01-30,HYG,84.33999633789062,85.02999877929688,84.33000183105469,84.9000015258789,56.33903503417969,25993500
2019-01-31,HYG,84.87999725341797,85.23999786376953,84.87999725341797,85.11000061035156,56.478397369384766,27070400
2019-02-01,HYG,84.66000366210938,84.76000213623047,84.54000091552734,84.68000030517578,56.45102310180664,24749900
2019-02-04,HYG,84.69000244140625,84.93000030517578,84.61000061035156,84.87999725341797,56.58435821533203,15968400
2019-02-05,HYG,84.94000244140625,85.2699966430664,84.93000030517578,85.18000030517578,56.78437805175781,33188300
2019-02-06,HYG,85.11000061035156,85.20999908447266,85.0199966430664,85.0999984741211,56.73103332519531,25936800
2019-02-07,HYG,84.83000183105469,84.9000015258789,84.66000366210938,84.80999755859375,56.53770446777344,27119400
2019-02-08,HYG,84.70999908447266,84.80999755859375,84.58000183105469,84.79000091552734,56.524375915527344,16728100
2019-02-11,HYG,84.7699966430664,84.87000274658203,84.69999694824219,84.83000183105469,56.551025390625,10051800
2019-02-12,HYG,85.08000183105469,85.2699966430664,85.06999969482422,85.23999786376953,56.82438659667969,20174000
2019-02-13,HYG,85.29000091552734,85.30999755859375,85.05000305175781,85.12000274658203,56.74436569213867,25088400
2019-02-14,HYG,84.9800033569336,85.22000122070312,84.86000061035156,85.12999725341797,56.75102615356445,19406700
2019-02-15,HYG,85.27999877929688,85.45999908447266,85.27999877929688,85.4000015258789,56.93105697631836,24052000
2019-02-19,HYG,85.30000305175781,85.4800033569336,85.26000213623047,85.43000030517578,56.9510498046875,11317700
2019-02-20,HYG,85.45999908447266,85.55000305175781,85.33000183105469,85.5,56.997676849365234,9925700
2019-02-21,HYG,85.44999694824219,85.52999877929688,85.3499984741211,85.41999816894531,56.94435119628906,15479800
2019-02-22,HYG,85.5199966430664,85.66999816894531,85.48999786376953,85.58999633789062,57.05770492553711,12330300
2019-02-25,HYG,85.70999908447266,85.83000183105469,85.62000274658203,85.66000366210938,57.10435104370117,13698200
2019-02-26,HYG,85.72000122070312,85.87000274658203,85.66999816894531,85.7699966430664,57.177669525146484,16049300
2019-02-27,HYG,85.80000305175781,85.86000061035156,85.7300033569336,85.80000305175781,57.19770812988281,14818900
2019-02-28,HYG,85.77999877929688,85.83000183105469,85.69999694824219,85.75,57.16434097290039,21340600
2019-03-01,HYG,85.55000305175781,85.66000366210938,85.5,85.61000061035156,57.326412200927734,26455300
2019-03-04,HYG,85.70999908447266,85.75,85.33999633789062,85.4800033569336,57.239376068115234,16034400
2019-03-05,HYG,85.4800033569336,85.48999786376953,85.36000061035156,85.44000244140625,57.21255874633789,14510100
2019-03-06,HYG,85.4000015258789,85.41999816894531,85.26000213623047,85.30000305175781,57.11882781982422,16806400
2019-03-07,HYG,85.33000183105469,85.33999633789062,85.08000183105469,85.23999786376953,57.078636169433594,28101100
2019-03-08,HYG,84.9800033569336,85.12000274658203,84.80999755859375,85.0999984741211,56.98489761352539,21043400
2019-03-11,HYG,85.06999969482422,85.38999938964844,85.05000305175781,85.37999725341797,57.172367095947266,17922400
2019-03-12,HYG,85.30999755859375,85.58000183105469,85.29000091552734,85.52999877929688,57.27284240722656,20180500
2019-03-13,HYG,85.58000183105469,85.7699966430664,85.55999755859375,85.76000213623047,57.42683410644531,24524800
2019-03-14,HYG,85.72000122070312,85.83000183105469,85.68000030517578,85.69999694824219,57.386680603027344,12342500
2019-03-15,HYG,85.76000213623047,85.87999725341797,85.75,85.77999877929688,57.44026565551758,21775300
2019-03-18,HYG,85.79000091552734,85.83000183105469,85.66999816894531,85.75,57.420143127441406,10498900
2019-03-19,HYG,85.80999755859375,85.95999908447266,85.75,85.80000305175781,57.45362091064453,14067200
2019-03-20,HYG,85.80999755859375,86.30000305175781,85.6500015258789,86.16999816894531,57.70137023925781,31184400
2019-03-21,HYG,86.05999755859375,86.26000213623047,86.04000091552734,86.1500015258789,57.68798065185547,16400700
2019-03-22,HYG,86.0199966430664,86.05000305175781,85.75,85.83999633789062,57.48038864135742,27030400
2019-03-25,HYG,85.77999877929688,85.91000366210938,85.6500015258789,85.80999755859375,57.46034622192383,23592100
2019-03-26,HYG,85.94999694824219,86.1500015258789,85.88999938964844,86.0199966430664,57.6009407043457,18762700
2019-03-27,HYG,86.06999969482422,86.23999786376953,85.87999725341797,86.08000183105469,57.64113998413086,16706700
2019-03-28,HYG,86.08999633789062,86.25,86.04000091552734,86.25,57.754974365234375,19706700
2019-03-29,HYG,86.31999969482422,86.52999877929688,86.30000305175781,86.47000122070312,57.90225601196289,22358900
2019-04-01,HYG,86.20999908447266,86.27999877929688,86.05000305175781,86.06999969482422,57.88813018798828,21353900
2019-04-02,HYG,86.08999633789062,86.13999938964844,85.94000244140625,86.11000061035156,57.91505432128906,15129300
2019-04-03,HYG,86.19999694824219,86.30999755859375,86.0999984741211,86.13999938964844,57.935237884521484,13746500
2019-04-04,HYG,86.1500015258789,86.27999877929688,86.12999725341797,86.2699966430664,58.02267074584961,14435700
2019-04-05,HYG,86.36000061035156,86.5,86.33999633789062,86.43000030517578,58.13028335571289,14227000
2019-04-08,HYG,86.38999938964844,86.41000366210938,86.30999755859375,86.37999725341797,58.09664535522461,11472100
2019-04-09,HYG,86.33000183105469,86.41999816894531,86.2699966430664,86.31999969482422,58.0562744140625,19118700
2019-04-10,HYG,86.43000030517578,86.69999694824219,86.43000030517578,86.69999694824219,58.3118782043457,16767000
2019-04-11,HYG,86.69000244140625,86.86000061035156,86.6500015258789,86.83000183105469,58.39928436279297,20976100
2019-04-12,HYG,86.93000030517578,87.01000213623047,86.79000091552734,86.95999908447266,58.48672866821289,17442800
2019-04-15,HYG,86.94999694824219,86.94999694824219,86.83000183105469,86.9000015258789,58.44636154174805,13940000
2019-04-16,HYG,86.95999908447266,86.97000122070312,86.81999969482422,86.8499984741211,58.41276168823242,11543800
2019-04-17,HYG,86.94000244140625,86.94000244140625,86.62999725341797,86.63999938964844,58.2714958190918,11818600
2019-04-18,HYG,86.79000091552734,86.79000091552734,86.58000183105469,86.68000030517578,58.29841232299805,15295500
2019-04-22,HYG,86.62000274658203,86.66000366210938,86.5199966430664,86.52999877929688,58.197532653808594,24591400
2019-04-23,HYG,86.63999938964844,86.87999725341797,86.58999633789062,86.83000183105469,58.39928436279297,15094100
2019-04-24,HYG,86.8499984741211,86.8499984741211,86.69999694824219,86.70999908447266,58.31861877441406,11938800
2019-04-25,HYG,86.69999694824219,86.80999755859375,86.56999969482422,86.75,58.34550094604492,14369000
2019-04-26,HYG,86.8499984741211,86.9800033569336,86.8499984741211,86.97000122070312,58.493446350097656,11937200
2019-04-29,HYG,86.94999694824219,87.0,86.93000030517578,86.93000030517578,58.466529846191406,7601200
2019-04-30,HYG,86.97000122070312,87.04000091552734,86.91999816894531,86.94000244140625,58.47330093383789,11168100
2019-05-01,HYG,86.58999633789062,86.87000274658203,86.27999877929688,86.29000091552734,58.28144454956055,24574300
2019-05-02,HYG,86.36000061035156,86.4800033569336,86.18000030517578,86.3499984741211,58.321990966796875,24936600
2019-05-03,HYG,86.5199966430664,86.5999984741211,86.47000122070312,86.56999969482422,58.47057342529297,18522700
2019-05-06,HYG,86.18000030517578,86.62000274658203,86.0,86.61000061035156,58.49760818481445,18893700
2019-05-07,HYG,86.4000015258789,86.44999694824219,85.94999694824219,86.08999633789062,58.14639663696289,30266300
2019-05-08,HYG,86.0999984741211,86.30000305175781,86.02999877929688,86.12000274658203,58.166629791259766,27527500
2019-05-09,HYG,85.98999786376953,86.05999755859375,85.68000030517578,85.98999786376953,58.07883834838867,30890400
2019-05-10,HYG,85.95999908447266,86.30999755859375,85.75,86.2300033569336,58.240966796875,33782400
2019-05-13,HYG,85.68000030517578,85.7699966430664,85.41999816894531,85.44000244140625,57.70735168457031,34801600
2019-05-14,HYG,85.61000061035156,85.83000183105469,85.52999877929688,85.62999725341797,57.83570098876953,18128500
2019-05-15,HYG,85.48999786376953,85.76000213623047,85.44000244140625,85.70999908447266,57.889739990234375,19543700
2019-05-16,HYG,85.83000183105469,86.11000061035156,85.80000305175781,85.97000122070312,58.0653190612793,29384100
2019-05-17,HYG,85.79000091552734,86.0999984741211,85.79000091552734,85.94000244140625,58.04511260986328,27089400
2019-05-20,HYG,85.91999816894531,86.08000183105469,85.77999877929688,85.86000061035156,57.99104690551758,15780000
2019-05-21,HYG,85.98999786376953,86.1500015258789,85.98999786376953,86.12999725341797,58.17340850830078,15004300
2019-05-22,HYG,86.08000183105469,86.19999694824219,85.97000122070312,86.19999694824219,58.22067642211914,14976200
2019-05-23,HYG,85.95999908447266,85.98999786376953,85.66999816894531,85.7699966430664,57.93024826049805,18333400
2019-05-24,HYG,85.87000274658203,85.97000122070312,85.63999938964844,85.6500015258789,57.84922409057617,17611600
2019-05-28,HYG,85.75,85.81999969482422,85.48999786376953,85.56999969482422,57.795162200927734,20544600
2019-05-29,HYG,85.45999908447266,85.5199966430664,85.25,85.33999633789062,57.63981628417969,25441900
2019-05-30,HYG,85.48999786376953,85.6500015258789,85.44000244140625,85.5199966430664,57.76140213012695,20311900
2019-05-31,HYG,85.23999786376953,85.33999633789062,84.87999725341797,84.9000015258789,57.342628479003906,34947400
2019-06-03,HYG,84.6500015258789,84.77999877929688,84.47000122070312,84.6500015258789,57.43494415283203,58940600
2019-06-04,HYG,84.91000366210938,85.51000213623047,84.91000366210938,85.5,58.01163864135742,34113300
2019-06-05,HYG,85.58000183105469,85.72000122070312,85.43000030517578,85.69999694824219,58.14735794067383,28368700
2019-06-06,HYG,85.68000030517578,85.95999908447266,85.56999969482422,85.87999725341797,58.269466400146484,23538600
2019-06-07,HYG,86.0,86.20999908447266,85.16000366210938,86.0999984741211,58.418766021728516,29934000
2019-06-10,HYG,86.26000213623047,86.33999633789062,86.18000030517578,86.2300033569336,58.5069580078125,17482200
2019-06-11,HYG,86.51000213623047,86.66000366210938,86.22000122070312,86.3499984741211,58.5883674621582,34293700
2019-06-12,HYG,86.33000183105469,86.3499984741211,86.12999725341797,86.1500015258789,58.45264434814453,18195500
2019-06-13,HYG,86.30000305175781,86.41000366210938,86.25,86.3499984741211,58.5883674621582,19438500
2019-06-14,HYG,86.31999969482422,86.36000061035156,86.22000122070312,86.29000091552734,58.547664642333984,8842000
2019-06-17,HYG,86.23999786376953,86.29000091552734,86.12000274658203,86.16000366210938,58.45944595336914,10554000
2019-06-18,HYG,86.56999969482422,86.7699966430664,86.54000091552734,86.76000213623047,58.86650848388672,22540400
2019-06-19,HYG,86.69999694824219,87.19000244140625,86.55000305175781,87.16999816894531,59.14474868774414,28212600
2019-06-20,HYG,87.43000030517578,87.6500015258789,87.29000091552734,87.61000061035156,59.443294525146484,48362000
2019-06-21,HYG,87.37999725341797,87.44999694824219,87.33000183105469,87.33000183105469,59.2533073425293,22467800
2019-06-24,HYG,87.33000183105469,87.37000274658203,87.27999877929688,87.31999969482422,59.24650573730469,13764100
2019-06-25,HYG,87.30999755859375,87.30999755859375,86.88999938964844,86.94999694824219,58.995479583740234,26173600
2019-06-26,HYG,87.12000274658203,87.16000366210938,86.87999725341797,86.91000366210938,58.96831512451172,19554600
2019-06-27,HYG,87.05999755859375,87.19999694824219,87.0199966430664,87.1500015258789,59.13119125366211,12995100
2019-06-28,HYG,87.19999694824219,87.25,87.1500015258789,87.18000030517578,59.15151596069336,14690800
2019-07-01,HYG,87.12999725341797,87.26000213623047,86.80000305175781,86.81999969482422,59.169254302978516,26036100
2019-07-02,HYG,86.87999725341797,87.05999755859375,86.83999633789062,87.01000213623047,59.29871368408203,20683200
2019-07-03,HYG,87.05000305175781,87.38999938964844,87.02999877929688,87.33999633789062,59.523624420166016,16237900
2019-07-05,HYG,87.08000183105469,87.08999633789062,86.8499984741211,86.98999786376953,59.28509521484375,17591400
2019-07-08,HYG,86.94999694824219,86.94999694824219,86.80999755859375,86.81999969482422,59.169254302978516,16679400
2019-07-09,HYG,86.76000213623047,86.80000305175781,86.69999694824219,86.72000122070312,59.10107421875,19189100
2019-07-10,HYG,86.93000030517578,87.08000183105469,86.88999938964844,86.95999908447266,59.26465606689453,24497000
2019-07-11,HYG,87.01000213623047,87.01000213623047,86.66999816894531,86.79000091552734,59.14881134033203,19191200
2019-07-12,HYG,86.79000091552734,86.94000244140625,86.72000122070312,86.93000030517578,59.24422073364258,21291200
2019-07-15,HYG,86.91000366210938,87.06999969482422,86.86000061035156,86.98999786376953,59.28509521484375,10735200
2019-07-16,HYG,86.9800033569336,86.9800033569336,86.7300033569336,86.80999755859375,59.16242218017578,20147200
2019-07-17,HYG,86.87999725341797,86.87999725341797,86.69000244140625,86.69999694824219,59.087459564208984,9361300
2019-07-18,HYG,86.70999908447266,86.76000213623047,86.51000213623047,86.73999786376953,59.11471176147461,17236600
2019-07-19,HYG,86.73999786376953,86.77999877929688,86.55999755859375,86.58999633789062,59.012489318847656,14771000
2019-07-22,HYG,86.69000244140625,86.87999725341797,86.6500015258789,86.87999725341797,59.21012878417969,12852800
2019-07-23,HYG,86.94999694824219,87.05999755859375,86.8499984741211,87.02999877929688,59.31235885620117,14051800
2019-07-24,HYG,87.01000213623047,87.11000061035156,86.98999786376953,87.0999984741211,59.36008834838867,12713700
2019-07-25,HYG,87.1500015258789,87.1500015258789,86.91000366210938,86.9800033569336,59.27830123901367,14272500
2019-07-26,HYG,87.12000274658203,87.19000244140625,87.08000183105469,87.16999816894531,59.40779495239258,8512700
2019-07-29,HYG,87.1500015258789,87.16000366210938,86.95999908447266,87.04000091552734,59.319156646728516,14731800
2019-07-30,HYG,86.9000015258789,87.08999633789062,86.83999633789062,87.08000183105469,59.34642791748047,13794100
2019-07-31,HYG,87.1500015258789,87.26000213623047,86.58000183105469,86.93000030517578,59.24422073364258,23449700
2019-08-01,HYG,86.55000305175781,86.98999786376953,86.48999786376953,86.5199966430664,59.21475601196289,28839000
2019-08-02,HYG,86.48999786376953,86.48999786376953,86.18000030517578,86.38999938964844,59.125823974609375,23559600
2019-08-05,HYG,85.87000274658203,85.87000274658203,85.3499984741211,85.48999786376953,58.50986099243164,47727900
2019-08-06,HYG,85.87000274658203,86.12000274658203,85.66999816894531,86.04000091552734,58.886295318603516,28695000
2019-08-07,HYG,85.69000244140625,86.12999725341797,85.44999694824219,86.02999877929688,58.87942886352539,38028500
2019-08-08,HYG,86.05000305175781,86.41999816894531,86.05000305175781,86.37000274658203,59.11214828491211,27074700
2019-08-09,HYG,86.22000122070312,86.3499984741211,86.08000183105469,86.25,59.029998779296875,19090800
2019-08-12,HYG,86.01000213623047,86.13999938964844,85.87999725341797,85.94999694824219,58.824668884277344,17466700
2019-08-13,HYG,85.94000244140625,86.41000366210938,85.87999725341797,86.33000183105469,59.08478546142578,30078600
2019-08-14,HYG,85.94000244140625,85.97000122070312,85.5,85.55999755859375,58.557743072509766,29745300
2019-08-15,HYG,85.70999908447266,85.9000015258789,85.6500015258789,85.80999755859375,58.72884750366211,27296500
2019-08-16,HYG,85.94000244140625,86.12999725341797,85.94000244140625,86.0999984741211,58.92731857299805,15780200
2019-08-19,HYG,86.26000213623047,86.36000061035156,86.22000122070312,86.3499984741211,59.098445892333984,13603000
2019-08-20,HYG,86.38999938964844,86.47000122070312,86.25,86.41999816894531,59.14631652832031,16126800
2019-08-21,HYG,86.63999938964844,86.8499984741211,86.58000183105469,86.79000091552734,59.39959716796875,18334300
2019-08-22,HYG,86.94000244140625,87.02999877929688,86.75,86.94999694824219,59.509063720703125,20677200
2019-08-23,HYG,86.79000091552734,87.13999938964844,86.4800033569336,86.55000305175781,59.235313415527344,30340300
2019-08-26,HYG,86.81999969482422,86.9800033569336,86.73999786376953,86.9800033569336,59.529605865478516,14187800
2019-08-27,HYG,87.1500015258789,87.18000030517578,86.79000091552734,86.94000244140625,59.50223922729492,14722700
2019-08-28,HYG,86.91999816894531,87.19000244140625,86.88999938964844,87.1500015258789,59.64598083496094,13576000
2019-08-29,HYG,87.33999633789062,87.41000366210938,87.19000244140625,87.23999786376953,59.707550048828125,16271400
2019-08-30,HYG,87.37999725341797,87.38999938964844,86.97000122070312,87.16000366210938,59.652809143066406,14413600
2019-09-03,HYG,86.72000122070312,86.72000122070312,86.38999938964844,86.54000091552734,59.48164749145508,20561500
2019-09-04,HYG,86.69000244140625,86.75,86.58999633789062,86.72000122070312,59.6053581237793,13526700
2019-09-05,HYG,86.80000305175781,87.12999725341797,86.77999877929688,87.05999755859375,59.83907699584961,23399100
2019-09-06,HYG,87.18000030517578,87.30000305175781,87.04000091552734,87.13999938964844,59.89406204223633,25162700
2019-09-09,HYG,87.19000244140625,87.26000213623047,87.0199966430664,87.2300033569336,59.95592498779297,17484200
2019-09-10,HYG,87.23999786376953,87.30999755859375,87.0999984741211,87.27999877929688,59.99028015136719,14055800
2019-09-11,HYG,87.2300033569336,87.30000305175781,87.16999816894531,87.2699966430664,59.983394622802734,13999200
2019-09-12,HYG,87.33999633789062,87.43000030517578,87.25,87.31999969482422,60.01776885986328,23246400
2019-09-13,HYG,87.16999816894531,87.30999755859375,87.11000061035156,87.16000366210938,59.907806396484375,34407300
2019-09-16,HYG,87.30000305175781,87.4800033569336,87.18000030517578,87.47000122070312,60.12089920043945,23020800
2019-09-17,HYG,87.5,87.52999877929688,87.33999633789062,87.5199966430664,60.15522766113281,14626400
2019-09-18,HYG,87.45999908447266,87.54000091552734,87.19000244140625,87.47000122070312,60.12089920043945,15913800
2019-09-19,HYG,87.41999816894531,87.54000091552734,87.33000183105469,87.37000274658203,60.052127838134766,13327000
2019-09-20,HYG,87.4000015258789,87.51000213623047,87.33999633789062,87.4800033569336,60.12774658203125,23298400
2019-09-23,HYG,87.41000366210938,87.51000213623047,87.38999938964844,87.44000244140625,60.10024642944336,15456800
2019-09-24,HYG,87.5199966430664,87.52999877929688,87.20999908447266,87.31999969482422,60.01776885986328,21934200
2019-09-25,HYG,87.25,87.29000091552734,87.02999877929688,87.2300033569336,59.95592498779297,15142100
2019-09-26,HYG,87.2300033569336,87.26000213623047,87.04000091552734,87.16999816894531,59.914669036865234,13873100
2019-09-27,HYG,87.16000366210938,87.2300033569336,87.0,87.06999969482422,59.84592819213867,13419200
2019-09-30,HYG,87.05999755859375,87.16999816894531,87.0199966430664,87.16999816894531,59.914669036865234,21827700
2019-10-01,HYG,86.83999633789062,86.86000061035156,86.55000305175781,86.62000274658203,59.776668548583984,27665700
2019-10-02,HYG,86.56999969482422,86.58000183105469,86.04000091552734,86.11000061035156,59.42471694946289,33789500
2019-10-03,HYG,86.12000274658203,86.23999786376953,85.75,86.16000366210938,59.45920944213867,30387800
2019-10-04,HYG,86.2699966430664,86.44000244140625,86.19999694824219,86.43000030517578,59.64552688598633,17588600
2019-10-07,HYG,86.37000274658203,86.48999786376953,86.25,86.36000061035156,59.597251892089844,14542500
2019-10-08,HYG,86.2699966430664,86.31999969482422,86.04000091552734,86.04000091552734,59.376399993896484,15471500
2019-10-09,HYG,86.2699966430664,86.37999725341797,86.25,86.30000305175781,59.555809020996094,11351300
2019-10-10,HYG,86.31999969482422,86.4800033569336,86.30000305175781,86.41000366210938,59.63174057006836,11092800
2019-10-11,HYG,86.63999938964844,86.83000183105469,86.56999969482422,86.7699966430664,59.88017654418945,18661400
2019-10-14,HYG,86.7699966430664,86.87000274658203,86.69000244140625,86.83000183105469,59.92155838012695,9842600
2019-10-15,HYG,86.83999633789062,87.06999969482422,86.80000305175781,87.0199966430664,60.05270767211914,26321500
2019-10-16,HYG,86.98999786376953,87.01000213623047,86.94000244140625,86.94999694824219,60.00438690185547,11813000
2019-10-17,HYG,87.01000213623047,87.0999984741211,87.0,87.06999969482422,60.087181091308594,14814300
2019-10-18,HYG,87.06999969482422,87.12999725341797,86.95999908447266,87.08999633789062,60.10100173950195,21363700
2019-10-21,HYG,87.16000366210938,87.16999816894531,87.11000061035156,87.12000274658203,60.1217041015625,10090400
2019-10-22,HYG,87.18000030517578,87.18000030517578,87.08000183105469,87.13999938964844,60.135494232177734,15464300
2019-10-23,HYG,87.1500015258789,87.2300033569336,87.08999633789062,87.22000122070312,60.190696716308594,9097500
2019-10-24,HYG,87.26000213623047,87.31999969482422,87.16999816894531,87.31999969482422,60.25975036621094,14832800
2019-10-25,HYG,87.30000305175781,87.41999816894531,87.30000305175781,87.38999938964844,60.30802917480469,11593600
2019-10-28,HYG,87.4000015258789,87.44000244140625,87.36000061035156,87.37999725341797,60.301116943359375,10646500
2019-10-29,HYG,87.37000274658203,87.4000015258789,87.19999694824219,87.22000122070312,60.190696716308594,10655700
2019-10-30,HYG,87.2699966430664,87.27999877929688,87.0,87.11000061035156,60.114810943603516,24566400
2019-10-31,HYG,87.08999633789062,87.0999984741211,86.79000091552734,86.80999755859375,59.90776062011719,24576400
2019-11-01,HYG,86.58999633789062,86.91000366210938,86.58000183105469,86.81999969482422,60.16486740112305,23894100
2019-11-04,HYG,86.9800033569336,87.05000305175781,86.94000244140625,87.0,60.289615631103516,14135800
2019-11-05,HYG,87.06999969482422,87.08000183105469,86.81999969482422,86.91000366210938,60.22723388671875,21946800
2019-11-06,HYG,86.91000366210938,86.91000366210938,86.77999877929688,86.80999755859375,60.15791702270508,8976900
2019-11-07,HYG,86.94000244140625,86.9800033569336,86.75,86.7699966430664,60.1302490234375,15077600
2019-11-08,HYG,86.76000213623047,86.87999725341797,86.63999938964844,86.8499984741211,60.18566131591797,11692800
2019-11-11,HYG,86.7699966430664,86.83999633789062,86.68000030517578,86.80000305175781,60.15101623535156,4933600
2019-11-12,HYG,86.75,86.88999938964844,86.7300033569336,86.81999969482422,60.16486740112305,14690200
2019-11-13,HYG,86.7300033569336,86.7699966430664,86.68000030517578,86.7300033569336,60.102508544921875,15333600
2019-11-14,HYG,86.73999786376953,86.80000305175781,86.6500015258789,86.68000030517578,60.0678596496582,14965100
2019-11-15,HYG,86.7699966430664,86.94999694824219,86.76000213623047,86.94000244140625,60.248016357421875,12996200
2019-11-18,HYG,86.87000274658203,86.9000015258789,86.79000091552734,86.83000183105469,60.17181396484375,13135800
2019-11-19,HYG,86.73999786376953,86.75,86.5199966430664,86.5199966430664,59.95697021484375,20175500
2019-11-20,HYG,86.47000122070312,86.58000183105469,86.33000183105469,86.33999633789062,59.83221435546875,22566100
2019-11-21,HYG,86.43000030517578,86.44999694824219,86.2699966430664,86.36000061035156,59.84606170654297,17853800
2019-11-22,HYG,86.48999786376953,86.69000244140625,86.4000015258789,86.69000244140625,60.07476043701172,20394800
2019-11-25,HYG,86.70999908447266,86.94000244140625,86.70999908447266,86.91999816894531,60.234161376953125,16885300
2019-11-26,HYG,86.94999694824219,87.0199966430664,86.9000015258789,87.0199966430664,60.303466796875,11469400
2019-11-27,HYG,86.98999786376953,87.1500015258789,86.94999694824219,87.12999725341797,60.37965774536133,11814700
2019-11-29,HYG,87.11000061035156,87.11000061035156,86.93000030517578,86.94000244140625,60.248016357421875,11519500
2019-12-02,HYG,86.62999725341797,86.62999725341797,86.3499984741211,86.54000091552734,60.206993103027344,20966400
2019-12-03,HYG,86.33999633789062,86.47000122070312,86.23999786376953,86.41999816894531,60.123470306396484,29757200
2019-12-04,HYG,86.45999908447266,86.70999908447266,86.45999908447266,86.68000030517578,60.30438995361328,12406800
2019-12-05,HYG,86.73999786376953,86.80999755859375,86.58000183105469,86.80999755859375,60.394798278808594,18158900
2019-12-06,HYG,86.94999694824219,87.01000213623047,86.8499984741211,86.93000030517578,60.4782829284668,16094700
2019-12-09,HYG,86.9000015258789,87.0,86.9000015258789,86.93000030517578,60.4782829284668,18034300
2019-12-10,HYG,86.93000030517578,87.1500015258789,86.9000015258789,87.13999938964844,60.6243896484375,15117100
2019-12-11,HYG,87.16000366210938,87.33999633789062,87.08999633789062,87.31999969482422,60.74964904785156,14127500
2019-12-12,HYG,87.36000061035156,87.61000061035156,87.33000183105469,87.5199966430664,60.8887939453125,18958100
2019-12-13,HYG,87.55000305175781,87.6500015258789,87.5,87.61000061035156,60.95138931274414,18088100
2019-12-16,HYG,87.73999786376953,87.83000183105469,87.69999694824219,87.77999877929688,61.06966781616211,17517400
2019-12-17,HYG,87.79000091552734,88.05000305175781,87.79000091552734,88.05000305175781,61.25753402709961,18650700
2019-12-18,HYG,88.08999633789062,88.25,88.05999755859375,88.20999908447266,61.368797302246094,31575700
2019-12-19,HYG,87.91000366210938,87.93000030517578,87.72000122070312,87.8499984741211,61.33671569824219,29429300
2019-12-20,HYG,87.94999694824219,87.98999786376953,87.69999694824219,87.72000122070312,61.245941162109375,31918800
2019-12-23,HYG,87.75,87.80000305175781,87.7300033569336,87.76000213623047,61.273868560791016,9720200
2019-12-24,HYG,87.77999877929688,87.83000183105469,87.7300033569336,87.83000183105469,61.32272720336914,4854900
2019-12-26,HYG,87.94000244140625,87.98999786376953,87.88999938964844,87.95999908447266,61.41349411010742,11382700
2019-12-27,HYG,88.0199966430664,88.0199966430664,87.88999938964844,87.91999816894531,61.38557052612305,11627100
2019-12-30,HYG,88.0,88.0199966430664,87.7699966430664,87.86000061035156,61.34366989135742,12524300
2019-12-31,HYG,87.86000061035156,87.94999694824219,87.80999755859375,87.94000244140625,61.399532318115234,8310800
2020-01-02,HYG,88.0999984741211,88.31999969482422,88.05000305175781,88.30999755859375,61.65787124633789,15756600
2020-01-03,HYG,88.12000274658203,88.27999877929688,88.04000091552734,88.22000122070312,61.59500503540039,17342200
2020-01-06,HYG,88.11000061035156,88.18000030517578,88.05000305175781,88.12999725341797,61.532188415527344,17936900
2020-01-07,HYG,88.13999938964844,88.16000366210938,88.04000091552734,88.05000305175781,61.476356506347656,9640300
2020-01-08,HYG,88.06999969482422,88.2300033569336,88.0199966430664,88.12999725341797,61.532188415527344,16088100
2020-01-09,HYG,88.23999786376953,88.37000274658203,88.16999816894531,88.36000061035156,61.69278335571289,16649500
2020-01-10,HYG,88.37000274658203,88.41000366210938,88.30000305175781,88.38999938964844,61.713741302490234,16182900
2020-01-13,HYG,88.4000015258789,88.44999694824219,88.3499984741211,88.38999938964844,61.713741302490234,17762400
2020-01-14,HYG,88.37000274658203,88.48999786376953,88.27999877929688,88.37999725341797,61.70673751831055,29157100
2020-01-15,HYG,88.4000015258789,88.52999877929688,88.38999938964844,88.4000015258789,61.720703125,24637900
2020-01-16,HYG,88.47000122070312,88.52999877929688,88.37999725341797,88.43000030517578,61.741661071777344,22349200
2020-01-17,HYG,88.4800033569336,88.51000213623047,88.36000061035156,88.36000061035156,61.69278335571289,29626700
2020-01-21,HYG,88.33999633789062,88.43000030517578,88.16999816894531,88.16999816894531,61.560142517089844,19724900
2020-01-22,HYG,88.30999755859375,88.37000274658203,88.2300033569336,88.33000183105469,61.67183303833008,17731800
2020-01-23,HYG,88.18000030517578,88.19999694824219,88.0199966430664,88.05999755859375,61.48331069946289,28566200
2020-01-24,HYG,88.06999969482422,88.06999969482422,87.6500015258789,87.69000244140625,61.2249755859375,40838300
2020-01-27,HYG,87.23999786376953,87.37999725341797,86.95999908447266,87.0999984741211,60.81306838989258,41372700
2020-01-28,HYG,87.5,87.95999908447266,87.38999938964844,87.8499984741211,61.33671569824219,32628300
2020-01-29,HYG,87.97000122070312,88.2300033569336,87.77999877929688,87.80000305175781,61.301795959472656,17308200
2020-01-30,HYG,87.51000213623047,87.91000366210938,87.5,87.88999938964844,61.36461639404297,20103300
2020-01-31,HYG,87.80000305175781,87.80000305175781,87.38999938964844,87.52999877929688,61.1132698059082,35659700
2020-02-03,HYG,87.33000183105469,87.47000122070312,87.12999725341797,87.1500015258789,61.103485107421875,25754700
2020-02-04,HYG,87.5,87.69000244140625,87.4800033569336,87.66999816894531,61.468055725097656,25063800
2020-02-05,HYG,87.87999725341797,88.05999755859375,87.83999633789062,88.02999877929688,61.72045135498047,36687700
2020-02-06,HYG,88.0,88.1500015258789,87.87000274658203,88.0999984741211,61.76952362060547,18329900
2020-02-07,HYG,87.98999786376953,88.05000305175781,87.87999725341797,87.97000122070312,61.67835998535156,12865100
2020-02-10,HYG,87.94999694824219,88.0999984741211,87.87999725341797,88.08999633789062,61.76252365112305,14220000
2020-02-11,HYG,88.2699966430664,88.27999877929688,88.1500015258789,88.1500015258789,61.80461120605469,16821500
2020-02-12,HYG,88.31999969482422,88.45999908447266,88.26000213623047,88.37999725341797,61.96584701538086,26688200
2020-02-13,HYG,88.30999755859375,88.45999908447266,88.29000091552734,88.41000366210938,61.98687744140625,13297900
2020-02-14,HYG,88.44000244140625,88.48999786376953,88.3499984741211,88.4000015258789,61.979854583740234,11398800
2020-02-18,HYG,88.3499984741211,88.4000015258789,88.1500015258789,88.22000122070312,61.853660583496094,26635300
2020-02-19,HYG,88.30999755859375,88.37000274658203,88.25,88.26000213623047,61.88174819946289,18547500
2020-02-20,HYG,88.31999969482422,88.44000244140625,88.05999755859375,88.41000366210938,61.98687744140625,31277000
2020-02-21,HYG,88.33999633789062,88.37999725341797,88.16000366210938,88.33000183105469,61.93079376220703,23027000
2020-02-24,HYG,87.5,87.5999984741211,87.19999694824219,87.37999725341797,61.26472091674805,57828300
2020-02-25,HYG,87.76000213623047,87.80999755859375,86.69000244140625,86.7699966430664,60.83705520629883,68418000
2020-02-26,HYG,86.93000030517578,87.25,86.5999984741211,86.86000061035156,60.9001579284668,69233800
2020-02-27,HYG,86.12999725341797,86.69000244140625,85.5199966430664,85.69000244140625,60.07980728149414,72596300
2020-02-28,HYG,84.69000244140625,86.1500015258789,84.69000244140625,86.04000091552734,60.325199127197266,97472600
2020-03-02,HYG,85.63999938964844,86.4000015258789,85.2300033569336,86.30999755859375,60.78297424316406,72357700
2020-03-03,HYG,86.37999725341797,87.19000244140625,85.73999786376953,85.94000244140625,60.52239227294922,58721000
2020-03-04,HYG,86.66000366210938,87.16000366210938,86.58999633789062,87.12000274658203,61.35342025756836,52664700
2020-03-05,HYG,86.36000061035156,86.51000213623047,85.8499984741211,86.0199966430664,60.5787467956543,62455700
2020-03-06,HYG,84.52999877929688,85.27999877929688,84.08999633789062,85.05000305175781,59.895606994628906,69860600
2020-03-09,HYG,79.63999938964844,83.48999786376953,79.63999938964844,81.38999938964844,57.31813049316406,73609600
2020-03-10,HYG,82.62000274658203,82.87000274658203,81.12999725341797,82.63999938964844,58.19843292236328,57598000
2020-03-11,HYG,81.25,81.69000244140625,80.19999694824219,80.83999633789062,56.93075942993164,60006600
2020-03-12,HYG,76.37999725341797,80.25,76.2300033569336,77.61000061035156,54.65609359741211,82926400
2020-03-13,HYG,80.12999725341797,80.27999877929688,78.13999938964844,80.05000305175781,56.37442398071289,69164600
2020-03-16,HYG,75.72000122070312,77.6500015258789,74.30000305175781,75.6500015258789,53.27577209472656,43080100
2020-03-17,HYG,75.55000305175781,77.69999694824219,74.62999725341797,76.36000061035156,53.77577590942383,68569400
2020-03-18,HYG,73.8499984741211,74.75,71.91000366210938,72.98999786376953,51.40249252319336,54289800
2020-03-19,HYG,71.86000061035156,72.66999816894531,70.7699966430664,71.3499984741211,50.24752426147461,45706300
2020-03-20,HYG,71.41000366210938,72.13999938964844,69.41000366210938,69.75,49.12075424194336,55796500
2020-03-23,HYG,70.05000305175781,70.12000274658203,67.5199966430664,68.62999725341797,48.33200454711914,48862100
2020-03-24,HYG,70.08999633789062,71.94999694824219,69.9000015258789,71.45999908447266,50.32498550415039,51304000
2020-03-25,HYG,72.25,75.56999969482422,72.08000183105469,73.47000122070312,51.74052429199219,45692600
2020-03-26,HYG,74.01000213623047,76.83000183105469,73.69999694824219,76.83000183105469,54.106788635253906,41965200
2020-03-27,HYG,75.44000244140625,78.37000274658203,75.36000061035156,77.02999877929688,54.24761962890625,66536800
2020-03-30,HYG,77.0999984741211,78.04000091552734,76.63999938964844,77.69000244140625,54.712440490722656,35016900
2020-03-31,HYG,77.37000274658203,77.70999908447266,76.9800033569336,77.06999969482422,54.275814056396484,31103400
2020-04-01,HYG,75.18000030517578,75.2699966430664,74.37000274658203,74.58000183105469,52.785911560058594,36859100
2020-04-02,HYG,74.37000274658203,76.30000305175781,74.2300033569336,75.16000366210938,53.19641876220703,31824800
2020-04-03,HYG,75.0,75.19999694824219,73.31999969482422,73.55000305175781,52.056888580322266,39986200
2020-04-06,HYG,75.05999755859375,75.55999755859375,74.80999755859375,75.33999633789062,53.32382583618164,32347800
2020-04-07,HYG,76.43000030517578,76.72000122070312,75.23999786376953,75.33999633789062,53.32382583618164,35120800
2020-04-08,HYG,75.95999908447266,77.62999725341797,75.69000244140625,77.30000305175781,54.7110710144043,46291400
2020-04-09,HYG,81.97000122070312,84.05000305175781,81.48999786376953,82.36000061035156,58.292442321777344,88846900
2020-04-13,HYG,81.80999755859375,81.91999816894531,80.41999816894531,81.18000030517578,57.45724105834961,40390500
2020-04-14,HYG,81.91000366210938,82.08999633789062,80.97000122070312,81.5199966430664,57.697906494140625,37632800
2020-04-15,HYG,80.25,80.91000366210938,79.95999908447266,80.76000213623047,57.159976959228516,34367500
2020-04-16,HYG,80.55999755859375,80.75,79.93000030517578,80.68000030517578,57.103355407714844,25821900
2020-04-17,HYG,81.31999969482422,81.4000015258789,80.8499984741211,81.08999633789062,57.39354705810547,38251800
2020-04-20,HYG,80.29000091552734,80.79000091552734,79.72000122070312,79.87000274658203,56.530033111572266,24676200
2020-04-21,HYG,78.95999908447266,79.05999755859375,78.25,78.41000366210938,55.49672317504883,42335600
2020-04-22,HYG,79.26000213623047,79.37000274658203,78.83999633789062,79.0999984741211,55.985076904296875,15720900
2020-04-23,HYG,79.25,79.66000366210938,78.7300033569336,79.05999755859375,55.95674514770508,23896700
2020-04-24,HYG,79.12000274658203,79.2300033569336,78.16000366210938,78.31999969482422,55.43302536010742,37915200
2020-04-27,HYG,78.69999694824219,78.93000030517578,78.51000213623047,78.63999938964844,55.659488677978516,20550700
2020-04-28,HYG,79.06999969482422,79.12000274658203,78.44000244140625,78.87999725341797,55.8293571472168,23927600
2020-04-29,HYG,79.43000030517578,80.36000061035156,79.2699966430664,80.2699966430664,56.81315231323242,34838300
2020-04-30,HYG,79.8499984741211,80.55999755859375,79.52999877929688,80.43000030517578,56.926422119140625,34636000
2020-05-01,HYG,79.33999633789062,79.54000091552734,78.61000061035156,78.68000030517578,55.9444465637207,31859400
2020-05-04,HYG,78.52999877929688,78.87000274658203,78.19999694824219,78.56999969482422,55.866241455078125,20400900
2020-05-05,HYG,78.81999969482422,79.25,78.81999969482422,79.25,56.34973907470703,26484200
2020-05-06,HYG,79.33000183105469,79.43000030517578,78.7699966430664,78.80000305175781,56.02980422973633,18823300
2020-05-07,HYG,79.19999694824219,79.70999908447266,78.97000122070312,79.0,56.17201614379883,19581700
2020-05-08,HYG,79.33000183105469,79.76000213623047,79.2699966430664,79.75,56.70524978637695,21770400
2020-05-11,HYG,79.58000183105469,79.72000122070312,79.33999633789062,79.38999938964844,56.44932556152344,14285100
2020-05-12,HYG,79.91000366210938,80.0,79.29000091552734,79.29000091552734,56.37818908691406,25332700
2020-05-13,HYG,79.3499984741211,79.41999816894531,78.73999786376953,78.87000274658203,56.07957458496094,29962000
2020-05-14,HYG,78.45999908447266,78.9000015258789,77.9800033569336,78.5999984741211,55.8875732421875,30429100
2020-05-15,HYG,78.37000274658203,78.83999633789062,78.16999816894531,78.70999908447266,55.9658088684082,34133400
2020-05-18,HYG,79.95999908447266,80.16000366210938,79.66000366210938,80.0999984741211,56.95414733886719,31900200
2020-05-19,HYG,80.04000091552734,80.43000030517578,79.88999938964844,80.19999694824219,57.02521896362305,18536500
2020-05-20,HYG,80.62000274658203,81.25,80.55000305175781,81.05000305175781,57.629608154296875,36053700
2020-05-21,HYG,81.02999877929688,81.2300033569336,80.80000305175781,81.02999877929688,57.61541748046875,23307300
2020-05-22,HYG,80.94999694824219,81.33000183105469,80.80999755859375,81.2300033569336,57.75759506225586,11311900
2020-05-26,HYG,81.83000183105469,82.16000366210938,81.18000030517578,81.83999633789062,58.191314697265625,27673800
2020-05-27,HYG,82.41999816894531,82.44999694824219,81.66000366210938,82.01000213623047,58.31224822998047,24905000
2020-05-28,HYG,82.12999725341797,82.55000305175781,81.94000244140625,82.08999633789062,58.36910629272461,23282500
2020-05-29,HYG,82.05000305175781,82.62000274658203,81.87999725341797,82.41999816894531,58.60374450683594,32189000
2020-06-01,HYG,81.94000244140625,82.75,81.81999969482422,82.72000122070312,59.04705047607422,46987000
2020-06-02,HYG,82.8499984741211,83.58000183105469,82.62000274658203,83.54000091552734,59.632362365722656,35930900
2020-06-03,HYG,83.87999725341797,84.37999725341797,83.77999877929688,83.93000030517578,59.91071701049805,35991000
2020-06-04,HYG,83.83999633789062,83.9800033569336,83.5199966430664,83.66999816894531,59.725154876708984,36405800
2020-06-05,HYG,84.56999969482422,85.02999877929688,84.4000015258789,84.45999908447266,60.28904342651367,35306500
2020-06-08,HYG,84.66000366210938,84.68000030517578,84.3499984741211,84.55999755859375,60.36046600341797,20493100
2020-06-09,HYG,84.11000061035156,84.1500015258789,83.58000183105469,83.9000015258789,59.88933181762695,28412400
2020-06-10,HYG,83.79000091552734,84.22000122070312,83.26000213623047,83.77999877929688,59.80369186401367,36663100
2020-06-11,HYG,82.58000183105469,82.62000274658203,81.47000122070312,81.62999725341797,58.26898193359375,48794500
2020-06-12,HYG,82.73999786376953,82.87000274658203,81.8499984741211,82.44000244140625,58.84716033935547,36156800
2020-06-15,HYG,81.9000015258789,83.77999877929688,81.72000122070312,83.23999786376953,59.41823196411133,39432300
2020-06-16,HYG,84.25,84.33000183105469,83.30999755859375,83.58000183105469,59.660892486572266,40976300
2020-06-17,HYG,83.5199966430664,83.62000274658203,83.1500015258789,83.19000244140625,59.38249969482422,17066700
2020-06-18,HYG,82.95999908447266,83.20999908447266,82.83000183105469,83.16000366210938,59.3610954284668,22223600
2020-06-19,HYG,83.31999969482422,83.37000274658203,82.70999908447266,82.87999725341797,59.161224365234375,32037600
2020-06-22,HYG,82.87000274658203,83.02999877929688,82.69000244140625,82.81999969482422,59.118408203125,21536000
2020-06-23,HYG,83.11000061035156,83.13999938964844,82.88999938964844,82.94000244140625,59.20405197143555,17438000
2020-06-24,HYG,82.68000030517578,82.77999877929688,81.54000091552734,82.08999633789062,58.5973014831543,43720600
2020-06-25,HYG,81.87000274658203,82.16999816894531,81.48999786376953,82.12000274658203,58.61874008178711,31159700
2020-06-26,HYG,82.01000213623047,82.01000213623047,81.2300033569336,81.33999633789062,58.06197738647461,33705800
2020-06-29,HYG,81.44000244140625,81.44999694824219,80.4800033569336,80.87999725341797,57.733612060546875,76540200
2020-06-30,HYG,81.1500015258789,81.80000305175781,81.08000183105469,81.62000274658203,58.26182556152344,40554300
2020-07-01,HYG,81.41000366210938,81.7699966430664,81.41000366210938,81.52999877929688,58.44314956665039,28799100
2020-07-02,HYG,82.23999786376953,82.51000213623047,81.97000122070312,82.12999725341797,58.87331008911133,30623300
2020-07-06,HYG,82.62000274658203,82.73999786376953,82.41000366210938,82.72000122070312,59.29622268676758,22888200
2020-07-07,HYG,82.62999725341797,82.83999633789062,82.12999725341797,82.16999816894531,58.90196228027344,22408000
2020-07-08,HYG,82.12999725341797,82.5,82.12000274658203,82.38999938964844,59.05965805053711,21155700
2020-07-09,HYG,82.38999938964844,82.45999908447266,81.83000183105469,82.20999908447266,58.9306526184082,21655600
2020-07-10,HYG,82.06999969482422,82.54000091552734,81.9800033569336,82.48999786376953,59.13134765625,17903400
2020-07-13,HYG,82.80000305175781,82.91000366210938,82.02999877929688,82.04000091552734,58.80875778198242,20039400
2020-07-14,HYG,82.04000091552734,82.77999877929688,82.04000091552734,82.73999786376953,59.31056213378906,31929700
2020-07-15,HYG,83.23999786376953,83.30999755859375,82.91000366210938,83.20999908447266,59.647457122802734,21291300
2020-07-16,HYG,83.16000366210938,83.30000305175781,83.08000183105469,83.29000091552734,59.70479202270508,17570400
2020-07-17,HYG,83.4800033569336,83.55000305175781,83.20999908447266,83.5199966430664,59.86967468261719,22863700
2020-07-20,HYG,83.58999633789062,84.05999755859375,83.51000213623047,84.0199966430664,60.228084564208984,16701600
2020-07-21,HYG,84.30000305175781,84.58000183105469,84.2699966430664,84.41000366210938,60.50765609741211,22331600
2020-07-22,HYG,84.5,84.62000274658203,84.33999633789062,84.58000183105469,60.629512786865234,15251400
2020-07-23,HYG,84.56999969482422,84.62000274658203,83.97000122070312,84.5199966430664,60.586490631103516,28434900
2020-07-24,HYG,84.33999633789062,84.69999694824219,84.30000305175781,84.5999984741211,60.64385223388672,14977500
2020-07-27,HYG,84.7300033569336,84.81999969482422,84.51000213623047,84.80000305175781,60.787208557128906,12931500
2020-07-28,HYG,84.72000122070312,84.80000305175781,84.5,84.58000183105469,60.629512786865234,14862900
2020-07-29,HYG,84.83999633789062,85.11000061035156,84.69999694824219,85.05000305175781,60.9664192199707,18012800
2020-07-30,HYG,84.77999877929688,85.2699966430664,84.73999786376953,85.2300033569336,61.095455169677734,54812400
2020-07-31,HYG,85.19999694824219,85.4000015258789,84.9000015258789,85.38999938964844,61.21015167236328,28623100
2020-08-03,HYG,85.02999877929688,85.11000061035156,84.8499984741211,85.06999969482422,61.22526931762695,17480600
2020-08-04,HYG,84.97000122070312,85.06999969482422,84.80000305175781,85.04000091552734,61.20368957519531,17120700
2020-08-05,HYG,85.05999755859375,85.2300033569336,85.01000213623047,85.19000244140625,61.31161880493164,14566000
2020-08-06,HYG,85.19000244140625,85.4000015258789,85.0999984741211,85.37999725341797,61.44835662841797,13258600
2020-08-07,HYG,85.3499984741211,85.3499984741211,85.05000305175781,85.16999816894531,61.29725646972656,14289900
2020-08-10,HYG,85.26000213623047,85.30000305175781,85.01000213623047,85.20999908447266,61.326026916503906,13708700
2020-08-11,HYG,85.25,85.2699966430664,84.4000015258789,84.44000244140625,60.77186584472656,20535400
2020-08-12,HYG,84.80999755859375,85.0199966430664,84.45999908447266,84.45999908447266,60.786231994628906,18003400
2020-08-13,HYG,84.4800033569336,84.80999755859375,84.1500015258789,84.2300033569336,60.62074661254883,28444900
2020-08-14,HYG,84.20999908447266,84.30000305175781,83.91999816894531,84.08000183105469,60.51274871826172,14072300
2020-08-17,HYG,84.16000366210938,84.62000274658203,84.0999984741211,84.58000183105469,60.87260818481445,13756500
2020-08-18,HYG,84.62000274658203,84.7699966430664,84.41000366210938,84.70999908447266,60.9661865234375,24900300
2020-08-19,HYG,84.66999816894531,84.79000091552734,84.37000274658203,84.47000122070312,60.79345703125,18738300
2020-08-20,HYG,84.33000183105469,84.75,84.31999969482422,84.75,60.994972229003906,19912800
2020-08-21,HYG,84.75,84.80999755859375,84.62999725341797,84.73999786376953,60.98775863647461,17570600
2020-08-24,HYG,84.9000015258789,85.16999816894531,84.88999938964844,85.12999725341797,61.26841354370117,16058100
2020-08-25,HYG,85.13999938964844,85.27999877929688,84.91000366210938,85.22000122070312,61.33320617675781,24018600
2020-08-26,HYG,85.2300033569336,85.37000274658203,85.16999816894531,85.20999908447266,61.326026916503906,16243100
2020-08-27,HYG,85.31999969482422,85.3499984741211,84.9000015258789,85.08000183105469,61.232452392578125,19861800
2020-08-28,HYG,85.12999725341797,85.2699966430664,85.08999633789062,85.1500015258789,61.282859802246094,14418500
2020-08-31,HYG,85.12999725341797,85.2300033569336,84.98999786376953,85.02999877929688,61.196449279785156,21473800
2020-09-01,HYG,84.70999908447266,85.2300033569336,84.63999938964844,85.1500015258789,61.52961730957031,22774200
2020-09-02,HYG,85.19999694824219,85.38999938964844,84.94999694824219,85.25,61.60185623168945,15878600
2020-09-03,HYG,85.0999984741211,85.12000274658203,84.37000274658203,84.72000122070312,61.21887969970703,34169800
2020-09-04,HYG,84.80000305175781,84.94000244140625,83.9800033569336,84.48999786376953,61.052669525146484,36087300
2020-09-08,HYG,84.13999938964844,84.41000366210938,83.91000366210938,84.0199966430664,60.71305465698242,34967600
2020-09-09,HYG,84.37999725341797,84.73999786376953,84.25,84.68000030517578,61.18999099731445,32976800
2020-09-10,HYG,84.80999755859375,84.83000183105469,84.25,84.27999877929688,60.90093994140625,32866300
2020-09-11,HYG,84.33999633789062,84.48999786376953,84.0999984741211,84.44999694824219,61.02376937866211,20807100
2020-09-14,HYG,84.62000274658203,84.69999694824219,84.2699966430664,84.36000061035156,60.9587516784668,28958000
2020-09-15,HYG,84.55000305175781,84.72000122070312,84.44000244140625,84.58999633789062,61.124935150146484,22176900
2020-09-16,HYG,84.6500015258789,84.98999786376953,84.51000213623047,84.58999633789062,61.124935150146484,26951200
2020-09-17,HYG,84.30999755859375,84.66000366210938,84.2300033569336,84.5,61.0599250793457,25752400
2020-09-18,HYG,84.66999816894531,84.69000244140625,84.25,84.29000091552734,60.90814208984375,29891800
2020-09-21,HYG,83.93000030517578,84.02999877929688,83.37999725341797,83.61000061035156,60.416812896728516,42968900
2020-09-22,HYG,83.70999908447266,83.94999694824219,83.5199966430664,83.9000015258789,60.62635040283203,41396800
2020-09-23,HYG,83.9800033569336,83.9800033569336,82.95999908447266,83.05000305175781,60.01213455200195,39577800
2020-09-24,HYG,82.87000274658203,83.33999633789062,82.55999755859375,83.0999984741211,60.048240661621094,38755800
2020-09-25,HYG,83.0,83.16000366210938,82.76000213623047,82.94999694824219,59.93988037109375,36032200
2020-09-28,HYG,83.37999725341797,83.62000274658203,83.19000244140625,83.48999786376953,60.3300895690918,20277000
2020-09-29,HYG,83.55999755859375,83.61000061035156,83.29000091552734,83.55999755859375,60.38066864013672,20243400
2020-09-30,HYG,83.55999755859375,84.02999877929688,83.55000305175781,83.9000015258789,60.62635040283203,28797600
2020-10-01,HYG,83.80999755859375,83.88999938964844,83.69000244140625,83.83000183105469,60.8345947265625,31098000
2020-10-02,HYG,83.27999877929688,83.87000274658203,83.27999877929688,83.83000183105469,60.8345947265625,26284300
2020-10-05,HYG,83.98999786376953,84.4800033569336,83.91999816894531,84.45999908447266,61.291778564453125,27394000
2020-10-06,HYG,84.4800033569336,84.75,84.22000122070312,84.2699966430664,61.15394973754883,37848500
2020-10-07,HYG,84.5199966430664,84.62999725341797,84.47000122070312,84.56999969482422,61.37163162231445,20968200
2020-10-08,HYG,84.83999633789062,84.8499984741211,84.63999938964844,84.76000213623047,61.50949478149414,18738800
2020-10-09,HYG,84.88999938964844,85.02999877929688,84.76000213623047,84.94999694824219,61.647396087646484,21287800
2020-10-12,HYG,85.22000122070312,85.47000122070312,85.12999725341797,85.37999725341797,61.95942687988281,10503400
2020-10-13,HYG,85.16000366210938,85.26000213623047,84.93000030517578,85.0,61.68368148803711,25183100
2020-10-14,HYG,84.95999908447266,85.0199966430664,84.72000122070312,84.79000091552734,61.53127670288086,31620600
2020-10-15,HYG,84.44999694824219,84.77999877929688,84.31999969482422,84.7300033569336,61.487709045410156,32232100
2020-10-16,HYG,84.86000061035156,84.94000244140625,84.5199966430664,84.62999725341797,61.415164947509766,27456900
2020-10-19,HYG,84.80000305175781,84.86000061035156,84.30000305175781,84.33000183105469,61.19746780395508,20998100
2020-10-20,HYG,84.4800033569336,84.7699966430664,84.47000122070312,84.62999725341797,61.415164947509766,27650700
2020-10-21,HYG,84.62000274658203,84.80000305175781,84.52999877929688,84.62000274658203,61.40793228149414,26901600
2020-10-22,HYG,84.61000061035156,84.83999633789062,84.44999694824219,84.7699966430664,61.51674270629883,28977800
2020-10-23,HYG,84.9000015258789,84.91999816894531,84.66999816894531,84.87000274658203,61.58937454223633,20734700
2020-10-26,HYG,84.55999755859375,84.62000274658203,84.08999633789062,84.12000274658203,61.04506301879883,50102400
2020-10-27,HYG,84.18000030517578,84.33999633789062,84.12000274658203,84.16000366210938,61.074092864990234,30880900
2020-10-28,HYG,83.61000061035156,83.72000122070312,83.30999755859375,83.45999908447266,60.566131591796875,45794300
2020-10-29,HYG,83.4000015258789,83.73999786376953,83.2699966430664,83.69999694824219,60.740230560302734,37112600
2020-10-30,HYG,83.62999725341797,83.91999816894531,83.43000030517578,83.87999725341797,60.87090301513672,36801700
2020-11-02,HYG,83.77999877929688,83.8499984741211,83.48999786376953,83.72000122070312,61.01591110229492,25665400
2020-11-03,HYG,83.88999938964844,84.44000244140625,83.88999938964844,84.44000244140625,61.54068374633789,39777600
2020-11-04,HYG,84.69000244140625,85.41000366210938,84.66000366210938,85.2300033569336,62.11640930175781,57673400
2020-11-05,HYG,85.63999938964844,85.87999725341797,85.41999816894531,85.52999877929688,62.335060119628906,55079000
2020-11-06,HYG,85.55999755859375,85.58000183105469,85.11000061035156,85.2300033569336,62.11640930175781,25953400
2020-11-09,HYG,86.87999725341797,86.9000015258789,85.83999633789062,85.87999725341797,62.59015655517578,59347100
2020-11-10,HYG,85.77999877929688,86.05999755859375,83.37999725341797,85.76000213623047,62.502723693847656,39295700
2020-11-11,HYG,85.91999816894531,85.93000030517578,85.62999725341797,85.7300033569336,62.4808464050293,14416200
2020-11-12,HYG,85.6500015258789,85.6500015258789,85.1500015258789,85.1500015258789,62.05813217163086,43300100
2020-11-13,HYG,85.25,85.52999877929688,85.23999786376953,85.44000244140625,62.26948547363281,20277100
2020-11-16,HYG,85.9000015258789,85.95999908447266,85.69000244140625,85.91999816894531,62.619285583496094,28350400
2020-11-17,HYG,85.77999877929688,86.11000061035156,85.72000122070312,85.94999694824219,62.64117431640625,23747100
2020-11-18,HYG,86.04000091552734,86.13999938964844,85.76000213623047,85.79000091552734,62.524559020996094,22098900
2020-11-19,HYG,85.70999908447266,86.13999938964844,85.6500015258789,86.08000183105469,62.7359504699707,21704200
2020-11-20,HYG,85.91999816894531,86.0199966430664,85.8499984741211,85.91999816894531,62.619285583496094,48530200
2020-11-23,HYG,86.13999938964844,86.20999908447266,85.95999908447266,86.05000305175781,62.71407699584961,23790600
2020-11-24,HYG,86.31999969482422,86.5199966430664,86.20999908447266,86.30999755859375,62.90353775024414,26080100
2020-11-25,HYG,86.30000305175781,86.41999816894531,86.19000244140625,86.2699966430664,62.874393463134766,26510900
2020-11-27,HYG,86.43000030517578,86.5,86.38999938964844,86.41000366210938,62.9764404296875,7338500
2020-11-30,HYG,86.43000030517578,86.43000030517578,86.1500015258789,86.31999969482422,62.910823822021484,24256900
2020-12-01,HYG,86.25,86.38999938964844,86.18000030517578,86.19999694824219,63.07255935668945,26256700
2020-12-02,HYG,86.22000122070312,86.55000305175781,86.1500015258789,86.44000244140625,63.24816131591797,23705000
2020-12-03,HYG,86.5199966430664,86.69999694824219,86.44000244140625,86.48999786376953,63.28471755981445,20748400
2020-12-04,HYG,86.66999816894531,86.9000015258789,86.5199966430664,86.8499984741211,63.54814910888672,19362000
2020-12-07,HYG,86.80000305175781,86.83999633789062,86.68000030517578,86.80999755859375,63.51885986328125,17811300
2020-12-08,HYG,86.7699966430664,86.8499984741211,86.69999694824219,86.73999786376953,63.46763610839844,21408300
2020-12-09,HYG,86.8499984741211,86.8499984741211,86.48999786376953,86.61000061035156,63.372535705566406,36608500
2020-12-10,HYG,86.4800033569336,86.87999725341797,86.45999908447266,86.7699966430664,63.48960494995117,24251500
2020-12-11,HYG,86.72000122070312,86.86000061035156,86.54000091552734,86.68000030517578,63.42375946044922,17699600
2020-12-14,HYG,86.83000183105469,86.87999725341797,86.5999984741211,86.69999694824219,63.43840789794922,20705200
2020-12-15,HYG,86.8499984741211,87.0,86.68000030517578,86.97000122070312,63.635955810546875,25052800
2020-12-16,HYG,86.94000244140625,86.97000122070312,86.5999984741211,86.83999633789062,63.54081344604492,42386700
2020-12-17,HYG,86.58999633789062,86.68000030517578,86.51000213623047,86.61000061035156,63.6356201171875,23911400
2020-12-18,HYG,86.6500015258789,86.72000122070312,86.55000305175781,86.68000030517578,63.68703842163086,26741200
2020-12-21,HYG,86.37999725341797,86.55000305175781,86.22000122070312,86.37000274658203,63.45926284790039,30308300
2020-12-22,HYG,86.43000030517578,86.54000091552734,86.3499984741211,86.4800033569336,63.54008865356445,21975100
2020-12-23,HYG,86.62000274658203,86.91000366210938,86.5999984741211,86.87000274658203,63.826663970947266,15913900
2020-12-24,HYG,86.94999694824219,87.05000305175781,86.94000244140625,87.05000305175781,63.95891189575195,7327300
2020-12-28,HYG,87.18000030517578,87.2300033569336,87.04000091552734,87.16000366210938,64.03971099853516,22575500
2020-12-29,HYG,87.30999755859375,87.30999755859375,87.04000091552734,87.05000305175781,63.95891189575195,22893000
2020-12-30,HYG,87.08000183105469,87.27999877929688,87.08000183105469,87.2300033569336,64.09115600585938,21080100
2020-12-31,HYG,87.20999908447266,87.33999633789062,87.16999816894531,87.30000305175781,64.14257049560547,12059900
2021-01-04,HYG,87.4000015258789,87.4000015258789,86.87000274658203,87.12000274658203,64.01033782958984,34528300
2021-01-05,HYG,87.0199966430664,87.25,86.9800033569336,87.1500015258789,64.0323715209961,33725500
2021-01-06,HYG,87.08999633789062,87.33999633789062,86.97000122070312,86.98999786376953,63.91483688354492,37148100
2021-01-07,HYG,87.18000030517578,87.37000274658203,87.12999725341797,87.23999786376953,64.09849548339844,25868200
2021-01-08,HYG,87.3499984741211,87.37999725341797,87.13999938964844,87.37000274658203,64.19401550292969,27403600
2021-01-11,HYG,87.0199966430664,87.16999816894531,86.88999938964844,86.9000015258789,63.84866714477539,26608000
2021-01-12,HYG,86.88999938964844,87.06999969482422,86.79000091552734,87.01000213623047,63.929500579833984,41746100
2021-01-13,HYG,86.9800033569336,87.30999755859375,86.94999694824219,87.2699966430664,64.12053680419922,47710300
2021-01-14,HYG,87.2699966430664,87.37999725341797,87.22000122070312,87.25,64.1058349609375,25484800
2021-01-15,HYG,87.13999938964844,87.2699966430664,87.05000305175781,87.11000061035156,64.00298309326172,48134800
2021-01-19,HYG,87.3499984741211,87.37999725341797,87.1500015258789,87.36000061035156,64.18669128417969,24270500
2021-01-20,HYG,87.62000274658203,87.62000274658203,87.37000274658203,87.5199966430664,64.3042221069336,24534700
2021-01-21,HYG,87.47000122070312,87.56999969482422,87.37999725341797,87.47000122070312,64.26749420166016,20451400
2021-01-22,HYG,87.27999877929688,87.38999938964844,87.18000030517578,87.30000305175781,64.14257049560547,26615900
2021-01-25,HYG,87.30000305175781,87.33999633789062,87.02999877929688,87.31999969482422,64.15729522705078,28718200
2021-01-26,HYG,87.29000091552734,87.33000183105469,87.18000030517578,87.19000244140625,64.0617446899414,39103500
2021-01-27,HYG,87.0199966430664,87.22000122070312,86.80999755859375,86.94000244140625,63.87810134887695,46378600
2021-01-28,HYG,87.16000366210938,87.48999786376953,87.13999938964844,87.19999694824219,64.06912231445312,38836200
2021-01-29,HYG,87.12999725341797,87.37000274658203,86.88999938964844,86.97000122070312,63.90011978149414,46095900
2021-02-01,HYG,86.80999755859375,86.97000122070312,86.66000366210938,86.93000030517578,64.1051254272461,35620700
2021-02-02,HYG,87.1500015258789,87.26000213623047,87.08999633789062,87.13999938964844,64.26000213623047,29522300
2021-02-03,HYG,87.19999694824219,87.36000061035156,87.16999816894531,87.20999908447266,64.31161499023438,31911000
2021-02-04,HYG,87.3499984741211,87.47000122070312,87.30999755859375,87.38999938964844,64.44432067871094,21181100
2021-02-05,HYG,87.62999725341797,87.6500015258789,87.4800033569336,87.5199966430664,64.54019927978516,21653100
2021-02-08,HYG,87.58999633789062,87.77999877929688,87.55999755859375,87.77999877929688,64.73197937011719,16590100
2021-02-09,HYG,87.6500015258789,87.7300033569336,87.56999969482422,87.62000274658203,64.61396026611328,14404300
2021-02-10,HYG,87.62000274658203,87.68000030517578,87.47000122070312,87.5999984741211,64.59918975830078,20469400
2021-02-11,HYG,87.63999938964844,87.68000030517578,87.54000091552734,87.63999938964844,64.62870788574219,17047200
2021-02-12,HYG,87.55000305175781,87.79000091552734,87.55000305175781,87.77999877929688,64.73197937011719,17800100
2021-02-16,HYG,87.7300033569336,87.73999786376953,87.56999969482422,87.63999938964844,64.62870788574219,22264400
2021-02-17,HYG,87.45999908447266,87.61000061035156,87.43000030517578,87.61000061035156,64.60657501220703,20276700
2021-02-18,HYG,87.47000122070312,87.58999633789062,87.38999938964844,87.48999786376953,64.51809692382812,26366700
2021-02-19,HYG,87.62999725341797,87.62999725341797,87.4800033569336,87.5,64.52546691894531,28124800
2021-02-22,HYG,87.37000274658203,87.45999908447266,87.2300033569336,87.2300033569336,64.32637023925781,25455400
2021-02-23,HYG,87.19000244140625,87.51000213623047,87.01000213623047,87.44000244140625,64.481201171875,29015900
2021-02-24,HYG,87.30999755859375,87.52999877929688,87.2300033569336,87.52999877929688,64.547607421875,21791800
2021-02-25,HYG,87.33000183105469,87.41999816894531,86.5999984741211,86.69999694824219,63.935523986816406,59413400
2021-02-26,HYG,86.87999725341797,86.91999816894531,86.41000366210938,86.44000244140625,63.7437858581543,46615300
2021-03-01,HYG,86.66999816894531,87.16000366210938,86.55999755859375,87.0999984741211,64.45940399169922,48014200
2021-03-02,HYG,87.1500015258789,87.16000366210938,86.93000030517578,86.97000122070312,64.36321258544922,23988500
2021-03-03,HYG,86.83999633789062,86.91000366210938,86.66000366210938,86.69000244140625,64.15601348876953,30197000
2021-03-04,HYG,86.75,86.94999694824219,86.08000183105469,86.36000061035156,63.911800384521484,49020300
2021-03-05,HYG,86.48999786376953,86.72000122070312,86.08999633789062,86.62000274658203,64.10419464111328,46950100
2021-03-08,HYG,86.56999969482422,86.63999938964844,85.97000122070312,85.98999786376953,63.63795852661133,39868700
2021-03-09,HYG,86.22000122070312,86.44999694824219,86.08000183105469,86.11000061035156,63.72677993774414,31441100
2021-03-10,HYG,86.22000122070312,86.5,86.1500015258789,86.37999725341797,63.92656326293945,23776600
2021-03-11,HYG,86.58000183105469,86.86000061035156,86.58000183105469,86.69999694824219,64.16339874267578,27728500
2021-03-12,HYG,86.55999755859375,86.5999984741211,86.37000274658203,86.45999908447266,63.98579025268555,21842000
2021-03-15,HYG,86.4000015258789,86.55000305175781,86.30999755859375,86.47000122070312,63.99319076538086,14719400
2021-03-16,HYG,86.43000030517578,86.48999786376953,86.18000030517578,86.2699966430664,63.84515380859375,22931400
2021-03-17,HYG,86.0999984741211,86.6500015258789,86.04000091552734,86.38999938964844,63.933963775634766,28345800
2021-03-18,HYG,86.05999755859375,86.16999816894531,85.70999908447266,85.7300033569336,63.44554901123047,37150300
2021-03-19,HYG,85.86000061035156,86.1500015258789,85.6500015258789,86.05999755859375,63.68974304199219,47467800
2021-03-22,HYG,86.19999694824219,86.5199966430664,86.1500015258789,86.37000274658203,63.9191780090332,32979500
2021-03-23,HYG,86.3499984741211,86.5,86.25,86.45999908447266,63.98579025268555,24705800
2021-03-24,HYG,86.54000091552734,86.80000305175781,86.51000213623047,86.51000213623047,64.02279663085938,31374500
2021-03-25,HYG,86.44999694824219,86.66000366210938,86.36000061035156,86.66000366210938,64.13379669189453,24070300
2021-03-26,HYG,86.76000213623047,86.93000030517578,86.56999969482422,86.91999816894531,64.32620239257812,25948000
2021-03-29,HYG,86.86000061035156,87.0,86.69999694824219,86.97000122070312,64.36321258544922,17447500
2021-03-30,HYG,86.83000183105469,86.87999725341797,86.73999786376953,86.76000213623047,64.20780944824219,19622100
2021-03-31,HYG,86.86000061035156,87.20999908447266,86.8499984741211,87.18000030517578,64.51863098144531,41604700
2021-04-01,HYG,86.97000122070312,87.06999969482422,86.8499984741211,87.06999969482422,64.6552505493164,30806600
2021-04-05,HYG,87.08000183105469,87.18000030517578,87.04000091552734,87.11000061035156,64.68495178222656,20758300
2021-04-06,HYG,87.12999725341797,87.30000305175781,87.12999725341797,87.26000213623047,64.79634094238281,15367900
2021-04-07,HYG,87.27999877929688,87.31999969482422,87.16999816894531,87.2300033569336,64.77407836914062,15645400
2021-04-08,HYG,87.33000183105469,87.36000061035156,87.23999786376953,87.26000213623047,64.79634094238281,11052100
2021-04-09,HYG,87.1500015258789,87.20999908447266,87.0999984741211,87.19999694824219,64.75180053710938,17413100
2021-04-12,HYG,87.0999984741211,87.13999938964844,87.0199966430664,87.11000061035156,64.68495178222656,15464500
2021-04-13,HYG,87.01000213623047,87.19999694824219,86.91000366210938,87.16999816894531,64.7294921875,20643500
2021-04-14,HYG,87.19000244140625,87.29000091552734,87.08999633789062,87.12999725341797,64.69981384277344,17992800
2021-04-15,HYG,87.33000183105469,87.4800033569336,87.2699966430664,87.4800033569336,64.95970916748047,20944400
2021-04-16,HYG,87.5,87.52999877929688,87.30000305175781,87.30000305175781,64.82606506347656,32509300
2021-04-19,HYG,87.19999694824219,87.29000091552734,87.12000274658203,87.16000366210938,64.72212219238281,23904900
2021-04-20,HYG,87.05999755859375,87.13999938964844,86.95999908447266,87.01000213623047,64.61071014404297,22901000
2021-04-21,HYG,86.97000122070312,87.30000305175781,86.95999908447266,87.30000305175781,64.82606506347656,19527000
2021-04-22,HYG,87.31999969482422,87.33000183105469,87.12000274658203,87.13999938964844,64.7072525024414,18506500
2021-04-23,HYG,87.19999694824219,87.44999694824219,87.19000244140625,87.37000274658203,64.87802124023438,14388700
2021-04-26,HYG,87.37999725341797,87.4800033569336,87.29000091552734,87.33000183105469,64.84832763671875,12746100
2021-04-27,HYG,87.37999725341797,87.37999725341797,87.20999908447266,87.20999908447266,64.75920867919922,17660600
2021-04-28,HYG,87.23999786376953,87.44999694824219,87.16999816894531,87.37999725341797,64.88549041748047,14795000
2021-04-29,HYG,87.55000305175781,87.55000305175781,87.3499984741211,87.4800033569336,64.95970916748047,17152900
2021-04-30,HYG,87.37000274658203,87.48999786376953,87.3499984741211,87.44000244140625,64.93002319335938,23367500
2021-05-03,HYG,87.2300033569336,87.33000183105469,87.16999816894531,87.18000030517578,64.955322265625,15782400
2021-05-04,HYG,87.11000061035156,87.1500015258789,86.97000122070312,87.12999725341797,64.91809844970703,23089700
2021-05-05,HYG,87.19000244140625,87.31999969482422,87.16999816894531,87.30000305175781,65.04474639892578,13676300
2021-05-06,HYG,87.29000091552734,87.33999633789062,87.1500015258789,87.2699966430664,65.02239990234375,23110100
2021-05-07,HYG,87.3499984741211,87.41000366210938,87.2300033569336,87.33000183105469,65.06709289550781,17872700
2021-05-10,HYG,87.36000061035156,87.37999725341797,87.12999725341797,87.12999725341797,64.91809844970703,16580800
2021-05-11,HYG,86.9000015258789,87.08999633789062,86.80999755859375,87.04000091552734,64.85102844238281,28683600
2021-05-12,HYG,86.91999816894531,86.9800033569336,86.62000274658203,86.62000274658203,64.53811645507812,31630100
2021-05-13,HYG,86.7699966430664,87.0,86.76000213623047,86.93000030517578,64.76908111572266,28689600
2021-05-14,HYG,87.05000305175781,87.20999908447266,87.0199966430664,87.20999908447266,64.97769165039062,22550800
2021-05-17,HYG,87.19999694824219,87.20999908447266,86.98999786376953,87.05000305175781,64.85847473144531,13545000
2021-05-18,HYG,87.16999816894531,87.16999816894531,86.83000183105469,86.83999633789062,64.7020034790039,16447500
2021-05-19,HYG,86.5999984741211,86.83999633789062,86.56999969482422,86.61000061035156,64.53062438964844,34701000
2021-05-20,HYG,86.68000030517578,87.33999633789062,86.68000030517578,86.9800033569336,64.80633544921875,28013700
2021-05-21,HYG,87.08000183105469,87.12999725341797,86.91999816894531,87.11000061035156,64.90319061279297,36466200
2021-05-24,HYG,87.18000030517578,87.30999755859375,87.0999984741211,87.20999908447266,64.97769165039062,24277800
2021-05-25,HYG,87.26000213623047,87.27999877929688,87.13999938964844,87.22000122070312,64.98513793945312,15466600
2021-05-26,HYG,87.16000366210938,87.2699966430664,87.16000366210938,87.25,65.00748443603516,14354900
2021-05-27,HYG,87.37999725341797,87.37999725341797,87.19999694824219,87.20999908447266,64.97769165039062,12682100
2021-05-28,HYG,87.30000305175781,87.3499984741211,87.18000030517578,87.18000030517578,64.955322265625,15464100
2021-06-01,HYG,87.05999755859375,87.16000366210938,87.0,87.1500015258789,65.15044403076172,22655300
2021-06-02,HYG,87.1500015258789,87.2699966430664,87.12000274658203,87.26000213623047,65.23271179199219,13698300
2021-06-03,HYG,87.02999877929688,87.2300033569336,86.98999786376953,87.08000183105469,65.09814453125,16701800
2021-06-04,HYG,87.2300033569336,87.30999755859375,87.16999816894531,87.2699966430664,65.24018859863281,26829200
2021-06-07,HYG,87.29000091552734,87.3499984741211,87.26000213623047,87.30000305175781,65.2625961303711,9189800
2021-06-08,HYG,87.44000244140625,87.44000244140625,87.30999755859375,87.36000061035156,65.30746459960938,10983900
2021-06-09,HYG,87.47000122070312,87.48999786376953,87.4000015258789,87.43000030517578,65.35975646972656,13232200
2021-06-10,HYG,87.5,87.66000366210938,87.45999908447266,87.58999633789062,65.4793930053711,15290000
2021-06-11,HYG,87.6500015258789,87.69000244140625,87.55000305175781,87.62000274658203,65.50179290771484,12559600
2021-06-14,HYG,87.58999633789062,87.58999633789062,87.47000122070312,87.54000091552734,65.44200134277344,19408600
2021-06-15,HYG,87.4800033569336,87.56999969482422,87.44000244140625,87.52999877929688,65.43452453613281,16037000
2021-06-16,HYG,87.52999877929688,87.56999969482422,87.26000213623047,87.41000366210938,65.34481811523438,21267200
2021-06-17,HYG,87.45999908447266,87.5,87.37999725341797,87.47000122070312,65.38969421386719,21099000
2021-06-18,HYG,87.33999633789062,87.44999694824219,87.29000091552734,87.43000030517578,65.35975646972656,35134500
2021-06-21,HYG,87.5199966430664,87.5999984741211,87.44999694824219,87.5999984741211,65.4868392944336,21265000
2021-06-22,HYG,87.56999969482422,87.66000366210938,87.5199966430664,87.66000366210938,65.53173828125,14604400
2021-06-23,HYG,87.62999725341797,87.75,87.56999969482422,87.56999969482422,65.46443176269531,16583100
2021-06-24,HYG,87.73999786376953,87.83999633789062,87.69999694824219,87.83999633789062,65.66626739501953,12722300
2021-06-25,HYG,87.8499984741211,87.94999694824219,87.83000183105469,87.93000030517578,65.73356628417969,16175000
2021-06-28,HYG,87.97000122070312,87.97000122070312,87.86000061035156,87.91999816894531,65.72606658935547,16019300
2021-06-29,HYG,87.94000244140625,88.02999877929688,87.93000030517578,88.02999877929688,65.80830383300781,12728000
2021-06-30,HYG,87.97000122070312,88.06999969482422,87.95999908447266,88.04000091552734,65.81578826904297,26093500
2021-07-01,HYG,87.83000183105469,87.91999816894531,87.80999755859375,87.91999816894531,65.94478607177734,31932400
2021-07-02,HYG,87.95999908447266,88.06999969482422,87.91999816894531,88.05999755859375,66.0498046875,11464800
2021-07-06,HYG,88.05999755859375,88.08000183105469,87.94000244140625,88.01000213623047,66.0123291015625,17784300
2021-07-07,HYG,88.08999633789062,88.0999984741211,87.93000030517578,88.04000091552734,66.03480529785156,11463700
2021-07-08,HYG,87.80999755859375,87.93000030517578,87.7699966430664,87.8499984741211,65.89228820800781,21936400
2021-07-09,HYG,87.87999725341797,88.0199966430664,87.87000274658203,88.0,66.00481414794922,17698100
2021-07-12,HYG,88.0,88.0199966430664,87.88999938964844,87.97000122070312,65.98226165771484,17546700
2021-07-13,HYG,87.91999816894531,87.95999908447266,87.69999694824219,87.70999908447266,65.78731536865234,26938600
2021-07-14,HYG,87.80999755859375,87.87999725341797,87.73999786376953,87.8499984741211,65.89228820800781,16100200
2021-07-15,HYG,87.7699966430664,87.81999969482422,87.72000122070312,87.79000091552734,65.84729766845703,16384800
2021-07-16,HYG,87.83999633789062,87.83999633789062,87.63999938964844,87.66999816894531,65.7573013305664,17820400
2021-07-19,HYG,87.45999908447266,87.48999786376953,86.9800033569336,87.08000183105469,65.31475830078125,54224700
2021-07-20,HYG,87.16000366210938,87.52999877929688,87.08000183105469,87.5199966430664,65.6447525024414,26941300
2021-07-21,HYG,87.58000183105469,87.76000213623047,87.55999755859375,87.7300033569336,65.80230712890625,18522600
2021-07-22,HYG,87.73999786376953,87.8499984741211,87.6500015258789,87.77999877929688,65.83978271484375,17110500
2021-07-23,HYG,87.87999725341797,87.98999786376953,87.83000183105469,87.94999694824219,65.96730041503906,19441000
2021-07-26,HYG,87.91999816894531,87.97000122070312,87.77999877929688,87.81999969482422,65.86981201171875,15282700
2021-07-27,HYG,87.69999694824219,87.7699966430664,87.55999755859375,87.69999694824219,65.77974700927734,19919000
2021-07-28,HYG,87.80000305175781,87.8499984741211,87.66999816894531,87.7699966430664,65.83230590820312,15129200
2021-07-29,HYG,87.83000183105469,88.0,87.83000183105469,87.95999908447266,65.97479248046875,18675000
2021-07-30,HYG,87.93000030517578,87.97000122070312,87.83999633789062,87.83999633789062,65.8847885131836,21062100
2021-08-02,HYG,87.66999816894531,87.69000244140625,87.33999633789062,87.33999633789062,65.72152709960938,27274400
2021-08-03,HYG,87.38999938964844,87.45999908447266,87.27999877929688,87.44000244140625,65.7967529296875,16058700
2021-08-04,HYG,87.37000274658203,87.41999816894531,87.27999877929688,87.27999877929688,65.67636108398438,17113300
2021-08-05,HYG,87.33000183105469,87.5199966430664,87.33000183105469,87.4800033569336,65.82687377929688,15465700
2021-08-06,HYG,87.43000030517578,87.5199966430664,87.37000274658203,87.37999725341797,65.75160217285156,12923200
2021-08-09,HYG,87.33999633789062,87.36000061035156,87.18000030517578,87.18000030517578,65.60111236572266,10788700
2021-08-10,HYG,87.19000244140625,87.19999694824219,86.97000122070312,86.9800033569336,65.45063018798828,31522900
2021-08-11,HYG,87.04000091552734,87.16000366210938,87.01000213623047,87.12000274658203,65.55596160888672,15834400
2021-08-12,HYG,87.12000274658203,87.29000091552734,87.08999633789062,87.2699966430664,65.66883850097656,14127800
2021-08-13,HYG,87.30000305175781,87.45999908447266,87.30000305175781,87.45999908447266,65.8117904663086,10016800
2021-08-16,HYG,87.44000244140625,87.48999786376953,87.3499984741211,87.48999786376953,65.83436584472656,12598100
2021-08-17,HYG,87.38999938964844,87.4000015258789,87.19999694824219,87.29000091552734,65.68389129638672,18468400
2021-08-18,HYG,87.30000305175781,87.38999938964844,87.08999633789062,87.08999633789062,65.53337097167969,12147600
2021-08-19,HYG,87.0,87.19999694824219,86.94999694824219,87.08000183105469,65.52588653564453,20026700
2021-08-20,HYG,87.0999984741211,87.33000183105469,87.08999633789062,87.29000091552734,65.68389129638672,16784100
2021-08-23,HYG,87.41000366210938,87.58999633789062,87.41000366210938,87.55999755859375,65.88706970214844,21933100
2021-08-24,HYG,87.58000183105469,87.69999694824219,87.55000305175781,87.68000030517578,65.9773941040039,20828100
2021-08-25,HYG,87.69999694824219,87.81999969482422,87.66000366210938,87.7699966430664,66.04508972167969,19085400
2021-08-26,HYG,87.76000213623047,87.7699966430664,87.58000183105469,87.72000122070312,66.00746154785156,17676100
2021-08-27,HYG,87.75,87.98999786376953,87.7300033569336,87.95999908447266,66.18804168701172,18519700
2021-08-30,HYG,87.9800033569336,88.0999984741211,87.95999908447266,88.06999969482422,66.27080535888672,11640000
2021-08-31,HYG,88.05999755859375,88.0999984741211,87.97000122070312,88.08999633789062,66.2858657836914,19163900
2021-09-01,HYG,87.83999633789062,87.9800033569336,87.81999969482422,87.88999938964844,66.34249114990234,22973500
2021-09-02,HYG,88.0,88.0199966430664,87.93000030517578,88.0,66.42550659179688,16521300
2021-09-03,HYG,87.95999908447266,88.04000091552734,87.88999938964844,88.01000213623047,66.43307495117188,6491000
2021-09-07,HYG,87.98999786376953,87.98999786376953,87.7699966430664,87.77999877929688,66.25945281982422,11728800
2021-09-08,HYG,87.79000091552734,87.91000366210938,87.70999908447266,87.87999725341797,66.33495330810547,13020900
2021-09-09,HYG,87.87000274658203,87.9800033569336,87.86000061035156,87.95999908447266,66.39531707763672,23024700
2021-09-10,HYG,88.08000183105469,88.08999633789062,87.81999969482422,87.83000183105469,66.29719543457031,16112600
2021-09-13,HYG,87.94999694824219,88.05999755859375,87.88999938964844,88.05000305175781,66.4632797241211,17136900
2021-09-14,HYG,88.08000183105469,88.12000274658203,87.97000122070312,88.01000213623047,66.43307495117188,20108000
2021-09-15,HYG,88.0199966430664,88.13999938964844,88.01000213623047,88.13999938964844,66.53119659423828,17069500
2021-09-16,HYG,88.11000061035156,88.13999938964844,87.94999694824219,88.11000061035156,66.508544921875,13859700
2021-09-17,HYG,88.08000183105469,88.08999633789062,87.97000122070312,88.0,66.42550659179688,38948500
2021-09-20,HYG,87.5999984741211,87.80999755859375,87.55000305175781,87.69000244140625,66.19151306152344,49641000
2021-09-21,HYG,87.83000183105469,87.87999725341797,87.68000030517578,87.83999633789062,66.30473327636719,27304200
2021-09-22,HYG,87.97000122070312,88.08000183105469,87.8499984741211,88.0,66.42550659179688,24344800
2021-09-23,HYG,88.05000305175781,88.16000366210938,87.95999908447266,88.04000091552734,66.45570373535156,27590300
2021-09-24,HYG,87.95999908447266,88.0199966430664,87.86000061035156,87.91000366210938,66.35757446289062,21713200
2021-09-27,HYG,87.76000213623047,87.88999938964844,87.7300033569336,87.83000183105469,66.29719543457031,17652900
2021-09-28,HYG,87.66000366210938,87.69999694824219,87.37999725341797,87.43000030517578,65.99524688720703,35515900
2021-09-29,HYG,87.52999877929688,87.70999908447266,87.51000213623047,87.58999633789062,66.11603546142578,19783400
2021-09-30,HYG,87.63999938964844,87.68000030517578,87.37999725341797,87.48999786376953,66.04052734375,41680700
2021-10-01,HYG,87.3499984741211,87.4800033569336,87.13999938964844,87.41000366210938,66.19886016845703,30062800
2021-10-04,HYG,87.3499984741211,87.37999725341797,87.08000183105469,87.0999984741211,65.96405792236328,24726400
2021-10-05,HYG,87.19000244140625,87.22000122070312,87.02999877929688,87.05999755859375,65.93376159667969,22347700
2021-10-06,HYG,86.87000274658203,87.04000091552734,86.7699966430664,87.01000213623047,65.8958740234375,28905900
2021-10-07,HYG,87.12999725341797,87.30000305175781,86.95999908447266,87.0199966430664,65.90345001220703,29054000
2021-10-08,HYG,87.0,87.05000305175781,86.76000213623047,86.76000213623047,65.70655059814453,28064300
2021-10-11,HYG,86.76000213623047,86.80999755859375,86.48999786376953,86.48999786376953,65.50210571289062,16068400
2021-10-12,HYG,86.5999984741211,86.7699966430664,86.58000183105469,86.6500015258789,65.6232681274414,32922200
2021-10-13,HYG,86.69999694824219,86.87999725341797,86.55999755859375,86.87999725341797,65.79744720458984,29370400
2021-10-14,HYG,87.05000305175781,87.37999725341797,87.04000091552734,87.37000274658203,66.1685562133789,26937000
2021-10-15,HYG,87.38999938964844,87.38999938964844,87.16999816894531,87.22000122070312,66.054931640625,29782900
2021-10-18,HYG,87.0199966430664,87.18000030517578,86.98999786376953,87.18000030517578,66.02465057373047,20338400
2021-10-19,HYG,87.18000030517578,87.25,87.12000274658203,87.23999786376953,66.0700912475586,26103300
2021-10-20,HYG,87.25,87.29000091552734,87.19000244140625,87.2699966430664,66.09278106689453,19720100
2021-10-21,HYG,87.25,87.29000091552734,86.98999786376953,87.05000305175781,65.92616271972656,19273600
2021-10-22,HYG,87.0199966430664,87.05999755859375,86.80000305175781,86.83999633789062,65.76716613769531,20734400
2021-10-25,HYG,86.94000244140625,87.08000183105469,86.7699966430664,86.98999786376953,65.8807601928711,20230000
2021-10-26,HYG,87.12000274658203,87.19999694824219,87.01000213623047,87.01000213623047,65.8958740234375,19617200
2021-10-27,HYG,87.0999984741211,87.12999725341797,86.93000030517578,86.94000244140625,65.8428955078125,18521300
2021-10-28,HYG,86.9800033569336,87.16000366210938,86.9800033569336,87.16000366210938,66.00949096679688,16374700
2021-10-29,HYG,87.0199966430664,87.05000305175781,86.93000030517578,86.93000030517578,65.83531188964844,26521600
2021-11-01,HYG,86.7300033569336,86.77999877929688,86.55000305175781,86.55999755859375,65.7646713256836,29987000
2021-11-02,HYG,86.55999755859375,86.83999633789062,86.55999755859375,86.7699966430664,65.92420196533203,26441600
2021-11-03,HYG,86.70999908447266,86.95999908447266,86.69000244140625,86.94000244140625,66.05337524414062,22984200
2021-11-04,HYG,87.0199966430664,87.55999755859375,87.0,87.16999816894531,66.22811126708984,28989800
2021-11-05,HYG,87.30000305175781,87.5199966430664,87.25,87.5,66.47882843017578,27595000
2021-11-08,HYG,87.58999633789062,87.61000061035156,87.33999633789062,87.38999938964844,66.39525604248047,11957900
2021-11-09,HYG,87.38999938964844,87.45999908447266,87.27999877929688,87.45999908447266,66.44844818115234,13732600
2021-11-10,HYG,87.3499984741211,87.3499984741211,86.94000244140625,86.97000122070312,66.07615661621094,30438400
2021-11-11,HYG,87.02999877929688,87.04000091552734,86.81999969482422,86.81999969482422,65.9621810913086,10086100
2021-11-12,HYG,86.91999816894531,87.05000305175781,86.83999633789062,86.8499984741211,65.98499298095703,26392400
2021-11-15,HYG,86.91000366210938,86.91999816894531,86.7300033569336,86.75,65.90899658203125,17057100
2021-11-16,HYG,86.7699966430664,86.87000274658203,86.73999786376953,86.79000091552734,65.93939971923828,14302000
2021-11-17,HYG,86.81999969482422,86.83999633789062,86.69999694824219,86.69999694824219,65.87103271484375,17919200
2021-11-18,HYG,86.80999755859375,86.80999755859375,86.62999725341797,86.62999725341797,65.8178482055664,23421300
2021-11-19,HYG,86.62999725341797,86.7699966430664,86.55999755859375,86.55999755859375,65.7646713256836,45282700
2021-11-22,HYG,86.63999938964844,86.66999816894531,86.22000122070312,86.2300033569336,65.51390075683594,26266000
2021-11-23,HYG,86.2300033569336,86.37000274658203,86.02999877929688,86.11000061035156,65.42277526855469,33967100
2021-11-24,HYG,86.0,86.11000061035156,85.76000213623047,86.08999633789062,65.40758514404297,31158800
2021-11-26,HYG,85.61000061035156,85.62000274658203,85.33999633789062,85.47000122070312,64.9365005493164,36123400
2021-11-29,HYG,85.80999755859375,86.12999725341797,85.76000213623047,86.0,65.33917236328125,31728900
2021-11-30,HYG,85.95999908447266,86.06999969482422,85.5199966430664,85.63999938964844,65.0656967163086,35465700
2021-12-01,HYG,85.7699966430664,85.94000244140625,85.31999969482422,85.37000274658203,65.0748291015625,41845200
2021-12-02,HYG,85.41999816894531,86.05999755859375,85.41000366210938,86.0,65.5550308227539,42383500
2021-12-03,HYG,86.05000305175781,86.0999984741211,85.83000183105469,86.0,65.5550308227539,47368800
2021-12-06,HYG,86.02999877929688,86.4800033569336,86.0,86.37999725341797,65.84471893310547,28211300
2021-12-07,HYG,86.70999908447266,87.06999969482422,86.63999938964844,86.83999633789062,66.19535064697266,42893500
2021-12-08,HYG,86.77999877929688,86.87000274658203,86.68000030517578,86.81999969482422,66.18009948730469,26598200
2021-12-09,HYG,86.80000305175781,86.80000305175781,86.43000030517578,86.43000030517578,65.88282012939453,24939100
2021-12-10,HYG,86.55999755859375,86.66000366210938,86.52999877929688,86.62999725341797,66.03530883789062,20247200
2021-12-13,HYG,86.62999725341797,86.70999908447266,86.55999755859375,86.62999725341797,66.03530883789062,17125800
2021-12-14,HYG,86.5,86.58999633789062,86.33000183105469,86.4800033569336,65.92093658447266,20310500
2021-12-15,HYG,86.47000122070312,86.83999633789062,86.33000183105469,86.80999755859375,66.17250061035156,31699000
2021-12-16,HYG,86.55000305175781,86.62999725341797,86.38999938964844,86.44999694824219,66.12355041503906,27374000
2021-12-17,HYG,86.36000061035156,86.51000213623047,86.20999908447266,86.37000274658203,66.0623550415039,27248200
2021-12-20,HYG,86.12999725341797,86.29000091552734,86.08999633789062,86.22000122070312,65.94761657714844,27560400
2021-12-21,HYG,86.33999633789062,86.69000244140625,86.33999633789062,86.68000030517578,66.2994384765625,24390500
2021-12-22,HYG,86.6500015258789,86.93000030517578,86.63999938964844,86.91000366210938,66.47535705566406,17433300
2021-12-23,HYG,86.95999908447266,87.20999908447266,86.94000244140625,87.16000366210938,66.66658782958984,15612100
2021-12-27,HYG,87.16999816894531,87.31999969482422,87.12999725341797,87.25,66.73542785644531,13396700
2021-12-28,HYG,87.22000122070312,87.23999786376953,87.08000183105469,87.20999908447266,66.70482635498047,17150700
2021-12-29,HYG,87.1500015258789,87.18000030517578,87.05000305175781,87.06999969482422,66.59776306152344,16760300
2021-12-30,HYG,87.0999984741211,87.0999984741211,86.98999786376953,87.02999877929688,66.56717681884766,12326100
2021-12-31,HYG,87.05999755859375,87.12000274658203,86.9800033569336,87.01000213623047,66.55183410644531,11505300
2022-01-03,HYG,86.91999816894531,86.97000122070312,86.76000213623047,86.97000122070312,66.52128601074219,35368400
2022-01-04,HYG,87.0,87.0,86.66999816894531,86.75,66.35299682617188,33609900
2022-01-05,HYG,86.73999786376953,86.77999877929688,86.08000183105469,86.08000183105469,65.84052276611328,44808500
2022-01-06,HYG,86.0999984741211,86.31999969482422,86.05000305175781,86.08999633789062,65.84820556640625,42823200
2022-01-07,HYG,86.08999633789062,86.0999984741211,85.86000061035156,85.87000274658203,65.67990112304688,34630100
2022-01-10,HYG,85.76000213623047,85.95999908447266,85.37000274658203,85.94000244140625,65.73342895507812,52621800
2022-01-11,HYG,85.98999786376953,86.33999633789062,85.75,86.33999633789062,66.0394058227539,32513100
2022-01-12,HYG,86.47000122070312,86.5199966430664,86.33999633789062,86.4800033569336,66.146484375,24621400
2022-01-13,HYG,86.45999908447266,86.5,86.13999938964844,86.16999816894531,65.90936279296875,31699700
2022-01-14,HYG,86.11000061035156,86.2300033569336,86.0,86.08999633789062,65.84820556640625,31046200
2022-01-18,HYG,85.83999633789062,85.8499984741211,85.61000061035156,85.66999816894531,65.52690124511719,46331500
2022-01-19,HYG,85.81999969482422,85.95999908447266,85.55999755859375,85.58999633789062,65.46572875976562,31390200
2022-01-20,HYG,85.75,85.97000122070312,85.41000366210938,85.43000030517578,65.3433609008789,38217700
2022-01-21,HYG,85.43000030517578,85.5999984741211,85.33000183105469,85.44000244140625,65.35099792480469,57098000
2022-01-24,HYG,85.19000244140625,85.41000366210938,84.7699966430664,85.3499984741211,65.28217315673828,79230800
2022-01-25,HYG,85.08999633789062,85.29000091552734,84.9000015258789,85.0999984741211,65.09095764160156,43642700
2022-01-26,HYG,85.47000122070312,85.87000274658203,84.69999694824219,84.80999755859375,64.8691177368164,63574900
2022-01-27,HYG,85.0199966430664,85.12000274658203,84.25,84.44000244140625,64.58614349365234,47351000
2022-01-28,HYG,84.25,84.69000244140625,83.94999694824219,84.68000030517578,64.76972961425781,51496700
2022-01-31,HYG,84.5,84.83000183105469,84.22000122070312,84.69999694824219,64.78499603271484,78932100
2022-02-01,HYG,84.6500015258789,84.77999877929688,84.37000274658203,84.7300033569336,65.04220581054688,42377300
2022-02-02,HYG,84.9000015258789,84.95999908447266,84.61000061035156,84.86000061035156,65.14193725585938,29261500
2022-02-03,HYG,84.47000122070312,84.54000091552734,84.08999633789062,84.0999984741211,64.55852508544922,44760800
2022-02-04,HYG,83.76000213623047,83.9000015258789,83.19999694824219,83.7699966430664,64.30522155761719,65508300
2022-02-07,HYG,83.54000091552734,83.86000061035156,83.41999816894531,83.70999908447266,64.25917053222656,37620700
2022-02-08,HYG,83.77999877929688,83.8499984741211,83.58000183105469,83.62000274658203,64.19007873535156,39549000
2022-02-09,HYG,83.94000244140625,84.12000274658203,83.94000244140625,84.05999755859375,64.52784729003906,37641800
2022-02-10,HYG,83.54000091552734,83.83000183105469,82.94000244140625,82.94999694824219,63.67577362060547,57751400
2022-02-11,HYG,83.2300033569336,83.25,82.44999694824219,82.66000366210938,63.453147888183594,58997100
2022-02-14,HYG,82.6500015258789,82.83000183105469,82.22000122070312,82.5199966430664,63.345672607421875,36550200
2022-02-15,HYG,82.73999786376953,82.80999755859375,82.55999755859375,82.66000366210938,63.453147888183594,32724800
2022-02-16,HYG,82.61000061035156,83.18000030517578,82.54000091552734,83.12000274658203,63.80624008178711,38996000
2022-02-17,HYG,82.97000122070312,82.97000122070312,82.70999908447266,82.7699966430664,63.53757858276367,30755200
2022-02-18,HYG,82.69000244140625,82.98999786376953,82.62000274658203,82.88999938964844,63.62968444824219,43848800
2022-02-22,HYG,82.83999633789062,83.05000305175781,82.58999633789062,82.69999694824219,63.48384475708008,37004300
2022-02-23,HYG,82.8499984741211,82.91000366210938,82.52999877929688,82.55000305175781,63.36870193481445,36545400
2022-02-24,HYG,81.91000366210938,83.18000030517578,81.83000183105469,83.13999938964844,63.82162857055664,56132500
2022-02-25,HYG,83.22000122070312,83.62999725341797,83.22000122070312,83.61000061035156,64.182373046875,44118800
2022-02-28,HYG,83.22000122070312,83.87999725341797,83.22000122070312,83.66999816894531,64.22844696044922,54006400
2022-03-01,HYG,83.43000030517578,83.63999938964844,82.94999694824219,83.12999725341797,64.04895782470703,43268500
2022-03-02,HYG,83.08000183105469,83.36000061035156,82.94000244140625,83.33000183105469,64.2030258178711,41489200
2022-03-03,HYG,83.4800033569336,83.5,82.20999908447266,83.08000183105469,64.0103988647461,23594200
2022-03-04,HYG,82.94000244140625,82.94000244140625,82.4800033569336,82.54000091552734,63.594398498535156,32141100
2022-03-07,HYG,82.38999938964844,82.41000366210938,81.75,81.81999969482422,63.03963088989258,43675900
2022-03-08,HYG,81.87999725341797,82.08999633789062,81.5,81.52999877929688,62.816200256347656,57474500
2022-03-09,HYG,82.01000213623047,82.31999969482422,81.8499984741211,82.20999908447266,63.34011459350586,31143000
2022-03-10,HYG,81.76000213623047,81.87000274658203,81.41999816894531,81.5199966430664,62.808467864990234,46408900
2022-03-11,HYG,81.62999725341797,81.6500015258789,80.86000061035156,80.93000030517578,62.35390090942383,40097000
2022-03-14,HYG,80.8499984741211,80.87000274658203,79.87999725341797,79.97000122070312,61.61427307128906,61536700
2022-03-15,HYG,80.12999725341797,80.76000213623047,80.0999984741211,80.56999969482422,62.07655715942383,57385300
2022-03-16,HYG,80.95999908447266,81.73999786376953,80.55000305175781,81.69999694824219,62.94717788696289,66254800
2022-03-17,HYG,81.7699966430664,82.30000305175781,81.75,82.26000213623047,63.378639221191406,48573700
2022-03-18,HYG,82.0999984741211,82.54000091552734,81.94999694824219,82.52999877929688,63.58665466308594,59780500
2022-03-21,HYG,82.38999938964844,82.44999694824219,81.41999816894531,81.58000183105469,62.85471725463867,62364300
2022-03-22,HYG,81.66000366210938,82.06999969482422,81.5,82.0,63.17832946777344,40148600
2022-03-23,HYG,81.86000061035156,82.01000213623047,81.58999633789062,81.73999786376953,62.97799301147461,36294900
2022-03-24,HYG,81.7300033569336,81.94000244140625,81.5199966430664,81.91000366210938,63.108978271484375,18435800
2022-03-25,HYG,81.91999816894531,81.91999816894531,81.26000213623047,81.31999969482422,62.65437698364258,36497500
2022-03-28,HYG,81.27999877929688,81.8499984741211,81.26000213623047,81.83000183105469,63.047340393066406,26886100
2022-03-29,HYG,82.19999694824219,82.86000061035156,82.1500015258789,82.83999633789062,63.82548522949219,49781100
2022-03-30,HYG,82.62000274658203,82.69999694824219,82.38999938964844,82.58999633789062,63.632850646972656,43905200
2022-03-31,HYG,82.69000244140625,82.7300033569336,82.2699966430664,82.29000091552734,63.40174865722656,40717600
2022-04-01,HYG,81.83000183105469,82.02999877929688,81.6500015258789,81.94999694824219,63.39710235595703,31316100
2022-04-04,HYG,82.0199966430664,82.58000183105469,82.0,82.56999969482422,63.87676239013672,32710900
2022-04-05,HYG,82.38999938964844,82.47000122070312,81.47000122070312,81.5,63.048973083496094,51886400
2022-04-06,HYG,80.94000244140625,81.4000015258789,80.69000244140625,80.86000061035156,62.55389404296875,67118000
2022-04-07,HYG,80.94000244140625,81.04000091552734,80.72000122070312,80.7300033569336,62.45334243774414,42831400
2022-04-08,HYG,80.4800033569336,80.7300033569336,80.2300033569336,80.23999786376953,62.07425308227539,42177200
2022-04-11,HYG,79.9800033569336,80.06999969482422,79.58000183105469,79.69000244140625,61.64875793457031,42293400
2022-04-12,HYG,80.23999786376953,80.62000274658203,80.06999969482422,80.30000305175781,62.12067794799805,38031000
2022-04-13,HYG,80.44000244140625,80.87999725341797,80.37999725341797,80.77999877929688,62.491973876953125,31635500
2022-04-14,HYG,80.77999877929688,80.88999938964844,80.02999877929688,80.23999786376953,62.07425308227539,45130400
2022-04-18,HYG,80.16000366210938,80.36000061035156,80.0,80.11000061035156,61.973670959472656,20864100
2022-04-19,HYG,79.95999908447266,80.19000244140625,79.86000061035156,80.04000091552734,61.91954040527344,29920800
2022-04-20,HYG,80.27999877929688,80.44000244140625,80.16000366210938,80.29000091552734,62.11294174194336,25769700
2022-04-21,HYG,80.48999786376953,80.54000091552734,79.66999816894531,79.73999786376953,61.68743896484375,38695100
2022-04-22,HYG,79.63999938964844,79.66000366210938,79.16999816894531,79.26000213623047,61.31611633300781,28243000
2022-04-25,HYG,79.4000015258789,80.0,79.2699966430664,79.93000030517578,61.834415435791016,35914500
2022-04-26,HYG,79.9000015258789,79.9000015258789,79.44999694824219,79.45999908447266,61.470829010009766,31171600
2022-04-27,HYG,79.47000122070312,79.66999816894531,78.98999786376953,79.06999969482422,61.169132232666016,37598600
2022-04-28,HYG,79.23999786376953,79.62999725341797,78.94000244140625,79.51000213623047,61.509498596191406,30808800
2022-04-29,HYG,79.13999938964844,79.25,78.4800033569336,78.52999877929688,60.751373291015625,35697100
2022-05-02,HYG,78.16000366210938,78.30000305175781,77.83000183105469,78.2300033569336,60.755271911621094,38674400
2022-05-03,HYG,78.4000015258789,78.76000213623047,78.3499984741211,78.63999938964844,61.073665618896484,42665700
2022-05-04,HYG,78.6500015258789,79.6500015258789,78.08000183105469,79.44000244140625,61.694976806640625,55154900
2022-05-05,HYG,78.97000122070312,79.0199966430664,77.80999755859375,78.02999877929688,60.59992980957031,53807900
2022-05-06,HYG,77.62999725341797,78.0,77.41000366210938,77.58999633789062,60.25822830200195,39256900
2022-05-09,HYG,77.12999725341797,77.30999755859375,76.72000122070312,76.7699966430664,59.62139129638672,38442700
2022-05-10,HYG,77.38999938964844,77.52999877929688,76.83999633789062,77.20999908447266,59.96308898925781,48419700
2022-05-11,HYG,77.0,77.48999786376953,76.73999786376953,76.75,59.60585403442383,42473500
2022-05-12,HYG,76.66000366210938,76.9800033569336,76.4000015258789,76.72000122070312,59.58256912231445,49069700
2022-05-13,HYG,76.9800033569336,77.05999755859375,76.43000030517578,76.80999755859375,59.65245056152344,49084400
2022-05-16,HYG,76.83999633789062,76.95999908447266,76.56999969482422,76.69999694824219,59.56700897216797,33300100
2022-05-17,HYG,76.86000061035156,76.87000274658203,76.44000244140625,76.62999725341797,59.512638092041016,41666500
2022-05-18,HYG,76.20999908447266,76.25,75.91000366210938,76.0,59.02337646484375,47647800
2022-05-19,HYG,75.94999694824219,76.66999816894531,75.87000274658203,76.51000213623047,59.419471740722656,53929100
2022-05-20,HYG,76.77999877929688,76.80000305175781,76.2300033569336,76.45999908447266,59.38064956665039,56691000
2022-05-23,HYG,76.63999938964844,76.86000061035156,76.58000183105469,76.76000213623047,59.613624572753906,29917100
2022-05-24,HYG,76.58000183105469,77.26000213623047,76.55000305175781,77.22000122070312,59.970863342285156,42246500
2022-05-25,HYG,77.30999755859375,78.44000244140625,77.2699966430664,78.38999938964844,60.8795051574707,56661500
2022-05-26,HYG,78.68000030517578,79.5199966430664,78.47000122070312,79.4800033569336,61.72603988647461,64773400
2022-05-27,HYG,79.80000305175781,80.19000244140625,79.61000061035156,80.19000244140625,62.27742004394531,52813100
2022-05-31,HYG,79.73999786376953,79.86000061035156,79.31999969482422,79.5,61.74156951904297,68424700
2022-06-01,HYG,79.2300033569336,79.44999694824219,78.75,78.9000015258789,61.51314163208008,87646100
2022-06-02,HYG,78.91999816894531,79.23999786376953,78.69000244140625,79.2300033569336,61.77039337158203,34752500
2022-06-03,HYG,78.87000274658203,78.87000274658203,78.5199966430664,78.63999938964844,61.3104133605957,36008000
2022-06-06,HYG,78.77999877929688,78.80000305175781,77.95999908447266,78.05000305175781,60.85045623779297,35756100
2022-06-07,HYG,77.79000091552734,78.31999969482422,77.7300033569336,78.2300033569336,60.990787506103516,31499900
2022-06-08,HYG,78.04000091552734,78.06999969482422,77.45999908447266,77.55999755859375,60.46841812133789,25361600
2022-06-09,HYG,77.26000213623047,77.51000213623047,76.79000091552734,76.94000244140625,59.98503875732422,49468700
2022-06-10,HYG,76.19999694824219,76.22000122070312,75.27999877929688,75.62999725341797,58.9637336730957,59907000
2022-06-13,HYG,74.25,74.30999755859375,72.88999938964844,73.0999984741211,56.991241455078125,122714600
2022-06-14,HYG,73.44999694824219,74.2300033569336,73.05000305175781,73.58000183105469,57.36548614501953,62818600
2022-06-15,HYG,74.19999694824219,75.38999938964844,74.04000091552734,75.01000213623047,58.48036575317383,70628200
2022-06-16,HYG,73.9000015258789,74.1500015258789,73.22000122070312,73.81999969482422,57.552608489990234,61583400
2022-06-17,HYG,73.98999786376953,74.56999969482422,73.80999755859375,74.05000305175781,57.731903076171875,49281000
2022-06-21,HYG,74.5,74.66999816894531,73.93000030517578,74.0,57.692928314208984,45924600
2022-06-22,HYG,73.87000274658203,74.25,73.80999755859375,73.9800033569336,57.677330017089844,38204800
2022-06-23,HYG,74.19000244140625,74.58000183105469,74.08000183105469,74.51000213623047,58.090545654296875,30961800
2022-06-24,HYG,74.75,75.36000061035156,74.58999633789062,75.04000091552734,58.503746032714844,38198600
2022-06-27,HYG,75.0999984741211,75.0999984741211,74.58000183105469,74.58000183105469,58.14510726928711,25658200
2022-06-28,HYG,74.69000244140625,74.79000091552734,73.75,73.76000213623047,57.50579833984375,39303800
2022-06-29,HYG,73.72000122070312,73.79000091552734,73.43000030517578,73.6500015258789,57.42005920410156,36806800
2022-06-30,HYG,73.33000183105469,73.83000183105469,73.05999755859375,73.61000061035156,57.38886642456055,45139900
2022-07-01,HYG,73.5,74.2300033569336,73.44999694824219,73.9800033569336,57.93626403808594,38849300
2022-07-05,HYG,73.51000213623047,73.9800033569336,73.02999877929688,73.91000366210938,57.88146209716797,38316200
2022-07-06,HYG,73.79000091552734,74.0,73.5199966430664,73.62999725341797,57.66217803955078,44706000
2022-07-07,HYG,74.08999633789062,74.87999725341797,74.02999877929688,74.83000183105469,58.601932525634766,44430400
2022-07-08,HYG,74.55999755859375,74.95999908447266,74.36000061035156,74.88999938964844,58.648929595947266,31230300
2022-07-11,HYG,74.80000305175781,74.91999816894531,74.44999694824219,74.47000122070312,58.32003402709961,28213700
2022-07-12,HYG,74.55999755859375,74.9000015258789,74.5,74.7699966430664,58.55494689941406,24036500
2022-07-13,HYG,74.0,74.91999816894531,73.91999816894531,74.69000244140625,58.492313385009766,46874900
2022-07-14,HYG,74.08000183105469,74.62999725341797,73.61000061035156,74.55000305175781,58.38267135620117,53953100
2022-07-15,HYG,74.7699966430664,75.5,74.76000213623047,75.5,59.12663269042969,48360800
2022-07-18,HYG,75.69000244140625,75.72000122070312,74.69000244140625,74.7699966430664,58.55494689941406,33302800
2022-07-19,HYG,75.04000091552734,75.94000244140625,75.04000091552734,75.76000213623047,59.33028030395508,31028200
2022-07-20,HYG,76.05999755859375,76.62000274658203,75.87999725341797,76.08999633789062,59.588687896728516,82881900
2022-07-21,HYG,76.0199966430664,77.05999755859375,75.93000030517578,76.98999786376953,60.29350662231445,52282000
2022-07-22,HYG,77.11000061035156,77.54000091552734,76.6500015258789,76.88999938964844,60.21519470214844,51055800
2022-07-25,HYG,76.94999694824219,77.08999633789062,76.6500015258789,76.87000274658203,60.19954299926758,26032000
2022-07-26,HYG,76.62000274658203,76.70999908447266,76.27999877929688,76.33000183105469,59.77663803100586,24151200
2022-07-27,HYG,76.66999816894531,77.47000122070312,76.66999816894531,77.16999816894531,60.434471130371094,35075700
2022-07-28,HYG,77.54000091552734,78.0199966430664,77.2300033569336,77.95999908447266,61.053157806396484,42335900
2022-07-29,HYG,77.95999908447266,78.3499984741211,77.75,78.19000244140625,61.23329544067383,33606800
2022-08-01,HYG,77.63999938964844,78.08000183105469,77.51000213623047,77.91000366210938,61.25215530395508,31595600
2022-08-02,HYG,77.7699966430664,77.86000061035156,77.5,77.55000305175781,60.96913146972656,40604400
2022-08-03,HYG,77.77999877929688,78.25,77.56999969482422,78.2300033569336,61.503753662109375,35660900
2022-08-04,HYG,78.33999633789062,78.44999694824219,78.11000061035156,78.44000244140625,61.66879653930664,24386400
2022-08-05,HYG,77.5,78.11000061035156,77.38999938964844,78.04000091552734,61.35435104370117,31006700
2022-08-08,HYG,78.33999633789062,78.6500015258789,78.05000305175781,78.11000061035156,61.40938186645508,19465600
2022-08-09,HYG,77.93000030517578,77.95999908447266,77.5,77.52999877929688,60.95335006713867,24675700
2022-08-10,HYG,78.5199966430664,78.7699966430664,78.38999938964844,78.69000244140625,61.86537551879883,38121800
2022-08-11,HYG,79.19999694824219,79.31999969482422,78.12999725341797,78.23999786376953,61.51158142089844,37778700
2022-08-12,HYG,78.5199966430664,78.97000122070312,78.29000091552734,78.94000244140625,62.06190872192383,16912300
2022-08-15,HYG,78.81999969482422,79.0,78.6500015258789,78.80000305175781,61.95186233520508,18441100
2022-08-16,HYG,78.7300033569336,78.7300033569336,78.26000213623047,78.43000030517578,61.660953521728516,22963200
2022-08-17,HYG,77.87999725341797,78.04000091552734,77.58999633789062,77.62000274658203,61.02414321899414,28774600
2022-08-18,HYG,77.80999755859375,77.87999725341797,77.66000366210938,77.73999786376953,61.11849594116211,19089300
2022-08-19,HYG,77.33000183105469,77.37000274658203,76.77999877929688,76.94999694824219,60.49739074707031,45428900
2022-08-22,HYG,76.36000061035156,76.4000015258789,76.01000213623047,76.08000183105469,59.813419342041016,42014200
2022-08-23,HYG,76.0999984741211,76.4000015258789,75.83000183105469,76.2699966430664,59.962772369384766,33240000
2022-08-24,HYG,76.23999786376953,76.5,76.16000366210938,76.36000061035156,60.033546447753906,16917400
2022-08-25,HYG,76.58000183105469,77.13999938964844,76.44999694824219,77.08000183105469,60.59959030151367,20080000
2022-08-26,HYG,77.12000274658203,77.12000274658203,75.73999786376953,75.80999755859375,59.60115432739258,34460600
2022-08-29,HYG,75.3499984741211,75.7699966430664,75.26000213623047,75.5199966430664,59.3731575012207,28020200
2022-08-30,HYG,75.5999984741211,75.66000366210938,74.69999694824219,74.94000244140625,58.91716003417969,66233900
2022-08-31,HYG,74.97000122070312,75.12000274658203,74.51000213623047,74.52999877929688,58.594825744628906,39161800
2022-09-01,HYG,73.94999694824219,74.41000366210938,73.61000061035156,74.36000061035156,58.74968719482422,38499700
2022-09-02,HYG,75.0,75.06999969482422,74.2300033569336,74.30999755859375,58.710182189941406,22364500
2022-09-06,HYG,74.30999755859375,74.38999938964844,73.8499984741211,74.11000061035156,58.55215835571289,28820900
2022-09-07,HYG,74.20999908447266,75.19000244140625,74.19000244140625,75.18000030517578,59.39754867553711,26853200
2022-09-08,HYG,74.9000015258789,75.55000305175781,74.77999877929688,75.51000213623047,59.65823745727539,26928000
2022-09-09,HYG,75.87999725341797,76.16999816894531,75.62999725341797,75.80999755859375,59.895286560058594,29526800
2022-09-12,HYG,76.08000183105469,76.2300033569336,75.7699966430664,76.04000091552734,60.07697296142578,30276100
2022-09-13,HYG,74.9800033569336,75.16999816894531,74.27999877929688,74.30999755859375,58.710182189941406,47111300
2022-09-14,HYG,74.36000061035156,74.91000366210938,74.30999755859375,74.41999816894531,58.79707336425781,29672400
2022-09-15,HYG,74.29000091552734,74.44000244140625,73.91000366210938,73.94999694824219,58.42573165893555,46282300
2022-09-16,HYG,73.5,74.19999694824219,73.37000274658203,74.19999694824219,58.62324523925781,56479900
2022-09-19,HYG,73.91000366210938,74.48999786376953,73.83999633789062,74.4800033569336,58.844505310058594,26891900
2022-09-20,HYG,74.0199966430664,74.06999969482422,73.66999816894531,73.72000122070312,58.244022369384766,32769500
2022-09-21,HYG,73.9000015258789,74.23999786376953,73.16000366210938,73.5,58.070220947265625,37851300
2022-09-22,HYG,73.25,73.38999938964844,72.80000305175781,73.05999755859375,57.72256088256836,48278100
2022-09-23,HYG,72.55999755859375,72.7300033569336,71.87999725341797,72.12999725341797,56.9878044128418,53312000
2022-09-26,HYG,71.91999816894531,72.18000030517578,71.26000213623047,71.27999877929688,56.31625747680664,42287400
2022-09-27,HYG,71.88999938964844,71.91999816894531,70.9000015258789,71.12999725341797,56.197750091552734,45295500
2022-09-28,HYG,71.66999816894531,72.48999786376953,71.44000244140625,72.4000015258789,57.201133728027344,48935800
2022-09-29,HYG,71.93000030517578,71.97000122070312,71.31999969482422,71.72000122070312,56.66388702392578,38068800
2022-09-30,HYG,71.7300033569336,72.27999877929688,71.37999725341797,71.38999938964844,56.40315628051758,42928700
2022-10-03,HYG,71.5999984741211,72.12999725341797,71.45999908447266,71.97000122070312,57.1423454284668,48967900
2022-10-04,HYG,72.9000015258789,73.52999877929688,72.7699966430664,73.5199966430664,58.373008728027344,45901300
2022-10-05,HYG,72.91999816894531,73.4000015258789,72.61000061035156,73.2300033569336,58.14278030395508,47833500
2022-10-06,HYG,73.1500015258789,73.45999908447266,72.9000015258789,73.01000213623047,57.96806716918945,37196000
2022-10-07,HYG,72.56999969482422,72.7699966430664,72.0999984741211,72.12000274658203,57.261474609375,33983000
2022-10-10,HYG,72.06999969482422,72.11000061035156,70.91999816894531,71.23999786376953,56.56275177001953,37759700
2022-10-11,HYG,71.37999725341797,72.0199966430664,71.29000091552734,71.45999908447266,56.73743438720703,46344600
2022-10-12,HYG,71.41000366210938,71.8499984741211,71.41000366210938,71.58000183105469,56.83271026611328,32784800
2022-10-13,HYG,70.47000122070312,71.91000366210938,70.4000015258789,71.73999786376953,56.9597282409668,48832500
2022-10-14,HYG,72.19000244140625,72.37000274658203,71.33000183105469,71.51000213623047,56.777122497558594,37152100
2022-10-17,HYG,72.1500015258789,72.5999984741211,72.13999938964844,72.38999938964844,57.475830078125,33820000
2022-10-18,HYG,73.12999725341797,73.30999755859375,72.58000183105469,72.9000015258789,57.88075256347656,37648400
2022-10-19,HYG,72.4000015258789,72.63999938964844,71.9800033569336,72.19999694824219,57.32495880126953,33194000
2022-10-20,HYG,72.20999908447266,72.75,71.7300033569336,71.80000305175781,57.00738525390625,47281100
2022-10-21,HYG,71.58999633789062,72.58000183105469,71.55999755859375,72.48999786376953,57.555213928222656,60211200
2022-10-24,HYG,72.55999755859375,72.7300033569336,72.16000366210938,72.54000091552734,57.59492111206055,29551200
2022-10-25,HYG,72.72000122070312,73.25,72.69999694824219,73.23999786376953,58.150718688964844,37459200
2022-10-26,HYG,73.05999755859375,73.70999908447266,72.94999694824219,73.44000244140625,58.309486389160156,50552100
2022-10-27,HYG,73.62000274658203,74.13999938964844,73.36000061035156,73.9800033569336,58.73823547363281,49481500
2022-10-28,HYG,74.25,74.69000244140625,74.12000274658203,74.55000305175781,59.19081115722656,123446800
2022-10-31,HYG,74.16999816894531,74.18000030517578,73.41999816894531,73.43000030517578,58.30155563354492,60269700
2022-11-01,HYG,73.94000244140625,73.94999694824219,73.20999908447266,73.58999633789062,58.652244567871094,39586700
2022-11-02,HYG,73.55999755859375,74.29000091552734,72.87999725341797,72.91999816894531,58.11821365356445,50659500
2022-11-03,HYG,72.16999816894531,72.63999938964844,71.88999938964844,72.4000015258789,57.703792572021484,37507100
2022-11-04,HYG,72.87000274658203,73.20999908447266,72.4000015258789,72.9000015258789,58.102294921875,39849100
2022-11-07,HYG,73.05000305175781,73.11000061035156,72.68000030517578,72.88999938964844,58.09433364868164,24913000
2022-11-08,HYG,72.94999694824219,73.06999969482422,72.58999633789062,72.81999969482422,58.03853988647461,39489200
2022-11-09,HYG,72.5999984741211,72.73999786376953,71.81999969482422,71.94999694824219,57.34511947631836,45728900
2022-11-10,HYG,73.9800033569336,74.2699966430664,73.45999908447266,74.19000244140625,59.130435943603516,67165700
2022-11-11,HYG,74.22000122070312,74.69000244140625,73.93000030517578,74.44999694824219,59.337669372558594,20934800
2022-11-14,HYG,74.25,74.29000091552734,73.87000274658203,73.9000015258789,58.89932632446289,37932800
2022-11-15,HYG,74.63999938964844,74.69999694824219,74.06999969482422,74.55000305175781,59.41736602783203,50673700
2022-11-16,HYG,74.48999786376953,74.56999969482422,74.30999755859375,74.38999938964844,59.28985595703125,31124900
2022-11-17,HYG,73.80999755859375,74.16999816894531,73.7300033569336,74.06999969482422,59.0347900390625,34338000
2022-11-18,HYG,74.45999908447266,74.45999908447266,74.0199966430664,74.2300033569336,59.162330627441406,31663800
2022-11-21,HYG,74.1500015258789,74.3499984741211,74.0199966430664,74.19999694824219,59.13842010498047,19070500
2022-11-22,HYG,74.33999633789062,74.79000091552734,74.26000213623047,74.73999786376953,59.568782806396484,24572500
2022-11-23,HYG,74.68000030517578,75.30000305175781,74.66000366210938,75.16000366210938,59.90353775024414,30316300
2022-11-25,HYG,75.1500015258789,75.18000030517578,74.9000015258789,75.01000213623047,59.78400802612305,9465900
2022-11-28,HYG,74.80000305175781,74.93000030517578,74.19000244140625,74.22000122070312,59.154354095458984,31668900
2022-11-29,HYG,74.22000122070312,74.5999984741211,74.08000183105469,74.54000091552734,59.40938949584961,27162300
2022-11-30,HYG,74.5999984741211,75.69000244140625,74.38999938964844,75.66000366210938,60.30206298828125,41702100
2022-12-01,HYG,75.56999969482422,75.66000366210938,75.18000030517578,75.62000274658203,60.52537155151367,42134200
2022-12-02,HYG,74.98999786376953,75.58999633789062,74.98999786376953,75.55999755859375,60.47734451293945,27535800
2022-12-05,HYG,75.27999877929688,75.30000305175781,74.69000244140625,74.83999633789062,59.90107345581055,29736500
2022-12-06,HYG,74.87000274658203,75.0,74.43000030517578,74.56999969482422,59.684959411621094,24976800
2022-12-07,HYG,74.55000305175781,75.06999969482422,74.55000305175781,74.9800033569336,60.013126373291016,24614200
2022-12-08,HYG,75.06999969482422,75.13999938964844,74.80000305175781,75.04000091552734,60.06116485595703,23839500
2022-12-09,HYG,74.81999969482422,75.31999969482422,74.81999969482422,75.04000091552734,60.06116485595703,20687300
2022-12-12,HYG,75.22000122070312,75.4000015258789,75.0999984741211,75.33000183105469,60.29325866699219,22415700
2022-12-13,HYG,76.61000061035156,76.69999694824219,75.69000244140625,76.11000061035156,60.91757583618164,45923300
2022-12-14,HYG,76.01000213623047,76.20999908447266,75.22000122070312,75.68000030517578,60.573394775390625,57177300
2022-12-15,HYG,74.91000366210938,75.11000061035156,74.62999725341797,75.0,60.34490203857422,41666500
2022-12-16,HYG,74.56999969482422,74.80999755859375,74.41000366210938,74.5999984741211,60.023033142089844,38197100
2022-12-19,HYG,74.30999755859375,74.45999908447266,74.05999755859375,74.22000122070312,59.71731185913086,24135100
2022-12-20,HYG,73.8499984741211,74.19000244140625,73.69000244140625,74.02999877929688,59.56442642211914,32917800
2022-12-21,HYG,74.4000015258789,74.80000305175781,74.33999633789062,74.66000366210938,60.071327209472656,23211500
2022-12-22,HYG,74.37000274658203,74.48999786376953,73.91999816894531,74.19999694824219,59.70120620727539,26893700
2022-12-23,HYG,74.08000183105469,74.44999694824219,73.94999694824219,74.38999938964844,59.854087829589844,13196500
2022-12-27,HYG,74.31999969482422,74.37000274658203,73.58000183105469,73.62000274658203,59.23453140258789,22108000
2022-12-28,HYG,73.73999786376953,73.83000183105469,72.58999633789062,72.62999725341797,58.437992095947266,41064800
2022-12-29,HYG,72.91999816894531,73.62000274658203,72.75,73.56999969482422,59.19430160522461,33378900
2022-12-30,HYG,73.31999969482422,73.66999816894531,73.27999877929688,73.62999725341797,59.242584228515625,15170300
2023-01-03,HYG,74.11000061035156,74.19000244140625,73.66000366210938,73.7699966430664,59.355247497558594,28787700
2023-01-04,HYG,74.26000213623047,74.66000366210938,73.98999786376953,74.62000274658203,60.03912353515625,37120100
2023-01-05,HYG,74.36000061035156,74.54000091552734,74.18000030517578,74.47000122070312,59.91845703125,35142000
2023-01-06,HYG,74.87000274658203,75.77999877929688,74.69999694824219,75.52999877929688,60.77130889892578,60041200
2023-01-09,HYG,75.75,75.95999908447266,75.63999938964844,75.80000305175781,60.98857498168945,35806900
2023-01-10,HYG,75.76000213623047,75.87000274658203,75.52999877929688,75.70999908447266,60.916160583496094,35695500
2023-01-11,HYG,76.0,76.25,75.8499984741211,76.20999908447266,61.318458557128906,31826700
2023-01-12,HYG,76.4000015258789,76.69999694824219,76.05000305175781,76.63999938964844,61.66443634033203,29404900
2023-01-13,HYG,76.26000213623047,76.7699966430664,76.22000122070312,76.63999938964844,61.66443634033203,26301500
2023-01-17,HYG,76.5199966430664,76.55000305175781,76.29000091552734,76.37999725341797,61.455223083496094,30961200
2023-01-18,HYG,76.8499984741211,77.08000183105469,76.44999694824219,76.47000122070312,61.527645111083984,52989700
2023-01-19,HYG,76.20999908447266,76.33000183105469,75.94999694824219,76.0199966430664,61.16557312011719,50070900
2023-01-20,HYG,76.0,76.16999816894531,75.7300033569336,76.16999816894531,61.28623962402344,36625400
2023-01-23,HYG,76.0999984741211,76.37000274658203,75.97000122070312,76.16000366210938,61.27821731567383,26764800
2023-01-24,HYG,76.01000213623047,76.25,75.87999725341797,76.20999908447266,61.318458557128906,27774500
2023-01-25,HYG,75.95999908447266,76.27999877929688,75.87999725341797,76.19999694824219,61.31040573120117,25857700
2023-01-26,HYG,76.36000061035156,76.47000122070312,76.08999633789062,76.38999938964844,61.463287353515625,25512400
2023-01-27,HYG,76.2699966430664,76.37000274658203,76.05000305175781,76.16000366210938,61.27821731567383,35813400
2023-01-30,HYG,75.87999725341797,76.02999877929688,75.72000122070312,75.73999786376953,60.940303802490234,32002000
2023-01-31,HYG,75.94000244140625,76.36000061035156,75.91999816894531,76.33000183105469,61.41499328613281,41006600
2023-02-01,HYG,75.9800033569336,76.9800033569336,75.77999877929688,76.76000213623047,62.0601806640625,46900900
2023-02-02,HYG,77.31999969482422,77.33999633789062,77.06999969482422,77.19999694824219,62.41591262817383,56399900
2023-02-03,HYG,76.5999984741211,76.86000061035156,76.33000183105469,76.38999938964844,61.76104736328125,39682300
2023-02-06,HYG,76.05999755859375,76.0999984741211,75.79000091552734,75.9000015258789,61.3648567199707,40944200
2023-02-07,HYG,75.83000183105469,76.36000061035156,75.77999877929688,76.16999816894531,61.583152770996094,37101300
2023-02-08,HYG,76.05999755859375,76.16000366210938,75.69000244140625,75.8499984741211,61.324462890625,34066600
2023-02-09,HYG,76.11000061035156,76.11000061035156,75.29000091552734,75.36000061035156,60.928260803222656,42581900
2023-02-10,HYG,75.02999877929688,75.25,74.69000244140625,74.77999877929688,60.4593620300293,65905000
2023-02-13,HYG,74.83000183105469,75.22000122070312,74.75,74.97000122070312,60.61296844482422,38741300
2023-02-14,HYG,74.83000183105469,75.19000244140625,74.51000213623047,74.98999786376953,60.62913131713867,54193600
2023-02-15,HYG,74.72000122070312,74.87999725341797,74.58000183105469,74.87000274658203,60.53212356567383,44897600
2023-02-16,HYG,74.54000091552734,74.58999633789062,74.2300033569336,74.2699966430664,60.047035217285156,89945400
2023-02-17,HYG,74.1500015258789,74.68000030517578,73.87000274658203,74.55999755859375,60.281497955322266,75910300
2023-02-21,HYG,73.8499984741211,74.02999877929688,73.11000061035156,73.41000366210938,59.351722717285156,98782400
2023-02-22,HYG,73.5999984741211,74.19000244140625,73.5999984741211,73.88999938964844,59.73982238769531,70093300
2023-02-23,HYG,74.2300033569336,74.7300033569336,74.12999725341797,74.62000274658203,60.33000183105469,47908100
2023-02-24,HYG,74.0,74.31999969482422,73.91999816894531,74.16999816894531,59.96617889404297,47576500
2023-02-27,HYG,74.5199966430664,74.7699966430664,74.37999725341797,74.66999816894531,60.37042999267578,40292000
2023-02-28,HYG,74.63999938964844,74.63999938964844,74.41999816894531,74.52999877929688,60.25721740722656,32999000
2023-03-01,HYG,74.08000183105469,74.0999984741211,73.69000244140625,73.87000274658203,60.08643341064453,45341400
2023-03-02,HYG,73.4800033569336,74.05000305175781,73.4800033569336,73.95999908447266,60.159637451171875,37886100
2023-03-03,HYG,74.29000091552734,74.80999755859375,74.16999816894531,74.72000122070312,60.77781677246094,50123300
2023-03-06,HYG,74.88999938964844,74.98999786376953,74.66000366210938,74.72000122070312,60.77781677246094,33430800
2023-03-07,HYG,74.7300033569336,74.7699966430664,74.18000030517578,74.19000244140625,60.346710205078125,40222100
2023-03-08,HYG,74.23999786376953,74.36000061035156,73.69000244140625,73.83999633789062,60.062007904052734,54303900
2023-03-09,HYG,73.91000366210938,74.22000122070312,73.3499984741211,73.43000030517578,59.72853088378906,52669500
2023-03-10,HYG,73.4800033569336,73.94999694824219,73.16999816894531,73.44000244140625,59.736671447753906,81516000
2023-03-13,HYG,73.19000244140625,73.9800033569336,72.83000183105469,73.04000091552734,59.41130065917969,78478100
2023-03-14,HYG,73.69000244140625,73.91000366210938,73.2699966430664,73.56999969482422,59.8423957824707,66395600
2023-03-15,HYG,72.80999755859375,73.4000015258789,72.61000061035156,73.33000183105469,59.64717483520508,81454700
2023-03-16,HYG,73.12999725341797,73.94999694824219,73.0199966430664,73.80999755859375,60.03761672973633,63386700
2023-03-17,HYG,73.44000244140625,73.77999877929688,73.23999786376953,73.37000274658203,59.67972183227539,55132200
2023-03-20,HYG,73.2300033569336,73.55999755859375,73.06999969482422,73.16999816894531,59.51701736450195,38540800
2023-03-21,HYG,73.6500015258789,74.08000183105469,73.5,73.97000122070312,60.167762756347656,38203400
2023-03-22,HYG,73.9800033569336,74.79000091552734,73.70999908447266,74.04000091552734,60.224693298339844,55263500
2023-03-23,HYG,74.02999877929688,74.37000274658203,73.5199966430664,73.75,59.98880386352539,54660900
2023-03-24,HYG,73.44999694824219,73.69000244140625,73.38999938964844,73.5999984741211,59.8668098449707,44225600
2023-03-27,HYG,73.75,73.86000061035156,73.41999816894531,73.41999816894531,59.720394134521484,30905100
2023-03-28,HYG,73.27999877929688,73.47000122070312,73.13999938964844,73.37999725341797,59.68785858154297,38277200
2023-03-29,HYG,73.6500015258789,74.30999755859375,73.6500015258789,74.30000305175781,60.436180114746094,44457300
2023-03-30,HYG,74.47000122070312,74.75,74.2699966430664,74.73999786376953,60.79407501220703,37130200
2023-03-31,HYG,74.97000122070312,75.6500015258789,74.94999694824219,75.55000305175781,61.45295715332031,54218900
2023-04-03,HYG,75.13999938964844,75.30000305175781,74.97000122070312,75.1500015258789,61.40556716918945,43302900
2023-04-04,HYG,75.1500015258789,75.26000213623047,74.8499984741211,74.93000030517578,61.22578430175781,46144300
2023-04-05,HYG,74.87999725341797,74.94999694824219,74.41999816894531,74.51000213623047,60.88261795043945,37633900
2023-04-06,HYG,74.38999938964844,74.95999908447266,74.29000091552734,74.83999633789062,61.15224075317383,35719600
2023-04-10,HYG,74.58000183105469,74.80999755859375,74.41000366210938,74.7699966430664,61.095035552978516,29083900
2023-04-11,HYG,74.7699966430664,75.0999984741211,74.70999908447266,74.93000030517578,61.22578430175781,28875100
2023-04-12,HYG,75.30999755859375,75.37999725341797,74.8499984741211,74.91000366210938,61.2094612121582,41457600
2023-04-13,HYG,75.04000091552734,75.62000274658203,75.04000091552734,75.41999816894531,61.626163482666016,95864000
2023-04-14,HYG,75.4000015258789,75.55000305175781,75.08000183105469,75.27999877929688,61.511775970458984,43767600
2023-04-17,HYG,75.06999969482422,75.16000366210938,74.80999755859375,75.08000183105469,61.348350524902344,26391100
2023-04-18,HYG,75.26000213623047,75.36000061035156,74.9800033569336,75.12999725341797,61.389198303222656,28030700
2023-04-19,HYG,74.83000183105469,74.98999786376953,74.77999877929688,74.83000183105469,61.144073486328125,26979400
2023-04-20,HYG,74.6500015258789,74.87999725341797,74.55000305175781,74.76000213623047,61.08686447143555,30203900
2023-04-21,HYG,74.87999725341797,75.02999877929688,74.69000244140625,74.98999786376953,61.274818420410156,33061800
2023-04-24,HYG,75.02999877929688,75.26000213623047,74.94999694824219,75.19999694824219,61.44640350341797,24661600
2023-04-25,HYG,75.16000366210938,75.30000305175781,75.01000213623047,75.08000183105469,61.348350524902344,34575300
2023-04-26,HYG,75.05999755859375,75.11000061035156,74.68000030517578,74.79000091552734,61.111392974853516,33762700
2023-04-27,HYG,74.93000030517578,75.25,74.80000305175781,75.04000091552734,61.315677642822266,39687600
2023-04-28,HYG,75.05999755859375,75.4800033569336,75.05999755859375,75.36000061035156,61.5771369934082,33821100
2023-05-01,HYG,74.93000030517578,75.0,74.52999877929688,74.69000244140625,61.294822692871094,37748300
2023-05-02,HYG,74.69000244140625,74.73999786376953,74.37000274658203,74.62000274658203,61.23739242553711,39045300
2023-05-03,HYG,74.69999694824219,75.04000091552734,74.55999755859375,74.58000183105469,61.20454406738281,33178300
2023-05-04,HYG,74.37999725341797,74.41000366210938,74.08999633789062,74.36000061035156,61.024009704589844,45207600
2023-05-05,HYG,74.58000183105469,74.86000061035156,74.4800033569336,74.76000213623047,61.3522834777832,31591500
2023-05-08,HYG,74.69999694824219,74.69999694824219,74.37999725341797,74.55000305175781,61.179954528808594,18367400
2023-05-09,HYG,74.3499984741211,74.4800033569336,74.2699966430664,74.36000061035156,61.024009704589844,21732900
2023-05-10,HYG,74.7699966430664,74.91999816894531,74.52999877929688,74.80999755859375,61.39330291748047,35392700
2023-05-11,HYG,74.73999786376953,74.7699966430664,74.61000061035156,74.69000244140625,61.294822692871094,25265500
2023-05-12,HYG,74.68000030517578,74.79000091552734,74.27999877929688,74.41999816894531,61.073272705078125,27553200
2023-05-15,HYG,74.43000030517578,74.48999786376953,74.30000305175781,74.4000015258789,61.056819915771484,19764500
2023-05-16,HYG,74.26000213623047,74.27999877929688,73.80999755859375,73.87999725341797,60.630088806152344,40998700
2023-05-17,HYG,73.95999908447266,74.33999633789062,73.93000030517578,74.08000183105469,60.794246673583984,38534100
2023-05-18,HYG,73.86000061035156,74.19000244140625,73.80999755859375,74.12000274658203,60.82706069946289,29129200
2023-05-19,HYG,74.19000244140625,74.36000061035156,74.06999969482422,74.19999694824219,60.892723083496094,36044900
2023-05-22,HYG,74.22000122070312,74.66999816894531,74.22000122070312,74.52999877929688,61.16353225708008,34897700
2023-05-23,HYG,74.38999938964844,74.4800033569336,74.06999969482422,74.13999938964844,60.84346008300781,32415500
2023-05-24,HYG,73.93000030517578,74.0199966430664,73.47000122070312,73.62000274658203,60.41675567626953,38083200
2023-05-25,HYG,73.88999938964844,73.91000366210938,73.55000305175781,73.56999969482422,60.37569808959961,21457900
2023-05-26,HYG,73.6500015258789,74.11000061035156,73.62000274658203,74.0199966430664,60.744998931884766,23547600
2023-05-30,HYG,74.3499984741211,74.3499984741211,74.08999633789062,74.33999633789062,61.00762176513672,27482600
2023-05-31,HYG,74.13999938964844,74.25,73.94999694824219,74.11000061035156,60.818870544433594,43393600
2023-06-01,HYG,73.80000305175781,74.30999755859375,73.77999877929688,74.19999694824219,61.18415069580078,42425700
2023-06-02,HYG,74.45999908447266,74.7699966430664,74.30000305175781,74.58000183105469,61.497467041015625,49950900
2023-06-05,HYG,74.5199966430664,74.55000305175781,74.33999633789062,74.5199966430664,61.44803237915039,24080200
2023-06-06,HYG,74.44999694824219,74.66000366210938,74.31999969482422,74.63999938964844,61.54697036743164,23006600
2023-06-07,HYG,74.69999694824219,74.79000091552734,74.13999938964844,74.2300033569336,61.208885192871094,32340900
2023-06-08,HYG,74.2300033569336,74.73999786376953,74.2300033569336,74.69999694824219,61.5964469909668,33987800
2023-06-09,HYG,74.76000213623047,74.86000061035156,74.69000244140625,74.72000122070312,61.612918853759766,27016700
2023-06-12,HYG,74.79000091552734,74.80000305175781,74.4800033569336,74.63999938964844,61.54697036743164,30629500
2023-06-13,HYG,74.83000183105469,74.94000244140625,74.62000274658203,74.7300033569336,61.62117385864258,39425900
2023-06-14,HYG,74.80000305175781,74.98999786376953,74.41000366210938,74.76000213623047,61.64591979980469,32864600
2023-06-15,HYG,74.86000061035156,75.1500015258789,74.81999969482422,75.12000274658203,61.94277572631836,42412300
2023-06-16,HYG,75.08999633789062,75.11000061035156,74.9000015258789,74.93000030517578,61.786102294921875,47560800
2023-06-20,HYG,74.80999755859375,74.93000030517578,74.7300033569336,74.7300033569336,61.62117385864258,31930500
2023-06-21,HYG,74.58000183105469,74.69999694824219,74.38999938964844,74.54000091552734,61.464500427246094,39751900
2023-06-22,HYG,74.37000274658203,74.4800033569336,74.30000305175781,74.31999969482422,61.28310012817383,31504700
2023-06-23,HYG,74.20999908447266,74.26000213623047,74.0,74.19000244140625,61.1759147644043,33811100
2023-06-26,HYG,74.19999694824219,74.33000183105469,74.08999633789062,74.2300033569336,61.208885192871094,36111900
2023-06-27,HYG,74.30999755859375,74.55000305175781,74.29000091552734,74.4800033569336,61.415035247802734,31707600
2023-06-28,HYG,74.47000122070312,74.91000366210938,74.41999816894531,74.91000366210938,61.76960754394531,35679600
2023-06-29,HYG,74.63999938964844,74.72000122070312,74.43000030517578,74.70999908447266,61.60469055175781,41712000
2023-06-30,HYG,74.95999908447266,75.23999786376953,74.88999938964844,75.06999969482422,61.90153884887695,35842000
2023-07-03,HYG,74.68000030517578,74.69000244140625,74.5199966430664,74.55000305175781,61.80455017089844,13046500
2023-07-05,HYG,74.5199966430664,74.54000091552734,74.19999694824219,74.31999969482422,61.61388397216797,37947100
2023-07-06,HYG,73.77999877929688,73.86000061035156,73.58000183105469,73.77999877929688,61.16618347167969,52251100
2023-07-07,HYG,73.76000213623047,74.33000183105469,73.7300033569336,73.8499984741211,61.224205017089844,42269100
2023-07-10,HYG,73.91999816894531,74.30000305175781,73.91000366210938,74.22000122070312,61.53097152709961,45752200
2023-07-11,HYG,74.41000366210938,74.62000274658203,74.29000091552734,74.62000274658203,61.86256790161133,32000700
2023-07-12,HYG,75.08999633789062,75.30999755859375,75.0199966430664,75.19999694824219,62.343441009521484,42820700
2023-07-13,HYG,75.5,75.7300033569336,75.41000366210938,75.6500015258789,62.71645736694336,33954200
2023-07-14,HYG,75.56999969482422,75.62999725341797,75.05000305175781,75.0999984741211,62.260501861572266,36081800
2023-07-17,HYG,75.05999755859375,75.36000061035156,75.0,75.23999786376953,62.3765869140625,28836600
2023-07-18,HYG,75.30000305175781,75.55000305175781,75.2699966430664,75.44999694824219,62.5506706237793,25990800
2023-07-19,HYG,75.58999633789062,75.6500015258789,75.45999908447266,75.51000213623047,62.60041046142578,26794800
2023-07-20,HYG,75.20999908447266,75.30000305175781,74.9800033569336,75.18000030517578,62.32683181762695,27028500
2023-07-21,HYG,75.19999694824219,75.48999786376953,75.19999694824219,75.37000274658203,62.48434829711914,37447800
2023-07-24,HYG,75.43000030517578,75.54000091552734,75.22000122070312,75.23999786376953,62.3765869140625,20925500
2023-07-25,HYG,75.16000366210938,75.2699966430664,75.05999755859375,75.19000244140625,62.335121154785156,30067600
2023-07-26,HYG,75.16000366210938,75.55999755859375,75.12000274658203,75.48999786376953,62.58385467529297,33068400
2023-07-27,HYG,75.62999725341797,75.69000244140625,74.7300033569336,74.88999938964844,62.08641815185547,48675800
2023-07-28,HYG,75.20999908447266,75.37999725341797,75.1500015258789,75.31999969482422,62.44287872314453,27588400
2023-07-31,HYG,75.41999816894531,75.5999984741211,75.37999725341797,75.5,62.59212875366211,30744800
2023-08-01,HYG,74.95999908447266,74.95999908447266,74.68000030517578,74.7699966430664,62.282257080078125,34529700
2023-08-02,HYG,74.44999694824219,74.5199966430664,74.26000213623047,74.44999694824219,62.01569366455078,37500500
2023-08-03,HYG,74.20999908447266,74.36000061035156,74.08999633789062,74.20999908447266,61.815773010253906,30348000
2023-08-04,HYG,74.6500015258789,74.94000244140625,74.56999969482422,74.6500015258789,62.182281494140625,37411900
2023-08-07,HYG,74.79000091552734,74.83000183105469,74.5999984741211,74.79000091552734,62.298927307128906,19412600
2023-08-08,HYG,74.73999786376953,75.0,74.66000366210938,74.94999694824219,62.43219757080078,32545600
2023-08-09,HYG,74.95999908447266,75.05000305175781,74.80000305175781,74.95999908447266,62.440528869628906,27569200
2023-08-10,HYG,75.01000213623047,75.3499984741211,74.73999786376953,74.94000244140625,62.42385482788086,43697200
2023-08-11,HYG,74.68000030517578,74.86000061035156,74.58000183105469,74.83000183105469,62.332244873046875,23329000
2023-08-14,HYG,74.69999694824219,74.93000030517578,74.56999969482422,74.81999969482422,62.32390213012695,28545100
2023-08-15,HYG,74.62000274658203,74.79000091552734,74.55000305175781,74.58000183105469,62.12397766113281,32968600
2023-08-16,HYG,74.55000305175781,74.75,74.3499984741211,74.3499984741211,61.932411193847656,31759400
2023-08-17,HYG,74.38999938964844,74.41999816894531,73.86000061035156,74.04000091552734,61.674171447753906,38546600
2023-08-18,HYG,73.88999938964844,74.31999969482422,73.86000061035156,74.08999633789062,61.71580505371094,44130500
2023-08-21,HYG,74.08000183105469,74.13999938964844,73.83999633789062,74.06999969482422,61.69914245605469,30768700
2023-08-22,HYG,74.2300033569336,74.26000213623047,74.05000305175781,74.11000061035156,61.73250198364258,18135400
2023-08-23,HYG,74.4000015258789,74.81999969482422,74.4000015258789,74.70999908447266,62.23228454589844,33378000
2023-08-24,HYG,74.72000122070312,74.72000122070312,74.22000122070312,74.30000305175781,61.8907585144043,34336100
2023-08-25,HYG,74.31999969482422,74.69999694824219,74.26000213623047,74.61000061035156,62.148963928222656,31149300
2023-08-28,HYG,74.9000015258789,74.93000030517578,74.69000244140625,74.88999938964844,62.38221740722656,21461600
2023-08-29,HYG,74.80999755859375,75.36000061035156,74.77999877929688,75.36000061035156,62.77370834350586,42178200
2023-08-30,HYG,75.36000061035156,75.4800033569336,75.26000213623047,75.33000183105469,62.748741149902344,29458200
2023-08-31,HYG,75.2699966430664,75.37999725341797,75.16000366210938,75.27999877929688,62.70709991455078,30824500
2023-09-01,HYG,75.19000244140625,75.23999786376953,74.8499984741211,75.06999969482422,62.82508850097656,33213100
2023-09-05,HYG,74.95999908447266,74.95999908447266,74.5199966430664,74.58000183105469,62.41499710083008,29500600
2023-09-06,HYG,74.51000213623047,74.55000305175781,74.25,74.4000015258789,62.26435470581055,30797500
2023-09-07,HYG,74.27999877929688,74.69000244140625,74.27999877929688,74.6500015258789,62.47357177734375,28757400
2023-09-08,HYG,74.80000305175781,74.87999725341797,74.55999755859375,74.62000274658203,62.44846725463867,26389100
2023-09-11,HYG,74.72000122070312,74.75,74.56999969482422,74.75,62.55729293823242,29159400
2023-09-12,HYG,74.55999755859375,74.76000213623047,74.55999755859375,74.62999725341797,62.45685958862305,21668500
2023-09-13,HYG,74.5999984741211,74.91000366210938,74.5999984741211,74.83000183105469,62.62421417236328,27498900
2023-09-14,HYG,74.91000366210938,75.0,74.83000183105469,74.91999816894531,62.69953918457031,29575900
2023-09-15,HYG,74.69999694824219,74.8499984741211,74.63999938964844,74.63999938964844,62.46524429321289,41636900
2023-09-18,HYG,74.55000305175781,74.7699966430664,74.55000305175781,74.69000244140625,62.507057189941406,19549700
2023-09-19,HYG,74.52999877929688,74.63999938964844,74.41000366210938,74.45999908447266,62.31458282470703,33937200
2023-09-20,HYG,74.62999725341797,74.76000213623047,74.38999938964844,74.4000015258789,62.26435470581055,26715100
2023-09-21,HYG,74.0999984741211,74.16000366210938,73.87000274658203,73.87000274658203,61.820804595947266,43327300
2023-09-22,HYG,74.0199966430664,74.2699966430664,73.98999786376953,74.0,61.92962646484375,36657300
2023-09-25,HYG,73.80999755859375,74.02999877929688,73.7300033569336,73.9000015258789,61.8459358215332,30197500
2023-09-26,HYG,73.83999633789062,73.88999938964844,73.52999877929688,73.58000183105469,61.5781135559082,39193000
2023-09-27,HYG,73.79000091552734,73.8499984741211,73.3499984741211,73.4800033569336,61.494422912597656,45532200
2023-09-28,HYG,73.3499984741211,73.86000061035156,73.30999755859375,73.83000183105469,61.787349700927734,45776600
2023-09-29,HYG,74.13999938964844,74.20999908447266,73.70999908447266,73.72000122070312,61.69530487060547,51698300
2023-10-02,HYG,73.0999984741211,73.23999786376953,72.80000305175781,72.88999938964844,61.320919036865234,69255900
2023-10-03,HYG,72.5999984741211,72.80000305175781,72.12000274658203,72.1500015258789,60.6983642578125,77754200
2023-10-04,HYG,72.31999969482422,72.62999725341797,72.12000274658203,72.5199966430664,61.0096321105957,138971500
2023-10-05,HYG,72.47000122070312,72.68000030517578,72.4000015258789,72.58999633789062,61.06850051879883,56138500
2023-10-06,HYG,72.30000305175781,72.81999969482422,72.0999984741211,72.69000244140625,61.15267562866211,52741500
2023-10-09,HYG,72.69999694824219,73.23999786376953,72.69999694824219,73.2300033569336,61.6069450378418,27277200
2023-10-10,HYG,73.04000091552734,73.44000244140625,72.94999694824219,73.20999908447266,61.59012222290039,50761600
2023-10-11,HYG,73.3499984741211,73.44000244140625,72.87999725341797,73.19999694824219,61.58171463012695,53330500
2023-10-12,HYG,73.16999816894531,73.16999816894531,72.58999633789062,72.80999755859375,61.253623962402344,60368000
2023-10-13,HYG,73.01000213623047,73.23999786376953,72.68000030517578,72.75,61.203121185302734,54191200
2023-10-16,HYG,72.72000122070312,72.91000366210938,72.66999816894531,72.7300033569336,61.186309814453125,39352900
2023-10-17,HYG,72.41999816894531,72.61000061035156,72.29000091552734,72.38999938964844,60.90024948120117,50948700
2023-10-18,HYG,72.30999755859375,72.45999908447266,71.98999786376953,72.04000091552734,60.60582733154297,58306500
2023-10-19,HYG,72.04000091552734,72.4000015258789,71.77999877929688,71.77999877929688,60.38711166381836,70971900
2023-10-20,HYG,71.86000061035156,72.08999633789062,71.81999969482422,71.93000030517578,60.51329040527344,64845500
2023-10-23,HYG,71.7699966430664,72.41999816894531,71.68000030517578,72.22000122070312,60.75726318359375,47508700
2023-10-24,HYG,72.41000366210938,72.62000274658203,72.33000183105469,72.58999633789062,61.06850051879883,46427900
2023-10-25,HYG,72.41000366210938,72.47000122070312,72.12000274658203,72.19999694824219,60.74041748046875,42518300
2023-10-26,HYG,72.20999908447266,72.58000183105469,72.0999984741211,72.44999694824219,60.95073699951172,45233400
2023-10-27,HYG,72.5199966430664,72.61000061035156,72.2300033569336,72.36000061035156,60.87502670288086,35621800
2023-10-30,HYG,72.3499984741211,72.5,72.2699966430664,72.37999725341797,60.8918571472168,29094000
2023-10-31,HYG,72.41000366210938,72.80000305175781,72.37999725341797,72.56999969482422,61.05169677734375,42185900
2023-11-01,HYG,72.27999877929688,72.87000274658203,72.27999877929688,72.87000274658203,61.63361740112305,59313100
2023-11-02,HYG,73.33000183105469,73.79000091552734,73.31999969482422,73.69000244140625,62.32716751098633,68930600
2023-11-03,HYG,74.1500015258789,74.45999908447266,74.0,74.41000366210938,62.936153411865234,88763600
2023-11-06,HYG,74.23999786376953,74.38999938964844,74.04000091552734,74.11000061035156,62.68241500854492,93899100
2023-11-07,HYG,74.05999755859375,74.20999908447266,73.9000015258789,74.12000274658203,62.69086837768555,50458200
2023-11-08,HYG,74.0999984741211,74.2300033569336,74.05999755859375,74.16000366210938,62.72468566894531,41143500
2023-11-09,HYG,74.05000305175781,74.19000244140625,73.68000030517578,73.69999694824219,62.33561706542969,62856100
2023-11-10,HYG,73.91000366210938,74.0999984741211,73.87000274658203,74.05999755859375,62.64012145996094,35563300
2023-11-13,HYG,73.79000091552734,74.05999755859375,73.79000091552734,73.98999786376953,62.58091354370117,37530100
2023-11-14,HYG,74.62000274658203,74.93000030517578,74.62000274658203,74.73999786376953,63.21525192260742,68210800
2023-11-15,HYG,74.61000061035156,74.70999908447266,74.43000030517578,74.5,63.01226043701172,44022800
2023-11-16,HYG,74.52999877929688,74.66999816894531,74.44999694824219,74.5999984741211,63.09684753417969,52928200
2023-11-17,HYG,74.61000061035156,74.7699966430664,74.4800033569336,74.7699966430664,63.24063491821289,44272100
2023-11-20,HYG,74.6500015258789,74.94999694824219,74.6500015258789,74.8499984741211,63.308311462402344,30846200
2023-11-21,HYG,74.80000305175781,74.97000122070312,74.80000305175781,74.94999694824219,63.39288330078125,29493900
2023-11-22,HYG,75.05000305175781,75.16000366210938,74.87999725341797,75.08000183105469,63.50282287597656,40866800
2023-11-24,HYG,75.0199966430664,75.02999877929688,74.94999694824219,75.0,63.435176849365234,8536200
2023-11-27,HYG,75.0,75.19999694824219,74.93000030517578,75.11000061035156,63.52822494506836,31007400
2023-11-28,HYG,75.0999984741211,75.47000122070312,75.05000305175781,75.44000244140625,63.80732727050781,44031100
2023-11-29,HYG,75.73999786376953,76.04000091552734,75.70999908447266,75.8499984741211,64.15409088134766,48815500
2023-11-30,HYG,75.81999969482422,75.86000061035156,75.4800033569336,75.70999908447266,64.03570556640625,55047100
2023-12-01,HYG,75.29000091552734,76.01000213623047,75.19999694824219,75.98999786376953,64.56587982177734,60321100
2023-12-04,HYG,75.55000305175781,75.8499984741211,75.55000305175781,75.80000305175781,64.40444946289062,33105700
2023-12-05,HYG,75.66999816894531,75.95999908447266,75.66999816894531,75.87000274658203,64.46394348144531,32466500
2023-12-06,HYG,75.95999908447266,76.02999877929688,75.83000183105469,75.87999725341797,64.47242736816406,21297200
2023-12-07,HYG,75.98999786376953,76.13999938964844,75.91999816894531,76.01000213623047,64.58287048339844,27779300
2023-12-08,HYG,75.80999755859375,75.91000366210938,75.66999816894531,75.86000061035156,64.45542907714844,30123200
2023-12-11,HYG,75.80000305175781,75.81999969482422,75.56999969482422,75.80999755859375,64.4129409790039,30141700
2023-12-12,HYG,75.7699966430664,76.01000213623047,75.5999984741211,75.9800033569336,64.5573959350586,29203400
2023-12-13,HYG,76.0999984741211,77.1500015258789,76.05999755859375,77.13999938964844,65.5429916381836,64201300
2023-12-14,HYG,77.12999725341797,77.37999725341797,76.94999694824219,77.0999984741211,65.83242797851562,67220400
2023-12-15,HYG,77.02999877929688,77.3499984741211,76.75,76.93000030517578,65.68730926513672,36336400
2023-12-18,HYG,77.08000183105469,77.08000183105469,76.7300033569336,76.9800033569336,65.72998046875,34793600
2023-12-19,HYG,77.06999969482422,77.29000091552734,77.04000091552734,77.19999694824219,65.9178237915039,25269400
2023-12-20,HYG,77.29000091552734,77.54000091552734,77.16999816894531,77.20999908447266,65.92638397216797,38376400
2023-12-21,HYG,77.51000213623047,77.62999725341797,77.31999969482422,77.55999755859375,66.22521209716797,22861400
2023-12-22,HYG,77.69000244140625,77.75,77.41999816894531,77.47000122070312,66.14838409423828,18048400
2023-12-26,HYG,77.5,77.62999725341797,77.4800033569336,77.62000274658203,66.27645111083984,12374700
2023-12-27,HYG,77.66999816894531,78.08000183105469,77.61000061035156,77.94000244140625,66.5496826171875,22835300
2023-12-28,HYG,77.9000015258789,77.91000366210938,77.54000091552734,77.69000244140625,66.33621978759766,22648100
2023-12-29,HYG,77.66999816894531,77.86000061035156,77.38999938964844,77.38999938964844,66.08006286621094,36993900
2024-01-02,HYG,77.12999725341797,77.23999786376953,77.04000091552734,77.12999725341797,65.8580551147461,41547100
2024-01-03,HYG,76.72000122070312,77.08000183105469,76.55000305175781,76.91999816894531,65.67877197265625,39495500
2024-01-04,HYG,76.80999755859375,76.9000015258789,76.5999984741211,76.62000274658203,65.422607421875,32856100
2024-01-05,HYG,76.5999984741211,77.0,76.55000305175781,76.68000030517578,65.47383117675781,31158500
2024-01-08,HYG,76.69999694824219,77.16999816894531,76.69999694824219,77.11000061035156,65.84098815917969,33479100
2024-01-09,HYG,77.01000213623047,77.31999969482422,76.95999908447266,77.2300033569336,65.94345092773438,25593500
2024-01-10,HYG,77.41000366210938,77.48999786376953,77.27999877929688,77.37000274658203,66.06301879882812,35702800
2024-01-11,HYG,77.3499984741211,77.62999725341797,77.16999816894531,77.62000274658203,66.27645111083984,35947100
2024-01-12,HYG,77.68000030517578,77.91999816894531,77.62999725341797,77.69999694824219,66.3447494506836,31155500
2024-01-16,HYG,77.55000305175781,77.55000305175781,77.12999725341797,77.20999908447266,65.92638397216797,43669900
2024-01-17,HYG,77.08000183105469,77.08000183105469,76.7300033569336,76.87999725341797,65.64459228515625,54160800
2024-01-18,HYG,76.98999786376953,77.05000305175781,76.8499984741211,77.04000091552734,65.78121185302734,34837600
2024-01-19,HYG,77.06999969482422,77.16999816894531,76.77999877929688,77.16999816894531,65.89221954345703,44359700
2024-01-22,HYG,77.18000030517578,77.43000030517578,77.18000030517578,77.2300033569336,65.94345092773438,36758900
2024-01-23,HYG,77.19000244140625,77.25,77.02999877929688,77.13999938964844,65.8666000366211,24561500
2024-01-24,HYG,77.4000015258789,77.43000030517578,77.02999877929688,77.0999984741211,65.83242797851562,27623300
2024-01-25,HYG,77.37000274658203,77.69000244140625,77.30000305175781,77.69000244140625,66.33621978759766,48268800
2024-01-26,HYG,77.6500015258789,77.7699966430664,77.58999633789062,77.62999725341797,66.28498840332031,26232800
2024-01-29,HYG,77.66000366210938,77.83000183105469,77.56999969482422,77.80000305175781,66.43014526367188,25924900
2024-01-30,HYG,77.80000305175781,77.83000183105469,77.52999877929688,77.69999694824219,66.3447494506836,32486600
2024-01-31,HYG,77.69999694824219,77.9000015258789,77.43000030517578,77.4800033569336,66.15692901611328,55548900
2024-02-01,HYG,77.33000183105469,77.61000061035156,77.11000061035156,77.54000091552734,66.53791046142578,48019300
2024-02-02,HYG,77.05000305175781,77.29000091552734,77.04000091552734,77.19000244140625,66.23757934570312,42727400
2024-02-05,HYG,76.94999694824219,77.01000213623047,76.66000366210938,76.83000183105469,65.92864990234375,51908600
2024-02-06,HYG,76.87000274658203,77.22000122070312,76.87000274658203,77.11000061035156,66.1689224243164,32948200
2024-02-07,HYG,77.2699966430664,77.30000305175781,77.0199966430664,77.23999786376953,66.28048706054688,42954100
2024-02-08,HYG,77.18000030517578,77.30000305175781,77.12000274658203,77.19999694824219,66.24614715576172,25548400
2024-02-09,HYG,77.25,77.41000366210938,77.13999938964844,77.36000061035156,66.38346099853516,33951400
2024-02-12,HYG,77.33000183105469,77.45999908447266,77.16999816894531,77.19000244140625,66.23757934570312,36249100
2024-02-13,HYG,76.66999816894531,76.80000305175781,76.44000244140625,76.56999969482422,65.70556640625,69904200
2024-02-14,HYG,76.79000091552734,76.98999786376953,76.7300033569336,76.87000274658203,65.96298217773438,38603100
2024-02-15,HYG,77.0,77.2300033569336,76.94000244140625,77.13999938964844,66.19466400146484,44319900
2024-02-16,HYG,76.93000030517578,77.01000213623047,76.81999969482422,76.91000366210938,65.99730682373047,50322900
2024-02-20,HYG,76.88999938964844,77.12999725341797,76.81999969482422,77.06999969482422,66.13460540771484,31994100
2024-02-21,HYG,77.05999755859375,77.12000274658203,76.81999969482422,76.93000030517578,66.01448059082031,38674100
2024-02-22,HYG,77.1500015258789,77.30999755859375,77.0999984741211,77.30000305175781,66.33197784423828,45450200
2024-02-23,HYG,77.37000274658203,77.45999908447266,77.29000091552734,77.3499984741211,66.3748779296875,24686900
2024-02-26,HYG,77.31999969482422,77.3499984741211,77.08000183105469,77.0999984741211,66.16033172607422,32795300
2024-02-27,HYG,77.1500015258789,77.19999694824219,77.05000305175781,77.19999694824219,66.24614715576172,30926600
2024-02-28,HYG,77.1500015258789,77.27999877929688,77.0999984741211,77.19000244140625,66.23757934570312,24667600
2024-02-29,HYG,77.30000305175781,77.47000122070312,77.23999786376953,77.33000183105469,66.35771942138672,43322400
2024-03-01,HYG,76.93000030517578,77.20999908447266,76.77999877929688,77.18000030517578,66.60625457763672,39342900
2024-03-04,HYG,77.12000274658203,77.2300033569336,77.02999877929688,77.16000366210938,66.5890121459961,21607300
2024-03-05,HYG,77.16000366210938,77.3499984741211,77.05999755859375,77.0999984741211,66.53722381591797,38076900
2024-03-06,HYG,77.30000305175781,77.41000366210938,77.18000030517578,77.29000091552734,66.70118713378906,34335200
2024-03-07,HYG,77.48999786376953,77.51000213623047,77.31999969482422,77.37999725341797,66.77885437011719,30393000
2024-03-08,HYG,77.48999786376953,77.7300033569336,77.38999938964844,77.4000015258789,66.79611206054688,38317900
2024-03-11,HYG,77.33999633789062,77.43000030517578,77.30000305175781,77.38999938964844,66.78749084472656,27177600
2024-03-12,HYG,77.51000213623047,77.51000213623047,77.26000213623047,77.45999908447266,66.84790802001953,33351700
2024-03-13,HYG,77.4000015258789,77.68000030517578,77.4000015258789,77.48999786376953,66.873779296875,28482200
2024-03-14,HYG,77.47000122070312,77.51000213623047,77.02999877929688,77.12000274658203,66.55448913574219,46677200
2024-03-15,HYG,77.08000183105469,77.23999786376953,76.95999908447266,77.06999969482422,66.5113296508789,53985300
2024-03-18,HYG,77.2699966430664,77.31999969482422,77.18000030517578,77.25,66.66669464111328,34649300
2024-03-19,HYG,77.2300033569336,77.58000183105469,77.22000122070312,77.55999755859375,66.9342041015625,41841500
2024-03-20,HYG,77.54000091552734,77.8499984741211,77.47000122070312,77.81999969482422,67.15857696533203,36886700
2024-03-21,HYG,77.94999694824219,77.95999908447266,77.68000030517578,77.77999877929688,67.12406158447266,34693300
2024-03-22,HYG,77.80999755859375,77.88999938964844,77.66000366210938,77.69999694824219,67.05499267578125,26955700
2024-03-25,HYG,77.55999755859375,77.66999816894531,77.54000091552734,77.58000183105469,66.95144653320312,29373100
2024-03-26,HYG,77.66999816894531,77.68000030517578,77.47000122070312,77.48999786376953,66.873779296875,28522200
2024-03-27,HYG,77.68000030517578,77.9000015258789,77.5999984741211,77.9000015258789,67.22760772705078,28891100
2024-03-28,HYG,77.80000305175781,77.91999816894531,77.72000122070312,77.7300033569336,67.0809097290039,31546700
2024-04-01,HYG,77.3499984741211,77.3499984741211,76.98999786376953,77.0199966430664,66.80767059326172,47857400
2024-04-02,HYG,76.76000213623047,76.91000366210938,76.72000122070312,76.88999938964844,66.69491577148438,45551200
2024-04-03,HYG,76.77999877929688,76.98999786376953,76.70999908447266,76.94999694824219,66.7469482421875,29542300
2024-04-04,HYG,77.11000061035156,77.22000122070312,76.77999877929688,76.88999938964844,66.69491577148438,36056400
2024-04-05,HYG,76.83000183105469,76.93000030517578,76.79000091552734,76.81999969482422,66.63420104980469,30857300
2024-04-08,HYG,76.83000183105469,77.04000091552734,76.77999877929688,77.0,66.79031372070312,31067800
2024-04-09,HYG,77.12000274658203,77.2300033569336,77.0199966430664,77.16000366210938,66.92912292480469,32219100
2024-04-10,HYG,76.6500015258789,76.76000213623047,76.30000305175781,76.4800033569336,66.33927154541016,76623900
2024-04-11,HYG,76.51000213623047,76.55999755859375,76.20999908447266,76.41000366210938,66.27854919433594,50836000
2024-04-12,HYG,76.37999725341797,76.41999816894531,76.25,76.37000274658203,66.24385070800781,41441700
2024-04-15,HYG,76.44999694824219,76.44999694824219,75.83999633789062,75.93000030517578,65.8621826171875,55560400
2024-04-16,HYG,75.91000366210938,75.91000366210938,75.58999633789062,75.68000030517578,65.64535522460938,55746100
2024-04-17,HYG,75.88999938964844,76.04000091552734,75.70999908447266,75.77999877929688,65.73209381103516,48158800
2024-04-18,HYG,75.77999877929688,75.88999938964844,75.63999938964844,75.83999633789062,65.78413391113281,40291400
2024-04-19,HYG,75.91000366210938,76.08000183105469,75.9000015258789,75.9800033569336,65.90558624267578,54739500
2024-04-22,HYG,76.13999938964844,76.43000030517578,76.11000061035156,76.4000015258789,66.26988220214844,40772500
2024-04-23,HYG,76.47000122070312,76.76000213623047,76.37999725341797,76.70999908447266,66.5387954711914,43554400
2024-04-24,HYG,76.66999816894531,76.69999694824219,76.37000274658203,76.54000091552734,66.39131164550781,40496500
2024-04-25,HYG,76.08000183105469,76.4000015258789,75.91000366210938,76.37999725341797,66.25253295898438,46371600
2024-04-26,HYG,76.37000274658203,76.66000366210938,76.37000274658203,76.62000274658203,66.46070861816406,34500800
2024-04-29,HYG,76.72000122070312,76.8499984741211,76.66999816894531,76.8499984741211,66.66022491455078,33157800
2024-04-30,HYG,76.5999984741211,76.76000213623047,76.29000091552734,76.29000091552734,66.17445373535156,49937500
2024-05-01,HYG,75.94999694824219,76.62999725341797,75.93000030517578,76.29000091552734,66.52324676513672,71484700
2024-05-02,HYG,76.4800033569336,76.77999877929688,76.33000183105469,76.76000213623047,66.93309020996094,41497900
2024-05-03,HYG,77.1500015258789,77.38999938964844,76.94000244140625,77.08000183105469,67.21212005615234,44204400
2024-05-06,HYG,77.16999816894531,77.2300033569336,77.12000274658203,77.16999816894531,67.29060363769531,29547100
2024-05-07,HYG,77.26000213623047,77.27999877929688,77.02999877929688,77.18000030517578,67.29932403564453,34064000
2024-05-08,HYG,76.98999786376953,77.05999755859375,76.94999694824219,77.0,67.1423568725586,22959500
2024-05-09,HYG,76.95999908447266,77.05999755859375,76.86000061035156,77.0199966430664,67.15979766845703,24590900
2024-05-10,HYG,77.01000213623047,77.02999877929688,76.80999755859375,76.9000015258789,67.05516052246094,24633800
2024-05-13,HYG,77.05999755859375,77.05999755859375,76.8499984741211,76.87999725341797,67.03771209716797,22109800
2024-05-14,HYG,76.91999816894531,77.02999877929688,76.9000015258789,77.0,67.1423568725586,27298700
2024-05-15,HYG,77.25,77.45999908447266,77.19000244140625,77.44999694824219,67.53475952148438,56544400
2024-05-16,HYG,77.45999908447266,77.45999908447266,77.26000213623047,77.2699966430664,67.37776947021484,31749800
2024-05-17,HYG,77.22000122070312,77.30999755859375,77.16000366210938,77.27999877929688,67.38651275634766,31550300
2024-05-20,HYG,77.2300033569336,77.31999969482422,77.19999694824219,77.31999969482422,67.42138671875,18665000
2024-05-21,HYG,77.2699966430664,77.4000015258789,77.25,77.26000213623047,67.36908721923828,20295900
2024-05-22,HYG,77.1500015258789,77.19000244140625,77.0199966430664,77.08999633789062,67.22084045410156,31110700
2024-05-23,HYG,77.16999816894531,77.22000122070312,76.79000091552734,76.81999969482422,66.98541259765625,36464700
2024-05-24,HYG,76.94000244140625,77.11000061035156,76.83999633789062,77.08999633789062,67.22084045410156,20488500
2024-05-28,HYG,77.16999816894531,77.19000244140625,76.76000213623047,76.77999877929688,66.95051574707031,27771700
2024-05-29,HYG,76.54000091552734,76.6500015258789,76.5199966430664,76.55000305175781,66.75,38800000
2024-05-30,HYG,76.62999725341797,76.87999725341797,76.62999725341797,76.86000061035156,67.02029418945312,44210200
2024-05-31,HYG,76.91999816894531,77.1500015258789,76.91999816894531,77.12999725341797,67.25572204589844,45381900
2024-06-03,HYG,76.87000274658203,77.01000213623047,76.83999633789062,77.01000213623047,67.46421813964844,36791300
2024-06-04,HYG,76.91999816894531,77.0999984741211,76.91000366210938,76.97000122070312,67.42916870117188,39230600
2024-06-05,HYG,77.12000274658203,77.22000122070312,76.95999908447266,77.22000122070312,67.64817810058594,29793700
2024-06-06,HYG,77.18000030517578,77.18000030517578,77.04000091552734,77.08999633789062,67.53429412841797,24398300
2024-06-07,HYG,76.79000091552734,76.94000244140625,76.75,76.88999938964844,67.35911560058594,32498800
2024-06-10,HYG,76.80999755859375,76.97000122070312,76.76000213623047,76.95999908447266,67.42042541503906,24875700
2024-06-11,HYG,76.91999816894531,77.06999969482422,76.8499984741211,77.05999755859375,67.50802612304688,25339600
2024-06-12,HYG,77.58999633789062,77.63999938964844,77.3499984741211,77.37000274658203,67.77959442138672,51775700
2024-06-13,HYG,77.55000305175781,77.55000305175781,77.26000213623047,77.36000061035156,67.7708511352539,38532000
2024-06-14,HYG,77.11000061035156,77.18000030517578,76.94999694824219,77.05999755859375,67.50802612304688,52953300
2024-06-17,HYG,76.94000244140625,77.19000244140625,76.83999633789062,77.11000061035156,67.55182647705078,33165000
2024-06-18,HYG,77.19999694824219,77.41000366210938,77.18000030517578,77.3499984741211,67.7620849609375,46845500
2024-06-20,HYG,77.31999969482422,77.33999633789062,77.13999938964844,77.30000305175781,67.71827697753906,26989000
2024-06-21,HYG,77.29000091552734,77.41000366210938,77.20999908447266,77.38999938964844,67.79711151123047,26857600
2024-06-24,HYG,77.36000061035156,77.51000213623047,77.30999755859375,77.30999755859375,67.72703552246094,28766200
2024-06-25,HYG,77.36000061035156,77.41999816894531,77.27999877929688,77.41000366210938,67.81462097167969,26111600
2024-06-26,HYG,77.26000213623047,77.2699966430664,77.16999816894531,77.23999786376953,67.66570281982422,29282000
2024-06-27,HYG,77.19999694824219,77.33000183105469,77.18000030517578,77.33000183105469,67.74456787109375,29404500
2024-06-28,HYG,77.37999725341797,77.5199966430664,77.13999938964844,77.13999938964844,67.57811737060547,34952000
2024-07-01,HYG,76.87000274658203,76.91999816894531,76.69000244140625,76.72000122070312,67.56489562988281,31113100
2024-07-02,HYG,76.7300033569336,76.94999694824219,76.69000244140625,76.93000030517578,67.74983215332031,30418400
2024-07-03,HYG,76.91999816894531,77.19999694824219,76.91999816894531,77.19999694824219,67.98760986328125,22067300
2024-07-05,HYG,77.27999877929688,77.44999694824219,77.23999786376953,77.43000030517578,68.19017028808594,25941500
2024-07-08,HYG,77.41000366210938,77.4800033569336,77.30999755859375,77.41000366210938,68.17254638671875,26962000
2024-07-09,HYG,77.41000366210938,77.41000366210938,77.2300033569336,77.31999969482422,68.09329986572266,19108500
2024-07-10,HYG,77.41000366210938,77.5199966430664,77.37000274658203,77.5,68.25183868408203,25361900
2024-07-11,HYG,77.76000213623047,77.83999633789062,77.70999908447266,77.77999877929688,68.49842071533203,44932500
2024-07-12,HYG,77.79000091552734,78.0199966430664,77.79000091552734,77.9800033569336,68.67455291748047,31688100
2024-07-15,HYG,78.04000091552734,78.06999969482422,77.9000015258789,77.98999786376953,68.683349609375,23235600
2024-07-16,HYG,78.06999969482422,78.33000183105469,78.0,78.29000091552734,68.94755554199219,41375400
2024-07-17,HYG,78.05999755859375,78.25,78.02999877929688,78.19999694824219,68.8682861328125,32750400
2024-07-18,HYG,78.23999786376953,78.2699966430664,77.97000122070312,78.04000091552734,68.72737884521484,42513000
2024-07-19,HYG,78.12000274658203,78.12999725341797,77.87999725341797,77.9800033569336,68.67455291748047,36125700
2024-07-22,HYG,78.16999816894531,78.27999877929688,78.11000061035156,78.2699966430664,68.929931640625,32378800
2024-07-23,HYG,78.26000213623047,78.41999816894531,78.2300033569336,78.27999877929688,68.9387435913086,28826900
2024-07-24,HYG,78.19999694824219,78.30999755859375,78.01000213623047,78.02999877929688,68.71856689453125,37612800
2024-07-25,HYG,78.08000183105469,78.33000183105469,78.04000091552734,78.04000091552734,68.72737884521484,35409000
2024-07-26,HYG,78.37000274658203,78.37000274658203,78.20999908447266,78.29000091552734,68.94755554199219,23683700
2024-07-29,HYG,78.4000015258789,78.44000244140625,78.13999938964844,78.22000122070312,68.88592529296875,28468400
2024-07-30,HYG,78.33000183105469,78.3499984741211,78.12000274658203,78.26000213623047,68.92111206054688,33652100
2024-07-31,HYG,78.47000122070312,78.5999984741211,78.36000061035156,78.54000091552734,69.167724609375,50714800
2024-08-01,HYG,78.19000244140625,78.30000305175781,77.94000244140625,77.95999908447266,69.0163345336914,51319800
2024-08-02,HYG,77.80999755859375,77.97000122070312,77.61000061035156,77.69999694824219,68.7861557006836,71578700
2024-08-05,HYG,76.63999938964844,77.37999725341797,76.58000183105469,77.22000122070312,68.3612289428711,104456100
2024-08-06,HYG,77.4800033569336,77.80999755859375,77.16999816894531,77.51000213623047,68.61795806884766,60113400
2024-08-07,HYG,77.9800033569336,78.01000213623047,77.61000061035156,77.66000366210938,68.75076293945312,56107800
2024-08-08,HYG,77.9000015258789,78.0199966430664,77.79000091552734,77.9800033569336,69.03404235839844,31528100
2024-08-09,HYG,78.0199966430664,78.08999633789062,77.83000183105469,77.97000122070312,69.02519989013672,29759900
2024-08-12,HYG,78.04000091552734,78.04000091552734,77.87000274658203,78.0199966430664,69.0694351196289,33878400
2024-08-13,HYG,78.11000061035156,78.38999938964844,78.08999633789062,78.37999725341797,69.38814544677734,37310200
2024-08-14,HYG,78.36000061035156,78.55000305175781,78.30000305175781,78.5199966430664,69.51209259033203,36086900
2024-08-15,HYG,78.55999755859375,78.62000274658203,78.44999694824219,78.58999633789062,69.57405090332031,39411300
2024-08-16,HYG,78.55000305175781,78.87999725341797,78.54000091552734,78.83999633789062,69.79535675048828,33682600
2024-08-19,HYG,78.80999755859375,79.0,78.75,78.97000122070312,69.91046905517578,29604300
2024-08-20,HYG,79.01000213623047,79.02999877929688,78.7699966430664,78.9000015258789,69.84848022460938,33189300
2024-08-21,HYG,78.9800033569336,79.11000061035156,78.91000366210938,79.08000183105469,70.0078353881836,34266700
2024-08-22,HYG,79.08000183105469,79.08999633789062,78.88999938964844,78.9800033569336,69.91931915283203,29292100
2024-08-23,HYG,79.18000030517578,79.4000015258789,79.08000183105469,79.4000015258789,70.2911376953125,32590900
2024-08-26,HYG,79.38999938964844,79.43000030517578,79.2300033569336,79.23999786376953,70.14948272705078,20460100
2024-08-27,HYG,79.1500015258789,79.37000274658203,79.11000061035156,79.29000091552734,70.19377136230469,22784300
2024-08-28,HYG,79.30999755859375,79.31999969482422,79.18000030517578,79.25,70.1583251953125,22351600
2024-08-29,HYG,79.33000183105469,79.36000061035156,79.2300033569336,79.33000183105469,70.22916412353516,18353000
2024-08-30,HYG,79.41999816894531,79.41999816894531,79.23999786376953,79.33999633789062,70.23802185058594,27633300
2024-09-03,HYG,78.87999725341797,78.95999908447266,78.6500015258789,78.68000030517578,69.98896026611328,31596800
2024-09-04,HYG,78.66000366210938,79.05000305175781,78.66000366210938,78.97000122070312,70.2469253540039,32371800
2024-09-05,HYG,79.11000061035156,79.27999877929688,79.05000305175781,79.23999786376953,70.48709106445312,44675300
2024-09-06,HYG,79.2699966430664,79.37999725341797,78.98999786376953,79.13999938964844,70.39813995361328,49888900
2024-09-09,HYG,79.2699966430664,79.37999725341797,79.16000366210938,79.33000183105469,70.56715393066406,24823800
2024-09-10,HYG,79.33999633789062,79.37000274658203,79.0999984741211,79.18000030517578,70.43372344970703,38347600
2024-09-11,HYG,79.08999633789062,79.30999755859375,78.97000122070312,79.30000305175781,70.54046630859375,42342700
2024-09-12,HYG,79.25,79.48999786376953,79.20999908447266,79.41000366210938,70.63831329345703,28515000
2024-09-13,HYG,79.5199966430664,79.68000030517578,79.5,79.62999725341797,70.8340072631836,31806800
2024-09-16,HYG,79.66000366210938,79.9000015258789,79.63999938964844,79.83000183105469,71.01191711425781,31402400
2024-09-17,HYG,79.9000015258789,79.94000244140625,79.80000305175781,79.8499984741211,71.02970123291016,27423900
2024-09-18,HYG,79.87999725341797,80.27999877929688,79.79000091552734,79.91999816894531,71.09197235107422,39546900
2024-09-19,HYG,80.29000091552734,80.33000183105469,80.08999633789062,80.16000366210938,71.30545806884766,48785900
2024-09-20,HYG,80.16000366210938,80.26000213623047,80.0,80.26000213623047,71.39442443847656,43626300
2024-09-23,HYG,80.19000244140625,80.20999908447266,80.08000183105469,80.11000061035156,71.26097869873047,29049400
2024-09-24,HYG,80.12000274658203,80.18000030517578,80.0,80.12000274658203,71.26988983154297,28674500
2024-09-25,HYG,80.08000183105469,80.11000061035156,80.0199966430664,80.02999877929688,71.1898193359375,28899100
2024-09-26,HYG,80.19000244140625,80.19000244140625,80.0199966430664,80.16000366210938,71.30545806884766,32732300
2024-09-27,HYG,80.22000122070312,80.37000274658203,80.19999694824219,80.36000061035156,71.48338317871094,36712700
2024-09-30,HYG,80.33000183105469,80.37000274658203,80.19000244140625,80.30000305175781,71.42999267578125,31551500
2024-10-01,HYG,79.98999786376953,80.0,79.80000305175781,79.87000274658203,71.39425659179688,45992200
2024-10-02,HYG,79.77999877929688,79.87999725341797,79.69000244140625,79.87999725341797,71.40316772460938,41214300
2024-10-03,HYG,79.77999877929688,79.80999755859375,79.62999725341797,79.69000244140625,71.23334503173828,31147700
2024-10-04,HYG,79.68000030517578,79.70999908447266,79.54000091552734,79.5999984741211,71.15290069580078,40122800
2024-10-07,HYG,79.54000091552734,79.54000091552734,79.25,79.26000213623047,70.84899139404297,69202500
2024-10-08,HYG,79.37000274658203,79.45999908447266,79.30000305175781,79.44999694824219,71.0188217163086,40947200
2024-10-09,HYG,79.44000244140625,79.4800033569336,79.33999633789062,79.4000015258789,70.97411346435547,42426500
2024-10-10,HYG,79.4000015258789,79.41000366210938,79.25,79.36000061035156,70.93836975097656,30091700
2024-10-11,HYG,79.33999633789062,79.58999633789062,79.33999633789062,79.56999969482422,71.12606048583984,26970800
2024-10-14,HYG,79.62000274658203,79.62999725341797,79.4000015258789,79.61000061035156,71.16182708740234,12065800
2024-10-15,HYG,79.5999984741211,79.72000122070312,79.58000183105469,79.58999633789062,71.14395141601562,31134400
2024-10-16,HYG,79.69999694824219,79.80999755859375,79.66000366210938,79.7300033569336,71.26911163330078,31626300
2024-10-17,HYG,79.7699966430664,79.80000305175781,79.4800033569336,79.61000061035156,71.16182708740234,46599300
2024-10-18,HYG,79.69999694824219,79.80000305175781,79.6500015258789,79.80000305175781,71.33168029785156,28905600
2024-10-21,HYG,79.66000366210938,79.70999908447266,79.4000015258789,79.4800033569336,71.04564666748047,36341500
2024-10-22,HYG,79.43000030517578,79.45999908447266,79.27999877929688,79.37000274658203,70.94729614257812,35466600
2024-10-23,HYG,79.26000213623047,79.30000305175781,79.06999969482422,79.12999725341797,70.7327651977539,39761500
2024-10-24,HYG,79.30000305175781,79.41999816894531,79.22000122070312,79.36000061035156,70.93836975097656,30163900
2024-10-25,HYG,79.45999908447266,79.55000305175781,79.25,79.27999877929688,70.8668441772461,35590200
2024-10-28,HYG,79.41999816894531,79.5199966430664,79.37999725341797,79.4800033569336,71.04564666748047,31854500
2024-10-29,HYG,79.25,79.5199966430664,79.2300033569336,79.5,71.06351470947266,42992200
2024-10-30,HYG,79.48999786376953,79.6500015258789,79.33000183105469,79.36000061035156,70.93836975097656,28728700
2024-10-31,HYG,79.37999725341797,79.37999725341797,79.13999938964844,79.13999938964844,70.74171447753906,43194600
2024-11-01,HYG,79.02999877929688,79.08000183105469,78.7300033569336,78.75,70.74623107910156,44045700
2024-11-04,HYG,79.05000305175781,79.0999984741211,78.88999938964844,78.97000122070312,70.94386291503906,27291200
2024-11-05,HYG,78.94000244140625,79.19999694824219,78.94000244140625,79.19000244140625,71.14148712158203,31611900
2024-11-06,HYG,79.22000122070312,79.36000061035156,79.08000183105469,79.33000183105469,71.26725769042969,43173100
2024-11-07,HYG,79.30000305175781,79.69999694824219,79.25,79.66999816894531,71.57268524169922,51325800
2024-11-08,HYG,79.77999877929688,79.83000183105469,79.66999816894531,79.80000305175781,71.68949890136719,30543400
2024-11-11,HYG,79.79000091552734,79.81999969482422,79.70999908447266,79.70999908447266,71.60865020751953,11008700
2024-11-12,HYG,79.61000061035156,79.69999694824219,79.33000183105469,79.38999938964844,71.32115936279297,44594900
2024-11-13,HYG,79.58999633789062,79.5999984741211,79.37999725341797,79.41000366210938,71.3391342163086,33873600
2024-11-14,HYG,79.45999908447266,79.52999877929688,79.23999786376953,79.23999786376953,71.18640899658203,32749300
2024-11-15,HYG,79.19000244140625,79.27999877929688,79.05000305175781,79.2300033569336,71.17742919921875,33709500
2024-11-18,HYG,79.2699966430664,79.38999938964844,79.19000244140625,79.37999725341797,71.31217193603516,27780900
2024-11-19,HYG,79.31999969482422,79.56999969482422,79.30000305175781,79.5,71.41998291015625,34523200
2024-11-20,HYG,79.48999786376953,79.5,79.38999938964844,79.4800033569336,71.40201568603516,19934000
2024-11-21,HYG,79.54000091552734,79.63999938964844,79.47000122070312,79.51000213623047,71.42896270751953,28040000
2024-11-22,HYG,79.5,79.58999633789062,79.44999694824219,79.48999786376953,71.4109878540039,29564900
2024-11-25,HYG,79.72000122070312,79.8499984741211,79.72000122070312,79.79000091552734,71.68051147460938,35003000
2024-11-26,HYG,79.80000305175781,79.80000305175781,79.58000183105469,79.63999938964844,71.54574584960938,41103500
2024-11-27,HYG,79.70999908447266,79.87999725341797,79.69000244140625,79.87999725341797,71.76133728027344,30239600
2024-11-29,HYG,80.01000213623047,80.06999969482422,79.88999938964844,80.04000091552734,71.90510559082031,25037800
2024-12-02,HYG,79.93000030517578,79.93000030517578,79.52999877929688,79.6500015258789,71.87891387939453,32387400
2024-12-03,HYG,79.72000122070312,79.73999786376953,79.61000061035156,79.6500015258789,71.87891387939453,24868500
2024-12-04,HYG,79.70999908447266,79.83999633789062,79.63999938964844,79.83999633789062,72.05036926269531,22733500
2024-12-05,HYG,79.79000091552734,79.81999969482422,79.70999908447266,79.7699966430664,71.98723602294922,23106300
2024-12-06,HYG,79.88999938964844,80.0,79.8499984741211,79.9000015258789,72.10454559326172,29931300
2024-12-09,HYG,79.9000015258789,79.94000244140625,79.77999877929688,79.80000305175781,72.01429748535156,22095100
2024-12-10,HYG,79.94000244140625,79.94000244140625,79.73999786376953,79.83999633789062,72.05036926269531,27195200
2024-12-11,HYG,79.94000244140625,79.94999694824219,79.83000183105469,79.86000061035156,72.06843566894531,24730000
2024-12-12,HYG,79.80999755859375,79.98999786376953,79.62999725341797,79.63999938964844,71.8698959350586,29081600
2024-12-13,HYG,79.70999908447266,79.70999908447266,79.37999725341797,79.41000366210938,71.66233825683594,34201100
2024-12-16,HYG,79.55000305175781,79.62000274658203,79.4800033569336,79.55999755859375,71.79769134521484,22269000
2024-12-17,HYG,79.41000366210938,79.5,79.38999938964844,79.38999938964844,71.644287109375,29039500
2024-12-18,HYG,79.13999938964844,79.13999938964844,78.1500015258789,78.16999816894531,70.90863037109375,80034500
2024-12-19,HYG,78.44999694824219,78.51000213623047,78.08999633789062,78.08999633789062,70.83605194091797,69005700
2024-12-20,HYG,78.0,78.66999816894531,78.0,78.58000183105469,71.2805404663086,63276200
2024-12-23,HYG,78.6500015258789,78.69000244140625,78.37000274658203,78.37000274658203,71.09004974365234,29239400
2024-12-24,HYG,78.4000015258789,78.63999938964844,78.3499984741211,78.62000274658203,71.31684112548828,11926100
2024-12-26,HYG,78.51000213623047,78.81999969482422,78.47000122070312,78.81999969482422,71.49826049804688,18384900
2024-12-27,HYG,78.73999786376953,78.76000213623047,78.52999877929688,78.55000305175781,71.25334167480469,20631800
2024-12-30,HYG,78.58000183105469,78.73999786376953,78.5,78.66000366210938,71.35309600830078,20659200
2024-12-31,HYG,78.77999877929688,78.83999633789062,78.55000305175781,78.6500015258789,71.34403991699219,18664900
2025-01-02,HYG,78.87999725341797,78.94999694824219,78.72000122070312,78.83999633789062,71.51639556884766,30415400
2025-01-03,HYG,78.98999786376953,79.02999877929688,78.93000030517578,78.95999908447266,71.62525177001953,32611000
2025-01-06,HYG,79.1500015258789,79.19000244140625,79.0199966430664,79.0999984741211,71.75225067138672,32110000
2025-01-07,HYG,79.13999938964844,79.22000122070312,78.81999969482422,78.83999633789062,71.51639556884766,43790200
2025-01-08,HYG,78.8499984741211,78.98999786376953,78.76000213623047,78.94000244140625,71.60710906982422,35304900
2025-01-10,HYG,78.80000305175781,78.80000305175781,78.5,78.52999877929688,71.23518371582031,37417300
2025-01-13,HYG,78.48999786376953,78.55999755859375,78.37000274658203,78.51000213623047,71.21705627441406,39180700
2025-01-14,HYG,78.69000244140625,78.7300033569336,78.55000305175781,78.61000061035156,71.30774688720703,29581100
2025-01-15,HYG,79.16000366210938,79.30999755859375,79.05999755859375,79.30000305175781,71.93368530273438,53574900
2025-01-16,HYG,79.20999908447266,79.41000366210938,79.12000274658203,79.38999938964844,72.01528930664062,32363000
2025-01-17,HYG,79.48999786376953,79.5199966430664,79.38999938964844,79.45999908447266,72.07878875732422,29546400
2025-01-21,HYG,79.61000061035156,79.69999694824219,79.5999984741211,79.66999816894531,72.26927185058594,32962700
2025-01-22,HYG,79.69999694824219,79.72000122070312,79.5199966430664,79.55999755859375,72.16950225830078,25028500
2025-01-23,HYG,79.5199966430664,79.66999816894531,79.44000244140625,79.66000366210938,72.26022338867188,27434800
2025-01-24,HYG,79.69999694824219,79.83000183105469,79.66000366210938,79.75,72.34184265136719,23648600
2025-01-27,HYG,79.66999816894531,79.86000061035156,79.61000061035156,79.80999755859375,72.39627838134766,28540600
2025-01-28,HYG,79.7699966430664,79.80999755859375,79.66999816894531,79.77999877929688,72.36905670166016,30439900
2025-01-29,HYG,79.76000213623047,79.83000183105469,79.62000274658203,79.7300033569336,72.32371520996094,20072100
2025-01-30,HYG,79.94000244140625,79.94000244140625,79.79000091552734,79.87999725341797,72.45977783203125,34495300
2025-01-31,HYG,79.9000015258789,79.97000122070312,79.66999816894531,79.72000122070312,72.31464385986328,37101100
2025-02-03,HYG,79.16999816894531,79.37000274658203,79.04000091552734,79.26000213623047,72.2235336303711,29965100
2025-02-04,HYG,79.30000305175781,79.51000213623047,79.2300033569336,79.51000213623047,72.45132446289062,28938600
2025-02-05,HYG,79.54000091552734,79.7699966430664,79.54000091552734,79.72000122070312,72.6427001953125,31834000
2025-02-06,HYG,79.72000122070312,79.79000091552734,79.58000183105469,79.5999984741211,72.53330993652344,24224100
2025-02-07,HYG,79.55999755859375,79.58000183105469,79.33999633789062,79.3499984741211,72.3055419921875,28778200
2025-02-10,HYG,79.54000091552734,79.58999633789062,79.47000122070312,79.51000213623047,72.45132446289062,23382600
2025-02-11,HYG,79.52999877929688,79.52999877929688,79.4000015258789,79.4800033569336,72.42398834228516,24410000
2025-02-12,HYG,79.20999908447266,79.43000030517578,79.1500015258789,79.30999755859375,72.26907348632812,34362700
2025-02-13,HYG,79.43000030517578,79.69999694824219,79.37999725341797,79.66999816894531,72.59712982177734,36149900
2025-02-14,HYG,79.79000091552734,79.88999938964844,79.72000122070312,79.76000213623047,72.67915344238281,26668300
2025-02-18,HYG,79.75,79.80999755859375,79.63999938964844,79.69000244140625,72.61536407470703,23274200
2025-02-19,HYG,79.63999938964844,79.76000213623047,79.55999755859375,79.75,72.67002868652344,38958600
2025-02-20,HYG,79.73999786376953,79.81999969482422,79.68000030517578,79.80000305175781,72.71559143066406,25789000
2025-02-21,HYG,79.7699966430664,79.86000061035156,79.6500015258789,79.6500015258789,72.57890319824219,32016500
2025-02-24,HYG,79.66999816894531,79.83999633789062,79.63999938964844,79.75,72.67002868652344,21029200
2025-02-25,HYG,79.94999694824219,79.9800033569336,79.83999633789062,79.94999694824219,72.8522720336914,30604400
2025-02-26,HYG,80.0,80.08000183105469,79.97000122070312,80.05999755859375,72.9525146484375,21777500
2025-02-27,HYG,80.05000305175781,80.08000183105469,79.87000274658203,79.91000366210938,72.81581115722656,40521800
2025-02-28,HYG,79.98999786376953,80.12999725341797,79.93000030517578,80.12999725341797,73.01628112792969,44321200
2025-03-03,HYG,79.69000244140625,79.75,79.51000213623047,79.58999633789062,72.86431121826172,40729100
2025-03-04,HYG,79.51000213623047,79.63999938964844,79.30999755859375,79.58000183105469,72.85517120361328,66274600
2025-03-05,HYG,79.44999694824219,79.68000030517578,79.44000244140625,79.62000274658203,72.89176940917969,32302200
2025-03-06,HYG,79.43000030517578,79.5,79.27999877929688,79.31999969482422,72.61713409423828,50431500
2025-03-07,HYG,79.3499984741211,79.51000213623047,79.33000183105469,79.44999694824219,72.73613739013672,52828900
2025-03-10,HYG,79.30000305175781,79.37999725341797,79.13999938964844,79.1500015258789,72.46150207519531,57602100
2025-03-11,HYG,79.20999908447266,79.26000213623047,78.80000305175781,78.87000274658203,72.20515441894531,75826700
2025-03-12,HYG,79.05999755859375,79.11000061035156,78.87999725341797,78.95999908447266,72.28756713867188,53763000
2025-03-13,HYG,78.86000061035156,78.87000274658203,78.48999786376953,78.5199966430664,71.88472747802734,81223200
2025-03-14,HYG,78.83000183105469,78.97000122070312,78.70999908447266,78.87999725341797,72.21431732177734,51469800
2025-03-17,HYG,78.88999938964844,79.0999984741211,78.87000274658203,79.06999969482422,72.38825225830078,33954200
2025-03-18,HYG,79.01000213623047,79.06999969482422,78.93000030517578,78.93000030517578,72.26007843017578,40195900
2025-03-19,HYG,78.95999908447266,79.54000091552734,78.95999908447266,79.44999694824219,72.73613739013672,45212700
2025-03-20,HYG,79.38999938964844,79.5,79.26000213623047,79.33999633789062,72.63544464111328,42977600
2025-03-21,HYG,79.2699966430664,79.30999755859375,79.06999969482422,79.22000122070312,72.52558135986328,35124000
2025-03-24,HYG,79.41999816894531,79.5,79.3499984741211,79.44999694824219,72.73613739013672,36393500
2025-03-25,HYG,79.5,79.58000183105469,79.37999725341797,79.41000366210938,72.69951629638672,29075500
2025-03-26,HYG,79.4000015258789,79.41999816894531,78.97000122070312,79.08999633789062,72.40655517578125,51236100
2025-03-27,HYG,79.05000305175781,79.13999938964844,78.93000030517578,78.94000244140625,72.26923370361328,38493100
2025-03-28,HYG,78.98999786376953,79.0,78.66000366210938,78.80000305175781,72.14106750488281,58896900
2025-03-31,HYG,78.5199966430664,78.91999816894531,78.5199966430664,78.88999938964844,72.22347259521484,47853500
2025-04-01,HYG,78.68000030517578,78.72000122070312,78.43000030517578,78.69000244140625,72.39089965820312,54256000
2025-04-02,HYG,78.54000091552734,78.86000061035156,78.54000091552734,78.8499984741211,72.5380859375,49072400
2025-04-03,HYG,78.0999984741211,78.27999877929688,77.73999786376953,77.87000274658203,71.63654327392578,116401400
2025-04-04,HYG,76.80000305175781,77.33000183105469,76.54000091552734,76.76000213623047,70.61540222167969,181273300
2025-04-07,HYG,75.87000274658203,77.5999984741211,75.62999725341797,76.0999984741211,70.00823211669922,193374800
2025-04-08,HYG,77.0199966430664,77.12999725341797,75.41999816894531,75.75,69.68623352050781,106007700
2025-04-09,HYG,75.0999984741211,77.83999633789062,75.08000183105469,77.77999877929688,71.55374145507812,152382200
2025-04-10,HYG,77.06999969482422,77.18000030517578,76.13999938964844,76.51000213623047,70.38539123535156,93884100
2025-04-11,HYG,76.2699966430664,77.16999816894531,76.0,76.73999786376953,70.59699249267578,71884000
2025-04-14,HYG,77.27999877929688,77.45999908447266,76.94000244140625,77.12000274658203,70.94657135009766,50011400
2025-04-15,HYG,77.23999786376953,77.5,77.18000030517578,77.33000183105469,71.1397705078125,39790500
2025-04-16,HYG,77.3499984741211,77.5199966430664,77.11000061035156,77.31999969482422,71.13056182861328,52028800
2025-04-17,HYG,77.62000274658203,77.79000091552734,77.52999877929688,77.7699966430664,71.54454040527344,37355500
2025-04-21,HYG,77.48999786376953,77.51000213623047,77.1500015258789,77.30999755859375,71.12137603759766,36078000
2025-04-22,HYG,77.58000183105469,77.80999755859375,77.51000213623047,77.61000061035156,71.39734649658203,33941100
2025-04-23,HYG,78.5999984741211,78.73999786376953,77.97000122070312,78.0,71.75613403320312,63723400
2025-04-24,HYG,78.27999877929688,78.73999786376953,78.18000030517578,78.69999694824219,72.40008544921875,49007800
2025-04-25,HYG,78.58999633789062,78.94000244140625,78.54000091552734,78.7699966430664,72.46449279785156,47981700
2025-04-28,HYG,78.77999877929688,78.87000274658203,78.55000305175781,78.80999755859375,72.50130462646484,42220700
2025-04-29,HYG,78.6500015258789,79.05000305175781,78.6500015258789,79.0199966430664,72.6944808959961,51198600
2025-04-30,HYG,78.62999725341797,78.70999908447266,78.45999908447266,78.5999984741211,72.30809020996094,69994200
2025-05-01,HYG,78.4000015258789,78.48999786376953,78.22000122070312,78.30000305175781,72.4015121459961,50848600
2025-05-02,HYG,78.5,78.61000061035156,78.36000061035156,78.54000091552734,72.62342071533203,41354100
2025-05-05,HYG,78.47000122070312,78.63999938964844,78.4000015258789,78.51000213623047,72.5956802368164,39815300
2025-05-06,HYG,78.41000366210938,78.5199966430664,78.33000183105469,78.44999694824219,72.54017639160156,36292600
2025-05-07,HYG,78.55999755859375,78.62000274658203,78.36000061035156,78.5199966430664,72.60491943359375,32676200
2025-05-08,HYG,78.66999816894531,78.7699966430664,78.44999694824219,78.5,72.58641815185547,32684900
2025-05-09,HYG,78.58999633789062,78.69999694824219,78.54000091552734,78.55000305175781,72.6326675415039,23971200
2025-05-12,HYG,79.23999786376953,79.38999938964844,79.02999877929688,79.33000183105469,73.35389709472656,70558600
2025-05-13,HYG,79.37999725341797,79.58000183105469,79.31999969482422,79.47000122070312,73.48334503173828,52141900
2025-05-14,HYG,79.4000015258789,79.43000030517578,79.13999938964844,79.18000030517578,73.21519470214844,45406500
2025-05-15,HYG,79.05999755859375,79.33000183105469,79.05999755859375,79.33000183105469,73.35389709472656,49301300
2025-05-16,HYG,79.37999725341797,79.43000030517578,79.2699966430664,79.41999816894531,73.43711853027344,30657200
2025-05-19,HYG,79.05999755859375,79.38999938964844,79.05000305175781,79.37999725341797,73.40013885498047,26228800
2025-05-20,HYG,79.2699966430664,79.37999725341797,79.20999908447266,79.33999633789062,73.36314392089844,25933700
2025-05-21,HYG,79.08000183105469,79.22000122070312,78.80000305175781,78.80999755859375,72.87306213378906,54737300
2025-05-22,HYG,78.80999755859375,79.05000305175781,78.75,78.97000122070312,73.02102661132812,43242700
2025-05-23,HYG,78.76000213623047,78.9800033569336,78.73999786376953,78.94999694824219,73.00253295898438,29598900
2025-05-27,HYG,79.27999877929688,79.44000244140625,79.16999816894531,79.43000030517578,73.44637298583984,33524700
2025-05-28,HYG,79.41999816894531,79.44000244140625,79.25,79.37999725341797,73.40013885498047,27012900
2025-05-29,HYG,79.55999755859375,79.56999969482422,79.41000366210938,79.5,73.51110076904297,28616300
2025-05-30,HYG,79.44999694824219,79.58000183105469,79.4000015258789,79.56999969482422,73.57582092285156,28930300
2025-06-02,HYG,79.12999725341797,79.19000244140625,78.9800033569336,79.18000030517578,73.56281280517578,45527200
2025-06-03,HYG,79.23999786376953,79.3499984741211,79.16999816894531,79.33000183105469,73.70216369628906,28458700
2025-06-04,HYG,79.33999633789062,79.51000213623047,79.33999633789062,79.4800033569336,73.84153747558594,41403600
2025-06-05,HYG,79.47000122070312,79.48999786376953,79.2699966430664,79.30999755859375,73.68359375,44563900
2025-06-06,HYG,79.37999725341797,79.38999938964844,79.25,79.30000305175781,73.67430877685547,41300100
2025-06-09,HYG,79.27999877929688,79.43000030517578,79.27999877929688,79.33999633789062,73.71145629882812,30169000
2025-06-10,HYG,79.41000366210938,79.55000305175781,79.33000183105469,79.52999877929688,73.88798522949219,24234400
2025-06-11,HYG,79.58999633789062,79.63999938964844,79.48999786376953,79.51000213623047,73.8694076538086,30114400
2025-06-12,HYG,79.51000213623047,79.5999984741211,79.47000122070312,79.5999984741211,73.95301055908203,28373200
2025-06-13,HYG,79.41999816894531,79.5,79.30000305175781,79.36000061035156,73.73005676269531,35271000
2025-06-16,HYG,79.5199966430664,79.5999984741211,79.48999786376953,79.5199966430664,73.8786849975586,26225100
2025-06-17,HYG,79.5199966430664,79.63999938964844,79.37000274658203,79.43000030517578,73.79508209228516,27747200
2025-06-18,HYG,79.48999786376953,79.70999908447266,79.43000030517578,79.55000305175781,73.90656280517578,32833500
2025-06-20,HYG,79.62000274658203,79.80999755859375,79.58999633789062,79.80000305175781,74.13883209228516,45845800
2025-06-23,HYG,79.7699966430664,79.94999694824219,79.70999908447266,79.94999694824219,74.27819061279297,32361400
2025-06-24,HYG,80.05000305175781,80.20999908447266,80.0,80.16999816894531,74.48258972167969,50893200
2025-06-25,HYG,80.18000030517578,80.22000122070312,80.08000183105469,80.1500015258789,74.46399688720703,24156100
2025-06-26,HYG,80.2699966430664,80.38999938964844,80.19999694824219,80.37999725341797,74.67768096923828,28889100
2025-06-27,HYG,80.4000015258789,80.47000122070312,80.30000305175781,80.33999633789062,74.64051818847656,47849500
2025-06-30,HYG,80.52999877929688,80.66999816894531,80.44999694824219,80.6500015258789,74.92853546142578,52885900
2025-07-01,HYG,80.19999694824219,80.2699966430664,80.0999984741211,80.16999816894531,74.8342514038086,45411000
2025-07-02,HYG,80.16999816894531,80.31999969482422,80.08000183105469,80.31999969482422,74.97425079345703,32359500
2025-07-03,HYG,80.30000305175781,80.38999938964844,80.26000213623047,80.37000274658203,75.02092742919922,19750000
2025-07-07,HYG,80.33000183105469,80.33999633789062,80.05999755859375,80.0999984741211,74.76890563964844,37027200
2025-07-08,HYG,80.08999633789062,80.12000274658203,79.94000244140625,79.98999786376953,74.66622924804688,31358900
2025-07-09,HYG,80.13999938964844,80.22000122070312,80.08000183105469,80.20999908447266,74.87158203125,30277500
2025-07-10,HYG,80.20999908447266,80.22000122070312,80.12999725341797,80.12999725341797,74.79690551757812,28776200
2025-07-11,HYG,80.04000091552734,80.05000305175781,79.93000030517578,80.02999877929688,74.70358276367188,30482200
2025-07-14,HYG,80.01000213623047,80.0999984741211,79.97000122070312,80.08999633789062,74.75956726074219,23716200
2025-07-15,HYG,80.16000366210938,80.16999816894531,79.8499984741211,79.8499984741211,74.5355453491211,37039500
2025-07-16,HYG,79.94999694824219,80.08000183105469,79.75,80.05999755859375,74.73157501220703,39780100
2025-07-17,HYG,80.04000091552734,80.18000030517578,80.0,80.13999938964844,74.8062515258789,25703200
2025-07-18,HYG,80.26000213623047,80.31999969482422,80.18000030517578,80.25,74.9089126586914,27686400
2025-07-21,HYG,80.31999969482422,80.44999694824219,80.31999969482422,80.36000061035156,75.0116195678711,28483300
2025-07-22,HYG,80.44000244140625,80.5199966430664,80.33999633789062,80.5,75.14229583740234,26017700
2025-07-23,HYG,80.5199966430664,80.55000305175781,80.44000244140625,80.54000091552734,75.17962646484375,26025000
2025-07-24,HYG,80.44000244140625,80.51000213623047,80.41000366210938,80.44000244140625,75.0862808227539,27013700
2025-07-25,HYG,80.5,80.58000183105469,80.41000366210938,80.48999786376953,75.13294982910156,30123100
2025-07-28,HYG,80.5199966430664,80.5199966430664,80.44000244140625,80.44999694824219,75.0956039428711,22093800
2025-07-29,HYG,80.48999786376953,80.55000305175781,80.44999694824219,80.5,75.14229583740234,21371800
2025-07-30,HYG,80.44999694824219,80.5199966430664,80.25,80.33000183105469,74.98358917236328,38392400
2025-07-31,HYG,80.4000015258789,80.4800033569336,80.33000183105469,80.37999725341797,75.0302734375,41501300
2025-08-01,HYG,80.04000091552734,80.08999633789062,79.80000305175781,79.9800033569336,75.03401947021484,68963100
2025-08-04,HYG,80.08999633789062,80.25,80.05999755859375,80.25,75.28731536865234,37539200
2025-08-05,HYG,80.20999908447266,80.23999786376953,80.0999984741211,80.20999908447266,75.24979400634766,29656300
2025-08-06,HYG,80.20999908447266,80.30000305175781,80.13999938964844,80.29000091552734,75.32484436035156,30512900
2025-08-07,HYG,80.30999755859375,80.36000061035156,80.16000366210938,80.20999908447266,75.24979400634766,29405000
2025-08-08,HYG,80.19999694824219,80.25,80.16000366210938,80.22000122070312,75.25918579101562,24679000
2025-08-11,HYG,80.22000122070312,80.29000091552734,80.16999816894531,80.22000122070312,75.25918579101562,30159800
2025-08-12,HYG,80.2699966430664,80.4000015258789,80.20999908447266,80.4000015258789,75.42805480957031,40846200
2025-08-13,HYG,80.45999908447266,80.61000061035156,80.45999908447266,80.61000061035156,75.62505340576172,35039600
2025-08-14,HYG,80.48999786376953,80.48999786376953,80.3499984741211,80.4000015258789,75.42805480957031,36559900
2025-08-15,HYG,80.47000122070312,80.47000122070312,80.37000274658203,80.45999908447266,75.48433685302734,22754000
2025-08-18,HYG,80.44000244140625,80.48999786376953,80.37999725341797,80.4000015258789,75.42805480957031,25400800
2025-08-19,HYG,80.44999694824219,80.4800033569336,80.36000061035156,80.37999725341797,75.4092788696289,21700500
2025-08-20,HYG,80.41000366210938,80.43000030517578,80.30999755859375,80.3499984741211,75.38114166259766,29704900
2025-08-21,HYG,80.26000213623047,80.30000305175781,80.19000244140625,80.19999694824219,75.24041748046875,35825900
2025-08-22,HYG,80.31999969482422,80.86000061035156,80.30000305175781,80.8499984741211,75.85022735595703,59541500
2025-08-25,HYG,80.77999877929688,80.80999755859375,80.69000244140625,80.69000244140625,75.70013427734375,32714800
2025-08-26,HYG,80.79000091552734,80.9000015258789,80.73999786376953,80.87000274658203,75.8689956665039,33659900
2025-08-27,HYG,80.81999969482422,80.98999786376953,80.81999969482422,80.97000122070312,75.96281433105469,24335000
2025-08-28,HYG,80.97000122070312,81.01000213623047,80.9000015258789,81.01000213623047,76.0003433227539,24203800
2025-08-29,HYG,80.98999786376953,80.98999786376953,80.86000061035156,80.86000061035156,75.85961151123047,35070300
2025-09-02,HYG,80.2699966430664,80.43000030517578,80.19999694824219,80.38999938964844,75.77759552001953,51804000
2025-09-03,HYG,80.41000366210938,80.61000061035156,80.41000366210938,80.61000061035156,75.9849853515625,34283100
2025-09-04,HYG,80.66000366210938,80.83999633789062,80.62999725341797,80.83000183105469,76.1923599243164,37999700
2025-09-05,HYG,80.9800033569336,81.0999984741211,80.83999633789062,80.87000274658203,76.23006439208984,39147800
2025-09-08,HYG,80.94999694824219,80.97000122070312,80.8499984741211,80.87000274658203,76.23006439208984,27003400
2025-09-09,HYG,80.8499984741211,80.87999725341797,80.66999816894531,80.77999877929688,76.14521789550781,36704500
2025-09-10,HYG,80.83999633789062,80.94000244140625,80.79000091552734,80.83999633789062,76.20176696777344,38106100
2025-09-11,HYG,80.91000366210938,81.0999984741211,80.91000366210938,81.04000091552734,76.39031219482422,34221500
2025-09-12,HYG,81.02999877929688,81.02999877929688,80.94000244140625,80.95999908447266,76.31489562988281,25702800
2025-09-15,HYG,81.08000183105469,81.19999694824219,81.06999969482422,81.19000244140625,76.53170013427734,27248800
2025-09-16,HYG,81.20999908447266,81.2300033569336,81.0999984741211,81.12999725341797,76.47514343261719,33075600
2025-09-17,HYG,81.19000244140625,81.23999786376953,80.91000366210938,81.05000305175781,76.39973449707031,35955700
2025-09-18,HYG,81.13999938964844,81.2699966430664,81.06999969482422,81.2300033569336,76.56940460205078,43250000
2025-09-19,HYG,81.25,81.29000091552734,81.1500015258789,81.26000213623047,76.59769439697266,32042900
2025-09-22,HYG,81.19000244140625,81.33000183105469,81.18000030517578,81.31999969482422,76.65423583984375,26670200
2025-09-23,HYG,81.33999633789062,81.36000061035156,81.19999694824219,81.26000213623047,76.59769439697266,37088500
2025-09-24,HYG,81.25,81.25,81.12000274658203,81.1500015258789,76.4939956665039,28124300
2025-09-25,HYG,81.0,81.01000213623047,80.88999938964844,80.91999816894531,76.27719116210938,33509900
2025-09-26,HYG,81.04000091552734,81.11000061035156,80.95999908447266,81.08000183105469,76.4280014038086,31046800
2025-09-29,HYG,81.16000366210938,81.23999786376953,81.12999725341797,81.22000122070312,76.55997467041016,28558500
2025-09-30,HYG,81.16999816894531,81.20999908447266,81.0999984741211,81.19000244140625,76.53170013427734,54970300
2025-10-01,HYG,80.80999755859375,81.0,80.77999877929688,80.95999908447266,76.67469787597656,58042600
2025-10-02,HYG,80.94000244140625,80.97000122070312,80.83999633789062,80.93000030517578,76.64630126953125,33348900
2025-10-03,HYG,80.91999816894531,80.94000244140625,80.81999969482422,80.83999633789062,76.5610580444336,35109200
2025-10-06,HYG,80.88999938964844,80.91000366210938,80.83000183105469,80.86000061035156,76.57999420166016,29485100
2025-10-07,HYG,80.88999938964844,80.88999938964844,80.76000213623047,80.7699966430664,76.49476623535156,27672300
2025-10-08,HYG,80.81999969482422,80.83999633789062,80.63999938964844,80.6500015258789,76.38111114501953,34932200
2025-10-09,HYG,80.63999938964844,80.6500015258789,80.30999755859375,80.41999816894531,76.16329193115234,65586700
2025-10-10,HYG,80.47000122070312,80.48999786376953,79.94999694824219,79.94999694824219,75.7181625366211,83840400
2025-10-13,HYG,80.2300033569336,80.44999694824219,80.16999816894531,80.44999694824219,76.19168090820312,31926800
2025-10-14,HYG,80.18000030517578,80.63999938964844,80.11000061035156,80.54000091552734,76.27693176269531,63860100
2025-10-15,HYG,80.72000122070312,80.83000183105469,80.5999984741211,80.80000305175781,76.52316284179688,59802200
2025-10-16,HYG,80.80000305175781,80.81999969482422,80.45999908447266,80.51000213623047,76.2485122680664,75725200
2025-10-17,HYG,80.44000244140625,80.7300033569336,80.43000030517578,80.72000122070312,76.4474105834961,70044200
2025-10-20,HYG,80.7699966430664,80.91000366210938,80.7699966430664,80.87999725341797,76.59893035888672,43762300
2025-10-21,HYG,80.87999725341797,80.94000244140625,80.76000213623047,80.76000213623047,76.48529052734375,45418100
2025-10-22,HYG,80.76000213623047,80.80999755859375,80.5999984741211,80.68000030517578,76.4095230102539,50698600
2025-10-23,HYG,80.69999694824219,80.86000061035156,80.69999694824219,80.86000061035156,76.57999420166016,37962400
2025-10-24,HYG,81.02999877929688,81.08999633789062,80.97000122070312,81.08000183105469,76.78836822509766,39905600
2025-10-27,HYG,81.16999816894531,81.33000183105469,81.12999725341797,81.27999877929688,76.9777603149414,36495000
2025-10-28,HYG,81.27999877929688,81.27999877929688,81.16999816894531,81.19999694824219,76.90200805664062,31591400
2025-10-29,HYG,81.19999694824219,81.2300033569336,80.9000015258789,80.94999694824219,76.66522979736328,51827100
2025-10-30,HYG,80.79000091552734,80.94000244140625,80.76000213623047,80.80000305175781,76.52316284179688,39967300
2025-10-31,HYG,80.88999938964844,80.95999908447266,80.75,80.80000305175781,76.52316284179688,45044600
2025-11-03,HYG,80.38999938964844,80.4000015258789,80.12999725341797,80.13999938964844,76.28520202636719,54615100
2025-11-04,HYG,79.9800033569336,80.22000122070312,79.95999908447266,80.1500015258789,76.29471588134766,49705000
2025-11-05,HYG,80.19000244140625,80.27999877929688,80.16999816894531,80.2300033569336,76.37086486816406,42273700
2025-11-06,HYG,80.30999755859375,80.33000183105469,80.12999725341797,80.26000213623047,76.39942932128906,46629200
2025-11-07,HYG,80.25,80.3499984741211,80.08999633789062,80.33000183105469,76.46605682373047,47233800
2025-11-10,HYG,80.44999694824219,80.6500015258789,80.43000030517578,80.5999984741211,76.72306060791016,51875200
2025-11-11,HYG,80.61000061035156,80.7300033569336,80.61000061035156,80.69000244140625,76.8087387084961,17001100
2025-11-12,HYG,80.69000244140625,80.69999694824219,80.48999786376953,80.52999877929688,76.65644836425781,43962900
2025-11-13,HYG,80.41999816894531,80.41999816894531,80.1500015258789,80.19999694824219,76.34230041503906,53631300
2025-11-14,HYG,80.08000183105469,80.4000015258789,80.08000183105469,80.22000122070312,76.36135864257812,40853500
2025-11-17,HYG,80.19000244140625,80.2699966430664,80.04000091552734,80.08999633789062,76.23760223388672,42954200
2025-11-18,HYG,80.0199966430664,80.19000244140625,79.98999786376953,80.11000061035156,76.25665283203125,44098700
2025-11-19,HYG,80.13999938964844,80.30000305175781,80.08999633789062,80.1500015258789,76.29471588134766,33510100
2025-11-20,HYG,80.41000366210938,80.48999786376953,80.0999984741211,80.0999984741211,76.24713134765625,65471200
2025-11-21,HYG,80.26000213623047,80.41000366210938,80.12999725341797,80.37000274658203,76.50414276123047,62331700
2025-11-24,HYG,80.41999816894531,80.5999984741211,80.4000015258789,80.58999633789062,76.71356201171875,38964900
2025-11-25,HYG,80.56999969482422,80.9000015258789,80.54000091552734,80.87000274658203,76.98008728027344,56524800
2025-11-26,HYG,80.83000183105469,80.9800033569336,80.79000091552734,80.94999694824219,77.05622863769531,27454800
2025-11-28,HYG,81.0,81.06999969482422,80.94000244140625,80.98999786376953,77.09431457519531,29430800
2025-12-01,HYG,80.4000015258789,80.54000091552734,80.37999725341797,80.47000122070312,76.95565032958984,45274800
2025-12-02,HYG,80.54000091552734,80.63999938964844,80.4800033569336,80.62000274658203,77.0990982055664,38842600
2025-12-03,HYG,80.61000061035156,80.79000091552734,80.56999969482422,80.69000244140625,77.1660385131836,35019100
2025-12-04,HYG,80.69999694824219,80.7699966430664,80.56999969482422,80.75,77.22341918945312,34777400
2025-12-05,HYG,80.7300033569336,80.80999755859375,80.66999816894531,80.75,77.22341918945312,30486800
2025-12-08,HYG,80.72000122070312,80.73999786376953,80.48999786376953,80.55000305175781,77.03216552734375,43160800
2025-12-09,HYG,80.55000305175781,80.61000061035156,80.44000244140625,80.45999908447266,76.94609069824219,30558800
2025-12-10,HYG,80.43000030517578,80.79000091552734,80.41999816894531,80.7300033569336,77.20429992675781,53052100
2025-12-11,HYG,80.73999786376953,80.76000213623047,80.66000366210938,80.72000122070312,77.19473266601562,44546400
2025-12-12,HYG,80.69000244140625,80.70999908447266,80.52999877929688,80.56999969482422,77.05127716064453,45566100
2025-12-15,HYG,80.66999816894531,80.69999694824219,80.56999969482422,80.61000061035156,77.08953857421875,28983600
2025-12-16,HYG,80.61000061035156,80.66999816894531,80.55999755859375,80.66000366210938,77.1373519897461,27908000
2025-12-17,HYG,80.6500015258789,80.66999816894531,80.51000213623047,80.55999755859375,77.04171752929688,36999700
2025-12-18,HYG,80.77999877929688,80.80000305175781,80.66999816894531,80.77999877929688,77.25211334228516,52680500
2025-12-19,HYG,80.43000030517578,80.47000122070312,80.33000183105469,80.36000061035156,77.21463775634766,34413300
2025-12-22,HYG,80.45999908447266,80.45999908447266,80.29000091552734,80.43000030517578,77.28189086914062,37203900
2025-12-23,HYG,80.37000274658203,80.48999786376953,80.3499984741211,80.48999786376953,77.33954620361328,24341800
2025-12-24,HYG,80.51000213623047,80.63999938964844,80.47000122070312,80.63999938964844,77.48368072509766,10533500
2025-12-26,HYG,80.63999938964844,80.69999694824219,80.58999633789062,80.5999984741211,77.44523620605469,10922900
2025-12-29,HYG,80.55999755859375,80.66000366210938,80.55000305175781,80.62999725341797,77.47406005859375,22012700
2025-12-30,HYG,80.63999938964844,80.75,80.61000061035156,80.70999908447266,77.5509262084961,20146700
2025-12-31,HYG,80.72000122070312,80.75,80.62999725341797,80.62999725341797,77.47406005859375,17457100
2026-01-02,HYG,80.72000122070312,80.72000122070312,80.58999633789062,80.66999816894531,77.51250457763672,28403300
2026-01-05,HYG,80.73999786376953,80.91000366210938,80.69999694824219,80.87999725341797,77.71427154541016,38563200
2026-01-06,HYG,80.9000015258789,80.94000244140625,80.81999969482422,80.9000015258789,77.73351287841797,31721500
2026-01-07,HYG,80.95999908447266,81.0,80.83999633789062,80.87999725341797,77.71427154541016,27022700
2026-01-08,HYG,80.83999633789062,80.94999694824219,80.80000305175781,80.94000244140625,77.77191925048828,33516900
2026-01-09,HYG,80.94999694824219,81.02999877929688,80.94999694824219,81.0,77.82958221435547,31849200
2026-01-12,HYG,80.91000366210938,81.05000305175781,80.9000015258789,81.04000091552734,77.8680191040039,23983600
2026-01-13,HYG,81.06999969482422,81.08000183105469,80.97000122070312,81.04000091552734,77.8680191040039,27607400
2026-01-14,HYG,81.0,81.05000305175781,80.93000030517578,81.04000091552734,77.8680191040039,42994000
2026-01-15,HYG,81.0999984741211,81.11000061035156,81.0,81.04000091552734,77.8680191040039,30412400
2026-01-16,HYG,81.08000183105469,81.0999984741211,80.98999786376953,81.08999633789062,77.91605377197266,52466300
2026-01-20,HYG,80.75,80.94999694824219,80.66999816894531,80.87999725341797,77.71427154541016,38653400
2026-01-21,HYG,80.9800033569336,81.16000366210938,80.95999908447266,81.12000274658203,77.94488525390625,42023500
2026-01-22,HYG,81.19000244140625,81.23999786376953,81.12999725341797,81.18000030517578,78.00254821777344,35231900
2026-01-23,HYG,81.18000030517578,81.19999694824219,81.04000091552734,81.13999938964844,77.96410369873047,38360500
2026-01-26,HYG,81.19000244140625,81.22000122070312,81.12000274658203,81.18000030517578,78.00254821777344,27027500
2026-01-27,HYG,81.18000030517578,81.22000122070312,81.13999938964844,81.16999816894531,77.9929428100586,22961500
2026-01-28,HYG,81.16999816894531,81.18000030517578,81.02999877929688,81.04000091552734,77.8680191040039,35559200
2026-01-29,HYG,81.05000305175781,81.06999969482422,80.9000015258789,81.02999877929688,77.8583984375,38201600
2026-01-30,HYG,80.91999816894531,81.12999725341797,80.91999816894531,81.12000274658203,77.94488525390625,59848000
2026-02-02,HYG,80.66999816894531,80.80999755859375,80.63999938964844,80.7699966430664,77.9921875,42890700
2026-02-03,HYG,80.76000213623047,80.80999755859375,80.52999877929688,80.72000122070312,77.94392395019531,49372700
2026-02-04,HYG,80.69999694824219,80.72000122070312,80.54000091552734,80.62000274658203,77.84736633300781,42829400
2026-02-05,HYG,80.55999755859375,80.62000274658203,80.44999694824219,80.52999877929688,77.76045989990234,75554200
2026-02-06,HYG,80.66999816894531,80.80999755859375,80.62000274658203,80.80999755859375,78.03082275390625,40915900
2026-02-09,HYG,80.76000213623047,80.91999816894531,80.76000213623047,80.91999816894531,78.13704681396484,33716900
2026-02-10,HYG,80.94999694824219,81.01000213623047,80.83999633789062,80.83999633789062,78.0597915649414,37886100
2026-02-11,HYG,80.9000015258789,80.93000030517578,80.72000122070312,80.83000183105469,78.05014038085938,27272300
2026-02-12,HYG,80.91000366210938,80.97000122070312,80.75,80.79000091552734,78.01151275634766,48457000
2026-02-13,HYG,80.83000183105469,80.94000244140625,80.81999969482422,80.8499984741211,78.06945037841797,36612400
2026-02-17,HYG,80.81999969482422,80.86000061035156,80.73999786376953,80.80999755859375,78.03082275390625,35682000
2026-02-18,HYG,80.83999633789062,80.9800033569336,80.80999755859375,80.91000366210938,78.12738037109375,33943100
2026-02-19,HYG,80.87999725341797,80.94000244140625,80.83000183105469,80.94000244140625,78.15634155273438,29531000
2026-02-20,HYG,80.93000030517578,81.0,80.87000274658203,81.0,78.21428680419922,37959800
2026-02-23,HYG,80.95999908447266,81.01000213623047,80.83999633789062,80.87000274658203,78.0887680053711,33666000
2026-02-24,HYG,80.8499984741211,80.87000274658203,80.6500015258789,80.80999755859375,78.03082275390625,54979900
2026-02-25,HYG,80.81999969482422,80.93000030517578,80.81999969482422,80.91999816894531,78.13704681396484,29428200
2026-02-26,HYG,80.88999938964844,80.94000244140625,80.76000213623047,80.8499984741211,78.06945037841797,54533600
2026-02-27,HYG,80.75,80.80000305175781,80.6500015258789,80.72000122070312,77.94392395019531,62450000
2026-03-02,HYG,80.05999755859375,80.41000366210938,80.02999877929688,80.27999877929688,77.8992919921875,74327000
2026-03-03,HYG,79.94000244140625,80.30999755859375,79.83999633789062,80.12000274658203,77.74402618408203,118126800
2026-03-04,HYG,80.2300033569336,80.44999694824219,80.19999694824219,80.4000015258789,78.0157241821289,58694100
2026-03-05,HYG,80.2699966430664,80.30999755859375,80.0199966430664,80.08000183105469,77.70521545410156,79841000
2026-03-06,HYG,79.75,80.0,79.6500015258789,79.69000244140625,77.3267822265625,82125600
2026-03-09,HYG,79.58999633789062,80.18000030517578,79.54000091552734,80.16999816894531,77.79254150390625,88695000
2026-03-10,HYG,80.05000305175781,80.37999725341797,80.02999877929688,80.04000091552734,77.6664047241211,67499600
2026-03-11,HYG,79.98999786376953,80.04000091552734,79.80999755859375,79.86000061035156,77.49174499511719,59983500
2026-03-12,HYG,79.75,79.75,79.31999969482422,79.3499984741211,76.99686431884766,68674300
2026-03-13,HYG,79.52999877929688,79.68000030517578,79.12000274658203,79.19999694824219,76.85131072998047,68652900
2026-03-16,HYG,79.51000213623047,79.66999816894531,79.44999694824219,79.44999694824219,77.0938949584961,57535600
2026-03-17,HYG,79.61000061035156,79.81999969482422,79.56999969482422,79.80999755859375,77.4432144165039,47967800
2026-03-18,HYG,79.69000244140625,79.75,79.38999938964844,79.4000015258789,77.04537963867188,50281900
2026-03-19,HYG,79.02999877929688,79.69999694824219,78.98999786376953,79.66000366210938,77.29767608642578,103981600
2026-03-20,HYG,79.5,79.52999877929688,78.8499984741211,78.91999816894531,76.5796127319336,109084800
2026-03-23,HYG,79.30000305175781,79.69999694824219,79.16999816894531,79.44000244140625,77.08419036865234,79015800
2026-03-24,HYG,79.23999786376953,79.41000366210938,79.05999755859375,79.16999816894531,76.82220458984375,71941600
2026-03-25,HYG,79.44999694824219,79.58000183105469,79.3499984741211,79.41999816894531,77.06478881835938,49917700
2026-03-26,HYG,79.25,79.33000183105469,78.80000305175781,78.91999816894531,76.5796127319336,74979300
2026-03-27,HYG,78.83999633789062,78.83999633789062,78.56999969482422,78.72000122070312,76.38554382324219,68174300
2026-03-30,HYG,79.0199966430664,79.0999984741211,78.76000213623047,78.80999755859375,76.4728775024414,55210700
2026-03-31,HYG,79.16000366210938,79.61000061035156,79.12000274658203,79.55999755859375,77.20063781738281,101521300
2026-04-01,HYG,79.3499984741211,79.45999908447266,79.23999786376953,79.37000274658203,77.38980102539062,69789200
2026-04-02,HYG,79.08000183105469,79.62999725341797,79.08000183105469,79.55999755859375,77.57505798339844,53828200
2026-04-06,HYG,79.51000213623047,79.70999908447266,79.5,79.69999694824219,77.71156311035156,37098300
2026-04-07,HYG,79.66999816894531,79.73999786376953,79.31999969482422,79.72000122070312,77.73107147216797,47264100
2026-04-08,HYG,80.47000122070312,80.5199966430664,80.02999877929688,80.19000244140625,78.18933868408203,58556400
2026-04-09,HYG,80.1500015258789,80.38999938964844,80.0,80.27999877929688,78.27709197998047,45207500
2026-04-10,HYG,80.33999633789062,80.33999633789062,79.94999694824219,79.95999908447266,77.96508026123047,33005600
2026-04-13,HYG,79.87999725341797,80.2699966430664,79.87999725341797,80.26000213623047,78.25759887695312,38561400
2026-04-14,HYG,80.33999633789062,80.55999755859375,80.29000091552734,80.5,78.49160766601562,42038000
2026-04-15,HYG,80.44999694824219,80.48999786376953,80.3499984741211,80.45999908447266,78.45260620117188,47834900
2026-04-16,HYG,80.52999877929688,80.52999877929688,80.26000213623047,80.3499984741211,78.34534454345703,37743400
2026-04-17,HYG,80.5999984741211,80.76000213623047,80.55999755859375,80.6500015258789,78.63785552978516,61651600
2026-04-20,HYG,80.62999725341797,80.66999816894531,80.5,80.58000183105469,78.5696029663086,21104400
2026-04-21,HYG,80.55000305175781,80.58000183105469,80.30999755859375,80.37000274658203,78.3648452758789,58623500
2026-04-22,HYG,80.5,80.56999969482422,80.41999816894531,80.5,78.49160766601562,28004500
2026-04-23,HYG,80.45999908447266,80.55000305175781,80.16000366210938,80.37000274658203,78.3648452758789,49921700
2026-04-24,HYG,80.44000244140625,80.52999877929688,80.30000305175781,80.4800033569336,78.47209930419922,33626300
2026-04-27,HYG,80.44000244140625,80.54000091552734,80.41999816894531,80.51000213623047,78.50135803222656,24643700
2026-04-28,HYG,80.3499984741211,80.43000030517578,80.33000183105469,80.4000015258789,78.39408874511719,36382400
2026-04-29,HYG,80.31999969482422,80.33999633789062,79.9800033569336,80.12999725341797,78.13084411621094,56809400
2026-04-30,HYG,80.18000030517578,80.41999816894531,80.16999816894531,80.37999725341797,78.37459564208984,51626100
2026-05-01,HYG,80.05999755859375,80.2300033569336,80.02999877929688,80.05999755859375,78.47163391113281,43740400
2026-05-04,HYG,80.0199966430664,80.0199966430664,79.69000244140625,79.80000305175781,78.216796875,35069300
2026-05-05,HYG,79.88999938964844,80.0199966430664,79.88999938964844,79.91999816894531,78.33440399169922,26357900
2026-05-06,HYG,80.08999633789062,80.23999786376953,80.08000183105469,80.16000366210938,78.56964874267578,38323100
2026-05-07,HYG,80.22000122070312,80.23999786376953,79.86000061035156,79.86000061035156,78.27560424804688,44772900
2026-05-08,HYG,80.01000213623047,80.1500015258789,80.0,80.13999938964844,78.550048828125,29715200
2026-05-11,HYG,80.08000183105469,80.1500015258789,79.9800033569336,79.9800033569336,78.39321899414062,34366600
2026-05-12,HYG,79.81999969482422,79.88999938964844,79.69999694824219,79.87000274658203,78.28541564941406,37418900
2026-05-13,HYG,79.83999633789062,79.94999694824219,79.79000091552734,79.91000366210938,78.32461547851562,33257100
2026-05-14,HYG,79.97000122070312,80.05000305175781,79.8499984741211,79.8499984741211,78.26580047607422,27235600
2026-05-15,HYG,79.63999938964844,79.69000244140625,79.45999908447266,79.45999908447266,77.88353729248047,54466000
2026-05-18,HYG,79.62999725341797,79.69999694824219,79.44000244140625,79.54000091552734,77.96195220947266,38596100
2026-05-19,HYG,79.41000366210938,79.44999694824219,79.2300033569336,79.3499984741211,77.77571868896484,42904700
2026-05-20,HYG,79.5,79.87000274658203,79.4000015258789,79.86000061035156,78.27560424804688,58906300
2026-05-21,HYG,79.75,79.98999786376953,79.6500015258789,79.9000015258789,78.31481170654297,37584600
2026-05-22,HYG,80.01000213623047,80.0199966430664,79.83999633789062,79.91000366210938,78.32461547851562,22429400
2026-05-26,HYG,80.13999938964844,80.19000244140625,80.04000091552734,80.18000030517578,78.58924865722656,30406100
2026-05-27,HYG,80.16999816894531,80.20999908447266,80.08000183105469,80.12999725341797,78.54024505615234,22523800
2026-05-28,HYG,80.08000183105469,80.2699966430664,80.04000091552734,80.2300033569336,78.63825988769531,32001600
2026-05-29,HYG,80.26000213623047,80.36000061035156,80.20999908447266,80.30999755859375,78.7166748046875,39142200
2026-06-01,HYG,79.79000091552734,79.87999725341797,79.63999938964844,79.83999633789062,78.65657043457031,32671000
2026-06-02,HYG,79.83999633789062,79.9000015258789,79.79000091552734,79.9000015258789,78.71569061279297,25237500
2026-06-03,HYG,79.75,79.77999877929688,79.62999725341797,79.68000030517578,78.49894714355469,28203400
2026-06-04,HYG,79.75,79.8499984741211,79.75,79.83000183105469,78.646728515625,22697900
2026-06-05,HYG,79.69999694824219,79.72000122070312,79.3499984741211,79.43000030517578,78.25265502929688,46035600
2026-06-08,HYG,79.5999984741211,79.6500015258789,79.4800033569336,79.54000091552734,78.36101531982422,25217800
2026-06-09,HYG,79.62000274658203,79.79000091552734,79.41999816894531,79.62000274658203,78.4398422241211,34705500
2026-06-10,HYG,79.55999755859375,79.63999938964844,79.44999694824219,79.47000122070312,78.29206848144531,30345200
2026-06-11,HYG,79.56999969482422,79.97000122070312,79.5199966430664,79.94000244140625,78.75509643554688,55089500
2026-06-12,HYG,79.94000244140625,80.0,79.80000305175781,79.94000244140625,78.75509643554688,29873300
2026-06-15,HYG,80.13999938964844,80.16999816894531,80.02999877929688,80.04000091552734,78.85360717773438,32019600
2026-06-16,HYG,80.02999877929688,80.11000061035156,79.95999908447266,80.02999877929688,78.84375762939453,24471900
2026-06-17,HYG,79.98999786376953,80.06999969482422,79.70999908447266,79.7300033569336,78.5482177734375,47184800
2026-06-18,HYG,80.02999877929688,80.06999969482422,79.91999816894531,80.01000213623047,78.82405853271484,41111700
2026-06-22,HYG,79.94000244140625,79.9800033569336,79.87000274658203,79.94000244140625,78.75509643554688,26479500
2026-06-23,HYG,79.83000183105469,79.97000122070312,79.81999969482422,79.87000274658203,78.6861343383789,29811300
2026-06-24,HYG,79.94000244140625,79.98999786376953,79.83999633789062,79.8499984741211,78.66642761230469,38841000
2026-06-25,HYG,79.91999816894531,79.9800033569336,79.81999969482422,79.87999725341797,78.69598388671875,29322400
2026-06-26,HYG,79.81999969482422,79.94999694824219,79.80999755859375,79.83000183105469,78.646728515625,27647500
2026-06-29,HYG,79.94999694824219,80.02999877929688,79.8499984741211,80.01000213623047,78.82405853271484,37325700
2026-06-30,HYG,80.0,80.05000305175781,79.91999816894531,79.97000122070312,78.7846450805664,38103900
2026-07-01,HYG,79.55999755859375,79.66000366210938,79.51000213623047,79.58999633789062,78.77375793457031,38152300
2026-07-02,HYG,79.7300033569336,79.79000091552734,79.66999816894531,79.70999908447266,78.89252471923828,26111800
2026-07-06,HYG,79.7300033569336,79.91000366210938,79.7300033569336,79.87000274658203,79.05089569091797,25159400
2026-07-07,HYG,79.8499984741211,79.87999725341797,79.72000122070312,79.76000213623047,78.94202423095703,28558300
2026-07-08,HYG,79.61000061035156,79.68000030517578,79.54000091552734,79.66000366210938,78.84304809570312,30771300
2026-07-09,HYG,79.7300033569336,79.86000061035156,79.66999816894531,79.75,78.93212127685547,21882200
2026-07-10,HYG,79.77999877929688,79.83000183105469,79.62000274658203,79.70999908447266,78.89252471923828,24550300
2026-07-13,HYG,79.66999816894531,79.69000244140625,79.45999908447266,79.5199966430664,78.70448303222656,32133300
2026-07-14,HYG,79.68000030517578,79.69000244140625,79.56999969482422,79.68000030517578,78.86283874511719,28248700
2026-07-15,HYG,79.70999908447266,79.83999633789062,79.70999908447266,79.80999755859375,78.99150085449219,26948800
2026-07-16,HYG,79.76000213623047,79.83999633789062,79.7300033569336,79.80000305175781,78.98160552978516,22780300
2026-07-17,HYG,79.75,79.83999633789062,79.62999725341797,79.6500015258789,78.83314514160156,42020100
2026-07-20,HYG,79.73999786376953,79.7699966430664,79.66999816894531,79.68000030517578,78.86283874511719,19767900
2026-07-21,HYG,79.72000122070312,79.73999786376953,79.5999984741211,79.6500015258789,78.83314514160156,27198800
2026-07-22,HYG,79.61000061035156,79.6500015258789,79.4800033569336,79.5199966430664,78.70448303222656,24851700
2026-07-23,HYG,79.27999877929688,79.37000274658203,79.1500015258789,79.2300033569336,78.4174575805664,52554200
2026-07-24,HYG,79.25,79.30999755859375,79.16000366210938,79.2300033569336,78.4174575805664,41964600
2026-07-27,HYG,79.33999633789062,79.4000015258789,79.23999786376953,79.2699966430664,78.45703887939453,28939800
2026-07-28,HYG,79.31999969482422,79.41999816894531,79.25,79.41999816894531,78.60550689697266,33698300
2026-07-29,HYG,79.37000274658203,79.4800033569336,79.13999938964844,79.23999786376953,78.42735290527344,53074500
2026-07-30,HYG,79.37999725341797,79.5,79.33000183105469,79.47000122070312,78.65499114990234,30570700
2026-07-31,HYG,79.45999908447266,79.54000091552734,79.23999786376953,79.4800033569336,78.6648941040039,38659800
2026-08-03,HYG,79.25,79.33000183105469,79.1500015258789,79.30999755859375,78.87772369384766,30860100
2026-08-04,HYG,79.37000274658203,79.5999984741211,79.37000274658203,79.55000305175781,79.11642456054688,46524700
2026-08-05,HYG,79.55000305175781,79.55999755859375,79.44000244140625,79.5199966430664,79.08657836914062,25771800
2026-08-06,HYG,79.51000213623047,79.51000213623047,79.41000366210938,79.45999908447266,79.02690887451172,25818200
2026-08-07,HYG,79.66999816894531,79.69000244140625,79.56999969482422,79.61000061035156,79.17609405517578,23459400
2026-08-10,HYG,79.56999969482422,79.56999969482422,79.41000366210938,79.4800033569336,79.04680633544922,30292400
2026-08-11,HYG,79.55000305175781,79.56999969482422,79.48999786376953,79.51000213623047,79.0766372680664,17988300
2026-08-12,HYG,79.63999938964844,79.66000366210938,79.58999633789062,79.61000061035156,79.17609405517578,25243300
2026-08-13,HYG,79.73999786376953,79.86000061035156,79.68000030517578,79.79000091552734,79.35511016845703,28659200
2026-08-14,HYG,79.80000305175781,79.81999969482422,79.66000366210938,79.70999908447266,79.27554321289062,26611000
2026-08-17,HYG,79.66999816894531,79.70999908447266,79.58999633789062,79.61000061035156,79.17609405517578,22620500
2026-08-18,HYG,79.55999755859375,79.58000183105469,79.47000122070312,79.52999877929688,79.09652709960938,29462900
2026-08-19,HYG,79.69000244140625,79.73999786376953,79.63999938964844,79.70999908447266,79.27554321289062,29670000
2026-08-20,HYG,79.55000305175781,79.62999725341797,79.4800033569336,79.55999755859375,79.12635803222656,41762500
2026-08-21,HYG,79.66000366210938,79.66000366210938,79.55000305175781,79.61000061035156,79.17609405517578,37545400
2026-08-24,HYG,79.62000274658203,79.70999908447266,79.58000183105469,79.69999694824219,79.26559448242188,20714600
2026-08-25,HYG,79.83000183105469,79.94000244140625,79.76000213623047,79.91999816894531,79.4843978881836,29540300
2026-08-26,HYG,79.86000061035156,79.91000366210938,79.77999877929688,79.9000015258789,79.46451568603516,28585000
2026-08-27,HYG,79.93000030517578,79.97000122070312,79.81999969482422,79.87000274658203,79.43467712402344,32490100
2026-08-28,HYG,79.9000015258789,79.94999694824219,79.66000366210938,79.73999786376953,79.30538177490234,35134500
2026-08-31,HYG,79.70999908447266,79.80999755859375,79.62999725341797,79.80999755859375,79.375,36481400
2026-09-01,HYG,79.2699966430664,79.30000305175781,79.05999755859375,79.0999984741211,79.0999984741211,48867800
2026-09-02,HYG,79.13999938964844,79.2300033569336,79.0999984741211,79.11000061035156,79.11000061035156,34409100
2026-09-03,HYG,79.20999908447266,79.30000305175781,79.16999816894531,79.20999908447266,79.20999908447266,23037600
2026-09-04,HYG,79.19999694824219,79.23999786376953,79.1500015258789,79.16000366210938,79.16000366210938,25350900
2026-09-08,HYG,79.19000244140625,79.23999786376953,79.0999984741211,79.12000274658203,79.12000274658203,27470400
2026-09-09,HYG,79.08999633789062,79.11000061035156,78.9800033569336,78.9800033569336,78.9800033569336,31651700
2026-09-10,HYG,78.79000091552734,78.81999969482422,78.61000061035156,78.62000274658203,78.62000274658203,53424500
2026-09-11,HYG,78.77999877929688,78.86000061035156,78.5999984741211,78.5999984741211,78.5999984741211,38955300
2026-09-14,HYG,78.55000305175781,78.63999938964844,78.41000366210938,78.52999877929688,78.52999877929688,44071500
2026-09-15,HYG,78.51000213623047,78.51000213623047,78.37999725341797,78.37999725341797,78.37999725341797,42245600
2026-09-16,HYG,78.5,78.70999908447266,78.36000061035156,78.41999816894531,78.41999816894531,48625900
2026-09-17,HYG,78.7300033569336,78.75,78.66000366210938,78.72000122070312,78.72000122070312,45356000
2026-09-18,HYG,78.61000061035156,78.6500015258789,78.4800033569336,78.52999877929688,78.52999877929688,34871100
2026-09-21,HYG,78.66999816894531,78.75,78.62000274658203,78.68000030517578,78.68000030517578,44420000
