date,ticker,open,high,low,close,adj_close,volume
2006-01-03,VNQ,59.939998626708984,60.959999084472656,59.15999984741211,60.7599983215332,25.82444190979004,70300
2006-01-04,VNQ,61.209999084472656,61.220001220703125,60.709999084472656,61.209999084472656,26.015701293945312,75000
2006-01-05,VNQ,61.2400016784668,61.970001220703125,61.2400016784668,61.68000030517578,26.21546173095703,31200
2006-01-06,VNQ,62.0099983215332,62.279998779296875,61.70000076293945,62.2599983215332,26.461977005004883,36000
2006-01-09,VNQ,62.599998474121094,62.790000915527344,62.25,62.790000915527344,26.68723487854004,49200
2006-01-10,VNQ,62.790000915527344,63.5,62.459999084472656,63.16999816894531,26.848758697509766,54900
2006-01-11,VNQ,63.41999816894531,63.41999816894531,62.970001220703125,63.27000045776367,26.89126205444336,41900
2006-01-12,VNQ,63.31999969482422,63.31999969482422,62.880001068115234,63.09000015258789,26.81474494934082,136400
2006-01-13,VNQ,63.09000015258789,63.09000015258789,62.04999923706055,62.310001373291016,26.483230590820312,43000
2006-01-17,VNQ,62.310001373291016,62.310001373291016,61.619998931884766,62.060001373291016,26.37696647644043,59500
2006-01-18,VNQ,62.04999923706055,62.25,61.7599983215332,62.04999923706055,26.372722625732422,32700
2006-01-19,VNQ,62.20000076293945,62.90999984741211,62.06999969482422,62.83000183105469,26.70424461364746,59000
2006-01-20,VNQ,62.900001525878906,62.900001525878906,61.9900016784668,62.220001220703125,26.44498062133789,49000
2006-01-23,VNQ,62.5,62.650001525878906,62.290000915527344,62.5,26.563987731933594,42800
2006-01-24,VNQ,62.68000030517578,63.15999984741211,62.650001525878906,62.970001220703125,26.763755798339844,79800
2006-01-25,VNQ,63.15999984741211,63.40999984741211,62.7400016784668,63.0099983215332,26.780742645263672,1518500
2006-01-26,VNQ,63.279998779296875,63.41999816894531,62.90999984741211,63.220001220703125,26.870012283325195,1408300
2006-01-27,VNQ,63.70000076293945,64.25,63.5,63.93000030517578,27.17177963256836,1885100
2006-01-30,VNQ,64.18000030517578,64.18000030517578,63.65999984741211,63.880001068115234,27.150516510009766,1318700
2006-01-31,VNQ,63.65999984741211,64.37999725341797,63.650001525878906,64.05000305175781,27.2227783203125,423900
2006-02-01,VNQ,64.1500015258789,64.62999725341797,64.0,64.3499984741211,27.350263595581055,49700
2006-02-02,VNQ,64.27999877929688,64.33000183105469,63.709999084472656,63.900001525878906,27.159015655517578,66700
2006-02-03,VNQ,63.7599983215332,63.7599983215332,62.65999984741211,63.34000015258789,26.921005249023438,81000
2006-02-06,VNQ,63.34000015258789,63.58000183105469,63.209999084472656,63.58000183105469,27.023021697998047,99800
2006-02-07,VNQ,63.630001068115234,63.63999938964844,63.02000045776367,63.08000183105469,26.81050682067871,68500
2006-02-08,VNQ,63.029998779296875,63.029998779296875,62.290000915527344,62.79999923706055,26.691492080688477,57900
2006-02-09,VNQ,62.900001525878906,63.33000183105469,62.650001525878906,63.099998474121094,26.818994522094727,43700
2006-02-10,VNQ,63.0099983215332,63.43000030517578,62.619998931884766,63.15999984741211,26.844499588012695,375200
2006-02-13,VNQ,63.25,63.279998779296875,63.02000045776367,63.25,26.882747650146484,45700
2006-02-14,VNQ,63.25,63.70000076293945,62.75,63.599998474121094,27.031513214111328,49100
2006-02-15,VNQ,63.369998931884766,64.16000366210938,63.36000061035156,64.16000366210938,27.26953125,598900
2006-02-16,VNQ,64.19999694824219,64.62999725341797,64.16000366210938,64.58999633789062,27.452272415161133,72400
2006-02-17,VNQ,64.75,65.27999877929688,62.63999938964844,65.27999877929688,27.745548248291016,56400
2006-02-21,VNQ,65.4000015258789,65.52999877929688,65.0,65.19999694824219,27.711557388305664,61200
2006-02-22,VNQ,65.3499984741211,66.02999877929688,65.0,65.93000030517578,28.021814346313477,46700
2006-02-23,VNQ,65.94000244140625,66.02999877929688,65.37999725341797,65.81999969482422,27.97506332397461,56800
2006-02-24,VNQ,65.81999969482422,65.81999969482422,65.2699966430664,65.47000122070312,27.826305389404297,52500
2006-02-27,VNQ,65.69999694824219,65.75,65.23999786376953,65.4800033569336,27.830554962158203,55600
2006-02-28,VNQ,65.30999755859375,65.61000061035156,65.0,65.23999786376953,27.728548049926758,58500
2006-03-01,VNQ,66.19999694824219,66.19999694824219,65.11000061035156,65.62000274658203,27.890058517456055,42200
2006-03-02,VNQ,65.30000305175781,65.54000091552734,65.12999725341797,65.54000091552734,27.856061935424805,28300
2006-03-03,VNQ,65.44999694824219,65.44999694824219,64.87999725341797,65.18000030517578,27.703060150146484,100300
2006-03-06,VNQ,65.75,67.05000305175781,65.5,66.36000061035156,28.204565048217773,59900
2006-03-07,VNQ,66.4000015258789,66.4000015258789,65.44999694824219,65.55999755859375,27.864559173583984,38500
2006-03-08,VNQ,65.58000183105469,65.9000015258789,65.0,65.9000015258789,28.00906753540039,74700
2006-03-09,VNQ,65.97000122070312,66.68000030517578,65.69999694824219,66.44000244140625,28.238574981689453,55800
2006-03-10,VNQ,66.58000183105469,67.08000183105469,66.26000213623047,67.04000091552734,28.49359130859375,67100
2006-03-13,VNQ,67.30000305175781,67.43000030517578,66.33999633789062,66.5999984741211,28.30658531188965,56400
2006-03-14,VNQ,66.77999877929688,67.23999786376953,66.58000183105469,67.08000183105469,28.510587692260742,43400
2006-03-15,VNQ,67.36000061035156,68.4800033569336,67.36000061035156,68.3499984741211,29.05037498474121,57000
2006-03-16,VNQ,68.44999694824219,69.44999694824219,68.44000244140625,69.05999755859375,29.352144241333008,45300
2006-03-17,VNQ,69.30000305175781,69.70999908447266,68.77999877929688,69.68000030517578,29.61566925048828,96100
2006-03-20,VNQ,69.6500015258789,69.6500015258789,67.87999725341797,68.11000061035156,29.11717987060547,96700
2006-03-21,VNQ,67.98999786376953,68.23999786376953,67.01000213623047,67.31999969482422,28.779468536376953,220100
2006-03-22,VNQ,67.4000015258789,67.61000061035156,67.0,67.47000122070312,28.843585968017578,40600
2006-03-23,VNQ,67.23999786376953,67.72000122070312,67.23999786376953,67.6500015258789,28.92053985595703,143000
2006-03-24,VNQ,68.25,68.25,67.30000305175781,67.55000305175781,28.877784729003906,116100
2006-03-27,VNQ,67.47000122070312,67.54000091552734,66.58999633789062,66.7699966430664,28.544328689575195,60300
2006-03-28,VNQ,66.79000091552734,67.9000015258789,66.52999877929688,67.51000213623047,28.86068344116211,74400
2006-03-29,VNQ,68.0,68.9800033569336,68.0,68.7699966430664,29.39933204650879,78200
2006-03-30,VNQ,68.94999694824219,68.94999694824219,67.47000122070312,67.77999877929688,28.976116180419922,96900
2006-03-31,VNQ,68.02999877929688,68.18000030517578,67.30000305175781,67.91999816894531,29.03594970703125,92200
2006-04-03,VNQ,68.1500015258789,68.2699966430664,66.58999633789062,66.75,28.535789489746094,57200
2006-04-04,VNQ,66.88999938964844,66.97000122070312,66.0,66.29000091552734,28.33913230895996,97900
2006-04-05,VNQ,66.91999816894531,66.9800033569336,66.44000244140625,66.6500015258789,28.4930362701416,54800
2006-04-06,VNQ,66.41000366210938,66.80000305175781,66.33999633789062,66.37999725341797,28.377609252929688,62900
2006-04-07,VNQ,66.48999786376953,66.5,65.37999725341797,65.37999725341797,27.95010757446289,107100
2006-04-10,VNQ,65.44000244140625,65.44000244140625,64.62999725341797,64.76000213623047,27.68505859375,38700
2006-04-11,VNQ,64.61000061035156,64.91999816894531,64.43000030517578,64.5999984741211,27.616649627685547,71300
2006-04-12,VNQ,64.5999984741211,64.88999938964844,64.25,64.5999984741211,27.616649627685547,29700
2006-04-13,VNQ,64.37999725341797,64.55000305175781,63.59000015258789,63.75,27.253276824951172,47500
2006-04-17,VNQ,63.599998474121094,63.97999954223633,63.459999084472656,63.56999969482422,27.176313400268555,40300
2006-04-18,VNQ,63.810001373291016,65.36000061035156,63.75,65.12000274658203,27.838964462280273,44100
2006-04-19,VNQ,65.19999694824219,66.08999633789062,65.0,65.91999816894531,28.180953979492188,32900
2006-04-20,VNQ,66.05000305175781,66.08999633789062,65.44000244140625,65.98999786376953,28.21088409423828,33500
2006-04-21,VNQ,66.0999984741211,66.41000366210938,65.83000183105469,66.0,28.215152740478516,63400
2006-04-24,VNQ,66.1500015258789,66.1500015258789,65.36000061035156,65.66000366210938,28.069799423217773,49900
2006-04-25,VNQ,65.69999694824219,65.77999877929688,65.01000213623047,65.16000366210938,27.85605812072754,44900
2006-04-26,VNQ,65.41999816894531,65.41999816894531,64.81999969482422,64.95999908447266,27.770557403564453,61400
2006-04-27,VNQ,66.0,66.0,64.45999908447266,65.37000274658203,27.945829391479492,57900
2006-04-28,VNQ,65.62000274658203,66.06999969482422,65.4000015258789,65.61000061035156,28.04844856262207,63100
2006-05-01,VNQ,65.98999786376953,66.08000183105469,64.62000274658203,64.81999969482422,27.710708618164062,48800
2006-05-02,VNQ,65.0,65.0,63.79999923706055,64.16000366210938,27.428556442260742,51800
2006-05-03,VNQ,64.3499984741211,64.41000366210938,63.77000045776367,64.27999877929688,27.479862213134766,32300
2006-05-04,VNQ,64.5,65.5199966430664,64.5,65.19000244140625,27.868871688842773,47200
2006-05-05,VNQ,65.91999816894531,66.36000061035156,65.80000305175781,66.02999877929688,28.227970123291016,48100
2006-05-08,VNQ,66.18000030517578,66.4000015258789,65.93000030517578,66.31999969482422,28.35195541381836,146300
2006-05-09,VNQ,66.4000015258789,66.54000091552734,65.8499984741211,66.29000091552734,28.33913230895996,149400
2006-05-10,VNQ,66.19000244140625,66.62999725341797,66.0,66.05000305175781,28.236539840698242,58000
2006-05-11,VNQ,65.7300033569336,66.05000305175781,64.75,64.83000183105469,27.71498680114746,57000
2006-05-12,VNQ,64.37000274658203,64.45999908447266,63.369998931884766,64.01000213623047,27.364425659179688,62600
2006-05-15,VNQ,64.08000183105469,64.94000244140625,63.380001068115234,64.88999938964844,27.740629196166992,69600
2006-05-16,VNQ,65.12999725341797,65.20999908447266,64.54000091552734,64.63999938964844,27.63375473022461,29900
2006-05-17,VNQ,64.13999938964844,64.13999938964844,63.27000045776367,63.43000030517578,27.116479873657227,68700
2006-05-18,VNQ,64.1500015258789,64.20999908447266,62.88999938964844,62.939998626708984,26.906999588012695,36800
2006-05-19,VNQ,62.790000915527344,63.709999084472656,62.349998474121094,63.09000015258789,26.97111701965332,91700
2006-05-22,VNQ,62.849998474121094,62.91999816894531,62.06999969482422,62.91999816894531,26.898452758789062,172000
2006-05-23,VNQ,62.599998474121094,63.279998779296875,62.22999954223633,62.22999954223633,26.603469848632812,81700
2006-05-24,VNQ,62.27000045776367,62.81999969482422,61.689998626708984,62.33000183105469,26.646228790283203,167100
2006-05-25,VNQ,62.849998474121094,63.900001525878906,62.79999923706055,63.5,27.146398544311523,61800
2006-05-26,VNQ,64.29000091552734,64.37999725341797,63.84000015258789,64.26000213623047,27.471303939819336,61900
2006-05-30,VNQ,64.26000213623047,64.30999755859375,63.72999954223633,63.72999954223633,27.24472427368164,35000
2006-05-31,VNQ,64.16000366210938,64.30999755859375,62.849998474121094,63.84000015258789,27.291749954223633,56700
2006-06-01,VNQ,64.0,65.01000213623047,64.0,65.01000213623047,27.791919708251953,35600
2006-06-02,VNQ,65.31999969482422,65.88999938964844,65.11000061035156,65.76000213623047,28.112558364868164,45600
2006-06-05,VNQ,65.69999694824219,67.05000305175781,65.5199966430664,66.08000183105469,28.24936294555664,75500
2006-06-06,VNQ,66.29000091552734,66.29000091552734,65.23999786376953,65.29000091552734,27.911640167236328,34300
2006-06-07,VNQ,65.44999694824219,66.22000122070312,65.16999816894531,65.75,28.108287811279297,51200
2006-06-08,VNQ,65.75,65.83999633789062,64.62000274658203,65.61000061035156,28.04844856262207,74800
2006-06-09,VNQ,65.61000061035156,66.19000244140625,65.55999755859375,66.04000091552734,28.232269287109375,53200
2006-06-12,VNQ,66.25,66.25,64.98999786376953,65.25,27.8945369720459,183600
2006-06-13,VNQ,64.69999694824219,65.20999908447266,64.41000366210938,64.58000183105469,27.608102798461914,72100
2006-06-14,VNQ,64.18000030517578,64.68000030517578,63.88999938964844,64.02999877929688,27.372983932495117,60000
2006-06-15,VNQ,64.3499984741211,65.37000274658203,64.3499984741211,65.37000274658203,27.945829391479492,59500
2006-06-16,VNQ,65.12000274658203,65.37999725341797,64.76000213623047,65.23999786376953,27.890262603759766,62700
2006-06-19,VNQ,65.6500015258789,65.6500015258789,64.69000244140625,64.79000091552734,27.69788932800293,65800
2006-06-20,VNQ,65.0,65.0,64.19999694824219,64.44999694824219,27.552534103393555,42100
2006-06-21,VNQ,64.44999694824219,65.25,64.37000274658203,65.19999694824219,27.87315559387207,127000
2006-06-22,VNQ,65.19999694824219,65.19999694824219,64.48999786376953,64.73999786376953,27.6765079498291,55300
2006-06-23,VNQ,64.87000274658203,64.87000274658203,64.04000091552734,64.25,27.467041015625,84100
2006-06-26,VNQ,63.849998474121094,64.29000091552734,63.70000076293945,64.25,27.75997543334961,50100
2006-06-27,VNQ,64.3499984741211,64.5,63.970001220703125,64.18000030517578,27.729724884033203,37200
2006-06-28,VNQ,64.25,64.58000183105469,64.11000061035156,64.37000274658203,27.81181526184082,24600
2006-06-29,VNQ,65.05000305175781,65.80000305175781,64.62000274658203,65.80000305175781,28.429670333862305,59700
2006-06-30,VNQ,66.0999984741211,66.73999786376953,65.75,66.30000305175781,28.645694732666016,81800
2006-07-03,VNQ,66.72000122070312,67.52999877929688,66.5199966430664,67.52999877929688,29.177133560180664,894900
2006-07-05,VNQ,67.47000122070312,67.5199966430664,66.37000274658203,67.41999816894531,29.12959861755371,78200
2006-07-06,VNQ,67.38999938964844,67.58000183105469,67.08999633789062,67.58000183105469,29.19874382019043,29800
2006-07-07,VNQ,67.62999725341797,67.80999755859375,66.9000015258789,67.30000305175781,29.077760696411133,51700
2006-07-10,VNQ,67.58000183105469,67.88999938964844,67.19999694824219,67.83000183105469,29.306739807128906,113000
2006-07-11,VNQ,67.94999694824219,68.08999633789062,67.41000366210938,67.94000244140625,29.354270935058594,107100
2006-07-12,VNQ,68.1500015258789,68.1500015258789,67.7699966430664,68.12000274658203,29.432043075561523,111000
2006-07-13,VNQ,67.87999725341797,68.06999969482422,67.06999969482422,67.19999694824219,29.034547805786133,63600
2006-07-14,VNQ,66.9000015258789,67.1500015258789,66.27999877929688,66.27999877929688,28.637056350708008,65300
2006-07-17,VNQ,66.44000244140625,66.47000122070312,66.0999984741211,66.27999877929688,28.637056350708008,42100
2006-07-18,VNQ,66.63999938964844,67.33999633789062,66.22000122070312,67.27999877929688,29.069114685058594,54600
2006-07-19,VNQ,67.33999633789062,68.37000274658203,67.33999633789062,68.31999969482422,29.51847267150879,89000
2006-07-20,VNQ,68.72000122070312,68.72000122070312,67.76000213623047,67.76000213623047,29.27651023864746,48700
2006-07-21,VNQ,67.58999633789062,67.58999633789062,66.52999877929688,66.6500015258789,28.79690170288086,72200
2006-07-24,VNQ,66.91000366210938,67.75,66.76000213623047,67.75,29.272193908691406,59900
2006-07-25,VNQ,67.80999755859375,68.22000122070312,67.58999633789062,68.0999984741211,29.42340087890625,105600
2006-07-26,VNQ,68.13999938964844,68.44999694824219,67.97000122070312,68.33999633789062,29.527103424072266,55900
2006-07-27,VNQ,68.69999694824219,68.91999816894531,68.11000061035156,68.12000274658203,29.432043075561523,52600
2006-07-28,VNQ,68.25,69.13999938964844,68.25,69.11000061035156,29.85979652404785,36900
2006-07-31,VNQ,69.0199966430664,69.06999969482422,68.41999816894531,68.87999725341797,29.760412216186523,50400
2006-08-01,VNQ,68.61000061035156,68.66999816894531,67.80999755859375,68.5199966430664,29.604860305786133,869700
2006-08-02,VNQ,68.54000091552734,68.66000366210938,68.27999877929688,68.38999938964844,29.548704147338867,62800
2006-08-03,VNQ,68.16999816894531,69.05999755859375,68.16999816894531,69.04000091552734,29.829544067382812,36700
2006-08-04,VNQ,69.58000183105469,70.16999816894531,69.58000183105469,70.12999725341797,30.30050277709961,22600
2006-08-07,VNQ,70.16999816894531,70.16999816894531,69.27999877929688,69.44000244140625,30.002365112304688,32500
2006-08-08,VNQ,69.48999786376953,69.48999786376953,68.26000213623047,68.41000366210938,29.55734634399414,60900
2006-08-09,VNQ,68.8499984741211,68.8499984741211,67.98999786376953,67.98999786376953,29.37586784362793,52100
2006-08-10,VNQ,68.0999984741211,68.2699966430664,67.33999633789062,68.04000091552734,29.397489547729492,91500
2006-08-11,VNQ,68.1500015258789,68.1500015258789,67.3499984741211,67.62000274658203,29.216028213500977,38000
2006-08-14,VNQ,68.05999755859375,68.83999633789062,67.91000366210938,68.2699966430664,29.496858596801758,47700
2006-08-15,VNQ,68.87000274658203,69.16000366210938,68.8499984741211,69.05000305175781,29.833871841430664,52200
2006-08-16,VNQ,69.27999877929688,69.27999877929688,69.08999633789062,69.18000030517578,29.890026092529297,43000
2006-08-17,VNQ,69.19000244140625,69.38999938964844,68.94999694824219,69.08000183105469,29.846830368041992,67700
2006-08-18,VNQ,69.37999725341797,69.43000030517578,68.9800033569336,69.38999938964844,29.980758666992188,22700
2006-08-21,VNQ,69.33999633789062,69.83000183105469,69.23999786376953,69.79000091552734,30.153581619262695,49700
2006-08-22,VNQ,69.8499984741211,70.33000183105469,69.55000305175781,70.27999877929688,30.365299224853516,49300
2006-08-23,VNQ,70.5199966430664,70.5199966430664,69.54000091552734,69.73999786376953,30.131986618041992,48400
2006-08-24,VNQ,69.79000091552734,70.08999633789062,69.68000030517578,70.01000213623047,30.248655319213867,22000
2006-08-25,VNQ,70.08000183105469,70.19999694824219,69.83999633789062,69.95999908447266,30.22703742980957,45400
2006-08-28,VNQ,70.0999984741211,70.79000091552734,69.93000030517578,70.79000091552734,30.58565902709961,39000
2006-08-29,VNQ,70.87000274658203,70.87000274658203,70.29000091552734,70.80000305175781,30.589975357055664,40200
2006-08-30,VNQ,70.9000015258789,71.33000183105469,70.75,71.22000122070312,30.77143096923828,65800
2006-08-31,VNQ,71.55000305175781,71.63999938964844,69.31999969482422,71.27999877929688,30.7973575592041,128600
2006-09-01,VNQ,71.58999633789062,71.58999633789062,70.87000274658203,70.87000274658203,30.620210647583008,31200
2006-09-05,VNQ,71.13999938964844,71.58999633789062,70.9000015258789,71.58999633789062,30.93129539489746,62900
2006-09-06,VNQ,71.5,71.5199966430664,71.18000030517578,71.25,30.78439712524414,39700
2006-09-07,VNQ,71.30000305175781,71.30000305175781,70.58999633789062,70.66999816894531,30.533809661865234,70000
2006-09-08,VNQ,70.68000030517578,71.41999816894531,70.26000213623047,71.33999633789062,30.823284149169922,46200
2006-09-11,VNQ,71.02999877929688,71.63999938964844,70.79000091552734,71.56999969482422,30.922657012939453,40200
2006-09-12,VNQ,71.83000183105469,72.5199966430664,71.44999694824219,72.48999786376953,31.320158004760742,59900
2006-09-13,VNQ,72.6500015258789,73.08999633789062,72.33000183105469,72.9000015258789,31.497299194335938,50100
2006-09-14,VNQ,72.69999694824219,72.69999694824219,72.19000244140625,72.51000213623047,31.32880401611328,78900
2006-09-15,VNQ,72.58000183105469,73.18000030517578,72.58000183105469,73.08999633789062,31.579387664794922,75500
2006-09-18,VNQ,73.05000305175781,73.05000305175781,72.45999908447266,72.56999969482422,31.354721069335938,56500
2006-09-19,VNQ,72.5,73.13999938964844,72.5,73.11000061035156,31.588035583496094,34900
2006-09-20,VNQ,73.4000015258789,73.58999633789062,72.75,72.94999694824219,31.518898010253906,86800
2006-09-21,VNQ,72.8499984741211,73.06999969482422,71.83000183105469,72.13999938964844,31.168941497802734,114700
2006-09-22,VNQ,72.0999984741211,72.55999755859375,71.6500015258789,72.33000183105469,31.251028060913086,93200
2006-09-25,VNQ,71.94999694824219,71.97000122070312,71.22000122070312,71.76000213623047,31.298137664794922,225200
2006-09-26,VNQ,71.80000305175781,71.81999969482422,71.44000244140625,71.58999633789062,31.223979949951172,45900
2006-09-27,VNQ,71.58999633789062,72.30999755859375,71.37000274658203,72.22000122070312,31.498756408691406,44300
2006-09-28,VNQ,72.44999694824219,72.44999694824219,71.75,72.06999969482422,31.433345794677734,75600
2006-09-29,VNQ,72.19999694824219,72.37999725341797,71.93000030517578,72.0,31.40280532836914,58200
2006-10-02,VNQ,72.12999725341797,72.43000030517578,71.30000305175781,71.86000061035156,31.34173583984375,60700
2006-10-03,VNQ,71.69999694824219,72.81999969482422,71.69999694824219,72.55999755859375,31.647058486938477,74800
2006-10-04,VNQ,72.6500015258789,73.43000030517578,72.6500015258789,73.4000015258789,32.01342010498047,54500
2006-10-05,VNQ,73.4800033569336,74.0199966430664,73.4800033569336,73.87999725341797,32.2227668762207,82000
2006-10-06,VNQ,74.0,74.0,73.19000244140625,73.41999816894531,32.02214431762695,69100
2006-10-09,VNQ,73.51000213623047,73.95999908447266,72.77999877929688,73.83999633789062,32.20532989501953,186100
2006-10-10,VNQ,73.75,74.30999755859375,73.0999984741211,73.8499984741211,32.209686279296875,62400
2006-10-11,VNQ,73.55000305175781,74.06999969482422,73.12999725341797,73.56999969482422,32.087554931640625,88400
2006-10-12,VNQ,73.77999877929688,74.23999786376953,73.5999984741211,74.23999786376953,32.37978744506836,86200
2006-10-13,VNQ,74.33000183105469,75.08999633789062,74.23999786376953,75.08999633789062,32.75050735473633,113800
2006-10-16,VNQ,75.16999816894531,75.27999877929688,74.95999908447266,75.25,32.82028579711914,63400
2006-10-17,VNQ,75.25,75.30999755859375,74.88999938964844,75.0,32.71125411987305,45800
2006-10-18,VNQ,75.5,75.5199966430664,75.0999984741211,75.37999725341797,32.87699508666992,56500
2006-10-19,VNQ,75.44999694824219,75.5999984741211,75.05000305175781,75.19999694824219,32.79848861694336,68300
2006-10-20,VNQ,75.06999969482422,75.27999877929688,74.70999908447266,75.0999984741211,32.75486755371094,44000
2006-10-23,VNQ,75.27999877929688,75.55000305175781,74.83000183105469,75.55000305175781,32.951141357421875,49100
2006-10-24,VNQ,75.66999816894531,75.66999816894531,75.0,75.16000366210938,32.78104019165039,67700
2006-10-25,VNQ,75.31999969482422,75.7699966430664,75.12999725341797,75.54000091552734,32.94676971435547,30500
2006-10-26,VNQ,75.98999786376953,76.30999755859375,75.66999816894531,76.29000091552734,33.27389144897461,77400
2006-10-27,VNQ,76.19999694824219,76.2699966430664,75.62000274658203,75.77999877929688,33.05146408081055,57700
2006-10-30,VNQ,75.5999984741211,76.36000061035156,75.54000091552734,76.20999908447266,33.239009857177734,44700
2006-10-31,VNQ,76.80000305175781,76.80000305175781,75.83999633789062,76.33999633789062,33.29569625854492,106200
2006-11-01,VNQ,76.5199966430664,76.58000183105469,75.6500015258789,75.75,33.038368225097656,80100
2006-11-02,VNQ,75.58999633789062,75.58999633789062,73.97000122070312,74.30999755859375,32.41032409667969,110800
2006-11-03,VNQ,74.5999984741211,74.5999984741211,72.91000366210938,73.48999786376953,32.05266571044922,102300
2006-11-06,VNQ,73.9000015258789,74.36000061035156,73.7300033569336,74.16999816894531,32.3492546081543,448000
2006-11-07,VNQ,74.19999694824219,74.19999694824219,73.36000061035156,73.36000061035156,31.995973587036133,74600
2006-11-08,VNQ,73.33000183105469,73.79000091552734,72.69000244140625,73.61000061035156,32.10500717163086,94800
2006-11-09,VNQ,73.70999908447266,73.94999694824219,73.26000213623047,73.72000122070312,32.15298843383789,86200
2006-11-10,VNQ,73.7699966430664,74.08000183105469,73.5,74.0199966430664,32.28382110595703,49900
2006-11-13,VNQ,74.11000061035156,74.33999633789062,73.83000183105469,74.19999694824219,32.362342834472656,54300
2006-11-14,VNQ,74.55000305175781,75.23999786376953,74.3499984741211,75.13999938964844,32.77231979370117,72400
2006-11-15,VNQ,75.25,75.44999694824219,75.0,75.2300033569336,32.81157302856445,89000
2006-11-16,VNQ,75.69999694824219,75.77999877929688,75.37000274658203,75.73999786376953,33.03400802612305,102300
2006-11-17,VNQ,75.75,75.75,75.25,75.44999694824219,32.90752410888672,54500
2006-11-20,VNQ,76.48999786376953,78.37000274658203,76.48999786376953,78.05999755859375,34.04587936401367,162200
2006-11-21,VNQ,78.1500015258789,79.37000274658203,78.1500015258789,79.31999969482422,34.59541702270508,249300
2006-11-22,VNQ,79.55000305175781,79.83000183105469,79.02999877929688,79.66999816894531,34.748077392578125,108800
2006-11-24,VNQ,79.44999694824219,80.01000213623047,79.30000305175781,80.01000213623047,34.8963737487793,57600
2006-11-27,VNQ,80.19999694824219,80.19999694824219,77.83000183105469,77.8499984741211,33.95427703857422,127700
2006-11-28,VNQ,78.0,78.0999984741211,77.2699966430664,78.05999755859375,34.04587936401367,85500
2006-11-29,VNQ,78.5,79.25,78.41999816894531,79.16000366210938,34.525630950927734,136400
2006-11-30,VNQ,79.52999877929688,80.19999694824219,79.04000091552734,79.98999786376953,34.887630462646484,44000
2006-12-01,VNQ,80.19999694824219,80.30000305175781,79.20999908447266,79.83999633789062,34.82221221923828,136500
2006-12-04,VNQ,79.5,80.94999694824219,79.5,80.7699966430664,35.22783660888672,62500
2006-12-05,VNQ,81.1500015258789,81.1500015258789,80.08999633789062,80.1500015258789,34.957420349121094,62700
2006-12-06,VNQ,80.30000305175781,80.30000305175781,79.05999755859375,79.69999694824219,34.76115798950195,85900
2006-12-07,VNQ,80.0999984741211,80.0999984741211,79.19999694824219,79.20999908447266,34.54744338989258,85300
2006-12-08,VNQ,79.44000244140625,79.61000061035156,79.0,79.47000122070312,34.66084671020508,72600
2006-12-11,VNQ,79.5999984741211,79.8499984741211,79.18000030517578,79.6500015258789,34.739349365234375,75800
2006-12-12,VNQ,79.94999694824219,79.9800033569336,79.0999984741211,79.29000091552734,34.58232879638672,45900
2006-12-13,VNQ,79.9000015258789,79.9000015258789,78.45999908447266,78.87999725341797,34.403507232666016,62400
2006-12-14,VNQ,78.6500015258789,79.38999938964844,78.6500015258789,78.94000244140625,34.42969512939453,55500
2006-12-15,VNQ,79.22000122070312,79.30000305175781,78.30999755859375,78.3499984741211,34.172359466552734,134700
2006-12-18,VNQ,78.48999786376953,78.79000091552734,77.83999633789062,77.86000061035156,33.958641052246094,101100
2006-12-19,VNQ,77.5999984741211,77.69999694824219,76.62000274658203,77.19999694824219,33.670780181884766,195900
2006-12-20,VNQ,77.20999908447266,78.16000366210938,77.20999908447266,78.01000213623047,34.02406692504883,219600
2006-12-21,VNQ,77.69999694824219,78.1500015258789,77.16999816894531,77.37000274658203,33.74494552612305,355700
2006-12-22,VNQ,75.91999816894531,75.94999694824219,74.97000122070312,75.20999908447266,33.44874572753906,364700
2006-12-26,VNQ,75.30000305175781,76.06999969482422,75.30000305175781,75.75,33.688899993896484,94400
2006-12-27,VNQ,75.80000305175781,76.54000091552734,75.80000305175781,76.43000030517578,33.99131393432617,58800
2006-12-28,VNQ,76.75,76.94999694824219,76.2699966430664,76.63999938964844,34.08470916748047,95300
2006-12-29,VNQ,76.9000015258789,77.37999725341797,76.72000122070312,77.0,34.24482727050781,358400
2007-01-03,VNQ,77.33999633789062,77.70999908447266,76.4000015258789,77.12000274658203,34.29819107055664,525700
2007-01-04,VNQ,77.2300033569336,77.26000213623047,76.62999725341797,77.22000122070312,34.3426628112793,166100
2007-01-05,VNQ,77.0999984741211,77.0999984741211,75.75,75.79000091552734,33.706687927246094,143700
2007-01-08,VNQ,76.0,76.0,75.43000030517578,75.9000015258789,33.75559616088867,87000
2007-01-09,VNQ,75.7300033569336,76.95999908447266,75.7300033569336,76.86000061035156,34.18256759643555,136300
2007-01-10,VNQ,76.72000122070312,77.9000015258789,76.55000305175781,77.8499984741211,34.622833251953125,138600
2007-01-11,VNQ,78.0999984741211,79.33000183105469,78.0999984741211,78.86000061035156,35.072021484375,186800
2007-01-12,VNQ,78.94999694824219,79.27999877929688,78.80999755859375,79.11000061035156,35.18321228027344,185900
2007-01-16,VNQ,79.75,80.33999633789062,79.29000091552734,80.2300033569336,35.68132400512695,161800
2007-01-17,VNQ,80.23999786376953,80.5,79.31999969482422,80.19999694824219,35.66798400878906,120000
2007-01-18,VNQ,80.25,80.48999786376953,79.80999755859375,80.0999984741211,35.623512268066406,85200
2007-01-19,VNQ,79.94000244140625,80.9000015258789,79.61000061035156,80.9000015258789,35.979286193847656,81800
2007-01-22,VNQ,80.94999694824219,80.94999694824219,80.08999633789062,80.22000122070312,35.676883697509766,76000
2007-01-23,VNQ,80.36000061035156,80.91999816894531,80.2699966430664,80.5999984741211,35.845882415771484,114300
2007-01-24,VNQ,80.69999694824219,81.6500015258789,80.5999984741211,81.6500015258789,36.312835693359375,97500
2007-01-25,VNQ,82.16000366210938,82.75,81.87999725341797,82.1500015258789,36.53520584106445,174500
2007-01-26,VNQ,82.44999694824219,82.47000122070312,81.69999694824219,82.41999816894531,36.65530776977539,117000
2007-01-29,VNQ,82.5999984741211,82.80000305175781,82.19000244140625,82.69000244140625,36.775367736816406,145600
2007-01-30,VNQ,82.81999969482422,83.0999984741211,82.25,83.0999984741211,36.95771789550781,87400
2007-01-31,VNQ,83.19999694824219,83.94000244140625,82.66000366210938,83.76000213623047,37.251251220703125,139800
2007-02-01,VNQ,83.83000183105469,84.11000061035156,83.13999938964844,84.08999633789062,37.39799880981445,885600
2007-02-02,VNQ,84.13999938964844,84.23999786376953,83.68000030517578,84.23999786376953,37.4647216796875,130900
2007-02-05,VNQ,84.4000015258789,84.41000366210938,84.1500015258789,84.23999786376953,37.4647216796875,168400
2007-02-06,VNQ,84.75,85.4800033569336,84.62000274658203,85.4800033569336,38.016204833984375,139400
2007-02-07,VNQ,85.52999877929688,87.2699966430664,85.05000305175781,87.2699966430664,38.81227493286133,254600
2007-02-08,VNQ,86.88999938964844,87.44000244140625,86.44999694824219,86.5999984741211,38.514305114746094,172600
2007-02-09,VNQ,86.75,86.87999725341797,83.7300033569336,85.5999984741211,38.069557189941406,285800
2007-02-12,VNQ,85.5999984741211,85.5999984741211,83.70999908447266,84.05000305175781,37.380218505859375,274400
2007-02-13,VNQ,83.8499984741211,85.68000030517578,83.37999725341797,85.68000030517578,38.10514450073242,199300
2007-02-14,VNQ,85.80000305175781,85.97000122070312,84.79000091552734,85.06999969482422,37.833858489990234,291800
2007-02-15,VNQ,85.25,86.08999633789062,84.91999816894531,85.69999694824219,38.11404037475586,175700
2007-02-16,VNQ,85.54000091552734,85.6500015258789,84.4000015258789,85.4800033569336,38.016204833984375,130500
2007-02-20,VNQ,85.33999633789062,86.27999877929688,84.51000213623047,86.13999938964844,38.309722900390625,106900
2007-02-21,VNQ,85.94000244140625,85.94000244140625,85.1500015258789,85.86000061035156,38.18520736694336,129900
2007-02-22,VNQ,85.94999694824219,85.94999694824219,85.08000183105469,85.4000015258789,37.98062515258789,96900
2007-02-23,VNQ,85.25,85.30999755859375,83.80000305175781,83.91000366210938,37.31796646118164,166700
2007-02-26,VNQ,84.05999755859375,84.30000305175781,82.05999755859375,83.48999786376953,37.13117218017578,230500
2007-02-27,VNQ,82.13999938964844,82.54000091552734,80.08000183105469,80.9000015258789,35.979286193847656,302000
2007-02-28,VNQ,80.91000366210938,82.23999786376953,80.87999725341797,81.5,36.24614715576172,949600
2007-03-01,VNQ,80.4000015258789,81.80000305175781,78.0,80.68000030517578,35.881446838378906,332600
2007-03-02,VNQ,80.27999877929688,80.62000274658203,79.2300033569336,79.4000015258789,35.312191009521484,251600
2007-03-05,VNQ,78.44000244140625,78.51000213623047,76.30000305175781,76.30999755859375,33.93795394897461,300100
2007-03-06,VNQ,77.0999984741211,79.27999877929688,77.0999984741211,79.11000061035156,35.18321228027344,163300
2007-03-07,VNQ,78.68000030517578,79.16000366210938,77.88999938964844,78.0,34.68955612182617,95000
2007-03-08,VNQ,78.0999984741211,79.80999755859375,78.0999984741211,79.25,35.245445251464844,137100
2007-03-09,VNQ,80.19999694824219,80.36000061035156,79.56999969482422,80.30000305175781,35.71245193481445,132200
2007-03-12,VNQ,80.29000091552734,80.97000122070312,79.7300033569336,80.69999694824219,35.890350341796875,103800
2007-03-13,VNQ,80.5,80.69999694824219,78.5199966430664,78.80000305175781,35.045352935791016,129500
2007-03-14,VNQ,78.4000015258789,79.27999877929688,77.5,79.18000030517578,35.21433639526367,111900
2007-03-15,VNQ,79.47000122070312,79.9000015258789,79.31999969482422,79.88999938964844,35.530128479003906,118300
2007-03-16,VNQ,79.87999725341797,79.87999725341797,78.94000244140625,79.0,35.134300231933594,131400
2007-03-19,VNQ,79.75,80.12999725341797,79.33999633789062,79.79000091552734,35.485633850097656,140300
2007-03-20,VNQ,79.80000305175781,80.2699966430664,79.38999938964844,80.11000061035156,35.62794876098633,67800
2007-03-21,VNQ,79.94999694824219,81.29000091552734,79.5,81.08000183105469,36.0593376159668,82300
2007-03-22,VNQ,81.08999633789062,81.4000015258789,80.62000274658203,81.16000366210938,36.094947814941406,178900
2007-03-23,VNQ,81.25,81.68000030517578,81.05000305175781,81.20999908447266,36.117156982421875,222000
2007-03-26,VNQ,80.79000091552734,80.80999755859375,79.19999694824219,79.44999694824219,35.538780212402344,469400
2007-03-27,VNQ,79.08000183105469,79.2300033569336,78.25,78.62000274658203,35.167518615722656,103300
2007-03-28,VNQ,78.1500015258789,78.80999755859375,77.37999725341797,78.0999984741211,34.93492126464844,104800
2007-03-29,VNQ,78.80000305175781,78.81999969482422,77.7699966430664,78.2300033569336,34.99306106567383,115900
2007-03-30,VNQ,78.05000305175781,79.3499984741211,78.05000305175781,79.3499984741211,35.49406051635742,231300
2007-04-02,VNQ,79.30000305175781,79.94999694824219,78.9000015258789,79.8499984741211,35.717716217041016,151100
2007-04-03,VNQ,80.33000183105469,80.79000091552734,80.08999633789062,80.55000305175781,36.03083038330078,186400
2007-04-04,VNQ,80.55000305175781,80.55000305175781,79.6500015258789,80.1500015258789,35.85190200805664,88500
2007-04-05,VNQ,80.0,80.36000061035156,80.0,80.06999969482422,35.816123962402344,66900
2007-04-09,VNQ,80.0999984741211,80.3499984741211,80.0,80.22000122070312,35.88323211669922,97800
2007-04-10,VNQ,79.93000030517578,80.86000061035156,79.93000030517578,80.55000305175781,36.03083038330078,82500
2007-04-11,VNQ,80.58000183105469,80.58000183105469,78.97000122070312,79.3499984741211,35.49406051635742,137800
2007-04-12,VNQ,79.19000244140625,79.19000244140625,78.4800033569336,78.80999755859375,35.25252151489258,71600
2007-04-13,VNQ,78.69999694824219,79.69999694824219,78.44999694824219,79.69999694824219,35.6506233215332,82700
2007-04-16,VNQ,79.9000015258789,79.98999786376953,79.37000274658203,79.80000305175781,35.695350646972656,160900
2007-04-17,VNQ,79.77999877929688,80.87999725341797,79.77999877929688,80.83999633789062,36.16055679321289,95200
2007-04-18,VNQ,80.38999938964844,80.72000122070312,80.25,80.33999633789062,35.93690490722656,75300
2007-04-19,VNQ,79.68000030517578,80.02999877929688,79.41999816894531,79.80000305175781,35.695350646972656,66700
2007-04-20,VNQ,80.19999694824219,80.44999694824219,80.0199966430664,80.4000015258789,35.96373748779297,139200
2007-04-23,VNQ,80.4000015258789,81.41999816894531,80.19999694824219,81.30000305175781,36.36632537841797,182400
2007-04-24,VNQ,81.75,81.75,80.27999877929688,80.75,36.12028121948242,74800
2007-04-25,VNQ,80.93000030517578,81.30999755859375,79.93000030517578,80.69999694824219,36.09793472290039,152000
2007-04-26,VNQ,80.88999938964844,80.98999786376953,80.25,80.75,36.12028121948242,57800
2007-04-27,VNQ,80.4000015258789,80.75,80.2300033569336,80.55000305175781,36.03083038330078,56500
2007-04-30,VNQ,80.68000030517578,80.68000030517578,79.12000274658203,79.25,35.449302673339844,152300
2007-05-01,VNQ,79.5,79.5,77.79000091552734,78.55999755859375,35.140682220458984,171500
2007-05-02,VNQ,78.1500015258789,79.2699966430664,78.1500015258789,79.18000030517578,35.41801071166992,90800
2007-05-03,VNQ,79.4800033569336,79.61000061035156,79.05000305175781,79.38999938964844,35.51194763183594,48800
2007-05-04,VNQ,79.30999755859375,79.3499984741211,78.33000183105469,78.69999694824219,35.20331573486328,87500
2007-05-07,VNQ,78.63999938964844,79.08000183105469,78.30000305175781,78.91999816894531,35.301719665527344,164000
2007-05-08,VNQ,78.33999633789062,78.6500015258789,78.23999786376953,78.4000015258789,35.069114685058594,81900
2007-05-09,VNQ,78.13999938964844,79.58999633789062,78.13999938964844,79.25,35.449302673339844,76800
2007-05-10,VNQ,79.04000091552734,79.04000091552734,78.0199966430664,78.19000244140625,34.97518539428711,103300
2007-05-11,VNQ,78.3499984741211,79.25,78.33000183105469,79.25,35.449302673339844,65600
2007-05-14,VNQ,79.18000030517578,79.47000122070312,78.58999633789062,78.80000305175781,35.248050689697266,82500
2007-05-15,VNQ,78.9000015258789,79.11000061035156,77.36000061035156,77.5999984741211,34.711280822753906,422900
2007-05-16,VNQ,77.45999908447266,77.72000122070312,76.19999694824219,76.63999938964844,34.281856536865234,136700
2007-05-17,VNQ,76.04000091552734,76.16000366210938,75.06999969482422,75.30999755859375,33.686927795410156,154700
2007-05-18,VNQ,75.12999725341797,75.30999755859375,74.01000213623047,74.55000305175781,33.34697723388672,373200
2007-05-21,VNQ,74.38999938964844,75.79000091552734,74.1500015258789,74.8499984741211,33.48116683959961,597400
2007-05-22,VNQ,75.0999984741211,76.33999633789062,74.94000244140625,75.95999908447266,33.97768783569336,179700
2007-05-23,VNQ,76.0,76.69999694824219,75.18000030517578,75.37999725341797,33.718238830566406,193000
2007-05-24,VNQ,75.02999877929688,75.2300033569336,73.19999694824219,74.12000274658203,33.15463638305664,208700
2007-05-25,VNQ,74.4800033569336,75.44999694824219,74.12999725341797,74.54000091552734,33.34249496459961,158400
2007-05-29,VNQ,75.4000015258789,77.81999969482422,75.0,77.19999694824219,34.532344818115234,164500
2007-05-30,VNQ,76.8499984741211,79.2699966430664,76.8499984741211,79.2699966430664,35.458274841308594,574700
2007-05-31,VNQ,79.56999969482422,79.83000183105469,78.43000030517578,78.94999694824219,35.31515121459961,198100
2007-06-01,VNQ,79.23999786376953,79.48999786376953,78.5,79.05999755859375,35.36433792114258,128100
2007-06-04,VNQ,78.80000305175781,79.75,78.5999984741211,79.37999725341797,35.50748062133789,222700
2007-06-05,VNQ,79.0999984741211,79.11000061035156,78.0,78.12000274658203,34.94386291503906,126300
2007-06-06,VNQ,77.75,78.11000061035156,77.16000366210938,77.58999633789062,34.70679473876953,74000
2007-06-07,VNQ,76.91999816894531,77.05999755859375,74.97000122070312,75.1500015258789,33.61537551879883,206300
2007-06-08,VNQ,75.05000305175781,76.18000030517578,74.69999694824219,76.05000305175781,34.01795196533203,160900
2007-06-11,VNQ,75.7699966430664,75.7699966430664,74.86000061035156,74.91000366210938,33.507999420166016,172200
2007-06-12,VNQ,74.83000183105469,74.83000183105469,73.54000091552734,73.61000061035156,32.92650604248047,273900
2007-06-13,VNQ,74.12999725341797,75.36000061035156,73.94999694824219,75.23999786376953,33.655616760253906,105100
2007-06-14,VNQ,75.44999694824219,75.44999694824219,74.30000305175781,74.43000030517578,33.29330062866211,71600
2007-06-15,VNQ,75.12000274658203,75.73999786376953,75.02999877929688,75.25,33.660099029541016,178100
2007-06-18,VNQ,75.1500015258789,75.19999694824219,74.04000091552734,74.08999633789062,33.14122772216797,154200
2007-06-19,VNQ,73.6500015258789,74.29000091552734,73.31999969482422,74.2300033569336,33.203834533691406,175900
2007-06-20,VNQ,74.2300033569336,74.2699966430664,72.0,72.0,32.20633316040039,73500
2007-06-21,VNQ,72.25,72.58000183105469,71.25,72.4000015258789,32.385257720947266,346500
2007-06-22,VNQ,72.19999694824219,72.31999969482422,71.55999755859375,72.12999725341797,32.264488220214844,110800
2007-06-25,VNQ,71.02999877929688,71.33999633789062,69.8499984741211,70.06999969482422,31.735498428344727,381600
2007-06-26,VNQ,70.2300033569336,70.55999755859375,69.5999984741211,69.80000305175781,31.613195419311523,210800
2007-06-27,VNQ,69.41000366210938,71.81999969482422,69.13999938964844,71.58999633789062,32.42389678955078,196400
2007-06-28,VNQ,71.55999755859375,72.25,71.18000030517578,71.22000122070312,32.25633239746094,117100
2007-06-29,VNQ,71.23999786376953,72.22000122070312,70.37000274658203,70.94999694824219,32.134063720703125,195300
2007-07-02,VNQ,71.20999908447266,72.68000030517578,71.06999969482422,72.58999633789062,32.87681198120117,217100
2007-07-03,VNQ,72.66000366210938,72.94000244140625,72.18000030517578,72.38999938964844,32.786231994628906,92000
2007-07-05,VNQ,72.98999786376953,74.30999755859375,72.98999786376953,73.4800033569336,33.279903411865234,129100
2007-07-06,VNQ,73.61000061035156,73.86000061035156,72.83000183105469,73.38999938964844,33.23914337158203,110800
2007-07-09,VNQ,73.51000213623047,73.51000213623047,72.8499984741211,73.33999633789062,33.21650314331055,64600
2007-07-10,VNQ,72.77999877929688,72.86000061035156,71.38999938964844,71.4800033569336,32.37407302856445,119300
2007-07-11,VNQ,71.30000305175781,71.58000183105469,70.58000183105469,71.33999633789062,32.310665130615234,138700
2007-07-12,VNQ,71.5,72.26000213623047,71.25,72.26000213623047,32.72736358642578,92000
2007-07-13,VNQ,71.95999908447266,73.04000091552734,71.94000244140625,72.94999694824219,33.03987121582031,107200
2007-07-16,VNQ,72.91000366210938,73.86000061035156,72.33999633789062,72.33999633789062,32.763580322265625,88200
2007-07-17,VNQ,72.5999984741211,72.86000061035156,72.02999877929688,72.08000183105469,32.64583969116211,123700
2007-07-18,VNQ,71.8499984741211,71.93000030517578,70.69000244140625,71.91999816894531,32.57337951660156,136500
2007-07-19,VNQ,72.12000274658203,72.58999633789062,72.0999984741211,72.19000244140625,32.69565963745117,76900
2007-07-20,VNQ,72.0,72.08000183105469,70.5,70.93000030517578,32.12498474121094,157100
2007-07-23,VNQ,71.19999694824219,71.19999694824219,69.69999694824219,69.69999694824219,31.567901611328125,134300
2007-07-24,VNQ,69.23999786376953,69.86000061035156,68.02999877929688,68.29000091552734,30.929292678833008,128900
2007-07-25,VNQ,68.80000305175781,69.2699966430664,67.08999633789062,67.55000305175781,30.59415626525879,262800
2007-07-26,VNQ,67.62999725341797,67.62999725341797,65.31999969482422,66.30999755859375,30.032533645629883,317500
2007-07-27,VNQ,66.19999694824219,67.0,64.11000061035156,64.11000061035156,29.036130905151367,252000
2007-07-30,VNQ,64.95999908447266,65.62999725341797,64.2300033569336,65.3499984741211,29.597742080688477,197200
2007-07-31,VNQ,66.0999984741211,67.04000091552734,65.01000213623047,65.08999633789062,29.47998809814453,552700
2007-08-01,VNQ,65.01000213623047,66.16000366210938,63.70000076293945,65.94999694824219,29.869478225708008,202500
2007-08-02,VNQ,66.54000091552734,67.0999984741211,66.04000091552734,67.04000091552734,30.3631649017334,545600
2007-08-03,VNQ,66.69000244140625,66.73999786376953,64.44999694824219,64.44999694824219,29.190114974975586,169300
2007-08-06,VNQ,65.25,66.69999694824219,63.54999923706055,66.69999694824219,30.209150314331055,333300
2007-08-07,VNQ,65.94000244140625,67.66000366210938,65.37000274658203,67.06999969482422,30.376745223999023,233700
2007-08-08,VNQ,67.48999786376953,69.88999938964844,67.19000244140625,69.72000122070312,31.57695960998535,293500
2007-08-09,VNQ,68.37000274658203,70.12999725341797,65.80999755859375,68.94999694824219,31.228219985961914,453700
2007-08-10,VNQ,67.58000183105469,68.93000030517578,66.83999633789062,66.87000274658203,30.286174774169922,193700
2007-08-13,VNQ,66.75,67.7300033569336,66.55000305175781,66.55000305175781,30.141220092773438,178000
2007-08-14,VNQ,66.5999984741211,66.5999984741211,64.55000305175781,64.63999938964844,29.276172637939453,440600
2007-08-15,VNQ,64.36000061035156,66.33999633789062,63.54999923706055,63.54999923706055,28.782495498657227,629200
2007-08-16,VNQ,63.38999938964844,66.0999984741211,63.02000045776367,66.0999984741211,29.937423706054688,472100
2007-08-17,VNQ,67.7699966430664,69.44999694824219,66.5199966430664,67.5999984741211,30.61679458618164,517700
2007-08-20,VNQ,67.5,68.94999694824219,67.25,68.83999633789062,31.17839813232422,367800
2007-08-21,VNQ,68.43000030517578,69.54000091552734,68.26000213623047,69.16000366210938,31.323333740234375,250600
2007-08-22,VNQ,70.0,70.44000244140625,69.19000244140625,70.0,31.703779220581055,274700
2007-08-23,VNQ,70.0,70.16999816894531,68.72000122070312,68.80000305175781,31.160282135009766,277300
2007-08-24,VNQ,69.12000274658203,69.30000305175781,68.25,69.16999816894531,31.32784652709961,240900
2007-08-27,VNQ,68.77999877929688,68.9000015258789,67.66999816894531,67.66999816894531,30.648496627807617,205100
2007-08-28,VNQ,67.4800033569336,67.4800033569336,65.5999984741211,65.5999984741211,29.710969924926758,195400
2007-08-29,VNQ,66.01000213623047,68.0,66.01000213623047,68.0,30.797975540161133,239200
2007-08-30,VNQ,66.44000244140625,68.41999816894531,66.44000244140625,68.3499984741211,30.956483840942383,269100
2007-08-31,VNQ,69.04000091552734,70.27999877929688,68.66000366210938,69.4800033569336,31.46826171875,1092000
2007-09-04,VNQ,69.51000213623047,71.0,69.27999877929688,70.4000015258789,31.884933471679688,359600
2007-09-05,VNQ,69.69999694824219,69.87000274658203,68.66999816894531,68.70999908447266,31.119522094726562,255600
2007-09-06,VNQ,69.13999938964844,69.43000030517578,68.33000183105469,69.31999969482422,31.395793914794922,181800
2007-09-07,VNQ,68.12000274658203,68.45999908447266,67.55999755859375,67.6500015258789,30.639432907104492,330200
2007-09-10,VNQ,68.05000305175781,68.30000305175781,66.56999969482422,66.94999694824219,30.322397232055664,188200
2007-09-11,VNQ,67.51000213623047,68.33999633789062,67.5,68.33999633789062,30.95194435119629,369400
2007-09-12,VNQ,68.02999877929688,68.63999938964844,67.80000305175781,67.94000244140625,30.770771026611328,107200
2007-09-13,VNQ,68.47000122070312,69.80000305175781,68.3499984741211,69.47000122070312,31.4637451171875,133700
2007-09-14,VNQ,68.75,69.91999816894531,68.36000061035156,69.91999816894531,31.66754913330078,427500
2007-09-17,VNQ,69.61000061035156,69.83999633789062,69.0,69.41000366210938,31.436561584472656,107500
2007-09-18,VNQ,69.80999755859375,71.87999725341797,69.54000091552734,71.87999725341797,32.55524826049805,154600
2007-09-19,VNQ,72.05000305175781,73.44999694824219,72.05000305175781,73.2300033569336,33.16668701171875,200400
2007-09-20,VNQ,72.7699966430664,72.7699966430664,71.33000183105469,71.33000183105469,32.30615234375,498400
2007-09-21,VNQ,71.95999908447266,72.19999694824219,71.68000030517578,71.83999633789062,32.53713607788086,82600
2007-09-24,VNQ,71.4000015258789,72.44999694824219,71.23999786376953,72.44999694824219,33.153995513916016,131500
2007-09-25,VNQ,71.62000274658203,71.62000274658203,70.6500015258789,70.6500015258789,32.33029556274414,380800
2007-09-26,VNQ,71.29000091552734,71.68000030517578,70.8499984741211,71.68000030517578,32.80161666870117,155900
2007-09-27,VNQ,72.02999877929688,72.2300033569336,71.63999938964844,72.2300033569336,33.053314208984375,141200
2007-09-28,VNQ,71.97000122070312,71.97000122070312,71.30000305175781,71.45999908447266,32.700958251953125,174800
2007-10-01,VNQ,72.0999984741211,73.19999694824219,72.08999633789062,73.19999694824219,33.497196197509766,884900
2007-10-02,VNQ,73.54000091552734,74.52999877929688,73.4000015258789,74.52999877929688,34.10581970214844,205200
2007-10-03,VNQ,74.19000244140625,74.4800033569336,73.76000213623047,74.16999816894531,33.941097259521484,168300
2007-10-04,VNQ,74.41000366210938,74.93000030517578,73.75,74.93000030517578,34.288856506347656,136300
2007-10-05,VNQ,75.23999786376953,76.69000244140625,74.69999694824219,76.69000244140625,35.09426498413086,266300
2007-10-08,VNQ,75.4800033569336,75.73999786376953,75.19000244140625,75.23999786376953,34.43073654174805,140900
2007-10-09,VNQ,75.44999694824219,76.08000183105469,74.63999938964844,76.08000183105469,34.81512451171875,159300
2007-10-10,VNQ,76.08000183105469,76.18000030517578,75.23999786376953,75.55000305175781,34.57259750366211,187600
2007-10-11,VNQ,76.37000274658203,76.4800033569336,75.05999755859375,75.25,34.435306549072266,111800
2007-10-12,VNQ,75.5,75.68000030517578,74.54000091552734,74.54000091552734,34.11040115356445,129500
2007-10-15,VNQ,74.5999984741211,74.83999633789062,72.97000122070312,73.13999938964844,33.469749450683594,205100
2007-10-16,VNQ,72.88999938964844,73.04000091552734,72.04000091552734,72.25,33.06248474121094,205800
2007-10-17,VNQ,72.83999633789062,74.12000274658203,70.55000305175781,72.13999938964844,33.012142181396484,263900
2007-10-18,VNQ,71.58000183105469,72.88999938964844,70.81999969482422,72.16000366210938,33.021297454833984,134000
2007-10-19,VNQ,71.72000122070312,71.72000122070312,69.08999633789062,69.08999633789062,31.616413116455078,184500
2007-10-22,VNQ,69.08999633789062,70.9000015258789,68.76000213623047,70.9000015258789,32.444698333740234,246600
2007-10-23,VNQ,71.44999694824219,71.6500015258789,70.37000274658203,71.6500015258789,32.787906646728516,185500
2007-10-24,VNQ,71.0999984741211,71.0999984741211,69.36000061035156,70.44999694824219,32.23876190185547,370600
2007-10-25,VNQ,71.33999633789062,71.55999755859375,69.94999694824219,70.5999984741211,32.30741500854492,310000
2007-10-26,VNQ,71.55999755859375,72.06999969482422,70.43000030517578,71.66999816894531,32.79706573486328,144600
2007-10-29,VNQ,71.63999938964844,71.80999755859375,70.5,70.5,32.261653900146484,133200
2007-10-30,VNQ,70.87999725341797,71.87000274658203,70.87999725341797,71.47000122070312,32.70552062988281,178600
2007-10-31,VNQ,71.91999816894531,72.95999908447266,70.77999877929688,72.95999908447266,33.38737487792969,263600
2007-11-01,VNQ,71.16000366210938,71.31999969482422,69.55000305175781,69.55000305175781,31.826929092407227,278700
2007-11-02,VNQ,69.93000030517578,69.93000030517578,67.5999984741211,68.55999755859375,31.373872756958008,306500
2007-11-05,VNQ,67.5,68.44999694824219,67.25,67.56999969482422,30.920854568481445,309000
2007-11-06,VNQ,67.20999908447266,68.41999816894531,66.91999816894531,68.41999816894531,31.309814453125,212600
2007-11-07,VNQ,66.9800033569336,67.9000015258789,66.08999633789062,66.29000091552734,30.335100173950195,495200
2007-11-08,VNQ,66.63999938964844,67.08000183105469,65.37999725341797,66.48999786376953,30.42661476135254,294100
2007-11-09,VNQ,65.7699966430664,67.01000213623047,65.5,65.94999694824219,30.179519653320312,247200
2007-11-12,VNQ,66.08999633789062,67.69000244140625,65.87999725341797,66.70999908447266,30.527301788330078,277800
2007-11-13,VNQ,66.69999694824219,68.91999816894531,66.69999694824219,68.91999816894531,31.53861427307129,175900
2007-11-14,VNQ,70.0199966430664,70.0199966430664,67.5199966430664,67.5199966430664,30.897951126098633,311500
2007-11-15,VNQ,67.72000122070312,68.04000091552734,66.5,67.4000015258789,30.843059539794922,342800
2007-11-16,VNQ,68.19000244140625,68.2300033569336,65.80999755859375,66.13999938964844,30.266460418701172,361500
2007-11-19,VNQ,66.0,66.0,64.69999694824219,64.69999694824219,29.607498168945312,316900
2007-11-20,VNQ,65.4000015258789,65.97000122070312,62.400001525878906,63.45000076293945,29.035486221313477,482500
2007-11-21,VNQ,62.77000045776367,63.779998779296875,62.290000915527344,63.0099983215332,28.83413314819336,339000
2007-11-23,VNQ,64.27999877929688,64.94000244140625,63.66999816894531,64.25,29.40157127380371,164500
2007-11-26,VNQ,64.94999694824219,64.94999694824219,61.16999816894531,61.16999816894531,27.992137908935547,221400
2007-11-27,VNQ,62.13999938964844,62.630001068115234,61.099998474121094,62.599998474121094,28.646516799926758,291100
2007-11-28,VNQ,63.4900016784668,65.3499984741211,63.4900016784668,65.3499984741211,29.90495491027832,302100
2007-11-29,VNQ,65.30000305175781,65.41000366210938,63.86000061035156,64.30000305175781,29.42445945739746,152400
2007-11-30,VNQ,65.69999694824219,66.94000244140625,65.23999786376953,66.05000305175781,30.225282669067383,275600
2007-12-03,VNQ,66.26000213623047,66.26000213623047,64.76000213623047,65.33999633789062,29.900371551513672,423300
2007-12-04,VNQ,65.33999633789062,65.33999633789062,63.58000183105469,63.58000183105469,29.09497833251953,299200
2007-12-05,VNQ,64.87000274658203,65.75,64.30999755859375,65.72000122070312,30.074262619018555,223800
2007-12-06,VNQ,65.72000122070312,67.94999694824219,65.58999633789062,67.80999755859375,31.03067398071289,180600
2007-12-07,VNQ,68.0,68.62000274658203,67.5,67.56999969482422,30.920854568481445,264100
2007-12-10,VNQ,67.61000061035156,69.0199966430664,67.26000213623047,69.0199966430664,31.584373474121094,248200
2007-12-11,VNQ,69.30000305175781,69.66999816894531,65.33000183105469,65.37999725341797,29.918672561645508,280600
2007-12-12,VNQ,67.61000061035156,67.62000274658203,64.54000091552734,65.16000366210938,29.818004608154297,416500
2007-12-13,VNQ,64.94999694824219,65.0999984741211,63.529998779296875,64.41999816894531,29.479372024536133,318400
2007-12-14,VNQ,63.18000030517578,65.0199966430664,62.66999816894531,62.79999923706055,28.738040924072266,922900
2007-12-17,VNQ,62.220001220703125,62.2400016784668,60.86000061035156,60.86000061035156,27.850271224975586,509100
2007-12-18,VNQ,61.869998931884766,62.25,60.0099983215332,61.79999923706055,28.280426025390625,494100
2007-12-19,VNQ,61.939998626708984,62.43000030517578,61.38999938964844,62.43000030517578,28.568716049194336,370500
2007-12-20,VNQ,62.08000183105469,62.08000183105469,60.56999969482422,61.15999984741211,28.44964027404785,998500
2007-12-21,VNQ,61.41999816894531,62.36000061035156,61.41999816894531,62.36000061035156,29.007837295532227,374200
2007-12-24,VNQ,62.369998931884766,64.55000305175781,62.369998931884766,64.37999725341797,29.947486877441406,121700
2007-12-26,VNQ,63.849998474121094,63.970001220703125,63.04999923706055,63.310001373291016,29.449756622314453,371900
2007-12-27,VNQ,62.91999816894531,63.20000076293945,61.68000030517578,62.04999923706055,28.863632202148438,353800
2007-12-28,VNQ,62.040000915527344,62.5,60.58000183105469,60.959999084472656,28.356599807739258,395000
2007-12-31,VNQ,61.31999969482422,61.72999954223633,60.529998779296875,61.459999084472656,28.589187622070312,335800
2008-01-02,VNQ,61.459999084472656,62.02000045776367,60.400001525878906,61.27000045776367,28.50080680847168,5341700
2008-01-03,VNQ,62.220001220703125,62.220001220703125,59.02000045776367,59.36000061035156,27.612337112426758,259300
2008-01-04,VNQ,59.41999816894531,59.41999816894531,56.86000061035156,56.95000076293945,26.491281509399414,382300
2008-01-07,VNQ,57.029998779296875,57.86000061035156,55.97999954223633,57.47999954223633,26.73781967163086,668600
2008-01-08,VNQ,57.599998474121094,59.11000061035156,55.400001525878906,55.4900016784668,25.812135696411133,646700
2008-01-09,VNQ,55.70000076293945,56.470001220703125,53.529998779296875,56.470001220703125,26.268003463745117,534600
2008-01-10,VNQ,56.36000061035156,58.29999923706055,54.880001068115234,57.34000015258789,26.672691345214844,717000
2008-01-11,VNQ,57.88999938964844,58.220001220703125,55.869998931884766,57.349998474121094,26.677350997924805,558300
2008-01-14,VNQ,57.81999969482422,58.41999816894531,55.83000183105469,57.11000061035156,26.565710067749023,399900
2008-01-15,VNQ,56.22999954223633,56.5,55.36000061035156,55.95000076293945,26.026121139526367,542700
2008-01-16,VNQ,55.209999084472656,57.4900016784668,55.209999084472656,56.59000015258789,26.323810577392578,621800
2008-01-17,VNQ,56.7599983215332,57.150001525878906,55.619998931884766,55.81999969482422,25.965646743774414,700400
2008-01-18,VNQ,56.25,56.77000045776367,54.20000076293945,55.08000183105469,25.62142562866211,880900
2008-01-22,VNQ,54.970001220703125,57.439998626708984,53.33000183105469,56.400001525878906,26.23544692993164,925800
2008-01-23,VNQ,55.70000076293945,61.75,55.70000076293945,61.75,28.724088668823242,1329400
2008-01-24,VNQ,61.810001373291016,63.099998474121094,59.650001525878906,60.29999923706055,28.049596786499023,755600
2008-01-25,VNQ,61.029998779296875,61.599998474121094,59.349998474121094,59.95000076293945,27.88678550720215,690400
2008-01-28,VNQ,59.9900016784668,61.97999954223633,59.09000015258789,61.97999954223633,28.831079483032227,814200
2008-01-29,VNQ,61.880001068115234,62.400001525878906,60.93000030517578,61.41999816894531,28.570589065551758,532400
2008-01-30,VNQ,61.27000045776367,62.369998931884766,59.75,59.779998779296875,27.807703018188477,589500
2008-01-31,VNQ,59.560001373291016,61.70000076293945,59.040000915527344,60.97999954223633,28.365917205810547,743400
2008-02-01,VNQ,61.349998474121094,63.619998931884766,61.189998626708984,63.529998779296875,29.552087783813477,848600
2008-02-04,VNQ,63.470001220703125,63.470001220703125,61.95000076293945,62.869998931884766,29.245075225830078,520000
2008-02-05,VNQ,61.779998779296875,62.689998626708984,60.650001525878906,60.650001525878906,28.212404251098633,711000
2008-02-06,VNQ,61.08000183105469,61.25,59.52000045776367,59.65999984741211,27.751882553100586,558000
2008-02-07,VNQ,59.47999954223633,61.06999969482422,59.0,61.06999969482422,28.40778160095215,462600
2008-02-08,VNQ,60.93000030517578,60.93000030517578,58.380001068115234,59.119998931884766,27.500694274902344,837500
2008-02-11,VNQ,59.119998931884766,59.849998474121094,57.66999816894531,57.91999816894531,26.9425048828125,720200
2008-02-12,VNQ,58.310001373291016,59.86000061035156,58.310001373291016,59.56999969482422,27.71002960205078,902800
2008-02-13,VNQ,60.790000915527344,60.790000915527344,58.97999954223633,60.040000915527344,27.928653717041016,814900
2008-02-14,VNQ,60.02000045776367,60.75,58.900001525878906,58.91999816894531,27.40765953063965,1046100
2008-02-15,VNQ,58.70000076293945,59.40999984741211,58.099998474121094,59.400001525878906,27.630949020385742,1150900
2008-02-19,VNQ,61.150001525878906,61.150001525878906,58.310001373291016,59.25,27.56116485595703,1076500
2008-02-20,VNQ,58.150001525878906,59.70000076293945,58.099998474121094,59.619998931884766,27.733280181884766,1518700
2008-02-21,VNQ,60.08000183105469,60.34000015258789,58.0,58.0,26.979711532592773,1092300
2008-02-22,VNQ,58.97999954223633,59.63999938964844,57.72999954223633,59.63999938964844,27.74259376525879,1063400
2008-02-25,VNQ,60.459999084472656,61.459999084472656,58.90999984741211,61.459999084472656,28.589187622070312,984800
2008-02-26,VNQ,61.5,61.959999084472656,60.65999984741211,61.45000076293945,28.584545135498047,889100
2008-02-27,VNQ,61.33000183105469,61.93000030517578,60.7599983215332,61.15999984741211,28.44964027404785,447800
2008-02-28,VNQ,60.90999984741211,60.90999984741211,59.900001525878906,59.900001525878906,27.8635196685791,627800
2008-02-29,VNQ,59.84000015258789,59.869998931884766,58.81999969482422,59.040000915527344,27.46347427368164,556600
2008-03-03,VNQ,59.029998779296875,59.66999816894531,58.310001373291016,59.45000076293945,27.654212951660156,629500
2008-03-04,VNQ,58.650001525878906,59.68000030517578,58.18000030517578,58.88999938964844,27.393701553344727,517100
2008-03-05,VNQ,58.70000076293945,60.06999969482422,58.70000076293945,59.70000076293945,27.770503997802734,558300
2008-03-06,VNQ,59.83000183105469,59.83000183105469,56.95000076293945,56.97999954223633,26.5052433013916,535000
2008-03-07,VNQ,57.04999923706055,58.22999954223633,56.2400016784668,57.90999984741211,26.937849044799805,636400
2008-03-10,VNQ,58.13999938964844,58.189998626708984,56.81999969482422,57.09000015258789,26.55640411376953,752200
2008-03-11,VNQ,58.84000015258789,60.79999923706055,57.939998626708984,60.79999923706055,28.282180786132812,577700
2008-03-12,VNQ,60.41999816894531,61.54999923706055,59.52000045776367,59.52000045776367,27.68675994873047,363400
2008-03-13,VNQ,59.209999084472656,60.709999084472656,57.7599983215332,60.220001220703125,28.01238441467285,503300
2008-03-14,VNQ,61.27000045776367,61.27000045776367,57.9900016784668,59.0,27.44487762451172,615900
2008-03-17,VNQ,58.47999954223633,59.72999954223633,58.06999969482422,59.36000061035156,27.612337112426758,1021200
2008-03-18,VNQ,61.20000076293945,62.0,59.84000015258789,61.970001220703125,28.826419830322266,774700
2008-03-19,VNQ,61.72999954223633,63.0,61.5,61.5,28.6077938079834,372600
2008-03-20,VNQ,61.75,64.05000305175781,61.61000061035156,63.54999923706055,29.561403274536133,531200
2008-03-24,VNQ,65.08999633789062,65.5999984741211,64.30999755859375,64.9800033569336,30.226587295532227,384200
2008-03-25,VNQ,65.0999984741211,65.37999725341797,63.720001220703125,64.6500015258789,30.30392074584961,752900
2008-03-26,VNQ,64.0199966430664,64.4000015258789,63.2400016784668,63.40999984741211,29.722686767578125,437000
2008-03-27,VNQ,65.12999725341797,65.12999725341797,62.75,62.88999938964844,29.47893714904785,673300
2008-03-28,VNQ,64.44000244140625,64.44000244140625,62.0,62.150001525878906,29.132070541381836,491400
2008-03-31,VNQ,63.16999816894531,63.83000183105469,62.099998474121094,62.38999938964844,29.24458122253418,409000
2008-04-01,VNQ,63.7400016784668,65.94000244140625,63.27000045776367,65.94000244140625,30.908594131469727,3876600
2008-04-02,VNQ,66.13999938964844,66.22000122070312,64.77999877929688,65.62000274658203,30.758586883544922,483400
2008-04-03,VNQ,65.95999908447266,67.12000274658203,65.19999694824219,67.12000274658203,31.46170997619629,508900
2008-04-04,VNQ,67.68000030517578,67.68000030517578,65.91999816894531,66.05999755859375,30.96484375,1124600
2008-04-07,VNQ,67.19000244140625,67.19000244140625,65.41999816894531,65.44999694824219,30.678911209106445,681300
2008-04-08,VNQ,65.95999908447266,65.95999908447266,65.0,65.36000061035156,30.636728286743164,452500
2008-04-09,VNQ,65.25,65.43000030517578,63.70000076293945,63.720001220703125,29.867990493774414,515900
2008-04-10,VNQ,63.70000076293945,64.7699966430664,63.22999954223633,64.33999633789062,30.158607482910156,576600
2008-04-11,VNQ,63.459999084472656,64.3499984741211,63.31999969482422,63.54999923706055,29.78830909729004,422300
2008-04-14,VNQ,63.380001068115234,64.16000366210938,63.08000183105469,63.18000030517578,29.61487579345703,410800
2008-04-15,VNQ,63.619998931884766,63.900001525878906,63.08000183105469,63.81999969482422,29.91486930847168,218700
2008-04-16,VNQ,64.66000366210938,66.41000366210938,64.23999786376953,66.41000366210938,31.128890991210938,358200
2008-04-17,VNQ,66.01000213623047,66.66999816894531,65.4800033569336,66.6500015258789,31.24138832092285,400600
2008-04-18,VNQ,67.61000061035156,67.87000274658203,66.12000274658203,66.2699966430664,31.063264846801758,814400
2008-04-21,VNQ,66.36000061035156,66.37000274658203,65.54000091552734,65.77999877929688,30.833593368530273,307700
2008-04-22,VNQ,65.73999786376953,65.97000122070312,65.08999633789062,65.62000274658203,30.758586883544922,522800
2008-04-23,VNQ,65.62000274658203,66.87999725341797,65.38999938964844,66.44000244140625,31.142953872680664,693300
2008-04-24,VNQ,66.54000091552734,68.0,66.31999969482422,67.76000213623047,31.761693954467773,886400
2008-04-25,VNQ,68.80999755859375,68.80999755859375,67.4000015258789,68.13999938964844,31.939817428588867,454400
2008-04-28,VNQ,68.3499984741211,68.3499984741211,67.55000305175781,68.05000305175781,31.89763832092285,699600
2008-04-29,VNQ,67.38999938964844,67.95999908447266,66.91000366210938,67.30999755859375,31.550762176513672,806100
2008-04-30,VNQ,67.88999938964844,67.9800033569336,66.19000244140625,66.37000274658203,31.110151290893555,629600
2008-05-01,VNQ,66.44999694824219,67.80000305175781,65.91999816894531,67.80000305175781,31.780445098876953,780200
2008-05-02,VNQ,68.72000122070312,68.72000122070312,67.30000305175781,67.73999786376953,31.752309799194336,1311800
2008-05-05,VNQ,67.70999908447266,67.73999786376953,66.9000015258789,67.55000305175781,31.663257598876953,295500
2008-05-06,VNQ,68.04000091552734,68.05000305175781,66.79000091552734,68.0199966430664,31.88356590270996,336800
2008-05-07,VNQ,67.94000244140625,68.0,65.91999816894531,66.16999816894531,31.016401290893555,496200
2008-05-08,VNQ,66.83999633789062,66.83999633789062,65.30000305175781,65.7699966430664,30.82891082763672,419100
2008-05-09,VNQ,65.69999694824219,66.08999633789062,65.06999969482422,65.41000366210938,30.66015625,342300
2008-05-12,VNQ,65.61000061035156,66.9800033569336,65.44000244140625,66.9800033569336,31.39607810974121,287700
2008-05-13,VNQ,67.23999786376953,67.30000305175781,66.44999694824219,67.25,31.52264404296875,307100
2008-05-14,VNQ,67.88999938964844,68.04000091552734,67.38999938964844,67.66999816894531,31.719507217407227,297000
2008-05-15,VNQ,67.86000061035156,68.48999786376953,67.20999908447266,68.48999786376953,32.103878021240234,415000
2008-05-16,VNQ,68.5,68.5,67.62999725341797,68.12999725341797,31.935134887695312,323800
2008-05-19,VNQ,68.16000366210938,68.5199966430664,67.5999984741211,68.23999786376953,31.986684799194336,256700
2008-05-20,VNQ,67.73999786376953,67.8499984741211,66.75,67.31999969482422,31.555438995361328,1419600
2008-05-21,VNQ,67.18000030517578,67.68000030517578,65.38999938964844,65.69999694824219,30.796092987060547,3444000
2008-05-22,VNQ,65.36000061035156,65.7300033569336,64.95999908447266,65.13999938964844,30.533594131469727,3545600
2008-05-23,VNQ,64.9800033569336,65.08000183105469,64.51000213623047,64.83000183105469,30.388294219970703,311300
2008-05-27,VNQ,64.8499984741211,65.94999694824219,64.8499984741211,65.72000122070312,30.80545997619629,370600
2008-05-28,VNQ,66.19000244140625,66.19999694824219,65.43000030517578,65.83000183105469,30.857017517089844,199800
2008-05-29,VNQ,65.80999755859375,66.55999755859375,65.58999633789062,66.54000091552734,31.189844131469727,726700
2008-05-30,VNQ,66.94999694824219,66.94999694824219,65.87000274658203,66.2300033569336,31.044538497924805,304700
2008-06-02,VNQ,66.66999816894531,66.66999816894531,64.63999938964844,65.12000274658203,30.52424430847168,338500
2008-06-03,VNQ,65.48999786376953,65.69000244140625,64.75,65.55000305175781,30.725770950317383,410000
2008-06-04,VNQ,65.29000091552734,66.41000366210938,65.12999725341797,65.88999938964844,30.88515281677246,323800
2008-06-05,VNQ,66.33000183105469,67.41999816894531,66.12000274658203,67.4000015258789,31.592960357666016,218100
2008-06-06,VNQ,67.04000091552734,67.04000091552734,64.55999755859375,64.58000183105469,30.271108627319336,595100
2008-06-09,VNQ,64.86000061035156,65.3499984741211,63.16999816894531,63.29999923706055,29.671127319335938,412100
2008-06-10,VNQ,63.08000183105469,63.810001373291016,62.22999954223633,63.33000183105469,29.685203552246094,378600
2008-06-11,VNQ,63.66999816894531,63.9900016784668,62.290000915527344,62.369998931884766,29.235191345214844,269600
2008-06-12,VNQ,62.91999816894531,63.599998474121094,62.08000183105469,63.0099983215332,29.535194396972656,335700
2008-06-13,VNQ,63.349998474121094,64.05999755859375,62.52000045776367,64.05999755859375,30.027376174926758,301900
2008-06-16,VNQ,63.72999954223633,64.94000244140625,63.5,64.91000366210938,30.425777435302734,256900
2008-06-17,VNQ,65.23999786376953,65.23999786376953,62.93000030517578,63.06999969482422,29.563308715820312,232400
2008-06-18,VNQ,62.95000076293945,62.95000076293945,61.63999938964844,62.13999938964844,29.127389907836914,229400
2008-06-19,VNQ,62.04999923706055,63.58000183105469,61.720001220703125,63.58000183105469,29.8023738861084,792100
2008-06-20,VNQ,62.880001068115234,63.02000045776367,61.779998779296875,62.150001525878906,29.132070541381836,271400
2008-06-23,VNQ,62.58000183105469,62.59000015258789,60.61000061035156,60.61000061035156,28.41021728515625,271800
2008-06-24,VNQ,59.63999938964844,60.66999816894531,59.099998474121094,59.849998474121094,28.42827606201172,964300
2008-06-25,VNQ,60.02000045776367,61.779998779296875,60.02000045776367,60.83000183105469,28.893756866455078,1119900
2008-06-26,VNQ,61.400001525878906,61.40999984741211,58.72999954223633,58.79999923706055,27.929529190063477,476900
2008-06-27,VNQ,58.939998626708984,59.209999084472656,57.84000015258789,58.34000015258789,27.71103286743164,1234000
2008-06-30,VNQ,58.2400016784668,59.209999084472656,57.72999954223633,58.41999816894531,27.749019622802734,1266500
2008-07-01,VNQ,56.88999938964844,58.84000015258789,56.7599983215332,58.369998931884766,27.725284576416016,2001800
2008-07-02,VNQ,58.459999084472656,58.65999984741211,57.36000061035156,57.650001525878906,27.383289337158203,2487500
2008-07-03,VNQ,57.72999954223633,57.88999938964844,56.84000015258789,57.060001373291016,27.10304069519043,2056800
2008-07-07,VNQ,57.36000061035156,57.65999984741211,55.560001373291016,55.779998779296875,26.495052337646484,2200300
2008-07-08,VNQ,55.900001525878906,59.95000076293945,55.41999816894531,59.939998626708984,28.47102165222168,4736200
2008-07-09,VNQ,61.369998931884766,61.369998931884766,55.31999969482422,55.849998474121094,26.52829360961914,2749200
2008-07-10,VNQ,55.68000030517578,57.369998931884766,55.08000183105469,56.93000030517578,27.04128646850586,2237100
2008-07-11,VNQ,55.5099983215332,57.95000076293945,55.310001373291016,56.650001525878906,26.90829086303711,4163200
2008-07-14,VNQ,56.7400016784668,57.790000915527344,54.439998626708984,54.68000030517578,25.97256851196289,3855400
2008-07-15,VNQ,54.38999938964844,55.95000076293945,53.189998626708984,54.150001525878906,25.720813751220703,6946000
2008-07-16,VNQ,54.119998931884766,58.099998474121094,53.540000915527344,58.099998474121094,27.59703254699707,4768500
2008-07-17,VNQ,58.099998474121094,59.029998779296875,56.599998474121094,58.79999923706055,27.929529190063477,8110000
2008-07-18,VNQ,58.68000030517578,58.9900016784668,57.849998474121094,58.900001525878906,27.977012634277344,4488700
2008-07-21,VNQ,58.869998931884766,59.34000015258789,58.38999938964844,59.34000015258789,28.186023712158203,3129700
2008-07-22,VNQ,58.68000030517578,61.029998779296875,58.15999984741211,60.93000030517578,28.941267013549805,6480900
2008-07-23,VNQ,60.29999923706055,63.20000076293945,60.29999923706055,62.650001525878906,29.758235931396484,5532900
2008-07-24,VNQ,62.97999954223633,62.97999954223633,58.189998626708984,58.5,27.787044525146484,2615400
2008-07-25,VNQ,59.11000061035156,60.20000076293945,58.349998474121094,59.459999084472656,28.24301528930664,4093000
2008-07-28,VNQ,59.79999923706055,60.34000015258789,57.84000015258789,58.4900016784668,27.782270431518555,1083800
2008-07-29,VNQ,58.40999984741211,61.310001373291016,58.27000045776367,61.209999084472656,29.07425880432129,2094600
2008-07-30,VNQ,63.15999984741211,63.15999984741211,59.15999984741211,61.0,28.974504470825195,4018500
2008-07-31,VNQ,60.650001525878906,61.02000045776367,59.36000061035156,60.2400016784668,28.61351776123047,2728100
2008-08-01,VNQ,60.27000045776367,60.40999984741211,58.77000045776367,60.290000915527344,28.637256622314453,3156300
2008-08-04,VNQ,60.0099983215332,60.130001068115234,59.04999923706055,59.40999984741211,28.219255447387695,3286600
2008-08-05,VNQ,59.70000076293945,62.189998626708984,59.47999954223633,62.08000183105469,29.487489700317383,2620900
2008-08-06,VNQ,61.709999084472656,62.060001373291016,60.880001068115234,61.779998779296875,29.34501075744629,2221000
2008-08-07,VNQ,61.15999984741211,61.36000061035156,59.630001068115234,60.150001525878906,28.57076644897461,2783500
2008-08-08,VNQ,60.130001068115234,62.86000061035156,59.849998474121094,61.900001525878906,29.402006149291992,2850800
2008-08-11,VNQ,62.59000015258789,64.5199966430664,61.939998626708984,63.900001525878906,30.35198211669922,5189800
2008-08-12,VNQ,64.23999786376953,64.23999786376953,61.68000030517578,62.470001220703125,29.672739028930664,4389300
2008-08-13,VNQ,62.0099983215332,62.119998931884766,60.790000915527344,61.560001373291016,29.240489959716797,4023000
2008-08-14,VNQ,61.220001220703125,62.65999984741211,60.95000076293945,62.54999923706055,29.71074867248535,4712900
2008-08-15,VNQ,62.720001220703125,63.31999969482422,61.849998474121094,62.459999084472656,29.66799545288086,2975400
2008-08-18,VNQ,62.54999923706055,62.65999984741211,60.61000061035156,61.599998474121094,29.259502410888672,3402800
2008-08-19,VNQ,60.61000061035156,60.619998931884766,59.38999938964844,60.08000183105469,28.53750991821289,4193500
2008-08-20,VNQ,60.150001525878906,60.43000030517578,58.81999969482422,60.16999816894531,28.580257415771484,4381400
2008-08-21,VNQ,59.43000030517578,59.52000045776367,58.70000076293945,59.099998474121094,28.072021484375,3852600
2008-08-22,VNQ,59.2599983215332,61.11000061035156,59.2599983215332,61.11000061035156,29.026762008666992,2729600
2008-08-25,VNQ,61.040000915527344,61.29999923706055,58.9900016784668,59.2599983215332,28.14801597595215,1789900
2008-08-26,VNQ,58.380001068115234,59.959999084472656,58.380001068115234,59.959999084472656,28.480527877807617,2080500
2008-08-27,VNQ,60.380001068115234,60.560001373291016,59.349998474121094,60.560001373291016,28.76551055908203,1627200
2008-08-28,VNQ,60.650001525878906,62.11000061035156,60.43000030517578,62.099998474121094,29.496999740600586,1363600
2008-08-29,VNQ,61.650001525878906,62.25,61.0,61.66999816894531,29.292749404907227,1347300
2008-09-02,VNQ,62.0,63.119998931884766,60.90999984741211,62.06999969482422,29.482759475708008,2444100
2008-09-03,VNQ,61.9900016784668,63.04999923706055,61.58000183105469,63.04999923706055,29.948230743408203,2689600
2008-09-04,VNQ,62.36000061035156,62.720001220703125,61.119998931884766,61.279998779296875,29.107498168945312,2620000
2008-09-05,VNQ,60.619998931884766,61.36000061035156,59.880001068115234,61.290000915527344,29.112258911132812,3785300
2008-09-08,VNQ,63.4900016784668,64.04000091552734,62.25,63.939998626708984,30.370981216430664,3510900
2008-09-09,VNQ,63.58000183105469,64.12000274658203,61.060001373291016,61.54999923706055,29.23573875427246,3092300
2008-09-10,VNQ,61.869998931884766,62.22999954223633,60.36000061035156,61.65999984741211,29.287996292114258,3161300
2008-09-11,VNQ,61.34000015258789,62.599998474121094,60.33000183105469,62.599998474121094,29.7344913482666,4225200
2008-09-12,VNQ,61.7599983215332,62.95000076293945,61.209999084472656,62.400001525878906,29.639497756958008,2567500
2008-09-15,VNQ,61.459999084472656,61.81999969482422,58.79999923706055,58.79999923706055,27.929529190063477,6087100
2008-09-16,VNQ,57.65999984741211,61.70000076293945,57.599998474121094,61.70000076293945,29.306997299194336,5486600
2008-09-17,VNQ,60.41999816894531,60.7599983215332,57.75,58.150001525878906,27.620779037475586,4194600
2008-09-18,VNQ,58.0099983215332,63.09000015258789,55.83000183105469,63.09000015258789,29.967235565185547,6149500
2008-09-19,VNQ,68.94999694824219,68.94999694824219,61.63999938964844,64.97000122070312,30.86022186279297,2369000
2008-09-22,VNQ,62.0,64.4000015258789,59.29999923706055,59.5099983215332,28.266767501831055,1726000
2008-09-23,VNQ,60.91999816894531,61.27000045776367,59.75,59.90999984741211,28.456771850585938,2495000
2008-09-24,VNQ,60.040000915527344,61.31999969482422,58.04999923706055,58.72999954223633,28.260438919067383,3085200
2008-09-25,VNQ,59.86000061035156,60.18000030517578,58.27000045776367,59.459999084472656,28.611709594726562,2240200
2008-09-26,VNQ,58.040000915527344,61.29999923706055,57.81999969482422,61.29999923706055,29.49711036682129,1991700
2008-09-29,VNQ,58.93000030517578,60.880001068115234,56.720001220703125,56.720001220703125,27.293231964111328,3275700
2008-09-30,VNQ,59.650001525878906,60.9900016784668,57.43000030517578,60.79999923706055,29.25650978088379,2369100
2008-10-01,VNQ,60.5,60.5,58.459999084472656,59.33000183105469,28.549163818359375,2887000
2008-10-02,VNQ,58.689998626708984,58.869998931884766,55.31999969482422,55.5,26.70618438720703,2279600
2008-10-03,VNQ,56.63999938964844,57.119998931884766,52.75,53.099998474121094,25.55132293701172,4099000
2008-10-06,VNQ,52.41999816894531,52.70000076293945,48.900001525878906,51.5099983215332,24.786230087280273,4331400
2008-10-07,VNQ,51.099998474121094,51.83000183105469,47.09000015258789,47.09000015258789,22.65935516357422,3188200
2008-10-08,VNQ,45.310001373291016,48.58000183105469,44.31999969482422,46.439998626708984,22.346588134765625,2313700
2008-10-09,VNQ,46.29999923706055,48.11000061035156,42.5,42.7599983215332,20.575794219970703,5654200
2008-10-10,VNQ,40.900001525878906,47.31999969482422,38.33000183105469,46.849998474121094,22.543867111206055,3060000
2008-10-13,VNQ,49.70000076293945,49.95000076293945,46.2400016784668,49.83000183105469,23.97782325744629,1518600
2008-10-14,VNQ,51.470001220703125,51.470001220703125,43.400001525878906,46.439998626708984,22.346588134765625,3512800
2008-10-15,VNQ,44.900001525878906,45.790000915527344,40.18000030517578,40.47999954223633,19.478666305541992,2787600
2008-10-16,VNQ,41.630001068115234,43.25,39.0,42.83000183105469,20.60948371887207,2282300
2008-10-17,VNQ,40.790000915527344,44.31999969482422,40.619998931884766,42.369998931884766,20.38813591003418,3186700
2008-10-20,VNQ,43.380001068115234,43.380001068115234,40.70000076293945,42.68000030517578,20.537302017211914,1889500
2008-10-21,VNQ,42.13999938964844,43.130001068115234,41.119998931884766,41.220001220703125,19.83476448059082,1410200
2008-10-22,VNQ,40.0,40.70000076293945,36.9900016784668,38.310001373291016,18.434484481811523,2564900
2008-10-23,VNQ,38.220001220703125,39.11000061035156,34.400001525878906,37.310001373291016,17.953292846679688,5536300
2008-10-24,VNQ,33.38999938964844,37.2400016784668,33.38999938964844,35.189998626708984,16.93316650390625,2853100
2008-10-27,VNQ,34.869998931884766,36.560001373291016,33.0,33.189998626708984,15.97077751159668,2338400
2008-10-28,VNQ,34.0,38.560001373291016,32.529998779296875,38.380001068115234,18.468175888061523,4867500
2008-10-29,VNQ,38.060001373291016,39.72999954223633,36.630001068115234,37.02000045776367,17.813753128051758,3787300
2008-10-30,VNQ,38.95000076293945,39.209999084472656,37.47999954223633,39.0,18.766508102416992,3782900
2008-10-31,VNQ,39.31999969482422,41.70000076293945,38.4900016784668,41.5099983215332,19.97429847717285,11149000
2008-11-03,VNQ,41.400001525878906,41.720001220703125,40.0099983215332,40.150001525878906,19.319881439208984,6681200
2008-11-04,VNQ,41.279998779296875,42.540000915527344,40.40999984741211,42.400001525878906,20.402570724487305,6208700
2008-11-05,VNQ,41.790000915527344,41.79999923706055,37.95000076293945,38.22999954223633,18.395992279052734,9770700
2008-11-06,VNQ,37.86000061035156,38.41999816894531,36.290000915527344,36.439998626708984,17.534658432006836,12780800
2008-11-07,VNQ,36.869998931884766,38.88999938964844,35.7400016784668,38.75,18.64621925354004,8636600
2008-11-10,VNQ,39.119998931884766,39.13999938964844,34.849998474121094,35.279998779296875,16.976472854614258,3812600
2008-11-11,VNQ,34.79999923706055,35.56999969482422,33.38999938964844,34.790000915527344,16.740686416625977,3649900
2008-11-12,VNQ,33.9900016784668,34.0,32.040000915527344,32.29999923706055,15.542518615722656,5528600
2008-11-13,VNQ,33.38999938964844,35.9900016784668,30.81999969482422,35.849998474121094,17.250757217407227,9470900
2008-11-14,VNQ,35.36000061035156,35.380001068115234,31.6299991607666,31.809999465942383,15.306737899780273,2605900
2008-11-17,VNQ,31.43000030517578,32.040000915527344,30.579999923706055,30.65999984741211,14.753363609313965,2647600
2008-11-18,VNQ,30.790000915527344,31.290000915527344,28.559999465942383,30.3700008392334,14.613821983337402,3246200
2008-11-19,VNQ,30.059999465942383,30.3700008392334,26.0,26.290000915527344,12.650555610656738,3068800
2008-11-20,VNQ,25.81999969482422,27.600000381469727,23.850000381469727,24.209999084472656,11.64967155456543,4156200
2008-11-21,VNQ,24.799999237060547,26.209999084472656,22.520000457763672,25.989999771118164,12.506194114685059,6877600
2008-11-24,VNQ,26.8700008392334,30.760000228881836,25.739999771118164,30.40999984741211,14.633063316345215,5300100
2008-11-25,VNQ,31.040000915527344,31.469999313354492,28.6299991607666,30.889999389648438,14.864038467407227,2949200
2008-11-26,VNQ,30.889999389648438,32.61000061035156,29.920000076293945,32.560001373291016,15.667635917663574,2348000
2008-11-28,VNQ,32.380001068115234,32.79999923706055,31.3799991607666,32.08000183105469,15.436659812927246,838000
2008-12-01,VNQ,31.280000686645508,31.350000381469727,25.450000762939453,25.81999969482422,12.424386978149414,2431700
2008-12-02,VNQ,26.510000228881836,29.3799991607666,26.5,29.25,14.074888229370117,3379600
2008-12-03,VNQ,27.969999313354492,30.889999389648438,27.510000228881836,30.889999389648438,14.864038467407227,4203100
2008-12-04,VNQ,30.329999923706055,32.25,29.360000610351562,30.040000915527344,14.455022811889648,2461400
2008-12-05,VNQ,29.579999923706055,33.25,29.139999389648438,33.220001220703125,15.985214233398438,2176800
2008-12-08,VNQ,33.97999954223633,36.369998931884766,33.5099983215332,36.31999969482422,17.476909637451172,1851300
2008-12-09,VNQ,35.83000183105469,36.27000045776367,32.900001525878906,33.16999816894531,15.961156845092773,2632100
2008-12-10,VNQ,33.790000915527344,36.099998474121094,33.619998931884766,36.02000045776367,17.332563400268555,1656000
2008-12-11,VNQ,35.20000076293945,35.380001068115234,30.34000015258789,30.8799991607666,14.859224319458008,1955400
2008-12-12,VNQ,30.020000457763672,34.11000061035156,29.81999969482422,34.11000061035156,16.413480758666992,1917500
2008-12-15,VNQ,34.22999954223633,34.560001373291016,31.489999771118164,32.91999816894531,15.840858459472656,1425300
2008-12-16,VNQ,36.95000076293945,36.97999954223633,32.84000015258789,36.95000076293945,17.780065536499023,2348400
2008-12-17,VNQ,36.0,39.220001220703125,35.290000915527344,37.630001068115234,18.107280731201172,4069200
2008-12-18,VNQ,38.09000015258789,38.220001220703125,34.380001068115234,34.5,16.601139068603516,1897500
2008-12-19,VNQ,34.58000183105469,36.91999816894531,34.58000183105469,36.91999816894531,17.765626907348633,2274400
2008-12-22,VNQ,36.619998931884766,36.630001068115234,33.900001525878906,35.529998779296875,17.096771240234375,3688700
2008-12-23,VNQ,35.88999938964844,36.25,34.970001220703125,35.33000183105469,17.000532150268555,1580400
2008-12-24,VNQ,34.61000061035156,34.79999923706055,34.029998779296875,34.79999923706055,17.200708389282227,615700
2008-12-26,VNQ,35.0099983215332,35.29999923706055,34.189998626708984,35.29999923706055,17.44785499572754,608500
2008-12-29,VNQ,35.0,35.0,32.63999938964844,33.27000045776367,16.444469451904297,1549800
2008-12-30,VNQ,33.68000030517578,34.86000061035156,33.47999954223633,34.599998474121094,17.101863861083984,1765300
2008-12-31,VNQ,34.810001373291016,36.790000915527344,34.61000061035156,36.45000076293945,18.016263961791992,1954200
2009-01-02,VNQ,36.630001068115234,36.63999938964844,35.27000045776367,35.290000915527344,17.442909240722656,2181800
2009-01-05,VNQ,35.2400016784668,35.619998931884766,34.36000061035156,34.63999938964844,17.121625900268555,7318600
2009-01-06,VNQ,35.25,36.75,34.150001525878906,36.369998931884766,17.97672462463379,1913900
2009-01-07,VNQ,36.150001525878906,36.220001220703125,34.880001068115234,35.150001525878906,17.37370491027832,1439600
2009-01-08,VNQ,34.68000030517578,35.130001068115234,34.18000030517578,34.88999938964844,17.24520492553711,2063200
2009-01-09,VNQ,34.91999816894531,34.95000076293945,32.95000076293945,33.099998474121094,16.36045265197754,1491800
2009-01-12,VNQ,32.880001068115234,32.95000076293945,30.639999389648438,31.15999984741211,15.401565551757812,1760800
2009-01-13,VNQ,30.809999465942383,32.279998779296875,30.600000381469727,32.099998474121094,15.866172790527344,1792700
2009-01-14,VNQ,31.479999542236328,31.479999542236328,30.100000381469727,30.420000076293945,15.035799980163574,2330100
2009-01-15,VNQ,30.420000076293945,32.150001525878906,28.889999389648438,31.420000076293945,15.530069351196289,3927500
2009-01-16,VNQ,32.0,32.709999084472656,30.6200008392334,32.61000061035156,16.118255615234375,5540300
2009-01-20,VNQ,32.15999984741211,32.18000030517578,28.799999237060547,28.959999084472656,14.314155578613281,3918700
2009-01-21,VNQ,29.639999389648438,32.0099983215332,28.65999984741211,31.989999771118164,15.811808586120605,3471500
2009-01-22,VNQ,30.81999969482422,31.860000610351562,29.790000915527344,30.239999771118164,14.946830749511719,3904300
2009-01-23,VNQ,29.25,31.280000686645508,29.049999237060547,31.15999984741211,15.401565551757812,3563500
2009-01-26,VNQ,31.219999313354492,32.04999923706055,30.3700008392334,30.979999542236328,15.312586784362793,3755700
2009-01-27,VNQ,31.200000762939453,31.959999084472656,30.829999923706055,31.420000076293945,15.530069351196289,2490400
2009-01-28,VNQ,33.08000183105469,34.27000045776367,32.040000915527344,34.13999938964844,16.87449836730957,2712800
2009-01-29,VNQ,33.41999816894531,33.5,31.219999313354492,31.350000381469727,15.495469093322754,2714700
2009-01-30,VNQ,31.719999313354492,32.189998626708984,29.670000076293945,30.059999465942383,14.857857704162598,2386500
2009-02-02,VNQ,29.3700008392334,30.829999923706055,29.260000228881836,30.790000915527344,15.218681335449219,2732600
2009-02-03,VNQ,30.950000762939453,30.989999771118164,29.940000534057617,30.479999542236328,15.06545352935791,2159200
2009-02-04,VNQ,30.489999771118164,31.299999237060547,29.739999771118164,29.739999771118164,14.69969367980957,7818500
2009-02-05,VNQ,29.110000610351562,30.170000076293945,28.229999542236328,29.110000610351562,14.388294219970703,4770500
2009-02-06,VNQ,29.270000457763672,31.440000534057617,29.209999084472656,31.1299991607666,15.386725425720215,4500200
2009-02-09,VNQ,31.479999542236328,31.639999389648438,30.510000228881836,31.59000015258789,15.614092826843262,2627000
2009-02-10,VNQ,31.540000915527344,31.540000915527344,28.520000457763672,28.780000686645508,14.225188255310059,4686400
2009-02-11,VNQ,29.079999923706055,29.329999923706055,27.90999984741211,29.329999923706055,14.497037887573242,3494300
2009-02-12,VNQ,28.290000915527344,28.979999542236328,26.739999771118164,28.829999923706055,14.249906539916992,3502600
2009-02-13,VNQ,28.559999465942383,28.579999923706055,27.0,27.059999465942383,13.375039100646973,3436000
2009-02-17,VNQ,26.0,26.25,24.889999389648438,25.139999389648438,12.42603588104248,2560700
2009-02-18,VNQ,25.489999771118164,25.68000030517578,24.399999618530273,25.5,12.603972434997559,5537100
2009-02-19,VNQ,26.0,26.209999084472656,24.18000030517578,24.399999618530273,12.060273170471191,2946800
2009-02-20,VNQ,23.739999771118164,26.059999465942383,23.18000030517578,25.940000534057617,12.82144832611084,6286800
2009-02-23,VNQ,26.18000030517578,26.3700008392334,23.850000381469727,23.989999771118164,11.857616424560547,5058000
2009-02-24,VNQ,24.81999969482422,26.1299991607666,23.920000076293945,26.020000457763672,12.860993385314941,5187300
2009-02-25,VNQ,25.729999542236328,26.6299991607666,24.510000228881836,25.520000457763672,12.613860130310059,4889400
2009-02-26,VNQ,26.040000915527344,26.309999465942383,24.09000015258789,24.209999084472656,11.966353416442871,3821000
2009-02-27,VNQ,23.549999237060547,24.709999084472656,23.5,23.889999389648438,11.80819320678711,3676800
2009-03-02,VNQ,23.559999465942383,23.559999465942383,21.8799991607666,22.399999618530273,11.071721076965332,4773700
2009-03-03,VNQ,22.68000030517578,22.989999771118164,21.350000381469727,22.489999771118164,11.116209030151367,5413900
2009-03-04,VNQ,22.93000030517578,23.40999984741211,22.18000030517578,22.850000381469727,11.294149398803711,3058600
2009-03-05,VNQ,22.270000457763672,22.559999465942383,21.1299991607666,21.440000534057617,10.597219467163086,3390700
2009-03-06,VNQ,21.579999923706055,21.809999465942383,19.950000762939453,21.149999618530273,10.453880310058594,4933800
2009-03-09,VNQ,20.510000228881836,21.639999389648438,20.510000228881836,21.6200008392334,10.686193466186523,3882000
2009-03-10,VNQ,22.209999084472656,24.719999313354492,22.0,24.6299991607666,12.17395305633545,3060900
2009-03-11,VNQ,24.729999542236328,25.09000015258789,23.889999389648438,24.229999542236328,11.976245880126953,2695800
2009-03-12,VNQ,24.260000228881836,26.3799991607666,23.889999389648438,26.209999084472656,12.954911231994629,2791300
2009-03-13,VNQ,26.790000915527344,26.940000534057617,24.790000915527344,25.649999618530273,12.678110122680664,2757900
2009-03-16,VNQ,25.84000015258789,26.079999923706055,23.579999923706055,23.6299991607666,11.679683685302734,2283000
2009-03-17,VNQ,23.68000030517578,25.489999771118164,23.139999389648438,25.420000076293945,12.564428329467773,2398400
2009-03-18,VNQ,25.010000228881836,26.829999923706055,24.3700008392334,26.809999465942383,13.251469612121582,3892800
2009-03-19,VNQ,27.229999542236328,27.270000457763672,25.059999465942383,25.170000076293945,12.440860748291016,2177800
2009-03-20,VNQ,25.079999923706055,25.079999923706055,23.0,23.0,11.36828899383545,2783100
2009-03-23,VNQ,24.09000015258789,26.90999984741211,23.850000381469727,26.719999313354492,13.206985473632812,2763900
2009-03-24,VNQ,26.0,26.860000610351562,24.399999618530273,24.65999984741211,12.188783645629883,4493200
2009-03-25,VNQ,24.739999771118164,25.190000534057617,22.559999465942383,24.579999923706055,12.389388084411621,2340700
2009-03-26,VNQ,24.84000015258789,25.3700008392334,23.610000610351562,25.1299991607666,12.666609764099121,3010400
2009-03-27,VNQ,24.559999465942383,24.81999969482422,23.959999084472656,24.010000228881836,12.102084159851074,2526500
2009-03-30,VNQ,23.270000457763672,23.3700008392334,22.5,22.700000762939453,11.441792488098145,1412900
2009-03-31,VNQ,23.110000610351562,24.6299991607666,22.829999923706055,24.280000686645508,12.238179206848145,2461700
2009-04-01,VNQ,23.850000381469727,24.510000228881836,23.59000015258789,24.149999618530273,12.172651290893555,1859200
2009-04-02,VNQ,25.020000457763672,26.18000030517578,24.489999771118164,25.899999618530273,13.054727554321289,2353800
2009-04-03,VNQ,25.81999969482422,28.25,25.31999969482422,28.1299991607666,14.178742408752441,2793400
2009-04-06,VNQ,27.549999237060547,28.469999313354492,26.899999618530273,27.809999465942383,14.017452239990234,3235200
2009-04-07,VNQ,27.149999618530273,27.299999237060547,25.510000228881836,25.729999542236328,12.969043731689453,2370000
2009-04-08,VNQ,25.850000381469727,26.31999969482422,25.34000015258789,26.110000610351562,13.1605806350708,2579700
2009-04-09,VNQ,27.270000457763672,29.610000610351562,26.780000686645508,29.610000610351562,14.924736976623535,2493800
2009-04-13,VNQ,28.8799991607666,30.299999237060547,28.579999923706055,29.700000762939453,14.970096588134766,4314300
2009-04-14,VNQ,29.15999984741211,29.489999771118164,27.1200008392334,27.18000030517578,13.69990062713623,3382100
2009-04-15,VNQ,27.110000610351562,29.700000762939453,26.920000076293945,29.540000915527344,14.889446258544922,4144900
2009-04-16,VNQ,29.559999465942383,31.940000534057617,28.3799991607666,30.530000686645508,15.388458251953125,5803700
2009-04-17,VNQ,30.729999542236328,32.18000030517578,29.920000076293945,31.079999923706055,15.665679931640625,5805200
2009-04-20,VNQ,30.040000915527344,30.309999465942383,27.709999084472656,27.8799991607666,14.052733421325684,4124800
2009-04-21,VNQ,27.190000534057617,30.420000076293945,27.020000457763672,30.350000381469727,15.297728538513184,2776100
2009-04-22,VNQ,29.729999542236328,30.899999618530273,29.1200008392334,29.290000915527344,14.763433456420898,9377100
2009-04-23,VNQ,29.479999542236328,30.790000915527344,29.0,30.610000610351562,15.428772926330566,6132600
2009-04-24,VNQ,30.860000610351562,33.0,30.239999771118164,32.060001373291016,16.159643173217773,7819400
2009-04-27,VNQ,31.479999542236328,31.690000534057617,29.270000457763672,30.139999389648438,15.191869735717773,6108400
2009-04-28,VNQ,29.860000610351562,31.299999237060547,29.40999984741211,30.540000915527344,15.3934965133667,6029900
2009-04-29,VNQ,30.920000076293945,32.29999923706055,30.6299991607666,31.8700008392334,16.063867568969727,5113600
2009-04-30,VNQ,32.220001220703125,32.970001220703125,31.59000015258789,31.729999542236328,15.993308067321777,5575000
2009-05-01,VNQ,31.760000228881836,31.780000686645508,30.280000686645508,30.690000534057617,15.469099998474121,3926800
2009-05-04,VNQ,31.329999923706055,33.290000915527344,31.0,33.220001220703125,16.744321823120117,5437900
2009-05-05,VNQ,32.939998626708984,32.939998626708984,31.690000534057617,31.979999542236328,16.119312286376953,6108700
2009-05-06,VNQ,32.63999938964844,33.369998931884766,31.68000030517578,33.20000076293945,16.734249114990234,8067300
2009-05-07,VNQ,33.61000061035156,33.619998931884766,30.469999313354492,31.299999237060547,15.776564598083496,7561500
2009-05-08,VNQ,31.760000228881836,33.599998474121094,31.299999237060547,33.38999938964844,16.830013275146484,6114200
2009-05-11,VNQ,32.369998931884766,32.959999084472656,32.02000045776367,32.119998931884766,16.189878463745117,3484000
2009-05-12,VNQ,32.45000076293945,32.68000030517578,30.65999984741211,32.029998779296875,16.144514083862305,3181700
2009-05-13,VNQ,30.959999084472656,31.020000457763672,29.450000762939453,29.93000030517578,15.086027145385742,2867300
2009-05-14,VNQ,29.5,31.1299991607666,29.0,30.639999389648438,15.443897247314453,2592500
2009-05-15,VNQ,30.469999313354492,30.75,29.030000686645508,29.610000610351562,14.924736976623535,2103600
2009-05-18,VNQ,29.93000030517578,32.20000076293945,29.899999618530273,31.989999771118164,16.12436294555664,2776800
2009-05-19,VNQ,32.130001068115234,32.290000915527344,30.979999542236328,31.3799991607666,15.816887855529785,2909000
2009-05-20,VNQ,32.209999084472656,32.70000076293945,30.959999084472656,31.1299991607666,15.69088077545166,3417700
2009-05-21,VNQ,30.579999923706055,31.56999969482422,30.309999465942383,31.219999313354492,15.736239433288574,2684600
2009-05-22,VNQ,31.639999389648438,31.639999389648438,30.40999984741211,30.450000762939453,15.348128318786621,1669600
2009-05-26,VNQ,30.280000686645508,32.54999923706055,30.149999618530273,32.2599983215332,16.260448455810547,2517200
2009-05-27,VNQ,32.22999954223633,32.470001220703125,30.90999984741211,31.09000015258789,15.670714378356934,2539800
2009-05-28,VNQ,31.579999923706055,31.920000076293945,30.690000534057617,31.520000457763672,15.88746166229248,2397500
2009-05-29,VNQ,32.0,32.630001068115234,31.3799991607666,32.560001373291016,16.41166114807129,1692900
2009-06-01,VNQ,33.34000015258789,34.9900016784668,33.0,34.22999954223633,17.25341033935547,3811800
2009-06-02,VNQ,33.75,34.029998779296875,33.2599983215332,33.52000045776367,16.895544052124023,2796300
2009-06-03,VNQ,33.36000061035156,33.540000915527344,32.93000030517578,33.459999084472656,16.86529541015625,2019100
2009-06-04,VNQ,33.720001220703125,34.83000183105469,33.47999954223633,34.529998779296875,17.40462875366211,2006000
2009-06-05,VNQ,35.08000183105469,35.099998474121094,33.849998474121094,34.439998626708984,17.35926055908203,2798300
2009-06-08,VNQ,34.7400016784668,34.7400016784668,33.4900016784668,33.810001373291016,17.041711807250977,3558400
2009-06-09,VNQ,34.2400016784668,34.27000045776367,33.619998931884766,33.810001373291016,17.041711807250977,2516800
2009-06-10,VNQ,34.220001220703125,34.31999969482422,32.380001068115234,33.220001220703125,16.744321823120117,2373100
2009-06-11,VNQ,33.220001220703125,33.459999084472656,32.439998626708984,32.540000915527344,16.401575088500977,2714700
2009-06-12,VNQ,32.5,33.720001220703125,32.29999923706055,33.720001220703125,16.99635124206543,1765400
2009-06-15,VNQ,33.2400016784668,33.41999816894531,31.579999923706055,32.119998931884766,16.189878463745117,2129600
2009-06-16,VNQ,32.209999084472656,32.369998931884766,31.030000686645508,31.530000686645508,15.89249038696289,2248100
2009-06-17,VNQ,31.479999542236328,31.700000762939453,30.579999923706055,30.93000030517578,15.590067863464355,2144600
2009-06-18,VNQ,31.09000015258789,31.420000076293945,30.649999618530273,31.139999389648438,15.695913314819336,1742400
2009-06-19,VNQ,31.5,31.610000610351562,30.979999542236328,31.450000762939453,15.852171897888184,1292300
2009-06-22,VNQ,30.8799991607666,31.209999084472656,29.739999771118164,29.809999465942383,15.02553939819336,2041900
2009-06-23,VNQ,30.18000030517578,30.549999237060547,29.649999618530273,30.030000686645508,15.136431694030762,1855000
2009-06-24,VNQ,30.440000534057617,30.450000762939453,29.799999237060547,30.190000534057617,15.466876029968262,4424500
2009-06-25,VNQ,30.0,30.59000015258789,29.56999969482422,30.59000015258789,15.671804428100586,1872300
2009-06-26,VNQ,30.510000228881836,31.09000015258789,30.219999313354492,30.850000381469727,15.805005073547363,2356600
2009-06-29,VNQ,30.90999984741211,31.110000610351562,30.3700008392334,30.829999923706055,15.794754028320312,2342100
2009-06-30,VNQ,31.040000915527344,31.329999923706055,30.790000915527344,31.010000228881836,15.886969566345215,1894200
2009-07-01,VNQ,31.229999542236328,31.75,31.15999984741211,31.549999237060547,16.163625717163086,1682600
2009-07-02,VNQ,31.100000381469727,31.15999984741211,29.850000381469727,29.8799991607666,15.308059692382812,2344000
2009-07-06,VNQ,29.700000762939453,30.709999084472656,29.420000076293945,30.6299991607666,15.692292213439941,2654100
2009-07-07,VNQ,30.709999084472656,30.719999313354492,29.34000015258789,29.440000534057617,15.082633972167969,2036100
2009-07-08,VNQ,29.600000381469727,29.709999084472656,28.329999923706055,29.15999984741211,14.939190864562988,2370500
2009-07-09,VNQ,29.360000610351562,29.479999542236328,28.56999969482422,28.610000610351562,14.657410621643066,1289300
2009-07-10,VNQ,28.350000381469727,28.739999771118164,27.81999969482422,28.56999969482422,14.636919975280762,1123900
2009-07-13,VNQ,28.690000534057617,29.84000015258789,28.3700008392334,29.649999618530273,15.190220832824707,3929500
2009-07-14,VNQ,29.75,30.280000686645508,29.219999313354492,30.010000228881836,15.374658584594727,2822300
2009-07-15,VNQ,30.610000610351562,31.559999465942383,30.31999969482422,31.1200008392334,15.943334579467773,1768200
2009-07-16,VNQ,30.989999771118164,31.739999771118164,30.510000228881836,31.479999542236328,16.127763748168945,1606200
2009-07-17,VNQ,31.290000915527344,31.360000610351562,30.40999984741211,30.639999389648438,15.697422981262207,1454700
2009-07-20,VNQ,31.030000686645508,31.860000610351562,30.940000534057617,31.719999313354492,16.250722885131836,1687800
2009-07-21,VNQ,32.0,32.0,30.959999084472656,31.6299991607666,16.204608917236328,2990100
2009-07-22,VNQ,31.170000076293945,32.119998931884766,31.1299991607666,31.670000076293945,16.2251033782959,1949300
2009-07-23,VNQ,31.700000762939453,33.310001373291016,31.600000381469727,32.93000030517578,16.870622634887695,2922400
2009-07-24,VNQ,32.709999084472656,33.27000045776367,32.290000915527344,33.15999984741211,16.98845672607422,1272500
2009-07-27,VNQ,33.20000076293945,33.72999954223633,32.900001525878906,33.63999938964844,17.234375,2146100
2009-07-28,VNQ,33.43000030517578,33.75,33.11000061035156,33.61000061035156,17.218997955322266,1451100
2009-07-29,VNQ,33.380001068115234,33.619998931884766,32.93000030517578,33.189998626708984,17.003826141357422,1187200
2009-07-30,VNQ,33.790000915527344,34.90999984741211,33.709999084472656,34.380001068115234,17.613489151000977,1918200
2009-07-31,VNQ,34.369998931884766,34.70000076293945,34.0099983215332,34.349998474121094,17.59811019897461,2208800
2009-08-03,VNQ,35.09000015258789,35.13999938964844,34.43000030517578,34.970001220703125,17.915754318237305,2541900
2009-08-04,VNQ,34.790000915527344,37.13999938964844,34.52000045776367,36.880001068115234,18.894287109375,3454100
2009-08-05,VNQ,36.900001525878906,38.4900016784668,36.61000061035156,38.290000915527344,19.61665153503418,3965400
2009-08-06,VNQ,38.83000183105469,39.810001373291016,38.0,38.0,19.46807861328125,5953400
2009-08-07,VNQ,38.91999816894531,40.900001525878906,38.34000015258789,40.119998931884766,20.554189682006836,5471300
2009-08-10,VNQ,39.9900016784668,40.08000183105469,38.81999969482422,39.2599983215332,20.113597869873047,4432000
2009-08-11,VNQ,38.869998931884766,39.060001373291016,37.650001525878906,38.119998931884766,19.529552459716797,4275200
2009-08-12,VNQ,38.04999923706055,39.18000030517578,38.0099983215332,38.400001525878906,19.673009872436523,4619200
2009-08-13,VNQ,38.84000015258789,38.9900016784668,38.099998474121094,38.599998474121094,19.77545928955078,5339500
2009-08-14,VNQ,38.439998626708984,38.470001220703125,37.33000183105469,38.279998779296875,19.61151885986328,3538500
2009-08-17,VNQ,36.779998779296875,36.880001068115234,36.0,36.2400016784668,18.566402435302734,3385800
2009-08-18,VNQ,36.36000061035156,37.0099983215332,36.119998931884766,36.599998474121094,18.750829696655273,2379900
2009-08-19,VNQ,35.95000076293945,36.47999954223633,35.7400016784668,36.310001373291016,18.602266311645508,2693600
2009-08-20,VNQ,36.310001373291016,37.790000915527344,36.2599983215332,37.7599983215332,19.345115661621094,5235500
2009-08-21,VNQ,38.279998779296875,39.54999923706055,38.09000015258789,38.75,19.852310180664062,5953400
2009-08-24,VNQ,39.290000915527344,39.310001373291016,38.45000076293945,38.619998931884766,19.785709381103516,5958400
2009-08-25,VNQ,38.900001525878906,39.349998474121094,38.56999969482422,39.04999923706055,20.006004333496094,3483900
2009-08-26,VNQ,38.970001220703125,39.22999954223633,38.61000061035156,39.16999816894531,20.067481994628906,2680900
2009-08-27,VNQ,39.150001525878906,39.650001525878906,38.349998474121094,39.54999923706055,20.262174606323242,2465000
2009-08-28,VNQ,39.900001525878906,40.040000915527344,39.189998626708984,39.900001525878906,20.441476821899414,3074500
2009-08-31,VNQ,39.16999816894531,39.56999969482422,38.86000061035156,39.27000045776367,20.11871910095215,2961300
2009-09-01,VNQ,38.970001220703125,39.31999969482422,37.130001068115234,37.16999816894531,19.0428524017334,4356400
2009-09-02,VNQ,36.86000061035156,37.13999938964844,36.41999816894531,36.41999816894531,18.658605575561523,3443600
2009-09-03,VNQ,36.88999938964844,37.189998626708984,36.18000030517578,37.150001525878906,19.03260612487793,1933100
2009-09-04,VNQ,37.13999938964844,37.58000183105469,36.47999954223633,37.58000183105469,19.252904891967773,1587900
2009-09-08,VNQ,38.16999816894531,38.88999938964844,37.88999938964844,38.88999938964844,19.924043655395508,2051900
2009-09-09,VNQ,38.869998931884766,39.779998779296875,38.540000915527344,39.650001525878906,20.313400268554688,2825800
2009-09-10,VNQ,39.61000061035156,40.33000183105469,39.040000915527344,40.2400016784668,20.61566734313965,2117300
2009-09-11,VNQ,40.470001220703125,40.65999984741211,39.66999816894531,40.16999816894531,20.579801559448242,2384000
2009-09-14,VNQ,39.58000183105469,41.38999938964844,39.56999969482422,41.36000061035156,21.189472198486328,2229900
2009-09-15,VNQ,41.650001525878906,42.619998931884766,40.810001373291016,42.02000045776367,21.527587890625,3555000
2009-09-16,VNQ,42.43000030517578,43.790000915527344,42.22999954223633,43.72999954223633,22.403654098510742,3659700
2009-09-17,VNQ,43.689998626708984,45.2400016784668,42.88999938964844,43.540000915527344,22.306318283081055,5152800
2009-09-18,VNQ,43.790000915527344,44.16999816894531,42.81999969482422,43.599998474121094,22.337060928344727,2874100
2009-09-21,VNQ,42.9900016784668,43.41999816894531,42.599998474121094,42.91999816894531,21.988670349121094,2423600
2009-09-22,VNQ,43.459999084472656,44.349998474121094,43.22999954223633,44.279998779296875,22.685428619384766,4488000
2009-09-23,VNQ,44.43000030517578,44.439998626708984,42.61000061035156,42.68000030517578,21.8657169342041,3291700
2009-09-24,VNQ,42.52000045776367,42.70000076293945,40.459999084472656,40.720001220703125,21.067426681518555,4804900
2009-09-25,VNQ,40.439998626708984,41.310001373291016,40.06999969482422,40.849998474121094,21.134672164916992,4635600
2009-09-28,VNQ,41.16999816894531,42.59000015258789,40.97999954223633,42.540000915527344,22.009029388427734,2644700
2009-09-29,VNQ,42.63999938964844,42.959999084472656,41.70000076293945,41.849998474121094,21.652053833007812,3198100
2009-09-30,VNQ,42.220001220703125,42.22999954223633,40.86000061035156,41.45000076293945,21.445098876953125,3905300
2009-10-01,VNQ,41.36000061035156,41.41999816894531,39.59000015258789,39.59000015258789,20.48278045654297,9101300
2009-10-02,VNQ,38.65999984741211,40.439998626708984,38.630001068115234,39.310001373291016,20.337921142578125,4742800
2009-10-05,VNQ,39.75,40.5,39.400001525878906,40.38999938964844,20.896690368652344,2928300
2009-10-06,VNQ,40.7599983215332,41.27000045776367,39.7400016784668,40.279998779296875,20.839771270751953,3546900
2009-10-07,VNQ,40.13999938964844,40.58000183105469,39.68000030517578,40.25,20.824249267578125,3338500
2009-10-08,VNQ,40.79999923706055,41.400001525878906,40.58000183105469,41.02000045776367,21.222627639770508,3031900
2009-10-09,VNQ,40.810001373291016,41.400001525878906,40.470001220703125,41.369998931884766,21.403705596923828,2673300
2009-10-12,VNQ,41.65999984741211,41.81999969482422,41.099998474121094,41.310001373291016,21.372669219970703,1933400
2009-10-13,VNQ,41.040000915527344,41.220001220703125,40.38999938964844,40.72999954223633,21.072589874267578,2546600
2009-10-14,VNQ,41.5,42.380001068115234,41.25,42.220001220703125,21.843475341796875,3152400
2009-10-15,VNQ,41.880001068115234,42.029998779296875,41.619998931884766,41.86000061035156,21.6572322845459,3492400
2009-10-16,VNQ,41.310001373291016,41.43000030517578,40.65999984741211,40.7599983215332,21.088117599487305,3071500
2009-10-19,VNQ,41.04999923706055,41.75,40.83000183105469,41.63999938964844,21.543397903442383,2579400
2009-10-20,VNQ,41.540000915527344,41.63999938964844,40.68000030517578,40.869998931884766,21.145017623901367,2128100
2009-10-21,VNQ,40.58000183105469,41.5099983215332,40.27000045776367,40.349998474121094,20.87599754333496,2481700
2009-10-22,VNQ,40.33000183105469,41.45000076293945,39.75,41.40999984741211,21.424406051635742,3386000
2009-10-23,VNQ,41.52000045776367,41.56999969482422,40.720001220703125,40.91999816894531,21.17089080810547,3243100
2009-10-26,VNQ,40.90999984741211,41.91999816894531,40.72999954223633,40.81999969482422,21.119152069091797,3607400
2009-10-27,VNQ,40.84000015258789,41.029998779296875,40.04999923706055,40.22999954223633,20.813905715942383,3593700
2009-10-28,VNQ,39.97999954223633,40.56999969482422,38.470001220703125,38.540000915527344,19.939550399780273,4654200
2009-10-29,VNQ,39.150001525878906,40.43000030517578,39.02000045776367,40.29999923706055,20.850116729736328,3309800
2009-10-30,VNQ,40.0099983215332,40.2599983215332,38.59000015258789,39.599998474121094,20.48795509338379,4424100
2009-11-02,VNQ,39.70000076293945,40.47999954223633,38.439998626708984,39.59000015258789,20.48278045654297,4906100
2009-11-03,VNQ,39.02000045776367,40.25,38.9900016784668,40.16999816894531,20.78285026550293,4509500
2009-11-04,VNQ,40.720001220703125,40.83000183105469,39.279998779296875,39.310001373291016,20.337921142578125,4320800
2009-11-05,VNQ,39.84000015258789,40.290000915527344,39.41999816894531,40.20000076293945,20.798389434814453,2379300
2009-11-06,VNQ,39.5099983215332,40.189998626708984,39.220001220703125,39.540000915527344,20.456918716430664,2442300
2009-11-09,VNQ,40.130001068115234,41.5,39.939998626708984,41.4900016784668,21.465797424316406,2272300
2009-11-10,VNQ,41.189998626708984,41.47999954223633,40.58000183105469,41.18000030517578,21.305410385131836,2548400
2009-11-11,VNQ,41.54999923706055,42.25,41.41999816894531,41.95000076293945,21.703777313232422,3107300
2009-11-12,VNQ,41.900001525878906,42.25,41.41999816894531,41.52000045776367,21.4813175201416,2920500
2009-11-13,VNQ,41.560001373291016,42.20000076293945,41.5,42.08000183105469,21.771038055419922,2444100
2009-11-16,VNQ,42.369998931884766,43.5099983215332,42.369998931884766,43.099998474121094,22.298763275146484,3053700
2009-11-17,VNQ,42.81999969482422,43.310001373291016,42.310001373291016,42.349998474121094,21.910728454589844,2486000
2009-11-18,VNQ,42.34000015258789,43.2400016784668,42.290000915527344,43.119998931884766,22.309110641479492,2928900
2009-11-19,VNQ,42.65999984741211,42.7400016784668,41.939998626708984,42.130001068115234,21.79692268371582,1960500
2009-11-20,VNQ,41.900001525878906,42.04999923706055,41.68000030517578,41.83000183105469,21.641700744628906,1782300
2009-11-23,VNQ,42.58000183105469,43.02000045776367,42.02000045776367,42.36000061035156,21.915903091430664,2182700
2009-11-24,VNQ,42.31999969482422,42.369998931884766,41.56999969482422,41.72999954223633,21.589962005615234,2051800
2009-11-25,VNQ,41.959999084472656,42.189998626708984,41.7599983215332,41.900001525878906,21.677927017211914,1530100
2009-11-27,VNQ,40.66999816894531,41.40999984741211,40.470001220703125,40.68000030517578,21.046724319458008,1315200
2009-11-30,VNQ,40.83000183105469,42.36000061035156,40.5,42.20000076293945,21.833133697509766,2306800
2009-12-01,VNQ,42.630001068115234,43.040000915527344,42.18000030517578,42.81999969482422,22.153898239135742,2229800
2009-12-02,VNQ,42.65999984741211,43.7400016784668,42.65999984741211,43.52000045776367,22.516056060791016,2292500
2009-12-03,VNQ,43.75,44.290000915527344,42.88999938964844,43.029998779296875,22.262540817260742,3429700
2009-12-04,VNQ,44.130001068115234,44.619998931884766,43.470001220703125,44.29999923706055,22.91962242126465,3493900
2009-12-07,VNQ,44.189998626708984,44.29999923706055,43.060001373291016,43.369998931884766,22.438457489013672,2004000
2009-12-08,VNQ,43.0099983215332,43.84000015258789,42.939998626708984,43.119998931884766,22.309110641479492,2069600
2009-12-09,VNQ,43.2599983215332,43.4900016784668,42.970001220703125,43.029998779296875,22.262540817260742,1942500
2009-12-10,VNQ,43.27000045776367,43.40999984741211,42.630001068115234,42.86000061035156,22.174592971801758,1546900
2009-12-11,VNQ,43.04999923706055,43.59000015258789,42.90999984741211,43.54999923706055,22.53158187866211,1555300
2009-12-14,VNQ,43.72999954223633,44.43000030517578,43.2400016784668,44.34000015258789,22.940305709838867,3169900
2009-12-15,VNQ,44.060001373291016,44.2400016784668,43.790000915527344,43.900001525878906,22.712663650512695,2450600
2009-12-16,VNQ,44.15999984741211,44.439998626708984,44.0,44.220001220703125,22.878223419189453,2626100
2009-12-17,VNQ,43.88999938964844,44.220001220703125,43.599998474121094,43.95000076293945,22.738534927368164,2526300
2009-12-18,VNQ,44.06999969482422,44.29999923706055,43.52000045776367,44.2400016784668,22.888572692871094,2061600
2009-12-21,VNQ,44.400001525878906,44.900001525878906,44.36000061035156,44.84000015258789,23.198986053466797,2957000
2009-12-22,VNQ,44.849998474121094,45.349998474121094,44.849998474121094,45.310001373291016,23.442155838012695,1703500
2009-12-23,VNQ,45.29999923706055,46.349998474121094,45.29999923706055,45.849998474121094,23.72153091430664,1531400
2009-12-24,VNQ,45.52000045776367,45.939998626708984,45.470001220703125,45.91999816894531,24.06427001953125,560300
2009-12-28,VNQ,46.099998474121094,46.63999938964844,45.95000076293945,46.13999938964844,24.179555892944336,2909600
2009-12-29,VNQ,46.310001373291016,46.439998626708984,45.439998626708984,45.45000076293945,23.817956924438477,1939400
2009-12-30,VNQ,45.29999923706055,45.56999969482422,45.040000915527344,45.52000045776367,23.854646682739258,1424300
2009-12-31,VNQ,45.7400016784668,45.97999954223633,44.689998626708984,44.7400016784668,23.445892333984375,1259000
2010-01-04,VNQ,45.220001220703125,45.41999816894531,44.20000076293945,44.54999923706055,23.346330642700195,2408400
2010-01-05,VNQ,44.5,44.58000183105469,43.93000030517578,44.5,23.32011604309082,2054200
2010-01-06,VNQ,44.52000045776367,44.84000015258789,44.29999923706055,44.41999816894531,23.27819061279297,2471200
2010-01-07,VNQ,44.459999084472656,45.099998474121094,43.95000076293945,44.900001525878906,23.529735565185547,2091700
2010-01-08,VNQ,44.810001373291016,44.849998474121094,44.18000030517578,44.56999969482422,23.356801986694336,2682000
2010-01-11,VNQ,44.869998931884766,45.060001373291016,44.58000183105469,44.83000183105469,23.49306297302246,1924800
2010-01-12,VNQ,44.43000030517578,44.77000045776367,43.86000061035156,44.08000183105469,23.100027084350586,3124500
2010-01-13,VNQ,44.18000030517578,45.08000183105469,44.130001068115234,44.970001220703125,23.56641387939453,2133000
2010-01-14,VNQ,44.90999984741211,45.060001373291016,44.59000015258789,44.93000030517578,23.54546356201172,1594700
2010-01-15,VNQ,44.75,44.849998474121094,44.400001525878906,44.59000015258789,23.367286682128906,5577000
2010-01-19,VNQ,44.540000915527344,45.630001068115234,44.459999084472656,45.5,23.844158172607422,2454200
2010-01-20,VNQ,45.15999984741211,45.15999984741211,44.54999923706055,44.9900016784668,23.576906204223633,3339900
2010-01-21,VNQ,44.97999954223633,45.27000045776367,43.619998931884766,43.70000076293945,22.900882720947266,4233400
2010-01-22,VNQ,43.54999923706055,44.0099983215332,42.470001220703125,42.599998474121094,22.32443618774414,5039500
2010-01-25,VNQ,43.13999938964844,43.13999938964844,42.099998474121094,42.900001525878906,22.481639862060547,3749000
2010-01-26,VNQ,42.470001220703125,43.18000030517578,42.41999816894531,42.5,22.27202606201172,3352900
2010-01-27,VNQ,42.630001068115234,42.939998626708984,41.86000061035156,42.880001068115234,22.471160888671875,3714400
2010-01-28,VNQ,43.209999084472656,43.22999954223633,42.099998474121094,42.5099983215332,22.27726173400879,3750000
2010-01-29,VNQ,42.81999969482422,43.18000030517578,41.97999954223633,42.27000045776367,22.15149688720703,4096200
2010-02-01,VNQ,42.59000015258789,43.099998474121094,42.4900016784668,43.040000915527344,22.555007934570312,2839200
2010-02-02,VNQ,43.16999816894531,43.84000015258789,42.68000030517578,43.630001068115234,22.864198684692383,3270000
2010-02-03,VNQ,43.47999954223633,43.4900016784668,42.66999816894531,42.91999816894531,22.49212646484375,3079200
2010-02-04,VNQ,42.560001373291016,42.61000061035156,41.33000183105469,41.33000183105469,21.658891677856445,3942800
2010-02-05,VNQ,41.4900016784668,42.279998779296875,40.86000061035156,42.09000015258789,22.057165145874023,5100500
2010-02-08,VNQ,42.2599983215332,42.38999938964844,41.06999969482422,41.16999816894531,21.575037002563477,2969600
2010-02-09,VNQ,41.68000030517578,41.810001373291016,40.720001220703125,41.040000915527344,21.506921768188477,4785200
2010-02-10,VNQ,41.119998931884766,41.630001068115234,40.33000183105469,41.119998931884766,21.548845291137695,2893900
2010-02-11,VNQ,41.099998474121094,41.529998779296875,40.599998474121094,41.5099983215332,21.753217697143555,2706400
2010-02-12,VNQ,40.9900016784668,42.0,40.869998931884766,42.0,22.010000228881836,3385000
2010-02-16,VNQ,42.439998626708984,43.22999954223633,42.36000061035156,43.189998626708984,22.633615493774414,2730300
2010-02-17,VNQ,43.310001373291016,43.75,43.2400016784668,43.58000183105469,22.837995529174805,3139000
2010-02-18,VNQ,43.40999984741211,44.349998474121094,43.27000045776367,44.22999954223633,23.178619384765625,2737200
2010-02-19,VNQ,44.029998779296875,44.5,43.86000061035156,44.2599983215332,23.194347381591797,3250100
2010-02-22,VNQ,44.400001525878906,44.66999816894531,44.150001525878906,44.369998931884766,23.251995086669922,1757800
2010-02-23,VNQ,44.209999084472656,44.5099983215332,43.93000030517578,44.029998779296875,23.07381248474121,2715900
2010-02-24,VNQ,44.11000061035156,44.4900016784668,44.040000915527344,44.47999954223633,23.309642791748047,2965400
2010-02-25,VNQ,44.0,44.7400016784668,43.720001220703125,44.650001525878906,23.398727416992188,2067000
2010-02-26,VNQ,44.7599983215332,45.119998931884766,44.43000030517578,44.630001068115234,23.388246536254883,1784300
2010-03-01,VNQ,44.900001525878906,45.18000030517578,44.72999954223633,45.0099983215332,23.58738136291504,1849600
2010-03-02,VNQ,45.189998626708984,45.27000045776367,44.91999816894531,45.029998779296875,23.597854614257812,1575400
2010-03-03,VNQ,45.13999938964844,45.220001220703125,44.84000015258789,44.90999984741211,23.534982681274414,1884000
2010-03-04,VNQ,44.91999816894531,45.2400016784668,44.880001068115234,45.189998626708984,23.68170928955078,1557300
2010-03-05,VNQ,45.349998474121094,46.5099983215332,45.25,46.41999816894531,24.32628631591797,2161800
2010-03-08,VNQ,46.45000076293945,47.060001373291016,46.36000061035156,46.88999938964844,24.57259178161621,1729200
2010-03-09,VNQ,46.810001373291016,47.720001220703125,46.61000061035156,47.0,24.630233764648438,2126000
2010-03-10,VNQ,47.22999954223633,47.63999938964844,46.959999084472656,47.41999816894531,24.85033416748047,2311500
2010-03-11,VNQ,47.20000076293945,47.75,47.029998779296875,47.70000076293945,24.997072219848633,1766200
2010-03-12,VNQ,48.09000015258789,48.36000061035156,47.689998626708984,48.08000183105469,25.19621467590332,2344400
2010-03-15,VNQ,47.959999084472656,48.31999969482422,47.47999954223633,47.970001220703125,25.138566970825195,2164400
2010-03-16,VNQ,48.16999816894531,49.279998779296875,48.029998779296875,49.130001068115234,25.746456146240234,3905000
2010-03-17,VNQ,49.349998474121094,49.959999084472656,49.150001525878906,49.86000061035156,26.129011154174805,3467900
2010-03-18,VNQ,49.70000076293945,50.060001373291016,49.5099983215332,49.59000015258789,25.98752212524414,2448700
2010-03-19,VNQ,49.04999923706055,49.810001373291016,49.0,49.04999923706055,25.704530715942383,2703900
2010-03-22,VNQ,48.70000076293945,49.810001373291016,48.619998931884766,49.66999816894531,26.029441833496094,2922600
2010-03-23,VNQ,49.65999984741211,49.7400016784668,49.06999969482422,49.529998779296875,25.956077575683594,3974700
2010-03-24,VNQ,49.369998931884766,50.150001525878906,49.310001373291016,49.79999923706055,26.097572326660156,3241200
2010-03-25,VNQ,49.79999923706055,50.5,49.54999923706055,49.54999923706055,26.16145896911621,4033400
2010-03-26,VNQ,49.779998779296875,50.040000915527344,49.16999816894531,49.290000915527344,26.024185180664062,4339000
2010-03-29,VNQ,49.630001068115234,49.65999984741211,49.099998474121094,49.439998626708984,26.103370666503906,1914200
2010-03-30,VNQ,49.529998779296875,49.630001068115234,49.16999816894531,49.369998931884766,26.066417694091797,1968300
2010-03-31,VNQ,49.189998626708984,49.41999816894531,48.790000915527344,48.810001373291016,25.77075958251953,2365900
2010-04-01,VNQ,49.16999816894531,49.310001373291016,48.61000061035156,49.060001373291016,25.902748107910156,2198300
2010-04-05,VNQ,49.27000045776367,50.220001220703125,49.130001068115234,50.13999938964844,26.47296714782715,1961200
2010-04-06,VNQ,50.04999923706055,51.400001525878906,49.869998931884766,51.290000915527344,27.080135345458984,3307100
2010-04-07,VNQ,51.189998626708984,51.31999969482422,49.939998626708984,50.15999984741211,26.483530044555664,3521700
2010-04-08,VNQ,49.939998626708984,50.29999923706055,49.849998474121094,50.220001220703125,26.515201568603516,2047800
2010-04-09,VNQ,50.41999816894531,51.04999923706055,50.130001068115234,50.93000030517578,26.890058517456055,1710500
2010-04-12,VNQ,51.119998931884766,51.150001525878906,50.560001373291016,50.61000061035156,26.721113204956055,1872300
2010-04-13,VNQ,50.650001525878906,52.029998779296875,50.58000183105469,51.849998474121094,27.37582015991211,1712600
2010-04-14,VNQ,52.25,52.29999923706055,51.630001068115234,51.93000030517578,27.418052673339844,2026800
2010-04-15,VNQ,51.68000030517578,51.779998779296875,50.459999084472656,50.5099983215332,26.66832733154297,2594700
2010-04-16,VNQ,50.38999938964844,50.81999969482422,49.2400016784668,49.349998474121094,26.055866241455078,4450000
2010-04-19,VNQ,49.0099983215332,49.959999084472656,48.84000015258789,49.56999969482422,26.172019958496094,2825700
2010-04-20,VNQ,49.849998474121094,50.40999984741211,49.31999969482422,50.40999984741211,26.615530014038086,2193300
2010-04-21,VNQ,50.31999969482422,51.59000015258789,50.279998779296875,51.290000915527344,27.080135345458984,2980100
2010-04-22,VNQ,50.900001525878906,52.279998779296875,50.619998931884766,52.08000183105469,27.49725914001465,1552700
2010-04-23,VNQ,52.22999954223633,52.83000183105469,51.720001220703125,52.77000045776367,27.861549377441406,3302900
2010-04-26,VNQ,52.93000030517578,53.599998474121094,52.720001220703125,53.189998626708984,28.083311080932617,2486700
2010-04-27,VNQ,52.88999938964844,53.25,51.4900016784668,51.4900016784668,27.18572998046875,4589700
2010-04-28,VNQ,52.119998931884766,52.20000076293945,51.439998626708984,51.650001525878906,27.270221710205078,3500600
2010-04-29,VNQ,52.310001373291016,54.060001373291016,52.27000045776367,53.97999954223633,28.50041389465332,3268600
2010-04-30,VNQ,53.869998931884766,54.36000061035156,52.18000030517578,52.29999923706055,27.613401412963867,4056200
2010-05-03,VNQ,52.7599983215332,54.349998474121094,52.75,54.040000915527344,28.53208351135254,4016000
2010-05-04,VNQ,53.22999954223633,53.540000915527344,52.34000015258789,52.810001373291016,27.882680892944336,3672500
2010-05-05,VNQ,51.970001220703125,53.04999923706055,51.31999969482422,52.099998474121094,27.5078067779541,3597300
2010-05-06,VNQ,51.72999954223633,52.09000015258789,45.0,49.959999084472656,26.377927780151367,6191800
2010-05-07,VNQ,50.43000030517578,51.130001068115234,48.31999969482422,49.119998931884766,25.93443489074707,5896600
2010-05-10,VNQ,51.7599983215332,52.5099983215332,51.33000183105469,52.36000061035156,27.645078659057617,4817300
2010-05-11,VNQ,51.650001525878906,53.18000030517578,51.52000045776367,52.66999816894531,27.80876350402832,3229100
2010-05-12,VNQ,52.90999984741211,53.709999084472656,52.54999923706055,53.52000045776367,28.25754165649414,2577400
2010-05-13,VNQ,53.63999938964844,53.7599983215332,52.560001373291016,52.650001525878906,27.79819679260254,2522000
2010-05-14,VNQ,52.209999084472656,52.2599983215332,50.439998626708984,50.97999954223633,26.91647720336914,4558000
2010-05-17,VNQ,51.2400016784668,52.0099983215332,49.52000045776367,51.04999923706055,26.953428268432617,2913300
2010-05-18,VNQ,51.849998474121094,51.900001525878906,49.470001220703125,49.7599983215332,26.272335052490234,3725300
2010-05-19,VNQ,49.29999923706055,50.400001525878906,47.97999954223633,49.29999923706055,26.029451370239258,5955800
2010-05-20,VNQ,47.97999954223633,48.459999084472656,46.66999816894531,46.77000045776367,24.69367218017578,5847200
2010-05-21,VNQ,46.0,48.400001525878906,45.72999954223633,48.34000015258789,25.52259635925293,5652000
2010-05-24,VNQ,48.380001068115234,48.63999938964844,47.18000030517578,47.2599983215332,24.952381134033203,3826100
2010-05-25,VNQ,45.91999816894531,47.7400016784668,45.36000061035156,47.63999938964844,25.153011322021484,4736400
2010-05-26,VNQ,48.439998626708984,49.040000915527344,47.22999954223633,47.540000915527344,25.10021209716797,4937300
2010-05-27,VNQ,48.77000045776367,50.20000076293945,48.189998626708984,50.150001525878906,26.47823715209961,2876100
2010-05-28,VNQ,50.06999969482422,50.470001220703125,49.189998626708984,49.5099983215332,26.140342712402344,2769200
2010-06-01,VNQ,48.84000015258789,49.70000076293945,48.400001525878906,48.47999954223633,25.59651756286621,2715000
2010-06-02,VNQ,48.81999969482422,49.529998779296875,47.970001220703125,49.43000030517578,26.098098754882812,2015700
2010-06-03,VNQ,49.70000076293945,49.75,48.849998474121094,49.290000915527344,26.024185180664062,2171700
2010-06-04,VNQ,48.31999969482422,48.709999084472656,46.25,46.5,24.551115036010742,9751200
2010-06-07,VNQ,46.7599983215332,47.529998779296875,46.16999816894531,46.25,24.41912078857422,3646600
2010-06-08,VNQ,46.41999816894531,47.16999816894531,45.22999954223633,47.08000183105469,24.857330322265625,4966300
2010-06-09,VNQ,47.529998779296875,48.720001220703125,47.119998931884766,47.36000061035156,25.005168914794922,4130400
2010-06-10,VNQ,48.380001068115234,49.599998474121094,47.959999084472656,49.40999984741211,26.087539672851562,3918800
2010-06-11,VNQ,48.880001068115234,50.119998931884766,48.790000915527344,50.0,26.399051666259766,2626800
2010-06-14,VNQ,50.65999984741211,51.150001525878906,50.11000061035156,50.619998931884766,26.726396560668945,2967100
2010-06-15,VNQ,50.93000030517578,51.86000061035156,50.59000015258789,51.75,27.323017120361328,2692500
2010-06-16,VNQ,51.369998931884766,51.709999084472656,51.02000045776367,51.279998779296875,27.074871063232422,2496600
2010-06-17,VNQ,51.4900016784668,51.630001068115234,50.83000183105469,51.38999938964844,27.132938385009766,3137100
2010-06-18,VNQ,51.58000183105469,51.58000183105469,50.970001220703125,51.22999954223633,27.048458099365234,1981200
2010-06-21,VNQ,51.939998626708984,52.150001525878906,50.68000030517578,50.83000183105469,26.83727264404297,2910100
2010-06-22,VNQ,50.970001220703125,51.18000030517578,49.189998626708984,49.31999969482422,26.040021896362305,4468100
2010-06-23,VNQ,49.2599983215332,50.029998779296875,48.52000045776367,49.45000076293945,26.108657836914062,2987900
2010-06-24,VNQ,48.66999816894531,48.849998474121094,47.790000915527344,47.95000076293945,25.55597686767578,3163500
2010-06-25,VNQ,48.150001525878906,49.380001068115234,47.84000015258789,49.15999984741211,26.200857162475586,4883700
2010-06-28,VNQ,49.34000015258789,49.38999938964844,48.38999938964844,48.58000183105469,25.891735076904297,2439400
2010-06-29,VNQ,47.849998474121094,47.869998931884766,46.599998474121094,46.9900016784668,25.044315338134766,4804700
2010-06-30,VNQ,47.060001373291016,47.709999084472656,46.34000015258789,46.4900016784668,24.777835845947266,3616100
2010-07-01,VNQ,46.52000045776367,46.7400016784668,45.18000030517578,46.33000183105469,24.692554473876953,7804700
2010-07-02,VNQ,46.52000045776367,46.709999084472656,45.20000076293945,45.439998626708984,24.21821403503418,2682600
2010-07-06,VNQ,46.33000183105469,46.54999923706055,43.959999084472656,44.43000030517578,23.679920196533203,4989800
2010-07-07,VNQ,44.5,46.650001525878906,44.45000076293945,46.59000015258789,24.831127166748047,3702500
2010-07-08,VNQ,47.25,47.59000015258789,46.33000183105469,47.16999816894531,25.140249252319336,2288500
2010-07-09,VNQ,47.09000015258789,47.86000061035156,46.95000076293945,47.77000045776367,25.460037231445312,1597100
2010-07-12,VNQ,47.689998626708984,48.06999969482422,47.16999816894531,47.91999816894531,25.539979934692383,2419900
2010-07-13,VNQ,48.63999938964844,49.279998779296875,48.38999938964844,49.099998474121094,26.16889762878418,2622800
2010-07-14,VNQ,48.869998931884766,49.27000045776367,48.16999816894531,48.810001373291016,26.014326095581055,2297300
2010-07-15,VNQ,48.880001068115234,48.900001525878906,47.68000030517578,48.650001525878906,25.92904281616211,2560700
2010-07-16,VNQ,48.33000183105469,48.400001525878906,46.70000076293945,47.06999969482422,25.086956024169922,2758100
2010-07-19,VNQ,47.150001525878906,47.900001525878906,46.369998931884766,47.650001525878906,25.396076202392578,2740600
2010-07-20,VNQ,46.880001068115234,48.709999084472656,46.720001220703125,48.540000915527344,25.87041473388672,3494800
2010-07-21,VNQ,48.7599983215332,48.91999816894531,47.279998779296875,47.529998779296875,25.33211898803711,3526700
2010-07-22,VNQ,48.13999938964844,49.709999084472656,48.09000015258789,49.310001373291016,26.28081703186035,3295200
2010-07-23,VNQ,49.2400016784668,49.97999954223633,48.439998626708984,49.939998626708984,26.616588592529297,2956400
2010-07-26,VNQ,50.04999923706055,51.310001373291016,49.63999938964844,51.189998626708984,27.28279685974121,3857800
2010-07-27,VNQ,51.68000030517578,51.81999969482422,50.59000015258789,51.18000030517578,27.277467727661133,3483300
2010-07-28,VNQ,51.029998779296875,51.70000076293945,50.779998779296875,51.08000183105469,27.224180221557617,2919200
2010-07-29,VNQ,51.5099983215332,51.63999938964844,50.13999938964844,50.650001525878906,26.9949951171875,2276900
2010-07-30,VNQ,50.08000183105469,51.209999084472656,49.95000076293945,50.95000076293945,27.154882431030273,2746300
2010-08-02,VNQ,51.779998779296875,52.810001373291016,51.619998931884766,52.65999984741211,28.06625747680664,3018300
2010-08-03,VNQ,52.529998779296875,52.56999969482422,51.779998779296875,52.150001525878906,27.7944393157959,1955500
2010-08-04,VNQ,52.38999938964844,52.540000915527344,51.900001525878906,52.52000045776367,27.991655349731445,2041300
2010-08-05,VNQ,52.2400016784668,52.5,51.75,51.86000061035156,27.639894485473633,1847300
2010-08-06,VNQ,51.310001373291016,51.779998779296875,50.7599983215332,51.619998931884766,27.51197052001953,1836100
2010-08-09,VNQ,51.880001068115234,52.380001068115234,51.560001373291016,52.209999084472656,27.82642936706543,2914500
2010-08-10,VNQ,51.779998779296875,52.22999954223633,51.15999984741211,51.70000076293945,27.55461311340332,2180200
2010-08-11,VNQ,50.84000015258789,51.09000015258789,49.9900016784668,50.40999984741211,26.867082595825195,2688600
2010-08-12,VNQ,49.75,50.290000915527344,49.5,49.779998779296875,26.53130531311035,2632600
2010-08-13,VNQ,49.75,50.150001525878906,49.619998931884766,49.779998779296875,26.53130531311035,2208700
2010-08-16,VNQ,49.529998779296875,50.189998626708984,49.25,49.7400016784668,26.509986877441406,1827400
2010-08-17,VNQ,50.22999954223633,51.2400016784668,49.93000030517578,50.880001068115234,27.117582321166992,2290800
2010-08-18,VNQ,51.029998779296875,51.27000045776367,50.5099983215332,50.93000030517578,27.14421272277832,1651800
2010-08-19,VNQ,50.779998779296875,50.779998779296875,49.349998474121094,49.630001068115234,26.451358795166016,2883700
2010-08-20,VNQ,49.349998474121094,49.540000915527344,48.959999084472656,49.470001220703125,26.366086959838867,1585400
2010-08-23,VNQ,49.66999816894531,49.84000015258789,49.189998626708984,49.209999084472656,26.227521896362305,1535700
2010-08-24,VNQ,48.5,49.34000015258789,48.11000061035156,49.0099983215332,26.12091064453125,2611500
2010-08-25,VNQ,48.599998474121094,50.040000915527344,48.529998779296875,49.790000915527344,26.536638259887695,1817700
2010-08-26,VNQ,50.150001525878906,50.439998626708984,49.41999816894531,49.4900016784668,26.376739501953125,2792800
2010-08-27,VNQ,49.79999923706055,50.400001525878906,48.75,50.310001373291016,26.81378173828125,2298700
2010-08-30,VNQ,50.2400016784668,50.68000030517578,49.869998931884766,49.91999816894531,26.605915069580078,1641900
2010-08-31,VNQ,49.7599983215332,50.459999084472656,49.4900016784668,50.29999923706055,26.808456420898438,2804700
2010-09-01,VNQ,50.88999938964844,52.06999969482422,50.880001068115234,51.939998626708984,27.682514190673828,2037800
2010-09-02,VNQ,51.9900016784668,52.66999816894531,51.86000061035156,52.599998474121094,28.03428077697754,1990000
2010-09-03,VNQ,53.33000183105469,53.400001525878906,52.81999969482422,53.369998931884766,28.444684982299805,2093000
2010-09-07,VNQ,52.91999816894531,53.11000061035156,52.4900016784668,52.54999923706055,28.007627487182617,1728300
2010-09-08,VNQ,52.61000061035156,52.9900016784668,52.43000030517578,52.65999984741211,28.06625747680664,2043200
2010-09-09,VNQ,53.209999084472656,53.279998779296875,51.88999938964844,52.04999923706055,27.74115562438965,1428600
2010-09-10,VNQ,52.209999084472656,52.56999969482422,51.91999816894531,52.33000183105469,27.890380859375,1024300
2010-09-13,VNQ,52.83000183105469,53.22999954223633,52.65999984741211,53.189998626708984,28.348731994628906,1611000
2010-09-14,VNQ,53.04999923706055,53.380001068115234,52.70000076293945,52.9900016784668,28.24215316772461,1842800
2010-09-15,VNQ,52.72999954223633,53.650001525878906,52.66999816894531,53.45000076293945,28.48731803894043,3981000
2010-09-16,VNQ,53.349998474121094,53.540000915527344,52.959999084472656,53.16999816894531,28.338069915771484,1490300
2010-09-17,VNQ,53.400001525878906,53.560001373291016,52.849998474121094,53.33000183105469,28.42336082458496,1287600
2010-09-20,VNQ,53.52000045776367,54.849998474121094,53.40999984741211,54.630001068115234,29.116209030151367,1801800
2010-09-21,VNQ,54.77000045776367,54.77000045776367,53.709999084472656,53.83000183105469,28.689834594726562,3266300
2010-09-22,VNQ,53.540000915527344,53.91999816894531,53.0,53.099998474121094,28.300779342651367,2927100
2010-09-23,VNQ,52.68000030517578,52.790000915527344,51.59000015258789,51.790000915527344,27.602588653564453,2352800
2010-09-24,VNQ,52.029998779296875,52.79999923706055,51.91999816894531,52.779998779296875,28.3834228515625,3617600
2010-09-27,VNQ,52.97999954223633,52.97999954223633,51.880001068115234,52.130001068115234,28.033876419067383,1765200
2010-09-28,VNQ,52.29999923706055,52.470001220703125,51.36000061035156,52.34000015258789,28.14680290222168,1755000
2010-09-29,VNQ,52.27000045776367,52.279998779296875,51.7400016784668,51.93000030517578,27.926319122314453,2032200
2010-09-30,VNQ,52.349998474121094,52.81999969482422,51.68000030517578,52.08000183105469,28.00698471069336,2745600
2010-10-01,VNQ,52.38999938964844,52.599998474121094,51.689998626708984,52.34000015258789,28.14680290222168,6097900
2010-10-04,VNQ,52.25,52.81999969482422,52.150001525878906,52.81999969482422,28.404935836791992,5232900
2010-10-05,VNQ,53.11000061035156,53.84000015258789,52.81999969482422,53.65999984741211,28.856664657592773,2061300
2010-10-06,VNQ,53.459999084472656,53.599998474121094,53.09000015258789,53.369998931884766,28.700708389282227,2100000
2010-10-07,VNQ,53.599998474121094,53.88999938964844,53.2599983215332,53.52000045776367,28.781368255615234,1283000
2010-10-08,VNQ,53.54999923706055,53.79999923706055,53.2400016784668,53.66999816894531,28.862024307250977,1118100
2010-10-11,VNQ,53.7400016784668,53.84000015258789,53.52000045776367,53.65999984741211,28.856664657592773,954600
2010-10-12,VNQ,53.5099983215332,54.18000030517578,53.279998779296875,54.040000915527344,29.061010360717773,1686500
2010-10-13,VNQ,54.20000076293945,55.09000015258789,54.11000061035156,54.599998474121094,29.362146377563477,1634600
2010-10-14,VNQ,54.5,54.810001373291016,54.119998931884766,54.459999084472656,29.286869049072266,1587600
2010-10-15,VNQ,54.75,54.91999816894531,54.27000045776367,54.38999938964844,29.249221801757812,1794000
2010-10-18,VNQ,54.369998931884766,55.150001525878906,54.310001373291016,55.09000015258789,29.625659942626953,1638000
2010-10-19,VNQ,54.45000076293945,55.2400016784668,54.22999954223633,54.40999984741211,29.259992599487305,1987000
2010-10-20,VNQ,54.52000045776367,56.08000183105469,54.52000045776367,55.599998474121094,29.899919509887695,1958700
2010-10-21,VNQ,55.93000030517578,56.18000030517578,55.18000030517578,55.540000915527344,29.86766242980957,1848300
2010-10-22,VNQ,55.70000076293945,55.90999984741211,55.16999816894531,55.56999969482422,29.88379669189453,1147900
2010-10-25,VNQ,56.0,56.0,55.56999969482422,55.66999816894531,29.937572479248047,1663900
2010-10-26,VNQ,55.25,55.43000030517578,54.970001220703125,55.27000045776367,29.722455978393555,1669500
2010-10-27,VNQ,55.029998779296875,55.2599983215332,54.5,54.880001068115234,29.51273536682129,2485700
2010-10-28,VNQ,55.13999938964844,55.380001068115234,54.0099983215332,54.540000915527344,29.32990264892578,1185400
2010-10-29,VNQ,54.43000030517578,54.77000045776367,54.31999969482422,54.54999923706055,29.335268020629883,1017800
2010-11-01,VNQ,54.810001373291016,55.540000915527344,54.66999816894531,55.02000045776367,29.588024139404297,1263100
2010-11-02,VNQ,55.439998626708984,55.56999969482422,55.08000183105469,55.400001525878906,29.79237937927246,1166400
2010-11-03,VNQ,55.61000061035156,55.61000061035156,54.91999816894531,55.400001525878906,29.79237937927246,1589400
2010-11-04,VNQ,55.90999984741211,56.779998779296875,55.77000045776367,56.68000030517578,30.480710983276367,1186500
2010-11-05,VNQ,56.880001068115234,57.650001525878906,56.459999084472656,57.290000915527344,30.808753967285156,1534200
2010-11-08,VNQ,57.130001068115234,57.29999923706055,56.5,56.97999954223633,30.642051696777344,1784400
2010-11-09,VNQ,57.119998931884766,57.209999084472656,54.290000915527344,54.66999816894531,29.399808883666992,3078600
2010-11-10,VNQ,54.90999984741211,55.380001068115234,54.70000076293945,55.349998474121094,29.76548957824707,1480000
2010-11-11,VNQ,55.0,55.43000030517578,54.75,54.90999984741211,29.52886199951172,1305100
2010-11-12,VNQ,54.599998474121094,55.060001373291016,54.130001068115234,54.400001525878906,29.25460433959961,1683700
2010-11-15,VNQ,54.52000045776367,54.81999969482422,53.790000915527344,53.880001068115234,28.974964141845703,2017000
2010-11-16,VNQ,53.5099983215332,53.540000915527344,51.619998931884766,52.029998779296875,27.980087280273438,3883400
2010-11-17,VNQ,52.15999984741211,52.7400016784668,51.959999084472656,52.43000030517578,28.1951904296875,1503300
2010-11-18,VNQ,53.310001373291016,53.400001525878906,52.790000915527344,52.900001525878906,28.44795799255371,2498900
2010-11-19,VNQ,52.75,53.310001373291016,52.33000183105469,53.18000030517578,28.59853744506836,2001900
2010-11-22,VNQ,53.040000915527344,53.5,53.0099983215332,53.31999969482422,28.673809051513672,1443200
2010-11-23,VNQ,52.720001220703125,53.0,52.58000183105469,52.900001525878906,28.44795799255371,2671600
2010-11-24,VNQ,53.31999969482422,54.0,53.29999923706055,53.91999816894531,28.996479034423828,1555400
2010-11-26,VNQ,53.68000030517578,54.04999923706055,53.56999969482422,53.810001373291016,28.937320709228516,661100
2010-11-29,VNQ,53.529998779296875,53.939998626708984,53.040000915527344,53.779998779296875,28.92119026184082,1620500
2010-11-30,VNQ,53.29999923706055,53.869998931884766,53.209999084472656,53.540000915527344,28.79212760925293,1652000
2010-12-01,VNQ,54.20000076293945,54.20000076293945,53.40999984741211,53.849998474121094,28.958829879760742,2195300
2010-12-02,VNQ,54.02000045776367,54.720001220703125,53.88999938964844,54.68000030517578,29.405174255371094,1353800
2010-12-03,VNQ,54.29999923706055,54.810001373291016,54.16999816894531,54.66999816894531,29.399808883666992,1589000
2010-12-06,VNQ,54.63999938964844,54.90999984741211,54.08000183105469,54.779998779296875,29.45895767211914,1602500
2010-12-07,VNQ,55.310001373291016,55.41999816894531,54.88999938964844,54.900001525878906,29.52348518371582,1773500
2010-12-08,VNQ,55.040000915527344,55.11000061035156,53.77000045776367,54.09000015258789,29.08789825439453,2263600
2010-12-09,VNQ,54.29999923706055,54.47999954223633,53.4900016784668,53.61000061035156,28.829771041870117,1487900
2010-12-10,VNQ,53.709999084472656,54.29999923706055,53.619998931884766,53.959999084472656,29.017986297607422,2754600
2010-12-13,VNQ,54.27000045776367,54.439998626708984,53.9900016784668,54.04999923706055,29.066389083862305,1023800
2010-12-14,VNQ,54.13999938964844,54.61000061035156,53.279998779296875,53.52000045776367,28.781368255615234,1645800
2010-12-15,VNQ,53.470001220703125,53.869998931884766,52.91999816894531,53.0099983215332,28.507112503051758,1447800
2010-12-16,VNQ,53.099998474121094,53.349998474121094,52.75,53.099998474121094,28.555513381958008,1270200
2010-12-17,VNQ,53.189998626708984,53.59000015258789,53.04999923706055,53.540000915527344,28.79212760925293,2871200
2010-12-20,VNQ,53.709999084472656,54.36000061035156,53.65999984741211,54.18000030517578,29.136295318603516,2388500
2010-12-21,VNQ,54.31999969482422,54.84000015258789,54.27000045776367,54.75,29.442813873291016,2927500
2010-12-22,VNQ,54.66999816894531,55.52000045776367,54.66999816894531,55.16999816894531,29.66868019104004,1398000
2010-12-23,VNQ,55.189998626708984,55.349998474121094,54.900001525878906,54.91999816894531,29.534238815307617,1241600
2010-12-27,VNQ,54.310001373291016,55.02000045776367,54.11000061035156,55.0,29.901220321655273,1275200
2010-12-28,VNQ,55.099998474121094,55.290000915527344,54.720001220703125,55.220001220703125,30.020814895629883,2919200
2010-12-29,VNQ,55.22999954223633,55.43000030517578,55.02000045776367,55.33000183105469,30.080615997314453,1511400
2010-12-30,VNQ,55.2400016784668,55.68000030517578,55.2400016784668,55.47999954223633,30.16216278076172,1229500
2010-12-31,VNQ,55.470001220703125,55.75,55.29999923706055,55.369998931884766,30.102367401123047,1168500
2011-01-03,VNQ,55.7599983215332,56.439998626708984,55.72999954223633,56.400001525878906,30.662330627441406,1957400
2011-01-04,VNQ,56.47999954223633,56.630001068115234,55.0,55.31999969482422,30.075193405151367,2315700
2011-01-05,VNQ,55.150001525878906,55.630001068115234,55.13999938964844,55.52000045776367,30.18391227722168,1512700
2011-01-06,VNQ,55.66999816894531,55.68000030517578,54.970001220703125,55.0,29.901220321655273,1819300
2011-01-07,VNQ,55.290000915527344,55.45000076293945,54.5,55.02000045776367,29.912084579467773,2001200
2011-01-10,VNQ,54.79999923706055,55.13999938964844,54.41999816894531,55.0099983215332,29.906644821166992,1668400
2011-01-11,VNQ,55.209999084472656,55.38999938964844,54.5099983215332,54.88999938964844,29.841411590576172,1237500
2011-01-12,VNQ,55.310001373291016,55.349998474121094,54.86000061035156,55.119998931884766,29.96645736694336,1639600
2011-01-13,VNQ,55.130001068115234,55.470001220703125,54.9900016784668,55.29999923706055,30.064311981201172,1200400
2011-01-14,VNQ,55.2599983215332,55.66999816894531,55.119998931884766,55.66999816894531,30.26546287536621,1334300
2011-01-18,VNQ,55.650001525878906,56.150001525878906,55.400001525878906,56.150001525878906,30.526426315307617,1348900
2011-01-19,VNQ,56.09000015258789,56.130001068115234,55.150001525878906,55.40999984741211,30.124109268188477,2340800
2011-01-20,VNQ,55.33000183105469,55.84000015258789,55.150001525878906,55.41999816894531,30.12955093383789,1934400
2011-01-21,VNQ,55.599998474121094,55.66999816894531,55.310001373291016,55.459999084472656,30.151296615600586,1196800
2011-01-24,VNQ,55.540000915527344,56.02000045776367,55.36000061035156,55.7400016784668,30.30352210998535,1143000
2011-01-25,VNQ,55.59000015258789,56.40999984741211,55.41999816894531,56.38999938964844,30.656888961791992,1249600
2011-01-26,VNQ,56.560001373291016,56.7599983215332,56.15999984741211,56.47999954223633,30.70583152770996,2310600
2011-01-27,VNQ,56.970001220703125,57.5,56.75,57.369998931884766,31.18967628479004,1926600
2011-01-28,VNQ,57.439998626708984,57.599998474121094,56.27000045776367,56.41999816894531,30.673200607299805,1404200
2011-01-31,VNQ,56.689998626708984,57.349998474121094,56.59000015258789,57.16999816894531,31.08095932006836,1916800
2011-02-01,VNQ,57.5099983215332,57.56999969482422,56.7599983215332,57.310001373291016,31.15707015991211,2400100
2011-02-02,VNQ,57.279998779296875,57.68000030517578,57.220001220703125,57.310001373291016,31.15707015991211,1698300
2011-02-03,VNQ,57.099998474121094,57.61000061035156,57.0,57.470001220703125,31.24405288696289,1294300
2011-02-04,VNQ,57.540000915527344,57.599998474121094,56.810001373291016,57.04999923706055,31.015695571899414,1842700
2011-02-07,VNQ,57.130001068115234,57.70000076293945,57.02000045776367,57.61000061035156,31.32016372680664,1361500
2011-02-08,VNQ,57.65999984741211,57.95000076293945,57.56999969482422,57.86000061035156,31.456069946289062,1356800
2011-02-09,VNQ,57.779998779296875,57.95000076293945,57.599998474121094,57.900001525878906,31.477827072143555,1702500
2011-02-10,VNQ,57.720001220703125,58.27000045776367,57.720001220703125,58.13999938964844,31.608304977416992,1364800
2011-02-11,VNQ,58.06999969482422,58.56999969482422,57.84000015258789,58.52000045776367,31.814884185791016,1355200
2011-02-14,VNQ,58.599998474121094,58.709999084472656,58.130001068115234,58.529998779296875,31.82032585144043,1062000
2011-02-15,VNQ,58.310001373291016,58.5099983215332,58.0,58.310001373291016,31.700729370117188,1198500
2011-02-16,VNQ,58.47999954223633,58.900001525878906,58.18000030517578,58.439998626708984,31.771392822265625,1084400
2011-02-17,VNQ,58.45000076293945,58.720001220703125,58.369998931884766,58.5,31.804014205932617,1011000
2011-02-18,VNQ,58.59000015258789,58.88999938964844,58.5,58.72999954223633,31.92906379699707,1288000
2011-02-22,VNQ,58.279998779296875,58.869998931884766,58.09000015258789,58.220001220703125,31.651796340942383,2159100
2011-02-23,VNQ,58.20000076293945,58.41999816894531,57.369998931884766,57.72999954223633,31.385393142700195,1966800
2011-02-24,VNQ,57.65999984741211,57.84000015258789,56.83000183105469,57.290000915527344,31.14620018005371,1586800
2011-02-25,VNQ,57.540000915527344,58.4900016784668,57.540000915527344,58.40999984741211,31.755083084106445,1135900
2011-02-28,VNQ,58.88999938964844,59.86000061035156,58.790000915527344,59.86000061035156,32.54339599609375,1725800
2011-03-01,VNQ,59.83000183105469,60.0,58.06999969482422,58.08000183105469,31.575674057006836,3119700
2011-03-02,VNQ,58.0,58.15999984741211,57.34000015258789,57.54999923706055,31.28754425048828,2400000
2011-03-03,VNQ,58.130001068115234,58.400001525878906,57.939998626708984,58.380001068115234,31.738786697387695,1590100
2011-03-04,VNQ,58.34000015258789,58.45000076293945,57.529998779296875,57.81999969482422,31.434326171875,1681900
2011-03-07,VNQ,58.02000045776367,58.20000076293945,57.04999923706055,57.400001525878906,31.205995559692383,1661400
2011-03-08,VNQ,57.5,58.52000045776367,57.40999984741211,58.209999084472656,31.646352767944336,2228600
2011-03-09,VNQ,58.209999084472656,58.470001220703125,57.720001220703125,58.150001525878906,31.61373519897461,1358600
2011-03-10,VNQ,57.66999816894531,57.7400016784668,57.20000076293945,57.2599983215332,31.129878997802734,1704800
2011-03-11,VNQ,57.04999923706055,57.95000076293945,57.02000045776367,57.84000015258789,31.44520378112793,1349400
2011-03-14,VNQ,57.5,57.61000061035156,57.029998779296875,57.2599983215332,31.129878997802734,1673700
2011-03-15,VNQ,56.119998931884766,57.349998474121094,55.90999984741211,56.959999084472656,30.966773986816406,2439500
2011-03-16,VNQ,56.95000076293945,57.0099983215332,55.72999954223633,56.119998931884766,30.510103225708008,3176100
2011-03-17,VNQ,56.790000915527344,56.95000076293945,56.09000015258789,56.54999923706055,30.743892669677734,1837500
2011-03-18,VNQ,57.029998779296875,57.36000061035156,56.849998474121094,57.119998931884766,31.053773880004883,1887600
2011-03-21,VNQ,57.619998931884766,57.9900016784668,57.470001220703125,57.7400016784668,31.390840530395508,1340600
2011-03-22,VNQ,57.75,57.869998931884766,57.20000076293945,57.369998931884766,31.18967628479004,2793800
2011-03-23,VNQ,57.27000045776367,57.27000045776367,56.36000061035156,56.7400016784668,30.84717559814453,1699400
2011-03-24,VNQ,57.08000183105469,57.150001525878906,56.369998931884766,56.97999954223633,30.977663040161133,1466700
2011-03-25,VNQ,56.79999923706055,57.2599983215332,56.560001373291016,57.0099983215332,31.219701766967773,2441500
2011-03-28,VNQ,57.06999969482422,57.279998779296875,56.790000915527344,56.939998626708984,31.181371688842773,1843000
2011-03-29,VNQ,57.0,57.290000915527344,56.380001068115234,57.16999816894531,31.307327270507812,2293200
2011-03-30,VNQ,57.4900016784668,58.06999969482422,57.2400016784668,58.0,31.7618408203125,1832700
2011-03-31,VNQ,57.959999084472656,58.560001373291016,57.900001525878906,58.470001220703125,32.019229888916016,3204000
2011-04-01,VNQ,58.779998779296875,58.95000076293945,58.25,58.560001373291016,32.06850814819336,4149100
2011-04-04,VNQ,58.7400016784668,58.77000045776367,58.400001525878906,58.52000045776367,32.046592712402344,1072600
2011-04-05,VNQ,58.459999084472656,58.81999969482422,58.38999938964844,58.58000183105469,32.07946014404297,1248100
2011-04-06,VNQ,58.84000015258789,58.84000015258789,58.439998626708984,58.61000061035156,32.095890045166016,1286500
2011-04-07,VNQ,58.66999816894531,58.689998626708984,57.689998626708984,57.959999084472656,31.73993492126465,1773000
2011-04-08,VNQ,58.119998931884766,58.349998474121094,57.369998931884766,57.540000915527344,31.50993537902832,2259700
2011-04-11,VNQ,57.650001525878906,58.029998779296875,57.38999938964844,57.58000183105469,31.531841278076172,1335300
2011-04-12,VNQ,57.38999938964844,57.75,57.33000183105469,57.47999954223633,31.477079391479492,1996500
2011-04-13,VNQ,57.7599983215332,57.77000045776367,57.290000915527344,57.38999938964844,31.427783966064453,1212600
2011-04-14,VNQ,57.220001220703125,58.34000015258789,57.099998474121094,58.220001220703125,31.882326126098633,1423500
2011-04-15,VNQ,58.380001068115234,59.0,58.25,58.970001220703125,32.29302978515625,1408600
2011-04-18,VNQ,58.529998779296875,58.529998779296875,58.060001373291016,58.439998626708984,32.0027961730957,1709900
2011-04-19,VNQ,58.560001373291016,59.0,58.5099983215332,58.900001525878906,32.254703521728516,1096500
2011-04-20,VNQ,59.40999984741211,59.68000030517578,59.0,59.59000015258789,32.632568359375,1432600
2011-04-21,VNQ,59.75,60.02000045776367,59.33000183105469,59.9900016784668,32.85161209106445,1746900
2011-04-25,VNQ,60.119998931884766,60.61000061035156,59.810001373291016,60.38999938964844,33.070648193359375,1421400
2011-04-26,VNQ,60.61000061035156,61.13999938964844,60.27000045776367,60.91999816894531,33.36088562011719,2700000
2011-04-27,VNQ,61.040000915527344,61.43000030517578,60.83000183105469,61.369998931884766,33.60731506347656,1860300
2011-04-28,VNQ,61.45000076293945,62.380001068115234,61.38999938964844,62.189998626708984,34.056373596191406,2348200
2011-04-29,VNQ,62.290000915527344,62.349998474121094,61.09000015258789,61.83000183105469,33.859214782714844,1777800
2011-05-02,VNQ,62.130001068115234,62.36000061035156,61.400001525878906,61.91999816894531,33.90850830078125,2434500
2011-05-03,VNQ,61.7400016784668,62.189998626708984,60.689998626708984,61.38999938964844,33.61826705932617,2052900
2011-05-04,VNQ,61.290000915527344,61.4900016784668,60.75,61.040000915527344,33.426612854003906,1650200
2011-05-05,VNQ,60.709999084472656,61.45000076293945,60.52000045776367,61.0,33.404701232910156,1900000
2011-05-06,VNQ,61.43000030517578,61.54999923706055,60.290000915527344,60.459999084472656,33.10898971557617,2277700
2011-05-09,VNQ,60.4900016784668,60.93000030517578,60.220001220703125,60.77000045776367,33.27874755859375,983300
2011-05-10,VNQ,61.02000045776367,61.810001373291016,60.97999954223633,61.72999954223633,33.80445861816406,1699400
2011-05-11,VNQ,61.689998626708984,61.709999084472656,60.880001068115234,61.08000183105469,33.4484977722168,1736000
2011-05-12,VNQ,60.900001525878906,61.27000045776367,60.38999938964844,61.18000030517578,33.503265380859375,1429800
2011-05-13,VNQ,61.33000183105469,61.33000183105469,60.380001068115234,60.529998779296875,33.147315979003906,1482300
2011-05-16,VNQ,60.2599983215332,61.0099983215332,60.22999954223633,60.619998931884766,33.19660949707031,2157000
2011-05-17,VNQ,60.439998626708984,60.75,60.220001220703125,60.599998474121094,33.1856575012207,2183400
2011-05-18,VNQ,60.59000015258789,61.25,60.34000015258789,61.189998626708984,33.50873947143555,1323700
2011-05-19,VNQ,61.45000076293945,61.709999084472656,60.970001220703125,61.45000076293945,33.651119232177734,1324000
2011-05-20,VNQ,61.15999984741211,61.40999984741211,60.63999938964844,60.70000076293945,33.24040985107422,1385200
2011-05-23,VNQ,60.08000183105469,60.36000061035156,59.91999816894531,60.08000183105469,32.9008903503418,1809700
2011-05-24,VNQ,60.20000076293945,60.4900016784668,60.040000915527344,60.2599983215332,32.999454498291016,1299400
2011-05-25,VNQ,60.13999938964844,60.849998474121094,59.720001220703125,60.540000915527344,33.15279006958008,1411900
2011-05-26,VNQ,60.47999954223633,61.5099983215332,60.27000045776367,61.349998474121094,33.59634780883789,1095800
2011-05-27,VNQ,61.5099983215332,61.77000045776367,61.25,61.70000076293945,33.78803634643555,970600
2011-05-31,VNQ,62.18000030517578,62.70000076293945,61.95000076293945,62.68000030517578,34.32468795776367,1691500
2011-06-01,VNQ,62.540000915527344,62.61000061035156,60.79999923706055,60.880001068115234,33.3389892578125,2859300
2011-06-02,VNQ,60.880001068115234,61.400001525878906,60.34000015258789,60.439998626708984,33.09803009033203,2122900
2011-06-03,VNQ,59.84000015258789,60.959999084472656,59.68000030517578,60.68000030517578,33.22944259643555,1897800
2011-06-06,VNQ,60.58000183105469,60.779998779296875,59.7599983215332,59.790000915527344,32.74208068847656,1172700
2011-06-07,VNQ,60.119998931884766,60.959999084472656,59.939998626708984,60.41999816894531,33.087074279785156,1252000
2011-06-08,VNQ,60.15999984741211,60.810001373291016,60.11000061035156,60.25,32.993988037109375,1509400
2011-06-09,VNQ,60.41999816894531,60.459999084472656,59.33000183105469,59.599998474121094,32.63804626464844,1381600
2011-06-10,VNQ,59.33000183105469,59.43000030517578,58.0099983215332,58.099998474121094,31.816598892211914,2011600
2011-06-13,VNQ,58.25,58.7599983215332,57.97999954223633,58.34000015258789,31.948034286499023,1780800
2011-06-14,VNQ,58.90999984741211,59.369998931884766,58.7400016784668,59.209999084472656,32.424461364746094,1163900
2011-06-15,VNQ,58.689998626708984,59.0099983215332,57.81999969482422,58.2599983215332,31.90422821044922,1761700
2011-06-16,VNQ,58.27000045776367,59.0,57.88999938964844,58.720001220703125,32.15613555908203,2077100
2011-06-17,VNQ,59.36000061035156,59.45000076293945,58.72999954223633,59.279998779296875,32.46279525756836,1912800
2011-06-20,VNQ,59.09000015258789,60.150001525878906,59.09000015258789,60.0,32.85708236694336,1968200
2011-06-21,VNQ,60.36000061035156,60.529998779296875,59.9900016784668,60.470001220703125,33.11445999145508,1375400
2011-06-22,VNQ,60.34000015258789,60.880001068115234,60.22999954223633,60.290000915527344,33.015899658203125,3467800
2011-06-23,VNQ,59.470001220703125,59.560001373291016,58.529998779296875,59.06999969482422,32.34779739379883,2618700
2011-06-24,VNQ,58.709999084472656,59.040000915527344,58.20000076293945,58.58000183105469,32.352760314941406,2083800
2011-06-27,VNQ,58.61000061035156,59.04999923706055,58.529998779296875,58.83000183105469,32.490840911865234,2519000
2011-06-28,VNQ,59.02000045776367,59.369998931884766,58.63999938964844,59.31999969482422,32.761444091796875,1278700
2011-06-29,VNQ,59.63999938964844,60.09000015258789,59.31999969482422,59.939998626708984,33.10387420654297,2049000
2011-06-30,VNQ,60.13999938964844,60.400001525878906,59.83000183105469,60.099998474121094,33.192230224609375,1960900
2011-07-01,VNQ,60.27000045776367,61.29999923706055,60.119998931884766,61.130001068115234,33.76108169555664,1796700
2011-07-05,VNQ,61.310001373291016,61.790000915527344,60.84000015258789,61.599998474121094,34.020668029785156,1693200
2011-07-06,VNQ,61.41999816894531,62.150001525878906,61.34000015258789,62.060001373291016,34.27471160888672,1655200
2011-07-07,VNQ,62.529998779296875,62.9900016784668,62.45000076293945,62.84000015258789,34.70549011230469,1530900
2011-07-08,VNQ,62.130001068115234,62.779998779296875,61.959999084472656,62.7599983215332,34.66131591796875,1956000
2011-07-11,VNQ,61.869998931884766,62.18000030517578,61.529998779296875,61.66999816894531,34.0593147277832,1878600
2011-07-12,VNQ,61.470001220703125,62.7400016784668,61.36000061035156,61.880001068115234,34.1753044128418,2078400
2011-07-13,VNQ,62.04999923706055,62.20000076293945,61.220001220703125,61.27000045776367,33.838409423828125,1853600
2011-07-14,VNQ,61.41999816894531,61.5099983215332,60.43000030517578,60.70000076293945,33.52361297607422,1715800
2011-07-15,VNQ,60.939998626708984,61.380001068115234,60.529998779296875,61.369998931884766,33.89362716674805,1526200
2011-07-18,VNQ,61.189998626708984,61.290000915527344,60.40999984741211,60.939998626708984,33.656150817871094,1272400
2011-07-19,VNQ,61.310001373291016,61.95000076293945,61.099998474121094,61.91999816894531,34.19738006591797,1363100
2011-07-20,VNQ,62.15999984741211,62.47999954223633,61.79999923706055,62.369998931884766,34.44591522216797,1508500
2011-07-21,VNQ,62.709999084472656,63.22999954223633,62.70000076293945,62.869998931884766,34.72207260131836,1373600
2011-07-22,VNQ,62.9900016784668,63.31999969482422,62.709999084472656,63.18000030517578,34.89327621459961,1184400
2011-07-25,VNQ,62.47999954223633,62.9900016784668,62.290000915527344,62.59000015258789,34.56743240356445,2624300
2011-07-26,VNQ,62.54999923706055,62.959999084472656,62.209999084472656,62.72999954223633,34.644744873046875,1815200
2011-07-27,VNQ,62.380001068115234,62.529998779296875,60.91999816894531,60.970001220703125,33.672725677490234,1794700
2011-07-28,VNQ,60.95000076293945,61.619998931884766,60.369998931884766,61.029998779296875,33.70586395263672,2360300
2011-07-29,VNQ,60.4900016784668,61.13999938964844,59.959999084472656,61.040000915527344,33.71139144897461,1982300
2011-08-01,VNQ,61.77000045776367,62.0,59.63999938964844,60.119998931884766,33.203269958496094,2668900
2011-08-02,VNQ,59.72999954223633,60.040000915527344,58.130001068115234,58.20000076293945,32.14289855957031,3298000
2011-08-03,VNQ,58.290000915527344,58.29999923706055,56.209999084472656,57.720001220703125,31.877805709838867,4775700
2011-08-04,VNQ,57.099998474121094,57.2599983215332,54.7599983215332,54.900001525878906,30.320362091064453,4629400
2011-08-05,VNQ,55.459999084472656,55.59000015258789,52.70000076293945,53.529998779296875,29.563722610473633,7017600
2011-08-08,VNQ,51.709999084472656,52.439998626708984,48.720001220703125,48.880001068115234,26.995609283447266,9058400
2011-08-09,VNQ,49.52000045776367,53.43000030517578,48.959999084472656,53.33000183105469,29.453279495239258,8039400
2011-08-10,VNQ,52.349998474121094,54.689998626708984,51.65999984741211,52.099998474121094,28.77396583557129,7527500
2011-08-11,VNQ,52.47999954223633,55.849998474121094,52.130001068115234,54.79999923706055,30.265132904052734,4463100
2011-08-12,VNQ,55.470001220703125,56.310001373291016,54.4900016784668,54.790000915527344,30.259607315063477,4019100
2011-08-15,VNQ,55.209999084472656,56.84000015258789,55.11000061035156,56.790000915527344,31.364177703857422,2630500
2011-08-16,VNQ,56.20000076293945,56.9900016784668,55.66999816894531,56.619998931884766,31.270286560058594,2688800
2011-08-17,VNQ,56.95000076293945,57.5,56.27000045776367,56.779998779296875,31.3586483001709,2230600
2011-08-18,VNQ,54.86000061035156,55.45000076293945,53.650001525878906,54.25,29.96137809753418,3488600
2011-08-19,VNQ,53.20000076293945,54.68000030517578,53.06999969482422,53.209999084472656,29.38699722290039,3271400
2011-08-22,VNQ,54.40999984741211,54.58000183105469,52.52000045776367,53.27000045776367,29.420137405395508,2213600
2011-08-23,VNQ,53.34000015258789,54.630001068115234,53.0,54.58000183105469,30.143625259399414,2687800
2011-08-24,VNQ,54.459999084472656,55.47999954223633,53.959999084472656,55.29999923706055,30.54128074645996,3095000
2011-08-25,VNQ,55.58000183105469,56.25,53.689998626708984,54.27000045776367,29.972415924072266,2370800
2011-08-26,VNQ,53.97999954223633,55.130001068115234,52.7400016784668,54.93000030517578,30.336931228637695,2829900
2011-08-29,VNQ,55.630001068115234,56.86000061035156,55.619998931884766,56.810001373291016,31.375232696533203,1976900
2011-08-30,VNQ,56.70000076293945,57.38999938964844,55.79999923706055,56.970001220703125,31.463577270507812,2705900
2011-08-31,VNQ,57.41999816894531,57.88999938964844,56.81999969482422,57.61000061035156,31.817041397094727,3047600
2011-09-01,VNQ,57.5,57.959999084472656,56.52000045776367,56.779998779296875,31.3586483001709,4270000
2011-09-02,VNQ,55.63999938964844,56.45000076293945,55.279998779296875,55.439998626708984,30.618593215942383,3459400
2011-09-06,VNQ,53.72999954223633,55.439998626708984,53.65999984741211,55.20000076293945,30.486045837402344,3163900
2011-09-07,VNQ,55.90999984741211,57.349998474121094,55.2599983215332,57.279998779296875,31.634801864624023,1902000
2011-09-08,VNQ,56.869998931884766,57.59000015258789,56.58000183105469,56.84000015258789,31.391803741455078,2395000
2011-09-09,VNQ,56.31999969482422,56.59000015258789,54.560001373291016,55.060001373291016,30.40871810913086,2436900
2011-09-12,VNQ,54.189998626708984,55.279998779296875,54.040000915527344,55.2400016784668,30.50813865661621,4245800
2011-09-13,VNQ,55.59000015258789,55.61000061035156,54.7400016784668,55.369998931884766,30.579933166503906,2166300
2011-09-14,VNQ,55.5,56.119998931884766,54.68000030517578,55.72999954223633,30.77875518798828,2115200
2011-09-15,VNQ,56.45000076293945,56.709999084472656,55.83000183105469,56.650001525878906,31.286849975585938,2848800
2011-09-16,VNQ,56.68000030517578,57.220001220703125,55.939998626708984,57.20000076293945,31.59061622619629,2019000
2011-09-19,VNQ,56.22999954223633,56.4900016784668,55.79999923706055,55.95000076293945,30.90026092529297,1958600
2011-09-20,VNQ,55.900001525878906,56.65999984741211,55.709999084472656,55.91999816894531,30.883682250976562,1546600
2011-09-21,VNQ,55.880001068115234,55.97999954223633,52.93000030517578,52.970001220703125,29.254457473754883,2825000
2011-09-22,VNQ,51.84000015258789,52.54999923706055,50.869998931884766,51.68000030517578,28.542007446289062,4405500
2011-09-23,VNQ,51.0,51.7400016784668,50.650001525878906,51.560001373291016,28.752235412597656,2688200
2011-09-26,VNQ,52.0099983215332,52.369998931884766,51.15999984741211,52.279998779296875,29.15373992919922,2246100
2011-09-27,VNQ,53.189998626708984,53.779998779296875,52.529998779296875,52.79999923706055,29.443714141845703,1777600
2011-09-28,VNQ,52.689998626708984,53.2599983215332,51.36000061035156,51.459999084472656,28.696481704711914,2241900
2011-09-29,VNQ,52.439998626708984,52.56999969482422,51.4900016784668,52.2599983215332,29.1425838470459,2151600
2011-09-30,VNQ,51.400001525878906,52.369998931884766,50.86000061035156,50.869998931884766,28.367456436157227,1970600
2011-10-03,VNQ,50.34000015258789,51.279998779296875,48.38999938964844,48.470001220703125,27.029125213623047,5785500
2011-10-04,VNQ,47.790000915527344,50.58000183105469,47.099998474121094,50.380001068115234,28.094219207763672,5508100
2011-10-05,VNQ,50.58000183105469,50.58000183105469,47.869998931884766,49.95000076293945,27.854427337646484,8885500
2011-10-06,VNQ,49.900001525878906,51.40999984741211,49.369998931884766,51.31999969482422,28.618408203125,2513100
2011-10-07,VNQ,51.56999969482422,51.810001373291016,49.779998779296875,49.88999938964844,27.820974349975586,2993000
2011-10-10,VNQ,50.849998474121094,52.38999938964844,50.75,52.380001068115234,29.209508895874023,2280500
2011-10-11,VNQ,52.0,52.189998626708984,51.06999969482422,51.34000015258789,28.62956428527832,2206200
2011-10-12,VNQ,51.849998474121094,52.970001220703125,51.34000015258789,52.18000030517578,29.097970962524414,2634100
2011-10-13,VNQ,51.95000076293945,52.27000045776367,50.810001373291016,51.84000015258789,28.90837860107422,1850000
2011-10-14,VNQ,52.400001525878906,53.279998779296875,52.290000915527344,53.040000915527344,29.57756233215332,1685600
2011-10-17,VNQ,52.81999969482422,52.81999969482422,51.65999984741211,51.88999938964844,28.936260223388672,1835000
2011-10-18,VNQ,51.81999969482422,53.959999084472656,51.720001220703125,53.720001220703125,29.956748962402344,3158600
2011-10-19,VNQ,53.65999984741211,54.0099983215332,52.869998931884766,53.099998474121094,29.611026763916016,2348600
2011-10-20,VNQ,53.529998779296875,53.529998779296875,52.08000183105469,53.400001525878906,29.77830696105957,1965200
2011-10-21,VNQ,53.959999084472656,55.15999984741211,53.93000030517578,55.15999984741211,30.759775161743164,1636200
2011-10-24,VNQ,55.29999923706055,56.61000061035156,55.040000915527344,56.529998779296875,31.523740768432617,2858800
2011-10-25,VNQ,56.0,56.25,55.369998931884766,55.61000061035156,31.010705947875977,2190500
2011-10-26,VNQ,56.08000183105469,56.29999923706055,55.130001068115234,56.02000045776367,31.239356994628906,1919000
2011-10-27,VNQ,57.900001525878906,59.119998931884766,57.119998931884766,58.68000030517578,32.722679138183594,2167600
2011-10-28,VNQ,58.150001525878906,58.83000183105469,58.06999969482422,58.79999923706055,32.789608001708984,1971100
2011-10-31,VNQ,58.2400016784668,58.900001525878906,57.599998474121094,58.13999938964844,32.421546936035156,2033500
2011-11-01,VNQ,56.349998474121094,57.560001373291016,55.9900016784668,56.27000045776367,31.378759384155273,3614000
2011-11-02,VNQ,57.11000061035156,57.81999969482422,56.33000183105469,57.349998474121094,31.981014251708984,2302500
2011-11-03,VNQ,58.04999923706055,58.290000915527344,56.4900016784668,58.13999938964844,32.421546936035156,2155400
2011-11-04,VNQ,57.65999984741211,57.779998779296875,56.70000076293945,57.66999816894531,32.159446716308594,1500600
2011-11-07,VNQ,57.59000015258789,58.369998931884766,56.900001525878906,57.68000030517578,32.165042877197266,1661500
2011-11-08,VNQ,58.0,58.4900016784668,56.709999084472656,58.43000030517578,32.58327102661133,1250100
2011-11-09,VNQ,57.099998474121094,57.40999984741211,55.630001068115234,55.7599983215332,31.09434700012207,1950700
2011-11-10,VNQ,56.33000183105469,56.61000061035156,55.400001525878906,55.75,31.088783264160156,2765200
2011-11-11,VNQ,56.41999816894531,57.41999816894531,56.11000061035156,57.25,31.925251007080078,1796700
2011-11-14,VNQ,56.97999954223633,57.060001373291016,55.810001373291016,56.189998626708984,31.33414649963379,2019900
2011-11-15,VNQ,55.900001525878906,57.0099983215332,55.630001068115234,56.61000061035156,31.568355560302734,1725800
2011-11-16,VNQ,56.060001373291016,56.939998626708984,55.93000030517578,56.06999969482422,31.267221450805664,1466300
2011-11-17,VNQ,55.97999954223633,56.04999923706055,54.70000076293945,55.040000915527344,30.692852020263672,2401000
2011-11-18,VNQ,55.380001068115234,55.4900016784668,54.75,55.38999938964844,30.888023376464844,1924800
2011-11-21,VNQ,54.58000183105469,54.58000183105469,53.650001525878906,53.9900016784668,30.107322692871094,2054100
2011-11-22,VNQ,53.77000045776367,54.25,53.38999938964844,53.7400016784668,29.96792221069336,2021300
2011-11-23,VNQ,53.290000915527344,53.290000915527344,52.060001373291016,52.119998931884766,29.06451988220215,1728000
2011-11-25,VNQ,52.0,53.29999923706055,51.88999938964844,52.349998474121094,29.192777633666992,680200
2011-11-28,VNQ,53.880001068115234,54.16999816894531,53.08000183105469,53.52000045776367,29.845232009887695,1721900
2011-11-29,VNQ,53.599998474121094,53.849998474121094,53.130001068115234,53.439998626708984,29.800617218017578,1794100
2011-11-30,VNQ,54.810001373291016,56.0,54.7599983215332,55.93000030517578,31.18915367126465,2171600
2011-12-01,VNQ,55.90999984741211,55.90999984741211,54.91999816894531,55.470001220703125,30.932647705078125,2356400
2011-12-02,VNQ,55.83000183105469,56.36000061035156,55.369998931884766,55.41999816894531,30.904747009277344,1374500
2011-12-05,VNQ,56.18000030517578,56.5,55.4900016784668,55.88999938964844,31.166839599609375,1362900
2011-12-06,VNQ,55.810001373291016,56.13999938964844,55.41999816894531,55.79999923706055,31.116649627685547,2075500
2011-12-07,VNQ,55.7400016784668,56.61000061035156,55.22999954223633,56.40999984741211,31.456829071044922,1675500
2011-12-08,VNQ,56.02000045776367,56.20000076293945,55.0099983215332,55.130001068115234,30.74303436279297,1642200
2011-12-09,VNQ,55.52000045776367,56.61000061035156,55.310001373291016,56.34000015258789,31.417797088623047,1221700
2011-12-12,VNQ,55.849998474121094,55.849998474121094,54.869998931884766,55.34000015258789,30.86014747619629,1710100
2011-12-13,VNQ,55.619998931884766,56.11000061035156,54.40999984741211,54.689998626708984,30.497684478759766,1555200
2011-12-14,VNQ,54.4900016784668,55.59000015258789,54.29999923706055,55.0099983215332,30.67611312866211,2213400
2011-12-15,VNQ,55.5099983215332,56.15999984741211,55.36000061035156,55.93000030517578,31.18915367126465,1268500
2011-12-16,VNQ,56.15999984741211,57.0099983215332,56.060001373291016,56.54999923706055,31.53489875793457,1749800
2011-12-19,VNQ,56.650001525878906,56.869998931884766,55.90999984741211,56.060001373291016,31.26164436340332,1366200
2011-12-20,VNQ,56.849998474121094,57.81999969482422,56.68000030517578,57.7599983215332,32.20964431762695,1248400
2011-12-21,VNQ,57.72999954223633,57.939998626708984,57.27000045776367,57.7400016784668,32.198490142822266,2621500
2011-12-22,VNQ,57.95000076293945,58.869998931884766,57.81999969482422,58.56999969482422,32.66134262084961,1388200
2011-12-23,VNQ,58.29999923706055,58.34000015258789,57.77000045776367,58.18000030517578,32.80341720581055,2307400
2011-12-27,VNQ,58.099998474121094,58.849998474121094,57.779998779296875,58.439998626708984,32.95002746582031,1173200
2011-12-28,VNQ,58.560001373291016,58.619998931884766,57.709999084472656,57.7400016784668,32.55535125732422,1359300
2011-12-29,VNQ,57.900001525878906,58.380001068115234,57.72999954223633,58.25,32.842891693115234,948500
2011-12-30,VNQ,58.369998931884766,58.709999084472656,57.97999954223633,58.0,32.70193099975586,1969300
2012-01-03,VNQ,59.04999923706055,59.650001525878906,57.9900016784668,58.4900016784668,32.978206634521484,6177500
2012-01-04,VNQ,58.099998474121094,58.25,57.31999969482422,57.4900016784668,32.41438293457031,2393900
2012-01-05,VNQ,57.47999954223633,58.150001525878906,57.029998779296875,58.029998779296875,32.71885299682617,1805000
2012-01-06,VNQ,58.18000030517578,58.34000015258789,57.56999969482422,57.84000015258789,32.611732482910156,1337800
2012-01-09,VNQ,58.0099983215332,58.119998931884766,57.4900016784668,57.63999938964844,32.498958587646484,1537200
2012-01-10,VNQ,58.310001373291016,58.650001525878906,58.189998626708984,58.279998779296875,32.85981369018555,1558300
2012-01-11,VNQ,58.189998626708984,58.79999923706055,58.02000045776367,58.689998626708984,33.090972900390625,1407000
2012-01-12,VNQ,58.63999938964844,58.779998779296875,57.90999984741211,58.2599983215332,32.84852981567383,1734500
2012-01-13,VNQ,58.0,58.400001525878906,57.66999816894531,58.38999938964844,32.92183303833008,1534700
2012-01-17,VNQ,58.970001220703125,59.290000915527344,58.63999938964844,58.869998931884766,33.192474365234375,1450300
2012-01-18,VNQ,58.959999084472656,59.47999954223633,58.81999969482422,59.279998779296875,33.423641204833984,1522000
2012-01-19,VNQ,59.5099983215332,59.72999954223633,59.209999084472656,59.5099983215332,33.55331802368164,1277300
2012-01-20,VNQ,59.56999969482422,59.939998626708984,59.15999984741211,59.880001068115234,33.76192855834961,1352900
2012-01-23,VNQ,60.06999969482422,60.400001525878906,59.77000045776367,60.16999816894531,33.92543029785156,1238800
2012-01-24,VNQ,59.97999954223633,60.630001068115234,59.779998779296875,60.630001068115234,34.1848030090332,1820800
2012-01-25,VNQ,60.59000015258789,61.459999084472656,60.349998474121094,61.40999984741211,34.624576568603516,1499400
2012-01-26,VNQ,61.720001220703125,62.119998931884766,61.54999923706055,61.84000015258789,34.867034912109375,1620800
2012-01-27,VNQ,61.65999984741211,62.04999923706055,61.349998474121094,61.86000061035156,34.8783073425293,1498300
2012-01-30,VNQ,61.58000183105469,61.58000183105469,61.099998474121094,61.400001525878906,34.61894607543945,2355500
2012-01-31,VNQ,61.72999954223633,61.84000015258789,61.29999923706055,61.70000076293945,34.78809356689453,2069500
2012-02-01,VNQ,62.209999084472656,62.400001525878906,61.959999084472656,62.310001373291016,35.13202667236328,3222200
2012-02-02,VNQ,62.36000061035156,62.459999084472656,62.119998931884766,62.45000076293945,35.21096420288086,2712600
2012-02-03,VNQ,62.97999954223633,63.349998474121094,62.72999954223633,63.31999969482422,35.70149612426758,2698900
2012-02-06,VNQ,63.15999984741211,63.310001373291016,62.7599983215332,63.119998931884766,35.58872985839844,1778100
2012-02-07,VNQ,63.099998474121094,63.20000076293945,62.83000183105469,62.959999084472656,35.498512268066406,1985800
2012-02-08,VNQ,63.06999969482422,63.349998474121094,62.630001068115234,63.06999969482422,35.560546875,1735200
2012-02-09,VNQ,63.20000076293945,63.27000045776367,62.2400016784668,62.61000061035156,35.301170349121094,1438000
2012-02-10,VNQ,62.099998474121094,62.45000076293945,61.84000015258789,62.029998779296875,34.97415542602539,1675200
2012-02-13,VNQ,62.369998931884766,62.81999969482422,62.29999923706055,62.65999984741211,35.329368591308594,1842100
2012-02-14,VNQ,62.630001068115234,62.72999954223633,61.63999938964844,62.02000045776367,34.96852111816406,1866500
2012-02-15,VNQ,62.220001220703125,62.220001220703125,61.439998626708984,61.650001525878906,34.7598991394043,1969800
2012-02-16,VNQ,61.88999938964844,62.41999816894531,61.52000045776367,62.29999923706055,35.12639617919922,2318000
2012-02-17,VNQ,62.5,62.5,61.91999816894531,62.349998474121094,35.15458297729492,1695100
2012-02-21,VNQ,62.47999954223633,62.54999923706055,61.13999938964844,61.380001068115234,34.60767364501953,2815800
2012-02-22,VNQ,61.34000015258789,61.59000015258789,60.779998779296875,60.86000061035156,34.314476013183594,2261300
2012-02-23,VNQ,60.790000915527344,61.650001525878906,60.779998779296875,61.619998931884766,34.74299621582031,2453200
2012-02-24,VNQ,61.790000915527344,61.91999816894531,61.310001373291016,61.70000076293945,34.78809356689453,1810800
2012-02-27,VNQ,61.36000061035156,61.810001373291016,60.84000015258789,61.599998474121094,34.7317008972168,2002800
2012-02-28,VNQ,61.779998779296875,61.86000061035156,61.04999923706055,61.2400016784668,34.52873611450195,2381700
2012-02-29,VNQ,61.400001525878906,61.689998626708984,60.88999938964844,60.9900016784668,34.38778305053711,3013500
2012-03-01,VNQ,61.04999923706055,61.52000045776367,61.0,61.36000061035156,34.596397399902344,3386900
2012-03-02,VNQ,61.220001220703125,61.61000061035156,61.060001373291016,61.27000045776367,34.5456657409668,1860100
2012-03-05,VNQ,61.25,61.88999938964844,60.97999954223633,61.88999938964844,34.89521789550781,1830300
2012-03-06,VNQ,61.15999984741211,61.689998626708984,60.95000076293945,61.06999969482422,34.43288040161133,2236400
2012-03-07,VNQ,61.349998474121094,61.41999816894531,60.650001525878906,61.400001525878906,34.61894607543945,1367200
2012-03-08,VNQ,61.54999923706055,61.599998474121094,60.90999984741211,61.08000183105469,34.43851852416992,1454200
2012-03-09,VNQ,61.2599983215332,61.599998474121094,61.0,61.380001068115234,34.60767364501953,1621800
2012-03-12,VNQ,61.349998474121094,62.0099983215332,61.349998474121094,61.83000183105469,34.86138916015625,2644800
2012-03-13,VNQ,62.150001525878906,63.18000030517578,62.06999969482422,63.08000183105469,35.56617736816406,2407300
2012-03-14,VNQ,63.15999984741211,63.33000183105469,62.52000045776367,62.90999984741211,35.4703369140625,2280800
2012-03-15,VNQ,63.060001373291016,63.060001373291016,62.58000183105469,62.81999969482422,35.41958236694336,1595600
2012-03-16,VNQ,62.90999984741211,63.2400016784668,62.810001373291016,63.18000030517578,35.62256622314453,1799600
2012-03-19,VNQ,63.18000030517578,63.970001220703125,62.939998626708984,63.619998931884766,35.87064743041992,2106100
2012-03-20,VNQ,63.22999954223633,63.779998779296875,63.220001220703125,63.529998779296875,35.81990432739258,1795700
2012-03-21,VNQ,63.63999938964844,63.7400016784668,63.41999816894531,63.439998626708984,35.76915740966797,1515200
2012-03-22,VNQ,63.08000183105469,63.08000183105469,62.189998626708984,62.56999969482422,35.27861404418945,3203400
2012-03-23,VNQ,62.630001068115234,63.27000045776367,62.349998474121094,62.959999084472656,35.498512268066406,2495000
2012-03-26,VNQ,63.0099983215332,63.31999969482422,62.790000915527344,63.189998626708984,35.91455841064453,1630000
2012-03-27,VNQ,63.31999969482422,63.58000183105469,63.08000183105469,63.20000076293945,35.920249938964844,3449500
2012-03-28,VNQ,63.220001220703125,63.25,62.459999084472656,63.099998474121094,35.8634147644043,1573800
2012-03-29,VNQ,62.70000076293945,63.18000030517578,62.34000015258789,63.130001068115234,35.88044738769531,1530300
2012-03-30,VNQ,63.380001068115234,63.790000915527344,63.279998779296875,63.650001525878906,36.176002502441406,2059900
2012-04-02,VNQ,63.72999954223633,64.16999816894531,63.4900016784668,64.0999984741211,36.4317626953125,6716800
2012-04-03,VNQ,64.06999969482422,64.19000244140625,63.599998474121094,63.849998474121094,36.2896614074707,2338900
2012-04-04,VNQ,63.369998931884766,63.470001220703125,62.88999938964844,63.150001525878906,35.89181900024414,2045700
2012-04-05,VNQ,62.97999954223633,63.209999084472656,62.68000030517578,62.90999984741211,35.75542068481445,2925300
2012-04-09,VNQ,62.16999816894531,62.52000045776367,61.83000183105469,62.2400016784668,35.374629974365234,1126900
2012-04-10,VNQ,62.25,62.41999816894531,60.84000015258789,60.900001525878906,34.61300277709961,2670600
2012-04-11,VNQ,61.5,61.70000076293945,61.18000030517578,61.68000030517578,35.056331634521484,1917300
2012-04-12,VNQ,61.810001373291016,62.560001373291016,61.529998779296875,62.529998779296875,35.539432525634766,1373400
2012-04-13,VNQ,62.439998626708984,62.630001068115234,62.02000045776367,62.27000045776367,35.391666412353516,2097600
2012-04-16,VNQ,62.650001525878906,63.4900016784668,62.459999084472656,63.119998931884766,35.87477493286133,1973400
2012-04-17,VNQ,63.5099983215332,63.93000030517578,63.02000045776367,63.65999984741211,36.181678771972656,1524000
2012-04-18,VNQ,63.52000045776367,63.650001525878906,63.22999954223633,63.22999954223633,35.937286376953125,1278100
2012-04-19,VNQ,63.310001373291016,63.619998931884766,62.93000030517578,63.22999954223633,35.937286376953125,2543700
2012-04-20,VNQ,63.5,64.26000213623047,63.38999938964844,64.0,36.37491989135742,1649700
2012-04-23,VNQ,63.560001373291016,63.59000015258789,62.90999984741211,63.34000015258789,35.999813079833984,1764500
2012-04-24,VNQ,63.439998626708984,64.33000183105469,63.400001525878906,64.29000091552734,36.53974533081055,2618500
2012-04-25,VNQ,64.69000244140625,65.05000305175781,64.58999633789062,65.02999877929688,36.960323333740234,2191000
2012-04-26,VNQ,64.91999816894531,65.33999633789062,64.66999816894531,65.19000244140625,37.05126953125,1885400
2012-04-27,VNQ,65.5,65.76000213623047,65.01000213623047,65.63999938964844,37.30702590942383,2058500
2012-04-30,VNQ,65.55000305175781,65.62999725341797,65.02999877929688,65.47000122070312,37.21041488647461,2165000
2012-05-01,VNQ,65.55000305175781,66.69000244140625,65.47000122070312,66.18000030517578,37.61393737792969,3024200
2012-05-02,VNQ,65.87000274658203,66.22000122070312,65.44999694824219,66.08000183105469,37.557098388671875,1801900
2012-05-03,VNQ,66.29000091552734,66.4000015258789,65.79000091552734,65.8499984741211,37.4263801574707,2099900
2012-05-04,VNQ,65.58999633789062,65.62999725341797,65.05000305175781,65.2699966430664,37.09673309326172,1480000
2012-05-07,VNQ,65.06999969482422,65.87999725341797,65.0,65.7300033569336,37.35818862915039,1574000
2012-05-08,VNQ,65.36000061035156,65.69000244140625,65.0,65.61000061035156,37.28998947143555,1610900
2012-05-09,VNQ,65.08999633789062,65.86000061035156,64.87999725341797,65.4000015258789,37.170616149902344,2729800
2012-05-10,VNQ,65.81999969482422,65.9000015258789,65.01000213623047,65.44999694824219,37.19903564453125,2346300
2012-05-11,VNQ,65.11000061035156,65.83000183105469,64.94999694824219,65.58999633789062,37.278602600097656,2780400
2012-05-14,VNQ,64.87999725341797,65.38999938964844,64.72000122070312,64.76000213623047,36.80687713623047,2759300
2012-05-15,VNQ,64.80000305175781,64.83000183105469,64.23999786376953,64.41999816894531,36.613624572753906,2525400
2012-05-16,VNQ,64.72000122070312,64.72000122070312,63.599998474121094,63.709999084472656,36.2100944519043,2051300
2012-05-17,VNQ,63.689998626708984,63.720001220703125,61.849998474121094,61.849998474121094,35.1529541015625,3341500
2012-05-18,VNQ,62.04999923706055,62.349998474121094,60.90999984741211,61.099998474121094,34.72667694091797,2888400
2012-05-21,VNQ,61.22999954223633,62.540000915527344,61.150001525878906,62.43000030517578,35.48260498046875,2124900
2012-05-22,VNQ,62.66999816894531,62.93000030517578,62.25,62.54999923706055,35.550804138183594,1767400
2012-05-23,VNQ,62.11000061035156,62.790000915527344,61.54999923706055,62.63999938964844,35.601959228515625,2668900
2012-05-24,VNQ,62.880001068115234,63.220001220703125,62.18000030517578,62.91999816894531,35.76109313964844,1369500
2012-05-25,VNQ,62.83000183105469,63.16999816894531,62.470001220703125,62.66999816894531,35.61901092529297,1383000
2012-05-29,VNQ,63.04999923706055,63.619998931884766,62.900001525878906,63.560001373291016,36.12484359741211,1423600
2012-05-30,VNQ,63.119998931884766,63.209999084472656,62.04999923706055,62.04999923706055,35.26663589477539,1484000
2012-05-31,VNQ,62.16999816894531,63.0099983215332,61.52000045776367,62.52000045776367,35.533756256103516,2127000
2012-06-01,VNQ,61.599998474121094,61.79999923706055,60.86000061035156,60.9900016784668,34.66416931152344,3453800
2012-06-04,VNQ,60.959999084472656,61.130001068115234,60.13999938964844,60.56999969482422,34.425453186035156,3573700
2012-06-05,VNQ,60.310001373291016,61.93000030517578,60.29999923706055,61.81999969482422,35.13590621948242,2871000
2012-06-06,VNQ,62.310001373291016,63.189998626708984,62.0,63.189998626708984,35.91455841064453,6758200
2012-06-07,VNQ,63.7599983215332,63.869998931884766,62.650001525878906,62.7400016784668,35.65879821777344,2191500
2012-06-08,VNQ,62.70000076293945,63.630001068115234,62.599998474121094,63.630001068115234,36.164634704589844,1696000
2012-06-11,VNQ,64.16000366210938,64.2699966430664,62.119998931884766,62.20000076293945,35.35188674926758,2074000
2012-06-12,VNQ,62.4900016784668,62.86000061035156,61.88999938964844,62.790000915527344,35.68721389770508,1951500
2012-06-13,VNQ,62.59000015258789,63.2599983215332,62.209999084472656,62.470001220703125,35.50533676147461,1600500
2012-06-14,VNQ,62.540000915527344,63.630001068115234,62.4900016784668,63.380001068115234,36.02253723144531,1532600
2012-06-15,VNQ,63.619998931884766,63.849998474121094,63.22999954223633,63.77000045776367,36.24420166015625,1319900
2012-06-18,VNQ,63.47999954223633,64.62999725341797,63.36000061035156,64.30000305175781,36.54543685913086,1754000
2012-06-19,VNQ,64.61000061035156,64.97000122070312,64.05000305175781,64.55999755859375,36.69319534301758,2485300
2012-06-20,VNQ,64.63999938964844,64.81999969482422,64.1500015258789,64.52999877929688,36.676151275634766,2001800
2012-06-21,VNQ,64.66000366210938,64.73999786376953,63.380001068115234,63.47999954223633,36.07938766479492,3072600
2012-06-22,VNQ,63.7599983215332,63.93000030517578,63.06999969482422,63.4900016784668,36.0850715637207,2204200
2012-06-25,VNQ,62.31999969482422,62.849998474121094,62.189998626708984,62.650001525878906,35.9011116027832,3700200
2012-06-26,VNQ,62.79999923706055,63.189998626708984,62.439998626708984,62.86000061035156,36.021446228027344,2121600
2012-06-27,VNQ,63.02000045776367,63.25,62.77000045776367,63.11000061035156,36.16471862792969,1694800
2012-06-28,VNQ,62.869998931884766,63.810001373291016,62.540000915527344,63.79999923706055,36.560123443603516,1726500
2012-06-29,VNQ,64.95999908447266,65.47000122070312,64.6500015258789,65.43000030517578,37.49417495727539,2215800
2012-07-02,VNQ,65.94000244140625,66.16999816894531,65.33000183105469,66.1500015258789,37.906761169433594,3891600
2012-07-03,VNQ,66.31999969482422,66.69000244140625,66.06999969482422,66.54000091552734,38.1302604675293,1586100
2012-07-05,VNQ,66.43000030517578,66.6500015258789,65.98999786376953,66.12999725341797,37.89529800415039,1407800
2012-07-06,VNQ,65.58000183105469,66.4000015258789,65.58000183105469,66.29000091552734,37.98699951171875,1617000
2012-07-09,VNQ,66.29000091552734,66.44000244140625,65.98999786376953,66.36000061035156,38.027103424072266,1785700
2012-07-10,VNQ,66.69000244140625,66.69999694824219,65.29000091552734,65.6500015258789,37.6202392578125,1534000
2012-07-11,VNQ,65.73999786376953,65.8499984741211,65.2699966430664,65.72000122070312,37.66034698486328,1630900
2012-07-12,VNQ,65.4000015258789,66.25,65.08000183105469,65.91999816894531,37.77495574951172,2271800
2012-07-13,VNQ,66.12999725341797,66.80999755859375,66.02999877929688,66.7300033569336,38.239131927490234,1484600
2012-07-16,VNQ,66.68000030517578,67.04000091552734,66.5,66.86000061035156,38.313629150390625,1789000
2012-07-17,VNQ,67.25,67.70999908447266,66.5999984741211,67.5,38.68037414550781,2007300
2012-07-18,VNQ,67.41000366210938,67.51000213623047,66.87999725341797,67.0999984741211,38.45115280151367,1690200
2012-07-19,VNQ,67.12999725341797,67.3499984741211,65.94999694824219,66.4000015258789,38.05004119873047,2365200
2012-07-20,VNQ,65.91000366210938,66.25,65.75,66.05000305175781,37.849456787109375,1475600
2012-07-23,VNQ,65.2699966430664,65.75,65.12000274658203,65.56999969482422,37.57440185546875,1342000
2012-07-24,VNQ,65.6500015258789,65.9000015258789,64.93000030517578,65.3499984741211,37.44833755493164,1941200
2012-07-25,VNQ,65.66000366210938,65.76000213623047,64.97000122070312,65.31999969482422,37.43114471435547,1350800
2012-07-26,VNQ,66.1500015258789,66.41999816894531,65.51000213623047,65.9000015258789,37.76349639892578,1365900
2012-07-27,VNQ,66.30999755859375,67.01000213623047,66.18000030517578,66.52999877929688,38.1245231628418,1469300
2012-07-30,VNQ,66.62000274658203,67.08000183105469,66.51000213623047,66.83999633789062,38.302181243896484,1370800
2012-07-31,VNQ,66.91000366210938,66.9800033569336,66.5199966430664,66.73999786376953,38.244842529296875,1782500
2012-08-01,VNQ,67.12000274658203,67.4800033569336,66.41999816894531,66.41999816894531,38.06148147583008,2666100
2012-08-02,VNQ,66.4000015258789,66.7300033569336,65.91999816894531,66.61000061035156,38.17036437988281,1637600
2012-08-03,VNQ,67.23999786376953,67.41000366210938,67.0199966430664,67.12999725341797,38.468345642089844,1730800
2012-08-06,VNQ,67.38999938964844,67.55000305175781,67.05999755859375,67.05999755859375,38.42824172973633,1768200
2012-08-07,VNQ,67.29000091552734,67.29000091552734,66.2699966430664,66.2699966430664,37.97553253173828,2471600
2012-08-08,VNQ,66.11000061035156,66.23999786376953,65.5999984741211,65.81999969482422,37.7176628112793,1899300
2012-08-09,VNQ,65.88999938964844,66.08000183105469,65.5,65.61000061035156,37.59732437133789,1324000
2012-08-10,VNQ,65.48999786376953,65.7300033569336,65.4000015258789,65.69999694824219,37.648895263671875,987000
2012-08-13,VNQ,65.66999816894531,65.80000305175781,65.30000305175781,65.6500015258789,37.6202392578125,1448400
2012-08-14,VNQ,65.87000274658203,65.88999938964844,65.4000015258789,65.51000213623047,37.54001998901367,1586100
2012-08-15,VNQ,65.43000030517578,65.93000030517578,65.43000030517578,65.80999755859375,37.71193313598633,1079200
2012-08-16,VNQ,65.86000061035156,66.30999755859375,65.5,66.30999755859375,37.998435974121094,1362700
2012-08-17,VNQ,66.36000061035156,66.4000015258789,66.08000183105469,66.33000183105469,38.00990676879883,1773500
2012-08-20,VNQ,66.33999633789062,66.44000244140625,65.80999755859375,66.13999938964844,37.901039123535156,2710100
2012-08-21,VNQ,66.37999725341797,66.4800033569336,66.13999938964844,66.27999877929688,37.98126220703125,1429600
2012-08-22,VNQ,66.1500015258789,66.2699966430664,65.51000213623047,66.23999786376953,37.958343505859375,1893100
2012-08-23,VNQ,66.13999938964844,66.2699966430664,65.80000305175781,66.04000091552734,37.84373474121094,2421000
2012-08-24,VNQ,65.9800033569336,66.44000244140625,65.7300033569336,66.26000213623047,37.96980285644531,1946500
2012-08-27,VNQ,66.51000213623047,66.61000061035156,66.12999725341797,66.45999908447266,38.084407806396484,1191000
2012-08-28,VNQ,66.30999755859375,66.75,66.0999984741211,66.69000244140625,38.216217041015625,1189900
2012-08-29,VNQ,66.81999969482422,66.8499984741211,66.54000091552734,66.66999816894531,38.20475387573242,1198700
2012-08-30,VNQ,66.47000122070312,66.63999938964844,66.2699966430664,66.5199966430664,38.118770599365234,1375000
2012-08-31,VNQ,66.81999969482422,66.87999725341797,66.19999694824219,66.7300033569336,38.239131927490234,2484900
2012-09-04,VNQ,66.73999786376953,67.2699966430664,66.26000213623047,67.19999694824219,38.508460998535156,1714000
2012-09-05,VNQ,67.29000091552734,67.3499984741211,66.79000091552734,67.08000183105469,38.43968963623047,1612500
2012-09-06,VNQ,67.37999725341797,67.69000244140625,67.33000183105469,67.68000030517578,38.78351974487305,2373700
2012-09-07,VNQ,67.81999969482422,67.91999816894531,67.5999984741211,67.73999786376953,38.81790542602539,1648300
2012-09-10,VNQ,67.63999938964844,67.66000366210938,67.12000274658203,67.20999908447266,38.51418685913086,3773600
2012-09-11,VNQ,67.19999694824219,67.44000244140625,67.0199966430664,67.41000366210938,38.62879943847656,3574500
2012-09-12,VNQ,67.47000122070312,67.62999725341797,67.26000213623047,67.55000305175781,38.709022521972656,3416200
2012-09-13,VNQ,67.62000274658203,68.4800033569336,67.5199966430664,68.37999725341797,39.18464660644531,4467500
2012-09-14,VNQ,68.54000091552734,69.19999694824219,68.51000213623047,68.76000213623047,39.40241241455078,4855800
2012-09-17,VNQ,68.79000091552734,69.11000061035156,68.47000122070312,68.55999755859375,39.287803649902344,2430200
2012-09-18,VNQ,68.3499984741211,68.41000366210938,67.69000244140625,67.91000366210938,38.91533279418945,2344400
2012-09-19,VNQ,67.97000122070312,68.0199966430664,67.52999877929688,67.52999877929688,38.69756317138672,1972600
2012-09-20,VNQ,67.2300033569336,67.23999786376953,66.29000091552734,66.52999877929688,38.1245231628418,4285400
2012-09-21,VNQ,66.63999938964844,66.76000213623047,66.4800033569336,66.54000091552734,38.1302604675293,6134600
2012-09-24,VNQ,65.7300033569336,66.25,65.69999694824219,65.7699966430664,37.98874282836914,4512700
2012-09-25,VNQ,65.9800033569336,66.02999877929688,64.7699966430664,64.80000305175781,37.42845916748047,5153600
2012-09-26,VNQ,64.73999786376953,65.18000030517578,64.66999816894531,64.79000091552734,37.422698974609375,2693300
2012-09-27,VNQ,65.05000305175781,65.5199966430664,64.83999633789062,65.06999969482422,37.58441162109375,1542000
2012-09-28,VNQ,64.91999816894531,65.2699966430664,64.58999633789062,64.97000122070312,37.52665710449219,2903500
2012-10-01,VNQ,65.0999984741211,65.30999755859375,63.81999969482422,64.48999786376953,37.24940872192383,5154300
2012-10-02,VNQ,64.68000030517578,64.9800033569336,64.41000366210938,64.9800033569336,37.53242111206055,2511100
2012-10-03,VNQ,65.06999969482422,65.68000030517578,65.0,65.11000061035156,37.607521057128906,2928600
2012-10-04,VNQ,65.41999816894531,65.62000274658203,64.77999877929688,65.08999633789062,37.59596633911133,2258000
2012-10-05,VNQ,65.1500015258789,65.5199966430664,64.95999908447266,65.16999816894531,37.642189025878906,1636300
2012-10-08,VNQ,64.83000183105469,65.05999755859375,64.72000122070312,65.02999877929688,37.561309814453125,1825600
2012-10-09,VNQ,65.05000305175781,65.36000061035156,64.7699966430664,64.79000091552734,37.422698974609375,2292200
2012-10-10,VNQ,64.87000274658203,65.19000244140625,64.68000030517578,65.05000305175781,37.5728759765625,1984800
2012-10-11,VNQ,65.36000061035156,65.52999877929688,65.0,65.0,37.54399108886719,1537800
2012-10-12,VNQ,65.11000061035156,65.37000274658203,64.70999908447266,64.7699966430664,37.41114044189453,1741200
2012-10-15,VNQ,64.79000091552734,65.23999786376953,64.45999908447266,65.19999694824219,37.659515380859375,2209900
2012-10-16,VNQ,65.44999694824219,65.70999908447266,65.4000015258789,65.5999984741211,37.890541076660156,2355800
2012-10-17,VNQ,65.30999755859375,65.55000305175781,64.98999786376953,65.41999816894531,37.78657913208008,2665300
2012-10-18,VNQ,65.31999969482422,66.11000061035156,65.31999969482422,66.08999633789062,38.1735725402832,2155900
2012-10-19,VNQ,66.05999755859375,66.31999969482422,65.44000244140625,65.54000091552734,37.85589599609375,2046100
2012-10-22,VNQ,65.48999786376953,65.55000305175781,64.83000183105469,65.20999908447266,37.66527557373047,1642900
2012-10-23,VNQ,64.73999786376953,64.86000061035156,64.08999633789062,64.55000305175781,37.28408432006836,1976200
2012-10-24,VNQ,64.72000122070312,64.94999694824219,64.30000305175781,64.5,37.25517654418945,1701100
2012-10-25,VNQ,64.86000061035156,65.1500015258789,63.68000030517578,64.31999969482422,37.15120315551758,2028200
2012-10-26,VNQ,64.30000305175781,64.30000305175781,63.400001525878906,63.7599983215332,36.827754974365234,2320000
2012-10-31,VNQ,64.04000091552734,64.44000244140625,63.7400016784668,64.37999725341797,37.185874938964844,2616900
2012-11-01,VNQ,64.5,64.94999694824219,64.22000122070312,64.69000244140625,37.364925384521484,2311200
2012-11-02,VNQ,65.05999755859375,65.56999969482422,65.01000213623047,65.12000274658203,37.6132926940918,2587100
2012-11-05,VNQ,65.12000274658203,65.19999694824219,64.30000305175781,64.69000244140625,37.364925384521484,1633100
2012-11-06,VNQ,64.91999816894531,65.0999984741211,64.55000305175781,64.97000122070312,37.52665710449219,1415100
2012-11-07,VNQ,64.61000061035156,64.94000244140625,64.37000274658203,64.68000030517578,37.35914993286133,2476300
2012-11-08,VNQ,64.69999694824219,64.69999694824219,63.900001525878906,63.90999984741211,36.914405822753906,1793200
2012-11-09,VNQ,63.779998779296875,64.19000244140625,63.45000076293945,63.7400016784668,36.81622314453125,2400500
2012-11-12,VNQ,63.86000061035156,63.91999816894531,63.349998474121094,63.59000015258789,36.72958755493164,1182200
2012-11-13,VNQ,63.349998474121094,63.90999984741211,63.25,63.540000915527344,36.70069122314453,1648100
2012-11-14,VNQ,63.810001373291016,63.810001373291016,62.150001525878906,62.349998474121094,36.01333999633789,2489400
2012-11-15,VNQ,62.380001068115234,62.72999954223633,61.689998626708984,62.060001373291016,35.8458366394043,3151600
2012-11-16,VNQ,62.11000061035156,62.5,61.65999984741211,62.439998626708984,36.06532669067383,2446300
2012-11-19,VNQ,63.130001068115234,63.38999938964844,62.79999923706055,63.209999084472656,36.51008605957031,2112300
2012-11-20,VNQ,63.29999923706055,63.68000030517578,62.86000061035156,63.68000030517578,36.78154373168945,2490200
2012-11-21,VNQ,63.720001220703125,63.86000061035156,63.2400016784668,63.56999969482422,36.718021392822266,1954000
2012-11-23,VNQ,63.79999923706055,64.08999633789062,63.599998474121094,64.04000091552734,36.98949432373047,921500
2012-11-26,VNQ,63.900001525878906,64.61000061035156,63.70000076293945,64.16999816894531,37.06458282470703,3668600
2012-11-27,VNQ,63.65999984741211,64.38999938964844,63.2599983215332,63.810001373291016,36.85664367675781,5494200
2012-11-28,VNQ,63.70000076293945,63.79999923706055,63.11000061035156,63.72999954223633,36.81044006347656,5931100
2012-11-29,VNQ,64.12999725341797,64.1500015258789,63.540000915527344,64.08000183105469,37.01259231567383,3011100
2012-11-30,VNQ,64.0999984741211,64.5199966430664,64.02999877929688,64.20999908447266,37.08768081665039,3312300
2012-12-03,VNQ,64.4800033569336,64.8499984741211,64.27999877929688,64.47000122070312,37.237857818603516,3735500
2012-12-04,VNQ,64.37999725341797,64.91000366210938,64.33999633789062,64.56999969482422,37.295623779296875,2379700
2012-12-05,VNQ,64.61000061035156,64.69000244140625,64.12999725341797,64.37000274658203,37.18010330200195,2487100
2012-12-06,VNQ,64.55999755859375,64.98999786376953,64.3499984741211,64.97000122070312,37.52665710449219,2335500
2012-12-07,VNQ,65.05000305175781,65.22000122070312,64.93000030517578,65.20999908447266,37.66527557373047,2812900
2012-12-10,VNQ,65.30000305175781,65.48999786376953,65.05000305175781,65.18000030517578,37.64795684814453,1934200
2012-12-11,VNQ,65.41999816894531,65.5199966430664,65.19999694824219,65.33999633789062,37.7403564453125,2086900
2012-12-12,VNQ,65.52999877929688,65.68000030517578,64.9000015258789,65.16000366210938,37.63640213012695,2335300
2012-12-13,VNQ,65.0,65.23999786376953,64.44999694824219,64.66000366210938,37.347599029541016,2614500
2012-12-14,VNQ,64.66999816894531,64.81999969482422,64.48999786376953,64.6500015258789,37.341819763183594,2544500
2012-12-17,VNQ,64.94999694824219,65.05999755859375,64.6500015258789,64.98999786376953,37.538204193115234,2315800
2012-12-18,VNQ,65.19999694824219,65.66000366210938,65.05999755859375,65.66000366210938,37.92520523071289,2532300
2012-12-19,VNQ,65.95999908447266,65.98999786376953,65.54000091552734,65.56999969482422,37.87322235107422,3408800
2012-12-20,VNQ,65.4800033569336,66.45999908447266,65.4800033569336,66.43000030517578,38.369956970214844,2695600
2012-12-21,VNQ,65.87999725341797,66.55999755859375,65.68000030517578,66.31999969482422,38.306427001953125,2252500
2012-12-24,VNQ,65.56999969482422,65.80999755859375,65.29000091552734,65.61000061035156,38.357276916503906,1802600
2012-12-26,VNQ,65.91000366210938,65.91000366210938,65.13999938964844,65.30000305175781,38.176048278808594,1724100
2012-12-27,VNQ,65.41000366210938,65.66000366210938,64.80999755859375,65.54000091552734,38.31636047363281,2305800
2012-12-28,VNQ,65.33999633789062,65.72000122070312,65.05999755859375,65.11000061035156,38.064964294433594,1990300
2012-12-31,VNQ,65.12000274658203,65.80999755859375,64.88999938964844,65.80000305175781,38.46836471557617,3718700
2013-01-02,VNQ,66.93000030517578,67.08999633789062,66.20999908447266,66.62000274658203,38.94776916503906,5286400
2013-01-03,VNQ,66.62000274658203,66.94000244140625,66.48999786376953,66.61000061035156,38.9419059753418,3571000
2013-01-04,VNQ,66.80999755859375,66.94999694824219,66.5199966430664,66.91999816894531,39.12313461303711,2338700
2013-01-07,VNQ,66.94000244140625,67.12000274658203,66.76000213623047,67.06999969482422,39.2108268737793,2243600
2013-01-08,VNQ,67.08000183105469,67.19999694824219,66.73999786376953,66.94000244140625,39.13483810424805,1533700
2013-01-09,VNQ,67.16000366210938,67.22000122070312,66.93000030517578,67.12999725341797,39.24590301513672,2134400
2013-01-10,VNQ,67.36000061035156,67.55000305175781,66.94000244140625,67.19999694824219,39.28683853149414,2824100
2013-01-11,VNQ,67.29000091552734,67.37000274658203,66.9000015258789,67.16000366210938,39.263458251953125,2022000
2013-01-14,VNQ,67.33999633789062,67.36000061035156,67.1500015258789,67.3499984741211,39.374534606933594,1787200
2013-01-15,VNQ,67.29000091552734,67.76000213623047,67.1500015258789,67.66999816894531,39.56160354614258,2101400
2013-01-16,VNQ,67.55999755859375,67.62999725341797,67.37999725341797,67.58999633789062,39.51484298706055,2384800
2013-01-17,VNQ,67.87999725341797,67.91999816894531,67.72000122070312,67.80000305175781,39.63761901855469,2421900
2013-01-18,VNQ,67.88999938964844,68.08999633789062,67.66000366210938,68.08999633789062,39.80714416503906,2277500
2013-01-22,VNQ,68.1500015258789,68.44999694824219,68.01000213623047,68.44000244140625,40.01176834106445,2187400
2013-01-23,VNQ,68.4800033569336,68.52999877929688,68.26000213623047,68.41999816894531,40.00007629394531,2383100
2013-01-24,VNQ,68.5999984741211,68.73999786376953,68.33000183105469,68.55999755859375,40.08194351196289,2346200
2013-01-25,VNQ,68.80000305175781,68.98999786376953,68.61000061035156,68.94999694824219,40.3099250793457,2095600
2013-01-28,VNQ,69.16999816894531,69.29000091552734,68.80999755859375,69.12999725341797,40.415164947509766,3364700
2013-01-29,VNQ,69.16999816894531,69.33000183105469,69.05999755859375,69.33000183105469,40.5320930480957,2343700
2013-01-30,VNQ,69.30999755859375,69.30999755859375,68.54000091552734,68.66999816894531,40.1462287902832,1872600
2013-01-31,VNQ,68.5199966430664,68.61000061035156,68.08999633789062,68.26000213623047,39.90653610229492,2186400
2013-02-01,VNQ,68.62000274658203,68.86000061035156,68.3499984741211,68.66000366210938,40.1403923034668,3376600
2013-02-04,VNQ,68.41999816894531,68.7699966430664,68.29000091552734,68.5,40.046844482421875,2827500
2013-02-05,VNQ,68.75,68.79000091552734,68.25,68.33999633789062,39.95330810546875,2401200
2013-02-06,VNQ,68.18000030517578,68.58999633789062,68.02999877929688,68.58000183105469,40.09360885620117,8277600
2013-02-07,VNQ,68.58000183105469,68.69999694824219,68.11000061035156,68.29000091552734,39.9240837097168,1793400
2013-02-08,VNQ,68.44000244140625,68.91999816894531,68.37000274658203,68.91999816894531,40.29238510131836,2799900
2013-02-11,VNQ,68.8499984741211,69.08999633789062,68.80000305175781,69.0199966430664,40.350852966308594,2177700
2013-02-12,VNQ,69.16000366210938,69.55000305175781,69.01000213623047,69.54000091552734,40.654869079589844,2357700
2013-02-13,VNQ,69.70999908447266,69.7300033569336,69.30999755859375,69.5,40.6314811706543,2525900
2013-02-14,VNQ,69.47000122070312,69.48999786376953,69.16999816894531,69.20999908447266,40.461936950683594,2169200
2013-02-15,VNQ,69.33000183105469,69.33999633789062,68.97000122070312,69.23999786376953,40.47947311401367,1504200
2013-02-19,VNQ,69.44999694824219,69.80000305175781,69.36000061035156,69.79000091552734,40.80101776123047,1673700
2013-02-20,VNQ,69.83000183105469,70.06999969482422,69.33999633789062,69.33999633789062,40.53792953491211,1764500
2013-02-21,VNQ,69.30999755859375,69.36000061035156,68.66000366210938,68.81999969482422,40.23393249511719,2185700
2013-02-22,VNQ,69.1500015258789,69.51000213623047,69.04000091552734,69.51000213623047,40.63731002807617,1941400
2013-02-25,VNQ,69.73999786376953,69.81999969482422,68.19000244140625,68.19000244140625,39.865604400634766,2550400
2013-02-26,VNQ,68.54000091552734,68.8499984741211,68.12000274658203,68.66000366210938,40.1403923034668,2382800
2013-02-27,VNQ,68.76000213623047,69.4800033569336,68.55999755859375,69.16000366210938,40.43269729614258,1551400
2013-02-28,VNQ,69.16000366210938,69.45999908447266,69.05999755859375,69.08999633789062,40.39179229736328,4566400
2013-03-01,VNQ,68.91000366210938,69.41000366210938,68.55999755859375,69.31999969482422,40.5262451171875,3862400
2013-03-04,VNQ,69.27999877929688,70.0199966430664,69.27999877929688,69.83999633789062,40.830238342285156,3141000
2013-03-05,VNQ,70.1500015258789,70.54000091552734,69.83000183105469,70.38999938964844,41.151790618896484,2835800
2013-03-06,VNQ,70.61000061035156,70.73999786376953,69.91999816894531,70.18000030517578,41.029022216796875,3021800
2013-03-07,VNQ,70.41000366210938,70.41000366210938,69.79000091552734,69.8499984741211,40.836090087890625,1923300
2013-03-08,VNQ,70.22000122070312,70.2300033569336,69.52999877929688,69.97000122070312,40.90625,2473300
2013-03-11,VNQ,69.97000122070312,70.12000274658203,69.70999908447266,70.02999877929688,40.94133758544922,1712600
2013-03-12,VNQ,70.12999725341797,70.12999725341797,69.6500015258789,69.7699966430664,40.78932189941406,2190100
2013-03-13,VNQ,69.80000305175781,70.02999877929688,69.55999755859375,69.83999633789062,40.830238342285156,1785000
2013-03-14,VNQ,69.94999694824219,70.37000274658203,69.86000061035156,70.27999877929688,41.087493896484375,2647700
2013-03-15,VNQ,70.20999908447266,70.47000122070312,69.91999816894531,70.44000244140625,41.181034088134766,2243800
2013-03-18,VNQ,69.87999725341797,70.27999877929688,69.87000274658203,70.05000305175781,40.95302200317383,2398300
2013-03-19,VNQ,70.08000183105469,70.2300033569336,69.2699966430664,69.70999908447266,40.754241943359375,3055200
2013-03-20,VNQ,69.9800033569336,70.06999969482422,69.69000244140625,69.93000030517578,40.882869720458984,3110100
2013-03-21,VNQ,69.69999694824219,70.19999694824219,69.66999816894531,69.72000122070312,40.76008987426758,1723800
2013-03-22,VNQ,69.4000015258789,69.63999938964844,69.26000213623047,69.55000305175781,40.97454071044922,3143500
2013-03-25,VNQ,69.66999816894531,70.0,69.41999816894531,69.55999755859375,40.98041534423828,2676500
2013-03-26,VNQ,69.75,70.20999908447266,69.75,70.16000366210938,41.33391571044922,1722600
2013-03-27,VNQ,69.94999694824219,70.29000091552734,69.80000305175781,70.29000091552734,41.410491943359375,2463100
2013-03-28,VNQ,70.36000061035156,70.58000183105469,70.0999984741211,70.52999877929688,41.5518798828125,2632300
2013-04-01,VNQ,70.66000366210938,70.7699966430664,70.11000061035156,70.73999786376953,41.67560577392578,2501200
2013-04-02,VNQ,70.9800033569336,71.30000305175781,70.79000091552734,70.95999908447266,41.80522918701172,2546100
2013-04-03,VNQ,71.19999694824219,71.2699966430664,70.55999755859375,70.70999908447266,41.65793228149414,2215900
2013-04-04,VNQ,70.83999633789062,71.94000244140625,70.76000213623047,71.86000061035156,42.335445404052734,1905200
2013-04-05,VNQ,71.22000122070312,72.25,71.08999633789062,72.25,42.56520462036133,2288300
2013-04-08,VNQ,72.27999877929688,72.9000015258789,71.83000183105469,72.83000183105469,42.90690612792969,1773500
2013-04-09,VNQ,73.08999633789062,73.1500015258789,72.45999908447266,72.83999633789062,42.912818908691406,2537900
2013-04-10,VNQ,73.12000274658203,73.41000366210938,72.9000015258789,73.29000091552734,43.17791748046875,2088000
2013-04-11,VNQ,73.44999694824219,74.08000183105469,73.25,73.72000122070312,43.43125915527344,2425000
2013-04-12,VNQ,73.70999908447266,73.94000244140625,73.51000213623047,73.9000015258789,43.53728485107422,1618800
2013-04-15,VNQ,73.6500015258789,73.81999969482422,72.37000274658203,72.37000274658203,42.63591003417969,3345500
2013-04-16,VNQ,72.88999938964844,73.6500015258789,72.33999633789062,73.56999969482422,43.34287643432617,3296300
2013-04-17,VNQ,73.30000305175781,73.37999725341797,72.2699966430664,72.79000091552734,42.88335418701172,3039700
2013-04-18,VNQ,72.94999694824219,73.0199966430664,72.33000183105469,72.68000030517578,42.818538665771484,2616900
2013-04-19,VNQ,72.94999694824219,73.8499984741211,72.76000213623047,73.80000305175781,43.47837448120117,1621200
2013-04-22,VNQ,74.01000213623047,74.08000183105469,73.27999877929688,73.69999694824219,43.41945266723633,2638500
2013-04-23,VNQ,74.05999755859375,74.26000213623047,73.58000183105469,74.11000061035156,43.661014556884766,3312300
2013-04-24,VNQ,74.18000030517578,74.4000015258789,73.94999694824219,74.2699966430664,43.7552604675293,1750700
2013-04-25,VNQ,74.37000274658203,74.41000366210938,73.62000274658203,74.0199966430664,43.60799026489258,2981700
2013-04-26,VNQ,73.94999694824219,74.27999877929688,73.70999908447266,73.77999877929688,43.466590881347656,2601000
2013-04-29,VNQ,74.36000061035156,74.47000122070312,73.8499984741211,74.41000366210938,43.8377571105957,1889800
2013-04-30,VNQ,74.44999694824219,75.29000091552734,74.37000274658203,75.27999877929688,44.35029602050781,2439700
2013-05-01,VNQ,75.38999938964844,75.43000030517578,74.52999877929688,74.68000030517578,43.99681854248047,6260100
2013-05-02,VNQ,74.79000091552734,75.47000122070312,74.79000091552734,75.16999816894531,44.28548812866211,2590600
2013-05-03,VNQ,75.68000030517578,75.87000274658203,75.31999969482422,75.47000122070312,44.46223831176758,2878800
2013-05-06,VNQ,75.4800033569336,75.91999816894531,75.4800033569336,75.86000061035156,44.69199752807617,2427700
2013-05-07,VNQ,75.97000122070312,76.31999969482422,75.70999908447266,76.27999877929688,44.93943405151367,2442800
2013-05-08,VNQ,76.19000244140625,76.4800033569336,75.9000015258789,76.31999969482422,44.96299743652344,2703100
2013-05-09,VNQ,76.1500015258789,76.33999633789062,75.70999908447266,75.81999969482422,44.66841506958008,2255800
2013-05-10,VNQ,76.04000091552734,76.16999816894531,75.75,76.0999984741211,44.83338165283203,1706300
2013-05-13,VNQ,76.05999755859375,76.51000213623047,76.04000091552734,76.45999908447266,45.04547882080078,2114100
2013-05-14,VNQ,76.4800033569336,76.94999694824219,76.44999694824219,76.73999786376953,45.21044921875,2081600
2013-05-15,VNQ,76.80000305175781,77.5,76.44000244140625,77.5,45.65818405151367,2836800
2013-05-16,VNQ,77.38999938964844,77.70999908447266,76.86000061035156,77.0999984741211,45.42252731323242,2485200
2013-05-17,VNQ,77.29000091552734,77.56999969482422,77.05000305175781,77.52999877929688,45.67585754394531,1717700
2013-05-20,VNQ,77.66000366210938,77.7699966430664,77.37000274658203,77.70999908447266,45.781898498535156,2534100
2013-05-21,VNQ,77.9000015258789,78.33000183105469,77.87000274658203,78.1500015258789,46.0411262512207,2321300
2013-05-22,VNQ,78.02999877929688,78.86000061035156,75.75,76.25,44.921783447265625,5514100
2013-05-23,VNQ,75.62999725341797,75.62999725341797,74.3499984741211,74.81999969482422,44.07930374145508,5071800
2013-05-24,VNQ,74.55999755859375,74.77999877929688,73.77999877929688,74.62999725341797,43.96736526489258,3020000
2013-05-28,VNQ,75.48999786376953,75.5999984741211,73.55000305175781,73.98999786376953,43.59031677246094,3666200
2013-05-29,VNQ,73.41000366210938,73.47000122070312,71.54000091552734,72.41999816894531,42.665367126464844,5983200
2013-05-30,VNQ,72.30999755859375,72.94999694824219,71.66000366210938,71.73999786376953,42.2647590637207,3753500
2013-05-31,VNQ,71.4800033569336,72.16000366210938,70.75,70.77999877929688,41.69916915893555,6474200
2013-06-03,VNQ,70.76000213623047,71.5,70.0999984741211,71.18000030517578,41.934810638427734,6934600
2013-06-04,VNQ,71.27999877929688,71.4800033569336,70.19000244140625,70.19000244140625,41.35158157348633,4116400
2013-06-05,VNQ,70.05000305175781,70.47000122070312,69.4000015258789,69.61000061035156,41.00990295410156,4197000
2013-06-06,VNQ,69.66000366210938,70.80999755859375,69.1500015258789,70.7300033569336,41.66972351074219,5111000
2013-06-07,VNQ,70.94999694824219,71.12999725341797,69.75,70.73999786376953,41.67560577392578,3588900
2013-06-10,VNQ,70.9000015258789,70.95999908447266,69.9800033569336,70.12999725341797,41.316226959228516,3347500
2013-06-11,VNQ,69.3499984741211,69.94999694824219,69.05999755859375,69.08999633789062,40.70353698730469,4747000
2013-06-12,VNQ,69.4800033569336,69.62000274658203,67.93000030517578,68.1500015258789,40.14974594116211,3558600
2013-06-13,VNQ,67.86000061035156,70.13999938964844,67.80000305175781,69.91999816894531,41.19252014160156,4603500
2013-06-14,VNQ,69.98999786376953,71.04000091552734,69.73999786376953,70.18000030517578,41.34568786621094,3547000
2013-06-17,VNQ,70.69000244140625,71.08000183105469,69.93000030517578,70.37999725341797,41.46350860595703,4148100
2013-06-18,VNQ,70.48999786376953,71.19999694824219,70.0999984741211,70.73999786376953,41.67560577392578,4303700
2013-06-19,VNQ,70.51000213623047,70.93000030517578,68.3499984741211,68.56999969482422,40.397193908691406,4929600
2013-06-20,VNQ,67.77999877929688,67.91000366210938,65.38999938964844,65.72000122070312,38.718143463134766,8148100
2013-06-21,VNQ,66.2300033569336,67.16999816894531,65.41000366210938,66.61000061035156,39.242469787597656,7812200
2013-06-24,VNQ,64.83000183105469,67.0999984741211,64.27999877929688,65.68000030517578,39.06463623046875,8414700
2013-06-25,VNQ,66.44000244140625,67.18000030517578,65.69000244140625,66.77999877929688,39.71889877319336,11383300
2013-06-26,VNQ,67.52999877929688,67.97000122070312,67.33000183105469,67.79000091552734,40.3195915222168,6721700
2013-06-27,VNQ,68.33999633789062,69.18000030517578,68.20999908447266,69.1500015258789,41.12849426269531,5114900
2013-06-28,VNQ,68.88999938964844,69.3499984741211,68.38999938964844,68.72000122070312,40.872745513916016,6234200
2013-07-01,VNQ,69.26000213623047,69.52999877929688,68.37000274658203,68.56999969482422,40.783538818359375,3141000
2013-07-02,VNQ,68.66999816894531,69.68000030517578,67.91999816894531,69.62000274658203,41.40803146362305,3707600
2013-07-03,VNQ,69.38999938964844,69.38999938964844,68.33999633789062,69.16000366210938,41.13443374633789,2446400
2013-07-05,VNQ,69.1500015258789,69.26000213623047,67.37000274658203,68.83000183105469,40.93815231323242,2506100
2013-07-08,VNQ,69.08999633789062,69.55999755859375,68.83999633789062,68.9000015258789,40.97980499267578,2918000
2013-07-09,VNQ,69.30000305175781,70.13999938964844,68.97000122070312,69.87999725341797,41.562679290771484,1955900
2013-07-10,VNQ,69.87000274658203,70.08000183105469,69.3499984741211,69.91000366210938,41.580509185791016,3267800
2013-07-11,VNQ,70.94999694824219,71.66999816894531,70.72000122070312,71.5999984741211,42.5856819152832,3844300
2013-07-12,VNQ,71.83000183105469,71.9000015258789,70.87999725341797,71.16000366210938,42.32399368286133,3398200
2013-07-15,VNQ,71.37999725341797,71.69000244140625,71.04000091552734,71.45999908447266,42.50242614746094,2942200
2013-07-16,VNQ,71.37999725341797,71.80000305175781,71.30999755859375,71.51000213623047,42.532161712646484,2946400
2013-07-17,VNQ,71.83000183105469,71.97000122070312,71.41999816894531,71.7699966430664,42.68679428100586,2209600
2013-07-18,VNQ,72.08999633789062,72.41000366210938,71.7699966430664,72.37999725341797,43.04961395263672,1931600
2013-07-19,VNQ,72.30999755859375,72.51000213623047,72.0199966430664,72.33000183105469,43.01987838745117,1864400
2013-07-22,VNQ,72.37999725341797,72.69000244140625,72.0999984741211,72.55000305175781,43.15071487426758,1934800
2013-07-23,VNQ,72.77999877929688,72.86000061035156,72.20999908447266,72.47000122070312,43.10314178466797,1402800
2013-07-24,VNQ,72.5999984741211,72.69999694824219,70.56999969482422,71.05999755859375,42.264503479003906,3115300
2013-07-25,VNQ,70.98999786376953,71.27999877929688,70.58999633789062,71.16999816894531,42.32994079589844,1760800
2013-07-26,VNQ,70.94999694824219,71.3499984741211,70.66000366210938,71.2300033569336,42.36562728881836,1586800
2013-07-29,VNQ,71.06999969482422,71.4000015258789,70.58999633789062,70.69999694824219,42.05039596557617,3562300
2013-07-30,VNQ,70.9000015258789,71.33000183105469,70.25,70.48999786376953,41.92548370361328,2362600
2013-07-31,VNQ,70.33000183105469,70.7300033569336,68.7699966430664,69.33999633789062,41.24150085449219,3443900
2013-08-01,VNQ,69.61000061035156,69.80999755859375,68.88999938964844,69.06999969482422,41.08091735839844,3445000
2013-08-02,VNQ,69.23999786376953,69.3499984741211,68.70999908447266,68.7300033569336,40.878692626953125,2578300
2013-08-05,VNQ,68.54000091552734,68.9800033569336,68.47000122070312,68.68000030517578,40.84895324707031,2831300
2013-08-06,VNQ,68.5999984741211,68.97000122070312,68.33000183105469,68.44000244140625,40.706207275390625,3889300
2013-08-07,VNQ,68.63999938964844,68.69999694824219,67.91999816894531,68.26000213623047,40.599151611328125,2021200
2013-08-08,VNQ,68.47000122070312,68.63999938964844,67.93000030517578,68.29000091552734,40.61699676513672,2476400
2013-08-09,VNQ,68.19999694824219,69.27999877929688,68.0999984741211,68.88999938964844,40.9738655090332,2893000
2013-08-12,VNQ,68.80999755859375,68.80999755859375,68.08999633789062,68.4000015258789,40.68242645263672,2709000
2013-08-13,VNQ,68.4000015258789,68.5,67.2699966430664,67.45999908447266,40.12332534790039,3778200
2013-08-14,VNQ,67.4000015258789,67.62000274658203,67.1500015258789,67.19999694824219,39.96868896484375,2538300
2013-08-15,VNQ,66.6500015258789,66.81999969482422,65.72000122070312,65.97000122070312,39.237125396728516,3630500
2013-08-16,VNQ,65.91999816894531,65.91999816894531,64.23999786376953,64.3499984741211,38.273582458496094,4256700
2013-08-19,VNQ,64.37999725341797,64.37999725341797,63.470001220703125,63.5,37.76803207397461,4763500
2013-08-20,VNQ,63.869998931884766,65.22000122070312,63.650001525878906,64.94000244140625,38.62449645996094,4124500
2013-08-21,VNQ,64.36000061035156,65.81999969482422,64.0,64.79000091552734,38.5352783203125,4437200
2013-08-22,VNQ,64.94999694824219,65.20999908447266,64.43000030517578,65.18000030517578,38.767250061035156,2499500
2013-08-23,VNQ,65.22000122070312,65.87999725341797,64.94000244140625,65.86000061035156,39.17169189453125,2917800
2013-08-26,VNQ,65.86000061035156,66.0,65.47000122070312,65.66999816894531,39.058685302734375,2925200
2013-08-27,VNQ,65.08999633789062,65.73999786376953,65.0,65.3499984741211,38.86834716796875,3355100
2013-08-28,VNQ,65.47000122070312,65.47000122070312,64.80999755859375,64.94999694824219,38.63046646118164,2142600
2013-08-29,VNQ,64.7699966430664,65.05999755859375,64.4800033569336,65.05000305175781,38.689937591552734,2334600
2013-08-30,VNQ,65.20999908447266,65.47000122070312,64.41000366210938,64.5,38.36280822753906,3852400
2013-09-03,VNQ,64.75,64.98999786376953,63.400001525878906,63.939998626708984,38.029727935791016,6455100
2013-09-04,VNQ,64.0,64.70999908447266,63.709999084472656,64.48999786376953,38.35685729980469,4261500
2013-09-05,VNQ,64.55000305175781,64.55000305175781,63.7400016784668,63.810001373291016,37.95240783691406,3024700
2013-09-06,VNQ,64.38999938964844,65.37999725341797,64.38999938964844,64.80000305175781,38.541236877441406,4582200
2013-09-09,VNQ,64.87000274658203,66.1500015258789,64.83000183105469,66.1500015258789,39.34416961669922,3579700
2013-09-10,VNQ,66.30999755859375,66.5,65.72000122070312,66.0999984741211,39.31443786621094,2905300
2013-09-11,VNQ,66.16000366210938,66.62999725341797,66.05000305175781,66.62999725341797,39.629669189453125,2568000
2013-09-12,VNQ,66.6500015258789,67.0,66.08000183105469,66.19999694824219,39.37390899658203,2628600
2013-09-13,VNQ,66.29000091552734,66.5199966430664,66.05999755859375,66.38999938964844,39.486907958984375,2582600
2013-09-16,VNQ,67.37000274658203,67.93000030517578,66.87999725341797,67.05000305175781,39.87946701049805,4413800
2013-09-17,VNQ,67.02999877929688,67.55999755859375,66.9000015258789,67.01000213623047,39.85567855834961,3328300
2013-09-18,VNQ,67.01000213623047,69.36000061035156,66.30999755859375,69.27999877929688,41.205810546875,4452500
2013-09-19,VNQ,69.44000244140625,70.06999969482422,69.16999816894531,69.22000122070312,41.170143127441406,5138400
2013-09-20,VNQ,69.06999969482422,69.37999725341797,67.94000244140625,68.08999633789062,40.498043060302734,4082500
2013-09-23,VNQ,67.44999694824219,67.77999877929688,66.97000122070312,67.01000213623047,40.220733642578125,3523100
2013-09-24,VNQ,66.98999786376953,67.16999816894531,66.45999908447266,66.5,39.91463088989258,4447700
2013-09-25,VNQ,66.63999938964844,67.1500015258789,66.20999908447266,66.72000122070312,40.04667282104492,2626300
2013-09-26,VNQ,66.83000183105469,67.16000366210938,66.68000030517578,67.12999725341797,40.29276657104492,1465400
2013-09-27,VNQ,66.94000244140625,67.20999908447266,66.41000366210938,66.8499984741211,40.12469482421875,3412300
2013-09-30,VNQ,66.29000091552734,67.0,65.88999938964844,66.13999938964844,39.698543548583984,3804700
2013-10-01,VNQ,66.1500015258789,67.80000305175781,66.0,67.0999984741211,40.27475357055664,4416100
2013-10-02,VNQ,66.7699966430664,67.23999786376953,66.44999694824219,67.19999694824219,40.33477783203125,2604000
2013-10-03,VNQ,66.91999816894531,67.05999755859375,65.68000030517578,66.02999877929688,39.63251495361328,6150600
2013-10-04,VNQ,66.05999755859375,66.41999816894531,65.52999877929688,65.9000015258789,39.55448532104492,2389200
2013-10-07,VNQ,65.54000091552734,66.47000122070312,65.5,66.19999694824219,39.73454666137695,2267400
2013-10-08,VNQ,66.11000061035156,66.41999816894531,65.47000122070312,65.4800033569336,39.30239486694336,2622000
2013-10-09,VNQ,65.5,66.18000030517578,65.4000015258789,65.48999786376953,39.308414459228516,2896600
2013-10-10,VNQ,66.0199966430664,67.22000122070312,66.0,67.16000366210938,40.31076431274414,2370200
2013-10-11,VNQ,67.05000305175781,67.9000015258789,66.86000061035156,67.83000183105469,40.712921142578125,2111100
2013-10-14,VNQ,67.44000244140625,67.94000244140625,67.26000213623047,67.87000274658203,40.736915588378906,2278000
2013-10-15,VNQ,67.7699966430664,68.19000244140625,67.4800033569336,67.62000274658203,40.586875915527344,3231700
2013-10-16,VNQ,67.9000015258789,68.95999908447266,67.7699966430664,68.88999938964844,41.349151611328125,3066400
2013-10-17,VNQ,68.6500015258789,70.05999755859375,68.52999877929688,69.93000030517578,41.973384857177734,3258600
2013-10-18,VNQ,70.30000305175781,70.31999969482422,69.45999908447266,69.86000061035156,41.93135070800781,2685200
2013-10-21,VNQ,69.83000183105469,69.87999725341797,69.11000061035156,69.44000244140625,41.67927551269531,2276500
2013-10-22,VNQ,69.5,70.36000061035156,69.44999694824219,70.08000183105469,42.06340789794922,3611600
2013-10-23,VNQ,69.94999694824219,70.25,69.68000030517578,70.20999908447266,42.14144515991211,4650000
2013-10-24,VNQ,70.44999694824219,70.44999694824219,69.79000091552734,70.19000244140625,42.12944030761719,1600400
2013-10-25,VNQ,70.36000061035156,71.12999725341797,70.19999694824219,71.05000305175781,42.645626068115234,2213000
2013-10-28,VNQ,71.0999984741211,71.0999984741211,69.94999694824219,70.54000091552734,42.33950424194336,3347400
2013-10-29,VNQ,70.16000366210938,70.54000091552734,69.7300033569336,70.12999725341797,42.09341812133789,3174900
2013-10-30,VNQ,70.04000091552734,70.2300033569336,69.19999694824219,69.54000091552734,41.73929214477539,2466500
2013-10-31,VNQ,69.62000274658203,69.77999877929688,68.66000366210938,69.12999725341797,41.49319839477539,4039600
2013-11-01,VNQ,69.41000366210938,69.69999694824219,68.7300033569336,69.48999786376953,41.70927429199219,3448800
2013-11-04,VNQ,69.86000061035156,69.94999694824219,68.9800033569336,69.62000274658203,41.78730392456055,2640800
2013-11-05,VNQ,69.3499984741211,69.3499984741211,68.3499984741211,68.4800033569336,41.103057861328125,2533800
2013-11-06,VNQ,68.56999969482422,69.0,68.29000091552734,68.37999725341797,41.04302978515625,2256900
2013-11-07,VNQ,68.38999938964844,68.62999725341797,67.37999725341797,67.52999877929688,40.5328369140625,3236900
2013-11-08,VNQ,66.91999816894531,67.22000122070312,65.66000366210938,66.62000274658203,39.986656188964844,3577500
2013-11-11,VNQ,66.5,67.0999984741211,66.44999694824219,66.69000244140625,40.0286750793457,2243000
2013-11-12,VNQ,66.51000213623047,66.6500015258789,65.86000061035156,66.38999938964844,39.84859085083008,2269900
2013-11-13,VNQ,66.29000091552734,66.81999969482422,65.95999908447266,66.81999969482422,40.106693267822266,2547100
2013-11-14,VNQ,66.98999786376953,67.77999877929688,66.9000015258789,67.29000091552734,40.3887939453125,2483500
2013-11-15,VNQ,67.3499984741211,67.6500015258789,67.13999938964844,67.54000091552734,40.538856506347656,2140300
2013-11-18,VNQ,67.79000091552734,67.80000305175781,67.05000305175781,67.12000274658203,40.28675842285156,1739500
2013-11-19,VNQ,66.9800033569336,67.13999938964844,66.37999725341797,66.6500015258789,40.00466537475586,2202800
2013-11-20,VNQ,66.61000061035156,67.2699966430664,65.6500015258789,65.83999633789062,39.51847457885742,2922700
2013-11-21,VNQ,66.0199966430664,66.51000213623047,65.75,66.3499984741211,39.824581146240234,2998000
2013-11-22,VNQ,66.4800033569336,66.55000305175781,65.73999786376953,66.08999633789062,39.66852569580078,1919400
2013-11-25,VNQ,66.16000366210938,66.20999908447266,65.69000244140625,65.77999877929688,39.48246765136719,2934200
2013-11-26,VNQ,65.93000030517578,65.94000244140625,65.4000015258789,65.55000305175781,39.34440994262695,2673400
2013-11-27,VNQ,65.58000183105469,66.16000366210938,65.4800033569336,66.11000061035156,39.680538177490234,2990600
2013-11-29,VNQ,65.83000183105469,66.19000244140625,65.4000015258789,65.5,39.31439971923828,2259600
2013-12-02,VNQ,65.43000030517578,65.62000274658203,64.86000061035156,65.12000274658203,39.086326599121094,3659000
2013-12-03,VNQ,64.91000366210938,65.20999908447266,64.70999908447266,64.98999786376953,39.00828552246094,2246800
2013-12-04,VNQ,64.47000122070312,65.69000244140625,64.38999938964844,65.2300033569336,39.15234375,3189600
2013-12-05,VNQ,65.16999816894531,65.55000305175781,64.70999908447266,65.45999908447266,39.29039764404297,2622100
2013-12-06,VNQ,65.91999816894531,66.0999984741211,65.61000061035156,65.93000030517578,39.57249450683594,2022500
2013-12-09,VNQ,66.26000213623047,66.30999755859375,65.66000366210938,66.25,39.76456832885742,2326100
2013-12-10,VNQ,66.12999725341797,66.51000213623047,66.08000183105469,66.08000183105469,39.66252136230469,2439600
2013-12-11,VNQ,66.08999633789062,66.19999694824219,64.5,64.55999755859375,38.75019073486328,2789100
2013-12-12,VNQ,64.45999908447266,64.5999984741211,63.959999084472656,64.19999694824219,38.53411865234375,2746100
2013-12-13,VNQ,64.43000030517578,65.12000274658203,64.19000244140625,64.36000061035156,38.630165100097656,3165400
2013-12-16,VNQ,64.51000213623047,64.75,64.29000091552734,64.58000183105469,38.76219940185547,2571400
2013-12-17,VNQ,64.61000061035156,65.05999755859375,64.36000061035156,64.87999725341797,38.94225311279297,2640100
2013-12-18,VNQ,64.91000366210938,66.08999633789062,64.1500015258789,66.02999877929688,39.63251495361328,4120500
2013-12-19,VNQ,65.83999633789062,65.87000274658203,64.75,65.12000274658203,39.086326599121094,3297500
2013-12-20,VNQ,65.11000061035156,65.58000183105469,64.94999694824219,65.5199966430664,39.3264045715332,3832900
2013-12-23,VNQ,65.72000122070312,66.05000305175781,65.56999969482422,65.6500015258789,39.404449462890625,4183400
2013-12-24,VNQ,64.68000030517578,64.86000061035156,64.52999877929688,64.69999694824219,39.439788818359375,1801200
2013-12-26,VNQ,64.81999969482422,65.23999786376953,64.58999633789062,64.75,39.470272064208984,4333500
2013-12-27,VNQ,64.9000015258789,65.0,64.31999969482422,64.88999938964844,39.55561447143555,3277100
2013-12-30,VNQ,64.87999725341797,65.16000366210938,64.76000213623047,64.91000366210938,39.56779861450195,3603900
2013-12-31,VNQ,64.91999816894531,65.1500015258789,64.44999694824219,64.55999755859375,39.35444259643555,5576900
2014-01-02,VNQ,64.27999877929688,64.75,64.05000305175781,64.56999969482422,39.36054611206055,5829600
2014-01-03,VNQ,64.48999786376953,65.18000030517578,64.41000366210938,64.93000030517578,39.57998275756836,2771700
2014-01-06,VNQ,65.13999938964844,65.55999755859375,64.93000030517578,65.26000213623047,39.781158447265625,2917500
2014-01-07,VNQ,65.23999786376953,65.81999969482422,65.06999969482422,65.55000305175781,39.95793533325195,2582600
2014-01-08,VNQ,65.37999725341797,65.62000274658203,64.94000244140625,65.2300033569336,39.76286697387695,3368400
2014-01-09,VNQ,65.48999786376953,65.51000213623047,64.75,65.2300033569336,39.76286697387695,2543000
2014-01-10,VNQ,65.76000213623047,66.16000366210938,65.61000061035156,66.12000274658203,40.305389404296875,2683900
2014-01-13,VNQ,66.0999984741211,66.2300033569336,65.5,65.68000030517578,40.03718185424805,3650800
2014-01-14,VNQ,65.91000366210938,66.36000061035156,65.66000366210938,66.16000366210938,40.32977294921875,2383400
2014-01-15,VNQ,66.1500015258789,66.77999877929688,66.1500015258789,66.66000366210938,40.63456726074219,3069700
2014-01-16,VNQ,66.55000305175781,66.80999755859375,66.55000305175781,66.77999877929688,40.70771408081055,2704800
2014-01-17,VNQ,66.8499984741211,66.97000122070312,66.33000183105469,66.38999938964844,40.469966888427734,2957800
2014-01-21,VNQ,66.72000122070312,67.25,66.58999633789062,66.98999786376953,40.83571243286133,3255800
2014-01-22,VNQ,67.02999877929688,67.47000122070312,67.0,67.27999877929688,41.012508392333984,3432800
2014-01-23,VNQ,67.05000305175781,67.26000213623047,66.80000305175781,67.12000274658203,40.91497802734375,3262600
2014-01-24,VNQ,66.81999969482422,66.91999816894531,66.13999938964844,66.27999877929688,40.40292739868164,2745800
2014-01-27,VNQ,66.31999969482422,66.58000183105469,65.51000213623047,65.7699966430664,40.092037200927734,3818500
2014-01-28,VNQ,65.8499984741211,66.44000244140625,65.79000091552734,66.31999969482422,40.42731475830078,2406700
2014-01-29,VNQ,65.98999786376953,66.29000091552734,65.62999725341797,65.95999908447266,40.207855224609375,3308200
2014-01-30,VNQ,66.20999908447266,67.20999908447266,66.1500015258789,66.95999908447266,40.817440032958984,2990100
2014-01-31,VNQ,66.43000030517578,67.62000274658203,66.22000122070312,67.31999969482422,41.03688430786133,5454400
2014-02-03,VNQ,67.22000122070312,67.31999969482422,65.98999786376953,66.25,40.3846435546875,7310400
2014-02-04,VNQ,66.31999969482422,67.08999633789062,66.05999755859375,67.05000305175781,40.872314453125,4472100
2014-02-05,VNQ,66.5999984741211,67.01000213623047,66.54000091552734,66.91000366210938,40.78696823120117,2656000
2014-02-06,VNQ,66.94999694824219,67.5,66.91000366210938,67.4000015258789,41.085670471191406,2755500
2014-02-07,VNQ,67.81999969482422,68.01000213623047,67.4000015258789,67.91000366210938,41.39655303955078,5918800
2014-02-10,VNQ,68.12000274658203,68.75,67.68000030517578,68.55000305175781,41.786678314208984,6276300
2014-02-11,VNQ,68.43000030517578,69.16000366210938,68.33000183105469,68.81999969482422,41.95125961303711,7136400
2014-02-12,VNQ,69.0199966430664,69.02999877929688,68.5199966430664,68.86000061035156,41.97564697265625,3335400
2014-02-13,VNQ,68.61000061035156,69.44000244140625,68.48999786376953,69.12000274658203,42.13413619995117,2754600
2014-02-14,VNQ,69.01000213623047,69.5199966430664,69.01000213623047,69.38999938964844,42.29872512817383,2509200
2014-02-18,VNQ,69.61000061035156,69.7300033569336,69.02999877929688,69.7300033569336,42.50597381591797,3819900
2014-02-19,VNQ,69.5999984741211,70.43000030517578,69.55999755859375,69.69000244140625,42.481597900390625,4334000
2014-02-20,VNQ,69.69999694824219,70.23999786376953,69.29000091552734,69.54000091552734,42.390159606933594,3503400
2014-02-21,VNQ,69.58000183105469,70.0,69.19999694824219,69.70999908447266,42.4937858581543,2406000
2014-02-24,VNQ,69.9800033569336,70.56999969482422,69.83999633789062,69.87999725341797,42.59740447998047,3690100
2014-02-25,VNQ,70.0,70.44000244140625,69.8499984741211,70.11000061035156,42.737613677978516,3329500
2014-02-26,VNQ,70.3499984741211,70.52999877929688,70.01000213623047,70.2699966430664,42.83515167236328,4623500
2014-02-27,VNQ,70.30000305175781,70.52999877929688,69.77999877929688,70.08000183105469,42.71934509277344,3334400
2014-02-28,VNQ,70.1500015258789,70.98999786376953,70.05000305175781,70.7300033569336,43.11557388305664,8733500
2014-03-03,VNQ,70.29000091552734,70.83999633789062,70.05999755859375,70.7699966430664,43.13993835449219,5816200
2014-03-04,VNQ,71.2699966430664,71.87999725341797,71.13999938964844,71.79000091552734,43.76171112060547,4444400
2014-03-05,VNQ,71.83999633789062,72.01000213623047,71.13999938964844,71.69999694824219,43.70682907104492,3489400
2014-03-06,VNQ,71.83000183105469,71.83000183105469,70.94000244140625,71.0999984741211,43.34110641479492,3705600
2014-03-07,VNQ,70.7699966430664,70.97000122070312,70.0199966430664,70.33000183105469,42.87171936035156,3665900
2014-03-10,VNQ,70.36000061035156,70.44000244140625,69.69000244140625,69.95999908447266,42.64617156982422,6387500
2014-03-11,VNQ,70.05000305175781,70.66999816894531,70.0,70.4000015258789,42.91439437866211,5101900
2014-03-12,VNQ,70.1500015258789,70.69000244140625,70.1500015258789,70.61000061035156,43.04240798950195,2711900
2014-03-13,VNQ,70.73999786376953,70.87000274658203,70.1500015258789,70.27999877929688,42.84124755859375,3688000
2014-03-14,VNQ,70.33999633789062,70.77999877929688,70.16000366210938,70.45999908447266,42.95097732543945,2713900
2014-03-17,VNQ,71.02999877929688,71.06999969482422,70.4000015258789,70.61000061035156,43.04240798950195,3115600
2014-03-18,VNQ,70.62999725341797,70.9000015258789,70.33999633789062,70.81999969482422,43.170406341552734,2483700
2014-03-19,VNQ,71.0,71.19000244140625,69.23999786376953,69.4800033569336,42.35359191894531,4561500
2014-03-20,VNQ,69.37000274658203,69.62000274658203,68.79000091552734,69.5999984741211,42.426727294921875,3811500
2014-03-21,VNQ,69.81999969482422,70.47000122070312,69.75,70.23999786376953,42.81685256958008,2970400
2014-03-24,VNQ,70.44000244140625,70.48999786376953,69.41999816894531,69.77999877929688,42.53645324707031,5826500
2014-03-25,VNQ,69.87000274658203,70.08999633789062,69.44000244140625,69.95999908447266,42.924835205078125,3125500
2014-03-26,VNQ,70.25,70.37999725341797,69.16000366210938,69.16999816894531,42.44013595581055,4286800
2014-03-27,VNQ,69.1500015258789,69.66999816894531,68.87000274658203,69.61000061035156,42.71009826660156,3097600
2014-03-28,VNQ,69.76000213623047,70.29000091552734,69.7300033569336,70.02999877929688,42.967796325683594,2278400
2014-03-31,VNQ,70.44999694824219,70.83000183105469,69.79000091552734,70.62000274658203,43.32978820800781,3597700
2014-04-01,VNQ,70.7699966430664,70.94000244140625,70.12999725341797,70.94000244140625,43.526126861572266,5804400
2014-04-02,VNQ,70.9000015258789,71.06999969482422,70.52999877929688,71.0,43.56294631958008,3266700
2014-04-03,VNQ,71.0999984741211,71.12999725341797,70.5999984741211,70.8499984741211,43.47089767456055,2372300
2014-04-04,VNQ,71.1500015258789,71.52999877929688,70.7699966430664,71.08999633789062,43.6181640625,3600300
2014-04-07,VNQ,71.11000061035156,71.80000305175781,71.08000183105469,71.31999969482422,43.75929260253906,3845100
2014-04-08,VNQ,71.37999725341797,71.80000305175781,71.11000061035156,71.76000213623047,44.02924728393555,2935500
2014-04-09,VNQ,72.0,72.0,71.19999694824219,71.58000183105469,43.91881561279297,4339600
2014-04-10,VNQ,71.69000244140625,71.9800033569336,70.70999908447266,70.9000015258789,43.501590728759766,4136300
2014-04-11,VNQ,70.7699966430664,71.1500015258789,70.37000274658203,70.47000122070312,43.237762451171875,3785000
2014-04-14,VNQ,70.83000183105469,70.98999786376953,70.37000274658203,70.88999938964844,43.49545669555664,2963500
2014-04-15,VNQ,70.98999786376953,71.76000213623047,70.83999633789062,71.7300033569336,44.01084518432617,3800100
2014-04-16,VNQ,71.9800033569336,72.27999877929688,71.68000030517578,72.19000244140625,44.293087005615234,2141600
2014-04-17,VNQ,72.13999938964844,72.1500015258789,71.51000213623047,71.7699966430664,44.0353889465332,3736800
2014-04-21,VNQ,71.87000274658203,72.26000213623047,71.77999877929688,72.18000030517578,44.28694534301758,2447200
2014-04-22,VNQ,72.26000213623047,72.43000030517578,71.63999938964844,72.33999633789062,44.38511276245117,2889700
2014-04-23,VNQ,72.33000183105469,72.47000122070312,71.87000274658203,72.05000305175781,44.207191467285156,3180700
2014-04-24,VNQ,72.19999694824219,72.48999786376953,72.06999969482422,72.3499984741211,44.3912467956543,2332400
2014-04-25,VNQ,72.38999938964844,72.43000030517578,71.91000366210938,72.06999969482422,44.21946716308594,2608900
2014-04-28,VNQ,72.29000091552734,72.69000244140625,71.94000244140625,72.62999725341797,44.56305694580078,2994200
2014-04-29,VNQ,72.8499984741211,72.98999786376953,72.4800033569336,72.68000030517578,44.59373092651367,2944200
2014-04-30,VNQ,72.81999969482422,72.98999786376953,72.44999694824219,72.94000244140625,44.753257751464844,2660700
2014-05-01,VNQ,73.05999755859375,73.31999969482422,72.30999755859375,73.25,44.94346237182617,3817400
2014-05-02,VNQ,72.9000015258789,73.55000305175781,72.86000061035156,73.2300033569336,44.93119430541992,3495200
2014-05-05,VNQ,73.0,73.44000244140625,72.69000244140625,73.37999725341797,45.02321243286133,2628500
2014-05-06,VNQ,73.05999755859375,73.38999938964844,72.87000274658203,73.12000274658203,44.86370086669922,2879800
2014-05-07,VNQ,73.27999877929688,74.05000305175781,73.16000366210938,74.0,45.40363311767578,4417300
2014-05-08,VNQ,73.97000122070312,74.51000213623047,73.9000015258789,74.16999816894531,45.5079231262207,3389200
2014-05-09,VNQ,74.22000122070312,74.44999694824219,73.80000305175781,74.22000122070312,45.538612365722656,3706300
2014-05-12,VNQ,74.13999938964844,74.5999984741211,74.13999938964844,74.44999694824219,45.67973709106445,2983200
2014-05-13,VNQ,74.4800033569336,75.0199966430664,73.86000061035156,73.97000122070312,45.385231018066406,2476600
2014-05-14,VNQ,74.05000305175781,74.30000305175781,73.69000244140625,74.0,45.40363311767578,3956800
2014-05-15,VNQ,74.05000305175781,74.08000183105469,73.3499984741211,73.95999908447266,45.37908935546875,2941200
2014-05-16,VNQ,74.02999877929688,74.6500015258789,73.6500015258789,74.63999938964844,45.796321868896484,2478900
2014-05-19,VNQ,74.61000061035156,74.61000061035156,74.0,74.33999633789062,45.612247467041016,2420400
2014-05-20,VNQ,74.38999938964844,74.5999984741211,73.87000274658203,74.11000061035156,45.471126556396484,2210200
2014-05-21,VNQ,74.36000061035156,74.36000061035156,73.5,73.62000274658203,45.17048263549805,2164800
2014-05-22,VNQ,73.69000244140625,73.9000015258789,73.44999694824219,73.48999786376953,45.09071731567383,1820600
2014-05-23,VNQ,73.48999786376953,74.16999816894531,73.48999786376953,74.13999938964844,45.48952102661133,1418000
2014-05-27,VNQ,74.33999633789062,74.70999908447266,74.18000030517578,74.66999816894531,45.81471252441406,2713200
2014-05-28,VNQ,74.4000015258789,74.43000030517578,73.76000213623047,74.19999694824219,45.52634048461914,2363100
2014-05-29,VNQ,74.30000305175781,74.4000015258789,74.01000213623047,74.3499984741211,45.61838912963867,2379800
2014-05-30,VNQ,74.27999877929688,74.77999877929688,74.22000122070312,74.69000244140625,45.826995849609375,3281400
2014-06-02,VNQ,74.91999816894531,75.11000061035156,74.55999755859375,74.91999816894531,45.968109130859375,3096500
2014-06-03,VNQ,74.91000366210938,74.97000122070312,74.62000274658203,74.87999725341797,45.94356155395508,1828800
2014-06-04,VNQ,74.88999938964844,75.19000244140625,74.62999725341797,75.02999877929688,46.03561019897461,1910500
2014-06-05,VNQ,75.19999694824219,76.44000244140625,74.91000366210938,76.41000366210938,46.882320404052734,4992400
2014-06-06,VNQ,76.7699966430664,76.7699966430664,75.94999694824219,76.08999633789062,46.685977935791016,9927200
2014-06-09,VNQ,76.16999816894531,76.33999633789062,75.02999877929688,75.16999816894531,46.12150955200195,2468000
2014-06-10,VNQ,75.11000061035156,75.19000244140625,74.33999633789062,74.61000061035156,45.77790069580078,2614700
2014-06-11,VNQ,74.30999755859375,74.7300033569336,74.04000091552734,74.41000366210938,45.655216217041016,2365800
2014-06-12,VNQ,74.4000015258789,74.45999908447266,73.6500015258789,74.22000122070312,45.538612365722656,2249600
2014-06-13,VNQ,74.22000122070312,74.52999877929688,73.7300033569336,74.41000366210938,45.655216217041016,1853100
2014-06-16,VNQ,74.3499984741211,74.66000366210938,73.91999816894531,74.02999877929688,45.42204284667969,2643400
2014-06-17,VNQ,73.9800033569336,74.30000305175781,73.69999694824219,74.22000122070312,45.538612365722656,1942400
2014-06-18,VNQ,74.2300033569336,74.91000366210938,73.91999816894531,74.73999786376953,45.857669830322266,2734500
2014-06-19,VNQ,74.94000244140625,75.36000061035156,74.69999694824219,75.36000061035156,46.23808670043945,2555800
2014-06-20,VNQ,75.36000061035156,75.66000366210938,74.94999694824219,75.62000274658203,46.39759826660156,2133100
2014-06-23,VNQ,75.58999633789062,75.91000366210938,75.30000305175781,75.30999755859375,46.20740509033203,4780100
2014-06-24,VNQ,74.62000274658203,74.91000366210938,74.43000030517578,74.66999816894531,46.241455078125,3286300
2014-06-25,VNQ,74.58999633789062,74.77999877929688,74.33000183105469,74.5199966430664,46.1485710144043,3838900
2014-06-26,VNQ,74.55999755859375,74.58999633789062,74.2300033569336,74.44999694824219,46.105224609375,2612600
2014-06-27,VNQ,74.33999633789062,75.02999877929688,74.27999877929688,75.0199966430664,46.45820617675781,2013100
2014-06-30,VNQ,75.06999969482422,75.08000183105469,74.33999633789062,74.83999633789062,46.34673309326172,4124700
2014-07-01,VNQ,74.88999938964844,75.44000244140625,74.62999725341797,75.23999786376953,46.594444274902344,3025500
2014-07-02,VNQ,75.23999786376953,75.23999786376953,74.62999725341797,75.05999755859375,46.48298263549805,2935000
2014-07-03,VNQ,74.79000091552734,74.87999725341797,74.30999755859375,74.62999725341797,46.21670150756836,2878500
2014-07-07,VNQ,74.51000213623047,74.97000122070312,74.51000213623047,74.8499984741211,46.35293960571289,2436200
2014-07-08,VNQ,74.62000274658203,75.31999969482422,74.62000274658203,75.06999969482422,46.48917770385742,3175000
2014-07-09,VNQ,75.16999816894531,75.30999755859375,74.66000366210938,75.19000244140625,46.56348419189453,2534800
2014-07-10,VNQ,74.80999755859375,75.69999694824219,74.72000122070312,75.52999877929688,46.774044036865234,3409400
2014-07-11,VNQ,75.5,75.62999725341797,75.16999816894531,75.54000091552734,46.78023910522461,2629400
2014-07-14,VNQ,75.72000122070312,75.9800033569336,75.4000015258789,75.91000366210938,47.009376525878906,1907000
2014-07-15,VNQ,75.95999908447266,76.0999984741211,75.56999969482422,75.95999908447266,47.04032516479492,2907800
2014-07-16,VNQ,76.12000274658203,76.2699966430664,75.73999786376953,76.19999694824219,47.188941955566406,2204200
2014-07-17,VNQ,76.05999755859375,76.18000030517578,75.69999694824219,75.80999755859375,46.94744873046875,2930400
2014-07-18,VNQ,75.8499984741211,76.58000183105469,75.80000305175781,76.55999755859375,47.41189193725586,2042200
2014-07-21,VNQ,76.36000061035156,76.41999816894531,76.05000305175781,76.27999877929688,47.23851013183594,2612300
2014-07-22,VNQ,76.41000366210938,76.75,76.41000366210938,76.5199966430664,47.38713455200195,2536100
2014-07-23,VNQ,76.61000061035156,76.7699966430664,76.41000366210938,76.66000366210938,47.473812103271484,1972200
2014-07-24,VNQ,76.8499984741211,76.87999725341797,76.37999725341797,76.55999755859375,47.41189193725586,2035000
2014-07-25,VNQ,76.66000366210938,76.66000366210938,76.0,76.02999877929688,47.08367919921875,4739600
2014-07-28,VNQ,76.1500015258789,76.76000213623047,76.0999984741211,76.55999755859375,47.41189193725586,2155500
2014-07-29,VNQ,76.69999694824219,76.73999786376953,76.08999633789062,76.19000244140625,47.18277359008789,1898000
2014-07-30,VNQ,76.16999816894531,76.4800033569336,75.66999816894531,76.02999877929688,47.08367919921875,3117400
2014-07-31,VNQ,75.6500015258789,75.91999816894531,74.9000015258789,74.9000015258789,46.38389587402344,3195700
2014-08-01,VNQ,74.88999938964844,75.4000015258789,74.72000122070312,74.72000122070312,46.27241897583008,3394800
2014-08-04,VNQ,74.91999816894531,75.41000366210938,74.38999938964844,75.23999786376953,46.594444274902344,2458400
2014-08-05,VNQ,74.94999694824219,75.19999694824219,74.30999755859375,74.47000122070312,46.11759948730469,2968400
2014-08-06,VNQ,74.26000213623047,74.79000091552734,74.0,74.44000244140625,46.09904098510742,1930600
2014-08-07,VNQ,74.66999816894531,74.87999725341797,74.31999969482422,74.4800033569336,46.12380599975586,2299300
2014-08-08,VNQ,74.5999984741211,74.97000122070312,74.33000183105469,74.91999816894531,46.39626693725586,2574200
2014-08-11,VNQ,75.12000274658203,75.61000061035156,75.0,75.38999938964844,46.68735122680664,2307300
2014-08-12,VNQ,75.37000274658203,75.61000061035156,75.12999725341797,75.2699966430664,46.6130256652832,1510400
2014-08-13,VNQ,75.41000366210938,76.38999938964844,75.41000366210938,76.36000061035156,47.28804397583008,1847200
2014-08-14,VNQ,76.5,76.63999938964844,76.1500015258789,76.30999755859375,47.2570686340332,2020500
2014-08-15,VNQ,76.55000305175781,76.72000122070312,75.94999694824219,76.2300033569336,47.20753860473633,2972400
2014-08-18,VNQ,76.41000366210938,76.98999786376953,76.41000366210938,76.9800033569336,47.67200469970703,2328200
2014-08-19,VNQ,77.1500015258789,77.33000183105469,76.87999725341797,77.13999938964844,47.77108383178711,1893300
2014-08-20,VNQ,77.1500015258789,77.61000061035156,76.72000122070312,77.48999786376953,47.987823486328125,2361100
2014-08-21,VNQ,77.55000305175781,77.83999633789062,77.31999969482422,77.37000274658203,47.913516998291016,2436900
2014-08-22,VNQ,77.33999633789062,77.37000274658203,76.48999786376953,76.75,47.52958679199219,2568700
2014-08-25,VNQ,77.12999725341797,77.19999694824219,76.30999755859375,76.58000183105469,47.424278259277344,1913700
2014-08-26,VNQ,76.62000274658203,76.94000244140625,76.5999984741211,76.7300033569336,47.51717758178711,1762400
2014-08-27,VNQ,76.81999969482422,77.0,76.58999633789062,76.77999877929688,47.54814147949219,1527300
2014-08-28,VNQ,76.72000122070312,76.93000030517578,76.5,76.7699966430664,47.541934967041016,2491900
2014-08-29,VNQ,76.87000274658203,77.18000030517578,76.70999908447266,77.18000030517578,47.79584884643555,1857400
2014-09-02,VNQ,77.05000305175781,77.33000183105469,76.9800033569336,77.19000244140625,47.80204772949219,2356800
2014-09-03,VNQ,77.3499984741211,77.48999786376953,77.11000061035156,77.38999938964844,47.9258918762207,2254000
2014-09-04,VNQ,77.38999938964844,77.61000061035156,76.86000061035156,77.0999984741211,47.74630355834961,2032500
2014-09-05,VNQ,77.2300033569336,77.94999694824219,77.12999725341797,77.91999816894531,48.254119873046875,2285600
2014-09-08,VNQ,77.86000061035156,78.08000183105469,77.61000061035156,77.83999633789062,48.20458221435547,3472300
2014-09-09,VNQ,77.83999633789062,77.83999633789062,77.22000122070312,77.36000061035156,47.907310485839844,2389600
2014-09-10,VNQ,77.25,77.25,76.08000183105469,76.13999938964844,47.15180587768555,3369300
2014-09-11,VNQ,76.05999755859375,76.43000030517578,75.8499984741211,76.19999694824219,47.188941955566406,3158100
2014-09-12,VNQ,75.8499984741211,75.87000274658203,73.44999694824219,73.86000061035156,45.73984909057617,5664200
2014-09-15,VNQ,73.83000183105469,74.19999694824219,73.23999786376953,73.5,45.51692581176758,4031200
2014-09-16,VNQ,73.52999877929688,74.44000244140625,73.5,74.22000122070312,45.96280288696289,3866000
2014-09-17,VNQ,74.44999694824219,74.8499984741211,74.0999984741211,74.19999694824219,45.95040512084961,3340200
2014-09-18,VNQ,74.29000091552734,74.4000015258789,73.51000213623047,73.55000305175781,45.54786682128906,3321000
2014-09-19,VNQ,73.55000305175781,73.95999908447266,73.38999938964844,73.63999938964844,45.60360336303711,3465500
2014-09-22,VNQ,73.55000305175781,73.5999984741211,73.05999755859375,73.05999755859375,45.24441909790039,2511100
2014-09-23,VNQ,73.02999877929688,73.3499984741211,72.5,72.52999877929688,44.91621017456055,5408600
2014-09-24,VNQ,71.8499984741211,72.52999877929688,71.52999877929688,71.66999816894531,44.796180725097656,4459300
2014-09-25,VNQ,71.70999908447266,71.80999755859375,71.08999633789062,71.3499984741211,44.59619903564453,5149900
2014-09-26,VNQ,71.23999786376953,72.37999725341797,71.12000274658203,72.30999755859375,45.19622802734375,3992400
2014-09-29,VNQ,71.87999725341797,72.26000213623047,71.4800033569336,72.20999908447266,45.13371276855469,3798600
2014-09-30,VNQ,72.23999786376953,72.41000366210938,71.68000030517578,71.8499984741211,44.9087028503418,4720400
2014-10-01,VNQ,71.5999984741211,72.38999938964844,71.5999984741211,71.91000366210938,44.94621276855469,6004400
2014-10-02,VNQ,71.8499984741211,72.2699966430664,71.31999969482422,71.79000091552734,44.87120056152344,4035000
2014-10-03,VNQ,72.08999633789062,72.41999816894531,71.66999816894531,72.23999786376953,45.15245819091797,3338400
2014-10-06,VNQ,72.43000030517578,72.83999633789062,72.25,72.43000030517578,45.27122497558594,2874400
2014-10-07,VNQ,72.29000091552734,72.63999938964844,71.8499984741211,71.86000061035156,44.91496658325195,2711000
2014-10-08,VNQ,72.04000091552734,73.45999908447266,71.98999786376953,73.41999816894531,45.88999938964844,4952700
2014-10-09,VNQ,73.3499984741211,74.29000091552734,73.30000305175781,73.41999816894531,45.88999938964844,4812800
2014-10-10,VNQ,73.52999877929688,74.4000015258789,73.47000122070312,73.48999786376953,45.93375015258789,4856500
2014-10-13,VNQ,73.80000305175781,74.30999755859375,73.5,73.55999755859375,45.977516174316406,4322300
2014-10-14,VNQ,73.87000274658203,75.26000213623047,73.7699966430664,74.75,46.72130584716797,4833400
2014-10-15,VNQ,74.48999786376953,75.05999755859375,73.77999877929688,74.45999908447266,46.5400390625,6098400
2014-10-16,VNQ,73.48999786376953,74.79000091552734,73.48999786376953,74.58000183105469,46.615047454833984,4380100
2014-10-17,VNQ,75.16999816894531,75.26000213623047,74.05000305175781,74.66999816894531,46.67129898071289,3592900
2014-10-20,VNQ,74.80000305175781,75.83000183105469,74.69000244140625,75.80999755859375,47.383853912353516,3538000
2014-10-21,VNQ,76.05000305175781,76.54000091552734,75.62000274658203,76.5,47.81512451171875,3590600
2014-10-22,VNQ,76.55000305175781,77.0199966430664,76.38999938964844,76.5199966430664,47.8276252746582,3685100
2014-10-23,VNQ,76.97000122070312,77.27999877929688,76.58000183105469,77.11000061035156,48.196380615234375,4636200
2014-10-24,VNQ,77.16999816894531,77.44999694824219,76.61000061035156,77.05000305175781,48.15888214111328,3367300
2014-10-27,VNQ,77.01000213623047,77.6500015258789,76.94999694824219,77.62000274658203,48.515159606933594,3241900
2014-10-28,VNQ,77.4000015258789,77.95999908447266,77.31999969482422,77.95999908447266,48.72767639160156,2537300
2014-10-29,VNQ,77.83000183105469,77.87999725341797,76.8499984741211,77.5199966430664,48.452640533447266,3652200
2014-10-30,VNQ,77.41999816894531,78.01000213623047,77.12999725341797,78.01000213623047,48.75891876220703,2619400
2014-10-31,VNQ,78.38999938964844,79.05000305175781,78.30000305175781,78.98999786376953,49.371456146240234,5992000
2014-11-03,VNQ,79.02999877929688,79.68000030517578,78.87000274658203,79.68000030517578,49.80272674560547,5130100
2014-11-04,VNQ,79.66000366210938,79.81999969482422,79.0,79.80999755859375,49.88399124145508,2749400
2014-11-05,VNQ,79.9800033569336,80.18000030517578,79.18000030517578,79.63999938964844,49.77772903442383,2257200
2014-11-06,VNQ,79.61000061035156,79.91000366210938,78.9000015258789,79.02999877929688,49.39645004272461,3025000
2014-11-07,VNQ,79.11000061035156,79.30999755859375,78.55000305175781,78.93000030517578,49.333953857421875,3680900
2014-11-10,VNQ,78.75,79.62000274658203,78.68000030517578,79.58000183105469,49.74022674560547,2141300
2014-11-11,VNQ,79.55000305175781,79.63999938964844,78.91999816894531,79.2699966430664,49.54644012451172,2158300
2014-11-12,VNQ,79.30000305175781,79.3499984741211,78.54000091552734,78.66999816894531,49.17144775390625,3648500
2014-11-13,VNQ,78.83000183105469,79.29000091552734,78.7300033569336,79.0999984741211,49.44020080566406,4038700
2014-11-14,VNQ,79.0999984741211,79.23999786376953,78.29000091552734,78.44999694824219,49.0339469909668,3117900
2014-11-17,VNQ,78.3499984741211,78.93000030517578,78.3499984741211,78.80000305175781,49.252689361572266,2501400
2014-11-18,VNQ,78.80999755859375,79.25,78.66000366210938,79.13999938964844,49.4651985168457,2609900
2014-11-19,VNQ,78.91999816894531,79.16999816894531,78.41999816894531,78.43000030517578,49.02142333984375,2985900
2014-11-20,VNQ,78.37000274658203,78.79000091552734,78.05999755859375,78.69000244140625,49.183929443359375,3400800
2014-11-21,VNQ,79.29000091552734,79.37999725341797,78.95999908447266,79.18000030517578,49.490211486816406,2827500
2014-11-24,VNQ,79.33999633789062,79.72000122070312,79.29000091552734,79.45999908447266,49.66522216796875,3367400
2014-11-25,VNQ,79.62999725341797,79.77999877929688,79.30999755859375,79.5999984741211,49.752716064453125,4664900
2014-11-26,VNQ,79.6500015258789,80.44000244140625,79.6500015258789,80.37000274658203,50.23400115966797,2303900
2014-11-28,VNQ,80.56999969482422,81.44000244140625,80.4000015258789,80.56999969482422,50.3589973449707,2225200
2014-12-01,VNQ,80.5,81.05999755859375,80.2699966430664,80.37000274658203,50.23400115966797,5767100
2014-12-02,VNQ,80.36000061035156,80.95999908447266,79.86000061035156,80.87000274658203,50.5465087890625,3641400
2014-12-03,VNQ,80.88999938964844,80.9800033569336,80.55000305175781,80.79000091552734,50.496498107910156,3620900
2014-12-04,VNQ,80.7699966430664,81.11000061035156,80.37000274658203,81.0,50.627769470214844,3367000
2014-12-05,VNQ,80.81999969482422,80.81999969482422,79.95999908447266,80.58999633789062,50.37150573730469,4100400
2014-12-08,VNQ,80.44999694824219,82.37999725341797,80.44000244140625,81.0999984741211,50.690269470214844,2651600
2014-12-09,VNQ,80.30000305175781,81.63999938964844,80.22000122070312,81.47000122070312,50.92153549194336,3905800
2014-12-10,VNQ,81.26000213623047,81.66000366210938,81.05000305175781,81.38999938964844,50.87152862548828,3634400
2014-12-11,VNQ,81.37999725341797,81.87000274658203,81.27999877929688,81.54000091552734,50.965293884277344,2845100
2014-12-12,VNQ,81.36000061035156,81.79000091552734,80.80000305175781,80.83000183105469,50.52149963378906,3903500
2014-12-15,VNQ,81.27999877929688,81.29000091552734,79.62999725341797,79.77999877929688,49.86522674560547,5900900
2014-12-16,VNQ,79.77999877929688,80.38999938964844,79.16999816894531,79.66999816894531,49.796478271484375,7097800
2014-12-17,VNQ,79.79000091552734,81.54000091552734,79.77999877929688,81.5,50.940277099609375,7227900
2014-12-18,VNQ,82.06999969482422,82.16000366210938,81.43000030517578,82.06999969482422,51.296539306640625,6041800
2014-12-19,VNQ,82.23999786376953,82.44000244140625,81.80000305175781,82.02999877929688,51.27155303955078,5490300
2014-12-22,VNQ,81.1500015258789,82.33999633789062,81.11000061035156,82.27999877929688,52.12874221801758,3600200
2014-12-23,VNQ,82.56999969482422,82.62999725341797,81.83000183105469,82.05000305175781,51.983036041259766,4804100
2014-12-24,VNQ,82.26000213623047,82.41000366210938,81.62000274658203,81.70999908447266,51.76762008666992,1306900
2014-12-26,VNQ,82.12000274658203,82.25,81.72000122070312,82.0,51.951351165771484,2907700
2014-12-29,VNQ,81.9000015258789,82.7699966430664,81.80000305175781,82.44999694824219,52.23646926879883,2789100
2014-12-30,VNQ,82.44000244140625,82.87999725341797,82.19000244140625,82.38999938964844,52.19844055175781,3292600
2014-12-31,VNQ,82.7699966430664,83.08999633789062,80.91999816894531,81.0,51.31781005859375,4494500
2015-01-02,VNQ,81.69999694824219,82.29000091552734,81.33999633789062,82.22000122070312,52.090763092041016,5570500
2015-01-05,VNQ,82.0,82.87999725341797,81.75,82.66999816894531,52.37583541870117,6073700
2015-01-06,VNQ,82.75,83.75,82.75,83.48999786376953,52.895355224609375,7577100
2015-01-07,VNQ,83.80999755859375,84.88999938964844,83.37000274658203,84.7699966430664,53.706295013427734,6920700
2015-01-08,VNQ,85.3499984741211,85.36000061035156,84.41000366210938,85.08999633789062,53.90901184082031,5255000
2015-01-09,VNQ,85.08999633789062,85.5199966430664,84.55999755859375,85.12999725341797,53.93437194824219,4643900
2015-01-12,VNQ,85.33999633789062,85.87000274658203,85.18000030517578,85.77999877929688,54.34619140625,5131800
2015-01-13,VNQ,86.08000183105469,86.33000183105469,85.19999694824219,85.6500015258789,54.263824462890625,5859600
2015-01-14,VNQ,85.5999984741211,86.43000030517578,85.1500015258789,86.38999938964844,54.73265075683594,6249100
2015-01-15,VNQ,86.56999969482422,86.80999755859375,86.04000091552734,86.58999633789062,54.859375,5004100
2015-01-16,VNQ,86.58999633789062,87.44999694824219,86.27999877929688,87.33999633789062,55.334537506103516,4717000
2015-01-20,VNQ,87.7300033569336,87.8499984741211,86.44999694824219,86.6500015258789,54.89738464355469,5012700
2015-01-21,VNQ,86.69000244140625,86.69000244140625,86.18000030517578,86.58999633789062,54.859375,4354500
2015-01-22,VNQ,86.93000030517578,88.22000122070312,86.70999908447266,88.12999725341797,55.83505630493164,4450600
2015-01-23,VNQ,88.11000061035156,88.3499984741211,87.68000030517578,87.87999725341797,55.67665100097656,3491800
2015-01-26,VNQ,88.0,88.69000244140625,87.63999938964844,88.62000274658203,56.14547348022461,2885100
2015-01-27,VNQ,88.4000015258789,89.0,88.30000305175781,88.6500015258789,56.16450119018555,3209400
2015-01-28,VNQ,88.83000183105469,89.2699966430664,88.05999755859375,88.05999755859375,55.79070281982422,3948900
2015-01-29,VNQ,88.45999908447266,88.45999908447266,87.45999908447266,88.37000274658203,55.987091064453125,3337500
2015-01-30,VNQ,88.20999908447266,88.25,86.54000091552734,86.55000305175781,54.83402633666992,4969800
2015-02-02,VNQ,86.52999877929688,86.69000244140625,84.69000244140625,86.31999969482422,54.68830871582031,7523600
2015-02-03,VNQ,86.33000183105469,87.0999984741211,85.66000366210938,87.06999969482422,55.16346740722656,4617400
2015-02-04,VNQ,86.87000274658203,87.08999633789062,86.20999908447266,86.70999908447266,54.935394287109375,3332800
2015-02-05,VNQ,86.91999816894531,87.79000091552734,86.66999816894531,87.75,55.59429168701172,2921600
2015-02-06,VNQ,87.54000091552734,87.66000366210938,84.83000183105469,85.19999694824219,53.97872543334961,6323300
2015-02-09,VNQ,85.12000274658203,85.61000061035156,84.58000183105469,84.5999984741211,53.59861755371094,4235700
2015-02-10,VNQ,84.75,85.05999755859375,83.8499984741211,84.87000274658203,53.769657135009766,6144500
2015-02-11,VNQ,85.04000091552734,85.31999969482422,84.04000091552734,84.62000274658203,53.61125564575195,4027100
2015-02-12,VNQ,84.81999969482422,85.72000122070312,84.5199966430664,85.62999725341797,54.25114822387695,4523100
2015-02-13,VNQ,85.9000015258789,85.94000244140625,84.55999755859375,85.05999755859375,53.890018463134766,3444500
2015-02-17,VNQ,85.0,85.86000061035156,84.6500015258789,84.8499984741211,53.756980895996094,6414800
2015-02-18,VNQ,84.83999633789062,85.75,84.22000122070312,85.63999938964844,54.25748062133789,5487900
2015-02-19,VNQ,85.69000244140625,85.69000244140625,83.61000061035156,83.80000305175781,53.09175491333008,5415600
2015-02-20,VNQ,83.81999969482422,84.73999786376953,83.69000244140625,84.61000061035156,53.60493087768555,4982700
2015-02-23,VNQ,84.62000274658203,85.33000183105469,84.55000305175781,85.29000091552734,54.035736083984375,3883800
2015-02-24,VNQ,85.1500015258789,85.1500015258789,83.25,83.61000061035156,52.97140121459961,6027700
2015-02-25,VNQ,83.69999694824219,84.52999877929688,83.52999877929688,83.62999725341797,52.98404312133789,6699700
2015-02-26,VNQ,83.62000274658203,83.66000366210938,82.52999877929688,82.72000122070312,52.40752410888672,4738700
2015-02-27,VNQ,82.9800033569336,83.58000183105469,82.43000030517578,83.37000274658203,52.81932830810547,4328200
2015-03-02,VNQ,83.58000183105469,84.7699966430664,83.45999908447266,83.8499984741211,53.123443603515625,5353500
2015-03-03,VNQ,83.73999786376953,83.93000030517578,82.97000122070312,83.69000244140625,53.02206802368164,4311400
2015-03-04,VNQ,83.69000244140625,83.80000305175781,82.69999694824219,82.88999938964844,52.515235900878906,3054200
2015-03-05,VNQ,83.0999984741211,83.94999694824219,83.05000305175781,83.12999725341797,52.66727066040039,3503900
2015-03-06,VNQ,82.05999755859375,82.08999633789062,80.22000122070312,80.37000274658203,50.91866683959961,7166500
2015-03-09,VNQ,80.6500015258789,81.19000244140625,80.6500015258789,81.01000213623047,51.324134826660156,6548000
2015-03-10,VNQ,80.7699966430664,81.33000183105469,80.6500015258789,80.94999694824219,51.286128997802734,5985700
2015-03-11,VNQ,81.05000305175781,81.29000091552734,80.70999908447266,81.0199966430664,51.33049011230469,2833100
2015-03-12,VNQ,81.31999969482422,82.54000091552734,81.29000091552734,82.43000030517578,52.22377014160156,4013200
2015-03-13,VNQ,82.41999816894531,82.61000061035156,81.83000183105469,82.37999725341797,52.192100524902344,2863500
2015-03-16,VNQ,82.83999633789062,83.72000122070312,82.62000274658203,83.2300033569336,52.730621337890625,2761500
2015-03-17,VNQ,83.06999969482422,83.58000183105469,82.70999908447266,83.19999694824219,52.71161651611328,3764800
2015-03-18,VNQ,83.20999908447266,85.18000030517578,82.7300033569336,84.94000244140625,53.81401062011719,5781800
2015-03-19,VNQ,84.81999969482422,85.41000366210938,84.55000305175781,84.9000015258789,53.788673400878906,5663200
2015-03-20,VNQ,85.4000015258789,87.11000061035156,85.11000061035156,87.02999877929688,55.13812255859375,6004800
2015-03-23,VNQ,87.02999877929688,87.61000061035156,86.73999786376953,86.91999816894531,55.06844711303711,3644100
2015-03-24,VNQ,86.86000061035156,86.88999938964844,86.16000366210938,86.18000030517578,54.59962463378906,5828800
2015-03-25,VNQ,85.88999938964844,86.08000183105469,83.94999694824219,84.19000244140625,53.657630920410156,5391800
2015-03-26,VNQ,83.9800033569336,84.1500015258789,83.37000274658203,83.75,53.377197265625,5638200
2015-03-27,VNQ,83.81999969482422,84.22000122070312,83.5199966430664,83.86000061035156,53.447288513183594,2330600
2015-03-30,VNQ,84.22000122070312,85.13999938964844,84.01000213623047,85.05999755859375,54.212100982666016,4149800
2015-03-31,VNQ,84.68000030517578,85.27999877929688,84.06999969482422,84.30999755859375,53.734100341796875,2982800
2015-04-01,VNQ,84.37000274658203,84.6500015258789,83.52999877929688,84.19000244140625,53.657630920410156,6666100
2015-04-02,VNQ,84.33999633789062,85.13999938964844,84.13999938964844,84.83000183105469,54.065521240234375,3905900
2015-04-06,VNQ,85.11000061035156,86.0,84.9800033569336,85.70999908447266,54.626373291015625,4398100
2015-04-07,VNQ,85.69000244140625,85.80999755859375,84.19999694824219,84.19999694824219,53.66400909423828,3039000
2015-04-08,VNQ,84.47000122070312,84.56999969482422,84.08999633789062,84.33000183105469,53.74686050415039,2630300
2015-04-09,VNQ,84.19000244140625,84.19000244140625,82.37999725341797,82.58000183105469,52.631500244140625,5098700
2015-04-10,VNQ,83.01000213623047,83.48999786376953,82.27999877929688,82.5199966430664,52.5932502746582,3651600
2015-04-13,VNQ,82.48999786376953,82.81999969482422,82.27999877929688,82.30000305175781,52.45305633544922,2348700
2015-04-14,VNQ,82.4800033569336,83.0,82.4000015258789,82.58999633789062,52.63788986206055,3662600
2015-04-15,VNQ,82.91999816894531,82.93000030517578,81.91999816894531,81.97000122070312,52.24272155761719,3514000
2015-04-16,VNQ,81.81999969482422,82.52999877929688,81.43000030517578,82.18000030517578,52.37656021118164,3395400
2015-04-17,VNQ,81.86000061035156,82.27999877929688,81.23999786376953,81.80000305175781,52.1343879699707,5055300
2015-04-20,VNQ,82.12999725341797,82.38999938964844,81.66000366210938,81.91999816894531,52.21086502075195,3191200
2015-04-21,VNQ,82.13999938964844,82.58000183105469,81.83000183105469,82.05999755859375,52.300086975097656,3830400
2015-04-22,VNQ,82.08000183105469,82.66000366210938,82.01000213623047,82.2300033569336,52.4084358215332,3852800
2015-04-23,VNQ,82.22000122070312,82.62999725341797,82.05000305175781,82.44999694824219,52.54865264892578,2266200
2015-04-24,VNQ,82.54000091552734,83.0999984741211,82.25,82.62000274658203,52.65699768066406,2291700
2015-04-27,VNQ,82.69000244140625,83.30999755859375,82.31999969482422,82.51000213623047,52.5869026184082,2973300
2015-04-28,VNQ,82.43000030517578,82.62000274658203,81.81999969482422,82.3499984741211,52.48490524291992,3423400
2015-04-29,VNQ,81.55999755859375,81.95999908447266,80.4800033569336,80.69000244140625,51.426944732666016,3149400
2015-04-30,VNQ,80.37000274658203,80.47000122070312,78.88999938964844,79.37999725341797,50.59202194213867,8753800
2015-05-01,VNQ,79.47000122070312,80.52999877929688,79.30999755859375,79.9800033569336,50.97443771362305,5902600
2015-05-04,VNQ,80.23999786376953,80.80000305175781,79.94000244140625,80.05999755859375,51.02541732788086,4563700
2015-05-05,VNQ,80.0199966430664,80.0199966430664,78.19000244140625,78.31999969482422,49.91642379760742,6407200
2015-05-06,VNQ,78.3499984741211,78.54000091552734,77.72000122070312,78.16999816894531,49.820838928222656,6480100
2015-05-07,VNQ,78.27999877929688,79.68000030517578,78.20999908447266,79.37000274658203,50.58563232421875,6360600
2015-05-08,VNQ,80.1500015258789,81.56999969482422,80.12000274658203,80.4800033569336,51.293094635009766,5136500
2015-05-11,VNQ,80.16999816894531,80.70999908447266,79.02999877929688,79.2699966430664,50.52189254760742,3080600
2015-05-12,VNQ,78.68000030517578,79.76000213623047,78.12000274658203,79.51000213623047,50.67487716674805,4739300
2015-05-13,VNQ,80.0,80.3499984741211,78.58999633789062,78.75,50.19049835205078,6222300
2015-05-14,VNQ,79.19000244140625,80.30999755859375,78.98999786376953,80.2699966430664,51.159236907958984,4905400
2015-05-15,VNQ,80.5999984741211,81.33000183105469,80.41000366210938,81.08999633789062,51.681861877441406,4390600
2015-05-18,VNQ,80.81999969482422,81.05999755859375,80.44000244140625,80.87999725341797,51.548030853271484,3450200
2015-05-19,VNQ,80.4800033569336,81.08000183105469,80.41000366210938,80.5999984741211,51.36958312988281,2784700
2015-05-20,VNQ,80.70999908447266,81.08000183105469,80.43000030517578,80.52999877929688,51.324954986572266,3427400
2015-05-21,VNQ,80.61000061035156,80.70999908447266,79.77999877929688,80.1500015258789,51.082767486572266,2667800
2015-05-22,VNQ,79.86000061035156,80.5999984741211,79.5999984741211,80.05000305175781,51.0190315246582,4067500
2015-05-26,VNQ,80.0,80.05000305175781,79.20999908447266,79.44000244140625,50.630252838134766,3041700
2015-05-27,VNQ,79.73999786376953,80.3499984741211,79.36000061035156,80.22000122070312,51.12738800048828,2978600
2015-05-28,VNQ,80.16999816894531,80.38999938964844,79.6500015258789,80.05999755859375,51.02541732788086,2772000
2015-05-29,VNQ,79.93000030517578,80.19999694824219,79.02999877929688,79.13999938964844,50.43904495239258,4786500
2015-06-01,VNQ,79.38999938964844,80.26000213623047,79.0199966430664,80.11000061035156,51.05727005004883,4464400
2015-06-02,VNQ,79.76000213623047,79.80000305175781,79.02999877929688,79.37000274658203,50.58563232421875,3313200
2015-06-03,VNQ,79.1500015258789,79.30999755859375,78.13999938964844,78.2300033569336,49.859073638916016,3886000
2015-06-04,VNQ,78.1500015258789,78.44000244140625,77.83000183105469,78.08000183105469,49.76347351074219,3710100
2015-06-05,VNQ,77.05000305175781,77.80000305175781,76.5,77.20999908447266,49.20900344848633,6141000
2015-06-08,VNQ,77.19999694824219,77.41000366210938,76.9000015258789,77.06999969482422,49.11977767944336,3347100
2015-06-09,VNQ,76.81999969482422,77.20999908447266,76.4000015258789,76.51000213623047,48.762847900390625,4604500
2015-06-10,VNQ,76.47000122070312,77.7300033569336,76.37999725341797,77.05000305175781,49.10700607299805,4332000
2015-06-11,VNQ,77.62000274658203,77.80999755859375,77.37000274658203,77.5199966430664,49.406558990478516,9411000
2015-06-12,VNQ,77.23999786376953,77.76000213623047,77.22000122070312,77.44999694824219,49.36195373535156,3125500
2015-06-15,VNQ,77.37999725341797,77.37999725341797,76.8499984741211,77.02999877929688,49.094268798828125,3565200
2015-06-16,VNQ,77.0999984741211,77.7699966430664,76.94000244140625,77.6500015258789,49.48941421508789,5474800
2015-06-17,VNQ,77.70999908447266,78.37000274658203,77.12000274658203,78.30999755859375,49.910072326660156,3922300
2015-06-18,VNQ,78.36000061035156,79.72000122070312,78.30999755859375,79.38999938964844,50.598411560058594,5616900
2015-06-19,VNQ,79.44000244140625,79.61000061035156,78.52999877929688,78.77999877929688,50.20960235595703,5986300
2015-06-22,VNQ,78.77999877929688,79.12999725341797,77.88999938964844,77.97000122070312,49.69336700439453,3898700
2015-06-23,VNQ,77.6500015258789,77.81999969482422,77.18000030517578,77.31999969482422,49.279090881347656,2933200
2015-06-24,VNQ,77.3499984741211,77.66000366210938,76.87000274658203,76.9000015258789,49.01140594482422,3900200
2015-06-25,VNQ,77.0,77.0,76.08999633789062,76.12000274658203,48.51427459716797,4820600
2015-06-26,VNQ,75.30000305175781,76.08999633789062,75.08999633789062,75.9000015258789,48.863224029541016,3789500
2015-06-29,VNQ,75.62000274658203,76.37999725341797,74.66999816894531,74.72000122070312,48.103553771972656,5112000
2015-06-30,VNQ,75.12999725341797,75.38999938964844,74.5,74.69000244140625,48.08424377441406,5855900
2015-07-01,VNQ,74.37999725341797,75.91999816894531,74.36000061035156,75.91999816894531,48.8760986328125,6318900
2015-07-02,VNQ,76.45999908447266,77.13999938964844,75.9800033569336,76.11000061035156,48.9984130859375,4303700
2015-07-06,VNQ,75.7300033569336,76.69000244140625,75.63999938964844,76.58999633789062,49.307437896728516,5116700
2015-07-07,VNQ,77.0,77.93000030517578,76.80999755859375,77.79000091552734,50.07997131347656,5921000
2015-07-08,VNQ,77.37000274658203,77.76000213623047,77.25,77.48999786376953,49.886837005615234,4941800
2015-07-09,VNQ,77.68000030517578,77.94000244140625,76.93000030517578,77.12000274658203,49.64862823486328,3312900
2015-07-10,VNQ,77.44000244140625,78.27999877929688,77.26000213623047,77.76000213623047,50.0606575012207,4774100
2015-07-13,VNQ,77.81999969482422,78.73999786376953,77.45999908447266,77.87000274658203,50.13148498535156,2887800
2015-07-14,VNQ,78.0,78.30000305175781,77.56999969482422,78.02999877929688,50.23447799682617,2422900
2015-07-15,VNQ,77.83000183105469,78.44000244140625,77.68000030517578,78.16000366210938,50.31816482543945,2238100
2015-07-16,VNQ,78.29000091552734,78.88999938964844,78.29000091552734,78.79000091552734,50.7237548828125,2494800
2015-07-17,VNQ,78.73999786376953,78.83000183105469,78.2699966430664,78.51000213623047,50.54349899291992,1803100
2015-07-20,VNQ,78.31999969482422,78.73999786376953,78.08000183105469,78.5999984741211,50.60144805908203,2164800
2015-07-21,VNQ,78.68000030517578,78.98999786376953,78.37000274658203,78.37999725341797,50.459800720214844,3540700
2015-07-22,VNQ,78.44999694824219,79.0,78.37000274658203,78.72000122070312,50.678688049316406,2883500
2015-07-23,VNQ,78.66999816894531,78.70999908447266,77.2699966430664,77.73999786376953,50.04777526855469,3188900
2015-07-24,VNQ,77.7699966430664,78.33000183105469,77.52999877929688,78.06999969482422,50.26021957397461,2800300
2015-07-27,VNQ,77.94000244140625,78.66000366210938,77.94000244140625,78.20999908447266,50.3503532409668,3003000
2015-07-28,VNQ,78.22000122070312,78.51000213623047,77.9800033569336,78.26000213623047,50.38254165649414,2674000
2015-07-29,VNQ,78.16999816894531,78.9000015258789,77.8499984741211,78.7699966430664,50.71089172363281,7988100
2015-07-30,VNQ,78.6500015258789,78.77999877929688,78.12000274658203,78.37999725341797,50.459800720214844,2932500
2015-07-31,VNQ,78.91999816894531,79.62999725341797,78.8499984741211,79.0,50.85894775390625,5490400
2015-08-03,VNQ,79.2699966430664,79.56999969482422,79.0,79.48999786376953,51.17439651489258,3766400
2015-08-04,VNQ,79.72000122070312,79.86000061035156,78.7300033569336,78.91000366210938,50.801025390625,4087300
2015-08-05,VNQ,79.0,79.1500015258789,78.08000183105469,78.38999938964844,50.466243743896484,3783100
2015-08-06,VNQ,78.45999908447266,78.55000305175781,77.19000244140625,78.5,50.53705978393555,3473300
2015-08-07,VNQ,78.37000274658203,78.9000015258789,77.80000305175781,78.79000091552734,50.7237548828125,3942600
2015-08-10,VNQ,79.0999984741211,79.16999816894531,78.18000030517578,78.54000091552734,50.56282043457031,2605100
2015-08-11,VNQ,78.33999633789062,79.38999938964844,78.25,79.05999755859375,50.897586822509766,4539900
2015-08-12,VNQ,78.77999877929688,79.33000183105469,78.36000061035156,79.30999755859375,51.05852127075195,3229200
2015-08-13,VNQ,79.12999725341797,79.7300033569336,78.47000122070312,79.4000015258789,51.11646270751953,2381900
2015-08-14,VNQ,79.16999816894531,79.86000061035156,78.87000274658203,79.83000183105469,51.3932991027832,2558200
2015-08-17,VNQ,79.91000366210938,80.56999969482422,79.48999786376953,80.51000213623047,51.8310661315918,2912600
2015-08-18,VNQ,80.47000122070312,80.83000183105469,80.23999786376953,80.7300033569336,51.97270202636719,2904800
2015-08-19,VNQ,80.51000213623047,80.62000274658203,79.7699966430664,80.25,51.66368103027344,2401000
2015-08-20,VNQ,79.86000061035156,80.26000213623047,79.41999816894531,79.66000366210938,51.283843994140625,3999800
2015-08-21,VNQ,79.26000213623047,79.55999755859375,78.18000030517578,78.18000030517578,50.33104705810547,4126300
2015-08-24,VNQ,75.5199966430664,77.06999969482422,72.25,74.5199966430664,47.97480392456055,10864500
2015-08-25,VNQ,75.5199966430664,76.0,72.45999908447266,72.47000122070312,46.655033111572266,9163900
2015-08-26,VNQ,73.19000244140625,74.62999725341797,72.86000061035156,74.43000030517578,47.9168586730957,5067500
2015-08-27,VNQ,75.12000274658203,76.47000122070312,74.4800033569336,75.87000274658203,48.84389877319336,5627400
2015-08-28,VNQ,75.81999969482422,75.9800033569336,75.22000122070312,75.76000213623047,48.77309036254883,3881100
2015-08-31,VNQ,75.58000183105469,75.75,74.02999877929688,74.02999877929688,47.65934371948242,6197200
2015-09-01,VNQ,73.29000091552734,73.66000366210938,72.0999984741211,72.62000274658203,46.75162124633789,7218400
2015-09-02,VNQ,73.08999633789062,73.62999725341797,72.72000122070312,73.37000274658203,47.23445510864258,5018500
2015-09-03,VNQ,73.62000274658203,74.11000061035156,73.4000015258789,73.56999969482422,47.36319351196289,3712600
2015-09-04,VNQ,73.12000274658203,73.12000274658203,71.66999816894531,72.19999694824219,46.48121643066406,4262900
2015-09-08,VNQ,72.83999633789062,73.48999786376953,72.61000061035156,73.29000091552734,47.18294906616211,3004500
2015-09-09,VNQ,73.87000274658203,74.13999938964844,72.33999633789062,72.44999694824219,46.642147064208984,3338100
2015-09-10,VNQ,72.33000183105469,73.37000274658203,72.25,72.61000061035156,46.74516296386719,4609500
2015-09-11,VNQ,72.5999984741211,74.0199966430664,72.48999786376953,74.0,47.64002227783203,3892500
2015-09-14,VNQ,74.11000061035156,74.25,73.81999969482422,74.04000091552734,47.66577911376953,3040500
2015-09-15,VNQ,74.06999969482422,74.93000030517578,73.56999969482422,74.7699966430664,48.1357421875,2737200
2015-09-16,VNQ,74.72000122070312,75.75,74.69000244140625,75.56999969482422,48.650760650634766,3318500
2015-09-17,VNQ,75.6500015258789,77.73999786376953,75.2699966430664,76.43000030517578,49.204429626464844,6337800
2015-09-18,VNQ,75.88999938964844,77.20999908447266,75.54000091552734,76.30000305175781,49.120731353759766,5798800
2015-09-21,VNQ,76.33999633789062,77.33999633789062,76.30000305175781,76.94999694824219,49.53919982910156,3176300
2015-09-22,VNQ,76.41000366210938,76.83000183105469,75.80999755859375,75.9800033569336,48.91472244262695,2963500
2015-09-23,VNQ,75.5,76.08000183105469,75.08999633789062,75.69999694824219,49.221622467041016,3708700
2015-09-24,VNQ,75.58999633789062,75.91000366210938,74.52999877929688,74.98999786376953,48.75997543334961,3707600
2015-09-25,VNQ,75.31999969482422,75.91999816894531,74.8499984741211,75.29000091552734,48.95503616333008,3330000
2015-09-28,VNQ,75.12000274658203,75.1500015258789,73.56999969482422,74.12000274658203,48.19428634643555,4094600
2015-09-29,VNQ,74.56999969482422,75.2300033569336,74.05000305175781,74.91000366210938,48.70796585083008,3784900
2015-09-30,VNQ,75.44999694824219,75.69000244140625,74.91000366210938,75.54000091552734,49.117618560791016,6237100
2015-10-01,VNQ,75.66000366210938,76.02999877929688,75.11000061035156,75.91000366210938,49.35818099975586,4105200
2015-10-02,VNQ,76.11000061035156,76.4800033569336,75.04000091552734,76.45999908447266,49.715782165527344,4602000
2015-10-05,VNQ,76.77999877929688,77.87999725341797,76.75,77.75,50.5545654296875,5176500
2015-10-06,VNQ,77.79000091552734,78.20999908447266,77.3499984741211,77.56999969482422,50.43752670288086,3570700
2015-10-07,VNQ,77.87999725341797,78.45999908447266,77.61000061035156,78.45999908447266,51.0162239074707,4211900
2015-10-08,VNQ,78.38999938964844,79.19000244140625,78.12999725341797,79.12000274658203,51.44538497924805,3953200
2015-10-09,VNQ,79.11000061035156,79.18000030517578,78.5999984741211,78.98999786376953,51.36084747314453,3102700
2015-10-12,VNQ,79.16000366210938,79.8499984741211,78.98999786376953,79.55000305175781,51.724971771240234,3216500
2015-10-13,VNQ,79.30000305175781,79.5999984741211,78.69999694824219,78.93000030517578,51.32184600830078,2362700
2015-10-14,VNQ,79.08999633789062,79.18000030517578,78.16999816894531,78.33999633789062,50.93819046020508,3349200
2015-10-15,VNQ,78.41999816894531,79.41000366210938,78.3499984741211,79.41000366210938,51.63395690917969,2533600
2015-10-16,VNQ,79.45999908447266,80.1500015258789,79.43000030517578,80.01000213623047,52.024070739746094,2875000
2015-10-19,VNQ,79.9800033569336,81.12999725341797,79.87000274658203,81.12999725341797,52.75231170654297,3146100
2015-10-20,VNQ,80.9800033569336,81.31999969482422,80.76000213623047,81.0999984741211,52.73282241821289,2781500
2015-10-21,VNQ,81.25,81.48999786376953,80.73999786376953,80.80000305175781,52.53776168823242,3460600
2015-10-22,VNQ,80.95999908447266,81.7699966430664,80.80999755859375,81.51000213623047,52.99940490722656,3504200
2015-10-23,VNQ,81.54000091552734,81.68000030517578,80.2300033569336,80.72000122070312,52.48573303222656,3421300
2015-10-26,VNQ,80.75,80.94000244140625,80.05000305175781,80.69999694824219,52.472713470458984,3280000
2015-10-27,VNQ,80.69000244140625,80.87999725341797,80.2699966430664,80.66999816894531,52.45320510864258,7135300
2015-10-28,VNQ,80.66999816894531,81.26000213623047,79.25,80.73999786376953,52.49873352050781,4576600
2015-10-29,VNQ,80.5,80.73999786376953,80.08999633789062,80.62999725341797,52.42720413208008,3283100
2015-10-30,VNQ,80.63999938964844,80.80999755859375,79.81999969482422,79.88999938964844,51.94605255126953,7057100
2015-11-02,VNQ,80.06999969482422,81.5999984741211,79.77999877929688,81.58999633789062,53.05141067504883,6869600
2015-11-03,VNQ,81.41000366210938,81.48999786376953,80.44999694824219,80.7699966430664,52.51824951171875,5285300
2015-11-04,VNQ,80.81999969482422,80.95999908447266,80.16999816894531,80.41000366210938,52.28416442871094,3165100
2015-11-05,VNQ,80.44000244140625,80.81999969482422,79.9800033569336,80.7300033569336,52.49223327636719,2804100
2015-11-06,VNQ,79.43000030517578,79.76000213623047,77.72000122070312,78.22000122070312,50.86018371582031,7070200
2015-11-09,VNQ,77.72000122070312,77.88999938964844,76.37999725341797,76.87999725341797,49.98888397216797,5919100
2015-11-10,VNQ,76.87000274658203,77.94000244140625,76.8499984741211,77.76000213623047,50.56110382080078,4688800
2015-11-11,VNQ,77.76000213623047,78.18000030517578,77.55999755859375,77.8499984741211,50.61960220336914,2228400
2015-11-12,VNQ,77.63999938964844,78.01000213623047,77.18000030517578,77.31999969482422,50.274986267089844,3212200
2015-11-13,VNQ,77.36000061035156,77.75,76.37999725341797,76.44000244140625,49.70277404785156,4250100
2015-11-16,VNQ,76.2699966430664,77.31999969482422,76.12000274658203,77.31999969482422,50.274986267089844,3117900
2015-11-17,VNQ,77.11000061035156,77.9800033569336,77.02999877929688,77.31999969482422,50.274986267089844,3845600
2015-11-18,VNQ,77.41000366210938,78.05000305175781,76.91999816894531,78.0,50.717140197753906,3429200
2015-11-19,VNQ,78.0999984741211,78.62999725341797,77.88999938964844,78.23999786376953,50.87319564819336,3628100
2015-11-20,VNQ,78.7300033569336,79.30999755859375,78.5,79.22000122070312,51.510398864746094,3964600
2015-11-23,VNQ,79.26000213623047,79.69000244140625,79.11000061035156,79.38999938964844,51.62094497680664,2370000
2015-11-24,VNQ,78.95999908447266,79.12999725341797,78.31999969482422,78.97000122070312,51.34783172607422,3498900
2015-11-25,VNQ,79.01000213623047,79.4800033569336,78.93000030517578,79.29000091552734,51.55593490600586,1959700
2015-11-27,VNQ,79.26000213623047,80.2300033569336,79.23999786376953,79.9800033569336,52.00458526611328,1348700
2015-11-30,VNQ,80.2699966430664,80.45999908447266,79.18000030517578,79.38999938964844,51.62094497680664,7609800
2015-12-01,VNQ,79.5,80.5199966430664,79.41999816894531,80.48999786376953,52.33617401123047,3847300
2015-12-02,VNQ,80.26000213623047,80.37000274658203,78.7300033569336,78.8499984741211,51.26981735229492,5713500
2015-12-03,VNQ,78.7300033569336,78.8499984741211,77.4000015258789,77.61000061035156,50.46355056762695,4737300
2015-12-04,VNQ,77.68000030517578,79.29000091552734,77.6500015258789,79.08999633789062,51.42587661743164,3434100
2015-12-07,VNQ,78.95999908447266,79.19000244140625,78.5199966430664,78.87000274658203,51.2828254699707,4195100
2015-12-08,VNQ,78.44000244140625,79.08999633789062,78.36000061035156,78.80000305175781,51.23729705810547,3638600
2015-12-09,VNQ,78.52999877929688,79.16000366210938,77.95999908447266,78.36000061035156,50.95121383666992,4218800
2015-12-10,VNQ,78.48999786376953,78.76000213623047,77.7300033569336,77.80000305175781,50.587100982666016,3465000
2015-12-11,VNQ,77.62000274658203,78.01000213623047,77.16999816894531,77.66000366210938,50.496070861816406,3420800
2015-12-14,VNQ,77.7699966430664,78.05999755859375,77.06999969482422,78.0199966430664,50.73012924194336,4775000
2015-12-15,VNQ,78.37000274658203,79.26000213623047,78.37000274658203,78.87000274658203,51.2828254699707,3449100
2015-12-16,VNQ,79.19999694824219,80.56999969482422,79.01000213623047,80.41000366210938,52.28416442871094,4699300
2015-12-17,VNQ,80.51000213623047,80.58999633789062,79.77999877929688,80.01000213623047,52.024070739746094,3726800
2015-12-18,VNQ,79.91999816894531,80.05000305175781,79.08000183105469,79.08000183105469,51.419376373291016,5724400
2015-12-21,VNQ,79.5,79.87000274658203,78.95999908447266,79.38999938964844,51.62094497680664,4455300
2015-12-22,VNQ,79.56999969482422,80.20999908447266,79.55999755859375,79.70999908447266,51.829010009765625,6484300
2015-12-23,VNQ,78.80000305175781,79.44000244140625,78.70999908447266,79.41999816894531,52.361732482910156,4029000
2015-12-24,VNQ,79.2699966430664,79.69000244140625,78.9800033569336,79.41999816894531,52.361732482910156,1426000
2015-12-28,VNQ,79.16000366210938,79.87000274658203,79.01000213623047,79.86000061035156,52.65180206298828,6628800
2015-12-29,VNQ,80.0,80.80000305175781,79.87000274658203,80.70999908447266,53.21223068237305,3499800
2015-12-30,VNQ,80.6500015258789,80.91000366210938,80.37000274658203,80.43000030517578,53.02763748168945,3114300
2015-12-31,VNQ,80.38999938964844,80.63999938964844,79.72000122070312,79.7300033569336,52.56610870361328,3292400
2016-01-04,VNQ,79.06999969482422,79.0999984741211,78.04000091552734,78.7699966430664,51.93315887451172,8843700
2016-01-05,VNQ,78.80000305175781,80.54000091552734,78.7300033569336,80.29000091552734,52.93531799316406,7114700
2016-01-06,VNQ,79.56999969482422,80.19000244140625,79.52999877929688,80.06999969482422,52.79026794433594,5481200
2016-01-07,VNQ,79.0999984741211,79.43000030517578,78.43000030517578,78.51000213623047,51.76176071166992,6297500
2016-01-08,VNQ,79.04000091552734,79.0999984741211,77.33000183105469,77.45999908447266,51.06949996948242,4628600
2016-01-11,VNQ,77.52999877929688,78.36000061035156,77.5,77.9000015258789,51.35958480834961,4956800
2016-01-12,VNQ,78.30999755859375,78.41000366210938,76.9800033569336,77.37999725341797,51.016746520996094,5951900
2016-01-13,VNQ,77.62999725341797,78.19999694824219,76.0999984741211,76.2699966430664,50.284915924072266,7679400
2016-01-14,VNQ,76.16999816894531,76.77999877929688,75.5199966430664,76.08999633789062,50.166236877441406,5167500
2016-01-15,VNQ,75.13999938964844,75.76000213623047,74.55000305175781,75.56999969482422,49.82340621948242,5571400
2016-01-19,VNQ,75.91999816894531,76.55999755859375,75.56999969482422,75.97000122070312,50.08713150024414,4978100
2016-01-20,VNQ,75.0999984741211,75.30000305175781,72.33000183105469,73.93000030517578,48.742156982421875,9091600
2016-01-21,VNQ,74.27999877929688,75.38999938964844,73.68000030517578,74.33999633789062,49.012451171875,6849300
2016-01-22,VNQ,75.05999755859375,76.69999694824219,74.94000244140625,76.41000366210938,50.37723922729492,4542700
2016-01-25,VNQ,76.25,77.06999969482422,75.7300033569336,75.93000030517578,50.060768127441406,4670100
2016-01-26,VNQ,76.27999877929688,77.55000305175781,76.12999725341797,77.5199966430664,51.10904312133789,5214000
2016-01-27,VNQ,77.41999816894531,77.41999816894531,75.54000091552734,76.0199966430664,50.12009811401367,4883200
2016-01-28,VNQ,76.45999908447266,76.73999786376953,75.1500015258789,75.44000244140625,49.737701416015625,5584400
2016-01-29,VNQ,75.9000015258789,77.06999969482422,75.33000183105469,76.98999786376953,50.75963592529297,11112200
2016-02-01,VNQ,76.5199966430664,77.7699966430664,76.2699966430664,77.12000274658203,50.8453254699707,6925300
2016-02-02,VNQ,76.75,77.0,75.98999786376953,76.41999816894531,50.383819580078125,6406000
2016-02-03,VNQ,76.80999755859375,77.2300033569336,75.9800033569336,76.93000030517578,50.72006607055664,5729100
2016-02-04,VNQ,76.87999725341797,77.38999938964844,76.18000030517578,76.97000122070312,50.74644470214844,4286700
2016-02-05,VNQ,76.80999755859375,76.80999755859375,75.44000244140625,75.51000213623047,49.783870697021484,4033800
2016-02-08,VNQ,75.0199966430664,75.12000274658203,72.19000244140625,73.3499984741211,48.35976028442383,5440900
2016-02-09,VNQ,72.61000061035156,72.80000305175781,71.44000244140625,72.0,47.469703674316406,8405600
2016-02-10,VNQ,72.47000122070312,73.4800033569336,72.18000030517578,72.5,47.799354553222656,3877700
2016-02-11,VNQ,71.4800033569336,71.94999694824219,70.88999938964844,71.47000122070312,47.120277404785156,4930700
2016-02-12,VNQ,72.12999725341797,72.48999786376953,71.55000305175781,72.29000091552734,47.66090774536133,5067000
2016-02-16,VNQ,72.8499984741211,73.69999694824219,72.51000213623047,73.62000274658203,48.53777313232422,3888900
2016-02-17,VNQ,73.69000244140625,75.08999633789062,73.69000244140625,74.25,48.95314407348633,3060900
2016-02-18,VNQ,74.41000366210938,75.19999694824219,73.94999694824219,75.0,49.44761276245117,3539700
2016-02-19,VNQ,74.73999786376953,75.75,74.48999786376953,75.43000030517578,49.731117248535156,2885500
2016-02-22,VNQ,76.02999877929688,76.70999908447266,76.0,76.1500015258789,50.205814361572266,2966500
2016-02-23,VNQ,76.08000183105469,76.8499984741211,75.83000183105469,75.94999694824219,50.073944091796875,2608300
2016-02-24,VNQ,75.62000274658203,76.0199966430664,75.08000183105469,75.86000061035156,50.014617919921875,2997500
2016-02-25,VNQ,76.19999694824219,77.44999694824219,76.19999694824219,77.41000366210938,51.036529541015625,3399900
2016-02-26,VNQ,77.33000183105469,77.68000030517578,76.9800033569336,77.01000213623047,50.772804260253906,3180500
2016-02-29,VNQ,76.93000030517578,77.77999877929688,76.58999633789062,76.70999908447266,50.57501220703125,5057700
2016-03-01,VNQ,76.77999877929688,78.87999725341797,76.63999938964844,78.87000274658203,51.99911117553711,5309500
2016-03-02,VNQ,78.55999755859375,79.4800033569336,78.41000366210938,79.44000244140625,52.37491226196289,3621700
2016-03-03,VNQ,79.47000122070312,79.86000061035156,79.05999755859375,79.86000061035156,52.65180206298828,2907800
2016-03-04,VNQ,79.7300033569336,79.94000244140625,79.29000091552734,79.87000274658203,52.65840530395508,2740000
2016-03-07,VNQ,79.45999908447266,80.26000213623047,79.31999969482422,80.08000183105469,52.79685974121094,3504600
2016-03-08,VNQ,79.97000122070312,80.04000091552734,79.16000366210938,79.26000213623047,52.256221771240234,2829000
2016-03-09,VNQ,79.51000213623047,80.12000274658203,79.33000183105469,79.69999694824219,52.54632568359375,3566700
2016-03-10,VNQ,80.25,80.41000366210938,78.52999877929688,79.41000366210938,52.35512924194336,2472500
2016-03-11,VNQ,80.20999908447266,81.2699966430664,80.02999877929688,81.19000244140625,53.52869415283203,2520900
2016-03-14,VNQ,81.06999969482422,81.27999877929688,80.75,81.19999694824219,53.535301208496094,2593900
2016-03-15,VNQ,80.86000061035156,81.41000366210938,80.69000244140625,81.23999786376953,53.56165313720703,1898100
2016-03-16,VNQ,81.01000213623047,82.3499984741211,80.72000122070312,82.22000122070312,54.20778274536133,3439600
2016-03-17,VNQ,82.3499984741211,83.55999755859375,81.9800033569336,83.37999725341797,54.97258377075195,5526400
2016-03-18,VNQ,83.54000091552734,83.75,83.0199966430664,83.0199966430664,54.73520278930664,3281800
2016-03-21,VNQ,81.95999908447266,82.22000122070312,81.22000122070312,81.36000061035156,54.241188049316406,4343000
2016-03-22,VNQ,81.19999694824219,81.61000061035156,80.87999725341797,81.36000061035156,54.241188049316406,4791300
2016-03-23,VNQ,81.36000061035156,81.44999694824219,80.87000274658203,80.91999816894531,53.94785690307617,2837500
2016-03-24,VNQ,80.77999877929688,81.0199966430664,80.2300033569336,80.94999694824219,53.96784973144531,2839400
2016-03-28,VNQ,80.93000030517578,81.86000061035156,80.91000366210938,81.68000030517578,54.45454025268555,3885100
2016-03-29,VNQ,81.77999877929688,83.48999786376953,81.52999877929688,83.44999694824219,55.634552001953125,5022700
2016-03-30,VNQ,83.66000366210938,83.83999633789062,83.22000122070312,83.29000091552734,55.527896881103516,3503100
2016-03-31,VNQ,83.27999877929688,83.91000366210938,83.11000061035156,83.80000305175781,55.86790466308594,7533800
2016-04-01,VNQ,83.62999725341797,83.83000183105469,83.16999816894531,83.69000244140625,55.79457473754883,5267300
2016-04-04,VNQ,83.86000061035156,83.94000244140625,83.27999877929688,83.56999969482422,55.71458053588867,6908900
2016-04-05,VNQ,83.19999694824219,83.41999816894531,82.80999755859375,83.0199966430664,55.347877502441406,3251300
2016-04-06,VNQ,83.05000305175781,83.26000213623047,82.58999633789062,83.22000122070312,55.481239318847656,2940500
2016-04-07,VNQ,83.0199966430664,83.22000122070312,82.33000183105469,82.69999694824219,55.134559631347656,2339400
2016-04-08,VNQ,83.12999725341797,83.5,82.94999694824219,83.16000366210938,55.44122314453125,3370300
2016-04-11,VNQ,83.31999969482422,83.55999755859375,82.97000122070312,82.98999786376953,55.327880859375,2848100
2016-04-12,VNQ,83.16999816894531,83.79000091552734,82.95999908447266,83.58999633789062,55.7279167175293,2504600
2016-04-13,VNQ,83.83000183105469,83.87000274658203,82.94000244140625,83.22000122070312,55.481239318847656,2827000
2016-04-14,VNQ,83.16999816894531,83.2300033569336,82.54000091552734,82.76000213623047,55.174564361572266,2044200
2016-04-15,VNQ,82.91999816894531,83.58000183105469,82.5,83.37999725341797,55.5879020690918,2429100
2016-04-18,VNQ,83.25,83.79000091552734,83.13999938964844,83.77999877929688,55.85456466674805,2347400
2016-04-19,VNQ,84.01000213623047,84.01000213623047,83.4800033569336,83.81999969482422,55.88124465942383,3137200
2016-04-20,VNQ,83.83000183105469,84.0,82.33000183105469,82.4000015258789,54.934532165527344,4085800
2016-04-21,VNQ,82.36000061035156,82.52999877929688,80.68000030517578,80.93000030517578,53.95454406738281,5046100
2016-04-22,VNQ,80.93000030517578,81.94999694824219,80.80999755859375,81.80999755859375,54.54121017456055,3124400
2016-04-25,VNQ,81.55000305175781,82.5,81.52999877929688,82.48999786376953,54.99452590942383,2385600
2016-04-26,VNQ,82.79000091552734,83.27999877929688,82.51000213623047,82.80999755859375,55.2078971862793,3190800
2016-04-27,VNQ,82.79000091552734,82.91999816894531,81.86000061035156,82.76000213623047,55.174564361572266,3244500
2016-04-28,VNQ,82.26000213623047,83.08999633789062,81.94000244140625,82.58999633789062,55.06122589111328,2870600
2016-04-29,VNQ,82.19000244140625,82.37000274658203,81.02999877929688,81.83000183105469,54.5545539855957,4117300
2016-05-02,VNQ,81.77999877929688,83.30999755859375,81.77999877929688,83.0999984741211,55.401214599609375,4008000
2016-05-03,VNQ,83.06999969482422,83.29000091552734,82.58999633789062,83.2300033569336,55.48789596557617,3305700
2016-05-04,VNQ,82.70999908447266,84.58000183105469,82.70999908447266,84.41999816894531,56.28124237060547,4138600
2016-05-05,VNQ,84.52999877929688,84.81999969482422,84.12999725341797,84.66000366210938,56.441261291503906,3324300
2016-05-06,VNQ,84.6500015258789,85.66000366210938,84.26000213623047,85.58999633789062,57.06123352050781,3499300
2016-05-09,VNQ,85.86000061035156,86.66999816894531,85.62000274658203,86.52999877929688,57.68793487548828,4568700
2016-05-10,VNQ,86.72000122070312,86.81999969482422,86.22000122070312,86.5199966430664,57.68130111694336,4034800
2016-05-11,VNQ,86.47000122070312,86.47000122070312,84.33999633789062,84.66999816894531,56.44792175292969,4063900
2016-05-12,VNQ,84.7699966430664,85.44000244140625,84.08000183105469,85.16000366210938,56.774593353271484,3471000
2016-05-13,VNQ,84.93000030517578,84.93000030517578,83.80999755859375,84.4000015258789,56.267913818359375,3991500
2016-05-16,VNQ,84.38999938964844,85.44999694824219,84.31999969482422,85.19999694824219,56.80126190185547,3374900
2016-05-17,VNQ,84.98999786376953,84.98999786376953,83.16000366210938,83.62000274658203,55.74790573120117,4308300
2016-05-18,VNQ,83.2699966430664,83.36000061035156,81.37000274658203,82.30999755859375,54.874542236328125,4708500
2016-05-19,VNQ,81.79000091552734,81.9800033569336,80.95999908447266,81.38999938964844,54.26119613647461,4316000
2016-05-20,VNQ,81.69999694824219,82.19000244140625,81.55000305175781,82.04000091552734,54.69456100463867,3296100
2016-05-23,VNQ,82.18000030517578,82.36000061035156,81.8499984741211,82.05000305175781,54.70120620727539,2744000
2016-05-24,VNQ,82.55999755859375,83.20999908447266,82.26000213623047,83.06999969482422,55.381221771240234,2998500
2016-05-25,VNQ,83.29000091552734,83.29000091552734,82.25,83.06999969482422,55.381221771240234,3250000
2016-05-26,VNQ,82.91000366210938,83.4800033569336,82.72000122070312,83.2300033569336,55.48789596557617,3053400
2016-05-27,VNQ,83.37000274658203,84.02999877929688,83.29000091552734,83.68000030517578,55.78791809082031,3006900
2016-05-31,VNQ,83.55000305175781,83.91999816894531,83.16000366210938,83.66999816894531,55.78122329711914,4810900
2016-06-01,VNQ,83.37999725341797,83.94999694824219,83.30000305175781,83.73999786376953,55.827903747558594,4417500
2016-06-02,VNQ,83.5,84.19999694824219,83.29000091552734,84.16999816894531,56.11458969116211,8043500
2016-06-03,VNQ,84.9800033569336,85.23999786376953,84.0999984741211,84.51000213623047,56.34126281738281,4295200
2016-06-06,VNQ,84.58999633789062,84.7699966430664,83.41999816894531,83.86000061035156,55.907894134521484,3231900
2016-06-07,VNQ,84.2300033569336,84.62000274658203,83.98999786376953,84.37000274658203,56.2479133605957,2424600
2016-06-08,VNQ,84.30999755859375,84.9800033569336,84.05000305175781,84.91000366210938,56.607906341552734,3099000
2016-06-09,VNQ,84.91000366210938,85.26000213623047,84.61000061035156,85.0999984741211,56.73457717895508,4132700
2016-06-10,VNQ,84.77999877929688,85.0199966430664,84.33999633789062,84.69999694824219,56.46791458129883,2538400
2016-06-13,VNQ,84.7300033569336,85.36000061035156,84.62000274658203,84.72000122070312,56.481258392333984,3250300
2016-06-14,VNQ,84.72000122070312,85.0199966430664,84.19000244140625,84.5,56.33457946777344,3437300
2016-06-15,VNQ,84.69000244140625,85.58999633789062,84.56999969482422,85.30000305175781,56.86792755126953,2829400
2016-06-16,VNQ,85.18000030517578,85.80999755859375,84.76000213623047,85.77999877929688,57.18792724609375,2827100
2016-06-17,VNQ,85.83000183105469,85.83000183105469,84.9800033569336,85.63999938964844,57.094600677490234,4408400
2016-06-20,VNQ,86.05000305175781,86.79000091552734,85.6500015258789,85.76000213623047,57.174583435058594,3987000
2016-06-21,VNQ,85.30999755859375,85.56999969482422,84.93000030517578,85.31999969482422,57.39254379272461,3614700
2016-06-22,VNQ,85.5,85.51000213623047,84.9800033569336,85.19000244140625,57.30509948730469,3994500
2016-06-23,VNQ,85.58000183105469,85.94000244140625,85.44000244140625,85.62000274658203,57.594337463378906,1672700
2016-06-24,VNQ,84.12999725341797,85.72000122070312,83.54000091552734,84.86000061035156,57.08311080932617,5661700
2016-06-27,VNQ,84.5199966430664,85.05000305175781,83.70999908447266,84.91999816894531,57.12349319458008,4769800
2016-06-28,VNQ,85.47000122070312,86.72000122070312,85.1500015258789,86.70999908447266,58.32755661010742,5128700
2016-06-29,VNQ,87.12000274658203,87.87999725341797,87.01000213623047,87.76000213623047,59.03386688232422,4395600
2016-06-30,VNQ,87.98999786376953,88.66999816894531,87.2699966430664,88.66999816894531,59.645992279052734,6555800
2016-07-01,VNQ,88.97000122070312,89.4000015258789,88.44000244140625,88.69999694824219,59.66618728637695,4731800
2016-07-05,VNQ,88.70999908447266,89.68000030517578,88.5999984741211,89.68000030517578,60.325401306152344,3808400
2016-07-06,VNQ,89.55000305175781,89.6500015258789,88.8499984741211,89.29000091552734,60.06306838989258,4577200
2016-07-07,VNQ,89.19999694824219,89.26000213623047,87.87999725341797,88.37000274658203,59.4442024230957,5342000
2016-07-08,VNQ,88.86000061035156,89.83999633789062,88.75,89.80000305175781,60.40610885620117,2663400
2016-07-11,VNQ,89.87000274658203,90.58999633789062,89.33000183105469,90.4000015258789,60.80974197387695,3381400
2016-07-12,VNQ,90.41000366210938,90.54000091552734,89.68000030517578,90.38999938964844,60.8029899597168,3727600
2016-07-13,VNQ,90.5999984741211,90.88999938964844,90.19000244140625,90.88999938964844,61.13932418823242,4902800
2016-07-14,VNQ,90.61000061035156,90.83999633789062,89.87000274658203,90.08000183105469,60.5944709777832,3060500
2016-07-15,VNQ,90.06999969482422,90.18000030517578,89.45999908447266,90.11000061035156,60.6146354675293,3345600
2016-07-18,VNQ,90.23999786376953,90.37999725341797,90.0,90.3499984741211,60.77607345581055,2699700
2016-07-19,VNQ,90.3499984741211,90.79000091552734,89.93000030517578,90.79000091552734,61.07206344604492,1916500
2016-07-20,VNQ,90.94999694824219,91.04000091552734,90.51000213623047,90.80000305175781,61.07880401611328,2100600
2016-07-21,VNQ,90.5999984741211,90.9800033569336,90.19999694824219,90.9800033569336,61.19987106323242,2179600
2016-07-22,VNQ,90.88999938964844,92.05000305175781,90.69999694824219,91.77999877929688,61.73802947998047,2482900
2016-07-25,VNQ,91.80999755859375,92.13999938964844,91.30000305175781,91.61000061035156,61.6236457824707,2374700
2016-07-26,VNQ,91.69000244140625,91.97000122070312,90.94000244140625,91.16000366210938,61.32097625732422,2460200
2016-07-27,VNQ,91.13999938964844,91.13999938964844,89.69999694824219,90.44999694824219,60.843360900878906,3935200
2016-07-28,VNQ,90.30999755859375,91.6500015258789,90.0999984741211,91.29000091552734,61.40840148925781,2853100
2016-07-29,VNQ,91.54000091552734,92.91999816894531,91.19999694824219,92.44999694824219,62.188697814941406,3502600
2016-08-01,VNQ,92.33000183105469,92.75,92.26000213623047,92.6500015258789,62.3232421875,3335100
2016-08-02,VNQ,92.37999725341797,92.54000091552734,91.0,91.16999816894531,61.327693939208984,3877100
2016-08-03,VNQ,90.8499984741211,91.2300033569336,90.1500015258789,90.63999938964844,60.971153259277344,3829400
2016-08-04,VNQ,90.75,90.91999816894531,90.11000061035156,90.2699966430664,60.72228240966797,2649700
2016-08-05,VNQ,90.31999969482422,90.5999984741211,90.01000213623047,90.33000183105469,60.76264953613281,2941600
2016-08-08,VNQ,90.2699966430664,90.91000366210938,90.11000061035156,90.48999786376953,60.87024688720703,2240200
2016-08-09,VNQ,90.63999938964844,90.9800033569336,89.94000244140625,90.9800033569336,61.19987106323242,3474300
2016-08-10,VNQ,91.23999786376953,91.4000015258789,90.58999633789062,90.87999725341797,61.13260269165039,5302900
2016-08-11,VNQ,90.8499984741211,90.88999938964844,89.37000274658203,89.8499984741211,60.43975067138672,4788300
2016-08-12,VNQ,90.05000305175781,91.05999755859375,89.77999877929688,90.2300033569336,60.695350646972656,2972100
2016-08-15,VNQ,90.37000274658203,90.68000030517578,90.0999984741211,90.13999938964844,60.63482666015625,2961400
2016-08-16,VNQ,89.83999633789062,89.94999694824219,88.94000244140625,89.05999755859375,59.9083366394043,4166800
2016-08-17,VNQ,88.9800033569336,89.48999786376953,88.37000274658203,89.41999816894531,60.150508880615234,5192000
2016-08-18,VNQ,89.29000091552734,89.69000244140625,88.66999816894531,89.08999633789062,59.92853546142578,4074800
2016-08-19,VNQ,88.97000122070312,89.06999969482422,88.26000213623047,88.5199966430664,59.54509735107422,3284900
2016-08-22,VNQ,88.75,89.06999969482422,88.54000091552734,89.0,59.867977142333984,3671000
2016-08-23,VNQ,89.30999755859375,89.51000213623047,89.01000213623047,89.05000305175781,59.9015998840332,6526100
2016-08-24,VNQ,89.27999877929688,89.29000091552734,88.16000366210938,88.66000366210938,59.639286041259766,6064800
2016-08-25,VNQ,88.9000015258789,89.5999984741211,88.62000274658203,89.05999755859375,59.9083366394043,3219700
2016-08-26,VNQ,89.22000122070312,89.7699966430664,87.58999633789062,88.18000030517578,59.316402435302734,5844000
2016-08-29,VNQ,88.37000274658203,89.33000183105469,88.36000061035156,89.05000305175781,59.9015998840332,3318600
2016-08-30,VNQ,89.23999786376953,89.3499984741211,88.0999984741211,88.87999725341797,59.787254333496094,3431900
2016-08-31,VNQ,88.79000091552734,89.2699966430664,88.47000122070312,88.97000122070312,59.847816467285156,5003000
2016-09-01,VNQ,89.06999969482422,89.0999984741211,88.30000305175781,88.75,59.699798583984375,4098000
2016-09-02,VNQ,89.2699966430664,90.61000061035156,89.12999725341797,89.5199966430664,60.21775817871094,4439500
2016-09-06,VNQ,89.91000366210938,90.22000122070312,89.12000274658203,90.20999908447266,60.68192672729492,3874300
2016-09-07,VNQ,90.08999633789062,90.80000305175781,89.79000091552734,90.75,61.04514694213867,2874200
2016-09-08,VNQ,90.3499984741211,90.5,89.55000305175781,89.63999938964844,60.298500061035156,3123900
2016-09-09,VNQ,88.62000274658203,88.87000274658203,86.06999969482422,86.08999633789062,57.91049575805664,7589300
2016-09-12,VNQ,85.91999816894531,87.51000213623047,85.66000366210938,87.11000061035156,58.59664535522461,7088200
2016-09-13,VNQ,86.08000183105469,86.11000061035156,84.1500015258789,84.33999633789062,57.125492095947266,7223000
2016-09-14,VNQ,84.55999755859375,85.08000183105469,84.2699966430664,84.61000061035156,57.30835723876953,4781900
2016-09-15,VNQ,84.58000183105469,85.05999755859375,84.12999725341797,84.93000030517578,57.52511978149414,4320500
2016-09-16,VNQ,84.83000183105469,85.05000305175781,84.3499984741211,84.97000122070312,57.552207946777344,6251400
2016-09-19,VNQ,85.25,85.83999633789062,85.16000366210938,85.73999786376953,58.073734283447266,3407700
2016-09-20,VNQ,86.13999938964844,86.25,85.61000061035156,85.61000061035156,57.98567199707031,3905800
2016-09-21,VNQ,85.76000213623047,86.83999633789062,84.5999984741211,86.70999908447266,58.73073959350586,6905000
2016-09-22,VNQ,87.51000213623047,88.33999633789062,87.29000091552734,88.26000213623047,59.78059768676758,3575700
2016-09-23,VNQ,88.0199966430664,88.83000183105469,87.29000091552734,88.52999877929688,59.963462829589844,4722300
2016-09-26,VNQ,88.27999877929688,88.94999694824219,88.0,88.73999786376953,60.10570526123047,3440200
2016-09-27,VNQ,89.02999877929688,89.02999877929688,87.6500015258789,87.80000305175781,59.469024658203125,6479800
2016-09-28,VNQ,87.94000244140625,88.58999633789062,87.66999816894531,88.5199966430664,59.95668029785156,2676300
2016-09-29,VNQ,88.22000122070312,88.27999877929688,87.08000183105469,87.33999633789062,59.1574592590332,4662800
2016-09-30,VNQ,87.6500015258789,88.19000244140625,86.7300033569336,86.73999786376953,58.75104522705078,6718600
2016-10-03,VNQ,86.01000213623047,86.29000091552734,84.94999694824219,85.12000274658203,57.65378189086914,10473900
2016-10-04,VNQ,85.0,85.04000091552734,83.45999908447266,83.95999908447266,56.86810302734375,7415500
2016-10-05,VNQ,84.12000274658203,84.55000305175781,82.16999816894531,82.26000213623047,55.7166748046875,8125200
2016-10-06,VNQ,81.8499984741211,82.88999938964844,81.11000061035156,82.29000091552734,55.73697280883789,6760300
2016-10-07,VNQ,82.80000305175781,83.62999725341797,81.7699966430664,82.1500015258789,55.64214324951172,6036800
2016-10-10,VNQ,82.1500015258789,83.01000213623047,82.1500015258789,82.66000366210938,55.98757553100586,2818300
2016-10-11,VNQ,82.55000305175781,82.73999786376953,81.63999938964844,81.86000061035156,55.445716857910156,4306600
2016-10-12,VNQ,81.98999786376953,82.91999816894531,81.86000061035156,82.80000305175781,56.082401275634766,3492600
2016-10-13,VNQ,82.47000122070312,83.58999633789062,82.22000122070312,83.44999694824219,56.52264404296875,3633600
2016-10-14,VNQ,83.30000305175781,83.98999786376953,82.91000366210938,83.08000183105469,56.27205276489258,3187500
2016-10-17,VNQ,83.1500015258789,83.7699966430664,83.08000183105469,83.26000213623047,56.393951416015625,3154000
2016-10-18,VNQ,83.80999755859375,84.27999877929688,83.51000213623047,83.79000091552734,56.75295639038086,2533200
2016-10-19,VNQ,83.80999755859375,84.08999633789062,83.33999633789062,83.97000122070312,56.87487030029297,2871000
2016-10-20,VNQ,83.95999908447266,84.33000183105469,83.31999969482422,83.77999877929688,56.746177673339844,3261100
2016-10-21,VNQ,83.37999725341797,83.69000244140625,83.0999984741211,83.47000122070312,56.53620910644531,3193800
2016-10-24,VNQ,83.8499984741211,84.51000213623047,83.33000183105469,83.66000366210938,56.66490936279297,3948800
2016-10-25,VNQ,83.31999969482422,83.62000274658203,83.05999755859375,83.51000213623047,56.56330490112305,3161400
2016-10-26,VNQ,83.19000244140625,83.30999755859375,81.8499984741211,82.41999816894531,55.82502746582031,4093100
2016-10-27,VNQ,82.2699966430664,82.30999755859375,80.04000091552734,80.26000213623047,54.362003326416016,5969300
2016-10-28,VNQ,80.38999938964844,81.13999938964844,80.1500015258789,80.44999694824219,54.490684509277344,4819100
2016-10-31,VNQ,80.80000305175781,81.91000366210938,80.47000122070312,81.76000213623047,55.37797927856445,5009700
2016-11-01,VNQ,81.4000015258789,81.47000122070312,79.69999694824219,79.9800033569336,54.17236328125,7465200
2016-11-02,VNQ,79.8499984741211,80.08000183105469,78.79000091552734,78.80999755859375,53.3798713684082,7847600
2016-11-03,VNQ,78.87000274658203,79.01000213623047,78.18000030517578,78.19999694824219,52.966705322265625,7221900
2016-11-04,VNQ,78.38999938964844,79.08000183105469,78.05999755859375,78.81999969482422,53.38664627075195,4432600
2016-11-07,VNQ,79.41000366210938,80.2300033569336,79.41000366210938,80.19999694824219,54.32136917114258,5860500
2016-11-08,VNQ,80.18000030517578,80.88999938964844,79.80000305175781,80.62000274658203,54.60584259033203,4023300
2016-11-09,VNQ,78.69999694824219,80.0,77.7699966430664,79.4000015258789,53.77951431274414,10045800
2016-11-10,VNQ,79.30000305175781,79.33999633789062,76.9800033569336,78.06999969482422,52.878658294677734,13504700
2016-11-11,VNQ,78.0,79.51000213623047,77.94999694824219,78.54000091552734,53.196998596191406,5066000
2016-11-14,VNQ,78.4000015258789,80.61000061035156,78.0199966430664,80.4000015258789,54.456809997558594,6755200
2016-11-15,VNQ,80.66999816894531,81.33999633789062,79.18000030517578,79.7300033569336,54.003021240234375,7719900
2016-11-16,VNQ,79.76000213623047,80.0,78.9000015258789,79.5,53.847232818603516,10337100
2016-11-17,VNQ,79.45999908447266,80.05999755859375,78.58000183105469,78.69000244140625,53.29861068725586,3645200
2016-11-18,VNQ,78.79000091552734,79.12999725341797,78.41999816894531,78.91999816894531,53.454376220703125,3655600
2016-11-21,VNQ,79.18000030517578,79.75,78.58999633789062,78.68000030517578,53.291839599609375,3488200
2016-11-22,VNQ,79.06999969482422,80.0999984741211,78.83000183105469,80.05999755859375,54.22651672363281,4226700
2016-11-23,VNQ,79.36000061035156,79.80000305175781,79.04000091552734,79.72000122070312,53.99625015258789,6542100
2016-11-25,VNQ,79.80000305175781,80.62999725341797,79.73999786376953,80.18000030517578,54.30781555175781,1904500
2016-11-28,VNQ,80.18000030517578,81.08000183105469,80.12999725341797,80.55000305175781,54.55844497680664,4065700
2016-11-29,VNQ,80.62999725341797,81.7300033569336,80.56999969482422,81.31999969482422,55.07996368408203,3754200
2016-11-30,VNQ,80.55000305175781,81.05000305175781,80.0,80.38999938964844,54.45005798339844,6826400
2016-12-01,VNQ,79.91999816894531,80.20999908447266,78.76000213623047,79.20999908447266,53.65081024169922,6361900
2016-12-02,VNQ,79.55999755859375,80.83000183105469,79.43000030517578,80.0,54.1859016418457,3695900
2016-12-05,VNQ,80.01000213623047,80.69000244140625,79.7300033569336,80.58999633789062,54.58552551269531,3457200
2016-12-06,VNQ,80.80000305175781,81.47000122070312,80.5,81.11000061035156,54.937721252441406,4024800
2016-12-07,VNQ,81.16999816894531,82.86000061035156,81.06999969482422,82.7300033569336,56.035003662109375,5754300
2016-12-08,VNQ,82.44999694824219,83.52999877929688,82.01000213623047,83.30000305175781,56.42107009887695,4404200
2016-12-09,VNQ,83.3499984741211,83.98999786376953,83.0199966430664,83.20999908447266,56.3600959777832,4506200
2016-12-12,VNQ,82.9800033569336,83.80999755859375,82.83000183105469,83.76000213623047,56.732635498046875,3610700
2016-12-13,VNQ,84.0999984741211,84.19000244140625,83.13999938964844,83.72000122070312,56.70555114746094,4015100
2016-12-14,VNQ,83.62000274658203,83.83000183105469,81.75,81.88999938964844,55.466033935546875,4857300
2016-12-15,VNQ,81.81999969482422,82.47000122070312,81.16000366210938,81.41000366210938,55.140933990478516,3915200
2016-12-16,VNQ,81.58000183105469,83.16999816894531,81.44999694824219,82.62999725341797,55.967247009277344,6581100
2016-12-19,VNQ,82.91000366210938,83.87999725341797,82.9000015258789,83.5199966430664,56.57007598876953,3663600
2016-12-20,VNQ,83.4800033569336,84.08000183105469,83.18000030517578,83.70999908447266,56.69877624511719,5193600
2016-12-21,VNQ,83.70999908447266,84.26000213623047,82.41999816894531,82.44000244140625,55.83856201171875,4998400
2016-12-22,VNQ,80.63999938964844,80.87999725341797,79.91000366210938,80.61000061035156,55.7452278137207,3891700
2016-12-23,VNQ,80.72000122070312,82.27999877929688,80.48999786376953,80.81999969482422,55.89043045043945,4504400
2016-12-27,VNQ,80.94000244140625,81.30000305175781,80.61000061035156,80.98999786376953,56.00798034667969,3833000
2016-12-28,VNQ,81.18000030517578,81.18000030517578,80.23999786376953,80.5,55.66914749145508,3979500
2016-12-29,VNQ,80.76000213623047,81.73999786376953,80.44999694824219,81.5,56.36066818237305,4259400
2016-12-30,VNQ,81.58999633789062,82.69999694824219,81.19999694824219,82.52999877929688,57.07297134399414,6673400
2017-01-03,VNQ,82.9800033569336,83.0,82.13999938964844,82.80000305175781,57.25968551635742,9380300
2017-01-04,VNQ,82.91000366210938,84.19000244140625,82.83000183105469,84.01000213623047,58.0964469909668,6598700
2017-01-05,VNQ,83.69999694824219,84.37999725341797,82.91999816894531,84.27999877929688,58.28316879272461,8555700
2017-01-06,VNQ,84.0199966430664,84.69999694824219,83.81999969482422,84.29000091552734,58.290069580078125,3901200
2017-01-09,VNQ,84.52999877929688,84.52999877929688,83.5,83.52999877929688,57.76451110839844,3546100
2017-01-10,VNQ,83.56999969482422,83.56999969482422,82.77999877929688,82.81999969482422,57.27353286743164,3959600
2017-01-11,VNQ,82.87000274658203,82.95999908447266,82.2300033569336,82.30999755859375,56.92082977294922,4498000
2017-01-12,VNQ,82.4000015258789,82.7699966430664,81.5999984741211,82.7300033569336,57.21129608154297,4670700
2017-01-13,VNQ,82.72000122070312,83.0199966430664,82.33000183105469,82.61000061035156,57.1282958984375,3658100
2017-01-17,VNQ,82.95999908447266,83.31999969482422,82.76000213623047,83.25,57.57086944580078,4139200
2017-01-18,VNQ,83.22000122070312,83.66999816894531,83.02999877929688,83.38999938964844,57.66769790649414,3317400
2017-01-19,VNQ,83.08000183105469,83.25,82.33999633789062,82.54000091552734,57.079864501953125,3169200
2017-01-20,VNQ,82.56999969482422,83.19000244140625,82.37999725341797,83.13999938964844,57.494789123535156,3285400
2017-01-23,VNQ,83.26000213623047,83.97000122070312,83.0,83.83999633789062,57.97889709472656,3165600
2017-01-24,VNQ,83.83999633789062,84.20999908447266,83.5,83.86000061035156,57.99271011352539,4204200
2017-01-25,VNQ,83.80999755859375,84.16000366210938,83.05999755859375,83.30999755859375,57.612369537353516,3461500
2017-01-26,VNQ,83.31999969482422,83.72000122070312,83.02999877929688,83.1500015258789,57.5017204284668,4093700
2017-01-27,VNQ,83.38999938964844,83.5,82.0199966430664,82.33999633789062,56.94158172607422,2996000
2017-01-30,VNQ,82.0999984741211,82.2699966430664,81.56999969482422,81.77999877929688,56.55430603027344,3182600
2017-01-31,VNQ,81.80000305175781,82.94999694824219,81.80000305175781,82.37000274658203,56.96232986450195,11091400
2017-02-01,VNQ,82.27999877929688,82.88999938964844,81.31999969482422,81.37999725341797,56.27768325805664,4555800
2017-02-02,VNQ,81.43000030517578,82.43000030517578,81.41999816894531,82.3499984741211,56.948490142822266,4754800
2017-02-03,VNQ,82.95999908447266,83.2300033569336,82.45999908447266,82.80000305175781,57.25968551635742,4165000
2017-02-06,VNQ,82.9000015258789,83.05999755859375,82.48999786376953,82.66000366210938,57.16286849975586,2985800
2017-02-07,VNQ,82.7300033569336,83.02999877929688,82.23999786376953,82.37000274658203,56.96232986450195,3250700
2017-02-08,VNQ,82.62000274658203,83.19999694824219,82.30000305175781,83.0199966430664,57.41181564331055,3316700
2017-02-09,VNQ,83.0199966430664,83.37999725341797,82.91999816894531,83.22000122070312,57.55014419555664,2806600
2017-02-10,VNQ,83.19000244140625,83.86000061035156,83.02999877929688,83.80999755859375,57.95814514160156,2983800
2017-02-13,VNQ,83.87999725341797,84.19999694824219,83.37999725341797,83.83999633789062,57.97889709472656,3968200
2017-02-14,VNQ,83.63999938964844,83.69000244140625,82.75,83.4000015258789,57.67462158203125,2687900
2017-02-15,VNQ,82.87999725341797,83.25,82.33999633789062,83.12000274658203,57.48099136352539,3687300
2017-02-16,VNQ,83.20999908447266,84.16999816894531,83.12000274658203,83.61000061035156,57.8198356628418,3097800
2017-02-17,VNQ,83.80999755859375,83.9000015258789,83.06999969482422,83.7699966430664,57.930484771728516,2624100
2017-02-21,VNQ,83.68000030517578,84.93000030517578,83.56999969482422,84.83999633789062,58.67043685913086,5646700
2017-02-22,VNQ,84.95999908447266,85.25,84.12999725341797,84.55999755859375,58.476802825927734,3464400
2017-02-23,VNQ,84.79000091552734,85.06999969482422,84.22000122070312,85.0,58.78108596801758,3430900
2017-02-24,VNQ,84.9800033569336,85.43000030517578,84.5199966430664,85.4000015258789,59.057701110839844,3667400
2017-02-27,VNQ,85.38999938964844,86.16000366210938,85.31999969482422,85.8499984741211,59.36888885498047,3326700
2017-02-28,VNQ,85.8499984741211,85.8499984741211,85.05999755859375,85.26000213623047,58.96088409423828,5778100
2017-03-01,VNQ,85.0,85.48999786376953,84.69999694824219,85.0,58.78108596801758,6282800
2017-03-02,VNQ,84.87999725341797,84.94999694824219,84.25,84.54000091552734,58.46298599243164,3060400
2017-03-03,VNQ,84.47000122070312,84.55000305175781,83.3499984741211,84.20999908447266,58.23475646972656,4177700
2017-03-06,VNQ,84.05999755859375,84.0999984741211,83.43000030517578,83.83000183105469,57.97195816040039,3237400
2017-03-07,VNQ,83.6500015258789,83.79000091552734,83.02999877929688,83.43000030517578,57.69535446166992,4658000
2017-03-08,VNQ,82.94000244140625,83.04000091552734,81.83000183105469,81.88999938964844,56.63037872314453,4814100
2017-03-09,VNQ,81.7300033569336,82.22000122070312,80.4800033569336,80.66000366210938,55.77980041503906,5604300
2017-03-10,VNQ,81.30000305175781,81.70999908447266,79.9800033569336,80.41000366210938,55.606903076171875,6278800
2017-03-13,VNQ,80.5,81.11000061035156,80.33999633789062,80.61000061035156,55.7452278137207,4691000
2017-03-14,VNQ,80.52999877929688,80.79000091552734,80.06999969482422,80.58999633789062,55.731388092041016,4582400
2017-03-15,VNQ,80.83000183105469,82.63999938964844,80.77999877929688,82.22000122070312,56.85858917236328,7177800
2017-03-16,VNQ,82.12999725341797,82.62000274658203,81.91000366210938,82.05999755859375,56.74794387817383,4456700
2017-03-17,VNQ,82.4000015258789,82.69999694824219,82.0,82.44000244140625,57.010719299316406,4380600
2017-03-20,VNQ,82.5,82.73999786376953,82.16000366210938,82.37000274658203,56.96232986450195,2748500
2017-03-21,VNQ,82.4800033569336,82.72000122070312,81.87999725341797,82.01000213623047,56.71335983276367,6969700
2017-03-22,VNQ,81.51000213623047,81.55999755859375,80.55000305175781,81.37000274658203,56.68202209472656,4618000
2017-03-23,VNQ,81.37999725341797,82.62999725341797,81.26000213623047,81.97000122070312,57.0999870300293,7610200
2017-03-24,VNQ,82.08999633789062,82.44999694824219,81.77999877929688,81.87999725341797,57.03727722167969,4399200
2017-03-27,VNQ,81.76000213623047,82.12000274658203,80.88999938964844,81.13999938964844,56.521793365478516,4556000
2017-03-28,VNQ,81.33000183105469,81.61000061035156,80.56999969482422,81.48999786376953,56.7656135559082,4232100
2017-03-29,VNQ,81.45999908447266,81.95999908447266,81.20999908447266,81.94999694824219,57.08605194091797,3123200
2017-03-30,VNQ,81.81999969482422,82.2300033569336,81.27999877929688,82.0999984741211,57.1905403137207,4593300
2017-03-31,VNQ,82.12999725341797,82.88999938964844,81.98999786376953,82.58999633789062,57.5318489074707,7167900
2017-04-03,VNQ,82.36000061035156,82.98999786376953,82.31999969482422,82.83000183105469,57.699066162109375,7469000
2017-04-04,VNQ,82.70999908447266,83.37000274658203,82.5999984741211,82.83000183105469,57.699066162109375,5359300
2017-04-05,VNQ,82.91000366210938,83.41000366210938,82.81999969482422,82.94999694824219,57.78263854980469,4738600
2017-04-06,VNQ,82.7699966430664,83.54000091552734,82.43000030517578,83.38999938964844,58.08913803100586,4711500
2017-04-07,VNQ,83.58999633789062,83.87999725341797,83.2699966430664,83.51000213623047,58.1727294921875,4483800
2017-04-10,VNQ,83.55999755859375,84.16000366210938,83.36000061035156,84.02999877929688,58.53495407104492,2547800
2017-04-11,VNQ,84.05999755859375,84.7699966430664,83.94000244140625,84.61000061035156,58.93898391723633,3864200
2017-04-12,VNQ,84.58000183105469,84.9000015258789,84.30999755859375,84.45999908447266,58.834495544433594,3526900
2017-04-13,VNQ,84.43000030517578,84.6500015258789,84.16000366210938,84.2699966430664,58.702144622802734,2759500
2017-04-17,VNQ,84.4000015258789,85.30999755859375,84.30999755859375,85.29000091552734,59.41268539428711,3875000
2017-04-18,VNQ,85.22000122070312,85.5999984741211,85.16000366210938,85.5199966430664,59.57289123535156,2807300
2017-04-19,VNQ,85.44999694824219,85.72000122070312,85.25,85.4000015258789,59.489288330078125,3622900
2017-04-20,VNQ,85.23999786376953,85.47000122070312,84.80000305175781,85.41000366210938,59.49627685546875,3109100
2017-04-21,VNQ,85.36000061035156,85.45999908447266,84.95999908447266,85.0999984741211,59.28032684326172,3261900
2017-04-24,VNQ,85.5,85.55000305175781,83.38999938964844,84.16000366210938,58.62551498413086,6595300
2017-04-25,VNQ,84.16000366210938,84.63999938964844,84.0199966430664,84.51000213623047,58.86934280395508,3412300
2017-04-26,VNQ,84.44999694824219,84.62000274658203,83.66999816894531,83.87999725341797,58.43046951293945,4185400
2017-04-27,VNQ,84.01000213623047,84.20999908447266,83.5,83.66000366210938,58.2772216796875,4822200
2017-04-28,VNQ,83.44000244140625,83.56999969482422,82.48999786376953,82.79000091552734,57.67119598388672,5983700
2017-05-01,VNQ,83.1500015258789,83.52999877929688,82.45999908447266,83.27999877929688,58.01251983642578,6003600
2017-05-02,VNQ,83.37999725341797,83.58999633789062,82.83000183105469,83.13999938964844,57.91499328613281,4930000
2017-05-03,VNQ,83.0999984741211,83.19999694824219,81.76000213623047,82.02999877929688,57.141788482666016,6207500
2017-05-04,VNQ,81.5199966430664,81.76000213623047,80.69999694824219,81.62999725341797,56.863136291503906,8025100
2017-05-05,VNQ,81.80999755859375,82.4000015258789,81.7699966430664,82.4000015258789,57.39952087402344,5458100
2017-05-08,VNQ,82.58000183105469,82.58000183105469,81.36000061035156,81.81999969482422,56.99547576904297,3940600
2017-05-09,VNQ,81.80999755859375,81.91999816894531,81.05999755859375,81.37999725341797,56.68898010253906,5790900
2017-05-10,VNQ,81.37000274658203,82.30000305175781,81.16999816894531,82.0199966430664,57.13479232788086,3801400
2017-05-11,VNQ,81.72000122070312,81.8499984741211,80.9000015258789,81.61000061035156,56.84920883178711,3542600
2017-05-12,VNQ,81.61000061035156,81.77999877929688,81.20999908447266,81.27999877929688,56.61933898925781,3115400
2017-05-15,VNQ,81.3499984741211,82.22000122070312,81.30000305175781,81.5199966430664,56.78649139404297,3263900
2017-05-16,VNQ,81.5199966430664,81.69000244140625,80.70999908447266,80.97000122070312,56.40338134765625,4338600
2017-05-17,VNQ,80.91999816894531,81.61000061035156,80.75,81.30000305175781,56.63325500488281,7243700
2017-05-18,VNQ,81.16999816894531,81.95999908447266,80.7300033569336,81.75,56.94670867919922,4128200
2017-05-19,VNQ,81.69000244140625,82.68000030517578,81.3499984741211,82.19000244140625,57.25323486328125,6390100
2017-05-22,VNQ,82.22000122070312,82.80000305175781,82.16000366210938,82.51000213623047,57.47612762451172,3433700
2017-05-23,VNQ,82.68000030517578,82.98999786376953,82.52999877929688,82.58000183105469,57.524898529052734,2960100
2017-05-24,VNQ,82.69000244140625,83.30000305175781,82.6500015258789,83.25,57.99162673950195,2578500
2017-05-25,VNQ,83.38999938964844,83.6500015258789,83.08000183105469,83.26000213623047,57.998592376708984,3146900
2017-05-26,VNQ,83.2300033569336,83.33000183105469,82.4000015258789,82.66000366210938,57.580631256103516,3046100
2017-05-30,VNQ,82.6500015258789,82.81999969482422,82.13999938964844,82.13999938964844,57.218414306640625,1865200
2017-05-31,VNQ,82.27999877929688,82.52999877929688,81.87000274658203,82.19000244140625,57.25323486328125,5515000
2017-06-01,VNQ,81.95999908447266,82.72000122070312,81.76000213623047,82.62000274658203,57.552764892578125,6557200
2017-06-02,VNQ,82.95999908447266,83.6500015258789,82.95999908447266,83.47000122070312,58.14486312866211,3999500
2017-06-05,VNQ,83.26000213623047,83.37999725341797,82.7300033569336,83.11000061035156,57.894100189208984,4919900
2017-06-06,VNQ,83.16000366210938,83.18000030517578,82.58999633789062,82.70999908447266,57.61545944213867,4358300
2017-06-07,VNQ,82.69000244140625,83.44000244140625,82.62000274658203,83.29000091552734,58.019500732421875,3191200
2017-06-08,VNQ,83.31999969482422,83.31999969482422,82.3499984741211,83.08999633789062,57.88015365600586,2963600
2017-06-09,VNQ,83.08999633789062,83.94999694824219,82.80000305175781,83.66999816894531,58.28419494628906,4950400
2017-06-12,VNQ,83.5999984741211,84.44000244140625,83.47000122070312,84.41999816894531,58.8066291809082,4049500
2017-06-13,VNQ,84.37999725341797,84.69000244140625,84.02999877929688,84.61000061035156,58.93898391723633,2787500
2017-06-14,VNQ,85.12000274658203,85.30000305175781,84.44000244140625,84.7300033569336,59.02259063720703,5317300
2017-06-15,VNQ,84.37000274658203,85.38999938964844,84.30000305175781,85.16000366210938,59.32211685180664,3757200
2017-06-16,VNQ,85.2699966430664,85.31999969482422,84.56999969482422,84.94000244140625,59.16885757446289,4497900
2017-06-19,VNQ,84.94000244140625,84.98999786376953,84.54000091552734,84.94999694824219,59.17582321166992,4892200
2017-06-20,VNQ,85.0,85.23999786376953,84.0999984741211,84.75,59.03650665283203,3194300
2017-06-21,VNQ,84.75,84.98999786376953,84.04000091552734,84.58000183105469,58.91809844970703,2559700
2017-06-22,VNQ,84.47000122070312,84.83000183105469,84.12999725341797,84.66000366210938,58.973812103271484,6220800
2017-06-23,VNQ,83.88999938964844,84.62999725341797,83.75,84.1500015258789,59.178470611572266,3759000
2017-06-26,VNQ,84.36000061035156,85.05999755859375,84.36000061035156,84.75,59.60042190551758,6417400
2017-06-27,VNQ,84.33000183105469,84.83000183105469,83.94000244140625,83.98999786376953,59.065948486328125,3925300
2017-06-28,VNQ,84.22000122070312,84.58999633789062,83.93000030517578,84.19000244140625,59.206573486328125,2956300
2017-06-29,VNQ,83.91999816894531,83.91999816894531,83.08000183105469,83.2300033569336,58.531490325927734,3985800
2017-06-30,VNQ,83.45999908447266,83.87999725341797,82.98999786376953,83.2300033569336,58.531490325927734,4206900
2017-07-03,VNQ,83.55999755859375,84.45999908447266,83.37000274658203,84.29000091552734,59.27690887451172,3169500
2017-07-05,VNQ,84.44000244140625,84.44000244140625,82.94000244140625,83.0999984741211,58.44005584716797,5370200
2017-07-06,VNQ,82.58999633789062,82.97000122070312,81.44000244140625,81.54000091552734,57.34299850463867,4091400
2017-07-07,VNQ,81.73999786376953,82.2300033569336,81.43000030517578,82.0,57.66647720336914,3249800
2017-07-10,VNQ,82.18000030517578,82.26000213623047,81.19000244140625,81.25,57.13904571533203,4164100
2017-07-11,VNQ,81.30999755859375,81.38999938964844,80.58000183105469,81.16000366210938,57.07575225830078,3346600
2017-07-12,VNQ,81.70999908447266,82.62999725341797,81.54000091552734,82.16000366210938,57.77899169921875,3189200
2017-07-13,VNQ,82.22000122070312,82.48999786376953,82.0,82.29000091552734,57.870418548583984,2556100
2017-07-14,VNQ,82.79000091552734,83.2300033569336,82.70999908447266,83.08000183105469,58.42599868774414,2577600
2017-07-17,VNQ,83.08000183105469,83.87999725341797,82.91999816894531,83.75,58.89717483520508,2730700
2017-07-18,VNQ,83.77999877929688,83.93000030517578,83.33999633789062,83.56999969482422,58.77057647705078,3012500
2017-07-19,VNQ,83.69999694824219,84.2300033569336,83.5199966430664,84.19999694824219,59.213626861572266,2949700
2017-07-20,VNQ,84.25,84.38999938964844,83.7699966430664,83.80999755859375,58.939369201660156,3140400
2017-07-21,VNQ,83.87000274658203,83.97000122070312,83.3499984741211,83.75,58.89717483520508,2967100
2017-07-24,VNQ,83.7300033569336,83.83000183105469,83.20999908447266,83.58999633789062,58.784637451171875,2659300
2017-07-25,VNQ,83.6500015258789,83.77999877929688,83.12999725341797,83.69999694824219,58.862003326416016,2785000
2017-07-26,VNQ,83.7300033569336,84.56999969482422,83.54000091552734,84.27999877929688,59.26988220214844,2976800
2017-07-27,VNQ,83.9800033569336,84.7300033569336,83.4800033569336,84.37999725341797,59.340240478515625,2828800
2017-07-28,VNQ,84.4000015258789,84.66000366210938,83.9800033569336,84.1500015258789,59.178470611572266,3024500
2017-07-31,VNQ,84.23999786376953,84.37999725341797,83.5999984741211,84.26000213623047,59.255836486816406,2967600
2017-08-01,VNQ,84.5199966430664,85.0,83.97000122070312,84.63999938964844,59.523048400878906,3142900
2017-08-02,VNQ,84.45999908447266,84.45999908447266,83.58999633789062,83.87000274658203,58.98155975341797,2192000
2017-08-03,VNQ,83.72000122070312,84.18000030517578,83.4000015258789,83.69999694824219,58.862003326416016,2032500
2017-08-04,VNQ,83.68000030517578,84.13999938964844,83.5,83.9800033569336,59.05890655517578,2068700
2017-08-07,VNQ,84.0,84.11000061035156,83.56999969482422,83.88999938964844,58.9956169128418,1642700
2017-08-08,VNQ,83.7300033569336,83.91999816894531,83.27999877929688,83.48999786376953,58.7143440246582,2324400
2017-08-09,VNQ,83.55000305175781,83.58999633789062,83.05000305175781,83.20999908447266,58.51741409301758,4508400
2017-08-10,VNQ,83.02999877929688,83.18000030517578,82.61000061035156,82.61000061035156,58.095462799072266,4190800
2017-08-11,VNQ,82.62999725341797,82.69000244140625,81.7300033569336,82.0999984741211,57.73681640625,2692800
2017-08-14,VNQ,82.44000244140625,83.62999725341797,82.30000305175781,83.47000122070312,58.700260162353516,2160200
2017-08-15,VNQ,83.30999755859375,83.30999755859375,82.66999816894531,83.22000122070312,58.52444839477539,2260000
2017-08-16,VNQ,83.31999969482422,83.80999755859375,83.31999969482422,83.55000305175781,58.756507873535156,2945300
2017-08-17,VNQ,83.44999694824219,83.75,82.98999786376953,83.02999877929688,58.39083480834961,2053900
2017-08-18,VNQ,82.81999969482422,82.94999694824219,81.94999694824219,82.19000244140625,57.80010986328125,2011600
2017-08-21,VNQ,82.19999694824219,83.20999908447266,82.06999969482422,83.06999969482422,58.41896057128906,2487600
2017-08-22,VNQ,83.08000183105469,83.33000183105469,82.61000061035156,82.83000183105469,58.25018310546875,1835300
2017-08-23,VNQ,82.86000061035156,83.77999877929688,82.6500015258789,83.68000030517578,58.84793472290039,1889800
2017-08-24,VNQ,83.8499984741211,84.33000183105469,83.37000274658203,83.41999816894531,58.66508483886719,2012200
2017-08-25,VNQ,83.69000244140625,84.12999725341797,83.30999755859375,83.81999969482422,58.94641876220703,2147300
2017-08-28,VNQ,83.86000061035156,83.94000244140625,82.91999816894531,83.18000030517578,58.49631881713867,2072000
2017-08-29,VNQ,83.05999755859375,83.44999694824219,83.0,83.08999633789062,58.433021545410156,1401700
2017-08-30,VNQ,82.94999694824219,83.56999969482422,82.62000274658203,83.55999755859375,58.763545989990234,2054100
2017-08-31,VNQ,83.79000091552734,84.2699966430664,83.62999725341797,84.04000091552734,59.10112380981445,3212700
2017-09-01,VNQ,84.05999755859375,84.68000030517578,83.94999694824219,84.33000183105469,59.30503845214844,3385900
2017-09-05,VNQ,84.41999816894531,84.68000030517578,83.68000030517578,84.0999984741211,59.14331817626953,3705200
2017-09-06,VNQ,84.2699966430664,84.88999938964844,84.19000244140625,84.31999969482422,59.298011779785156,3330500
2017-09-07,VNQ,84.48999786376953,85.0,84.36000061035156,84.86000061035156,59.67778778076172,2313000
2017-09-08,VNQ,84.62999725341797,85.23999786376953,84.55999755859375,84.93000030517578,59.72700500488281,2334500
2017-09-11,VNQ,85.12000274658203,85.80000305175781,85.0,85.70999908447266,60.27553176879883,2352600
2017-09-12,VNQ,85.58000183105469,85.80000305175781,84.38999938964844,84.69999694824219,59.56525421142578,3991300
2017-09-13,VNQ,84.72000122070312,84.76000213623047,84.19000244140625,84.4800033569336,59.410560607910156,1840100
2017-09-14,VNQ,84.37000274658203,85.22000122070312,84.16999816894531,85.18000030517578,59.90280532836914,2839400
2017-09-15,VNQ,85.12999725341797,85.37999725341797,84.58000183105469,85.33999633789062,60.015316009521484,3172800
2017-09-18,VNQ,85.31999969482422,85.47000122070312,84.61000061035156,84.87999725341797,59.69183349609375,3442200
2017-09-19,VNQ,84.94999694824219,84.97000122070312,84.26000213623047,84.31999969482422,59.298011779785156,2916500
2017-09-20,VNQ,84.54000091552734,84.66000366210938,83.72000122070312,84.08999633789062,59.13626480102539,2741300
2017-09-21,VNQ,84.08000183105469,84.62999725341797,83.91999816894531,83.93000030517578,59.02375030517578,6278500
2017-09-22,VNQ,83.16999816894531,83.4800033569336,82.44000244140625,82.48999786376953,58.60738754272461,4549600
2017-09-25,VNQ,82.48999786376953,83.30999755859375,82.48999786376953,82.97000122070312,58.94843292236328,5536300
2017-09-26,VNQ,83.12999725341797,83.37999725341797,82.91000366210938,83.11000061035156,59.04790496826172,3099300
2017-09-27,VNQ,82.94000244140625,83.0999984741211,82.06999969482422,82.36000061035156,58.51504135131836,3812800
2017-09-28,VNQ,82.19000244140625,83.0,82.19000244140625,82.91999816894531,58.912906646728516,4114300
2017-09-29,VNQ,82.80000305175781,83.18000030517578,82.62000274658203,83.08999633789062,59.033695220947266,4245200
2017-10-02,VNQ,83.22000122070312,83.26000213623047,82.83999633789062,82.97000122070312,58.94843292236328,4533800
2017-10-03,VNQ,82.95999908447266,83.04000091552734,82.66000366210938,82.8499984741211,58.86317825317383,6710800
2017-10-04,VNQ,82.91999816894531,83.33000183105469,82.62999725341797,83.2699966430664,59.16158676147461,4137400
2017-10-05,VNQ,83.37999725341797,83.98999786376953,83.37000274658203,83.56999969482422,59.374717712402344,3398700
2017-10-06,VNQ,83.12999725341797,83.37000274658203,82.5999984741211,83.30000305175781,59.182891845703125,2594800
2017-10-09,VNQ,83.33999633789062,83.70999908447266,83.25,83.5,59.32499694824219,2248200
2017-10-10,VNQ,83.76000213623047,84.31999969482422,83.5,83.75,59.50261306762695,6012600
2017-10-11,VNQ,83.81999969482422,84.29000091552734,83.80999755859375,84.02999877929688,59.7015495300293,2944800
2017-10-12,VNQ,84.05999755859375,84.56999969482422,83.93000030517578,84.56999969482422,60.085235595703125,2787500
2017-10-13,VNQ,84.87999725341797,85.0,84.4000015258789,84.79000091552734,60.24150848388672,2662600
2017-10-16,VNQ,84.7300033569336,84.9000015258789,84.30000305175781,84.37000274658203,59.94310760498047,1972300
2017-10-17,VNQ,84.27999877929688,84.5199966430664,84.12000274658203,84.47000122070312,60.014163970947266,2191300
2017-10-18,VNQ,84.37000274658203,84.69000244140625,84.20999908447266,84.37999725341797,59.95024108886719,1935900
2017-10-19,VNQ,84.36000061035156,84.54000091552734,83.83999633789062,84.12999725341797,59.77260971069336,1838700
2017-10-20,VNQ,84.05999755859375,84.0999984741211,83.33000183105469,83.6500015258789,59.43156433105469,2929900
2017-10-23,VNQ,83.75,83.83000183105469,83.2300033569336,83.33000183105469,59.20420837402344,2618800
2017-10-24,VNQ,83.16999816894531,83.44000244140625,82.54000091552734,82.83000183105469,58.84897994995117,2521400
2017-10-25,VNQ,82.4800033569336,82.87000274658203,82.0199966430664,82.58999633789062,58.678443908691406,3490900
2017-10-26,VNQ,82.80999755859375,83.0,81.61000061035156,81.91000366210938,58.195369720458984,3916400
2017-10-27,VNQ,81.86000061035156,82.48999786376953,81.33999633789062,82.27999877929688,58.45822525024414,2979900
2017-10-30,VNQ,81.86000061035156,82.54000091552734,81.86000061035156,82.20999908447266,58.408470153808594,3061000
2017-10-31,VNQ,82.22000122070312,82.3499984741211,81.48999786376953,82.19999694824219,58.401371002197266,4422700
2017-11-01,VNQ,82.33999633789062,82.77999877929688,82.1500015258789,82.5999984741211,58.685577392578125,3507700
2017-11-02,VNQ,82.8499984741211,83.63999938964844,82.7300033569336,83.30000305175781,59.182891845703125,5159300
2017-11-03,VNQ,82.88999938964844,83.41000366210938,82.52999877929688,83.08999633789062,59.033695220947266,2458400
2017-11-06,VNQ,83.16000366210938,83.87999725341797,83.11000061035156,83.6500015258789,59.43156433105469,3156300
2017-11-07,VNQ,83.69000244140625,84.5999984741211,83.68000030517578,84.33000183105469,59.9146842956543,3992500
2017-11-08,VNQ,84.2699966430664,84.80000305175781,84.2300033569336,84.75,60.21310043334961,2058200
2017-11-09,VNQ,84.44000244140625,85.3499984741211,84.20999908447266,84.83999633789062,60.27705001831055,3856400
2017-11-10,VNQ,84.41000366210938,85.20999908447266,84.25,84.93000030517578,60.34098815917969,3657400
2017-11-13,VNQ,84.9800033569336,85.4800033569336,84.8499984741211,85.36000061035156,60.646484375,3487200
2017-11-14,VNQ,85.12000274658203,85.41999816894531,85.02999877929688,85.18000030517578,60.51859664916992,4039200
2017-11-15,VNQ,85.05000305175781,85.19999694824219,84.2699966430664,84.31999969482422,59.90757751464844,5171100
2017-11-16,VNQ,84.11000061035156,85.11000061035156,84.0999984741211,85.0199966430664,60.40495300292969,5137200
2017-11-17,VNQ,84.80999755859375,85.06999969482422,84.55000305175781,84.6500015258789,60.142051696777344,2782600
2017-11-20,VNQ,84.70999908447266,84.79000091552734,84.26000213623047,84.4000015258789,59.96443557739258,3613800
2017-11-21,VNQ,84.63999938964844,85.08000183105469,84.51000213623047,85.02999877929688,60.41203308105469,3056900
2017-11-22,VNQ,84.87000274658203,85.12999725341797,84.62999725341797,84.83999633789062,60.27705001831055,2347400
2017-11-24,VNQ,84.91000366210938,85.08999633789062,84.87999725341797,84.94999694824219,60.355186462402344,1255000
2017-11-27,VNQ,85.04000091552734,85.05000305175781,84.5199966430664,84.55000305175781,60.07101058959961,2218000
2017-11-28,VNQ,84.51000213623047,84.62000274658203,83.79000091552734,84.2300033569336,59.84364318847656,2946800
2017-11-29,VNQ,84.0199966430664,84.44999694824219,83.76000213623047,84.26000213623047,59.86497116088867,4633900
2017-11-30,VNQ,84.52999877929688,84.6500015258789,84.13999938964844,84.38999938964844,59.95732498168945,4849800
2017-12-01,VNQ,84.48999786376953,84.91000366210938,83.8499984741211,84.58999633789062,60.09941864013672,4664700
2017-12-04,VNQ,84.76000213623047,85.0999984741211,84.1500015258789,84.16999816894531,59.80101776123047,4484100
2017-12-05,VNQ,83.75,84.30000305175781,83.44999694824219,83.47000122070312,59.30368423461914,4372600
2017-12-06,VNQ,83.33999633789062,83.77999877929688,83.0,83.38999938964844,59.246849060058594,3967900
2017-12-07,VNQ,83.5999984741211,83.68000030517578,83.11000061035156,83.5999984741211,59.396053314208984,4049100
2017-12-08,VNQ,83.93000030517578,84.18000030517578,83.55000305175781,84.02999877929688,59.7015495300293,3448600
2017-12-11,VNQ,84.05000305175781,84.1500015258789,83.83999633789062,84.0199966430664,59.69445037841797,5326200
2017-12-12,VNQ,84.45999908447266,84.66000366210938,83.73999786376953,84.43000030517578,59.985721588134766,4732000
2017-12-13,VNQ,84.62000274658203,84.97000122070312,84.41000366210938,84.56999969482422,60.085235595703125,3887100
2017-12-14,VNQ,84.62000274658203,84.87999725341797,84.37999725341797,84.55000305175781,60.07101058959961,4901000
2017-12-15,VNQ,84.66000366210938,85.25,84.62999725341797,85.08000183105469,60.44755935668945,4909500
2017-12-18,VNQ,85.26000213623047,86.13999938964844,85.25,85.63999938964844,60.84540939331055,5169400
2017-12-19,VNQ,85.66999816894531,85.69000244140625,83.66999816894531,83.81999969482422,59.55237579345703,5259200
2017-12-20,VNQ,83.86000061035156,84.08999633789062,82.83999633789062,82.8499984741211,58.86317825317383,7831900
2017-12-21,VNQ,81.94999694824219,81.94999694824219,81.18000030517578,81.2699966430664,58.63518524169922,4701300
2017-12-22,VNQ,81.31999969482422,81.94999694824219,81.22000122070312,81.83000183105469,59.03923416137695,6484400
2017-12-26,VNQ,81.8499984741211,82.45999908447266,81.68000030517578,82.23999786376953,59.33503723144531,2874500
2017-12-27,VNQ,82.81999969482422,82.81999969482422,82.30999755859375,82.51000213623047,59.52983093261719,4341500
2017-12-28,VNQ,82.38999938964844,83.02999877929688,82.30999755859375,82.94999694824219,59.847293853759766,3172900
2017-12-29,VNQ,83.11000061035156,83.27999877929688,82.8499984741211,82.9800033569336,59.86893844604492,2957300
2018-01-02,VNQ,83.04000091552734,83.16999816894531,82.4000015258789,82.66999816894531,59.6452522277832,4639500
2018-01-03,VNQ,82.7300033569336,82.93000030517578,82.26000213623047,82.43000030517578,59.47211837768555,5516900
2018-01-04,VNQ,82.44999694824219,82.4800033569336,80.98999786376953,81.01000213623047,58.447593688964844,4734100
2018-01-05,VNQ,81.16999816894531,81.2300033569336,80.83999633789062,81.05000305175781,58.476470947265625,5742900
2018-01-08,VNQ,81.16000366210938,81.61000061035156,81.04000091552734,81.47000122070312,58.779510498046875,4763200
2018-01-09,VNQ,81.5,81.7300033569336,80.38999938964844,80.41999816894531,58.02193069458008,4631000
2018-01-10,VNQ,80.0999984741211,80.2300033569336,79.11000061035156,79.5199966430664,57.37258529663086,6244400
2018-01-11,VNQ,79.70999908447266,79.93000030517578,79.16999816894531,79.25,57.17778396606445,5067100
2018-01-12,VNQ,79.02999877929688,79.23999786376953,78.47000122070312,78.61000061035156,56.71604537963867,5154600
2018-01-16,VNQ,78.9000015258789,80.02999877929688,78.73999786376953,78.76000213623047,56.82426071166992,5760800
2018-01-17,VNQ,79.08999633789062,79.4000015258789,78.69999694824219,79.30999755859375,57.22108459472656,5560300
2018-01-18,VNQ,79.01000213623047,79.0999984741211,78.22000122070312,78.29000091552734,56.48515319824219,4548200
2018-01-19,VNQ,78.41999816894531,78.72000122070312,78.19999694824219,78.70999908447266,56.788177490234375,4546800
2018-01-22,VNQ,78.83000183105469,79.47000122070312,78.73999786376953,79.43000030517578,57.307674407958984,4767400
2018-01-23,VNQ,79.79000091552734,80.55000305175781,79.66000366210938,80.52999877929688,58.10130310058594,4599700
2018-01-24,VNQ,80.41999816894531,80.61000061035156,79.83000183105469,80.11000061035156,57.79825973510742,6242500
2018-01-25,VNQ,79.97000122070312,80.11000061035156,79.44999694824219,79.97000122070312,57.69725799560547,4765000
2018-01-26,VNQ,79.97000122070312,80.08000183105469,79.2300033569336,79.69000244140625,57.4952507019043,4966400
2018-01-29,VNQ,79.4800033569336,79.48999786376953,78.56999969482422,78.62000274658203,56.7232551574707,5280200
2018-01-30,VNQ,78.2699966430664,78.58999633789062,77.91999816894531,78.05000305175781,56.31201934814453,6937600
2018-01-31,VNQ,78.2699966430664,79.4800033569336,78.0199966430664,79.44999694824219,57.32209014892578,8845500
2018-02-01,VNQ,79.08999633789062,79.73999786376953,77.5999984741211,77.73999786376953,56.08834457397461,7313200
2018-02-02,VNQ,77.16000366210938,77.5999984741211,76.44000244140625,77.08000183105469,55.612159729003906,11151800
2018-02-05,VNQ,76.69999694824219,77.54000091552734,74.69000244140625,74.79000091552734,53.9599723815918,8861900
2018-02-06,VNQ,73.55000305175781,75.19999694824219,73.08999633789062,74.80000305175781,53.967185974121094,12554100
2018-02-07,VNQ,74.77999877929688,75.91999816894531,74.43000030517578,74.4800033569336,53.73630142211914,7480000
2018-02-08,VNQ,74.1500015258789,74.93000030517578,72.2699966430664,72.33999633789062,52.19230270385742,11116900
2018-02-09,VNQ,72.79000091552734,74.73999786376953,72.05000305175781,74.1500015258789,53.49821090698242,12718500
2018-02-12,VNQ,74.58999633789062,74.62999725341797,72.11000061035156,74.18000030517578,53.51985549926758,15209300
2018-02-13,VNQ,74.01000213623047,74.91000366210938,73.5199966430664,74.69999694824219,53.89502716064453,8766100
2018-02-14,VNQ,74.05999755859375,74.25,73.16000366210938,74.16000366210938,53.505428314208984,8225700
2018-02-15,VNQ,74.2699966430664,75.01000213623047,74.05999755859375,74.87999725341797,54.0248908996582,7359200
2018-02-16,VNQ,75.11000061035156,75.66999816894531,74.81999969482422,75.29000091552734,54.320716857910156,7002400
2018-02-20,VNQ,75.05999755859375,75.68000030517578,74.30999755859375,74.4000015258789,53.67856979370117,5766000
2018-02-21,VNQ,74.4000015258789,74.52999877929688,72.93000030517578,72.93000030517578,52.61800003051758,7852900
2018-02-22,VNQ,73.27999877929688,74.30999755859375,73.12999725341797,73.76000213623047,53.216835021972656,7412700
2018-02-23,VNQ,74.02999877929688,74.95999908447266,73.91999816894531,74.94000244140625,54.06818771362305,6884100
2018-02-26,VNQ,75.30999755859375,75.36000061035156,74.63999938964844,75.1500015258789,54.21969223022461,6336100
2018-02-27,VNQ,75.30000305175781,75.3499984741211,73.37999725341797,73.4000015258789,52.957096099853516,7635400
2018-02-28,VNQ,73.66000366210938,74.3499984741211,73.3499984741211,73.3499984741211,52.92102813720703,9175500
2018-03-01,VNQ,73.19000244140625,74.30000305175781,72.83000183105469,73.41999816894531,52.971527099609375,8794700
2018-03-02,VNQ,73.06999969482422,73.47000122070312,72.62000274658203,73.38999938964844,52.94989776611328,8408100
2018-03-05,VNQ,73.19000244140625,74.56999969482422,73.13999938964844,74.22000122070312,53.54872131347656,5558100
2018-03-06,VNQ,74.33999633789062,74.7300033569336,73.69000244140625,74.56999969482422,53.8012580871582,6039100
2018-03-07,VNQ,74.2300033569336,75.08999633789062,74.19000244140625,75.02999877929688,54.13311004638672,9868300
2018-03-08,VNQ,75.19999694824219,75.3499984741211,74.79000091552734,75.16999816894531,54.234134674072266,6381300
2018-03-09,VNQ,75.16999816894531,75.58000183105469,74.68000030517578,75.58000183105469,54.529945373535156,6293400
2018-03-12,VNQ,75.62999725341797,76.08999633789062,75.37999725341797,75.91000366210938,54.76804733276367,6661400
2018-03-13,VNQ,76.16000366210938,76.51000213623047,75.72000122070312,75.9800033569336,54.81852722167969,4877100
2018-03-14,VNQ,75.91000366210938,76.3499984741211,75.7300033569336,76.05000305175781,54.869049072265625,5945100
2018-03-15,VNQ,76.18000030517578,76.30999755859375,75.62999725341797,76.02999877929688,54.8546142578125,5680500
2018-03-16,VNQ,75.94000244140625,76.66000366210938,75.7699966430664,76.55999755859375,55.236995697021484,4951000
2018-03-19,VNQ,76.45999908447266,76.4800033569336,75.41999816894531,75.9000015258789,54.760807037353516,3999400
2018-03-20,VNQ,75.8499984741211,76.37999725341797,75.3499984741211,75.63999938964844,54.57323455810547,5677000
2018-03-21,VNQ,75.55000305175781,75.8499984741211,74.68000030517578,75.08000183105469,54.16920852661133,5905400
2018-03-22,VNQ,74.9000015258789,75.97000122070312,74.61000061035156,74.63999938964844,53.851749420166016,5605700
2018-03-23,VNQ,74.62000274658203,74.83000183105469,73.12000274658203,73.30999755859375,52.89215850830078,9530900
2018-03-26,VNQ,73.02999877929688,73.55999755859375,72.68000030517578,73.43000030517578,53.493900299072266,6979200
2018-03-27,VNQ,73.52999877929688,74.68000030517578,72.66999816894531,73.70999908447266,53.69789505004883,9132000
2018-03-28,VNQ,73.97000122070312,75.69999694824219,73.83999633789062,75.55999755859375,55.04560470581055,8917300
2018-03-29,VNQ,75.7699966430664,75.94999694824219,75.16000366210938,75.47000122070312,54.98005294799805,5993400
2018-04-02,VNQ,75.33999633789062,75.66999816894531,73.94999694824219,74.44999694824219,54.236976623535156,6487700
2018-04-03,VNQ,74.56999969482422,75.41999816894531,74.08000183105469,75.08000183105469,54.695945739746094,9987300
2018-04-04,VNQ,74.66000366210938,76.08999633789062,74.48999786376953,75.87000274658203,55.27145004272461,5502800
2018-04-05,VNQ,75.91999816894531,75.98999786376953,75.19000244140625,75.83999633789062,55.24958801269531,4195900
2018-04-06,VNQ,75.66999816894531,76.25,75.0199966430664,75.2699966430664,54.8343620300293,4817500
2018-04-09,VNQ,75.31999969482422,75.62999725341797,74.91000366210938,75.02999877929688,54.659507751464844,4466300
2018-04-10,VNQ,75.3499984741211,75.48999786376953,74.83000183105469,74.94999694824219,54.60122299194336,7318500
2018-04-11,VNQ,74.80999755859375,75.68000030517578,74.73999786376953,75.11000061035156,54.717811584472656,3892500
2018-04-12,VNQ,75.2300033569336,75.23999786376953,74.05000305175781,74.2699966430664,54.105838775634766,4049600
2018-04-13,VNQ,74.19999694824219,74.72000122070312,74.08999633789062,74.66000366210938,54.38996505737305,3817100
2018-04-16,VNQ,74.75,75.37000274658203,74.56999969482422,75.12000274658203,54.725067138671875,4279000
2018-04-17,VNQ,75.29000091552734,76.41999816894531,75.05999755859375,76.0,55.366153717041016,4503600
2018-04-18,VNQ,76.18000030517578,76.27999877929688,75.83000183105469,75.83999633789062,55.24958801269531,4122900
2018-04-19,VNQ,75.58999633789062,75.66999816894531,74.20999908447266,74.73999786376953,54.448238372802734,6917900
2018-04-20,VNQ,74.66000366210938,74.95999908447266,73.94999694824219,74.05000305175781,53.94558334350586,5171200
2018-04-23,VNQ,74.08000183105469,74.37999725341797,73.66000366210938,73.98999786376953,53.901859283447266,4325700
2018-04-24,VNQ,74.05000305175781,74.58000183105469,73.8499984741211,74.2699966430664,54.105838775634766,5852200
2018-04-25,VNQ,74.02999877929688,74.41000366210938,73.55000305175781,74.12999725341797,54.00386428833008,4055400
2018-04-26,VNQ,74.3499984741211,75.5199966430664,74.25,75.0999984741211,54.710514068603516,5551000
2018-04-27,VNQ,75.05999755859375,76.63999938964844,74.97000122070312,76.38999938964844,55.6502799987793,6278700
2018-04-30,VNQ,76.41999816894531,76.70999908447266,76.06999969482422,76.08999633789062,55.43171691894531,6625500
2018-05-01,VNQ,76.08000183105469,76.93000030517578,75.94000244140625,76.77999877929688,55.93437957763672,5251600
2018-05-02,VNQ,76.61000061035156,76.83000183105469,75.83000183105469,76.5,55.730411529541016,5361800
2018-05-03,VNQ,76.26000213623047,76.7699966430664,76.16000366210938,76.44999694824219,55.6939811706543,5839500
2018-05-04,VNQ,76.41000366210938,77.48999786376953,76.41000366210938,77.29000091552734,56.305912017822266,3746600
2018-05-07,VNQ,77.4000015258789,77.9000015258789,77.3499984741211,77.80999755859375,56.68473434448242,4670300
2018-05-08,VNQ,77.80000305175781,77.80000305175781,77.16999816894531,77.41999816894531,56.400638580322266,4311600
2018-05-09,VNQ,77.26000213623047,77.95999908447266,77.16000366210938,77.94000244140625,56.77946472167969,4685300
2018-05-10,VNQ,78.2300033569336,78.69999694824219,78.06999969482422,78.55000305175781,57.22384262084961,3664000
2018-05-11,VNQ,78.58999633789062,78.87000274658203,78.16000366210938,78.27999877929688,57.02714920043945,2694500
2018-05-14,VNQ,78.22000122070312,78.38999938964844,77.23999786376953,77.61000061035156,56.539058685302734,3536200
2018-05-15,VNQ,77.22000122070312,77.22000122070312,76.12000274658203,76.3499984741211,55.62113571166992,5134300
2018-05-16,VNQ,76.5,76.75,76.01000213623047,76.12000274658203,55.453575134277344,4400400
2018-05-17,VNQ,76.08999633789062,76.3499984741211,75.58000183105469,75.73999786376953,55.1767578125,3998100
2018-05-18,VNQ,75.83000183105469,76.12000274658203,75.5,75.83999633789062,55.24958801269531,3343800
2018-05-21,VNQ,76.01000213623047,76.87000274658203,75.5999984741211,76.73999786376953,55.905235290527344,3671500
2018-05-22,VNQ,76.7300033569336,76.94999694824219,76.41999816894531,76.8499984741211,55.985382080078125,3470800
2018-05-23,VNQ,76.80000305175781,77.86000061035156,76.79000091552734,77.62000274658203,56.54634094238281,3983200
2018-05-24,VNQ,77.63999938964844,77.94000244140625,77.04000091552734,77.45999908447266,56.42977523803711,3173500
2018-05-25,VNQ,77.52999877929688,78.0199966430664,77.41999816894531,77.7300033569336,56.626461029052734,3597300
2018-05-29,VNQ,77.54000091552734,78.2300033569336,77.31999969482422,78.0999984741211,56.895999908447266,4611800
2018-05-30,VNQ,78.05000305175781,79.4000015258789,77.83000183105469,79.16000366210938,57.66822814941406,4901800
2018-05-31,VNQ,78.91000366210938,79.19000244140625,78.58999633789062,78.88999938964844,57.47153854370117,5430500
2018-06-01,VNQ,78.58999633789062,79.43000030517578,78.43000030517578,79.23999786376953,57.726505279541016,7233800
2018-06-04,VNQ,79.4000015258789,79.94999694824219,79.11000061035156,79.93000030517578,58.22916030883789,5391500
2018-06-05,VNQ,80.22000122070312,80.30000305175781,79.55999755859375,79.72000122070312,58.076194763183594,5543000
2018-06-06,VNQ,79.72000122070312,79.91000366210938,79.31999969482422,79.91000366210938,58.214595794677734,4006100
2018-06-07,VNQ,79.91999816894531,80.12000274658203,79.43000030517578,79.91000366210938,58.214595794677734,3353300
2018-06-08,VNQ,79.97000122070312,80.2699966430664,79.79000091552734,80.19999694824219,58.42586135864258,2773200
2018-06-11,VNQ,80.11000061035156,80.2699966430664,79.93000030517578,80.08000183105469,58.33845520019531,4168300
2018-06-12,VNQ,80.02999877929688,80.7699966430664,79.81999969482422,80.55999755859375,58.688133239746094,3287900
2018-06-13,VNQ,80.55999755859375,80.69999694824219,78.80999755859375,78.98999786376953,57.54438018798828,7230900
2018-06-14,VNQ,79.25,80.01000213623047,79.25,79.73999786376953,58.090755462646484,4458200
2018-06-15,VNQ,79.72000122070312,80.26000213623047,79.52999877929688,79.69000244140625,58.0543327331543,11131800
2018-06-18,VNQ,78.77999877929688,79.05000305175781,78.44000244140625,78.9800033569336,58.07050323486328,6391600
2018-06-19,VNQ,78.73999786376953,79.27999877929688,78.73999786376953,78.9000015258789,58.011688232421875,11275400
2018-06-20,VNQ,78.95999908447266,79.88999938964844,78.91000366210938,79.77999877929688,58.65871047973633,7327500
2018-06-21,VNQ,80.0,80.26000213623047,79.62000274658203,80.16000366210938,58.9381103515625,3719700
2018-06-22,VNQ,80.33000183105469,80.83999633789062,79.97000122070312,80.79000091552734,59.40132522583008,4391700
2018-06-25,VNQ,80.6500015258789,80.9000015258789,80.08999633789062,80.58000183105469,59.246917724609375,5904500
2018-06-26,VNQ,80.73999786376953,81.16999816894531,80.37000274658203,80.83999633789062,59.438079833984375,3751000
2018-06-27,VNQ,81.05000305175781,81.26000213623047,80.51000213623047,80.52999877929688,59.21015167236328,4559900
2018-06-28,VNQ,80.52999877929688,81.3499984741211,80.44000244140625,81.25,59.739532470703125,3896700
2018-06-29,VNQ,81.0999984741211,81.80000305175781,80.62000274658203,81.44999694824219,59.88658905029297,5235400
2018-07-02,VNQ,81.5199966430664,81.54000091552734,80.08000183105469,81.0,59.555728912353516,7926500
2018-07-03,VNQ,81.04000091552734,82.18000030517578,80.83999633789062,81.61000061035156,60.00422668457031,7325300
2018-07-05,VNQ,81.8499984741211,82.62000274658203,81.54000091552734,82.58000183105469,60.71743392944336,7214700
2018-07-06,VNQ,82.79000091552734,83.16000366210938,82.73999786376953,83.0199966430664,61.04093551635742,7887400
2018-07-09,VNQ,83.12999725341797,83.12999725341797,81.94000244140625,82.36000061035156,60.55565643310547,6621300
2018-07-10,VNQ,82.51000213623047,82.7300033569336,82.02999877929688,82.52999877929688,60.6806640625,4561900
2018-07-11,VNQ,82.43000030517578,82.70999908447266,82.18000030517578,82.26000213623047,60.482154846191406,5127900
2018-07-12,VNQ,82.5199966430664,82.6500015258789,82.08000183105469,82.51000213623047,60.665950775146484,4042100
2018-07-13,VNQ,82.55000305175781,82.9000015258789,82.19999694824219,82.26000213623047,60.482154846191406,5013800
2018-07-16,VNQ,82.11000061035156,82.19999694824219,81.36000061035156,81.81999969482422,60.15863037109375,3023900
2018-07-17,VNQ,81.94999694824219,82.05999755859375,81.19000244140625,81.27999877929688,59.7615966796875,4031200
2018-07-18,VNQ,81.16000366210938,81.44999694824219,80.55000305175781,80.91999816894531,59.496910095214844,5185600
2018-07-19,VNQ,80.87999725341797,82.1500015258789,80.6500015258789,81.87000274658203,60.195404052734375,4358700
2018-07-20,VNQ,81.58999633789062,81.80000305175781,80.86000061035156,81.08000183105469,59.61455154418945,3265500
2018-07-23,VNQ,81.04000091552734,81.18000030517578,80.43000030517578,80.91000366210938,59.489540100097656,4379600
2018-07-24,VNQ,80.88999938964844,81.02999877929688,80.30000305175781,80.5,59.18809509277344,4174900
2018-07-25,VNQ,80.54000091552734,81.27999877929688,80.38999938964844,81.13999938964844,59.658660888671875,4521400
2018-07-26,VNQ,81.25,81.81999969482422,81.05000305175781,81.41000366210938,59.857173919677734,4385400
2018-07-27,VNQ,81.55999755859375,81.61000061035156,80.45999908447266,80.54000091552734,59.21748733520508,4788000
2018-07-30,VNQ,80.51000213623047,80.77999877929688,79.98999786376953,80.58999633789062,59.25428009033203,4002000
2018-07-31,VNQ,80.83999633789062,82.30999755859375,80.83999633789062,81.94000244140625,60.246856689453125,5737300
2018-08-01,VNQ,81.3499984741211,82.52999877929688,81.12999725341797,82.5199966430664,60.673301696777344,7798900
2018-08-02,VNQ,82.3499984741211,82.66000366210938,82.01000213623047,82.19000244140625,60.43067932128906,4748200
2018-08-03,VNQ,82.2300033569336,83.12000274658203,82.1500015258789,83.08000183105469,61.085052490234375,4342700
2018-08-06,VNQ,83.12000274658203,83.37999725341797,82.7699966430664,82.97000122070312,61.00416564941406,4655000
2018-08-07,VNQ,83.12000274658203,83.37999725341797,82.4000015258789,82.81999969482422,60.893882751464844,3047100
2018-08-08,VNQ,82.7699966430664,82.80000305175781,82.1500015258789,82.33999633789062,60.54096221923828,2415400
2018-08-09,VNQ,82.33999633789062,82.6500015258789,82.19000244140625,82.37999725341797,60.57038116455078,3720900
2018-08-10,VNQ,82.48999786376953,82.5,81.5999984741211,81.75,60.107147216796875,4524100
2018-08-13,VNQ,81.66000366210938,81.8499984741211,81.37999725341797,81.58999633789062,59.98952102661133,2755400
2018-08-14,VNQ,81.58000183105469,82.19999694824219,81.58000183105469,81.98999786376953,60.28361892700195,3249400
2018-08-15,VNQ,82.04000091552734,82.72000122070312,81.80999755859375,82.62000274658203,60.746856689453125,5202600
2018-08-16,VNQ,82.62999725341797,83.30000305175781,82.55999755859375,83.29000091552734,61.239471435546875,3329800
2018-08-17,VNQ,83.11000061035156,84.06999969482422,83.11000061035156,84.05999755859375,61.805599212646484,4698400
2018-08-20,VNQ,84.16999816894531,84.55000305175781,84.0,84.12000274658203,61.8497314453125,4629200
2018-08-21,VNQ,84.0,84.1500015258789,83.41000366210938,83.61000061035156,61.474735260009766,3149000
2018-08-22,VNQ,83.52999877929688,83.63999938964844,82.83000183105469,83.13999938964844,61.12918472290039,2954900
2018-08-23,VNQ,83.1500015258789,83.30000305175781,82.9000015258789,82.93000030517578,60.97475051879883,2528800
2018-08-24,VNQ,82.93000030517578,83.43000030517578,82.80000305175781,83.41999816894531,61.33504104614258,3897100
2018-08-27,VNQ,83.48999786376953,83.55999755859375,82.83999633789062,83.12000274658203,61.114471435546875,4479000
2018-08-28,VNQ,83.23999786376953,84.25,83.0199966430664,84.23999786376953,61.937957763671875,4653100
2018-08-29,VNQ,84.2300033569336,84.44000244140625,84.06999969482422,84.26000213623047,61.952659606933594,3564900
2018-08-30,VNQ,84.3499984741211,84.37000274658203,83.6500015258789,83.72000122070312,61.55561447143555,2968300
2018-08-31,VNQ,83.77999877929688,84.2300033569336,83.72000122070312,84.05000305175781,61.798248291015625,3305800
2018-09-04,VNQ,83.86000061035156,84.06999969482422,82.94999694824219,83.05000305175781,61.06298828125,4718600
2018-09-05,VNQ,83.0199966430664,83.81999969482422,82.58000183105469,83.52999877929688,61.41590118408203,5407700
2018-09-06,VNQ,83.66000366210938,84.0,83.63999938964844,83.7699966430664,61.59239196777344,3760300
2018-09-07,VNQ,83.55000305175781,83.55000305175781,82.7699966430664,82.86000061035156,60.92329788208008,4234400
2018-09-10,VNQ,83.25,83.69999694824219,83.11000061035156,83.2300033569336,61.19535446166992,3089200
2018-09-11,VNQ,83.01000213623047,83.5,82.87999725341797,83.22000122070312,61.187984466552734,3980300
2018-09-12,VNQ,83.23999786376953,83.47000122070312,82.9800033569336,83.26000213623047,61.217403411865234,2827800
2018-09-13,VNQ,83.61000061035156,83.93000030517578,83.33999633789062,83.66999816894531,61.51883316040039,3813600
2018-09-14,VNQ,83.55000305175781,83.62000274658203,82.54000091552734,83.13999938964844,61.12918472290039,5215800
2018-09-17,VNQ,83.12999725341797,83.58000183105469,82.87000274658203,83.41000366210938,61.327701568603516,4414700
2018-09-18,VNQ,83.30000305175781,83.52999877929688,82.87000274658203,83.01000213623047,61.03358459472656,8039400
2018-09-19,VNQ,83.05000305175781,83.08000183105469,81.91000366210938,82.04000091552734,60.32038116455078,4410600
2018-09-20,VNQ,82.05000305175781,82.86000061035156,81.7699966430664,82.80999755859375,60.886539459228516,4308300
2018-09-21,VNQ,82.69000244140625,83.20999908447266,82.56999969482422,82.77999877929688,60.864463806152344,7292200
2018-09-24,VNQ,81.44000244140625,81.61000061035156,79.83999633789062,80.16999816894531,59.7714958190918,4111200
2018-09-25,VNQ,80.19000244140625,80.62000274658203,80.08000183105469,80.18000030517578,59.77894592285156,4781800
2018-09-26,VNQ,80.16999816894531,80.27999877929688,79.18000030517578,79.22000122070312,59.06321334838867,8971900
2018-09-27,VNQ,79.62000274658203,79.97000122070312,79.37999725341797,79.5999984741211,59.34651184082031,4942200
2018-09-28,VNQ,79.70999908447266,80.68000030517578,79.62999725341797,80.68000030517578,60.1517333984375,6092300
2018-10-01,VNQ,80.5999984741211,80.81999969482422,79.91999816894531,79.93000030517578,59.592559814453125,7215600
2018-10-02,VNQ,79.94999694824219,80.19000244140625,79.62999725341797,79.75,59.45835876464844,5746700
2018-10-03,VNQ,79.75,80.0199966430664,78.44000244140625,78.9000015258789,58.82463455200195,7104300
2018-10-04,VNQ,78.58000183105469,78.6500015258789,77.7300033569336,78.23999786376953,58.33256912231445,6759300
2018-10-05,VNQ,78.26000213623047,78.69000244140625,78.1500015258789,78.19999694824219,58.302730560302734,4971600
2018-10-08,VNQ,78.31999969482422,79.62999725341797,78.19999694824219,79.33000183105469,59.14522933959961,5246900
2018-10-09,VNQ,79.3499984741211,79.79000091552734,78.95999908447266,79.44000244140625,59.227237701416016,5852000
2018-10-10,VNQ,79.25,79.69000244140625,78.23999786376953,78.26000213623047,58.34748077392578,8837400
2018-10-11,VNQ,78.38999938964844,78.38999938964844,75.93000030517578,76.0199966430664,56.67741012573242,12471700
2018-10-12,VNQ,76.83999633789062,77.06999969482422,75.37999725341797,75.81999969482422,56.5283088684082,10167900
2018-10-15,VNQ,75.79000091552734,77.04000091552734,75.7300033569336,76.33000183105469,56.908546447753906,8526800
2018-10-16,VNQ,76.47000122070312,78.05000305175781,76.12000274658203,77.9000015258789,58.079071044921875,5315400
2018-10-17,VNQ,77.81999969482422,78.0,77.05000305175781,77.5999984741211,57.855403900146484,5088900
2018-10-18,VNQ,77.58999633789062,78.18000030517578,77.22000122070312,77.44999694824219,57.74357604980469,6818700
2018-10-19,VNQ,77.5,78.37000274658203,77.5,78.12000274658203,58.243099212646484,5357300
2018-10-22,VNQ,78.19000244140625,78.58000183105469,77.02999877929688,77.02999877929688,57.4304313659668,7499300
2018-10-23,VNQ,76.7699966430664,77.86000061035156,76.44000244140625,77.37000274658203,57.68391418457031,6988400
2018-10-24,VNQ,77.56999969482422,78.77999877929688,77.41999816894531,78.0999984741211,58.22816467285156,6016200
2018-10-25,VNQ,78.19999694824219,79.52999877929688,77.86000061035156,79.0999984741211,58.97373962402344,6215700
2018-10-26,VNQ,79.18000030517578,79.18000030517578,76.68000030517578,77.19999694824219,57.55717849731445,11721400
2018-10-29,VNQ,77.72000122070312,78.72000122070312,77.69000244140625,78.18000030517578,58.287837982177734,7159600
2018-10-30,VNQ,78.30000305175781,79.8499984741211,78.0999984741211,79.25,59.0855598449707,9053000
2018-10-31,VNQ,79.22000122070312,79.37999725341797,78.16999816894531,78.31999969482422,58.3922004699707,8322000
2018-11-01,VNQ,78.37999725341797,78.8499984741211,78.02999877929688,78.69000244140625,58.66807174682617,6062700
2018-11-02,VNQ,78.83999633789062,78.86000061035156,77.1500015258789,78.04000091552734,58.183441162109375,7609100
2018-11-05,VNQ,78.19999694824219,79.45999908447266,78.18000030517578,79.19999694824219,59.04829025268555,6753000
2018-11-06,VNQ,79.27999877929688,79.62999725341797,79.08000183105469,79.5999984741211,59.34651184082031,4127900
2018-11-07,VNQ,79.94999694824219,80.58000183105469,79.5199966430664,80.55000305175781,60.0548210144043,7559200
2018-11-08,VNQ,80.41999816894531,80.66999816894531,79.94999694824219,80.61000061035156,60.099544525146484,3559700
2018-11-09,VNQ,80.5199966430664,80.87000274658203,80.16000366210938,80.5999984741211,60.09207534790039,3388500
2018-11-12,VNQ,80.70999908447266,81.43000030517578,80.54000091552734,80.76000213623047,60.21135330200195,4969800
2018-11-13,VNQ,80.81999969482422,81.12999725341797,80.19000244140625,80.68000030517578,60.1517333984375,4882600
2018-11-14,VNQ,80.79000091552734,81.0,80.0999984741211,80.4800033569336,60.00262451171875,4545800
2018-11-15,VNQ,80.23999786376953,80.27999877929688,79.12999725341797,79.93000030517578,59.592559814453125,6413700
2018-11-16,VNQ,79.77999877929688,80.91000366210938,79.69999694824219,80.79000091552734,60.23371887207031,4347600
2018-11-19,VNQ,80.93000030517578,81.48999786376953,80.41000366210938,80.9000015258789,60.31574249267578,7117500
2018-11-20,VNQ,80.5,81.13999938964844,80.05999755859375,80.06999969482422,59.69692611694336,5295700
2018-11-21,VNQ,80.05999755859375,80.80999755859375,79.7300033569336,80.13999938964844,59.749114990234375,4139600
2018-11-23,VNQ,79.87999725341797,80.3499984741211,79.51000213623047,79.9800033569336,59.62984848022461,2815500
2018-11-26,VNQ,80.2699966430664,80.4800033569336,79.76000213623047,80.12999725341797,59.74164581298828,4422200
2018-11-27,VNQ,80.05999755859375,80.4800033569336,79.73999786376953,80.47000122070312,59.99515914916992,5183600
2018-11-28,VNQ,80.5,81.26000213623047,80.1500015258789,81.19000244140625,60.53196716308594,8681300
2018-11-29,VNQ,81.13999938964844,81.61000061035156,80.66000366210938,81.20999908447266,60.546871185302734,5681000
2018-11-30,VNQ,81.41000366210938,82.05000305175781,81.12999725341797,81.9800033569336,61.120948791503906,6641000
2018-12-03,VNQ,82.4800033569336,82.55999755859375,81.55999755859375,82.41999816894531,61.44899368286133,7407000
2018-12-04,VNQ,82.3499984741211,82.62999725341797,80.98999786376953,81.19999694824219,60.539390563964844,9346700
2018-12-06,VNQ,80.75,83.30999755859375,80.0199966430664,83.20999908447266,62.03799057006836,15059500
2018-12-07,VNQ,82.94000244140625,83.08999633789062,81.80999755859375,82.12000274658203,61.22533416748047,9987800
2018-12-10,VNQ,82.16999816894531,82.23999786376953,80.58000183105469,81.58999633789062,60.83018112182617,5804300
2018-12-11,VNQ,82.05999755859375,82.38999938964844,81.62999725341797,81.62999725341797,60.86000061035156,5108800
2018-12-12,VNQ,82.12000274658203,82.25,80.26000213623047,80.37000274658203,59.92060470581055,6943900
2018-12-13,VNQ,79.5199966430664,80.5,79.44999694824219,79.87999725341797,60.26689529418945,6131600
2018-12-14,VNQ,79.58000183105469,80.01000213623047,79.23999786376953,79.6500015258789,60.09336853027344,10390400
2018-12-17,VNQ,79.73999786376953,79.98999786376953,76.47000122070312,76.6500015258789,57.82997512817383,20329300
2018-12-18,VNQ,77.48999786376953,77.95999908447266,77.06999969482422,77.44000244140625,58.42601013183594,9575700
2018-12-19,VNQ,77.45999908447266,78.0,76.27999877929688,76.58999633789062,57.784690856933594,10760000
2018-12-20,VNQ,76.48999786376953,76.72000122070312,74.88999938964844,75.44000244140625,56.91706085205078,13284100
2018-12-21,VNQ,75.61000061035156,77.0199966430664,74.31999969482422,74.38999938964844,56.12486267089844,16609300
2018-12-24,VNQ,74.08000183105469,74.33000183105469,71.68000030517578,71.73999786376953,54.125518798828125,9335800
2018-12-26,VNQ,71.88999938964844,74.13999938964844,71.08000183105469,74.13999938964844,55.936241149902344,16977000
2018-12-27,VNQ,73.58999633789062,74.20999908447266,72.0199966430664,74.12999725341797,55.9286994934082,12102300
2018-12-28,VNQ,74.91000366210938,75.18000030517578,73.80000305175781,74.37000274658203,56.109798431396484,12729300
2018-12-31,VNQ,74.30999755859375,74.72000122070312,73.30000305175781,74.56999969482422,56.260677337646484,15750600
2019-01-02,VNQ,73.55999755859375,73.69999694824219,72.52999877929688,72.94999694824219,55.03844451904297,12880400
2019-01-03,VNQ,72.7699966430664,74.56999969482422,72.70999908447266,73.45999908447266,55.42322540283203,12264300
2019-01-04,VNQ,73.73999786376953,75.0199966430664,73.30000305175781,74.31999969482422,56.07205581665039,9389000
2019-01-07,VNQ,74.5999984741211,75.61000061035156,74.4000015258789,75.05000305175781,56.62282180786133,9227900
2019-01-08,VNQ,75.52999877929688,76.79000091552734,75.33000183105469,76.5999984741211,57.792236328125,10761000
2019-01-09,VNQ,76.77999877929688,76.87000274658203,75.76000213623047,76.48999786376953,57.70924377441406,6434200
2019-01-10,VNQ,76.25,77.75,76.08000183105469,77.52999877929688,58.49390411376953,8671800
2019-01-11,VNQ,77.45999908447266,77.83000183105469,77.0999984741211,77.75,58.65987014770508,5141900
2019-01-14,VNQ,77.5,77.94000244140625,77.18000030517578,77.48999786376953,58.46371078491211,4934500
2019-01-15,VNQ,77.5999984741211,78.41999816894531,77.56999969482422,78.2300033569336,59.02202224731445,5377200
2019-01-16,VNQ,78.20999908447266,79.05999755859375,78.0999984741211,78.77999877929688,59.43697738647461,6164000
2019-01-17,VNQ,78.62999725341797,79.19999694824219,78.47000122070312,79.16000366210938,59.72368621826172,4327000
2019-01-18,VNQ,79.48999786376953,79.5,78.81999969482422,79.43000030517578,59.9273796081543,6397100
2019-01-22,VNQ,79.26000213623047,79.54000091552734,78.58000183105469,79.19000244140625,59.746315002441406,6062600
2019-01-23,VNQ,79.33000183105469,79.4000015258789,78.68000030517578,79.19999694824219,59.753868103027344,3972000
2019-01-24,VNQ,78.97000122070312,79.6500015258789,78.69000244140625,79.47000122070312,59.95756912231445,4142500
2019-01-25,VNQ,79.73999786376953,80.5199966430664,79.58999633789062,80.45999908447266,60.704498291015625,5713400
2019-01-28,VNQ,80.30999755859375,81.33000183105469,80.05999755859375,81.25,61.30051803588867,5471200
2019-01-29,VNQ,81.12999725341797,81.93000030517578,80.97000122070312,81.88999938964844,61.78336715698242,4832200
2019-01-30,VNQ,81.91999816894531,82.8499984741211,81.83000183105469,82.55000305175781,62.28133010864258,6635900
2019-01-31,VNQ,82.44999694824219,83.47000122070312,81.77999877929688,83.41000366210938,62.93017578125,13041700
2019-02-01,VNQ,83.48999786376953,83.75,81.72000122070312,82.87999725341797,62.53030014038086,16142500
2019-02-04,VNQ,82.86000061035156,83.5,82.19999694824219,83.5,62.99808120727539,13612800
2019-02-05,VNQ,83.58000183105469,84.02999877929688,83.05999755859375,83.9800033569336,63.36021041870117,10279100
2019-02-06,VNQ,83.66999816894531,83.88999938964844,83.16000366210938,83.43000030517578,62.94526672363281,8419900
2019-02-07,VNQ,83.18000030517578,84.22000122070312,82.91000366210938,84.12000274658203,63.46585464477539,8823200
2019-02-08,VNQ,83.80000305175781,84.44999694824219,83.6500015258789,84.12000274658203,63.46585464477539,6853900
2019-02-11,VNQ,84.25,84.51000213623047,83.95999908447266,84.3499984741211,63.63936996459961,4999200
2019-02-12,VNQ,84.55000305175781,84.55000305175781,83.51000213623047,83.81999969482422,63.239501953125,8588900
2019-02-13,VNQ,83.83000183105469,84.33000183105469,83.5199966430664,84.25,63.56391525268555,5697000
2019-02-14,VNQ,84.37999725341797,84.83999633789062,83.98999786376953,84.5199966430664,63.767635345458984,6928100
2019-02-15,VNQ,84.73999786376953,85.0999984741211,84.54000091552734,85.08999633789062,64.19767761230469,4998600
2019-02-19,VNQ,84.91000366210938,85.2699966430664,84.75,85.06999969482422,64.18256378173828,5981200
2019-02-20,VNQ,85.01000213623047,85.01000213623047,83.9800033569336,84.54000091552734,63.78271484375,7918900
2019-02-21,VNQ,84.05999755859375,84.69999694824219,83.77999877929688,84.62000274658203,63.84307098388672,4756900
2019-02-22,VNQ,84.79000091552734,85.44999694824219,84.5199966430664,85.12000274658203,64.22030639648438,4490300
2019-02-25,VNQ,85.29000091552734,85.36000061035156,84.37000274658203,84.44999694824219,63.714813232421875,4956800
2019-02-26,VNQ,84.56999969482422,84.79000091552734,84.05000305175781,84.19000244140625,63.518672943115234,4777100
2019-02-27,VNQ,83.91000366210938,84.12999725341797,83.1500015258789,83.7699966430664,63.20176696777344,8116400
2019-02-28,VNQ,83.83000183105469,84.91999816894531,83.5199966430664,83.98999786376953,63.36775207519531,6547100
2019-03-01,VNQ,83.94000244140625,84.23999786376953,82.81999969482422,83.7300033569336,63.171607971191406,10635700
2019-03-04,VNQ,84.12000274658203,84.19999694824219,83.18000030517578,84.11000061035156,63.45830154418945,7103600
2019-03-05,VNQ,84.06999969482422,84.70999908447266,83.9000015258789,84.33999633789062,63.631813049316406,9077500
2019-03-06,VNQ,84.41999816894531,84.5999984741211,83.8499984741211,83.94999694824219,63.337581634521484,5370800
2019-03-07,VNQ,84.16000366210938,84.55000305175781,83.55000305175781,83.7699966430664,63.20176696777344,8328500
2019-03-08,VNQ,83.62999725341797,84.16000366210938,83.48999786376953,83.86000061035156,63.269683837890625,9264800
2019-03-11,VNQ,84.1500015258789,85.1500015258789,84.01000213623047,85.08999633789062,64.19767761230469,4679300
2019-03-12,VNQ,85.19999694824219,85.69000244140625,85.11000061035156,85.4800033569336,64.49193572998047,6072500
2019-03-13,VNQ,85.58000183105469,86.12999725341797,85.58000183105469,85.9000015258789,64.80878448486328,4282900
2019-03-14,VNQ,85.95999908447266,86.05000305175781,85.62000274658203,86.02999877929688,64.90686798095703,4303200
2019-03-15,VNQ,86.12000274658203,86.19000244140625,85.61000061035156,85.76000213623047,64.70315551757812,4742200
2019-03-18,VNQ,85.80000305175781,86.02999877929688,84.91999816894531,85.33000183105469,64.3787612915039,4125300
2019-03-19,VNQ,85.37999725341797,85.51000213623047,84.80999755859375,85.06999969482422,64.18256378173828,6169200
2019-03-20,VNQ,85.05000305175781,85.86000061035156,84.44000244140625,85.33000183105469,64.3787612915039,6499300
2019-03-21,VNQ,85.20999908447266,86.88999938964844,85.19999694824219,86.8499984741211,65.52552795410156,6948200
2019-03-22,VNQ,86.93000030517578,87.41999816894531,86.19999694824219,86.22000122070312,65.05022430419922,8769700
2019-03-25,VNQ,86.25,86.61000061035156,85.75,86.33000183105469,65.13323211669922,6324300
2019-03-26,VNQ,86.5199966430664,87.05999755859375,86.43000030517578,87.0199966430664,65.65377044677734,8576400
2019-03-27,VNQ,87.13999938964844,87.29000091552734,86.22000122070312,86.7699966430664,65.46517181396484,7252600
2019-03-28,VNQ,86.3499984741211,87.02999877929688,86.0999984741211,86.98999786376953,66.10040283203125,5600000
2019-03-29,VNQ,87.06999969482422,87.16000366210938,86.56999969482422,86.91000366210938,66.03963470458984,13743500
2019-04-01,VNQ,87.0,87.02999877929688,85.91000366210938,86.86000061035156,66.00164794921875,8528500
2019-04-02,VNQ,86.9800033569336,87.55000305175781,86.22000122070312,87.47000122070312,66.46515655517578,10358100
2019-04-03,VNQ,87.47000122070312,87.73999786376953,86.77999877929688,87.37000274658203,66.38917541503906,5004200
2019-04-04,VNQ,87.43000030517578,87.5,86.80000305175781,87.2300033569336,66.28278350830078,4249100
2019-04-05,VNQ,87.23999786376953,87.88999938964844,87.0999984741211,87.83999633789062,66.7463150024414,4827100
2019-04-08,VNQ,87.7699966430664,87.83000183105469,87.06999969482422,87.3499984741211,66.37397766113281,4575500
2019-04-09,VNQ,87.3499984741211,87.4800033569336,86.73999786376953,86.88999938964844,66.02442932128906,3507600
2019-04-10,VNQ,87.19999694824219,87.7699966430664,87.0199966430664,87.69000244140625,66.63232421875,4264500
2019-04-11,VNQ,87.77999877929688,88.08999633789062,87.27999877929688,87.62999725341797,66.58673858642578,2925600
2019-04-12,VNQ,87.58999633789062,88.08000183105469,86.97000122070312,88.05000305175781,66.9058837890625,4148900
2019-04-15,VNQ,88.0999984741211,88.13999938964844,87.37000274658203,87.5999984741211,66.56393432617188,3468900
2019-04-16,VNQ,87.62000274658203,87.66000366210938,85.27999877929688,85.62000274658203,65.0594253540039,7256100
2019-04-17,VNQ,85.91000366210938,86.02999877929688,84.55999755859375,84.83999633789062,64.46672058105469,6121300
2019-04-18,VNQ,85.11000061035156,85.66999816894531,84.58000183105469,85.48999786376953,64.96062469482422,4827400
2019-04-22,VNQ,85.38999938964844,85.69000244140625,83.77999877929688,84.55000305175781,64.24635314941406,5012000
2019-04-23,VNQ,84.91999816894531,85.79000091552734,84.5199966430664,85.66999816894531,65.097412109375,4692300
2019-04-24,VNQ,85.97000122070312,86.55999755859375,85.66000366210938,86.30000305175781,65.57611083984375,4853800
2019-04-25,VNQ,86.08000183105469,86.3499984741211,85.47000122070312,86.12000274658203,65.43934631347656,3732500
2019-04-26,VNQ,86.27999877929688,86.87000274658203,86.12999725341797,86.80000305175781,65.9560546875,3109400
2019-04-29,VNQ,86.70999908447266,86.97000122070312,85.8499984741211,85.94999694824219,65.3101577758789,4280600
2019-04-30,VNQ,86.0199966430664,86.94999694824219,85.4800033569336,86.7699966430664,65.9332504272461,5541400
2019-05-01,VNQ,86.7699966430664,87.83000183105469,86.72000122070312,86.83999633789062,65.98643493652344,7675800
2019-05-02,VNQ,86.87999725341797,87.77999877929688,86.66999816894531,86.93000030517578,66.05484771728516,5675900
2019-05-03,VNQ,87.23999786376953,87.79000091552734,86.93000030517578,87.66999816894531,66.61714172363281,4678400
2019-05-06,VNQ,87.25,87.66999816894531,86.87000274658203,87.38999938964844,66.40437316894531,4836000
2019-05-07,VNQ,87.27999877929688,87.27999877929688,85.20999908447266,85.80999755859375,65.20377349853516,7037100
2019-05-08,VNQ,85.87999725341797,86.58000183105469,85.66999816894531,85.72000122070312,65.1353988647461,5976800
2019-05-09,VNQ,85.56999969482422,86.11000061035156,84.95999908447266,85.94000244140625,65.30255889892578,4005000
2019-05-10,VNQ,85.87999725341797,87.08000183105469,85.70999908447266,86.86000061035156,66.00164794921875,4269000
2019-05-13,VNQ,86.31999969482422,86.9000015258789,86.08000183105469,86.7699966430664,65.9332504272461,5794100
2019-05-14,VNQ,86.94999694824219,87.37000274658203,86.73999786376953,87.08999633789062,66.17638397216797,4740500
2019-05-15,VNQ,87.01000213623047,87.88999938964844,86.72000122070312,87.68000030517578,66.62471008300781,3410600
2019-05-16,VNQ,87.6500015258789,88.41999816894531,87.44999694824219,88.02999877929688,66.89068603515625,4008500
2019-05-17,VNQ,87.7300033569336,88.06999969482422,87.41000366210938,87.86000061035156,66.76151275634766,5346600
2019-05-20,VNQ,87.41999816894531,87.69000244140625,86.23999786376953,86.58999633789062,65.7964859008789,4221100
2019-05-21,VNQ,86.87000274658203,87.55000305175781,86.75,87.33000183105469,66.35877227783203,2930100
2019-05-22,VNQ,87.41999816894531,87.6500015258789,87.16000366210938,87.58999633789062,66.55633544921875,2825100
2019-05-23,VNQ,87.37999725341797,87.87000274658203,87.08999633789062,87.79000091552734,66.70829010009766,3304500
2019-05-24,VNQ,88.0199966430664,88.47000122070312,87.98999786376953,88.05999755859375,66.91348266601562,3121800
2019-05-28,VNQ,88.33000183105469,88.58999633789062,87.13999938964844,87.19000244140625,66.25238800048828,4614500
2019-05-29,VNQ,87.05999755859375,87.20999908447266,85.70999908447266,86.02999877929688,65.37093353271484,8170000
2019-05-30,VNQ,86.12000274658203,86.77999877929688,86.02999877929688,86.38999938964844,65.64450073242188,3984100
2019-05-31,VNQ,86.16000366210938,87.37000274658203,85.88999938964844,86.88999938964844,66.02442932128906,5369200
2019-06-03,VNQ,87.19999694824219,87.38999938964844,86.4800033569336,87.0999984741211,66.18400573730469,6347800
2019-06-04,VNQ,87.25,87.25,85.94999694824219,86.70999908447266,65.88766479492188,6993200
2019-06-05,VNQ,87.20999908447266,88.62000274658203,86.98999786376953,88.5199966430664,67.26300811767578,6775400
2019-06-06,VNQ,88.80000305175781,88.88999938964844,88.05000305175781,88.69000244140625,67.39217376708984,4077200
2019-06-07,VNQ,89.12999725341797,89.56999969482422,88.91999816894531,89.0199966430664,67.6429443359375,3525700
2019-06-10,VNQ,89.19000244140625,89.29000091552734,88.4000015258789,88.7300033569336,67.42259216308594,2945500
2019-06-11,VNQ,88.98999786376953,89.19000244140625,88.30999755859375,88.97000122070312,67.60494995117188,3834000
2019-06-12,VNQ,89.04000091552734,89.56999969482422,88.9000015258789,89.2699966430664,67.83291625976562,2768500
2019-06-13,VNQ,89.3499984741211,89.6500015258789,89.0999984741211,89.6500015258789,68.12165832519531,2799400
2019-06-14,VNQ,89.5999984741211,90.12000274658203,89.55000305175781,89.69999694824219,68.1596450805664,2981700
2019-06-17,VNQ,89.94000244140625,90.77999877929688,89.94000244140625,90.66000366210938,68.88912200927734,3574900
2019-06-18,VNQ,91.33000183105469,91.58999633789062,90.16000366210938,90.56999969482422,68.82073974609375,4449200
2019-06-19,VNQ,90.41999816894531,91.36000061035156,90.01000213623047,91.05999755859375,69.19305419921875,3694600
2019-06-20,VNQ,91.55999755859375,91.8499984741211,91.38999938964844,91.5199966430664,69.54261016845703,4862000
2019-06-21,VNQ,91.0,91.2699966430664,90.04000091552734,90.2300033569336,68.56237030029297,7941700
2019-06-24,VNQ,90.62999725341797,90.91000366210938,89.6500015258789,89.91999816894531,68.32682800292969,3773600
2019-06-25,VNQ,89.94000244140625,90.16999816894531,88.58999633789062,88.58999633789062,67.31621551513672,5381300
2019-06-26,VNQ,88.62999725341797,88.72000122070312,86.61000061035156,86.81999969482422,65.97124481201172,12897000
2019-06-27,VNQ,86.52999877929688,87.16000366210938,86.37000274658203,87.0999984741211,66.82051086425781,6924500
2019-06-28,VNQ,87.20999908447266,87.95999908447266,87.13999938964844,87.4000015258789,67.0506362915039,9638200
2019-07-01,VNQ,87.9800033569336,87.9800033569336,86.33000183105469,87.36000061035156,67.01996612548828,9746000
2019-07-02,VNQ,87.44000244140625,88.87999725341797,87.44000244140625,88.87999725341797,68.18604278564453,7633700
2019-07-03,VNQ,89.0199966430664,90.01000213623047,88.94999694824219,89.94000244140625,68.99928283691406,5418000
2019-07-05,VNQ,89.30999755859375,89.91000366210938,88.22000122070312,89.62000274658203,68.75377655029297,5375100
2019-07-08,VNQ,89.52999877929688,90.08999633789062,89.38999938964844,89.94000244140625,68.99928283691406,4509700
2019-07-09,VNQ,89.75,90.38999938964844,89.51000213623047,90.23999786376953,69.22940063476562,4906800
2019-07-10,VNQ,90.62000274658203,91.0,90.1500015258789,90.76000213623047,69.62834930419922,6833700
2019-07-11,VNQ,90.7699966430664,90.7699966430664,89.23999786376953,89.58000183105469,68.72309112548828,4020600
2019-07-12,VNQ,89.6500015258789,89.7699966430664,89.06999969482422,89.45999908447266,68.63103485107422,2948600
2019-07-15,VNQ,89.58000183105469,89.9800033569336,89.30000305175781,89.38999938964844,68.57733154296875,3185700
2019-07-16,VNQ,89.2699966430664,89.56999969482422,88.80999755859375,89.18000030517578,68.4162368774414,3611600
2019-07-17,VNQ,89.41000366210938,89.69000244140625,88.36000061035156,88.87999725341797,68.18604278564453,6422000
2019-07-18,VNQ,88.6500015258789,89.12000274658203,88.16999816894531,88.87999725341797,68.18604278564453,7048200
2019-07-19,VNQ,88.97000122070312,89.02999877929688,87.30999755859375,87.43000030517578,67.07366943359375,5064600
2019-07-22,VNQ,87.52999877929688,87.69000244140625,87.0199966430664,87.3499984741211,67.0123062133789,3265200
2019-07-23,VNQ,87.55999755859375,88.33999633789062,87.29000091552734,88.33999633789062,67.77178192138672,4239800
2019-07-24,VNQ,88.44999694824219,88.5,87.9000015258789,88.41000366210938,67.82550048828125,2946100
2019-07-25,VNQ,88.37999725341797,88.44000244140625,87.58000183105469,87.88999938964844,67.42655944824219,5629200
2019-07-26,VNQ,88.01000213623047,88.44000244140625,87.62999725341797,88.29000091552734,67.73343658447266,3111900
2019-07-29,VNQ,88.44000244140625,89.13999938964844,88.37999725341797,88.52999877929688,67.91757202148438,4898200
2019-07-30,VNQ,88.47000122070312,89.55999755859375,88.44999694824219,89.23999786376953,68.46224975585938,3818100
2019-07-31,VNQ,89.33999633789062,89.9800033569336,88.37999725341797,88.88999938964844,68.19374084472656,5979800
2019-08-01,VNQ,89.01000213623047,89.72000122070312,88.3499984741211,88.88999938964844,68.19374084472656,8371300
2019-08-02,VNQ,88.81999969482422,89.79000091552734,88.66999816894531,89.31999969482422,68.52361297607422,4794000
2019-08-05,VNQ,89.0999984741211,89.1500015258789,86.44999694824219,87.55999755859375,67.17340850830078,6840000
2019-08-06,VNQ,87.76000213623047,89.0199966430664,87.54000091552734,88.52999877929688,67.91757202148438,7789000
2019-08-07,VNQ,88.19999694824219,89.98999786376953,87.36000061035156,89.38999938964844,68.57733154296875,8674600
2019-08-08,VNQ,89.58999633789062,90.95999908447266,88.9800033569336,90.95999908447266,69.78177642822266,5766700
2019-08-09,VNQ,90.80000305175781,91.1500015258789,90.0,90.8499984741211,69.69739532470703,3304800
2019-08-12,VNQ,90.73999786376953,90.9800033569336,90.13999938964844,90.61000061035156,69.5132827758789,2944000
2019-08-13,VNQ,90.55999755859375,91.0199966430664,90.01000213623047,90.73999786376953,69.61299896240234,4540200
2019-08-14,VNQ,90.33999633789062,90.4800033569336,89.1500015258789,89.36000061035156,68.5542984008789,4645100
2019-08-15,VNQ,89.48999786376953,90.44000244140625,89.38999938964844,90.25,69.2370834350586,4582900
2019-08-16,VNQ,90.45999908447266,91.3499984741211,90.25,91.18000030517578,69.9505615234375,3951100
2019-08-19,VNQ,91.56999969482422,92.05000305175781,91.16999816894531,91.83999633789062,70.4568862915039,3255600
2019-08-20,VNQ,92.13999938964844,92.20999908447266,91.12000274658203,91.19000244140625,69.95822143554688,2556300
2019-08-21,VNQ,91.44000244140625,91.76000213623047,91.08000183105469,91.56999969482422,70.24974060058594,2739400
2019-08-22,VNQ,91.55999755859375,92.05999755859375,91.05000305175781,91.98999786376953,70.57196044921875,2587300
2019-08-23,VNQ,91.91000366210938,92.55000305175781,90.4000015258789,90.69999694824219,69.58232879638672,5776500
2019-08-26,VNQ,91.19999694824219,91.4800033569336,90.7699966430664,91.4000015258789,70.1193618774414,2736200
2019-08-27,VNQ,91.9000015258789,92.12999725341797,91.06999969482422,91.13999938964844,69.91987609863281,3252300
2019-08-28,VNQ,91.12999725341797,91.58000183105469,90.91000366210938,91.44000244140625,70.1500244140625,3498600
2019-08-29,VNQ,91.8499984741211,92.25,91.63999938964844,92.1500015258789,70.69470977783203,2688000
2019-08-30,VNQ,92.41000366210938,92.51000213623047,91.80999755859375,92.22000122070312,70.74842071533203,5678300
2019-09-03,VNQ,92.19999694824219,93.23999786376953,92.0,93.13999938964844,71.45420837402344,5927900
2019-09-04,VNQ,93.5999984741211,94.06999969482422,93.44000244140625,93.91999816894531,72.05259704589844,4757100
2019-09-05,VNQ,94.01000213623047,94.01000213623047,93.06999969482422,93.23999786376953,71.53093719482422,6036600
2019-09-06,VNQ,93.51000213623047,93.79000091552734,93.22000122070312,93.44999694824219,71.6920394897461,2986400
2019-09-09,VNQ,93.44999694824219,93.45999908447266,92.75,93.0,71.34679412841797,3772100
2019-09-10,VNQ,92.66000366210938,92.68000030517578,91.23999786376953,92.04000091552734,70.61031341552734,5379400
2019-09-11,VNQ,91.91999816894531,92.29000091552734,91.41999816894531,92.13999938964844,70.68704223632812,3972200
2019-09-12,VNQ,92.8499984741211,93.16999816894531,92.08999633789062,92.62999725341797,71.06295776367188,3486100
2019-09-13,VNQ,92.5199966430664,92.98999786376953,91.36000061035156,91.63999938964844,70.30343627929688,6109300
2019-09-16,VNQ,91.80000305175781,92.58999633789062,91.48999786376953,92.44000244140625,70.91719055175781,4688300
2019-09-17,VNQ,92.8499984741211,93.4800033569336,92.61000061035156,93.44000244140625,71.68434143066406,3674800
2019-09-18,VNQ,93.97000122070312,93.97000122070312,92.33999633789062,93.12000274658203,71.4388427734375,5655000
2019-09-19,VNQ,93.31999969482422,93.8499984741211,93.22000122070312,93.44999694824219,71.6920394897461,2892800
2019-09-20,VNQ,93.66000366210938,93.94000244140625,93.18000030517578,93.44999694824219,71.6920394897461,6900400
2019-09-23,VNQ,93.26000213623047,94.0,93.2300033569336,93.5999984741211,71.80709838867188,3515200
2019-09-24,VNQ,93.11000061035156,93.33000183105469,92.33999633789062,92.6500015258789,71.6478042602539,3705600
2019-09-25,VNQ,92.6500015258789,93.05000305175781,92.41000366210938,92.83000183105469,71.7869873046875,7088700
2019-09-26,VNQ,93.11000061035156,93.83000183105469,93.0,93.61000061035156,72.39019775390625,2984700
2019-09-27,VNQ,93.80999755859375,93.91000366210938,92.44000244140625,93.08999633789062,71.9880599975586,4090300
2019-09-30,VNQ,93.19000244140625,93.72000122070312,93.11000061035156,93.25,72.1117935180664,3189800
2019-10-01,VNQ,93.19999694824219,93.4800033569336,92.22000122070312,92.37000274658203,71.43128204345703,5226300
2019-10-02,VNQ,92.37999725341797,92.44999694824219,91.38999938964844,91.9800033569336,71.12969207763672,3384300
2019-10-03,VNQ,91.93000030517578,93.12000274658203,91.75,92.87000274658203,71.81796264648438,6634500
2019-10-04,VNQ,93.05000305175781,93.47000122070312,92.9800033569336,93.43000030517578,72.25096893310547,2189400
2019-10-07,VNQ,93.0,93.69000244140625,92.8499984741211,93.2300033569336,72.09632873535156,3667600
2019-10-08,VNQ,93.12000274658203,93.5,92.29000091552734,92.73999786376953,71.7174072265625,3108100
2019-10-09,VNQ,93.66999816894531,93.66999816894531,92.80000305175781,92.91999816894531,71.85662078857422,4166000
2019-10-10,VNQ,92.87999725341797,93.25,92.55000305175781,93.06999969482422,71.97260284423828,3719700
2019-10-11,VNQ,93.41000366210938,93.77999877929688,92.9800033569336,93.02999877929688,71.94165802001953,3376300
2019-10-14,VNQ,93.13999938964844,93.29000091552734,92.72000122070312,93.06999969482422,71.97260284423828,1877600
2019-10-15,VNQ,93.1500015258789,93.29000091552734,92.55999755859375,93.19000244140625,72.06541442871094,3218500
2019-10-16,VNQ,93.13999938964844,93.22000122070312,92.62000274658203,93.19999694824219,72.0731430053711,3413900
2019-10-17,VNQ,93.38999938964844,93.95999908447266,93.25,93.80999755859375,72.54485321044922,3223100
2019-10-18,VNQ,93.7300033569336,94.66999816894531,93.69000244140625,94.52999877929688,73.10164642333984,2492100
2019-10-21,VNQ,94.6500015258789,95.29000091552734,94.41000366210938,95.25,73.65843963623047,2591900
2019-10-22,VNQ,95.45999908447266,95.48999786376953,94.79000091552734,94.97000122070312,73.44190216064453,2644200
2019-10-23,VNQ,95.11000061035156,95.2699966430664,94.43000030517578,95.18000030517578,73.60430908203125,3020200
2019-10-24,VNQ,95.37000274658203,95.37000274658203,94.70999908447266,94.94000244140625,73.418701171875,3148800
2019-10-25,VNQ,94.87999725341797,94.98999786376953,93.94999694824219,94.12999725341797,72.7923355102539,4184600
2019-10-28,VNQ,94.12999725341797,94.12999725341797,93.44999694824219,93.55999755859375,72.35151672363281,4897400
2019-10-29,VNQ,93.72000122070312,94.38999938964844,93.5999984741211,94.12999725341797,72.7923355102539,5512200
2019-10-30,VNQ,94.0199966430664,94.52999877929688,93.47000122070312,94.47000122070312,73.05525207519531,3861400
2019-10-31,VNQ,94.66999816894531,94.76000213623047,93.94999694824219,94.30000305175781,72.92376708984375,4723500
2019-11-01,VNQ,94.41000366210938,94.79000091552734,93.44999694824219,94.27999877929688,72.90831756591797,6520400
2019-11-04,VNQ,94.25,94.27999877929688,93.41999816894531,93.62000274658203,72.39791870117188,3878100
2019-11-05,VNQ,93.3499984741211,93.3499984741211,91.66999816894531,92.02999877929688,71.16835021972656,9141700
2019-11-06,VNQ,92.22000122070312,92.66999816894531,92.0199966430664,92.2300033569336,71.3230209350586,4500400
2019-11-07,VNQ,91.9800033569336,92.08000183105469,90.9800033569336,91.30999755859375,70.61156463623047,4945300
2019-11-08,VNQ,91.20999908447266,91.69999694824219,90.91000366210938,91.08999633789062,70.4414291381836,7330200
2019-11-11,VNQ,91.0999984741211,91.58000183105469,91.0,91.29000091552734,70.5960922241211,3525200
2019-11-12,VNQ,91.31999969482422,91.87999725341797,90.5199966430664,90.5999984741211,70.0625228881836,5701600
2019-11-13,VNQ,90.69999694824219,91.58999633789062,90.6500015258789,91.43000030517578,70.7043685913086,4316000
2019-11-14,VNQ,91.5999984741211,92.16000366210938,91.5,92.13999938964844,71.25341033935547,5136200
2019-11-15,VNQ,92.29000091552734,92.66999816894531,92.05000305175781,92.63999938964844,71.64008331298828,2785200
2019-11-18,VNQ,92.7699966430664,93.5,92.70999908447266,93.08999633789062,71.9880599975586,3251900
2019-11-19,VNQ,93.33999633789062,93.5199966430664,93.0,93.25,72.1117935180664,4065100
2019-11-20,VNQ,93.31999969482422,93.4800033569336,92.79000091552734,93.19999694824219,72.0731430053711,5698800
2019-11-21,VNQ,92.94999694824219,93.01000213623047,91.86000061035156,91.88999938964844,71.0600814819336,5002900
2019-11-22,VNQ,92.05999755859375,92.12999725341797,91.05000305175781,91.55000305175781,70.79715728759766,5112000
2019-11-25,VNQ,91.73999786376953,92.37000274658203,91.73999786376953,91.83999633789062,71.02141571044922,5183500
2019-11-26,VNQ,92.04000091552734,93.11000061035156,91.94999694824219,93.05999755859375,71.9648666381836,4858500
2019-11-27,VNQ,93.05999755859375,93.55000305175781,92.77999877929688,93.5,72.30512237548828,4121600
2019-11-29,VNQ,93.5,93.8499984741211,93.02999877929688,93.06999969482422,71.97260284423828,3531100
2019-12-02,VNQ,92.69999694824219,93.0199966430664,91.61000061035156,91.66000366210938,70.88221740722656,9430800
2019-12-03,VNQ,91.62000274658203,92.37000274658203,91.54000091552734,92.25,71.3384780883789,4762900
2019-12-04,VNQ,92.06999969482422,92.97000122070312,91.97000122070312,92.62999725341797,71.6323471069336,4129800
2019-12-05,VNQ,92.61000061035156,92.72000122070312,92.16000366210938,92.68000030517578,71.67098999023438,4846800
2019-12-06,VNQ,92.6500015258789,93.37000274658203,92.6500015258789,92.87000274658203,71.81796264648438,4486000
2019-12-09,VNQ,93.0,93.22000122070312,92.61000061035156,93.05000305175781,71.9571533203125,3961000
2019-12-10,VNQ,93.08000183105469,93.27999877929688,92.30000305175781,92.51000213623047,71.5395278930664,5227100
2019-12-11,VNQ,92.58000183105469,92.61000061035156,91.29000091552734,91.56999969482422,70.8126220703125,5112100
2019-12-12,VNQ,91.58000183105469,91.91000366210938,90.19999694824219,90.33000183105469,69.85370635986328,7923900
2019-12-13,VNQ,90.37000274658203,90.80000305175781,89.68000030517578,90.3499984741211,69.86917114257812,6814200
2019-12-16,VNQ,90.61000061035156,91.19999694824219,89.9800033569336,91.0,70.371826171875,5185200
2019-12-17,VNQ,91.27999877929688,91.31999969482422,89.98999786376953,90.13999938964844,69.70677185058594,9649900
2019-12-18,VNQ,89.22000122070312,90.5199966430664,89.22000122070312,90.2699966430664,70.5563735961914,6340700
2019-12-19,VNQ,90.2300033569336,91.12000274658203,90.12999725341797,91.06999969482422,71.18169403076172,6117400
2019-12-20,VNQ,91.31999969482422,91.97000122070312,91.25,91.56999969482422,71.5724868774414,9514600
2019-12-23,VNQ,92.05000305175781,92.05000305175781,91.0199966430664,91.11000061035156,71.21295928955078,5369100
2019-12-24,VNQ,91.33000183105469,91.51000213623047,91.0,91.3499984741211,71.40052795410156,1962000
2019-12-26,VNQ,91.41999816894531,91.7699966430664,91.29000091552734,91.75,71.71318817138672,2243900
2019-12-27,VNQ,91.95999908447266,92.18000030517578,91.69999694824219,92.04000091552734,71.93985748291016,4195900
2019-12-30,VNQ,91.88999938964844,92.20999908447266,91.62000274658203,92.12999725341797,72.01019287109375,3466500
2019-12-31,VNQ,92.08999633789062,92.83000183105469,92.0,92.79000091552734,72.52607727050781,4649500
2020-01-02,VNQ,93.19000244140625,93.23999786376953,91.0999984741211,91.69999694824219,71.67410278320312,5106600
2020-01-03,VNQ,91.23999786376953,92.45999908447266,91.02999877929688,92.2699966430664,72.11964416503906,5015500
2020-01-06,VNQ,92.16999816894531,92.70999908447266,91.87000274658203,92.37999725341797,72.20560455322266,4889000
2020-01-07,VNQ,92.18000030517578,92.18000030517578,90.8499984741211,91.3499984741211,71.40052795410156,6529100
2020-01-08,VNQ,91.38999938964844,91.80999755859375,91.05999755859375,91.62999725341797,71.61937713623047,6766100
2020-01-09,VNQ,91.61000061035156,91.87000274658203,91.36000061035156,91.58000183105469,71.58031463623047,4213800
2020-01-10,VNQ,91.77999877929688,92.38999938964844,91.52999877929688,92.27999877929688,72.12744903564453,5838800
2020-01-13,VNQ,92.37000274658203,93.4000015258789,92.33999633789062,93.38999938964844,72.99504089355469,5552600
2020-01-14,VNQ,93.30000305175781,93.3499984741211,92.5199966430664,93.04000091552734,72.72146606445312,4120700
2020-01-15,VNQ,93.30999755859375,94.08000183105469,93.2699966430664,93.87999725341797,73.37803649902344,4471500
2020-01-16,VNQ,94.02999877929688,94.62999725341797,93.87000274658203,94.62999725341797,73.96421813964844,4426700
2020-01-17,VNQ,94.58000183105469,95.02999877929688,94.5199966430664,94.72000122070312,74.03459930419922,3581300
2020-01-21,VNQ,94.83999633789062,95.69000244140625,94.58999633789062,95.62000274658203,74.738037109375,4217400
2020-01-22,VNQ,95.8499984741211,96.1500015258789,94.81999969482422,94.9800033569336,74.23780822753906,5024300
2020-01-23,VNQ,95.08999633789062,95.81999969482422,94.69000244140625,95.77999877929688,74.86309051513672,4825000
2020-01-24,VNQ,95.9000015258789,96.04000091552734,95.16000366210938,95.44999694824219,74.60516357421875,3518100
2020-01-27,VNQ,94.95999908447266,95.30999755859375,94.7300033569336,94.98999786376953,74.24561309814453,3047000
2020-01-28,VNQ,95.1500015258789,95.66999816894531,94.97000122070312,95.37000274658203,74.54263305664062,3006100
2020-01-29,VNQ,95.66000366210938,95.77999877929688,94.93000030517578,95.0199966430664,74.26904296875,3785500
2020-01-30,VNQ,94.7699966430664,95.29000091552734,94.5999984741211,95.08999633789062,74.32377624511719,4142400
2020-01-31,VNQ,95.0,95.0999984741211,93.66999816894531,93.93000030517578,73.41712951660156,6370900
2020-02-03,VNQ,93.87999725341797,94.94999694824219,93.8499984741211,94.23999786376953,73.65940856933594,7508200
2020-02-04,VNQ,94.58000183105469,95.5999984741211,94.31999969482422,95.20999908447266,74.4176025390625,4422900
2020-02-05,VNQ,95.38999938964844,95.62999725341797,95.05000305175781,95.2699966430664,74.46446228027344,4413700
2020-02-06,VNQ,95.55000305175781,95.87000274658203,95.41000366210938,95.58999633789062,74.714599609375,3327500
2020-02-07,VNQ,95.72000122070312,95.83000183105469,95.31999969482422,95.56999969482422,74.69895935058594,3176200
2020-02-10,VNQ,95.94999694824219,96.66000366210938,95.83999633789062,96.63999938964844,75.53528594970703,4457000
2020-02-11,VNQ,96.97000122070312,97.95999908447266,96.97000122070312,97.37000274658203,76.10588836669922,5362200
2020-02-12,VNQ,97.52999877929688,98.25,97.12999725341797,97.94999694824219,76.55921173095703,6298700
2020-02-13,VNQ,97.93000030517578,98.7300033569336,97.75,98.54000091552734,77.02035522460938,3683500
2020-02-14,VNQ,98.7699966430664,99.58000183105469,98.63999938964844,99.55999755859375,77.81759643554688,3004800
2020-02-18,VNQ,99.62000274658203,99.69000244140625,98.87999725341797,99.44999694824219,77.73162841796875,4186800
2020-02-19,VNQ,99.5,99.5,98.0999984741211,98.11000061035156,76.68425750732422,4415200
2020-02-20,VNQ,98.16000366210938,99.33000183105469,97.87000274658203,99.27999877929688,77.59876251220703,5556500
2020-02-21,VNQ,99.2699966430664,99.72000122070312,99.02999877929688,99.56999969482422,77.82540893554688,3670800
2020-02-24,VNQ,98.38999938964844,99.12999725341797,97.75,98.20999908447266,76.76242065429688,5214600
2020-02-25,VNQ,98.44000244140625,98.62000274658203,95.29000091552734,95.55000305175781,74.6833267211914,7378900
2020-02-26,VNQ,95.73999786376953,96.45999908447266,94.47000122070312,94.5199966430664,73.87826538085938,9407200
2020-02-27,VNQ,93.0999984741211,93.30000305175781,89.48999786376953,89.48999786376953,69.94673156738281,11869100
2020-02-28,VNQ,87.5,88.19999694824219,84.66000366210938,87.33000183105469,68.2584457397461,22471800
2020-03-02,VNQ,87.6500015258789,91.06999969482422,87.16000366210938,91.05999755859375,71.17388153076172,14250500
2020-03-03,VNQ,91.18000030517578,93.30999755859375,90.0999984741211,90.8499984741211,71.0097427368164,14654200
2020-03-04,VNQ,92.26000213623047,94.4000015258789,92.12999725341797,94.27999877929688,73.69066619873047,10638200
2020-03-05,VNQ,92.72000122070312,93.44000244140625,91.1500015258789,92.26000213623047,72.11181640625,9803600
2020-03-06,VNQ,90.23999786376953,91.01000213623047,87.79000091552734,90.66999816894531,70.86904907226562,10302700
2020-03-09,VNQ,86.0,86.52999877929688,83.55999755859375,83.68000030517578,65.40557098388672,14017500
2020-03-10,VNQ,85.05000305175781,86.62000274658203,81.83000183105469,86.54000091552734,68.16886138916016,11782100
2020-03-11,VNQ,84.6500015258789,84.6500015258789,80.52999877929688,81.33999633789062,64.07273864746094,16447000
2020-03-12,VNQ,75.9000015258789,78.52999877929688,72.5999984741211,73.0999984741211,57.58195877075195,16761500
2020-03-13,VNQ,77.33000183105469,79.56999969482422,73.0199966430664,79.4800033569336,62.60759735107422,10968600
2020-03-16,VNQ,71.87999725341797,74.3499984741211,65.23999786376953,65.38999938964844,51.508689880371094,11396500
2020-03-17,VNQ,66.62999725341797,70.5,64.44000244140625,69.16999816894531,54.48624038696289,9100900
2020-03-18,VNQ,65.04000091552734,67.44000244140625,60.5,62.59000015258789,49.30308532714844,15714500
2020-03-19,VNQ,61.709999084472656,64.25,60.0,62.810001373291016,49.47636795043945,13090000
2020-03-20,VNQ,63.54999923706055,65.19999694824219,59.349998474121094,59.68000030517578,47.010833740234375,18838000
2020-03-23,VNQ,59.38999938964844,59.5,55.58000183105469,56.90999984741211,44.828857421875,15558600
2020-03-24,VNQ,59.61000061035156,62.2599983215332,58.779998779296875,62.029998779296875,48.86195755004883,14401600
2020-03-25,VNQ,62.290000915527344,68.7699966430664,61.83000183105469,65.37000274658203,51.49293899536133,15209300
2020-03-26,VNQ,65.9800033569336,70.25,65.58000183105469,69.9800033569336,55.124290466308594,14486100
2020-03-27,VNQ,67.79000091552734,71.83000183105469,67.4000015258789,70.05000305175781,55.179443359375,11521700
2020-03-30,VNQ,70.76000213623047,71.83000183105469,68.44000244140625,71.58000183105469,56.3846435546875,12754300
2020-03-31,VNQ,71.05999755859375,71.22000122070312,67.94999694824219,69.8499984741211,55.02190017700195,16815900
2020-04-01,VNQ,66.51000213623047,66.80000305175781,63.88999938964844,65.26000213623047,51.40629196166992,12174800
2020-04-02,VNQ,64.31999969482422,66.83999633789062,64.16999816894531,65.4800033569336,51.57958221435547,10916700
2020-04-03,VNQ,64.98999786376953,65.87999725341797,63.27000045776367,64.52999877929688,50.83125305175781,8986700
2020-04-06,VNQ,66.80999755859375,69.68000030517578,66.80999755859375,69.30999755859375,54.596534729003906,8382200
2020-04-07,VNQ,71.98999786376953,73.3499984741211,69.91999816894531,69.94999694824219,55.10065841674805,7675100
2020-04-08,VNQ,71.0,75.16000366210938,70.0999984741211,74.72000122070312,58.85807418823242,9628300
2020-04-09,VNQ,75.9800033569336,79.98999786376953,75.9800033569336,78.91000366210938,62.158599853515625,13840900
2020-04-13,VNQ,78.41000366210938,78.61000061035156,75.06999969482422,75.58999633789062,59.54337692260742,10139000
2020-04-14,VNQ,77.08999633789062,78.52999877929688,77.08999633789062,77.70999908447266,61.21331787109375,9400800
2020-04-15,VNQ,75.30999755859375,76.16999816894531,73.83000183105469,74.62999725341797,58.78715896606445,8568200
2020-04-16,VNQ,74.7699966430664,75.20999908447266,73.27999877929688,73.77999877929688,58.11760711669922,6252800
2020-04-17,VNQ,75.91999816894531,76.51000213623047,75.06999969482422,76.11000061035156,59.95298767089844,8593100
2020-04-20,VNQ,74.54000091552734,74.95999908447266,73.26000213623047,73.27999877929688,57.723758697509766,6631000
2020-04-21,VNQ,71.36000061035156,72.55000305175781,70.98999786376953,71.94999694824219,56.676090240478516,8620400
2020-04-22,VNQ,73.05999755859375,73.66000366210938,72.44999694824219,73.05000305175781,57.5425910949707,6484200
2020-04-23,VNQ,73.2699966430664,73.88999938964844,72.19000244140625,72.44000244140625,57.06206512451172,7648200
2020-04-24,VNQ,72.97000122070312,73.12000274658203,71.87000274658203,72.75,57.3062744140625,6419000
2020-04-27,VNQ,73.41000366210938,75.51000213623047,73.25,75.23999786376953,59.26768112182617,7669500
2020-04-28,VNQ,76.68000030517578,77.80000305175781,75.80000305175781,75.86000061035156,59.75606155395508,8177900
2020-04-29,VNQ,77.5,78.05000305175781,76.68000030517578,77.0,60.65406799316406,7307000
2020-04-30,VNQ,75.87000274658203,76.36000061035156,74.80999755859375,76.11000061035156,59.95298767089844,8606000
2020-05-01,VNQ,74.08000183105469,74.37000274658203,72.76000213623047,73.54000091552734,57.92857360839844,6013600
2020-05-04,VNQ,72.66000366210938,73.23999786376953,71.56999969482422,73.18000030517578,57.64500045776367,7288000
2020-05-05,VNQ,73.9000015258789,74.66000366210938,73.43000030517578,73.54000091552734,57.92857360839844,7520300
2020-05-06,VNQ,73.79000091552734,74.1500015258789,72.19999694824219,72.22000122070312,56.88877487182617,6266800
2020-05-07,VNQ,72.9000015258789,74.30000305175781,72.8499984741211,73.25,57.70011901855469,6727300
2020-05-08,VNQ,74.22000122070312,75.23999786376953,74.06999969482422,74.98999786376953,59.07075881958008,6625600
2020-05-11,VNQ,74.12999725341797,75.08000183105469,73.5,73.9000015258789,58.212154388427734,6874900
2020-05-12,VNQ,74.22000122070312,74.22000122070312,70.4800033569336,70.54000091552734,55.5654182434082,11764700
2020-05-13,VNQ,70.02999877929688,70.36000061035156,68.51000213623047,68.83000183105469,54.21842956542969,8358600
2020-05-14,VNQ,67.87000274658203,69.06999969482422,66.2699966430664,69.06999969482422,54.407474517822266,8609800
2020-05-15,VNQ,68.62999725341797,68.83999633789062,67.58000183105469,68.80000305175781,54.19479751586914,11916700
2020-05-18,VNQ,71.01000213623047,73.43000030517578,71.01000213623047,72.87000274658203,57.400794982910156,8617200
2020-05-19,VNQ,72.58999633789062,72.94999694824219,71.88999938964844,71.88999938964844,56.628841400146484,5804700
2020-05-20,VNQ,72.79000091552734,72.83999633789062,72.01000213623047,72.52999877929688,57.132965087890625,5133700
2020-05-21,VNQ,72.20999908447266,73.08999633789062,71.9000015258789,72.58999633789062,57.18022155761719,5385100
2020-05-22,VNQ,72.58999633789062,73.62999725341797,72.27999877929688,73.56999969482422,57.95220184326172,4737900
2020-05-26,VNQ,75.76000213623047,76.72000122070312,75.55000305175781,76.31999969482422,60.11842346191406,6001000
2020-05-27,VNQ,78.0,78.2699966430664,75.97000122070312,77.83999633789062,61.315731048583984,5880500
2020-05-28,VNQ,78.69000244140625,78.81999969482422,77.58000183105469,78.20999908447266,61.60718536376953,5642800
2020-05-29,VNQ,77.58000183105469,78.13999938964844,76.88999938964844,77.43000030517578,60.99278259277344,8989500
2020-06-01,VNQ,77.36000061035156,79.79000091552734,77.2699966430664,79.22000122070312,62.40279769897461,11218300
2020-06-02,VNQ,79.80999755859375,80.0999984741211,79.02999877929688,79.86000061035156,62.906917572021484,7162100
2020-06-03,VNQ,80.69000244140625,82.7699966430664,80.66999816894531,82.41999816894531,64.92346954345703,7485600
2020-06-04,VNQ,82.0199966430664,82.12000274658203,80.86000061035156,81.5999984741211,64.27754211425781,5503500
2020-06-05,VNQ,84.48999786376953,86.06999969482422,84.30000305175781,84.69000244140625,66.71160125732422,6158800
2020-06-08,VNQ,85.81999969482422,86.80000305175781,85.66999816894531,86.79000091552734,68.36581420898438,7130500
2020-06-09,VNQ,85.20999908447266,85.9000015258789,84.30000305175781,85.3499984741211,67.23147583007812,7168900
2020-06-10,VNQ,85.11000061035156,85.11000061035156,82.52999877929688,83.18000030517578,65.52213287353516,6433900
2020-06-11,VNQ,79.56999969482422,80.62999725341797,77.7300033569336,77.83999633789062,61.315731048583984,8611900
2020-06-12,VNQ,80.55000305175781,80.91999816894531,78.44000244140625,80.62999725341797,63.513465881347656,8871700
2020-06-15,VNQ,78.1500015258789,82.19000244140625,77.9800033569336,81.7699966430664,64.41146087646484,6138600
2020-06-16,VNQ,84.61000061035156,84.83999633789062,82.0199966430664,83.37999725341797,65.67965698242188,5811700
2020-06-17,VNQ,83.87000274658203,83.94999694824219,82.16000366210938,82.16999816894531,64.7265396118164,5041500
2020-06-18,VNQ,81.19000244140625,81.72000122070312,80.81999969482422,81.2699966430664,64.017578125,5005900
2020-06-19,VNQ,82.44999694824219,82.44999694824219,79.68000030517578,80.08999633789062,63.08810806274414,10402000
2020-06-22,VNQ,79.94000244140625,80.2300033569336,78.68000030517578,80.01000213623047,63.025081634521484,3995500
2020-06-23,VNQ,80.80000305175781,80.93000030517578,79.44000244140625,79.68000030517578,62.76512145996094,3958100
2020-06-24,VNQ,78.68000030517578,78.87999725341797,75.66000366210938,77.41000366210938,60.97701644897461,7034900
2020-06-25,VNQ,76.16999816894531,77.70999908447266,76.02999877929688,77.62999725341797,61.755821228027344,6626000
2020-06-26,VNQ,77.36000061035156,77.6500015258789,76.05000305175781,76.13999938964844,60.570499420166016,7277100
2020-06-29,VNQ,76.87999725341797,77.66999816894531,75.83999633789062,77.61000061035156,61.73993682861328,4687100
2020-06-30,VNQ,77.87000274658203,78.91000366210938,77.37999725341797,78.52999877929688,62.4717903137207,5212200
2020-07-01,VNQ,78.80000305175781,80.66000366210938,78.5999984741211,80.33999633789062,63.911659240722656,5023700
2020-07-02,VNQ,81.66999816894531,81.9000015258789,79.75,80.11000061035156,63.72870635986328,4588100
2020-07-06,VNQ,81.5999984741211,81.72000122070312,79.94000244140625,80.06999969482422,63.69689178466797,6174300
2020-07-07,VNQ,79.12999725341797,79.48999786376953,78.37999725341797,78.4800033569336,62.43201446533203,3389200
2020-07-08,VNQ,78.58999633789062,78.87999725341797,77.66000366210938,78.37000274658203,62.34450912475586,3848100
2020-07-09,VNQ,78.2300033569336,78.30000305175781,76.6500015258789,77.87999725341797,61.95471954345703,3455900
2020-07-10,VNQ,77.72000122070312,78.51000213623047,77.55999755859375,78.12000274658203,62.145633697509766,3809900
2020-07-13,VNQ,78.4000015258789,78.8499984741211,77.0,77.19000244140625,61.40580368041992,6071800
2020-07-14,VNQ,77.16000366210938,78.06999969482422,76.94000244140625,77.83999633789062,61.922874450683594,3473900
2020-07-15,VNQ,79.1500015258789,79.38999938964844,78.05000305175781,78.5999984741211,62.52748107910156,3547200
2020-07-16,VNQ,78.16999816894531,78.44999694824219,77.36000061035156,77.66000366210938,61.77970504760742,3605400
2020-07-17,VNQ,77.91999816894531,79.0,77.47000122070312,78.66999816894531,62.583160400390625,3720500
2020-07-20,VNQ,78.5999984741211,79.0,77.45999908447266,77.7300033569336,61.83539581298828,4364100
2020-07-21,VNQ,78.37999725341797,78.73999786376953,77.70999908447266,77.91999816894531,61.98652648925781,3007200
2020-07-22,VNQ,77.55999755859375,79.19000244140625,77.36000061035156,79.11000061035156,62.933189392089844,2682400
2020-07-23,VNQ,78.94999694824219,79.41000366210938,77.80999755859375,78.77999877929688,62.6706657409668,4630900
2020-07-24,VNQ,78.58999633789062,79.0,78.06999969482422,78.19999694824219,62.209266662597656,2702200
2020-07-27,VNQ,78.16000366210938,79.02999877929688,77.2300033569336,78.94000244140625,62.79794692993164,4111800
2020-07-28,VNQ,78.91000366210938,80.9000015258789,78.73999786376953,80.51000213623047,64.04691314697266,6613300
2020-07-29,VNQ,80.95999908447266,82.06999969482422,80.81999969482422,82.06999969482422,65.28792572021484,5429600
2020-07-30,VNQ,81.0,81.61000061035156,80.47000122070312,81.54000091552734,64.86629486083984,6602700
2020-07-31,VNQ,81.44999694824219,81.5,80.12000274658203,81.38999938964844,64.74698638916016,9312300
2020-08-03,VNQ,81.41999816894531,81.41999816894531,79.87999725341797,80.30999755859375,63.88782501220703,5629700
2020-08-04,VNQ,80.16999816894531,81.70999908447266,80.12999725341797,81.51000213623047,64.8424301147461,4078000
2020-08-05,VNQ,81.80000305175781,82.12000274658203,80.69999694824219,81.0999984741211,64.51627349853516,3374500
2020-08-06,VNQ,80.79000091552734,81.45999908447266,80.70999908447266,81.2300033569336,64.61968231201172,3646500
2020-08-07,VNQ,80.93000030517578,82.43000030517578,80.80000305175781,82.38999938964844,65.54248809814453,4447800
2020-08-10,VNQ,82.63999938964844,83.0199966430664,82.16000366210938,82.5199966430664,65.6458969116211,3410000
2020-08-11,VNQ,83.33000183105469,83.47000122070312,81.0199966430664,81.33000183105469,64.6992416381836,5193800
2020-08-12,VNQ,81.95999908447266,82.27999877929688,81.63999938964844,82.1500015258789,65.3515625,2245300
2020-08-13,VNQ,81.87999725341797,82.56999969482422,80.93000030517578,81.13999938964844,64.54808807373047,3585400
2020-08-14,VNQ,80.93000030517578,81.91000366210938,80.83999633789062,81.1500015258789,64.5560302734375,3399300
2020-08-17,VNQ,81.19999694824219,81.8499984741211,80.83000183105469,81.80999755859375,65.0810775756836,2749900
2020-08-18,VNQ,81.80999755859375,81.91000366210938,80.91999816894531,81.41999816894531,64.77080535888672,3635300
2020-08-19,VNQ,81.61000061035156,81.66999816894531,79.83999633789062,79.98999786376953,63.63325881958008,4376200
2020-08-20,VNQ,79.5999984741211,81.2699966430664,79.37999725341797,80.75,64.23784637451172,2949900
2020-08-21,VNQ,80.73999786376953,81.2300033569336,79.88999938964844,80.87999725341797,64.34124755859375,3380700
2020-08-24,VNQ,81.0,81.43000030517578,79.91999816894531,81.4000015258789,64.75492858886719,2553700
2020-08-25,VNQ,81.61000061035156,81.80000305175781,80.83000183105469,81.61000061035156,64.92198944091797,3123500
2020-08-26,VNQ,81.43000030517578,81.43000030517578,80.37000274658203,80.86000061035156,64.3253402709961,3139800
2020-08-27,VNQ,81.02999877929688,82.30999755859375,81.01000213623047,82.05000305175781,65.27201080322266,4006700
2020-08-28,VNQ,82.18000030517578,82.58999633789062,81.33999633789062,82.58999633789062,65.70159149169922,4548700
2020-08-31,VNQ,82.4800033569336,82.5,81.44000244140625,81.75,65.03334045410156,4835100
2020-09-01,VNQ,81.47000122070312,81.87999725341797,80.87999725341797,81.80999755859375,65.0810775756836,3498500
2020-09-02,VNQ,81.9000015258789,83.45999908447266,81.23999786376953,83.33000183105469,66.29026794433594,3136500
2020-09-03,VNQ,83.30999755859375,84.04000091552734,81.69999694824219,82.33000183105469,65.49474334716797,5716500
2020-09-04,VNQ,82.56999969482422,83.0999984741211,80.52999877929688,81.9000015258789,65.15267181396484,4956900
2020-09-08,VNQ,81.54000091552734,81.58999633789062,80.31999969482422,80.9000015258789,64.35716247558594,3774000
2020-09-09,VNQ,81.31999969482422,82.73999786376953,81.23999786376953,81.69999694824219,64.99356842041016,3158300
2020-09-10,VNQ,81.79000091552734,81.9000015258789,80.62000274658203,80.69999694824219,64.19807434082031,4308700
2020-09-11,VNQ,80.88999938964844,80.9800033569336,79.51000213623047,80.25,63.840084075927734,4255400
2020-09-14,VNQ,80.77999877929688,82.45999908447266,80.68000030517578,82.20999908447266,65.39928436279297,3732000
2020-09-15,VNQ,82.55999755859375,83.9800033569336,82.5,83.19999694824219,66.18685150146484,3017500
2020-09-16,VNQ,83.69999694824219,84.48999786376953,83.29000091552734,83.63999938964844,66.5368881225586,3722400
2020-09-17,VNQ,82.77999877929688,83.3499984741211,81.4800033569336,82.01000213623047,65.24018096923828,5981400
2020-09-18,VNQ,81.9800033569336,81.9800033569336,80.0199966430664,80.16000366210938,63.768497467041016,5024200
2020-09-21,VNQ,79.16000366210938,79.16999816894531,77.31999969482422,77.75,61.85128402709961,5297300
2020-09-22,VNQ,77.98999786376953,79.31999969482422,77.83000183105469,78.68000030517578,62.591129302978516,4486400
2020-09-23,VNQ,78.7300033569336,78.7300033569336,76.20999908447266,76.30999755859375,60.70573806762695,7876400
2020-09-24,VNQ,76.31999969482422,77.80999755859375,75.94999694824219,76.72000122070312,61.03191375732422,6813300
2020-09-25,VNQ,75.95999908447266,77.76000213623047,75.72000122070312,77.69999694824219,62.2905387878418,3503300
2020-09-28,VNQ,78.79000091552734,79.66999816894531,78.69999694824219,79.29000091552734,63.56520462036133,3470900
2020-09-29,VNQ,79.27999877929688,79.33000183105469,78.08000183105469,78.72000122070312,63.10826873779297,3662900
2020-09-30,VNQ,79.12000274658203,79.87999725341797,78.1500015258789,78.95999908447266,63.30067825317383,4507100
2020-10-01,VNQ,79.27999877929688,80.61000061035156,78.93000030517578,80.54000091552734,64.56733703613281,6406300
2020-10-02,VNQ,79.45999908447266,82.19000244140625,79.16999816894531,81.93000030517578,65.68165588378906,3346700
2020-10-05,VNQ,82.2300033569336,82.66000366210938,80.83000183105469,82.4000015258789,66.05844116210938,2654800
2020-10-06,VNQ,82.61000061035156,83.06999969482422,81.54000091552734,81.86000061035156,65.62554168701172,5830300
2020-10-07,VNQ,82.37000274658203,82.4000015258789,81.5999984741211,81.9800033569336,65.72174072265625,2362400
2020-10-08,VNQ,82.41999816894531,83.58000183105469,82.27999877929688,83.3499984741211,66.82003784179688,2269000
2020-10-09,VNQ,83.86000061035156,83.87999725341797,82.7300033569336,83.0199966430664,66.55548858642578,6556200
2020-10-12,VNQ,83.12000274658203,83.63999938964844,82.55000305175781,83.41000366210938,66.86815643310547,5655800
2020-10-13,VNQ,83.06999969482422,83.12000274658203,81.5,81.9800033569336,65.72174072265625,4406300
2020-10-14,VNQ,81.9000015258789,82.0999984741211,80.86000061035156,80.9800033569336,64.92007446289062,4651400
2020-10-15,VNQ,80.3499984741211,82.05999755859375,80.33000183105469,81.4000015258789,65.25677490234375,2915400
2020-10-16,VNQ,81.41000366210938,81.43000030517578,80.66999816894531,80.81999969482422,64.79180908203125,2925400
2020-10-19,VNQ,81.02999877929688,81.19999694824219,79.44000244140625,79.55999755859375,63.78166961669922,9873000
2020-10-20,VNQ,80.08999633789062,80.73999786376953,79.93000030517578,80.12999725341797,64.23863220214844,4038600
2020-10-21,VNQ,79.91000366210938,80.2699966430664,79.51000213623047,79.88999938964844,64.04623413085938,2685900
2020-10-22,VNQ,79.87999725341797,80.22000122070312,79.52999877929688,79.87999725341797,64.0382080078125,3828900
2020-10-23,VNQ,80.18000030517578,80.66999816894531,79.69000244140625,80.36000061035156,64.42301940917969,2588700
2020-10-26,VNQ,79.73999786376953,79.86000061035156,78.51000213623047,79.20999908447266,63.501075744628906,2691200
2020-10-27,VNQ,79.30000305175781,79.7300033569336,77.94000244140625,77.94000244140625,62.48295211791992,2264100
2020-10-28,VNQ,76.68000030517578,77.43000030517578,75.79000091552734,76.08000183105469,60.99184036254883,4422000
2020-10-29,VNQ,76.19999694824219,77.68000030517578,75.45999908447266,77.0999984741211,61.80954360961914,4645500
2020-10-30,VNQ,76.66000366210938,77.22000122070312,75.68000030517578,76.58999633789062,61.40068435668945,3978900
2020-11-02,VNQ,77.4000015258789,78.45999908447266,76.87999725341797,78.41999816894531,62.867759704589844,4254500
2020-11-03,VNQ,79.19999694824219,80.4000015258789,78.91999816894531,79.93000030517578,64.07829284667969,4214600
2020-11-04,VNQ,80.5,81.29000091552734,79.44000244140625,80.06999969482422,64.19054412841797,2867500
2020-11-05,VNQ,80.69000244140625,81.20999908447266,80.12000274658203,80.44999694824219,64.49517059326172,3984900
2020-11-06,VNQ,80.69000244140625,81.11000061035156,79.5999984741211,79.9000015258789,64.05424499511719,3696600
2020-11-09,VNQ,84.52999877929688,88.29000091552734,82.55999755859375,82.7300033569336,66.32302856445312,8999300
2020-11-10,VNQ,82.8499984741211,84.0199966430664,82.38999938964844,83.94000244140625,67.29302215576172,6146100
2020-11-11,VNQ,84.27999877929688,84.6500015258789,83.44000244140625,84.26000213623047,67.549560546875,3416100
2020-11-12,VNQ,83.87999725341797,84.2300033569336,82.58999633789062,83.16000366210938,66.667724609375,3939500
2020-11-13,VNQ,83.66000366210938,85.56999969482422,83.66000366210938,85.37999725341797,68.44744873046875,3443000
2020-11-16,VNQ,87.16999816894531,87.44000244140625,85.31999969482422,86.33999633789062,69.21707153320312,2978300
2020-11-17,VNQ,85.69999694824219,86.76000213623047,85.11000061035156,86.41999816894531,69.28119659423828,3856900
2020-11-18,VNQ,86.58999633789062,87.08000183105469,84.68000030517578,84.73999786376953,67.93437957763672,9655500
2020-11-19,VNQ,84.62000274658203,85.16999816894531,83.7300033569336,85.06999969482422,68.19894409179688,4225400
2020-11-20,VNQ,85.02999877929688,85.1500015258789,84.2300033569336,84.61000061035156,67.83014678955078,3136400
2020-11-23,VNQ,85.19000244140625,85.7699966430664,84.62999725341797,84.7699966430664,67.95841979980469,4520000
2020-11-24,VNQ,85.70999908447266,86.41000366210938,85.12000274658203,85.22000122070312,68.31916809082031,4805500
2020-11-25,VNQ,85.29000091552734,85.41000366210938,83.02999877929688,85.2699966430664,68.3592758178711,5792800
2020-11-27,VNQ,85.5199966430664,85.55000305175781,84.54000091552734,84.88999938964844,68.05461883544922,2063900
2020-11-30,VNQ,84.77999877929688,84.8499984741211,83.7300033569336,84.0,67.34114074707031,6413600
2020-12-01,VNQ,84.95999908447266,85.43000030517578,84.69999694824219,85.08000183105469,68.20694732666016,6489100
2020-12-02,VNQ,84.88999938964844,85.38999938964844,84.33999633789062,84.41000366210938,67.6698226928711,3738500
2020-12-03,VNQ,84.5999984741211,85.55000305175781,84.47000122070312,85.12000274658203,68.23902893066406,3386300
2020-12-04,VNQ,85.48999786376953,86.44000244140625,85.48999786376953,86.41999816894531,69.28119659423828,3053200
2020-12-07,VNQ,86.20999908447266,86.48999786376953,85.3499984741211,85.66999816894531,68.67994689941406,2620500
2020-12-08,VNQ,85.29000091552734,85.81999969482422,85.25,85.37000274658203,68.43943786621094,2648100
2020-12-09,VNQ,85.55000305175781,85.6500015258789,84.27999877929688,84.83999633789062,68.01453399658203,5024000
2020-12-10,VNQ,84.37999725341797,85.0199966430664,84.16000366210938,84.47000122070312,67.7179183959961,3737900
2020-12-11,VNQ,84.05999755859375,84.56999969482422,83.56999969482422,84.38999938964844,67.65379333496094,4044400
2020-12-14,VNQ,85.08000183105469,85.68000030517578,83.95999908447266,84.0199966430664,67.35716247558594,3735200
2020-12-15,VNQ,84.5,85.76000213623047,83.8499984741211,85.73999786376953,68.73605346679688,2867700
2020-12-16,VNQ,85.98999786376953,86.45999908447266,85.41000366210938,85.83999633789062,68.81623077392578,3419900
2020-12-17,VNQ,86.26000213623047,86.75,85.91999816894531,86.66999816894531,69.48161315917969,3341400
2020-12-18,VNQ,86.76000213623047,86.7699966430664,84.4000015258789,84.93000030517578,68.08668518066406,3988500
2020-12-21,VNQ,83.69999694824219,84.51000213623047,83.3499984741211,84.44999694824219,67.70188903808594,4993600
2020-12-22,VNQ,84.5,85.12000274658203,84.11000061035156,85.04000091552734,68.17488861083984,2828900
2020-12-23,VNQ,85.37000274658203,85.93000030517578,84.41999816894531,84.48999786376953,67.73395538330078,3659000
2020-12-24,VNQ,83.4800033569336,83.9000015258789,83.2300033569336,83.87999725341797,68.32696533203125,1563600
2020-12-28,VNQ,84.29000091552734,84.51000213623047,83.80000305175781,84.37999725341797,68.73426055908203,5655100
2020-12-29,VNQ,84.69000244140625,85.13999938964844,83.56999969482422,83.66000366210938,68.14778137207031,3880100
2020-12-30,VNQ,83.87000274658203,84.77999877929688,83.70999908447266,84.12000274658203,68.52247619628906,3995900
2020-12-31,VNQ,84.08999633789062,85.05000305175781,83.4000015258789,84.93000030517578,69.1822738647461,4827300
2021-01-04,VNQ,85.19999694824219,85.27999877929688,82.06999969482422,82.16999816894531,66.93403625488281,5311500
2021-01-05,VNQ,82.16999816894531,82.87000274658203,82.12999725341797,82.29000091552734,67.03176879882812,4932600
2021-01-06,VNQ,82.26000213623047,82.97000122070312,81.7300033569336,82.43000030517578,67.14582824707031,6520100
2021-01-07,VNQ,82.5,82.54000091552734,81.75,82.2699966430664,67.01551818847656,4068400
2021-01-08,VNQ,82.52999877929688,83.36000061035156,82.38999938964844,83.06999969482422,67.66717529296875,4931600
2021-01-11,VNQ,82.52999877929688,83.0199966430664,81.68000030517578,81.97000122070312,66.77113342285156,6565100
2021-01-12,VNQ,81.86000061035156,82.2300033569336,81.2300033569336,82.16000366210938,66.92591094970703,7857300
2021-01-13,VNQ,82.22000122070312,83.33000183105469,82.20999908447266,83.16000366210938,67.740478515625,9024900
2021-01-14,VNQ,83.44000244140625,84.22000122070312,83.12999725341797,83.6500015258789,68.13961791992188,5866400
2021-01-15,VNQ,83.45999908447266,84.87000274658203,83.18000030517578,84.61000061035156,68.92160034179688,3939700
2021-01-19,VNQ,85.13999938964844,85.18000030517578,83.98999786376953,84.37000274658203,68.72610473632812,5521200
2021-01-20,VNQ,84.44000244140625,86.37000274658203,84.12999725341797,85.9800033569336,70.03758239746094,5198300
2021-01-21,VNQ,85.7300033569336,85.73999786376953,84.83000183105469,85.56999969482422,69.70360565185547,4213200
2021-01-22,VNQ,85.12999725341797,85.91000366210938,84.91999816894531,85.7699966430664,69.86653137207031,5272700
2021-01-25,VNQ,85.73999786376953,87.08000183105469,85.26000213623047,86.41999816894531,70.39600372314453,7819700
2021-01-26,VNQ,86.61000061035156,87.30999755859375,86.45999908447266,87.02999877929688,70.89290618896484,4706300
2021-01-27,VNQ,86.37999725341797,87.18000030517578,85.06999969482422,85.48999786376953,69.63844299316406,5907600
2021-01-28,VNQ,85.51000213623047,86.91000366210938,85.2300033569336,85.94999694824219,70.01315307617188,6237000
2021-01-29,VNQ,85.47000122070312,86.33000183105469,84.51000213623047,84.95999908447266,69.20671844482422,7349800
2021-02-01,VNQ,85.4800033569336,86.95999908447266,84.41999816894531,86.9000015258789,70.7870101928711,6149000
2021-02-02,VNQ,87.45999908447266,87.73999786376953,86.68000030517578,87.41999816894531,71.21058654785156,3849800
2021-02-03,VNQ,87.47000122070312,87.4800033569336,86.0,87.19999694824219,71.0313949584961,5148700
2021-02-04,VNQ,87.22000122070312,88.29000091552734,87.0999984741211,87.80000305175781,71.52013397216797,4118200
2021-02-05,VNQ,88.16999816894531,88.27999877929688,87.80999755859375,88.11000061035156,71.77265167236328,2583900
2021-02-08,VNQ,88.43000030517578,88.58999633789062,87.79000091552734,88.58999633789062,72.16364288330078,3212700
2021-02-09,VNQ,88.75,89.12999725341797,88.38999938964844,88.9000015258789,72.41616821289062,2518800
2021-02-10,VNQ,89.36000061035156,90.0999984741211,88.98999786376953,89.37999725341797,72.80715942382812,3421400
2021-02-11,VNQ,89.54000091552734,90.08999633789062,89.05000305175781,89.56999969482422,72.9619369506836,3717000
2021-02-12,VNQ,89.33999633789062,89.68000030517578,88.91000366210938,89.58999633789062,72.97824096679688,2297400
2021-02-16,VNQ,89.91999816894531,89.97000122070312,88.41000366210938,88.9000015258789,72.41616821289062,2774500
2021-02-17,VNQ,88.69999694824219,88.93000030517578,88.25,88.79000091552734,72.32656860351562,2939000
2021-02-18,VNQ,88.47000122070312,88.79000091552734,88.26000213623047,88.41000366210938,72.01703643798828,3254600
2021-02-19,VNQ,88.7300033569336,89.44999694824219,88.48999786376953,88.91999816894531,72.43246459960938,4170700
2021-02-22,VNQ,88.69999694824219,90.05000305175781,88.51000213623047,89.66000366210938,73.0352554321289,3493000
2021-02-23,VNQ,89.87999725341797,90.47000122070312,89.6500015258789,90.22000122070312,73.49140930175781,4378300
2021-02-24,VNQ,90.2300033569336,91.19000244140625,90.01000213623047,90.91000366210938,74.053466796875,3551200
2021-02-25,VNQ,90.80000305175781,91.44999694824219,88.55999755859375,89.16999816894531,72.6361083984375,7548800
2021-02-26,VNQ,89.51000213623047,89.5199966430664,87.7699966430664,87.87000274658203,71.57713317871094,6519800
2021-03-01,VNQ,88.87000274658203,89.66999816894531,88.16000366210938,88.26000213623047,71.89482879638672,4834000
2021-03-02,VNQ,88.29000091552734,88.29000091552734,86.83000183105469,87.41000366210938,71.20243835449219,4715600
2021-03-03,VNQ,87.37000274658203,87.7300033569336,86.7300033569336,86.91000366210938,70.79515838623047,6231400
2021-03-04,VNQ,87.08000183105469,87.55000305175781,84.87999725341797,85.91999816894531,69.98870086669922,6869500
2021-03-05,VNQ,86.58000183105469,87.16000366210938,84.44999694824219,86.86000061035156,70.7544174194336,7166100
2021-03-08,VNQ,87.2300033569336,88.52999877929688,86.58999633789062,87.61000061035156,71.36536407470703,4823000
2021-03-09,VNQ,88.12999725341797,88.87000274658203,88.06999969482422,88.19000244140625,71.83782196044922,3873600
2021-03-10,VNQ,88.41999816894531,89.62999725341797,88.1500015258789,89.06999969482422,72.55465698242188,3429700
2021-03-11,VNQ,89.69999694824219,90.62999725341797,89.1500015258789,90.11000061035156,73.40180969238281,3830000
2021-03-12,VNQ,90.06999969482422,91.66000366210938,90.02999877929688,91.62000274658203,74.63182067871094,3262800
2021-03-15,VNQ,91.83000183105469,93.19999694824219,91.36000061035156,92.9800033569336,75.73965454101562,6026400
2021-03-16,VNQ,92.98999786376953,93.19999694824219,92.19999694824219,92.5999984741211,75.43013000488281,3122500
2021-03-17,VNQ,92.43000030517578,92.72000122070312,91.56999969482422,92.68000030517578,75.49528503417969,3663100
2021-03-18,VNQ,92.30999755859375,92.4000015258789,91.43000030517578,91.73999786376953,74.72956848144531,3496000
2021-03-19,VNQ,91.87999725341797,92.12000274658203,90.41000366210938,90.48999786376953,73.71134185791016,4429400
2021-03-22,VNQ,90.5,91.3499984741211,90.19999694824219,91.12999725341797,74.23267364501953,2677000
2021-03-23,VNQ,91.0999984741211,91.70999908447266,90.48999786376953,91.0,74.12677764892578,2966400
2021-03-24,VNQ,91.05000305175781,91.77999877929688,90.48999786376953,90.48999786376953,73.71134185791016,4144500
2021-03-25,VNQ,89.83000183105469,91.08999633789062,88.83000183105469,90.87999725341797,74.46185302734375,4218800
2021-03-26,VNQ,91.31999969482422,92.88999938964844,91.16000366210938,92.83999633789062,76.0677719116211,3864600
2021-03-29,VNQ,92.63999938964844,92.94000244140625,91.48999786376953,92.30000305175781,75.6253433227539,5116600
2021-03-30,VNQ,92.16000366210938,92.68000030517578,92.04000091552734,92.41999816894531,75.7236557006836,5822100
2021-03-31,VNQ,92.41999816894531,92.87999725341797,91.48999786376953,91.86000061035156,75.26481628417969,4430400
2021-04-01,VNQ,92.33999633789062,93.58000183105469,92.0,93.52999877929688,76.63311767578125,5461200
2021-04-05,VNQ,94.16000366210938,94.16000366210938,92.9800033569336,93.88999938964844,76.92809295654297,4239900
2021-04-06,VNQ,93.94999694824219,94.13999938964844,93.48999786376953,94.12999725341797,77.12472534179688,5111600
2021-04-07,VNQ,94.1500015258789,94.5,93.37999725341797,94.19999694824219,77.18206787109375,3038500
2021-04-08,VNQ,94.2300033569336,94.58000183105469,93.76000213623047,93.8499984741211,76.89530181884766,5034300
2021-04-09,VNQ,94.0,94.12000274658203,93.5199966430664,93.73999786376953,76.80520629882812,5371000
2021-04-12,VNQ,93.93000030517578,94.29000091552734,93.13999938964844,94.29000091552734,77.2558364868164,2828200
2021-04-13,VNQ,94.1500015258789,94.87999725341797,94.02999877929688,94.76000213623047,77.64092254638672,3975300
2021-04-14,VNQ,94.8499984741211,95.33999633789062,94.12999725341797,94.26000213623047,77.23123931884766,4569100
2021-04-15,VNQ,94.83999633789062,95.91000366210938,94.63999938964844,95.91000366210938,78.5831527709961,6497000
2021-04-16,VNQ,96.26000213623047,96.4000015258789,95.80000305175781,96.12000274658203,78.75524139404297,3754200
2021-04-19,VNQ,96.16999816894531,96.30999755859375,95.51000213623047,96.30999755859375,78.910888671875,2882900
2021-04-20,VNQ,96.16000366210938,97.27999877929688,96.12000274658203,97.0999984741211,79.55817413330078,4968700
2021-04-21,VNQ,97.22000122070312,97.91000366210938,96.87000274658203,97.73999786376953,80.08255767822266,4407000
2021-04-22,VNQ,97.7300033569336,98.12999725341797,96.98999786376953,97.20999908447266,79.64830017089844,3207200
2021-04-23,VNQ,97.43000030517578,97.9800033569336,97.13999938964844,97.77999877929688,80.11531829833984,5225600
2021-04-26,VNQ,98.0999984741211,98.6500015258789,97.83999633789062,98.06999969482422,80.35294342041016,5404600
2021-04-27,VNQ,98.36000061035156,98.4000015258789,97.80999755859375,98.05999755859375,80.34474182128906,3091100
2021-04-28,VNQ,98.30999755859375,98.44000244140625,97.80000305175781,97.8499984741211,80.17269134521484,3509200
2021-04-29,VNQ,98.5,99.12999725341797,98.02999877929688,98.69000244140625,80.86093139648438,3319100
2021-04-30,VNQ,98.38999938964844,99.30000305175781,98.20999908447266,99.08000183105469,81.18047332763672,4371300
2021-05-03,VNQ,99.55999755859375,99.55999755859375,98.66999816894531,98.88999938964844,81.02479553222656,6844100
2021-05-04,VNQ,98.43000030517578,99.2300033569336,97.69000244140625,98.25,80.50041198730469,6449000
2021-05-05,VNQ,98.08000183105469,98.08000183105469,96.2300033569336,96.62000274658203,79.16490936279297,4580300
2021-05-06,VNQ,96.69000244140625,97.23999786376953,96.26000213623047,97.16000366210938,79.60735321044922,5649700
2021-05-07,VNQ,97.2300033569336,98.5,97.06999969482422,98.44000244140625,80.6561050415039,5884900
2021-05-10,VNQ,98.80000305175781,99.56999969482422,98.4000015258789,98.41000366210938,80.63151550292969,3436700
2021-05-11,VNQ,97.56999969482422,97.56999969482422,96.36000061035156,97.16999816894531,79.61551666259766,4036900
2021-05-12,VNQ,96.94000244140625,97.12999725341797,94.63999938964844,94.70999908447266,77.5999526977539,4601200
2021-05-13,VNQ,95.0,96.62000274658203,94.94000244140625,95.94000244140625,78.60774230957031,5118900
2021-05-14,VNQ,96.44999694824219,97.41999816894531,96.30999755859375,97.08000183105469,79.54178619384766,3936600
2021-05-17,VNQ,97.04000091552734,97.38999938964844,96.69000244140625,97.18000030517578,79.62373352050781,3320200
2021-05-18,VNQ,97.19999694824219,97.83000183105469,96.5999984741211,97.19999694824219,79.64009857177734,3359800
2021-05-19,VNQ,96.44999694824219,96.88999938964844,95.45999908447266,96.88999938964844,79.38611602783203,3602500
2021-05-20,VNQ,96.91000366210938,98.29000091552734,96.63999938964844,97.9800033569336,80.2791976928711,2466500
2021-05-21,VNQ,98.22000122070312,98.41000366210938,97.6500015258789,97.87999725341797,80.19727325439453,3020000
2021-05-24,VNQ,98.31999969482422,99.47000122070312,98.2300033569336,99.0999984741211,81.19686889648438,3491500
2021-05-25,VNQ,99.27999877929688,99.5,98.66999816894531,99.06999969482422,81.17228698730469,4243300
2021-05-26,VNQ,99.25,100.06999969482422,99.05000305175781,99.51000213623047,81.53279876708984,4518100
2021-05-27,VNQ,99.81999969482422,99.83000183105469,99.16000366210938,99.27999877929688,81.34435272216797,4362900
2021-05-28,VNQ,99.86000061035156,100.16999816894531,99.55999755859375,99.87999725341797,81.83595275878906,3409400
2021-06-01,VNQ,100.37000274658203,101.69000244140625,100.01000213623047,101.68000030517578,83.3107681274414,4385000
2021-06-02,VNQ,102.05999755859375,102.9800033569336,101.61000061035156,102.87000274658203,84.28579711914062,4446100
2021-06-03,VNQ,102.75,102.75,102.01000213623047,102.48999786376953,83.97444152832031,4187600
2021-06-04,VNQ,103.0,103.0,102.08000183105469,102.54000091552734,84.01538848876953,3121200
2021-06-07,VNQ,102.73999786376953,104.19999694824219,102.70999908447266,103.75,85.0068130493164,4773100
2021-06-08,VNQ,104.01000213623047,104.88999938964844,103.88999938964844,104.61000061035156,85.71145629882812,3935800
2021-06-09,VNQ,104.91000366210938,105.20999908447266,104.69999694824219,104.75,85.82614135742188,3243000
2021-06-10,VNQ,104.8499984741211,105.7699966430664,104.54000091552734,105.5,86.44065856933594,4010100
2021-06-11,VNQ,105.5199966430664,105.62999725341797,104.55999755859375,105.08000183105469,86.0965347290039,3274100
2021-06-14,VNQ,105.08999633789062,105.48999786376953,104.91000366210938,105.48999786376953,86.43244171142578,3531700
2021-06-15,VNQ,105.4000015258789,105.48999786376953,104.36000061035156,104.36000061035156,85.50659942626953,4099600
2021-06-16,VNQ,104.58000183105469,105.05000305175781,103.48999786376953,103.68000030517578,84.94944763183594,4498600
2021-06-17,VNQ,103.41000366210938,103.69999694824219,102.86000061035156,103.55000305175781,84.84293365478516,5055100
2021-06-18,VNQ,103.0199966430664,103.47000122070312,101.79000091552734,101.79000091552734,83.40089416503906,5358000
2021-06-21,VNQ,102.30999755859375,104.20999908447266,101.80000305175781,103.88999938964844,85.12152099609375,3672900
2021-06-22,VNQ,103.88999938964844,104.01000213623047,103.27999877929688,103.3499984741211,84.6790771484375,3088200
2021-06-23,VNQ,103.3499984741211,103.75,103.08000183105469,103.16999816894531,84.53158569335938,3682900
2021-06-24,VNQ,102.81999969482422,102.81999969482422,101.66000366210938,102.22000122070312,84.34923553466797,3229000
2021-06-25,VNQ,102.25,103.01000213623047,102.08000183105469,102.91000366210938,84.91860961914062,2739100
2021-06-28,VNQ,103.08999633789062,103.1500015258789,101.69000244140625,102.61000061035156,84.6710433959961,3940700
2021-06-29,VNQ,102.7699966430664,103.19999694824219,102.26000213623047,102.33000183105469,84.44000244140625,3777300
2021-06-30,VNQ,102.33999633789062,102.9000015258789,101.68000030517578,101.79000091552734,83.9944076538086,6640100
2021-07-01,VNQ,102.02999877929688,103.0199966430664,101.51000213623047,102.2300033569336,84.35748291015625,6491100
2021-07-02,VNQ,102.62999725341797,103.04000091552734,102.16999816894531,102.54000091552734,84.61327362060547,4451800
2021-07-06,VNQ,102.51000213623047,103.47000122070312,101.79000091552734,103.29000091552734,85.23216247558594,4478800
2021-07-07,VNQ,103.12999725341797,103.98999786376953,102.80000305175781,103.6500015258789,85.52920532226562,5085500
2021-07-08,VNQ,102.7300033569336,103.7699966430664,102.51000213623047,103.36000061035156,85.28992462158203,6426800
2021-07-09,VNQ,103.9000015258789,105.06999969482422,103.62999725341797,105.05999755859375,86.69271850585938,5780200
2021-07-12,VNQ,105.0,106.05000305175781,104.77999877929688,105.95999908447266,87.43537902832031,5627600
2021-07-13,VNQ,105.69000244140625,105.77999877929688,104.08000183105469,104.4800033569336,86.2141342163086,5474100
2021-07-14,VNQ,104.48999786376953,105.5199966430664,104.25,105.20999908447266,86.8165054321289,3397400
2021-07-15,VNQ,105.0,105.5,104.91999816894531,105.37999725341797,86.956787109375,2990100
2021-07-16,VNQ,105.76000213623047,106.19999694824219,105.23999786376953,105.30999755859375,86.89901733398438,6435400
2021-07-19,VNQ,104.11000061035156,104.33000183105469,102.58999633789062,103.38999938964844,85.3146743774414,5097800
2021-07-20,VNQ,103.94999694824219,106.23999786376953,103.80000305175781,105.83000183105469,87.3281021118164,4999700
2021-07-21,VNQ,106.0199966430664,106.5199966430664,105.66000366210938,105.81999969482422,87.31986236572266,4329100
2021-07-22,VNQ,105.33000183105469,105.33999633789062,104.44000244140625,104.9800033569336,86.62670135498047,3932400
2021-07-23,VNQ,105.3499984741211,105.97000122070312,104.9800033569336,105.8499984741211,87.34461975097656,4128200
2021-07-26,VNQ,105.75,106.16999816894531,105.12999725341797,105.9000015258789,87.38587188720703,2857700
2021-07-27,VNQ,105.83999633789062,106.66999816894531,105.41000366210938,106.5,87.8809814453125,3096100
2021-07-28,VNQ,106.58999633789062,106.80000305175781,105.80000305175781,106.12999725341797,87.57563781738281,3577300
2021-07-29,VNQ,106.51000213623047,107.18000030517578,106.05000305175781,106.1500015258789,87.59215545654297,3357700
2021-07-30,VNQ,106.36000061035156,107.72000122070312,106.23999786376953,106.29000091552734,87.70770263671875,4325800
2021-08-02,VNQ,106.87000274658203,107.66000366210938,105.8499984741211,106.05999755859375,87.51787567138672,4089800
2021-08-03,VNQ,106.26000213623047,106.41999816894531,105.43000030517578,106.19000244140625,87.62516021728516,5178600
2021-08-04,VNQ,106.16999816894531,106.58999633789062,105.45999908447266,105.86000061035156,87.35285186767578,4038300
2021-08-05,VNQ,106.44000244140625,107.12000274658203,106.16999816894531,107.0999984741211,88.37606048583984,3294800
2021-08-06,VNQ,107.26000213623047,107.6500015258789,106.75,106.91000366210938,88.21927642822266,2753600
2021-08-09,VNQ,106.72000122070312,106.76000213623047,106.1500015258789,106.33999633789062,87.74893188476562,2727800
2021-08-10,VNQ,106.48999786376953,106.5,105.19000244140625,105.33000183105469,86.91549682617188,3771000
2021-08-11,VNQ,105.76000213623047,106.08999633789062,105.27999877929688,105.94999694824219,87.42713165283203,3256700
2021-08-12,VNQ,106.19000244140625,106.23999786376953,105.69000244140625,106.18000030517578,87.61691284179688,2891900
2021-08-13,VNQ,106.4000015258789,106.87999725341797,106.05000305175781,106.76000213623047,88.09552001953125,2601600
2021-08-16,VNQ,106.66000366210938,107.22000122070312,106.37000274658203,106.62999725341797,87.98825073242188,3166800
2021-08-17,VNQ,106.18000030517578,106.55999755859375,105.5999984741211,106.5199966430664,87.8974838256836,3004300
2021-08-18,VNQ,106.30000305175781,106.36000061035156,105.4800033569336,105.55000305175781,87.0970458984375,3439200
2021-08-19,VNQ,105.0199966430664,106.1500015258789,104.8499984741211,106.05999755859375,87.51787567138672,4069500
2021-08-20,VNQ,105.81999969482422,107.02999877929688,105.22000122070312,106.58999633789062,87.95523834228516,3238900
2021-08-23,VNQ,106.80000305175781,107.0199966430664,106.08999633789062,106.38999938964844,87.7901840209961,3230600
2021-08-24,VNQ,106.52999877929688,106.62000274658203,105.45999908447266,105.91999816894531,87.40237426757812,2867100
2021-08-25,VNQ,105.9000015258789,106.5199966430664,105.43000030517578,105.8499984741211,87.34461975097656,3329400
2021-08-26,VNQ,105.94999694824219,106.2300033569336,105.45999908447266,105.88999938964844,87.37761688232422,2889400
2021-08-27,VNQ,106.2699966430664,107.33000183105469,106.16000366210938,107.0,88.29354858398438,3059300
2021-08-30,VNQ,107.05000305175781,108.08000183105469,106.77999877929688,108.06999969482422,89.17649841308594,3600600
2021-08-31,VNQ,107.73999786376953,108.70999908447266,107.54000091552734,108.58000183105469,89.59734344482422,4210100
2021-09-01,VNQ,108.83999633789062,110.4000015258789,108.80000305175781,110.31999969482422,91.03314208984375,5683100
2021-09-02,VNQ,110.54000091552734,110.91000366210938,109.6500015258789,110.9000015258789,91.51173400878906,5207100
2021-09-03,VNQ,110.62999725341797,111.05999755859375,109.69999694824219,110.91999816894531,91.52823638916016,4460700
2021-09-07,VNQ,110.6500015258789,110.73999786376953,108.81999969482422,109.66999816894531,90.49678039550781,4929300
2021-09-08,VNQ,109.4000015258789,110.55000305175781,109.12999725341797,110.22000122070312,90.95064544677734,4265700
2021-09-09,VNQ,109.62000274658203,109.73999786376953,107.94999694824219,107.9800033569336,89.10224151611328,6221300
2021-09-10,VNQ,108.06999969482422,108.25,106.37999725341797,106.4000015258789,87.7984619140625,5894700
2021-09-13,VNQ,107.33000183105469,108.01000213623047,106.81999969482422,107.12000274658203,88.39256286621094,5725300
2021-09-14,VNQ,107.69000244140625,107.7300033569336,106.30999755859375,106.93000030517578,88.23580169677734,3848200
2021-09-15,VNQ,107.05999755859375,107.73999786376953,106.48999786376953,107.2699966430664,88.51634979248047,4027400
2021-09-16,VNQ,107.18000030517578,107.87000274658203,106.56999969482422,107.36000061035156,88.59059143066406,3405200
2021-09-17,VNQ,107.12999725341797,107.66000366210938,106.19000244140625,106.4000015258789,87.7984619140625,6964300
2021-09-20,VNQ,105.22000122070312,106.36000061035156,104.48999786376953,105.75,87.2620849609375,6207000
2021-09-21,VNQ,106.29000091552734,107.05999755859375,105.7699966430664,105.80000305175781,87.30335235595703,4371800
2021-09-22,VNQ,106.56999969482422,107.4800033569336,106.0999984741211,106.83000183105469,88.15328216552734,4650400
2021-09-23,VNQ,107.13999938964844,107.51000213623047,106.5199966430664,106.62000274658203,87.97998809814453,4042800
2021-09-24,VNQ,105.68000030517578,106.0999984741211,104.58999633789062,104.83000183105469,87.03927612304688,4881000
2021-09-27,VNQ,104.87000274658203,105.58000183105469,103.31999969482422,103.41999816894531,85.86857604980469,4311000
2021-09-28,VNQ,102.83000183105469,103.29000091552734,102.08999633789062,102.72000122070312,85.28736877441406,7096500
2021-09-29,VNQ,103.30000305175781,103.98999786376953,103.0999984741211,103.48999786376953,85.92667388916016,6227000
2021-09-30,VNQ,103.83999633789062,103.94999694824219,101.77999877929688,101.77999877929688,84.50688934326172,7019300
2021-10-01,VNQ,102.44000244140625,103.93000030517578,101.83999633789062,103.22000122070312,85.70249938964844,6106100
2021-10-04,VNQ,103.0999984741211,103.69000244140625,102.5999984741211,103.23999786376953,85.71910858154297,5638600
2021-10-05,VNQ,103.31999969482422,103.4000015258789,102.16999816894531,102.52999877929688,85.12960052490234,4313800
2021-10-06,VNQ,102.11000061035156,103.63999938964844,101.0,103.51000213623047,85.94329833984375,5587900
2021-10-07,VNQ,104.06999969482422,105.0199966430664,103.66000366210938,103.79000091552734,86.17576599121094,4055300
2021-10-08,VNQ,103.77999877929688,103.91000366210938,102.7300033569336,102.80999755859375,85.36206817626953,5295400
2021-10-11,VNQ,102.83000183105469,103.5199966430664,102.33999633789062,103.06999969482422,85.57794952392578,2634200
2021-10-12,VNQ,103.31999969482422,104.86000061035156,103.04000091552734,104.41999816894531,86.69884490966797,3666500
2021-10-13,VNQ,104.29000091552734,105.22000122070312,103.62999725341797,105.18000030517578,87.32988739013672,3371000
2021-10-14,VNQ,105.79000091552734,106.55999755859375,105.5199966430664,106.45999908447266,88.39263916015625,2721900
2021-10-15,VNQ,107.30999755859375,107.4000015258789,105.91000366210938,106.37999725341797,88.32621002197266,3065400
2021-10-18,VNQ,105.94000244140625,107.0,105.77999877929688,106.6500015258789,88.55039978027344,3424100
2021-10-19,VNQ,107.11000061035156,107.31999969482422,106.61000061035156,106.69999694824219,88.5919189453125,3104500
2021-10-20,VNQ,106.8499984741211,108.37999725341797,106.77999877929688,108.37999725341797,89.9867935180664,6018900
2021-10-21,VNQ,108.31999969482422,108.58000183105469,108.08000183105469,108.52999877929688,90.1113510131836,4849600
2021-10-22,VNQ,108.66999816894531,109.41000366210938,108.56999969482422,109.04000091552734,90.5347900390625,4873000
2021-10-25,VNQ,109.19999694824219,109.66999816894531,108.4000015258789,109.38999938964844,90.82539367675781,2625200
2021-10-26,VNQ,109.5999984741211,110.05999755859375,109.3499984741211,109.69000244140625,91.07447814941406,2940600
2021-10-27,VNQ,110.0999984741211,110.0999984741211,108.75,108.76000213623047,90.30230712890625,3573000
2021-10-28,VNQ,108.86000061035156,110.30000305175781,108.77999877929688,110.27999877929688,91.56433868408203,3681000
2021-10-29,VNQ,109.80000305175781,110.2300033569336,108.55000305175781,109.04000091552734,90.5347900390625,5990500
2021-11-01,VNQ,109.30000305175781,109.80000305175781,107.79000091552734,109.58000183105469,90.98314666748047,5846500
2021-11-02,VNQ,109.94000244140625,110.5199966430664,109.23999786376953,110.0999984741211,91.41488647460938,3405900
2021-11-03,VNQ,110.16999816894531,110.7699966430664,109.61000061035156,110.47000122070312,91.72209930419922,2723200
2021-11-04,VNQ,110.51000213623047,110.91000366210938,108.97000122070312,109.41999816894531,90.85029602050781,3378800
2021-11-05,VNQ,110.41000366210938,111.2699966430664,109.87999725341797,109.9800033569336,91.31526184082031,3209300
2021-11-08,VNQ,110.37000274658203,110.58000183105469,109.19000244140625,109.88999938964844,91.24053955078125,2989800
2021-11-09,VNQ,110.01000213623047,110.31999969482422,109.76000213623047,110.08000183105469,91.3982925415039,2671500
2021-11-10,VNQ,109.75,110.44999694824219,109.52999877929688,109.56999969482422,90.97484588623047,4021900
2021-11-11,VNQ,109.73999786376953,109.7699966430664,109.0,109.75,91.12429809570312,2395200
2021-11-12,VNQ,110.05000305175781,110.08000183105469,109.36000061035156,109.66999816894531,91.05785369873047,3194300
2021-11-15,VNQ,109.8499984741211,110.47000122070312,109.44999694824219,110.44000244140625,91.69720458984375,2713500
2021-11-16,VNQ,110.51000213623047,110.58999633789062,109.45999908447266,109.70999908447266,91.0910873413086,3043900
2021-11-17,VNQ,109.43000030517578,110.19999694824219,107.97000122070312,110.05000305175781,91.3733901977539,4667900
2021-11-18,VNQ,110.19999694824219,110.26000213623047,109.58000183105469,110.06999969482422,91.38998413085938,2812800
2021-11-19,VNQ,110.08000183105469,110.18000030517578,109.01000213623047,109.41999816894531,90.85029602050781,2928800
2021-11-22,VNQ,109.52999877929688,109.83000183105469,108.69000244140625,108.87999725341797,90.40193176269531,3352600
2021-11-23,VNQ,109.11000061035156,110.08000183105469,108.69999694824219,109.76000213623047,91.13259887695312,3867100
2021-11-24,VNQ,109.69000244140625,111.29000091552734,109.43000030517578,111.08999633789062,92.23685455322266,3227600
2021-11-26,VNQ,109.5,109.5,107.36000061035156,108.0,89.67127990722656,3514700
2021-11-29,VNQ,108.80000305175781,109.72000122070312,108.0,108.80000305175781,90.33551788330078,4825900
2021-11-30,VNQ,108.1500015258789,108.43000030517578,106.6500015258789,106.73999786376953,88.62512969970703,6335800
2021-12-01,VNQ,107.73999786376953,109.05999755859375,104.94999694824219,104.9800033569336,87.16381072998047,8641300
2021-12-02,VNQ,105.5,108.76000213623047,105.26000213623047,108.12999725341797,89.77921295166016,7134400
2021-12-03,VNQ,108.25,108.76000213623047,106.83999633789062,107.7699966430664,89.48030853271484,7798400
2021-12-06,VNQ,108.41999816894531,110.44999694824219,108.41999816894531,109.66000366210938,91.04956817626953,7212400
2021-12-07,VNQ,110.55999755859375,111.55999755859375,110.29000091552734,111.23999786376953,92.36141967773438,5363400
2021-12-08,VNQ,111.23999786376953,112.30999755859375,111.0,112.04000091552734,93.0256576538086,5542400
2021-12-09,VNQ,111.61000061035156,111.6500015258789,110.38999938964844,110.41999816894531,91.68058013916016,3724500
2021-12-10,VNQ,110.9800033569336,111.0,110.27999877929688,110.76000213623047,91.96289825439453,3828200
2021-12-13,VNQ,110.54000091552734,112.29000091552734,110.20999908447266,111.80000305175781,92.8263931274414,6555000
2021-12-14,VNQ,111.48999786376953,111.70999908447266,109.83999633789062,110.37000274658203,91.6390609741211,5924500
2021-12-15,VNQ,110.69999694824219,112.11000061035156,110.37000274658203,111.91999816894531,92.92601013183594,6675800
2021-12-16,VNQ,112.2699966430664,112.91999816894531,111.2699966430664,111.87999725341797,92.89280700683594,6178900
2021-12-17,VNQ,111.69000244140625,112.97000122070312,111.48999786376953,111.73999786376953,92.77656555175781,7201700
2021-12-20,VNQ,110.56999969482422,111.19000244140625,109.62000274658203,110.87000274658203,92.05420684814453,6071100
2021-12-21,VNQ,111.7300033569336,112.63999938964844,111.5,112.12000274658203,93.09209442138672,4251000
2021-12-22,VNQ,112.44999694824219,113.37999725341797,112.31999969482422,113.2699966430664,94.04690551757812,4517500
2021-12-23,VNQ,113.55000305175781,113.69999694824219,112.55999755859375,113.1500015258789,93.9472885131836,6977700
2021-12-27,VNQ,112.11000061035156,114.0199966430664,112.0199966430664,114.0,95.54216766357422,9185100
2021-12-28,VNQ,113.93000030517578,114.54000091552734,113.66999816894531,114.41999816894531,95.89415740966797,3630400
2021-12-29,VNQ,114.6500015258789,115.44000244140625,114.05000305175781,115.19000244140625,96.53949737548828,3842900
2021-12-30,VNQ,115.23999786376953,116.16999816894531,115.23999786376953,115.69000244140625,96.95854187011719,3990400
2021-12-31,VNQ,115.70999908447266,116.70999908447266,115.6500015258789,116.01000213623047,97.22672271728516,5440300
2022-01-03,VNQ,116.20999908447266,116.23999786376953,113.45999908447266,115.0999984741211,96.46405029296875,9845000
2022-01-04,VNQ,115.41999816894531,116.08000183105469,114.86000061035156,114.95999908447266,96.34672546386719,5330700
2022-01-05,VNQ,114.76000213623047,114.80000305175781,111.55000305175781,111.66999816894531,93.58940124511719,6928300
2022-01-06,VNQ,111.80999755859375,112.22000122070312,110.5999984741211,111.7699966430664,93.67322540283203,5974500
2022-01-07,VNQ,111.4800033569336,111.8499984741211,110.76000213623047,111.02999877929688,93.05303955078125,6999300
2022-01-10,VNQ,110.3499984741211,110.5,109.0199966430664,110.38999938964844,92.51667022705078,6571900
2022-01-11,VNQ,110.2699966430664,110.66999816894531,108.86000061035156,110.55999755859375,92.65912628173828,5568500
2022-01-12,VNQ,110.56999969482422,111.37000274658203,110.5199966430664,110.69000244140625,92.76810455322266,4331700
2022-01-13,VNQ,111.0,111.48999786376953,110.27999877929688,110.47000122070312,92.5837173461914,3921700
2022-01-14,VNQ,109.87999725341797,109.98999786376953,108.16999816894531,109.47000122070312,91.74560546875,6465300
2022-01-18,VNQ,108.75,108.9000015258789,107.5999984741211,108.31999969482422,90.78181457519531,5828700
2022-01-19,VNQ,108.9000015258789,109.36000061035156,106.86000061035156,106.86000061035156,89.55821990966797,5111000
2022-01-20,VNQ,107.0,108.30000305175781,105.41999816894531,105.48999786376953,88.4100112915039,6982000
2022-01-21,VNQ,105.52999877929688,106.5999984741211,104.95999908447266,105.2300033569336,88.19212341308594,8031500
2022-01-24,VNQ,104.16000366210938,105.69999694824219,101.5999984741211,105.43000030517578,88.3597412109375,15646100
2022-01-25,VNQ,104.27999877929688,105.80999755859375,103.04000091552734,105.01000213623047,88.00775146484375,9942900
2022-01-26,VNQ,105.62000274658203,106.86000061035156,102.66999816894531,103.37000274658203,86.6332778930664,9589300
2022-01-27,VNQ,103.98999786376953,104.87000274658203,101.22000122070312,101.66000366210938,85.20015716552734,7459300
2022-01-28,VNQ,101.80000305175781,104.95999908447266,100.62000274658203,104.94999694824219,87.95745849609375,6924500
2022-01-31,VNQ,104.56999969482422,106.44000244140625,104.06999969482422,106.23999786376953,89.03858947753906,7457700
2022-02-01,VNQ,106.1500015258789,106.62999725341797,105.22000122070312,105.86000061035156,88.7201156616211,9610000
2022-02-02,VNQ,106.41000366210938,107.5199966430664,106.27999877929688,107.20999908447266,89.85154724121094,4619300
2022-02-03,VNQ,106.52999877929688,107.05999755859375,105.98999786376953,106.06999969482422,88.89613342285156,5453100
2022-02-04,VNQ,105.37999725341797,106.2699966430664,104.02999877929688,105.0199966430664,88.01612091064453,6865600
2022-02-07,VNQ,104.94000244140625,105.58999633789062,104.63999938964844,104.87000274658203,87.89041137695312,5860900
2022-02-08,VNQ,104.80999755859375,105.19000244140625,104.12000274658203,104.37999725341797,87.47972106933594,6106100
2022-02-09,VNQ,105.47000122070312,106.81999969482422,105.47000122070312,106.73999786376953,89.45763397216797,5746600
2022-02-10,VNQ,105.27999877929688,106.73999786376953,103.62999725341797,104.22000122070312,87.34563446044922,6948000
2022-02-11,VNQ,104.75,105.1500015258789,102.6500015258789,103.2699966430664,86.54945373535156,5679000
2022-02-14,VNQ,103.41000366210938,104.05000305175781,101.88999938964844,102.33000183105469,85.76165008544922,5350200
2022-02-15,VNQ,103.22000122070312,103.86000061035156,102.87999725341797,103.25,86.53271484375,3612600
2022-02-16,VNQ,103.36000061035156,103.98999786376953,102.62000274658203,103.7300033569336,86.93498992919922,4333000
2022-02-17,VNQ,103.33999633789062,103.6500015258789,102.48999786376953,102.62999725341797,86.01309204101562,4847000
2022-02-18,VNQ,102.37000274658203,103.44999694824219,101.87000274658203,102.01000213623047,85.49348449707031,4809500
2022-02-22,VNQ,101.62000274658203,102.37000274658203,100.97000122070312,101.63999938964844,85.18339538574219,6656900
2022-02-23,VNQ,102.5,102.94000244140625,99.91999816894531,99.95999908447266,83.77539825439453,6201000
2022-02-24,VNQ,98.01000213623047,101.95999908447266,97.70999908447266,101.63999938964844,85.18339538574219,9479200
2022-02-25,VNQ,102.05000305175781,104.23999786376953,101.58999633789062,104.08999633789062,87.2366943359375,5870300
2022-02-28,VNQ,103.2300033569336,103.63999938964844,101.45999908447266,102.54000091552734,85.93766784667969,7296900
2022-03-01,VNQ,102.80000305175781,103.41999816894531,101.44999694824219,102.0,85.4850845336914,8896200
2022-03-02,VNQ,102.37000274658203,104.43000030517578,102.22000122070312,103.91000366210938,87.08585357666016,6946100
2022-03-03,VNQ,104.48999786376953,105.11000061035156,103.41000366210938,104.76000213623047,87.79821014404297,6517000
2022-03-04,VNQ,103.8499984741211,105.33999633789062,103.58000183105469,105.23999786376953,88.20050048828125,6438500
2022-03-07,VNQ,105.01000213623047,105.26000213623047,103.11000061035156,103.16000366210938,86.45728302001953,6506200
2022-03-08,VNQ,103.11000061035156,104.5,102.30999755859375,102.66000366210938,86.0382308959961,7090600
2022-03-09,VNQ,104.38999938964844,105.27999877929688,104.06999969482422,104.23999786376953,87.36241149902344,5785900
2022-03-10,VNQ,103.13999938964844,104.75,102.86000061035156,104.5,87.58031463623047,4034900
2022-03-11,VNQ,105.30000305175781,105.79000091552734,103.5999984741211,103.66999816894531,86.88468933105469,5381600
2022-03-14,VNQ,104.26000213623047,104.44000244140625,102.4000015258789,102.86000061035156,86.20586395263672,4539900
2022-03-15,VNQ,103.77999877929688,104.33000183105469,102.61000061035156,103.55000305175781,86.78412628173828,5245000
2022-03-16,VNQ,104.30999755859375,105.2699966430664,102.55999755859375,104.77999877929688,87.81497955322266,6561300
2022-03-17,VNQ,104.4000015258789,106.4000015258789,104.37999725341797,106.4000015258789,89.17269134521484,3844300
2022-03-18,VNQ,106.33999633789062,106.76000213623047,105.76000213623047,106.4000015258789,89.17269134521484,5815300
2022-03-21,VNQ,106.4800033569336,106.97000122070312,105.29000091552734,105.75,88.62792205810547,4571900
2022-03-22,VNQ,106.38999938964844,106.66999816894531,105.79000091552734,106.0199966430664,88.85421752929688,4749800
2022-03-23,VNQ,105.0,105.5,104.12000274658203,104.26000213623047,87.85733032226562,4595400
2022-03-24,VNQ,104.29000091552734,104.94999694824219,103.88999938964844,104.91999816894531,88.41349029541016,3893400
2022-03-25,VNQ,105.37999725341797,106.2300033569336,105.01000213623047,106.2300033569336,89.51741027832031,4495100
2022-03-28,VNQ,106.33000183105469,107.36000061035156,106.11000061035156,107.36000061035156,90.46961975097656,4130800
2022-03-29,VNQ,108.41999816894531,110.69000244140625,108.30999755859375,110.51000213623047,93.12406158447266,5350500
2022-03-30,VNQ,110.05999755859375,110.26000213623047,109.22000122070312,109.70999908447266,92.44990539550781,5216200
2022-03-31,VNQ,110.16000366210938,110.48999786376953,108.37000274658203,108.37000274658203,91.32073974609375,7466900
2022-04-01,VNQ,108.87000274658203,110.5199966430664,108.5199966430664,110.4800033569336,93.09877014160156,6568700
2022-04-04,VNQ,110.5199966430664,110.76000213623047,108.97000122070312,109.94000244140625,92.64371490478516,6311800
2022-04-05,VNQ,109.62999725341797,110.98999786376953,109.06999969482422,109.4000015258789,92.18868255615234,4993700
2022-04-06,VNQ,108.95999908447266,110.80999755859375,108.44000244140625,110.69999694824219,93.28416442871094,5050800
2022-04-07,VNQ,110.05999755859375,110.1500015258789,108.87999725341797,109.5999984741211,92.35721588134766,5338200
2022-04-08,VNQ,109.76000213623047,110.26000213623047,108.9800033569336,109.77999877929688,92.50890350341797,5941000
2022-04-11,VNQ,109.48999786376953,110.08999633789062,108.37000274658203,108.5999984741211,91.51454162597656,4315700
2022-04-12,VNQ,108.6500015258789,109.43000030517578,108.0199966430664,108.44000244140625,91.37973022460938,5094800
2022-04-13,VNQ,108.51000213623047,109.37000274658203,108.16000366210938,109.20999908447266,92.0285873413086,4673100
2022-04-14,VNQ,109.63999938964844,110.12000274658203,108.6500015258789,108.73999786376953,91.63253021240234,4464700
2022-04-18,VNQ,108.5199966430664,109.12999725341797,107.7699966430664,108.30000305175781,91.2617416381836,4256900
2022-04-19,VNQ,108.86000061035156,110.95999908447266,108.75,110.66000366210938,93.25047302246094,7536100
2022-04-20,VNQ,111.05999755859375,112.87000274658203,110.9800033569336,112.5,94.80096435546875,5395900
2022-04-21,VNQ,113.06999969482422,113.41000366210938,111.62000274658203,111.72000122070312,94.14368438720703,4820700
2022-04-22,VNQ,111.44000244140625,111.55000305175781,109.69000244140625,109.76000213623047,92.49205017089844,4917800
2022-04-25,VNQ,109.41999816894531,109.93000030517578,107.66000366210938,109.4800033569336,92.256103515625,6032300
2022-04-26,VNQ,109.16000366210938,109.83000183105469,107.61000061035156,107.68000030517578,90.73927307128906,6217500
2022-04-27,VNQ,107.73999786376953,108.61000061035156,106.87999725341797,106.97000122070312,90.14098358154297,6007100
2022-04-28,VNQ,107.5,109.29000091552734,106.36000061035156,108.94000244140625,91.80104064941406,7235300
2022-04-29,VNQ,108.2699966430664,108.41999816894531,103.68000030517578,103.94000244140625,87.58768463134766,9573900
2022-05-02,VNQ,103.87000274658203,104.54000091552734,99.36000061035156,101.43000030517578,85.4725570678711,11885700
2022-05-03,VNQ,101.7699966430664,103.30999755859375,101.08999633789062,102.69000244140625,86.5343246459961,7245400
2022-05-04,VNQ,102.76000213623047,104.08000183105469,100.94000244140625,103.87000274658203,87.52869415283203,8686700
2022-05-05,VNQ,103.44000244140625,103.9800033569336,100.31999969482422,101.0999984741211,85.19446563720703,8884000
2022-05-06,VNQ,100.37999725341797,100.69999694824219,98.87000274658203,99.9000015258789,84.18325805664062,9398500
2022-05-09,VNQ,99.0,99.0,95.1500015258789,95.5,80.47549438476562,8491700
2022-05-10,VNQ,96.58000183105469,97.26000213623047,93.01000213623047,93.76000213623047,79.00924682617188,12528300
2022-05-11,VNQ,93.95999908447266,95.75,93.36000061035156,93.55999755859375,78.8406982421875,9095800
2022-05-12,VNQ,93.38999938964844,94.4000015258789,92.87999725341797,94.29000091552734,79.45586395263672,8312300
2022-05-13,VNQ,95.11000061035156,96.80999755859375,94.5,96.77999877929688,81.55410766601562,7536700
2022-05-16,VNQ,96.55000305175781,96.98999786376953,95.97000122070312,96.16999816894531,81.04007720947266,4614200
2022-05-17,VNQ,97.31999969482422,97.51000213623047,96.04000091552734,97.4800033569336,82.14398956298828,4492000
2022-05-18,VNQ,97.19000244140625,97.33000183105469,94.27999877929688,94.6500015258789,79.75920867919922,5130300
2022-05-19,VNQ,93.88999938964844,95.36000061035156,93.88999938964844,94.2300033569336,79.4052963256836,6365100
2022-05-20,VNQ,95.0999984741211,95.33000183105469,93.3499984741211,94.83000183105469,79.91090393066406,4471300
2022-05-23,VNQ,95.6500015258789,96.19999694824219,94.27999877929688,95.93000030517578,80.83784484863281,4662400
2022-05-24,VNQ,95.48999786376953,96.91999816894531,94.05999755859375,96.73999786376953,81.52040100097656,5895300
2022-05-25,VNQ,96.36000061035156,97.81999969482422,96.08000183105469,97.55999755859375,82.2114028930664,4589300
2022-05-26,VNQ,97.93000030517578,98.63999938964844,97.55000305175781,97.68000030517578,82.31254577636719,4355200
2022-05-27,VNQ,98.19000244140625,100.31999969482422,98.19000244140625,100.30000305175781,84.52033233642578,4990000
2022-05-31,VNQ,99.37999725341797,99.7300033569336,98.52999877929688,99.06999969482422,83.48383331298828,6276900
2022-06-01,VNQ,99.4000015258789,99.51000213623047,96.9800033569336,98.25,82.79286193847656,4607100
2022-06-02,VNQ,97.87999725341797,99.6500015258789,96.69000244140625,99.5999984741211,83.93046569824219,5450800
2022-06-03,VNQ,98.81999969482422,99.3499984741211,98.01000213623047,98.2699966430664,82.80970764160156,4989900
2022-06-06,VNQ,99.08999633789062,99.29000091552734,97.72000122070312,97.95999908447266,82.54847717285156,5445300
2022-06-07,VNQ,97.4800033569336,99.36000061035156,97.0999984741211,99.30999755859375,83.68609619140625,6489200
2022-06-08,VNQ,98.66999816894531,98.91999816894531,96.80999755859375,97.0199966430664,81.75635528564453,4566100
2022-06-09,VNQ,96.61000061035156,97.1500015258789,94.72000122070312,94.72000122070312,79.81819915771484,4358600
2022-06-10,VNQ,93.4800033569336,93.7300033569336,92.55999755859375,92.62000274658203,78.048583984375,7260100
2022-06-13,VNQ,90.55999755859375,90.61000061035156,87.61000061035156,87.98999786376953,74.14701080322266,8559700
2022-06-14,VNQ,88.29000091552734,88.45999908447266,86.62999725341797,87.31999969482422,73.58241271972656,8707300
2022-06-15,VNQ,88.13999938964844,90.61000061035156,87.91000366210938,89.38999938964844,75.32675170898438,8851100
2022-06-16,VNQ,87.2699966430664,88.0,86.66000366210938,87.04000091552734,73.3464584350586,8083300
2022-06-17,VNQ,87.01000213623047,88.8499984741211,86.9000015258789,87.69999694824219,73.90263366699219,7791800
2022-06-21,VNQ,88.51000213623047,89.87999725341797,88.47000122070312,88.91999816894531,74.93069458007812,5933100
2022-06-22,VNQ,87.98999786376953,91.19999694824219,87.9800033569336,90.05000305175781,75.8829345703125,6250200
2022-06-23,VNQ,89.80999755859375,91.44000244140625,89.76000213623047,91.18000030517578,77.32459259033203,6139300
2022-06-24,VNQ,91.83000183105469,93.23999786376953,91.55999755859375,93.12000274658203,78.96979522705078,4656500
2022-06-27,VNQ,93.05000305175781,93.98999786376953,92.43000030517578,92.9800033569336,78.85106658935547,3784200
2022-06-28,VNQ,93.52999877929688,94.23999786376953,91.72000122070312,91.8499984741211,77.89276885986328,4735900
2022-06-29,VNQ,91.33000183105469,91.45999908447266,90.2699966430664,91.27999877929688,77.40939331054688,4606700
2022-06-30,VNQ,90.63999938964844,92.2300033569336,89.95999908447266,91.11000061035156,77.26522827148438,6402600
2022-07-01,VNQ,90.97000122070312,93.01000213623047,90.80000305175781,92.75,78.65601348876953,4512500
2022-07-05,VNQ,91.80999755859375,92.5199966430664,90.33000183105469,92.48999786376953,78.4355239868164,5154400
2022-07-06,VNQ,92.77999877929688,93.55000305175781,92.01000213623047,92.31999969482422,78.2913589477539,3428900
2022-07-07,VNQ,92.87999725341797,93.38999938964844,92.33000183105469,92.56999969482422,78.50337219238281,3032400
2022-07-08,VNQ,92.37000274658203,92.7699966430664,91.63999938964844,92.08000183105469,78.08782196044922,3509800
2022-07-11,VNQ,91.77999877929688,92.25,91.16999816894531,91.87999725341797,77.91820526123047,3453200
2022-07-12,VNQ,91.4000015258789,92.44999694824219,90.87000274658203,91.5199966430664,77.6129150390625,4396100
2022-07-13,VNQ,90.48999786376953,91.75,89.91999816894531,91.08000183105469,77.23977661132812,5572400
2022-07-14,VNQ,89.56999969482422,90.66000366210938,89.44999694824219,90.26000213623047,76.54438781738281,4494500
2022-07-15,VNQ,91.7300033569336,92.2300033569336,90.9000015258789,91.79000091552734,77.84190368652344,5124800
2022-07-18,VNQ,92.43000030517578,92.52999877929688,90.77999877929688,91.13999938964844,77.29066467285156,3397900
2022-07-19,VNQ,91.95999908447266,93.61000061035156,91.86000061035156,93.5,79.29204559326172,3659100
2022-07-20,VNQ,93.33000183105469,94.41999816894531,92.81999969482422,93.27999877929688,79.10546112060547,4212400
2022-07-21,VNQ,93.47000122070312,94.02999877929688,92.37999725341797,94.0199966430664,79.73302459716797,5062800
2022-07-22,VNQ,94.58000183105469,95.11000061035156,93.79000091552734,94.51000213623047,80.1485595703125,3615200
2022-07-25,VNQ,94.61000061035156,95.20999908447266,94.19000244140625,94.66999816894531,80.28427124023438,3252800
2022-07-26,VNQ,94.66000366210938,95.27999877929688,94.41999816894531,94.7699966430664,80.36905670166016,3337300
2022-07-27,VNQ,95.0,95.56999969482422,94.19000244140625,95.33999633789062,80.8524398803711,4160900
2022-07-28,VNQ,95.97000122070312,98.5199966430664,95.95999908447266,98.43000030517578,83.472900390625,4100300
2022-07-29,VNQ,98.43000030517578,99.31999969482422,98.02999877929688,98.95999908447266,83.92237091064453,3301300
2022-08-01,VNQ,98.44999694824219,98.69999694824219,97.69000244140625,98.16000366210938,83.24393463134766,3572700
2022-08-02,VNQ,98.12999725341797,98.41000366210938,96.83999633789062,96.9000015258789,82.17538452148438,4731300
2022-08-03,VNQ,97.5,98.22000122070312,97.16000366210938,97.20999908447266,82.43828582763672,3107000
2022-08-04,VNQ,97.33999633789062,97.48999786376953,96.47000122070312,97.05999755859375,82.31108093261719,2884200
2022-08-05,VNQ,96.3499984741211,97.37999725341797,96.01000213623047,97.33000183105469,82.54005432128906,2719300
2022-08-08,VNQ,98.0,98.9000015258789,97.62999725341797,98.19999694824219,83.2778549194336,4694200
2022-08-09,VNQ,98.33000183105469,98.75,97.9000015258789,98.73999786376953,83.73578643798828,3403700
2022-08-10,VNQ,99.86000061035156,100.38999938964844,99.47000122070312,100.23999786376953,85.00786590576172,3165200
2022-08-11,VNQ,100.68000030517578,101.12000274658203,99.72000122070312,100.0,84.8043441772461,2151600
2022-08-12,VNQ,100.5999984741211,101.79000091552734,100.56999969482422,101.72000122070312,86.2629623413086,3423700
2022-08-15,VNQ,101.51000213623047,102.27999877929688,101.33000183105469,102.12999725341797,86.61065673828125,2135300
2022-08-16,VNQ,101.68000030517578,102.37000274658203,101.48999786376953,101.86000061035156,86.38168334960938,3680800
2022-08-17,VNQ,100.94000244140625,101.8499984741211,100.63999938964844,101.25,85.86437225341797,3683400
2022-08-18,VNQ,101.26000213623047,101.51000213623047,100.11000061035156,100.58000183105469,85.29619598388672,2263400
2022-08-19,VNQ,99.9800033569336,100.37999725341797,99.16999816894531,99.5199966430664,84.39726257324219,2788800
2022-08-22,VNQ,98.73999786376953,98.81999969482422,97.25,97.3499984741211,82.55702209472656,3517500
2022-08-23,VNQ,97.25,97.30000305175781,95.7300033569336,96.0999984741211,81.4969711303711,5605300
2022-08-24,VNQ,96.19000244140625,97.23999786376953,96.11000061035156,96.6500015258789,81.96337127685547,2292200
2022-08-25,VNQ,96.94999694824219,98.12000274658203,96.75,98.08999633789062,83.18456268310547,2129200
2022-08-26,VNQ,98.19000244140625,98.19000244140625,95.58000183105469,95.62000274658203,81.08988952636719,3187200
2022-08-29,VNQ,95.05000305175781,95.73999786376953,94.58000183105469,94.76000213623047,80.36058044433594,2833800
2022-08-30,VNQ,95.12000274658203,95.12000274658203,93.18000030517578,93.44999694824219,79.24964141845703,3643600
2022-08-31,VNQ,93.9800033569336,94.4000015258789,92.80000305175781,93.01000213623047,78.87651062011719,4100800
2022-09-01,VNQ,92.44999694824219,93.19999694824219,91.51000213623047,93.18000030517578,79.02067565917969,4746100
2022-09-02,VNQ,93.98999786376953,94.16999816894531,91.66000366210938,91.87999725341797,77.91820526123047,3561800
2022-09-06,VNQ,92.2699966430664,93.0999984741211,91.76000213623047,92.70999908447266,78.62210083007812,4591800
2022-09-07,VNQ,92.70999908447266,94.70999908447266,92.66999816894531,94.5199966430664,80.15705108642578,3681100
2022-09-08,VNQ,94.02999877929688,95.11000061035156,93.75,94.77999877929688,80.37755584716797,3408300
2022-09-09,VNQ,95.08000183105469,96.13999938964844,94.68000030517578,95.80999755859375,81.25102996826172,4129900
2022-09-12,VNQ,96.19000244140625,96.91999816894531,96.06999969482422,96.73999786376953,82.0396957397461,2737500
2022-09-13,VNQ,94.8499984741211,95.11000061035156,92.73999786376953,93.04000091552734,78.90194702148438,4824900
2022-09-14,VNQ,92.6500015258789,92.93000030517578,91.33000183105469,91.9800033569336,78.00303649902344,5301500
2022-09-15,VNQ,92.01000213623047,92.27999877929688,90.18000030517578,90.27999877929688,76.56136322021484,6727800
2022-09-16,VNQ,89.80999755859375,90.38999938964844,89.0999984741211,90.29000091552734,76.56982421875,6807800
2022-09-19,VNQ,89.4800033569336,90.19999694824219,88.87999725341797,90.16000366210938,76.45958709716797,4467100
2022-09-20,VNQ,89.31999969482422,89.4000015258789,87.5199966430664,87.97000122070312,74.60235595703125,5850800
2022-09-21,VNQ,88.58000183105469,89.0999984741211,86.55000305175781,86.58000183105469,73.42359161376953,7128900
2022-09-22,VNQ,86.31999969482422,86.36000061035156,85.18000030517578,85.4800033569336,72.49075317382812,6743600
2022-09-23,VNQ,83.69999694824219,84.12999725341797,82.5199966430664,83.44000244140625,71.52720642089844,8982100
2022-09-26,VNQ,82.98999786376953,83.05000305175781,80.25,81.0999984741211,69.52130126953125,8119600
2022-09-27,VNQ,81.80000305175781,82.3499984741211,79.81999969482422,80.0199966430664,68.59548950195312,10015000
2022-09-28,VNQ,80.75,82.01000213623047,79.93000030517578,81.68000030517578,70.01849365234375,9000200
2022-09-29,VNQ,80.86000061035156,80.86000061035156,78.7300033569336,79.27999877929688,67.96114349365234,8576300
2022-09-30,VNQ,79.69999694824219,80.73999786376953,79.5,80.16999816894531,68.72407531738281,9023600
2022-10-03,VNQ,81.4000015258789,82.11000061035156,80.04000091552734,81.5999984741211,69.94991302490234,8718400
2022-10-04,VNQ,82.55000305175781,83.87000274658203,82.43000030517578,83.25,71.36434173583984,6439300
2022-10-05,VNQ,82.12000274658203,82.25,80.2699966430664,81.62000274658203,69.9670639038086,6518400
2022-10-06,VNQ,81.38999938964844,81.72000122070312,79.18000030517578,79.3499984741211,68.02114868164062,7820800
2022-10-07,VNQ,78.5999984741211,79.04000091552734,76.91999816894531,77.44000244140625,66.38383483886719,6913700
2022-10-10,VNQ,77.55000305175781,78.20999908447266,76.58999633789062,76.70999908447266,65.75806427001953,6549500
2022-10-11,VNQ,76.66000366210938,78.0199966430664,75.76000213623047,77.48999786376953,66.42670440673828,7189700
2022-10-12,VNQ,77.5,77.5,76.19999694824219,76.68000030517578,65.73233032226562,6634400
2022-10-13,VNQ,75.1500015258789,78.45999908447266,74.66000366210938,78.08000183105469,66.9324722290039,8561200
2022-10-14,VNQ,78.68000030517578,79.27999877929688,76.02999877929688,76.13999938964844,65.26943969726562,7320700
2022-10-17,VNQ,77.55000305175781,79.30999755859375,77.48999786376953,79.01000213623047,67.72969818115234,5823800
2022-10-18,VNQ,80.30999755859375,80.98999786376953,79.12999725341797,79.87000274658203,68.46691131591797,5609200
2022-10-19,VNQ,79.08999633789062,79.3499984741211,77.4000015258789,77.87999725341797,66.76102447509766,6452100
2022-10-20,VNQ,77.91999816894531,78.79000091552734,77.31999969482422,77.54000091552734,66.46956634521484,4959700
2022-10-21,VNQ,77.80999755859375,78.19000244140625,76.54000091552734,78.1500015258789,66.99248504638672,6060100
2022-10-24,VNQ,78.79000091552734,79.11000061035156,77.56999969482422,78.13999938964844,66.98388671875,4918000
2022-10-25,VNQ,78.41000366210938,81.36000061035156,78.41000366210938,81.20999908447266,69.61559295654297,5815800
2022-10-26,VNQ,81.12999725341797,81.91000366210938,80.61000061035156,81.16000366210938,69.5727310180664,5746800
2022-10-27,VNQ,81.61000061035156,82.22000122070312,81.0199966430664,81.27999877929688,69.67560577392578,5239600
2022-10-28,VNQ,80.94999694824219,83.27999877929688,80.72000122070312,83.06999969482422,71.21003723144531,4651400
2022-10-31,VNQ,82.30000305175781,83.43000030517578,82.08000183105469,82.9800033569336,71.13288879394531,5112200
2022-11-01,VNQ,83.87999725341797,84.12999725341797,82.76000213623047,82.94999694824219,71.10717010498047,4751100
2022-11-02,VNQ,82.43000030517578,83.41999816894531,80.51000213623047,80.66999816894531,69.15267944335938,7240200
2022-11-03,VNQ,79.93000030517578,81.16999816894531,79.02999877929688,80.55999755859375,69.0583724975586,5231600
2022-11-04,VNQ,81.19999694824219,82.20999908447266,80.0999984741211,81.66000366210938,70.00135803222656,5664800
2022-11-07,VNQ,82.08999633789062,82.55000305175781,81.11000061035156,81.66000366210938,70.00135803222656,5545800
2022-11-08,VNQ,81.87999725341797,82.77999877929688,81.38999938964844,81.91000366210938,70.21566009521484,5578400
2022-11-09,VNQ,81.70999908447266,82.62000274658203,80.86000061035156,81.06999969482422,69.49556732177734,5510300
2022-11-10,VNQ,84.0,87.16999816894531,83.94999694824219,87.0,74.57894897460938,8312600
2022-11-11,VNQ,87.02999877929688,87.88999938964844,86.66000366210938,86.98999786376953,74.57038116455078,5928000
2022-11-14,VNQ,86.51000213623047,86.62000274658203,84.80999755859375,84.87000274658203,72.75306701660156,6181900
2022-11-15,VNQ,86.0,86.38999938964844,84.87999725341797,85.79000091552734,73.54170989990234,5283900
2022-11-16,VNQ,85.56999969482422,85.9000015258789,84.80999755859375,85.01000213623047,72.8730697631836,4258200
2022-11-17,VNQ,83.95999908447266,84.61000061035156,83.5999984741211,84.43000030517578,72.3758773803711,4463400
2022-11-18,VNQ,85.44000244140625,85.83999633789062,84.63999938964844,85.5,73.29309844970703,3854100
2022-11-21,VNQ,85.19999694824219,86.02999877929688,84.94000244140625,85.94999694824219,73.67886352539062,3505900
2022-11-22,VNQ,86.31999969482422,86.52999877929688,85.76000213623047,86.41999816894531,74.08175659179688,3514700
2022-11-23,VNQ,86.30999755859375,86.91000366210938,85.79000091552734,86.48999786376953,74.14176940917969,4423800
2022-11-25,VNQ,86.56999969482422,87.05999755859375,86.56999969482422,87.04000091552734,74.61323547363281,1524100
2022-11-28,VNQ,86.55000305175781,86.95999908447266,84.51000213623047,84.70999908447266,72.61589050292969,4032700
2022-11-29,VNQ,84.77999877929688,86.22000122070312,84.51000213623047,86.11000061035156,73.81600952148438,6035700
2022-11-30,VNQ,85.91000366210938,88.13999938964844,85.2699966430664,88.08000183105469,75.50475311279297,7077800
2022-12-01,VNQ,88.72000122070312,89.37999725341797,87.16999816894531,87.88999938964844,75.34188842773438,5038900
2022-12-02,VNQ,86.8499984741211,88.06999969482422,86.48999786376953,87.62999725341797,75.11900329589844,3953700
2022-12-05,VNQ,87.37000274658203,87.37000274658203,85.83999633789062,86.02999877929688,73.74745178222656,5983200
2022-12-06,VNQ,86.20999908447266,86.25,84.8499984741211,85.22000122070312,73.0530776977539,5276900
2022-12-07,VNQ,85.05000305175781,86.29000091552734,84.87999725341797,85.38999938964844,73.19880676269531,6206700
2022-12-08,VNQ,85.66000366210938,86.7699966430664,85.5,85.98999786376953,73.7131576538086,3994400
2022-12-09,VNQ,85.70999908447266,86.66000366210938,85.5,85.83000183105469,73.57599639892578,4572500
2022-12-12,VNQ,86.02999877929688,86.5,85.05999755859375,86.48999786376953,74.14176940917969,5115900
2022-12-13,VNQ,88.87999725341797,89.47000122070312,87.08000183105469,88.08999633789062,75.51333618164062,6864400
2022-12-14,VNQ,88.02999877929688,89.11000061035156,87.05000305175781,87.48999786376953,74.99899291992188,6553300
2022-12-15,VNQ,86.51000213623047,87.12000274658203,85.83999633789062,86.31999969482422,73.99603271484375,5325500
2022-12-16,VNQ,85.41999816894531,85.41999816894531,83.16000366210938,84.08999633789062,72.08441162109375,8166400
2022-12-19,VNQ,84.0,84.0,82.5199966430664,83.0199966430664,71.16716766357422,3776100
2022-12-20,VNQ,82.62999725341797,83.29000091552734,81.86000061035156,82.80999755859375,70.9871597290039,6614800
2022-12-21,VNQ,83.36000061035156,84.41999816894531,83.25,83.5199966430664,71.59578704833984,7101700
2022-12-22,VNQ,81.66999816894531,82.05999755859375,80.48999786376953,82.01000213623047,71.29499053955078,6619400
2022-12-23,VNQ,81.76000213623047,82.7699966430664,81.4000015258789,82.73999786376953,71.92960357666016,3539500
2022-12-27,VNQ,82.70999908447266,82.97000122070312,81.9800033569336,82.70999908447266,71.90354919433594,3961900
2022-12-28,VNQ,82.87999725341797,83.2699966430664,81.18000030517578,81.30000305175781,70.67776489257812,5168000
2022-12-29,VNQ,81.87000274658203,83.26000213623047,81.62999725341797,83.08000183105469,72.2251968383789,5398400
2022-12-30,VNQ,82.4800033569336,82.8499984741211,81.5,82.4800033569336,71.70359802246094,4897700
2023-01-03,VNQ,83.16999816894531,83.86000061035156,81.66000366210938,82.55999755859375,71.77313995361328,5906600
2023-01-04,VNQ,83.25,85.18000030517578,83.16999816894531,84.43000030517578,73.3988265991211,6860200
2023-01-05,VNQ,83.76000213623047,83.76000213623047,81.95999908447266,82.16000366210938,71.42539978027344,6839500
2023-01-06,VNQ,82.56999969482422,84.66000366210938,82.19999694824219,84.37000274658203,73.34664916992188,5962000
2023-01-09,VNQ,84.63999938964844,85.33000183105469,84.04000091552734,84.4000015258789,73.37273406982422,5699200
2023-01-10,VNQ,84.2699966430664,84.58999633789062,83.47000122070312,84.58999633789062,73.53791809082031,8040700
2023-01-11,VNQ,85.22000122070312,87.6500015258789,85.22000122070312,87.62000274658203,76.17202758789062,5663300
2023-01-12,VNQ,88.0,88.86000061035156,87.12999725341797,88.7300033569336,77.13700103759766,5890600
2023-01-13,VNQ,87.80000305175781,88.52999877929688,87.52999877929688,88.18000030517578,76.65885925292969,4153800
2023-01-17,VNQ,88.30999755859375,88.88999938964844,88.08000183105469,88.43000030517578,76.87617492675781,3943900
2023-01-18,VNQ,88.68000030517578,88.9800033569336,86.98999786376953,87.13999938964844,75.75472259521484,5984200
2023-01-19,VNQ,86.66000366210938,87.62999725341797,86.61000061035156,86.66000366210938,75.33744812011719,4696800
2023-01-20,VNQ,86.68000030517578,87.72000122070312,85.66999816894531,87.69000244140625,76.23287200927734,4251100
2023-01-23,VNQ,87.69999694824219,88.58999633789062,87.13999938964844,88.08999633789062,76.58060455322266,5154100
2023-01-24,VNQ,87.8499984741211,88.68000030517578,87.0,88.30999755859375,76.77186584472656,3810600
2023-01-25,VNQ,87.91000366210938,88.48999786376953,87.5,88.3499984741211,76.80664825439453,4953300
2023-01-26,VNQ,88.8499984741211,89.36000061035156,88.37000274658203,89.33999633789062,77.66730499267578,3939000
2023-01-27,VNQ,89.13999938964844,90.68000030517578,89.13999938964844,90.33999633789062,78.53663635253906,4972100
2023-01-30,VNQ,89.62000274658203,90.58000183105469,89.1500015258789,89.19000244140625,77.53689575195312,4737700
2023-01-31,VNQ,89.29000091552734,91.16999816894531,89.13999938964844,91.05999755859375,79.16255187988281,5449600
2023-02-01,VNQ,90.56999969482422,92.23999786376953,89.5999984741211,91.62000274658203,79.6494140625,9787400
2023-02-02,VNQ,92.44999694824219,94.52999877929688,92.41999816894531,93.69999694824219,81.4576416015625,5218600
2023-02-03,VNQ,92.38999938964844,92.44000244140625,90.80000305175781,91.94000244140625,79.92760467529297,5353000
2023-02-06,VNQ,90.80000305175781,91.37999725341797,90.33999633789062,91.2699966430664,79.34513854980469,3787500
2023-02-07,VNQ,90.83999633789062,91.48999786376953,89.87000274658203,91.06999969482422,79.17127227783203,5912700
2023-02-08,VNQ,90.6500015258789,91.1500015258789,90.31999969482422,90.63999938964844,78.79745483398438,4886900
2023-02-09,VNQ,91.01000213623047,91.52999877929688,89.41000366210938,89.6500015258789,77.9367904663086,2905100
2023-02-10,VNQ,89.25,90.12999725341797,88.76000213623047,89.95999908447266,78.20629119873047,3270300
2023-02-13,VNQ,90.18000030517578,90.9000015258789,90.08000183105469,90.76000213623047,78.9017562866211,2921900
2023-02-14,VNQ,90.47000122070312,91.16000366210938,89.5,90.04000091552734,78.27583312988281,4217600
2023-02-15,VNQ,89.48999786376953,90.41999816894531,89.23999786376953,90.4000015258789,78.58880615234375,3669900
2023-02-16,VNQ,89.12999725341797,90.30999755859375,88.41999816894531,89.5199966430664,77.82378387451172,4493100
2023-02-17,VNQ,89.20999908447266,89.45999908447266,88.31999969482422,89.16999816894531,77.51951599121094,4299600
2023-02-21,VNQ,88.61000061035156,88.62000274658203,86.98999786376953,87.37999725341797,75.96339416503906,4926400
2023-02-22,VNQ,87.5999984741211,87.7699966430664,86.19999694824219,86.58999633789062,75.2765884399414,4456500
2023-02-23,VNQ,87.12000274658203,87.47000122070312,86.29000091552734,87.23999786376953,75.8416748046875,6074900
2023-02-24,VNQ,86.26000213623047,86.33000183105469,85.2699966430664,85.70999908447266,74.51158142089844,5065400
2023-02-27,VNQ,86.54000091552734,87.1500015258789,85.47000122070312,85.83999633789062,74.62458801269531,5170800
2023-02-28,VNQ,85.80000305175781,86.83999633789062,85.62000274658203,85.72000122070312,74.520263671875,7261100
2023-03-01,VNQ,85.12000274658203,85.37000274658203,83.95999908447266,84.63999938964844,73.58136749267578,7041800
2023-03-02,VNQ,84.04000091552734,85.76000213623047,83.91999816894531,85.62999725341797,74.44203186035156,5208800
2023-03-03,VNQ,86.30999755859375,87.12999725341797,86.05999755859375,86.93000030517578,75.57217407226562,4542100
2023-03-06,VNQ,87.33000183105469,87.41000366210938,86.38999938964844,86.58999633789062,75.2765884399414,3893700
2023-03-07,VNQ,86.52999877929688,86.61000061035156,84.38999938964844,84.56999969482422,73.5205078125,6540600
2023-03-08,VNQ,84.52999877929688,86.04000091552734,84.48999786376953,85.54000091552734,74.36377716064453,5750400
2023-03-09,VNQ,85.68000030517578,85.76000213623047,83.4000015258789,83.58000183105469,72.65987396240234,5974200
2023-03-10,VNQ,83.45999908447266,83.62999725341797,80.37999725341797,80.80999755859375,70.25177764892578,10351000
2023-03-13,VNQ,80.38999938964844,82.95999908447266,80.08999633789062,81.87000274658203,71.17329406738281,16288000
2023-03-14,VNQ,83.26000213623047,83.62000274658203,81.7699966430664,82.66000366210938,71.86007690429688,8706400
2023-03-15,VNQ,81.30999755859375,82.8499984741211,81.30000305175781,82.5999984741211,71.80791473388672,10284900
2023-03-16,VNQ,81.86000061035156,82.83000183105469,80.94999694824219,82.41999816894531,71.65142822265625,10324300
2023-03-17,VNQ,82.08000183105469,82.16000366210938,80.47000122070312,80.55000305175781,70.0257568359375,9103200
2023-03-20,VNQ,81.16000366210938,81.81999969482422,80.44000244140625,81.47000122070312,70.8255615234375,6300300
2023-03-21,VNQ,82.0,82.22000122070312,80.4000015258789,81.11000061035156,70.51258850097656,5024500
2023-03-22,VNQ,80.63999938964844,80.66999816894531,78.05999755859375,78.08000183105469,67.87848663330078,8283600
2023-03-23,VNQ,78.4800033569336,79.48999786376953,77.30999755859375,77.58999633789062,67.4524917602539,6274400
2023-03-24,VNQ,76.45999908447266,78.80999755859375,76.22000122070312,78.79000091552734,69.18226623535156,8380000
2023-03-27,VNQ,79.26000213623047,79.55000305175781,78.58000183105469,78.69999694824219,69.1032485961914,4956700
2023-03-28,VNQ,78.12000274658203,78.86000061035156,77.81999969482422,78.51000213623047,68.93641662597656,4213800
2023-03-29,VNQ,79.44000244140625,80.3499984741211,79.30000305175781,80.25,70.46421813964844,6364000
2023-03-30,VNQ,81.0199966430664,81.55000305175781,80.9000015258789,81.30000305175781,71.38619995117188,4838000
2023-03-31,VNQ,81.7699966430664,83.12000274658203,81.63999938964844,83.04000091552734,72.91401672363281,6148200
2023-04-03,VNQ,82.94000244140625,83.62000274658203,81.95999908447266,82.37999725341797,72.33450317382812,7582700
2023-04-04,VNQ,82.55000305175781,82.72000122070312,81.72000122070312,82.2699966430664,72.2379150390625,6243400
2023-04-05,VNQ,82.04000091552734,82.5999984741211,81.70999908447266,81.83000183105469,71.85157012939453,7024100
2023-04-06,VNQ,82.12000274658203,82.44000244140625,81.47000122070312,82.38999938964844,72.34327697753906,7008200
2023-04-10,VNQ,82.0,82.79000091552734,81.52999877929688,82.7699966430664,72.67694091796875,3972100
2023-04-11,VNQ,82.93000030517578,83.80000305175781,82.5999984741211,83.12000274658203,72.9842529296875,4839400
2023-04-12,VNQ,83.86000061035156,83.9800033569336,82.58000183105469,82.72000122070312,72.6330337524414,5920500
2023-04-13,VNQ,82.77999877929688,82.83000183105469,81.68000030517578,82.47000122070312,72.41351318359375,3884400
2023-04-14,VNQ,82.5199966430664,83.01000213623047,80.56999969482422,81.19000244140625,71.28961181640625,5078300
2023-04-17,VNQ,81.19000244140625,82.9000015258789,81.19000244140625,82.87999725341797,72.77352142333984,5148900
2023-04-18,VNQ,82.97000122070312,82.9800033569336,82.2699966430664,82.69000244140625,72.60669708251953,4189600
2023-04-19,VNQ,82.2699966430664,83.37000274658203,81.97000122070312,83.18000030517578,73.03693389892578,3624200
2023-04-20,VNQ,82.68000030517578,82.7699966430664,81.93000030517578,82.36000061035156,72.31695556640625,4604400
2023-04-21,VNQ,82.38999938964844,82.7699966430664,81.68000030517578,82.37000274658203,72.32571411132812,5136600
2023-04-24,VNQ,82.36000061035156,82.73999786376953,81.41999816894531,82.05999755859375,72.05352020263672,3673500
2023-04-25,VNQ,81.5999984741211,81.88999938964844,81.16000366210938,81.25,71.34230041503906,5127500
2023-04-26,VNQ,81.08999633789062,81.81999969482422,80.29000091552734,80.47000122070312,70.65740966796875,5128500
2023-04-27,VNQ,80.75,82.5199966430664,80.61000061035156,82.29000091552734,72.25547790527344,6439300
2023-04-28,VNQ,82.41999816894531,83.70999908447266,82.20999908447266,83.30000305175781,73.14231872558594,5352800
2023-05-01,VNQ,83.30999755859375,83.62000274658203,82.55000305175781,82.68000030517578,72.59793090820312,4817200
2023-05-02,VNQ,82.47000122070312,82.63999938964844,80.66999816894531,81.27999877929688,71.3686294555664,5442500
2023-05-03,VNQ,81.68000030517578,82.58000183105469,80.88999938964844,80.95999908447266,71.0876693725586,7538900
2023-05-04,VNQ,80.91999816894531,82.11000061035156,80.43000030517578,81.62999725341797,71.67595672607422,7231800
2023-05-05,VNQ,82.11000061035156,83.16999816894531,82.08999633789062,82.98999786376953,72.87012481689453,4560600
2023-05-08,VNQ,82.80999755859375,83.06999969482422,82.16999816894531,82.51000213623047,72.44863891601562,4896000
2023-05-09,VNQ,82.11000061035156,82.51000213623047,81.25,82.16000366210938,72.14132690429688,4522000
2023-05-10,VNQ,82.95999908447266,83.2699966430664,82.0999984741211,82.94999694824219,72.83499145507812,6331600
2023-05-11,VNQ,82.36000061035156,82.4000015258789,81.52999877929688,82.04000091552734,72.03595733642578,5175400
2023-05-12,VNQ,82.19999694824219,82.29000091552734,81.36000061035156,82.02999877929688,72.02717590332031,3293800
2023-05-15,VNQ,82.16999816894531,82.37999725341797,81.68000030517578,81.88999938964844,71.90424346923828,3477400
2023-05-16,VNQ,81.69000244140625,81.80000305175781,79.83000183105469,79.83999633789062,70.10421752929688,5401000
2023-05-17,VNQ,80.3499984741211,81.05999755859375,79.62000274658203,80.91999816894531,71.05253601074219,4849000
2023-05-18,VNQ,80.58000183105469,80.94999694824219,79.91000366210938,80.52999877929688,70.71009063720703,4009000
2023-05-19,VNQ,80.88999938964844,81.30999755859375,80.01000213623047,80.4000015258789,70.595947265625,4803400
2023-05-22,VNQ,80.47000122070312,81.37999725341797,80.05000305175781,80.88999938964844,71.02619934082031,4839100
2023-05-23,VNQ,80.70999908447266,81.55000305175781,80.02999877929688,80.12999725341797,70.35884857177734,5460000
2023-05-24,VNQ,79.68000030517578,79.9000015258789,78.31999969482422,78.41000366210938,68.84860229492188,4910700
2023-05-25,VNQ,78.79000091552734,78.97000122070312,77.80999755859375,78.4000015258789,68.8398208618164,4810700
2023-05-26,VNQ,78.52999877929688,79.44999694824219,78.18000030517578,79.30000305175781,69.63007354736328,3230700
2023-05-30,VNQ,79.58000183105469,80.4800033569336,79.37000274658203,79.5999984741211,69.89350128173828,4449400
2023-05-31,VNQ,79.38999938964844,80.18000030517578,79.11000061035156,80.0,70.24472045898438,4673800
2023-06-01,VNQ,79.9000015258789,80.4800033569336,79.1500015258789,80.01000213623047,70.25350189208984,4016600
2023-06-02,VNQ,80.88999938964844,82.19000244140625,80.73999786376953,81.95999908447266,71.9657211303711,5114900
2023-06-05,VNQ,81.86000061035156,82.30999755859375,81.23999786376953,81.38999938964844,71.46522521972656,3936600
2023-06-06,VNQ,81.79000091552734,82.33999633789062,81.19999694824219,82.16999816894531,72.15010833740234,4728200
2023-06-07,VNQ,82.54000091552734,83.9000015258789,82.1500015258789,83.68000030517578,73.4759750366211,3825200
2023-06-08,VNQ,83.30000305175781,83.44000244140625,82.26000213623047,83.16000366210938,73.0193862915039,3097900
2023-06-09,VNQ,83.19000244140625,83.33999633789062,82.33999633789062,82.68000030517578,72.59793090820312,3199400
2023-06-12,VNQ,82.62000274658203,82.72000122070312,81.94999694824219,82.69999694824219,72.61548614501953,4072500
2023-06-13,VNQ,82.5999984741211,83.33000183105469,82.3499984741211,83.2300033569336,73.08085632324219,3693700
2023-06-14,VNQ,83.56999969482422,84.12999725341797,82.8499984741211,83.54000091552734,73.3530502319336,5042700
2023-06-15,VNQ,83.2300033569336,84.12000274658203,82.68000030517578,83.9800033569336,73.73939514160156,4661000
2023-06-16,VNQ,84.16000366210938,84.68000030517578,83.73999786376953,83.91999816894531,73.68672180175781,4576900
2023-06-20,VNQ,83.62000274658203,83.72000122070312,82.47000122070312,82.93000030517578,72.81742858886719,3826600
2023-06-21,VNQ,82.47000122070312,82.7300033569336,81.83000183105469,82.43000030517578,72.37838745117188,4691300
2023-06-22,VNQ,82.54000091552734,82.61000061035156,80.76000213623047,81.25,71.34230041503906,5114800
2023-06-23,VNQ,80.76000213623047,81.44999694824219,80.0999984741211,80.12999725341797,70.35884857177734,3956400
2023-06-26,VNQ,80.12999725341797,82.0999984741211,80.0199966430664,81.9800033569336,71.98328399658203,3246800
2023-06-27,VNQ,82.30999755859375,83.22000122070312,81.73999786376953,82.98999786376953,72.87012481689453,3845900
2023-06-28,VNQ,82.91000366210938,83.27999877929688,82.37000274658203,83.11000061035156,72.9754867553711,4691000
2023-06-29,VNQ,81.94000244140625,83.12999725341797,81.66000366210938,83.0999984741211,73.7906494140625,5033400
2023-06-30,VNQ,83.80999755859375,84.01000213623047,82.38999938964844,83.55999755859375,74.19911193847656,5758500
2023-07-03,VNQ,83.43000030517578,84.75,83.12999725341797,84.37999725341797,74.92723846435547,3632400
2023-07-05,VNQ,84.19999694824219,85.0999984741211,83.43000030517578,84.56999969482422,75.0959701538086,5766400
2023-07-06,VNQ,83.45999908447266,84.0199966430664,82.36000061035156,83.91999816894531,74.51878356933594,5609000
2023-07-07,VNQ,83.5,84.2699966430664,83.31999969482422,83.7300033569336,74.35006713867188,5865300
2023-07-10,VNQ,83.47000122070312,84.16000366210938,83.23999786376953,84.08999633789062,74.66973114013672,3855600
2023-07-11,VNQ,84.31999969482422,85.33999633789062,84.12000274658203,85.29000091552734,75.73532104492188,4038400
2023-07-12,VNQ,86.44000244140625,86.55000305175781,85.66999816894531,85.75,76.14376831054688,5361600
2023-07-13,VNQ,85.73999786376953,86.31999969482422,85.26000213623047,86.30000305175781,76.63215637207031,5067100
2023-07-14,VNQ,85.9800033569336,86.19000244140625,85.58000183105469,86.12999725341797,76.481201171875,5618100
2023-07-17,VNQ,85.91000366210938,86.2300033569336,85.41000366210938,85.56999969482422,75.98394012451172,5610700
2023-07-18,VNQ,85.70999908447266,85.83000183105469,84.37999725341797,85.0999984741211,75.56658172607422,4605100
2023-07-19,VNQ,85.5999984741211,86.44999694824219,85.58000183105469,86.05999755859375,76.4190444946289,5363700
2023-07-20,VNQ,85.7300033569336,85.81999969482422,84.70999908447266,85.77999877929688,76.17040252685547,5667100
2023-07-21,VNQ,86.01000213623047,86.41999816894531,85.80000305175781,86.18000030517578,76.52561950683594,4767700
2023-07-24,VNQ,86.20999908447266,86.97000122070312,86.1500015258789,86.88999938964844,77.15607452392578,4990600
2023-07-25,VNQ,86.56999969482422,87.16999816894531,86.18000030517578,86.2699966430664,76.60552215576172,4968100
2023-07-26,VNQ,86.12999725341797,86.83999633789062,86.08999633789062,86.66000366210938,76.95182037353516,7377400
2023-07-27,VNQ,87.11000061035156,87.31999969482422,84.70999908447266,84.77999877929688,75.2824478149414,8010000
2023-07-28,VNQ,85.79000091552734,86.0,84.55000305175781,84.70999908447266,75.22028350830078,5025800
2023-07-31,VNQ,84.94000244140625,85.73999786376953,84.66999816894531,85.26000213623047,75.70865631103516,6121600
2023-08-01,VNQ,85.04000091552734,85.41999816894531,84.66999816894531,85.12000274658203,75.58435821533203,4641600
2023-08-02,VNQ,84.41000366210938,84.81999969482422,84.08999633789062,84.62999725341797,75.14923858642578,4147000
2023-08-03,VNQ,83.80999755859375,83.83000183105469,82.58999633789062,83.70999908447266,74.33232116699219,6454100
2023-08-04,VNQ,83.48999786376953,84.2300033569336,82.73999786376953,83.02999877929688,73.72848510742188,5148300
2023-08-07,VNQ,83.25,84.11000061035156,83.08999633789062,84.06999969482422,74.65196228027344,3906500
2023-08-08,VNQ,83.4000015258789,83.7300033569336,82.7300033569336,83.52999877929688,74.17247009277344,3854800
2023-08-09,VNQ,83.26000213623047,83.9800033569336,82.95999908447266,83.5199966430664,74.16358947753906,2960200
2023-08-10,VNQ,83.69999694824219,84.38999938964844,82.9800033569336,83.19999694824219,73.87945556640625,4451100
2023-08-11,VNQ,82.88999938964844,83.44999694824219,82.62999725341797,83.33000183105469,73.99488067626953,3654700
2023-08-14,VNQ,83.19000244140625,83.19000244140625,82.52999877929688,82.77999877929688,73.5064926147461,3376700
2023-08-15,VNQ,82.12999725341797,82.41000366210938,81.66999816894531,81.8499984741211,72.68065643310547,3398400
2023-08-16,VNQ,81.91000366210938,81.97000122070312,80.79000091552734,80.83999633789062,71.78382110595703,3703700
2023-08-17,VNQ,80.91999816894531,81.44000244140625,80.16000366210938,80.19000244140625,71.20664978027344,4069800
2023-08-18,VNQ,79.62000274658203,80.61000061035156,79.5,80.44000244140625,71.42863464355469,3307400
2023-08-21,VNQ,80.25,80.27999877929688,79.04000091552734,79.69999694824219,70.77152252197266,3789800
2023-08-22,VNQ,79.9800033569336,80.25,79.68000030517578,79.93000030517578,70.97577667236328,3380200
2023-08-23,VNQ,80.19999694824219,81.29000091552734,80.19999694824219,81.19000244140625,72.09461212158203,3257800
2023-08-24,VNQ,81.41999816894531,82.30999755859375,80.80999755859375,80.87999725341797,71.8193359375,4523800
2023-08-25,VNQ,80.98999786376953,81.5,80.58999633789062,80.94000244140625,71.87262725830078,4252000
2023-08-28,VNQ,81.2699966430664,82.13999938964844,81.2699966430664,81.69999694824219,72.54747772216797,3448800
2023-08-29,VNQ,81.66999816894531,82.72000122070312,81.37999725341797,82.69000244140625,73.42658233642578,3515300
2023-08-30,VNQ,82.70999908447266,83.20999908447266,82.62000274658203,82.98999786376953,73.6929702758789,3042100
2023-08-31,VNQ,83.0,83.12999725341797,82.37999725341797,82.37999725341797,73.15129089355469,3410200
2023-09-01,VNQ,82.9000015258789,83.16999816894531,82.30000305175781,82.5199966430664,73.27561950683594,3403900
2023-09-05,VNQ,82.27999877929688,82.44999694824219,81.52999877929688,81.55999755859375,72.42314910888672,3578000
2023-09-06,VNQ,81.44999694824219,81.72000122070312,80.77999877929688,81.38999938964844,72.27220916748047,3681300
2023-09-07,VNQ,81.12999725341797,82.26000213623047,81.12999725341797,81.9000015258789,72.7250747680664,5056100
2023-09-08,VNQ,81.95999908447266,82.18000030517578,81.38999938964844,81.58000183105469,72.44091796875,3317400
2023-09-11,VNQ,81.69000244140625,81.83999633789062,81.18000030517578,81.58999633789062,72.4498062133789,2813600
2023-09-12,VNQ,81.41999816894531,81.72000122070312,81.01000213623047,81.55000305175781,72.41429138183594,2959200
2023-09-13,VNQ,81.54000091552734,81.62000274658203,80.45999908447266,80.66000366210938,71.6240005493164,3989000
2023-09-14,VNQ,81.12000274658203,82.30000305175781,81.12000274658203,82.12000274658203,72.9204330444336,3926600
2023-09-15,VNQ,81.70999908447266,82.06999969482422,81.48999786376953,81.80999755859375,72.64514923095703,3784500
2023-09-18,VNQ,81.80999755859375,81.80999755859375,80.87000274658203,81.08000183105469,71.99694061279297,3117700
2023-09-19,VNQ,80.94000244140625,81.30999755859375,80.4800033569336,80.70999908447266,71.66838073730469,2742500
2023-09-20,VNQ,81.37000274658203,81.77999877929688,80.7699966430664,80.77999877929688,71.73054504394531,3827800
2023-09-21,VNQ,80.18000030517578,80.30000305175781,78.0,78.02999877929688,69.28860473632812,6202200
2023-09-22,VNQ,78.05999755859375,78.48999786376953,77.37999725341797,77.44000244140625,68.76471710205078,5061200
2023-09-25,VNQ,77.12999725341797,77.44000244140625,76.79000091552734,77.37000274658203,68.70255279541016,3928200
2023-09-26,VNQ,76.91000366210938,77.06999969482422,75.69000244140625,75.95999908447266,67.45050811767578,5220800
2023-09-27,VNQ,76.2300033569336,76.6500015258789,75.05000305175781,75.44999694824219,66.99763488769531,6657600
2023-09-28,VNQ,75.0,75.75,74.8499984741211,75.44000244140625,67.64051818847656,6659600
2023-09-29,VNQ,76.44000244140625,76.7699966430664,75.22000122070312,75.66000366210938,67.83776092529297,6630600
2023-10-02,VNQ,75.41000366210938,75.69999694824219,73.80000305175781,74.2699966430664,66.59148406982422,7564300
2023-10-03,VNQ,73.86000061035156,74.1500015258789,72.58999633789062,72.81999969482422,65.29138946533203,7121000
2023-10-04,VNQ,73.20999908447266,73.72000122070312,72.33999633789062,73.70999908447266,66.08935546875,8748100
2023-10-05,VNQ,73.55000305175781,74.20999908447266,73.23999786376953,74.12000274658203,66.45698547363281,5306900
2023-10-06,VNQ,73.45999908447266,74.77999877929688,72.75,74.31999969482422,66.63629913330078,5919900
2023-10-09,VNQ,73.83999633789062,75.41000366210938,73.76000213623047,75.12999725341797,67.36256408691406,3848200
2023-10-10,VNQ,75.1500015258789,76.1500015258789,74.80000305175781,75.48999786376953,67.68533325195312,4585700
2023-10-11,VNQ,76.0999984741211,76.8499984741211,75.94999694824219,76.80000305175781,68.85990142822266,6128600
2023-10-12,VNQ,76.55999755859375,76.6500015258789,75.29000091552734,75.68000030517578,67.85570526123047,4429000
2023-10-13,VNQ,76.04000091552734,76.26000213623047,75.1500015258789,75.48999786376953,67.68533325195312,5860800
2023-10-16,VNQ,76.0199966430664,76.5999984741211,75.25,76.38999938964844,68.49230194091797,4381800
2023-10-17,VNQ,75.68000030517578,77.27999877929688,75.68000030517578,76.27999877929688,68.39366912841797,5419300
2023-10-18,VNQ,75.70999908447266,75.97000122070312,74.5999984741211,74.66000366210938,66.941162109375,4853700
2023-10-19,VNQ,74.01000213623047,74.66000366210938,72.73999786376953,72.88999938964844,65.35414123535156,8238400
2023-10-20,VNQ,73.0,73.45999908447266,72.3499984741211,72.4000015258789,64.91480255126953,5874400
2023-10-23,VNQ,71.7300033569336,72.69000244140625,71.48999786376953,71.69000244140625,64.27820587158203,6906600
2023-10-24,VNQ,71.9800033569336,72.80999755859375,71.95999908447266,72.61000061035156,65.10309600830078,5755200
2023-10-25,VNQ,71.87000274658203,72.13999938964844,70.94999694824219,71.05000305175781,63.70438766479492,6254500
2023-10-26,VNQ,71.41000366210938,72.9000015258789,71.36000061035156,72.41000366210938,64.92376708984375,8144400
2023-10-27,VNQ,72.68000030517578,72.68000030517578,71.01000213623047,71.25,63.88369369506836,12043000
2023-10-30,VNQ,71.68000030517578,72.2300033569336,70.61000061035156,71.69999694824219,64.28717041015625,7041000
2023-10-31,VNQ,72.2699966430664,73.0,71.58000183105469,72.91999816894531,65.38105773925781,5964700
2023-11-01,VNQ,73.0199966430664,73.44000244140625,72.54000091552734,73.37000274658203,65.78453063964844,7021600
2023-11-02,VNQ,74.5999984741211,75.98999786376953,74.43000030517578,75.77999877929688,67.94535827636719,6450300
2023-11-03,VNQ,77.04000091552734,78.61000061035156,77.0199966430664,77.58999633789062,69.56822204589844,6394100
2023-11-06,VNQ,77.43000030517578,77.4800033569336,76.08000183105469,76.47000122070312,68.56402587890625,4432100
2023-11-07,VNQ,76.37000274658203,76.52999877929688,75.7300033569336,75.83999633789062,67.99916076660156,5235300
2023-11-08,VNQ,76.05999755859375,76.37999725341797,75.76000213623047,76.08999633789062,68.22331237792969,4398300
2023-11-09,VNQ,76.3499984741211,76.4000015258789,74.72000122070312,74.88999938964844,67.14737701416016,4922800
2023-11-10,VNQ,75.2699966430664,75.75,74.69000244140625,75.58999633789062,67.77500915527344,3943800
2023-11-13,VNQ,75.02999877929688,75.27999877929688,74.51000213623047,74.95999908447266,67.21012878417969,3791200
2023-11-14,VNQ,77.4000015258789,79.80999755859375,77.25,79.12000274658203,70.9400405883789,7493800
2023-11-15,VNQ,79.05000305175781,80.06999969482422,78.9800033569336,79.3499984741211,71.14627075195312,6033400
2023-11-16,VNQ,79.5,79.73999786376953,78.93000030517578,79.18000030517578,70.99385070800781,4879800
2023-11-17,VNQ,79.86000061035156,79.87999725341797,78.79000091552734,79.12000274658203,70.9400405883789,4379000
2023-11-20,VNQ,79.02999877929688,79.69999694824219,78.38999938964844,79.69999694824219,71.46007537841797,4225000
2023-11-21,VNQ,79.36000061035156,79.44000244140625,78.94000244140625,79.13999938964844,70.9579849243164,3703600
2023-11-22,VNQ,79.86000061035156,80.08999633789062,79.16999816894531,79.52999877929688,71.30765533447266,5280200
2023-11-24,VNQ,79.33999633789062,79.81999969482422,78.97000122070312,79.76000213623047,71.51387786865234,1893600
2023-11-27,VNQ,79.80000305175781,80.48999786376953,79.43000030517578,80.05000305175781,71.77389526367188,5790800
2023-11-28,VNQ,79.83999633789062,80.6500015258789,79.43000030517578,80.58000183105469,72.24911499023438,5811300
2023-11-29,VNQ,81.16000366210938,81.93000030517578,81.04000091552734,81.13999938964844,72.75120544433594,4605400
2023-11-30,VNQ,81.08000183105469,81.77999877929688,80.79000091552734,81.7300033569336,73.28020477294922,4118600
2023-12-01,VNQ,81.66000366210938,83.75,81.41999816894531,83.73999786376953,75.0823974609375,7182800
2023-12-04,VNQ,83.37999725341797,84.37000274658203,83.19000244140625,84.3499984741211,75.62933349609375,6740500
2023-12-05,VNQ,83.9000015258789,84.04000091552734,83.36000061035156,83.79000091552734,75.12722778320312,6149900
2023-12-06,VNQ,84.20999908447266,84.77999877929688,83.4800033569336,83.54000091552734,74.90308380126953,4405000
2023-12-07,VNQ,83.58999633789062,84.04000091552734,83.20999908447266,83.77999877929688,75.1182632446289,6631500
2023-12-08,VNQ,83.48999786376953,83.8499984741211,82.79000091552734,83.63999938964844,74.99273681640625,3416900
2023-12-11,VNQ,83.36000061035156,84.0199966430664,83.23999786376953,83.87000274658203,75.1989517211914,3143200
2023-12-12,VNQ,83.86000061035156,84.12999725341797,83.37999725341797,83.81999969482422,75.15413665771484,3158400
2023-12-13,VNQ,83.94000244140625,87.33000183105469,83.70999908447266,87.02999877929688,78.03225708007812,5649600
2023-12-14,VNQ,88.6500015258789,90.08999633789062,88.63999938964844,89.54000091552734,80.28276062011719,6918500
2023-12-15,VNQ,89.33000183105469,89.37999725341797,87.63999938964844,88.27999877929688,79.15303039550781,7666400
2023-12-18,VNQ,88.69999694824219,88.7699966430664,87.9800033569336,88.08000183105469,78.97370910644531,6353800
2023-12-19,VNQ,88.5,89.0,88.41999816894531,88.75,79.57443237304688,5786900
2023-12-20,VNQ,88.83999633789062,89.45999908447266,87.61000061035156,87.66999816894531,78.60609436035156,6072600
2023-12-21,VNQ,87.3499984741211,87.58999633789062,86.43000030517578,87.37000274658203,79.30319213867188,4430000
2023-12-22,VNQ,87.70999908447266,88.41000366210938,87.2699966430664,87.70999908447266,79.6117935180664,5100300
2023-12-26,VNQ,87.68000030517578,88.5999984741211,87.58999633789062,88.36000061035156,80.2017822265625,4336600
2023-12-27,VNQ,88.52999877929688,88.9000015258789,88.12999725341797,88.79000091552734,80.59208679199219,5383600
2023-12-28,VNQ,88.68000030517578,89.41999816894531,88.55999755859375,89.41999816894531,81.16390991210938,3879100
2023-12-29,VNQ,89.0999984741211,89.16999816894531,88.26000213623047,88.36000061035156,80.2017822265625,5331500
2024-01-02,VNQ,88.05000305175781,89.26000213623047,87.68000030517578,89.12000274658203,80.89161682128906,6057900
2024-01-03,VNQ,88.41999816894531,88.41999816894531,86.81999969482422,86.98999786376953,78.9582748413086,5159600
2024-01-04,VNQ,86.81999969482422,87.41999816894531,86.44999694824219,86.83000183105469,78.81304168701172,5609900
2024-01-05,VNQ,86.19999694824219,87.37000274658203,85.69999694824219,86.61000061035156,78.61335754394531,3805800
2024-01-08,VNQ,86.55999755859375,87.94999694824219,86.36000061035156,87.8499984741211,79.73887634277344,5372100
2024-01-09,VNQ,87.0,87.61000061035156,86.58000183105469,87.26000213623047,79.20333862304688,3819000
2024-01-10,VNQ,87.44000244140625,87.7699966430664,87.04000091552734,87.36000061035156,79.29410552978516,3649900
2024-01-11,VNQ,87.18000030517578,87.18000030517578,86.05000305175781,86.55000305175781,78.55889892578125,5512700
2024-01-12,VNQ,87.41999816894531,87.69999694824219,86.62999725341797,87.06999969482422,79.0308837890625,3070300
2024-01-16,VNQ,86.58000183105469,86.97000122070312,86.1500015258789,86.43000030517578,78.44996643066406,5125800
2024-01-17,VNQ,85.25,86.33000183105469,83.98999786376953,84.8499984741211,77.0158462524414,4898900
2024-01-18,VNQ,84.9800033569336,85.30000305175781,83.77999877929688,84.38999938964844,76.59832763671875,4537800
2024-01-19,VNQ,84.58999633789062,85.68000030517578,83.94999694824219,85.4000015258789,77.51506805419922,6188700
2024-01-22,VNQ,85.69999694824219,86.73999786376953,85.5199966430664,85.91000366210938,77.97798156738281,4203000
2024-01-23,VNQ,86.23999786376953,86.52999877929688,85.02999877929688,85.31999969482422,77.44246673583984,4821800
2024-01-24,VNQ,86.19000244140625,86.2699966430664,84.04000091552734,84.0999984741211,76.33509063720703,3265600
2024-01-25,VNQ,85.11000061035156,85.62000274658203,84.76000213623047,85.18000030517578,77.31539154052734,4394300
2024-01-26,VNQ,85.3499984741211,85.58999633789062,84.75,84.94000244140625,77.09754943847656,2783200
2024-01-29,VNQ,84.91999816894531,85.66999816894531,84.69000244140625,85.5,77.6058349609375,3591900
2024-01-30,VNQ,85.12999725341797,85.43000030517578,84.54000091552734,84.69999694824219,76.87969970703125,4580900
2024-01-31,VNQ,84.9800033569336,85.62999725341797,83.7300033569336,83.88999938964844,76.14448547363281,8892900
2024-02-01,VNQ,83.80000305175781,85.44000244140625,83.33999633789062,85.41000366210938,77.52415466308594,8950700
2024-02-02,VNQ,84.18000030517578,84.87999725341797,82.94000244140625,84.3499984741211,76.56201934814453,7935800
2024-02-05,VNQ,83.30000305175781,83.30000305175781,82.33000183105469,82.58000183105469,74.95543670654297,6269400
2024-02-06,VNQ,82.70999908447266,83.8499984741211,82.41000366210938,83.69000244140625,75.96295928955078,5482300
2024-02-07,VNQ,83.98999786376953,84.06999969482422,83.0999984741211,83.56999969482422,75.85404968261719,5074200
2024-02-08,VNQ,83.33000183105469,84.48999786376953,83.33000183105469,84.25,76.47125244140625,3697200
2024-02-09,VNQ,84.19999694824219,84.5199966430664,83.43000030517578,84.37999725341797,76.5892333984375,3478100
2024-02-12,VNQ,84.54000091552734,85.01000213623047,84.22000122070312,84.4000015258789,76.60741424560547,3949000
2024-02-13,VNQ,82.58000183105469,82.68000030517578,81.54000091552734,82.66000366210938,75.0280532836914,6203500
2024-02-14,VNQ,83.0199966430664,83.77999877929688,82.62000274658203,83.30999755859375,75.61803436279297,5264400
2024-02-15,VNQ,84.06999969482422,85.33999633789062,84.0199966430664,85.25,77.37893676757812,5164800
2024-02-16,VNQ,84.25,84.86000061035156,83.6500015258789,84.37000274658203,76.58016967773438,4781000
2024-02-20,VNQ,83.87999725341797,84.55999755859375,83.4800033569336,84.22000122070312,76.44402313232422,4739900
2024-02-21,VNQ,84.4000015258789,84.80999755859375,84.06999969482422,84.69000244140625,76.87063598632812,4053000
2024-02-22,VNQ,84.95999908447266,85.27999877929688,84.66999816894531,84.8499984741211,77.0158462524414,5000600
2024-02-23,VNQ,84.9000015258789,85.30000305175781,84.5999984741211,84.80999755859375,76.97954559326172,4695600
2024-02-26,VNQ,84.58999633789062,85.04000091552734,83.72000122070312,83.87999725341797,76.13541412353516,5943300
2024-02-27,VNQ,84.33999633789062,84.72000122070312,83.80000305175781,83.9800033569336,76.22618103027344,3857800
2024-02-28,VNQ,83.55000305175781,85.3499984741211,83.45999908447266,84.83000183105469,76.9977035522461,5170700
2024-02-29,VNQ,85.51000213623047,86.0,85.16000366210938,85.55000305175781,77.65122985839844,6595400
2024-03-01,VNQ,85.41999816894531,86.56999969482422,84.52999877929688,86.56999969482422,78.57704162597656,6560900
2024-03-04,VNQ,86.33000183105469,87.43000030517578,85.72000122070312,87.37999725341797,79.312255859375,5319000
2024-03-05,VNQ,86.91000366210938,87.54000091552734,85.91999816894531,86.31999969482422,78.35012817382812,4722600
2024-03-06,VNQ,86.87999725341797,87.08000183105469,86.23999786376953,86.75,78.74041748046875,4999400
2024-03-07,VNQ,87.20999908447266,87.41999816894531,86.30000305175781,86.7300033569336,78.72228240966797,3164100
2024-03-08,VNQ,87.5,88.02999877929688,87.30000305175781,87.7300033569336,79.62995147705078,4546400
2024-03-11,VNQ,87.54000091552734,88.06999969482422,86.94000244140625,87.30999755859375,79.24871826171875,3467200
2024-03-12,VNQ,87.1500015258789,87.4800033569336,86.37000274658203,87.12000274658203,79.07626342773438,3309000
2024-03-13,VNQ,86.97000122070312,87.51000213623047,86.4000015258789,86.68000030517578,78.67689514160156,3418600
2024-03-14,VNQ,86.31999969482422,86.48999786376953,84.6500015258789,85.37999725341797,77.49691772460938,4155000
2024-03-15,VNQ,84.55999755859375,85.5199966430664,84.54000091552734,85.19000244140625,77.32447052001953,4214300
2024-03-18,VNQ,85.37999725341797,85.68000030517578,85.06999969482422,85.2300033569336,77.36077117919922,3030800
2024-03-19,VNQ,85.1500015258789,85.5199966430664,84.69000244140625,85.19999694824219,77.33354187011719,4165700
2024-03-20,VNQ,84.66999816894531,86.0199966430664,84.31999969482422,85.76000213623047,77.84184265136719,4605800
2024-03-21,VNQ,86.12999725341797,86.75,85.86000061035156,86.37999725341797,78.40457916259766,3753200
2024-03-22,VNQ,85.69000244140625,85.87999725341797,84.51000213623047,84.56999969482422,77.4177474975586,3923200
2024-03-25,VNQ,84.6500015258789,84.95999908447266,84.05000305175781,84.05000305175781,76.94173431396484,5262400
2024-03-26,VNQ,84.2699966430664,84.37000274658203,83.69000244140625,83.70999908447266,76.63048553466797,4923000
2024-03-27,VNQ,84.66999816894531,85.9000015258789,84.47000122070312,85.87000274658203,78.60780334472656,5191400
2024-03-28,VNQ,86.02999877929688,86.7699966430664,86.02999877929688,86.4800033569336,79.16622161865234,4626900
2024-04-01,VNQ,86.73999786376953,86.73999786376953,84.87000274658203,85.02999877929688,77.83885955810547,5331200
2024-04-02,VNQ,84.37000274658203,84.44000244140625,83.62999725341797,83.95999908447266,76.85934448242188,5116000
2024-04-03,VNQ,83.76000213623047,84.1500015258789,83.41000366210938,84.05000305175781,76.94173431396484,3632700
2024-04-04,VNQ,84.73999786376953,85.13999938964844,83.22000122070312,83.51000213623047,76.44740295410156,5953600
2024-04-05,VNQ,83.22000122070312,84.13999938964844,83.01000213623047,83.94000244140625,76.8410415649414,4789000
2024-04-08,VNQ,84.20999908447266,84.91999816894531,84.12000274658203,84.83999633789062,77.6649169921875,3866900
2024-04-09,VNQ,85.1500015258789,85.97000122070312,84.97000122070312,85.97000122070312,78.69934844970703,4075600
2024-04-10,VNQ,83.44999694824219,83.70999908447266,81.93000030517578,82.41000366210938,75.44043731689453,8332800
2024-04-11,VNQ,82.98999786376953,83.16000366210938,81.86000061035156,82.69000244140625,75.6967544555664,7145900
2024-04-12,VNQ,82.19000244140625,82.37999725341797,81.38999938964844,81.70999908447266,74.79963684082031,5451200
2024-04-15,VNQ,82.25,82.33000183105469,79.87000274658203,80.31999969482422,73.52719116210938,5478600
2024-04-16,VNQ,79.95999908447266,80.05000305175781,78.95999908447266,79.19000244140625,72.49275207519531,6598800
2024-04-17,VNQ,79.02999877929688,79.37999725341797,78.55999755859375,78.61000061035156,71.96180725097656,5554700
2024-04-18,VNQ,78.93000030517578,79.12000274658203,78.2699966430664,78.62000274658203,71.9709701538086,4158300
2024-04-19,VNQ,78.66000366210938,79.3499984741211,78.62999725341797,79.0,72.31881713867188,4585600
2024-04-22,VNQ,79.30000305175781,79.86000061035156,78.76000213623047,79.69999694824219,72.95960235595703,3846100
2024-04-23,VNQ,79.8499984741211,80.76000213623047,79.72000122070312,80.43000030517578,73.62789154052734,5484100
2024-04-24,VNQ,80.12000274658203,80.72000122070312,79.63999938964844,80.58000183105469,73.76519775390625,4513600
2024-04-25,VNQ,79.77999877929688,80.25,79.2699966430664,80.12000274658203,73.34410095214844,4082800
2024-04-26,VNQ,80.23999786376953,80.97000122070312,80.0,80.16000366210938,73.38072204589844,3367700
2024-04-29,VNQ,80.51000213623047,81.2300033569336,80.51000213623047,80.9800033569336,74.1313705444336,4374000
2024-04-30,VNQ,80.41000366210938,80.79000091552734,79.58000183105469,79.61000061035156,72.87724304199219,7003900
2024-05-01,VNQ,79.5,81.12000274658203,79.37000274658203,79.63999938964844,72.90470123291016,7204200
2024-05-02,VNQ,80.38999938964844,80.94000244140625,79.55000305175781,80.76000213623047,73.92997741699219,4804800
2024-05-03,VNQ,82.16000366210938,82.63999938964844,81.11000061035156,81.30000305175781,74.42430877685547,4270000
2024-05-06,VNQ,81.88999938964844,82.02999877929688,81.05000305175781,81.37000274658203,74.48838806152344,3044800
2024-05-07,VNQ,82.01000213623047,82.4000015258789,81.77999877929688,82.13999938964844,75.19328308105469,3667300
2024-05-08,VNQ,81.69000244140625,81.69000244140625,81.18000030517578,81.44999694824219,74.56161499023438,4129800
2024-05-09,VNQ,82.0999984741211,83.19000244140625,82.0999984741211,83.12000274658203,76.09038543701172,5452200
2024-05-10,VNQ,83.25,83.33999633789062,82.63999938964844,82.88999938964844,75.87983703613281,5649800
2024-05-13,VNQ,83.19999694824219,83.6500015258789,82.7699966430664,83.16000366210938,76.12700653076172,2848700
2024-05-14,VNQ,83.72000122070312,84.16999816894531,83.36000061035156,83.80000305175781,76.712890625,3099700
2024-05-15,VNQ,85.02999877929688,85.41999816894531,84.76000213623047,84.95999908447266,77.7747802734375,3544900
2024-05-16,VNQ,85.04000091552734,85.27999877929688,84.7699966430664,84.9000015258789,77.7198486328125,2577000
2024-05-17,VNQ,85.0,85.0999984741211,84.58000183105469,84.88999938964844,77.710693359375,2791700
2024-05-20,VNQ,84.72000122070312,84.97000122070312,84.29000091552734,84.38999938964844,77.25299072265625,2842800
2024-05-21,VNQ,84.19000244140625,84.5,84.01000213623047,84.36000061035156,77.22552490234375,2655100
2024-05-22,VNQ,84.06999969482422,84.41000366210938,83.3499984741211,83.5999984741211,76.52980041503906,3888000
2024-05-23,VNQ,83.5999984741211,83.5999984741211,81.75,81.80000305175781,74.88202667236328,4061100
2024-05-24,VNQ,82.19000244140625,82.31999969482422,81.75,81.86000061035156,74.93695068359375,2317800
2024-05-28,VNQ,82.25,82.58000183105469,81.2300033569336,81.31999969482422,74.44261169433594,3046600
2024-05-29,VNQ,80.5,80.6500015258789,80.16999816894531,80.52999877929688,73.71942901611328,3203100
2024-05-30,VNQ,80.93000030517578,81.75,80.93000030517578,81.70999908447266,74.79963684082031,2748800
2024-05-31,VNQ,82.20999908447266,83.30000305175781,81.8499984741211,83.23999786376953,76.20023345947266,4176900
2024-06-03,VNQ,83.69000244140625,83.69000244140625,82.62000274658203,83.05000305175781,76.02632141113281,3301600
2024-06-04,VNQ,82.80999755859375,84.04000091552734,82.80999755859375,83.69000244140625,76.6121826171875,2720700
2024-06-05,VNQ,83.73999786376953,83.86000061035156,83.08999633789062,83.58999633789062,76.5206298828125,2373300
2024-06-06,VNQ,83.19999694824219,83.7699966430664,82.8499984741211,83.75,76.66710662841797,4002100
2024-06-07,VNQ,82.43000030517578,83.18000030517578,82.37000274658203,82.95999908447266,75.94391632080078,3227900
2024-06-10,VNQ,82.69999694824219,83.5199966430664,82.0999984741211,83.23999786376953,76.20023345947266,2450800
2024-06-11,VNQ,82.8499984741211,83.33000183105469,82.61000061035156,82.94000244140625,75.92560577392578,3261700
2024-06-12,VNQ,84.69000244140625,85.33999633789062,83.56999969482422,83.68000030517578,76.60302734375,4123500
2024-06-13,VNQ,83.87000274658203,84.29000091552734,83.37999725341797,84.0199966430664,76.91427612304688,2619900
2024-06-14,VNQ,83.7300033569336,84.23999786376953,83.31999969482422,84.0,76.89596557617188,2178600
2024-06-17,VNQ,83.51000213623047,84.08999633789062,83.16000366210938,83.66999816894531,76.59386444091797,2168100
2024-06-18,VNQ,83.88999938964844,84.30999755859375,83.70999908447266,84.0,76.89596557617188,3073600
2024-06-20,VNQ,83.73999786376953,84.04000091552734,83.48999786376953,83.76000213623047,76.67625427246094,2432900
2024-06-21,VNQ,83.91999816894531,84.1500015258789,83.4000015258789,83.97000122070312,76.8685073852539,2337000
2024-06-24,VNQ,84.01000213623047,85.45999908447266,83.87999725341797,84.62000274658203,77.46353912353516,2834300
2024-06-25,VNQ,84.4800033569336,84.5199966430664,83.12999725341797,83.58000183105469,76.51148223876953,2445900
2024-06-26,VNQ,83.0,83.58000183105469,82.83999633789062,83.31999969482422,76.27347564697266,3287900
2024-06-27,VNQ,83.44999694824219,84.16000366210938,83.26000213623047,84.12999725341797,77.01497650146484,4244800
2024-06-28,VNQ,83.48999786376953,84.12000274658203,83.12999725341797,83.76000213623047,77.62943267822266,4090500
2024-07-01,VNQ,83.69000244140625,83.9000015258789,82.47000122070312,82.97000122070312,76.89726257324219,3274800
2024-07-02,VNQ,83.20999908447266,83.48999786376953,82.87999725341797,83.36000061035156,77.25872039794922,3141400
2024-07-03,VNQ,83.44999694824219,83.94000244140625,83.2699966430664,83.27999877929688,77.18457794189453,1571500
2024-07-05,VNQ,83.44000244140625,83.66999816894531,82.9800033569336,83.51000213623047,77.39774322509766,3217000
2024-07-08,VNQ,83.61000061035156,83.9800033569336,83.4000015258789,83.77999877929688,77.64797973632812,3239200
2024-07-09,VNQ,83.58000183105469,84.04000091552734,82.94999694824219,83.76000213623047,77.62943267822266,2123200
2024-07-10,VNQ,84.0999984741211,84.44999694824219,83.56999969482422,84.37999725341797,78.20407104492188,2482400
2024-07-11,VNQ,85.45999908447266,87.0999984741211,85.45999908447266,86.80000305175781,80.44693756103516,4363500
2024-07-12,VNQ,87.5,88.0199966430664,87.13999938964844,87.45999908447266,81.05863189697266,3562600
2024-07-15,VNQ,87.62000274658203,88.16000366210938,87.37000274658203,88.05000305175781,81.60546112060547,2928700
2024-07-16,VNQ,88.61000061035156,89.16000366210938,88.1500015258789,89.12999725341797,82.60640716552734,3029300
2024-07-17,VNQ,89.0199966430664,90.33999633789062,89.0199966430664,89.73999786376953,83.17176055908203,4757200
2024-07-18,VNQ,89.23999786376953,90.79000091552734,88.7300033569336,88.94999694824219,82.43956756591797,4464700
2024-07-19,VNQ,89.08000183105469,89.2300033569336,88.41000366210938,88.79000091552734,82.29129028320312,2809000
2024-07-22,VNQ,89.05000305175781,89.80000305175781,88.41000366210938,89.70999908447266,83.14395904541016,3244400
2024-07-23,VNQ,89.56999969482422,90.26000213623047,89.16999816894531,89.63999938964844,83.0790786743164,2655400
2024-07-24,VNQ,89.58999633789062,90.16999816894531,88.2300033569336,88.31999969482422,81.8556900024414,3844900
2024-07-25,VNQ,88.6500015258789,89.68000030517578,87.83999633789062,88.02999877929688,81.58690643310547,4723200
2024-07-26,VNQ,88.68000030517578,89.87999725341797,88.44000244140625,89.56999969482422,83.01419830322266,3326000
2024-07-29,VNQ,89.70999908447266,90.33000183105469,88.91999816894531,90.02999877929688,83.4405288696289,3371100
2024-07-30,VNQ,90.37000274658203,90.94000244140625,90.02999877929688,90.7300033569336,84.08930969238281,2854000
2024-07-31,VNQ,90.88999938964844,91.54000091552734,90.1500015258789,90.41000366210938,83.792724609375,5633800
2024-08-01,VNQ,91.45999908447266,91.81999969482422,90.47000122070312,91.31999969482422,84.63610076904297,6988100
2024-08-02,VNQ,91.0999984741211,92.12999725341797,90.44999694824219,91.2699966430664,84.58976745605469,5223600
2024-08-05,VNQ,89.4800033569336,91.0199966430664,88.41999816894531,88.66000366210938,82.1707992553711,6852600
2024-08-06,VNQ,88.63999938964844,91.37000274658203,88.2699966430664,90.41000366210938,83.792724609375,7321600
2024-08-07,VNQ,90.80999755859375,91.8499984741211,89.68000030517578,89.79000091552734,83.21809387207031,4998600
2024-08-08,VNQ,89.80000305175781,90.8499984741211,89.5199966430664,90.66999816894531,84.03369140625,5981200
2024-08-09,VNQ,91.0199966430664,91.26000213623047,90.0999984741211,91.08999633789062,84.42294311523438,4133800
2024-08-12,VNQ,90.7699966430664,90.77999877929688,89.77999877929688,90.41999816894531,83.80197143554688,2925500
2024-08-13,VNQ,91.05999755859375,91.30999755859375,90.55000305175781,91.20999908447266,84.5341567993164,3111300
2024-08-14,VNQ,91.37000274658203,91.87999725341797,90.93000030517578,91.44999694824219,84.756591796875,2966300
2024-08-15,VNQ,91.58999633789062,91.79000091552734,90.9800033569336,91.37999725341797,84.69171905517578,4054400
2024-08-16,VNQ,91.37999725341797,91.69999694824219,90.91999816894531,91.33000183105469,84.64537811279297,2260900
2024-08-19,VNQ,91.33000183105469,92.08999633789062,91.31999969482422,92.08999633789062,85.3497543334961,2629800
2024-08-20,VNQ,92.19000244140625,92.33999633789062,91.66000366210938,91.9800033569336,85.247802734375,4934200
2024-08-21,VNQ,92.08000183105469,92.5199966430664,91.62999725341797,92.47000122070312,85.70195007324219,2965900
2024-08-22,VNQ,92.5199966430664,92.83000183105469,92.22000122070312,92.73999786376953,85.9521713256836,3182300
2024-08-23,VNQ,93.13999938964844,94.91000366210938,93.08000183105469,94.77999877929688,87.8428726196289,8040200
2024-08-26,VNQ,95.16999816894531,95.37000274658203,94.58000183105469,94.73999786376953,87.80579376220703,2748500
2024-08-27,VNQ,94.04000091552734,94.94999694824219,93.95999908447266,94.87999725341797,87.935546875,1859300
2024-08-28,VNQ,94.86000061035156,95.11000061035156,94.05999755859375,94.51000213623047,87.59263610839844,2664100
2024-08-29,VNQ,94.45999908447266,94.62000274658203,93.83999633789062,94.22000122070312,87.32386016845703,3379500
2024-08-30,VNQ,94.6500015258789,95.18000030517578,93.95999908447266,95.12999725341797,88.16724395751953,3490000
2024-09-03,VNQ,94.73999786376953,95.5,94.48999786376953,95.08000183105469,88.12091827392578,5160800
2024-09-04,VNQ,95.31999969482422,96.2300033569336,94.8499984741211,95.3499984741211,88.37115478515625,3041100
2024-09-05,VNQ,95.9800033569336,96.13999938964844,94.87000274658203,95.04000091552734,88.08384704589844,6269400
2024-09-06,VNQ,95.19000244140625,95.20999908447266,94.19000244140625,94.94999694824219,88.00041961669922,6965800
2024-09-09,VNQ,94.95999908447266,96.19000244140625,94.80000305175781,96.01000213623047,88.98284912109375,2906400
2024-09-10,VNQ,96.29000091552734,97.44000244140625,96.02999877929688,97.4000015258789,90.27111053466797,6001000
2024-09-11,VNQ,96.5199966430664,97.31999969482422,95.41999816894531,97.20999908447266,90.09500122070312,3872100
2024-09-12,VNQ,97.43000030517578,97.69000244140625,96.5999984741211,97.62000274658203,90.4749984741211,2713200
2024-09-13,VNQ,98.25,98.66000366210938,98.01000213623047,98.63999938964844,91.42034912109375,3402700
2024-09-16,VNQ,99.05000305175781,99.41000366210938,98.6500015258789,98.97000122070312,91.72620391845703,4144500
2024-09-17,VNQ,99.0999984741211,99.37000274658203,98.04000091552734,98.27999877929688,91.0866928100586,2990700
2024-09-18,VNQ,98.43000030517578,99.58000183105469,98.0199966430664,98.16000366210938,90.9754867553711,5097000
2024-09-19,VNQ,99.01000213623047,99.05000305175781,97.54000091552734,98.18000030517578,90.99401092529297,4450200
2024-09-20,VNQ,97.62000274658203,98.05999755859375,97.44000244140625,97.79000091552734,90.63255310058594,3708500
2024-09-23,VNQ,98.45999908447266,98.87000274658203,98.2699966430664,98.76000213623047,91.53157043457031,3320700
2024-09-24,VNQ,98.37000274658203,99.18000030517578,98.05000305175781,98.9000015258789,91.66132354736328,3279000
2024-09-25,VNQ,99.0,99.22000122070312,98.0199966430664,98.23999786376953,91.04962921142578,2466000
2024-09-26,VNQ,98.41000366210938,98.47000122070312,97.08000183105469,97.3499984741211,90.22476196289062,4776900
2024-09-27,VNQ,97.33999633789062,97.56999969482422,96.62000274658203,96.66000366210938,90.3397216796875,4932800
2024-09-30,VNQ,96.48999786376953,97.48999786376953,96.2699966430664,97.41999816894531,91.05001831054688,4207000
2024-10-01,VNQ,97.62999725341797,97.80000305175781,96.36000061035156,96.79000091552734,90.46122741699219,4240300
2024-10-02,VNQ,95.98999786376953,96.54000091552734,95.75,96.44999694824219,90.1434555053711,5161600
2024-10-03,VNQ,96.11000061035156,96.31999969482422,95.2300033569336,95.56999969482422,89.32099914550781,2664400
2024-10-04,VNQ,95.02999877929688,95.3499984741211,94.23999786376953,95.11000061035156,88.89106750488281,4602000
2024-10-07,VNQ,94.58999633789062,94.58999633789062,93.83999633789062,94.2699966430664,88.10599517822266,3420200
2024-10-08,VNQ,94.51000213623047,94.88999938964844,94.08999633789062,94.45999908447266,88.28357696533203,3773700
2024-10-09,VNQ,94.27999877929688,94.56999969482422,93.91999816894531,94.55999755859375,88.37703704833984,4120600
2024-10-10,VNQ,94.0199966430664,94.66999816894531,93.43000030517578,93.72000122070312,87.59195709228516,2664300
2024-10-11,VNQ,94.19999694824219,94.77999877929688,94.0199966430664,94.77999877929688,88.58265686035156,2654000
2024-10-14,VNQ,94.5,95.51000213623047,94.27999877929688,95.3499984741211,89.1153793334961,2529100
2024-10-15,VNQ,95.80000305175781,97.31999969482422,95.75,96.5,90.19017791748047,2808500
2024-10-16,VNQ,96.7300033569336,97.69000244140625,96.55000305175781,97.55999755859375,91.18087768554688,3177100
2024-10-17,VNQ,97.18000030517578,97.29000091552734,96.5,96.79000091552734,90.46122741699219,2904100
2024-10-18,VNQ,97.02999877929688,97.55000305175781,96.66000366210938,97.51000213623047,91.1341552734375,2080200
2024-10-21,VNQ,97.02999877929688,97.41999816894531,95.47000122070312,95.5999984741211,89.34903717041016,4143000
2024-10-22,VNQ,95.30999755859375,96.08999633789062,95.16000366210938,95.73999786376953,89.4798812866211,2530000
2024-10-23,VNQ,95.51000213623047,96.62000274658203,95.41000366210938,96.44000244140625,90.13410186767578,2710500
2024-10-24,VNQ,96.55999755859375,97.25,96.4800033569336,96.6500015258789,90.33037567138672,2632300
2024-10-25,VNQ,97.30999755859375,97.61000061035156,95.70999908447266,95.73999786376953,89.4798812866211,3834800
2024-10-28,VNQ,96.43000030517578,96.98999786376953,95.91999816894531,96.04000091552734,89.76026153564453,2296500
2024-10-29,VNQ,95.73999786376953,96.1500015258789,95.04000091552734,95.3499984741211,89.1153793334961,2819600
2024-10-30,VNQ,95.3499984741211,96.4800033569336,95.30000305175781,95.7699966430664,89.50791931152344,2930300
2024-10-31,VNQ,95.0,95.58000183105469,94.08999633789062,94.1500015258789,87.99385070800781,4946300
2024-11-01,VNQ,94.68000030517578,94.91000366210938,93.05999755859375,93.11000061035156,87.02184295654297,4835200
2024-11-04,VNQ,93.41000366210938,94.45999908447266,93.37999725341797,94.12999725341797,87.97515106201172,3368200
2024-11-05,VNQ,93.61000061035156,95.43000030517578,93.38999938964844,95.37999725341797,89.14341735839844,2398100
2024-11-06,VNQ,95.62999725341797,95.62999725341797,92.37000274658203,93.3499984741211,87.24616241455078,6335400
2024-11-07,VNQ,93.80000305175781,94.75,93.54000091552734,94.47000122070312,88.29292297363281,4871300
2024-11-08,VNQ,94.83000183105469,96.16000366210938,94.69999694824219,95.87999725341797,89.61072540283203,4093600
2024-11-11,VNQ,95.80999755859375,96.44000244140625,95.33999633789062,95.4000015258789,89.162109375,2279800
2024-11-12,VNQ,95.05000305175781,95.45999908447266,94.06999969482422,94.08000183105469,87.92842864990234,4645800
2024-11-13,VNQ,94.86000061035156,95.44999694824219,94.45999908447266,94.5999984741211,88.41442108154297,2884300
2024-11-14,VNQ,94.5999984741211,94.5999984741211,93.56999969482422,93.75,87.62001037597656,3708000
2024-11-15,VNQ,93.41000366210938,93.9800033569336,93.01000213623047,93.80000305175781,87.66674041748047,2786400
2024-11-18,VNQ,93.37999725341797,94.4800033569336,93.22000122070312,94.4800033569336,88.30227661132812,2468100
2024-11-19,VNQ,94.2300033569336,95.16999816894531,93.77999877929688,94.94000244140625,88.73219299316406,3041600
2024-11-20,VNQ,94.55000305175781,94.94999694824219,94.05000305175781,94.81999969482422,88.62002563476562,3143000
2024-11-21,VNQ,94.83999633789062,95.80999755859375,94.44999694824219,95.5199966430664,89.27426147460938,2988600
2024-11-22,VNQ,95.83999633789062,96.41999816894531,95.83000183105469,96.23999786376953,89.94718170166016,2943700
2024-11-25,VNQ,96.80000305175781,98.05999755859375,96.80000305175781,97.58000183105469,91.19956970214844,4001200
2024-11-26,VNQ,97.41999816894531,98.06999969482422,97.04000091552734,97.97000122070312,91.56407165527344,2774500
2024-11-27,VNQ,98.52999877929688,99.19999694824219,98.51000213623047,98.5999984741211,92.15287017822266,2383100
2024-11-29,VNQ,98.75,99.08999633789062,98.04000091552734,98.16000366210938,91.74165344238281,1922400
2024-12-02,VNQ,97.66000366210938,97.73999786376953,96.47000122070312,96.7300033569336,90.40515899658203,3659400
2024-12-03,VNQ,96.81999969482422,97.11000061035156,96.19000244140625,96.23999786376953,89.94718170166016,1992500
2024-12-04,VNQ,96.33999633789062,96.33999633789062,95.47000122070312,95.9800033569336,89.70418548583984,2220300
2024-12-05,VNQ,95.58999633789062,95.83999633789062,95.22000122070312,95.75,89.48921966552734,2922300
2024-12-06,VNQ,96.01000213623047,96.33000183105469,95.19000244140625,95.61000061035156,89.35838317871094,1866100
2024-12-09,VNQ,95.73999786376953,96.19999694824219,95.5999984741211,95.87999725341797,89.61072540283203,2871900
2024-12-10,VNQ,95.76000213623047,95.7699966430664,94.19000244140625,94.48999786376953,88.31160736083984,2902100
2024-12-11,VNQ,94.52999877929688,94.9800033569336,94.01000213623047,94.2699966430664,88.10599517822266,4294900
2024-12-12,VNQ,94.02999877929688,95.12999725341797,94.02999877929688,94.12000274658203,87.96581268310547,2255100
2024-12-13,VNQ,93.98999786376953,94.19000244140625,93.58999633789062,93.8499984741211,87.71347045898438,2796200
2024-12-16,VNQ,93.80000305175781,94.58000183105469,93.44999694824219,93.5199966430664,87.405029296875,3644900
2024-12-17,VNQ,93.13999938964844,93.83000183105469,92.83000183105469,93.06999969482422,86.98446655273438,3020200
2024-12-18,VNQ,92.83000183105469,93.2699966430664,89.20999908447266,89.2300033569336,83.39555358886719,5409800
2024-12-19,VNQ,89.47000122070312,90.1500015258789,87.79000091552734,87.8499984741211,82.10578155517578,5403600
2024-12-20,VNQ,87.8499984741211,90.33999633789062,87.8499984741211,89.33000183105469,83.489013671875,7622200
2024-12-23,VNQ,88.18000030517578,88.93000030517578,87.83999633789062,88.81999969482422,83.81552124023438,4548900
2024-12-24,VNQ,88.55000305175781,89.51000213623047,88.51000213623047,89.41000366210938,84.37228393554688,2182600
2024-12-26,VNQ,89.16999816894531,89.73999786376953,88.7300033569336,89.6500015258789,84.5987548828125,2577400
2024-12-27,VNQ,89.12000274658203,89.7699966430664,88.5,88.75,83.74945831298828,3816700
2024-12-30,VNQ,88.41999816894531,88.55999755859375,87.44000244140625,88.30999755859375,83.33425903320312,4402400
2024-12-31,VNQ,88.97000122070312,89.29000091552734,88.27999877929688,89.08000183105469,84.06085968017578,5045100
2025-01-02,VNQ,89.08999633789062,89.2699966430664,88.01000213623047,88.29000091552734,83.31537628173828,5296100
2025-01-03,VNQ,88.5,89.54000091552734,88.22000122070312,89.44999694824219,84.41001892089844,3469900
2025-01-06,VNQ,89.33000183105469,89.72000122070312,88.16000366210938,88.30000305175781,83.32482147216797,4206500
2025-01-07,VNQ,88.68000030517578,88.98999786376953,87.2300033569336,87.45999908447266,82.53213500976562,5679000
2025-01-08,VNQ,87.44999694824219,87.76000213623047,86.61000061035156,87.69000244140625,82.74919128417969,5250300
2025-01-10,VNQ,86.30999755859375,86.5199966430664,85.4800033569336,85.55000305175781,80.72976684570312,10056500
2025-01-13,VNQ,85.4800033569336,86.68000030517578,85.27999877929688,86.5999984741211,81.72059631347656,3740200
2025-01-14,VNQ,86.97000122070312,87.58000183105469,86.75,87.38999938964844,82.4660873413086,3829900
2025-01-15,VNQ,89.79000091552734,89.87000274658203,87.83999633789062,87.88999938964844,82.93791198730469,3886700
2025-01-16,VNQ,88.08999633789062,89.80000305175781,87.80999755859375,89.70999908447266,84.65538024902344,4112800
2025-01-17,VNQ,89.97000122070312,90.26000213623047,89.6500015258789,89.6500015258789,84.5987548828125,3672400
2025-01-21,VNQ,90.0999984741211,91.38999938964844,90.0199966430664,91.33000183105469,86.18408966064453,3634900
2025-01-22,VNQ,91.05999755859375,91.05999755859375,89.68000030517578,89.73999786376953,84.68367767333984,2966300
2025-01-23,VNQ,89.88999938964844,90.41999816894531,89.05000305175781,90.4000015258789,85.3064956665039,2706900
2025-01-24,VNQ,90.08000183105469,91.29000091552734,90.04000091552734,90.70999908447266,85.5990219116211,3267300
2025-01-27,VNQ,90.69999694824219,91.94999694824219,90.58999633789062,91.91999816894531,86.7408447265625,4107700
2025-01-28,VNQ,91.6500015258789,91.6500015258789,90.58999633789062,90.80999755859375,85.6933822631836,2373800
2025-01-29,VNQ,90.83999633789062,91.08000183105469,89.18000030517578,89.61000061035156,84.5610122680664,2820000
2025-01-30,VNQ,90.68000030517578,91.5199966430664,90.0199966430664,90.75,85.63677978515625,3485100
2025-01-31,VNQ,90.51000213623047,91.43000030517578,90.30000305175781,90.55000305175781,85.44804382324219,2566200
2025-02-03,VNQ,89.75,90.70999908447266,88.91999816894531,90.36000061035156,85.26874542236328,5187600
2025-02-04,VNQ,89.80999755859375,90.63999938964844,89.5,90.43000030517578,85.33480834960938,3371500
2025-02-05,VNQ,91.27999877929688,91.9000015258789,90.47000122070312,91.69999694824219,86.53324890136719,3310400
2025-02-06,VNQ,92.20999908447266,92.20999908447266,91.33999633789062,91.93000030517578,86.75028228759766,3468600
2025-02-07,VNQ,92.0999984741211,92.16000366210938,91.0999984741211,91.62999725341797,86.46717834472656,2516200
2025-02-10,VNQ,91.79000091552734,91.83999633789062,90.9000015258789,91.58999633789062,86.42943572998047,2195400
2025-02-11,VNQ,91.18000030517578,92.02999877929688,91.08999633789062,91.98999786376953,86.80690002441406,2260000
2025-02-12,VNQ,90.1500015258789,91.43000030517578,90.01000213623047,91.13999938964844,86.00479888916016,4747200
2025-02-13,VNQ,91.0,92.20999908447266,90.80999755859375,92.05000305175781,86.863525390625,3734300
2025-02-14,VNQ,92.27999877929688,92.69000244140625,91.61000061035156,91.62999725341797,86.46717834472656,2344300
2025-02-18,VNQ,91.48999786376953,92.36000061035156,91.37000274658203,92.04000091552734,86.85408782958984,2500700
2025-02-19,VNQ,91.63999938964844,92.33999633789062,91.44999694824219,92.11000061035156,86.9201431274414,2339100
2025-02-20,VNQ,92.04000091552734,92.66000366210938,91.58999633789062,92.55000305175781,87.33535766601562,2920000
2025-02-21,VNQ,92.72000122070312,92.7699966430664,91.0999984741211,91.63999938964844,86.47663879394531,2534600
2025-02-24,VNQ,91.7699966430664,92.58000183105469,91.37000274658203,92.0,86.81635284423828,3258700
2025-02-25,VNQ,92.26000213623047,93.55000305175781,92.26000213623047,93.12999725341797,87.8826675415039,4329200
2025-02-26,VNQ,93.33999633789062,93.54000091552734,92.41999816894531,92.73999786376953,87.51463317871094,2828800
2025-02-27,VNQ,92.76000213623047,93.66000366210938,92.61000061035156,93.11000061035156,87.8637924194336,2379800
2025-02-28,VNQ,93.52999877929688,93.94000244140625,92.81999969482422,93.9000015258789,88.60929107666016,4213800
2025-03-03,VNQ,94.04000091552734,94.94999694824219,93.80000305175781,94.33999633789062,89.02448272705078,4596700
2025-03-04,VNQ,94.33000183105469,94.9000015258789,93.12000274658203,93.25,87.99590301513672,4541100
2025-03-05,VNQ,92.68000030517578,94.45999908447266,92.48999786376953,94.29000091552734,88.97732543945312,2574000
2025-03-06,VNQ,93.33999633789062,93.62000274658203,91.63999938964844,91.87000274658203,86.69366455078125,4968800
2025-03-07,VNQ,91.9000015258789,92.83999633789062,91.30999755859375,92.41999816894531,87.2126693725586,4447100
2025-03-10,VNQ,92.31999969482422,93.31999969482422,91.02999877929688,91.52999877929688,86.37281799316406,3534300
2025-03-11,VNQ,91.52999877929688,92.0,89.91000366210938,90.45999908447266,85.36311340332031,3918700
2025-03-12,VNQ,90.61000061035156,90.95999908447266,89.76000213623047,90.18000030517578,85.09888458251953,3303000
2025-03-13,VNQ,90.18000030517578,90.80000305175781,88.29000091552734,88.4000015258789,83.419189453125,3881600
2025-03-14,VNQ,89.16000366210938,90.25,88.6500015258789,90.16999816894531,85.0894546508789,3769100
2025-03-17,VNQ,90.04000091552734,92.0,90.04000091552734,91.70999908447266,86.54267120361328,2233300
2025-03-18,VNQ,91.56999969482422,92.11000061035156,90.87000274658203,91.2300033569336,86.08973693847656,1956000
2025-03-19,VNQ,91.23999786376953,92.02999877929688,90.56999969482422,91.33999633789062,86.19352722167969,1882100
2025-03-20,VNQ,91.30999755859375,91.83999633789062,90.87000274658203,91.27999877929688,86.13690185546875,2041100
2025-03-21,VNQ,90.75,90.9000015258789,89.70999908447266,90.2699966430664,85.18380737304688,3395100
2025-03-24,VNQ,90.8499984741211,91.80999755859375,90.51000213623047,91.66000366210938,86.4955062866211,3719000
2025-03-25,VNQ,90.62000274658203,90.73999786376953,89.16999816894531,89.70999908447266,85.52498626708984,4210000
2025-03-26,VNQ,89.94000244140625,90.52999877929688,89.7300033569336,90.05999755859375,85.85865020751953,3094100
2025-03-27,VNQ,90.27999877929688,90.94000244140625,89.61000061035156,89.83000183105469,85.63939666748047,2993000
2025-03-28,VNQ,90.12000274658203,90.27999877929688,89.12999725341797,89.70999908447266,85.52498626708984,3602900
2025-03-31,VNQ,89.7300033569336,91.08000183105469,89.7300033569336,90.54000091552734,86.3162612915039,2964400
2025-04-01,VNQ,90.79000091552734,90.98999786376953,89.4800033569336,90.58000183105469,86.35441589355469,4276600
2025-04-02,VNQ,90.27999877929688,91.27999877929688,90.02999877929688,91.12999725341797,86.87873840332031,3427200
2025-04-03,VNQ,89.72000122070312,90.79000091552734,87.95999908447266,88.0199966430664,83.913818359375,5784700
2025-04-04,VNQ,87.11000061035156,87.25,84.0999984741211,84.19999694824219,80.27202606201172,7803800
2025-04-07,VNQ,82.27999877929688,85.31999969482422,80.08999633789062,81.98999786376953,78.1651382446289,13294200
2025-04-08,VNQ,83.94999694824219,84.1500015258789,78.8499984741211,79.79000091552734,76.0677719116211,7401100
2025-04-09,VNQ,78.33000183105469,84.94000244140625,76.91999816894531,84.55000305175781,80.60570526123047,10990300
2025-04-10,VNQ,83.41999816894531,84.41000366210938,80.5,82.62000274658203,78.76573944091797,7442500
2025-04-11,VNQ,82.05000305175781,83.80000305175781,81.06999969482422,83.62999725341797,79.7286148071289,5275900
2025-04-14,VNQ,84.37000274658203,85.87000274658203,84.12999725341797,85.36000061035156,81.37792205810547,3228000
2025-04-15,VNQ,85.61000061035156,86.18000030517578,85.12999725341797,85.62000274658203,81.62579345703125,2443200
2025-04-16,VNQ,85.87999725341797,86.6500015258789,84.9800033569336,85.55999755859375,81.56858825683594,2393000
2025-04-17,VNQ,85.69999694824219,87.48999786376953,85.69999694824219,86.83999633789062,82.78887176513672,3383500
2025-04-21,VNQ,85.97000122070312,86.20999908447266,83.97000122070312,85.02999877929688,81.06331634521484,2406100
2025-04-22,VNQ,85.9800033569336,87.04000091552734,85.80000305175781,86.68000030517578,82.63634490966797,2209800
2025-04-23,VNQ,87.6500015258789,88.58000183105469,86.36000061035156,86.83999633789062,82.78887176513672,2493100
2025-04-24,VNQ,86.88999938964844,87.7699966430664,86.44999694824219,87.16000366210938,83.09395599365234,2080800
2025-04-25,VNQ,87.16000366210938,87.3499984741211,86.37999725341797,87.01000213623047,82.9509506225586,2409500
2025-04-28,VNQ,86.93000030517578,87.7300033569336,86.66999816894531,87.55000305175781,83.46575927734375,2914900
2025-04-29,VNQ,87.51000213623047,88.44000244140625,87.19999694824219,88.0199966430664,83.913818359375,2740300
2025-04-30,VNQ,87.5999984741211,88.63999938964844,86.75,88.33000183105469,84.2093734741211,3738300
2025-05-01,VNQ,88.63999938964844,89.38999938964844,87.95999908447266,88.62000274658203,84.48583221435547,3574100
2025-05-02,VNQ,89.72000122070312,90.0199966430664,89.30000305175781,89.70999908447266,85.52498626708984,2237700
2025-05-05,VNQ,89.55999755859375,90.05000305175781,89.02999877929688,89.51000213623047,85.33431243896484,2289900
2025-05-06,VNQ,89.0999984741211,89.55000305175781,88.4000015258789,88.81999969482422,84.67650604248047,2579700
2025-05-07,VNQ,89.0,89.6500015258789,88.7300033569336,88.91999816894531,84.77184295654297,2220300
2025-05-08,VNQ,89.27999877929688,89.43000030517578,88.23999786376953,88.56999969482422,84.43817138671875,2652600
2025-05-09,VNQ,88.5,89.4000015258789,88.37000274658203,89.16000366210938,85.00064849853516,3460200
2025-05-12,VNQ,90.36000061035156,90.37000274658203,89.11000061035156,89.5999984741211,85.42012023925781,3657300
2025-05-13,VNQ,89.58000183105469,89.69000244140625,88.19999694824219,88.45999908447266,84.33329010009766,4178600
2025-05-14,VNQ,88.1500015258789,88.1500015258789,87.26000213623047,87.58999633789062,83.5038833618164,3052500
2025-05-15,VNQ,87.91000366210938,89.20999908447266,87.81999969482422,89.19000244140625,85.02925109863281,2563000
2025-05-16,VNQ,89.19999694824219,90.33000183105469,89.02999877929688,90.30000305175781,86.08746337890625,2580300
2025-05-19,VNQ,89.52999877929688,90.43000030517578,89.36000061035156,90.31999969482422,86.10652923583984,2956400
2025-05-20,VNQ,89.63999938964844,90.18000030517578,89.58000183105469,89.79000091552734,85.60125732421875,2003300
2025-05-21,VNQ,89.12999725341797,89.48999786376953,87.33000183105469,87.4000015258789,83.32275390625,2677200
2025-05-22,VNQ,87.45999908447266,87.45999908447266,86.36000061035156,87.0,82.94142150878906,2540100
2025-05-23,VNQ,86.83999633789062,87.3499984741211,86.54000091552734,87.08999633789062,83.02721405029297,2123000
2025-05-27,VNQ,87.80999755859375,88.81999969482422,87.51000213623047,88.61000061035156,84.4762954711914,2117700
2025-05-28,VNQ,88.63999938964844,88.66000366210938,87.93000030517578,88.5199966430664,84.39051055908203,1912800
2025-05-29,VNQ,88.58000183105469,89.68000030517578,88.4000015258789,89.31999969482422,85.15318298339844,2440300
2025-05-30,VNQ,88.97000122070312,89.55000305175781,88.44999694824219,89.31999969482422,85.15318298339844,2525900
2025-06-02,VNQ,88.62999725341797,89.47000122070312,87.83000183105469,89.44000244140625,85.26758575439453,3101600
2025-06-03,VNQ,89.02999877929688,89.4000015258789,88.48999786376953,89.26000213623047,85.09597778320312,2155700
2025-06-04,VNQ,89.22000122070312,89.80999755859375,88.80999755859375,89.51000213623047,85.33431243896484,2598200
2025-06-05,VNQ,89.55000305175781,89.91000366210938,88.97000122070312,89.44000244140625,85.26758575439453,3148400
2025-06-06,VNQ,89.80000305175781,90.27999877929688,89.38999938964844,89.87000274658203,85.67752838134766,2707200
2025-06-09,VNQ,89.9000015258789,90.52999877929688,89.29000091552734,89.98999786376953,85.79193115234375,3676100
2025-06-10,VNQ,90.13999938964844,90.81999969482422,90.12000274658203,90.76000213623047,86.52600860595703,4036000
2025-06-11,VNQ,90.88999938964844,91.29000091552734,89.94000244140625,90.2699966430664,86.05885314941406,2874600
2025-06-12,VNQ,90.20999908447266,90.80000305175781,90.05999755859375,90.70999908447266,86.47834014892578,2007200
2025-06-13,VNQ,89.98999786376953,90.55999755859375,89.23999786376953,89.83000183105469,85.63939666748047,2334100
2025-06-16,VNQ,90.18000030517578,91.0,89.5999984741211,89.9000015258789,85.70613098144531,2657500
2025-06-17,VNQ,89.88999938964844,90.16999816894531,89.2699966430664,89.58000183105469,85.40105438232422,1879400
2025-06-18,VNQ,89.81999969482422,90.55999755859375,89.38999938964844,89.88999938964844,85.69658660888672,2945800
2025-06-20,VNQ,90.20999908447266,90.68000030517578,89.7300033569336,89.83000183105469,85.63939666748047,2940300
2025-06-23,VNQ,90.0,91.25,89.87999725341797,91.18000030517578,86.9264144897461,3142100
2025-06-24,VNQ,91.33000183105469,91.7699966430664,90.80999755859375,91.41999816894531,87.15522003173828,2727300
2025-06-25,VNQ,90.91000366210938,90.91000366210938,89.16999816894531,89.22000122070312,85.05785369873047,4282500
2025-06-26,VNQ,88.54000091552734,88.54000091552734,87.18000030517578,88.2699966430664,84.9789047241211,5886100
2025-06-27,VNQ,88.29000091552734,89.41000366210938,88.13999938964844,88.48999786376953,85.1906967163086,3179200
2025-06-30,VNQ,88.55000305175781,89.0999984741211,87.55000305175781,89.05999755859375,85.73944854736328,8752300
2025-07-01,VNQ,88.87999725341797,90.38999938964844,88.7699966430664,89.70999908447266,86.3652114868164,5552800
2025-07-02,VNQ,89.5,90.04000091552734,89.13999938964844,89.91999816894531,86.56739044189453,3469500
2025-07-03,VNQ,89.9800033569336,90.37000274658203,89.66999816894531,90.0199966430664,86.66365051269531,2361700
2025-07-07,VNQ,89.98999786376953,90.48999786376953,88.7699966430664,89.25,85.92237091064453,4467500
2025-07-08,VNQ,88.9800033569336,89.5999984741211,88.76000213623047,89.12000274658203,85.79721069335938,3631300
2025-07-09,VNQ,89.33000183105469,89.44999694824219,88.80999755859375,89.19000244140625,85.86460876464844,3837000
2025-07-10,VNQ,89.2699966430664,90.3499984741211,88.9800033569336,89.75,86.40373229980469,5303600
2025-07-11,VNQ,89.11000061035156,89.97000122070312,88.80000305175781,89.76000213623047,86.4133529663086,3987600
2025-07-14,VNQ,89.7300033569336,90.36000061035156,89.58000183105469,90.33999633789062,86.97172546386719,3256900
2025-07-15,VNQ,90.33999633789062,90.43000030517578,88.83999633789062,89.01000213623047,85.69131469726562,4483000
2025-07-16,VNQ,89.44999694824219,90.0,88.9800033569336,89.8499984741211,86.5,4126500
2025-07-17,VNQ,89.77999877929688,90.1500015258789,89.33999633789062,89.75,86.40373229980469,3406500
2025-07-18,VNQ,89.94999694824219,90.29000091552734,89.56999969482422,89.94000244140625,86.58663940429688,2523700
2025-07-21,VNQ,90.55999755859375,90.88999938964844,90.0999984741211,90.30999755859375,86.94284057617188,3904200
2025-07-22,VNQ,90.58000183105469,91.94999694824219,90.56999969482422,91.86000061035156,88.43505859375,2684200
2025-07-23,VNQ,92.0,92.18000030517578,91.63999938964844,92.04000091552734,88.60834503173828,2981900
2025-07-24,VNQ,91.86000061035156,92.12999725341797,91.66999816894531,91.72000122070312,88.30027770996094,3236600
2025-07-25,VNQ,91.8499984741211,91.87000274658203,90.80000305175781,91.7300033569336,88.30989837646484,2960500
2025-07-28,VNQ,91.48999786376953,91.52999877929688,90.19999694824219,90.26000213623047,86.89471435546875,2551300
2025-07-29,VNQ,90.7699966430664,91.80999755859375,90.31999969482422,91.70999908447266,88.2906494140625,3713600
2025-07-30,VNQ,91.66999816894531,91.83000183105469,89.83000183105469,90.41000366210938,87.03912353515625,4407900
2025-07-31,VNQ,89.9000015258789,90.36000061035156,89.0199966430664,89.13999938964844,85.81646728515625,4823500
2025-08-01,VNQ,90.02999877929688,90.0999984741211,88.29000091552734,88.91999816894531,85.60466766357422,5395600
2025-08-04,VNQ,89.11000061035156,90.05999755859375,89.08000183105469,89.83000183105469,86.48075103759766,3385600
2025-08-05,VNQ,89.9000015258789,90.33999633789062,89.51000213623047,90.23999786376953,86.87545776367188,3752600
2025-08-06,VNQ,90.30000305175781,90.38999938964844,89.5,89.54000091552734,86.20155334472656,3604600
2025-08-07,VNQ,90.0,90.0,89.23999786376953,89.80000305175781,86.45186614990234,3345600
2025-08-08,VNQ,89.94000244140625,89.98999786376953,88.86000061035156,89.05999755859375,85.73944854736328,3228800
2025-08-11,VNQ,88.70999908447266,89.1500015258789,88.44000244140625,88.47000122070312,85.17144775390625,2623500
2025-08-12,VNQ,88.73999786376953,88.98999786376953,88.08000183105469,88.97000122070312,85.65280151367188,3240500
2025-08-13,VNQ,89.16000366210938,89.94000244140625,88.81999969482422,89.80000305175781,86.45186614990234,3577300
2025-08-14,VNQ,89.2300033569336,89.37999725341797,88.58999633789062,89.16000366210938,85.83572387695312,3524500
2025-08-15,VNQ,89.16999816894531,89.91999816894531,89.08999633789062,89.66999816894531,86.32671356201172,2399500
2025-08-18,VNQ,89.68000030517578,89.81999969482422,88.87999725341797,88.91000366210938,85.59504699707031,2562500
2025-08-19,VNQ,89.37999725341797,90.4800033569336,89.29000091552734,90.44000244140625,87.06800079345703,4168400
2025-08-20,VNQ,90.66000366210938,91.43000030517578,90.44000244140625,90.69999694824219,87.31830596923828,2931900
2025-08-21,VNQ,90.26000213623047,90.76000213623047,90.05999755859375,90.43000030517578,87.0583724975586,2629800
2025-08-22,VNQ,91.05999755859375,92.62000274658203,90.9000015258789,92.18000030517578,88.74311828613281,3318700
2025-08-25,VNQ,92.01000213623047,92.33999633789062,91.58999633789062,91.6500015258789,88.2328872680664,2968600
2025-08-26,VNQ,91.62000274658203,91.91000366210938,91.2300033569336,91.41000366210938,88.00183868408203,2739800
2025-08-27,VNQ,91.6500015258789,92.2300033569336,91.58000183105469,91.9800033569336,88.55058288574219,1885400
2025-08-28,VNQ,92.01000213623047,92.05000305175781,91.19999694824219,91.73999786376953,88.31953430175781,2525000
2025-08-29,VNQ,91.86000061035156,92.2699966430664,91.77999877929688,92.23999786376953,88.8008804321289,2137100
2025-09-02,VNQ,91.41000366210938,91.51000213623047,90.38999938964844,90.70999908447266,87.32792663574219,3424400
2025-09-03,VNQ,90.54000091552734,90.9800033569336,90.4000015258789,90.76000213623047,87.37606048583984,2505500
2025-09-04,VNQ,91.04000091552734,91.5,90.56999969482422,91.44000244140625,88.03071594238281,3689000
2025-09-05,VNQ,92.06999969482422,92.91999816894531,91.83000183105469,92.47000122070312,89.0223159790039,3446100
2025-09-08,VNQ,91.54000091552734,91.94999694824219,91.23999786376953,91.93000030517578,88.50244140625,2880400
2025-09-09,VNQ,91.66999816894531,91.75,91.33000183105469,91.72000122070312,88.30027770996094,2533900
2025-09-10,VNQ,91.7300033569336,92.26000213623047,91.41999816894531,91.56999969482422,88.15586853027344,2242800
2025-09-11,VNQ,91.83000183105469,93.41999816894531,91.75,93.23999786376953,89.76360321044922,2671400
2025-09-12,VNQ,93.18000030517578,93.33999633789062,92.70999908447266,92.80999755859375,89.3496322631836,2165500
2025-09-15,VNQ,93.11000061035156,93.23999786376953,92.38999938964844,92.66000366210938,89.20523071289062,2754600
2025-09-16,VNQ,92.6500015258789,92.80000305175781,91.91000366210938,92.16999816894531,88.7334976196289,3260300
2025-09-17,VNQ,92.44999694824219,93.58000183105469,91.94999694824219,92.05000305175781,88.61798095703125,4570600
2025-09-18,VNQ,92.16000366210938,92.6500015258789,91.94000244140625,92.25,88.81051635742188,2966000
2025-09-19,VNQ,92.37000274658203,92.48999786376953,91.6500015258789,91.6500015258789,88.2328872680664,3076000
2025-09-22,VNQ,91.68000030517578,91.87000274658203,91.08999633789062,91.66999816894531,88.25213623046875,3646000
2025-09-23,VNQ,91.79000091552734,92.38999938964844,91.66999816894531,92.16999816894531,88.7334976196289,3421200
2025-09-24,VNQ,91.22000122070312,91.26000213623047,90.38999938964844,90.4000015258789,87.86072540283203,2709200
2025-09-25,VNQ,90.38999938964844,90.75,90.05999755859375,90.12999725341797,87.59830474853516,4246500
2025-09-26,VNQ,90.5,91.18000030517578,90.30000305175781,91.0199966430664,88.46330261230469,5430800
2025-09-29,VNQ,91.12000274658203,91.2300033569336,90.6500015258789,91.05000305175781,88.49246978759766,3155100
2025-09-30,VNQ,91.08000183105469,91.48999786376953,90.79000091552734,91.41999816894531,88.85206604003906,3002800
2025-10-01,VNQ,91.37000274658203,91.87999725341797,91.25,91.55999755859375,88.9881362915039,2933500
2025-10-02,VNQ,91.36000061035156,91.36000061035156,90.51000213623047,91.08000183105469,88.52162170410156,4186000
2025-10-03,VNQ,91.19999694824219,92.16000366210938,91.19999694824219,91.41999816894531,88.85206604003906,2496500
2025-10-06,VNQ,91.4800033569336,91.5,90.52999877929688,90.55999755859375,88.01622772216797,4154400
2025-10-07,VNQ,90.62999725341797,90.80999755859375,89.8499984741211,90.2300033569336,87.69550323486328,4546200
2025-10-08,VNQ,89.81999969482422,90.0999984741211,89.52999877929688,89.76000213623047,87.23870849609375,3325100
2025-10-09,VNQ,89.93000030517578,89.98999786376953,89.04000091552734,89.2699966430664,86.76245880126953,3122700
2025-10-10,VNQ,89.5199966430664,89.69000244140625,88.08999633789062,88.12999725341797,85.65447998046875,3996300
2025-10-13,VNQ,88.20999908447266,88.77999877929688,88.08000183105469,88.69000244140625,86.19876861572266,2809800
2025-10-14,VNQ,88.56999969482422,89.73999786376953,88.38999938964844,89.5999984741211,87.08319091796875,3047700
2025-10-15,VNQ,89.91000366210938,91.16000366210938,89.83999633789062,90.9000015258789,88.3466796875,3026500
2025-10-16,VNQ,91.06999969482422,91.43000030517578,90.37999725341797,90.58000183105469,88.0356674194336,3719100
2025-10-17,VNQ,90.54000091552734,91.27999877929688,90.26000213623047,91.16999816894531,88.60910034179688,2945200
2025-10-20,VNQ,91.5999984741211,92.11000061035156,91.38999938964844,92.08999633789062,89.50325012207031,2036800
2025-10-21,VNQ,92.0,92.44999694824219,91.68000030517578,91.83000183105469,89.25055694580078,2829500
2025-10-22,VNQ,92.11000061035156,92.37000274658203,91.69000244140625,92.22000122070312,89.62960052490234,2490400
2025-10-23,VNQ,92.31999969482422,92.56999969482422,91.38999938964844,92.16000366210938,89.57128143310547,2687000
2025-10-24,VNQ,92.81999969482422,92.93000030517578,92.43000030517578,92.43000030517578,89.83370208740234,2619500
2025-10-27,VNQ,92.48999786376953,92.7300033569336,92.08000183105469,92.69000244140625,90.08639526367188,2921900
2025-10-28,VNQ,92.47000122070312,92.47000122070312,90.80000305175781,90.87000274658203,88.3175277709961,4635700
2025-10-29,VNQ,90.19999694824219,90.36000061035156,88.2300033569336,88.52999877929688,86.04324340820312,5649700
2025-10-30,VNQ,88.45999908447266,89.55000305175781,88.19999694824219,88.94999694824219,86.45145416259766,5183100
2025-10-31,VNQ,88.5,89.4800033569336,88.16999816894531,89.18000030517578,86.67498779296875,3982700
2025-11-03,VNQ,88.19999694824219,89.1500015258789,87.86000061035156,89.05000305175781,86.54864501953125,4522900
2025-11-04,VNQ,89.23999786376953,89.33000183105469,88.76000213623047,89.19999694824219,86.69442749023438,4058700
2025-11-05,VNQ,89.4800033569336,89.56999969482422,88.73999786376953,89.27999877929688,86.77217864990234,2885900
2025-11-06,VNQ,89.19000244140625,89.55000305175781,88.81999969482422,88.8499984741211,86.35426330566406,3421600
2025-11-07,VNQ,89.04000091552734,90.25,88.94000244140625,90.2300033569336,87.69550323486328,5277800
2025-11-10,VNQ,90.0199966430664,90.58000183105469,89.6500015258789,90.18000030517578,87.64691162109375,3398100
2025-11-11,VNQ,90.51000213623047,91.26000213623047,90.48999786376953,91.19000244140625,88.6285400390625,3190200
2025-11-12,VNQ,90.75,91.16999816894531,90.4800033569336,90.51000213623047,87.96763610839844,3652300
2025-11-13,VNQ,90.02999877929688,90.41000366210938,89.26000213623047,89.4000015258789,86.88880920410156,3734400
2025-11-14,VNQ,89.62999725341797,89.73999786376953,89.0999984741211,89.58999633789062,87.07347106933594,3662800
2025-11-17,VNQ,89.83000183105469,89.8499984741211,88.5999984741211,88.8499984741211,86.35426330566406,4071900
2025-11-18,VNQ,88.80999755859375,89.47000122070312,88.56999969482422,89.20999908447266,86.70414733886719,4281500
2025-11-19,VNQ,89.19999694824219,89.30000305175781,88.22000122070312,88.51000213623047,86.02381896972656,4029400
2025-11-20,VNQ,89.06999969482422,89.56999969482422,88.11000061035156,88.13999938964844,85.66419982910156,5316600
2025-11-21,VNQ,88.66000366210938,89.9000015258789,88.37999725341797,89.56999969482422,87.05403900146484,5770400
2025-11-24,VNQ,89.63999938964844,89.94000244140625,89.08999633789062,89.80999755859375,87.28729248046875,3330800
2025-11-25,VNQ,90.05000305175781,91.04000091552734,90.05000305175781,90.63999938964844,88.09398651123047,4230300
2025-11-26,VNQ,90.43000030517578,91.56999969482422,90.38999938964844,91.04000091552734,88.48274993896484,3298000
2025-11-28,VNQ,90.93000030517578,91.5999984741211,90.93000030517578,91.33999633789062,88.7743148803711,1627100
2025-12-01,VNQ,90.44999694824219,90.80999755859375,90.2300033569336,90.29000091552734,87.7538070678711,3120800
2025-12-02,VNQ,90.5199966430664,90.63999938964844,89.68000030517578,89.97000122070312,87.44280242919922,2736900
2025-12-03,VNQ,89.86000061035156,90.41999816894531,89.80999755859375,90.19999694824219,87.66633605957031,3204000
2025-12-04,VNQ,90.02999877929688,90.58999633789062,89.87000274658203,89.9800033569336,87.45252227783203,4837500
2025-12-05,VNQ,89.81999969482422,90.3499984741211,89.72000122070312,89.87999725341797,87.3553237915039,3859800
2025-12-08,VNQ,89.91999816894531,89.91999816894531,89.1500015258789,89.19000244140625,86.6847152709961,3971700
2025-12-09,VNQ,89.44000244140625,89.9800033569336,88.81999969482422,88.8499984741211,86.35426330566406,4194000
2025-12-10,VNQ,89.12999725341797,89.80999755859375,89.01000213623047,89.16999816894531,86.66527557373047,4633300
2025-12-11,VNQ,89.43000030517578,89.91999816894531,89.26000213623047,89.55999755859375,87.04431915283203,5207200
2025-12-12,VNQ,89.94999694824219,90.2699966430664,89.2300033569336,89.44999694824219,86.9374008178711,3855900
2025-12-15,VNQ,89.81999969482422,89.87999725341797,89.0999984741211,89.7300033569336,87.20954895019531,3914800
2025-12-16,VNQ,89.6500015258789,89.9800033569336,88.93000030517578,89.06999969482422,86.56808471679688,3717900
2025-12-17,VNQ,88.98999786376953,89.76000213623047,88.9800033569336,89.4000015258789,86.88880920410156,3715300
2025-12-18,VNQ,89.83999633789062,89.98999786376953,88.83000183105469,88.93000030517578,86.43201446533203,3818000
2025-12-19,VNQ,88.66999816894531,89.16999816894531,88.55000305175781,88.58999633789062,86.1015625,4162000
2025-12-22,VNQ,87.6500015258789,88.37000274658203,87.4800033569336,88.23999786376953,86.54389953613281,3593800
2025-12-23,VNQ,88.27999877929688,88.27999877929688,87.87000274658203,88.18000030517578,86.48505401611328,3955900
2025-12-24,VNQ,88.20999908447266,88.91000366210938,88.20999908447266,88.76000213623047,87.05390930175781,2730800
2025-12-26,VNQ,88.69999694824219,88.91999816894531,88.45999908447266,88.86000061035156,87.1519775390625,2065600
2025-12-29,VNQ,89.23999786376953,89.33000183105469,88.79000091552734,89.04000091552734,87.32852172851562,2604000
2025-12-30,VNQ,89.0999984741211,89.2699966430664,88.91999816894531,89.22000122070312,87.50505828857422,2813400
2025-12-31,VNQ,89.18000030517578,89.19999694824219,88.44999694824219,88.48999786376953,86.78909301757812,3301700
2026-01-02,VNQ,88.37000274658203,88.8499984741211,87.83999633789062,88.5199966430664,86.81851959228516,3524400
2026-01-05,VNQ,88.30000305175781,89.06999969482422,87.87999725341797,88.72000122070312,87.0146713256836,5501600
2026-01-06,VNQ,88.37999725341797,89.58000183105469,88.27999877929688,89.37000274658203,87.65217590332031,4889800
2026-01-07,VNQ,89.87000274658203,90.01000213623047,88.4800033569336,88.5,86.79889678955078,6668200
2026-01-08,VNQ,88.0999984741211,89.62999725341797,88.01000213623047,89.29000091552734,87.57371520996094,5165900
2026-01-09,VNQ,89.30999755859375,90.0199966430664,89.30999755859375,89.47000122070312,87.75025939941406,4126100
2026-01-12,VNQ,89.58000183105469,89.95999908447266,89.31999969482422,89.58999633789062,87.8679428100586,3342500
2026-01-13,VNQ,89.62000274658203,90.16000366210938,88.80999755859375,90.08999633789062,88.35833740234375,3085200
2026-01-14,VNQ,90.08999633789062,90.88999938964844,90.01000213623047,90.87000274658203,89.12335205078125,3535400
2026-01-15,VNQ,91.30000305175781,91.88999938964844,91.0199966430664,91.5,89.7412338256836,3845600
2026-01-16,VNQ,91.33999633789062,92.81999969482422,91.20999908447266,92.62000274658203,90.83971405029297,4819500
2026-01-20,VNQ,91.81999969482422,92.06999969482422,90.83999633789062,90.9000015258789,89.15277099609375,4648700
2026-01-21,VNQ,91.54000091552734,91.69000244140625,90.52999877929688,91.26000213623047,89.50585174560547,6140200
2026-01-22,VNQ,91.37000274658203,91.62000274658203,90.30999755859375,90.36000061035156,88.62315368652344,3922700
2026-01-23,VNQ,90.22000122070312,90.62999725341797,89.87999725341797,90.54000091552734,88.79969024658203,2838200
2026-01-26,VNQ,90.79000091552734,91.05999755859375,90.31999969482422,90.41999816894531,88.68199920654297,3004300
2026-01-27,VNQ,90.30999755859375,90.58000183105469,90.04000091552734,90.38999938964844,88.65257263183594,3217100
2026-01-28,VNQ,90.4800033569336,90.62000274658203,89.23999786376953,89.45999908447266,87.74044799804688,4520400
2026-01-29,VNQ,89.9800033569336,90.83000183105469,89.41999816894531,90.70999908447266,88.96641540527344,7283700
2026-01-30,VNQ,90.45999908447266,90.81999969482422,89.66000366210938,90.80000305175781,89.05469512939453,4617900
2026-02-02,VNQ,90.9000015258789,91.1500015258789,89.81999969482422,89.86000061035156,88.13275909423828,5280500
2026-02-03,VNQ,89.75,90.18000030517578,89.06999969482422,89.66000366210938,87.93660736083984,4821700
2026-02-04,VNQ,90.23999786376953,91.31999969482422,89.88999938964844,90.94999694824219,89.2018051147461,3941100
2026-02-05,VNQ,90.76000213623047,91.33000183105469,90.23999786376953,90.81999969482422,89.07431030273438,3588500
2026-02-06,VNQ,91.52999877929688,92.37999725341797,91.33000183105469,92.25,90.47682189941406,3638600
2026-02-09,VNQ,92.16000366210938,92.72000122070312,91.5999984741211,92.63999938964844,90.85932159423828,3021500
2026-02-10,VNQ,92.76000213623047,94.11000061035156,92.73999786376953,93.87999725341797,92.07548522949219,4266300
2026-02-11,VNQ,94.06999969482422,94.19999694824219,93.2300033569336,93.36000061035156,91.56549072265625,4425400
2026-02-12,VNQ,94.47000122070312,95.1500015258789,93.0999984741211,93.25,91.45759582519531,7469400
2026-02-13,VNQ,93.58999633789062,94.93000030517578,93.30000305175781,94.58999633789062,92.77183532714844,3906800
2026-02-17,VNQ,94.94000244140625,95.55999755859375,94.37999725341797,95.48999786376953,93.654541015625,3614800
2026-02-18,VNQ,95.22000122070312,95.36000061035156,94.1500015258789,94.37000274658203,92.55606842041016,4163300
2026-02-19,VNQ,94.26000213623047,94.80999755859375,93.79000091552734,94.16999816894531,92.35991668701172,2646600
2026-02-20,VNQ,94.29000091552734,94.88999938964844,94.11000061035156,94.87999725341797,93.05625915527344,2840700
2026-02-23,VNQ,94.75,95.63999938964844,94.55000305175781,94.88999938964844,93.06607818603516,3646100
2026-02-24,VNQ,94.6500015258789,95.25,94.4800033569336,95.12999725341797,93.30146026611328,3788500
2026-02-25,VNQ,95.02999877929688,95.31999969482422,94.41999816894531,94.87000274658203,93.04646301269531,3297000
2026-02-26,VNQ,95.16999816894531,95.68000030517578,94.93000030517578,95.5199966430664,93.6839599609375,3761600
2026-02-27,VNQ,95.19999694824219,96.2300033569336,95.18000030517578,95.69000244140625,93.8507080078125,4707900
2026-03-02,VNQ,95.19999694824219,96.19999694824219,94.62000274658203,95.93000030517578,94.08609008789062,5477700
2026-03-03,VNQ,94.38999938964844,95.75,93.68000030517578,95.41999816894531,93.58588409423828,4832600
2026-03-04,VNQ,95.16999816894531,95.62999725341797,94.52999877929688,95.54000091552734,93.70357513427734,3896700
2026-03-05,VNQ,94.56999969482422,94.83999633789062,93.87999725341797,94.58000183105469,92.76203155517578,4637600
2026-03-06,VNQ,93.77999877929688,93.81999969482422,93.06999969482422,93.55000305175781,91.7518310546875,4606000
2026-03-09,VNQ,92.68000030517578,94.08000183105469,91.55000305175781,93.76000213623047,91.95779418945312,4971400
2026-03-10,VNQ,93.48999786376953,94.45999908447266,93.04000091552734,93.62000274658203,91.82048797607422,5106500
2026-03-11,VNQ,93.08999633789062,93.2699966430664,92.4000015258789,92.6500015258789,90.86913299560547,4686600
2026-03-12,VNQ,91.86000061035156,92.69999694824219,91.6500015258789,92.01000213623047,90.2414321899414,3933900
2026-03-13,VNQ,92.91000366210938,93.30999755859375,92.05000305175781,92.16000366210938,90.3885498046875,4063300
2026-03-16,VNQ,93.11000061035156,93.66000366210938,92.80999755859375,92.93000030517578,91.14375305175781,3479300
2026-03-17,VNQ,93.55000305175781,94.04000091552734,93.2699966430664,93.33999633789062,91.54586029052734,2960900
2026-03-18,VNQ,92.97000122070312,93.04000091552734,91.91000366210938,91.95999908447266,90.19239807128906,2838600
2026-03-19,VNQ,91.58000183105469,92.08000183105469,91.08000183105469,91.58999633789062,89.82949829101562,4704900
2026-03-20,VNQ,91.63999938964844,91.63999938964844,88.33000183105469,88.75,87.04409790039062,6295400
2026-03-23,VNQ,89.88999938964844,90.62000274658203,89.4000015258789,89.44000244140625,87.72083282470703,6256500
2026-03-24,VNQ,87.97000122070312,88.77999877929688,87.6500015258789,87.91000366210938,87.14193725585938,3917100
2026-03-25,VNQ,88.33999633789062,88.56999969482422,87.43000030517578,87.83999633789062,87.07254028320312,5061200
2026-03-26,VNQ,87.66000366210938,88.5,87.30000305175781,87.72000122070312,86.95359802246094,6108000
2026-03-27,VNQ,87.52999877929688,87.98999786376953,86.83999633789062,87.0,86.23988342285156,4435200
2026-03-30,VNQ,87.91000366210938,88.5199966430664,87.04000091552734,87.33000183105469,86.56700134277344,5474800
2026-03-31,VNQ,88.47000122070312,89.43000030517578,87.6500015258789,88.69999694824219,87.9250259399414,4928400
2026-04-01,VNQ,88.69999694824219,89.36000061035156,88.55000305175781,89.0199966430664,88.24223327636719,4412000
2026-04-02,VNQ,88.88999938964844,90.33000183105469,88.44000244140625,90.2300033569336,89.44166564941406,3288900
2026-04-06,VNQ,89.95999908447266,90.62000274658203,89.7300033569336,90.36000061035156,89.57052612304688,2537600
2026-04-07,VNQ,90.06999969482422,90.80999755859375,89.66000366210938,90.48999786376953,89.69938659667969,3184800
2026-04-08,VNQ,91.9000015258789,92.22000122070312,91.54000091552734,92.12000274658203,91.31515502929688,5049600
2026-04-09,VNQ,91.72000122070312,93.56999969482422,91.66999816894531,92.77999877929688,91.9693832397461,3845600
2026-04-10,VNQ,92.79000091552734,93.27999877929688,92.56999969482422,92.9800033569336,92.16764068603516,2568500
2026-04-13,VNQ,92.69999694824219,93.37999725341797,92.37000274658203,93.33000183105469,92.51457977294922,2036000
2026-04-14,VNQ,93.19999694824219,94.31999969482422,93.04000091552734,94.22000122070312,93.39680480957031,1921100
2026-04-15,VNQ,93.97000122070312,94.33999633789062,93.66999816894531,94.29000091552734,93.46619415283203,2758800
2026-04-16,VNQ,94.5199966430664,95.22000122070312,94.37999725341797,95.16000366210938,94.3285903930664,2005200
2026-04-17,VNQ,95.5,96.80999755859375,95.38999938964844,96.68000030517578,95.83531188964844,2584300
2026-04-20,VNQ,96.5,97.02999877929688,96.33000183105469,97.02999877929688,96.1822509765625,2246600
2026-04-21,VNQ,96.95999908447266,97.05999755859375,95.16999816894531,95.30999755859375,94.47727966308594,3236100
2026-04-22,VNQ,95.5999984741211,96.01000213623047,94.12999725341797,94.5199966430664,93.69417572021484,2708600
2026-04-23,VNQ,94.86000061035156,95.55999755859375,94.51000213623047,95.48999786376953,94.65570831298828,3437500
2026-04-24,VNQ,95.43000030517578,96.0199966430664,95.22000122070312,95.30000305175781,94.46736907958984,1994300
2026-04-27,VNQ,94.94999694824219,95.69999694824219,94.69999694824219,94.77999877929688,93.95191192626953,2521200
2026-04-28,VNQ,95.12000274658203,95.73999786376953,94.4800033569336,95.6500015258789,94.8143081665039,2867600
2026-04-29,VNQ,95.16999816894531,95.80000305175781,94.51000213623047,94.9000015258789,94.07086181640625,2903100
2026-04-30,VNQ,94.68000030517578,96.41000366210938,94.55000305175781,96.33000183105469,95.48837280273438,3730200
2026-05-01,VNQ,96.5999984741211,96.70999908447266,95.80999755859375,96.05999755859375,95.2207260131836,3248800
2026-05-04,VNQ,95.73999786376953,96.29000091552734,95.08000183105469,95.45999908447266,94.62596893310547,3595200
2026-05-05,VNQ,95.6500015258789,95.95999908447266,95.02999877929688,95.76000213623047,94.92334747314453,2536800
2026-05-06,VNQ,96.4000015258789,97.37000274658203,96.36000061035156,97.08999633789062,96.2417221069336,3238800
2026-05-07,VNQ,96.80999755859375,97.13999938964844,95.97000122070312,96.38999938964844,95.54784393310547,2739700
2026-05-08,VNQ,96.66999816894531,97.19000244140625,96.58000183105469,96.62000274658203,95.77583312988281,2186500
2026-05-11,VNQ,96.9000015258789,97.31999969482422,96.38999938964844,96.69000244140625,95.84522247314453,3868500
2026-05-12,VNQ,96.62000274658203,96.88999938964844,95.97000122070312,96.69000244140625,95.84522247314453,2325100
2026-05-13,VNQ,96.2300033569336,96.27999877929688,95.44000244140625,95.88999938964844,95.05220794677734,5047300
2026-05-14,VNQ,96.16000366210938,96.33999633789062,95.25,95.31999969482422,94.48719024658203,2521700
2026-05-15,VNQ,95.0999984741211,95.12000274658203,93.77999877929688,93.91000366210938,93.08951568603516,4543700
2026-05-18,VNQ,94.04000091552734,95.19000244140625,94.04000091552734,95.01000213623047,94.17990112304688,2766100
2026-05-19,VNQ,94.9800033569336,95.52999877929688,94.47000122070312,95.27999877929688,94.44754028320312,2092700
2026-05-20,VNQ,95.2699966430664,96.5,95.1500015258789,96.48999786376953,95.64696502685547,2655000
2026-05-21,VNQ,96.04000091552734,96.76000213623047,95.47000122070312,96.66999816894531,95.82539367675781,2493900
2026-05-22,VNQ,96.94999694824219,97.2300033569336,96.13999938964844,96.7699966430664,95.92452239990234,3549600
2026-05-26,VNQ,97.1500015258789,97.54000091552734,96.80999755859375,97.22000122070312,96.37059020996094,3193000
2026-05-27,VNQ,97.05000305175781,97.70999908447266,96.91000366210938,96.91999816894531,96.07321166992188,2509300
2026-05-28,VNQ,96.7300033569336,97.23999786376953,96.2699966430664,96.55000305175781,95.70645141601562,2898600
2026-05-29,VNQ,96.3499984741211,96.41000366210938,95.37999725341797,95.69999694824219,94.8638687133789,3342700
2026-06-01,VNQ,95.12999725341797,95.25,94.05000305175781,94.08999633789062,93.26793670654297,3953200
2026-06-02,VNQ,94.12999725341797,94.62000274658203,93.68000030517578,94.5199966430664,93.69417572021484,2143400
2026-06-03,VNQ,94.33999633789062,95.33000183105469,94.08999633789062,94.41000366210938,93.58514404296875,2620300
2026-06-04,VNQ,95.56999969482422,96.1500015258789,94.9800033569336,96.0999984741211,95.2603759765625,3786900
2026-06-05,VNQ,95.79000091552734,97.5199966430664,95.69000244140625,96.79000091552734,95.94435119628906,3650300
2026-06-08,VNQ,96.83000183105469,97.11000061035156,95.33999633789062,95.47000122070312,94.63587951660156,2774600
2026-06-09,VNQ,96.01000213623047,98.11000061035156,96.01000213623047,97.66999816894531,96.81665802001953,3446800
2026-06-10,VNQ,97.93000030517578,98.41000366210938,97.6500015258789,97.68000030517578,96.82657623291016,3787000
2026-06-11,VNQ,97.86000061035156,98.30000305175781,97.19999694824219,97.61000061035156,96.75718688964844,3896700
2026-06-12,VNQ,97.86000061035156,98.86000061035156,97.86000061035156,98.51000213623047,97.64932250976562,1985700
2026-06-15,VNQ,98.51000213623047,99.1500015258789,97.56999969482422,97.81999969482422,96.96534729003906,3067400
2026-06-16,VNQ,98.45999908447266,98.76000213623047,97.75,98.05999755859375,97.2032470703125,2619900
2026-06-17,VNQ,97.7300033569336,97.9800033569336,95.33999633789062,95.61000061035156,94.774658203125,2859900
2026-06-18,VNQ,96.30999755859375,96.5,95.44999694824219,95.55999755859375,94.72509002685547,2666300
2026-06-22,VNQ,95.91000366210938,97.0199966430664,95.48999786376953,96.58999633789062,95.74609375,4479200
2026-06-23,VNQ,96.76000213623047,98.08000183105469,96.76000213623047,97.86000061035156,97.00499725341797,3173300
2026-06-24,VNQ,97.26000213623047,97.55999755859375,96.52999877929688,97.01000213623047,97.01000213623047,4831600
2026-06-25,VNQ,97.48999786376953,97.5999984741211,96.16999816894531,97.19000244140625,97.19000244140625,4014600
2026-06-26,VNQ,97.81999969482422,98.73999786376953,97.61000061035156,98.66999816894531,98.66999816894531,3884800
2026-06-29,VNQ,98.38999938964844,98.55999755859375,97.29000091552734,98.1500015258789,98.1500015258789,3136300
2026-06-30,VNQ,97.02999877929688,97.4000015258789,96.3499984741211,96.43000030517578,96.43000030517578,5313100
2026-07-01,VNQ,96.5199966430664,97.58000183105469,96.48999786376953,96.81999969482422,96.81999969482422,5198000
2026-07-02,VNQ,97.38999938964844,98.05999755859375,97.18000030517578,98.0199966430664,98.0199966430664,3560200
2026-07-06,VNQ,98.19999694824219,98.22000122070312,96.95999908447266,97.23999786376953,97.23999786376953,4493400
2026-07-07,VNQ,97.80999755859375,99.05000305175781,97.70999908447266,98.4000015258789,98.4000015258789,2809500
2026-07-08,VNQ,98.19000244140625,98.2699966430664,96.7300033569336,96.80000305175781,96.80000305175781,6050100
2026-07-09,VNQ,97.02999877929688,97.62999725341797,96.75,97.08999633789062,97.08999633789062,2470000
2026-07-10,VNQ,97.61000061035156,97.76000213623047,96.56999969482422,97.31999969482422,97.31999969482422,2539600
2026-07-13,VNQ,97.62999725341797,98.37000274658203,97.44999694824219,97.83000183105469,97.83000183105469,3473600
2026-07-14,VNQ,97.93000030517578,98.20999908447266,97.37000274658203,97.56999969482422,97.56999969482422,2307500
2026-07-15,VNQ,97.9000015258789,98.94000244140625,97.51000213623047,97.86000061035156,97.86000061035156,2325300
2026-07-16,VNQ,98.12999725341797,100.12999725341797,98.11000061035156,100.06999969482422,100.06999969482422,3254200
2026-07-17,VNQ,100.31999969482422,101.08000183105469,99.5199966430664,100.0199966430664,100.0199966430664,3011800
2026-07-20,VNQ,99.72000122070312,100.19000244140625,99.12000274658203,99.4800033569336,99.4800033569336,2178500
2026-07-21,VNQ,99.69000244140625,99.80999755859375,99.11000061035156,99.5199966430664,99.5199966430664,2882900
2026-07-22,VNQ,99.80000305175781,99.87999725341797,98.83999633789062,99.0199966430664,99.0199966430664,1881800
2026-07-23,VNQ,98.63999938964844,99.4000015258789,98.41999816894531,98.69000244140625,98.69000244140625,2044000
2026-07-24,VNQ,99.47000122070312,101.16000366210938,99.47000122070312,100.80999755859375,100.80999755859375,3205100
2026-07-27,VNQ,100.69000244140625,101.13999938964844,100.33000183105469,100.54000091552734,100.54000091552734,1915100
2026-07-28,VNQ,101.2699966430664,101.80000305175781,100.93000030517578,100.94999694824219,100.94999694824219,3292500
2026-07-29,VNQ,101.0,101.30999755859375,100.23999786376953,100.66000366210938,100.66000366210938,3797200
2026-07-30,VNQ,100.86000061035156,101.0,98.58000183105469,99.48999786376953,99.48999786376953,3839500
2026-07-31,VNQ,99.45999908447266,99.54000091552734,98.36000061035156,98.94999694824219,98.94999694824219,3529300
2026-08-03,VNQ,99.01000213623047,99.63999938964844,98.62000274658203,99.06999969482422,99.06999969482422,3229500
2026-08-04,VNQ,98.12000274658203,99.0999984741211,97.44999694824219,98.91999816894531,98.91999816894531,4318800
2026-08-05,VNQ,99.13999938964844,99.27999877929688,98.05999755859375,98.91999816894531,98.91999816894531,3314900
2026-08-06,VNQ,99.6500015258789,99.66000366210938,97.7699966430664,98.04000091552734,98.04000091552734,2922400
2026-08-07,VNQ,98.12999725341797,98.94999694824219,97.87000274658203,98.43000030517578,98.43000030517578,3000200
2026-08-10,VNQ,97.73999786376953,97.94999694824219,96.73999786376953,97.11000061035156,97.11000061035156,3343300
2026-08-11,VNQ,96.88999938964844,97.05000305175781,96.30000305175781,96.37999725341797,96.37999725341797,3331400
2026-08-12,VNQ,96.80999755859375,97.4000015258789,96.5,97.30999755859375,97.30999755859375,2790900
2026-08-13,VNQ,97.80999755859375,98.76000213623047,97.7699966430664,98.58000183105469,98.58000183105469,2587000
2026-08-14,VNQ,98.5999984741211,99.01000213623047,98.43000030517578,98.83000183105469,98.83000183105469,2135700
2026-08-17,VNQ,98.5199966430664,98.5199966430664,97.70999908447266,97.9800033569336,97.9800033569336,2565100
2026-08-18,VNQ,98.58000183105469,98.63999938964844,97.58000183105469,97.62000274658203,97.62000274658203,2655400
2026-08-19,VNQ,98.18000030517578,98.6500015258789,97.86000061035156,98.61000061035156,98.61000061035156,2572200
2026-08-20,VNQ,98.52999877929688,99.08999633789062,98.18000030517578,98.5999984741211,98.5999984741211,2264600
2026-08-21,VNQ,98.88999938964844,98.97000122070312,98.16999816894531,98.5,98.5,2895300
2026-08-24,VNQ,98.72000122070312,99.31999969482422,98.37000274658203,99.0999984741211,99.0999984741211,2531200
2026-08-25,VNQ,99.2699966430664,99.43000030517578,98.72000122070312,99.25,99.25,1856400
2026-08-26,VNQ,99.25,99.4000015258789,98.55000305175781,98.61000061035156,98.61000061035156,1715900
2026-08-27,VNQ,98.05999755859375,98.41000366210938,97.62999725341797,97.6500015258789,97.6500015258789,1875300
2026-08-28,VNQ,98.0999984741211,98.18000030517578,97.16000366210938,97.23999786376953,97.23999786376953,2031400
2026-08-31,VNQ,96.91999816894531,96.91999816894531,95.94000244140625,96.44000244140625,96.44000244140625,3329400
2026-09-01,VNQ,96.56999969482422,96.95999908447266,95.97000122070312,96.30000305175781,96.30000305175781,3613900
2026-09-02,VNQ,96.2699966430664,96.44999694824219,95.4000015258789,95.77999877929688,95.77999877929688,2958800
2026-09-03,VNQ,96.4800033569336,96.70999908447266,95.93000030517578,96.66000366210938,96.66000366210938,2828700
2026-09-04,VNQ,96.13999938964844,96.79000091552734,95.94999694824219,96.0199966430664,96.0199966430664,4083400
2026-09-08,VNQ,95.52999877929688,96.62999725341797,95.51000213623047,95.93000030517578,95.93000030517578,5115500
2026-09-09,VNQ,95.58999633789062,95.91999816894531,94.7699966430664,94.94000244140625,94.94000244140625,4112900
2026-09-10,VNQ,94.9800033569336,95.33999633789062,93.91000366210938,94.12000274658203,94.12000274658203,3524400
2026-09-11,VNQ,94.8499984741211,95.1500015258789,94.38999938964844,94.80000305175781,94.80000305175781,3168100
2026-09-14,VNQ,94.69999694824219,95.2699966430664,93.94999694824219,94.33000183105469,94.33000183105469,4405800
2026-09-15,VNQ,94.29000091552734,94.33000183105469,93.43000030517578,94.0999984741211,94.0999984741211,4019000
2026-09-16,VNQ,94.18000030517578,95.01000213623047,92.95999908447266,93.4800033569336,93.4800033569336,3776100
2026-09-17,VNQ,94.2699966430664,94.27999877929688,93.61000061035156,93.80999755859375,93.80999755859375,3103300
2026-09-18,VNQ,93.13999938964844,93.44999694824219,92.87999725341797,92.91000366210938,92.91000366210938,3389100
2026-09-21,VNQ,93.2699966430664,93.94999694824219,93.25,93.80999755859375,93.80999755859375,3018100
